x0,x1,weight,source_index
-6.686941850174692,22.84702951627953,1.000002000004,977705
17.599808189624742,1.9532739480495624,1.000002000004,96109
23.636100577136368,24.381904937659307,48.000096000192,758690
23.798563529998383,11.799560457230498,52.000104000208,893155
11.945025938716862,-12.13752161665001,1.000002000004,318705
-13.237644437452465,12.318682650778506,1.000002000004,512512
-3.9133079482463775,27.108968970845087,9.000018000036,902850
26.46090629248401,21.83875306312404,11.000022000044,746882
26.474482900525206,13.671142945376683,11.000022000044,781497
-5.03428853443594,15.641237245115295,29.000058000116,368791
19.507785068394604,27.211682536128954,29.000058000116,780872
20.94875986610383,27.19885555336625,6.000012000024,652402
18.257007759537345,8.34107655017289,24.000048000096,826773
21.83302013488956,8.531700554053051,3.000006000012,662716
15.922394306941737,8.802875148390745,33.000066000132,840831
17.082000781378966,27.22007263868662,11.000022000044,803398
-16.839098322569136,-4.276074112719001,20.00004000008,645325
-15.916814954257807,2.5292564034266807,32.000064000128,321374
-15.834380516312166,3.269346278360954,10.00002000004,371288
7.285562791008807,15.542495984646363,16.000032000064,38447
7.734638899390877,20.048138784001203,9.000018000036,756340
4.286612468231752,25.9463467656346,118.000236000472,905709
14.467110935287383,-9.828382499465942,1.000002000004,642010
15.65922841931675,-6.834005080652151,23.000046000092,42610
6.261823309933722,-15.579107949636915,19.000038000076,457112
15.64200932206006,25.5785485955443,101.000202000404,718457
15.72845532023386,9.051144291547406,94.000188000376,745977
-5.199008105247086,22.42562814347298,44.000088000176,926921
-5.364052068068289,22.76073111258316,59.000118000236,983422
-1.0398478490315402,-4.198768040819741,155.00031000062,113764
5.215260898636174,19.339526022039248,22.000044000088,911799
4.007802667254208,13.510066334977267,149.000298000596,554907
-1.8598612447113811,4.04161026065232,142.000284000568,594762
4.686348478498206,-13.927165360330582,144.000288000576,249117
-15.542873429720682,0.0621242322433012,154.000308000616,575899
-14.258615023457606,1.7976777751269513,134.00026800053598,204490
-14.50085607492423,-3.065770375246655,115.00023000046,594032
-14.89844043871922,-1.518686444657469,150.0003000006,87281
0.2768424975457834,-3.613890569586764,111.000222000444,442104
1.086222893254631,-4.460060280865847,157.000314000628,551722
9.705917551762456,16.404325599305533,53.000106000212,843601
9.246294624516278,16.560431891637563,87.000174000348,769130
9.37520266684321,18.93646589141244,78.000156000312,841388
9.431978692884943,19.538616948677276,48.000096000192,816445
10.775912842473993,10.806170368531951,83.000166000332,20255
-5.738467510426726,13.756125716353708,104.000208000416,381902
25.10173290493413,21.10940939673398,155.00031000062,747764
25.201466016147656,23.43203667211916,31.000062000124,681031
0.6779563194478766,4.211506080885358,94.000188000376,101524
26.184170738944463,12.338893252808752,36.000072000144,753581
25.272207929759126,13.893865832081786,152.000304000608,800389
-9.94839170969536,13.14354382758053,13.000026000052,64827
-9.955684318481405,15.218912952269449,1.000002000004,29830
-7.024776631162183,16.99686433592395,4.000008000016,325967
10.237877202000645,-11.696256028141471,95.00019000038,421721
-6.095532205869597,-14.104544168894463,95.00019000038,102141
-3.997007539190866,-14.726673432717336,158.00031600063198,483839
-11.70722592121494,-12.425882415861338,29.000058000116,333516
20.451778501138204,9.884351939886631,82.000164000328,871921
23.37570356018648,10.231556030224407,24.000048000096,732150
20.986917842393407,25.6808764063516,81.000162000324,661565
22.42758190352938,26.37339487855335,26.000052000104,712388
0.1019815938090338,29.260610741761745,19.000038000076,993983
1.9114353006282496,28.574309824409774,9.000018000036,936335
-15.706416935720894,6.263609286613689,4.000008000016,597121
-13.242639275378124,10.188891824279182,21.000042000084,246109
2.581210877331076,-2.6555666836817995,146.00029200058398,453826
3.3692654480779742,-0.8816678602322493,43.000086000172,632873
3.458695221360301,1.0153085518527385,55.00011000022,118158
3.2372275480697748,1.7011936333210396,124.000248000496,84994
-5.330044601080058,24.44106846178705,23.000046000092,989071
-5.318466249205447,25.67811490057078,4.000008000016,974290
-14.270761026538269,-4.642519874545699,41.000082000164,308400
-14.996992722345333,-3.577279459109061,96.000192000384,518931
-12.720784307631666,-10.591060800296193,19.000038000076,530952
-16.394353827288043,-6.126791262790649,6.000012000024,622445
-15.608885510464562,4.4108186652934895,87.000174000348,626075
-15.077302649491804,5.570381356695421,60.000120000239995,570881
3.2383654456785065,21.15422896667428,635.00127000254,947809
-3.17653805976985,25.0115712581651,599.001198002396,996661
13.471483787690651,6.252197650673357,109.00021800043599,228360
13.031562215158344,8.0085102212483,40.00008000016,551729
1.5811063144729367,22.92614671453812,661.001322002644,965727
12.08634153595024,16.88408749735137,617.001234002468,689591
11.838982021222646,19.19953974900335,629.001258002516,722894
-5.886811474990441,4.879874343184871,653.001306002612,606642
-9.002295553655568,-7.49827332951896,659.001318002636,269305
14.843276712716694,12.17190687718198,520.00104000208,790719
22.948381419780688,13.901303544714937,551.001102002204,831568
-1.846376648086139,26.53709612428661,498.000996001992,919798
8.221072778071836,-8.740223732438627,619.0012380024759,576715
13.078328425600915,-7.70428617660017,39.000078000156,199832
13.189964142171624,-6.731708710054495,94.000188000376,102593
22.739249335893646,22.101948484205817,544.001088002176,746877
15.082461718700298,23.630614604149564,585.00117000234,815676
3.236949026432604,24.858844448897976,478.00095600191196,900048
-7.038358866294476,-2.19680147408198,656.001312002624,356546
9.407716492305836,-6.885135538126908,592.001184002368,595393
15.851974562362296,17.960883122625336,545.00109000218,821336
-6.003614360626251,-10.535693819953964,588.0011760023519,18204
9.168208544226076,6.919726138374664,635.00127000254,133257
7.601742664070191,-0.2009094382303333,621.001242002484,371346
-1.3736649773848542,22.792486534346477,519.001038002076,919552
-0.8444385615788591,23.55840632648217,563.001126002252,922862
7.156957190194225,0.5721013848990473,655.00131000262,580228
-6.820678912718259,1.7484474490857274,629.001258002516,145291
-1.5468567061592509,-11.389071968582275,592.001184002368,221787
1.2611653297544905,26.865711276510208,609.001218002436,992793
1.9137987267526149,26.797597162120848,450.0009000018,991896
1.3856558562183217,-12.06530468362694,640.00128000256,46054
1.7963421487044364,-11.814294559473224,621.001242002484,71252
15.461727182501622,18.55170163362058,528.001056002112,670047
6.1509909798593725,10.29582572225507,592.001184002368,105298
-3.028517591339049,11.390606035802362,556.001112002224,41339
-2.727426359868551,11.821727359861066,626.001252002504,12985
3.116152638687539,-6.258398694385902,565.00113000226,344151
-10.580272488598082,5.8710911143846,593.001186002372,76435
6.059081844483066,-10.078699848636427,653.001306002612,28303
6.196059656050006,-10.124692712251504,564.001128002256,211619
21.696549550981462,23.823464490801022,462.000924001848,728720
3.5603010204496828,11.699059139922635,552.001104002208,314952
-7.016831516514287,0.4919166281495464,591.001182002364,205340
-7.026362736172618,1.2078892454716907,607.001214002428,591171
19.104586065760223,16.052881489224063,442.000884001768,857538
-3.121808222062157,-11.669516903331024,544.001088002176,208883
-2.8024052436400084,-11.641509798878738,617.001234002468,479575
19.211092941196863,19.856236394067352,431.000862001724,697150
-2.3882885160971954,27.446452366976366,146.00029200058398,920055
-3.010139607852755,28.7870360825706,3.000006000012,904213
-1.3097903204768435,29.73918833482292,12.000024000048,920328
24.82088285002037,18.0515682170427,523.001046002092,894691
24.492446768301733,19.41275944957908,481.000962001924,706950
5.613323467014465,14.314904026414858,59.000118000236,395195
7.153652135387756,14.44380776515804,44.000088000176,648121
20.469139773524777,12.408608458173669,644.001288002576,755041
21.28730290534545,12.439211369167978,443.00088600177196,859170
11.819580061363844,19.991510182385785,563.001126002252,775545
11.72450136205066,20.43166306574436,442.000884001768,837196
-6.866362178902702,-1.1387964106141977,600.0012000024,17070
-7.1353525121903685,-0.5422434944500448,552.001104002208,500988
-3.212077087596765,-6.321328158288912,609.001218002436,483671
-2.242749133319182,-6.1276159520071305,516.001032002064,320475
-0.3279078822362195,22.30165609049219,472.000944001888,936849
0.6869113825624699,22.150885150543395,462.000924001848,971413
-11.08530981147292,-5.820529939031873,513.001026002052,336427
-10.79500153708819,-4.69596891546572,598.001196002392,150512
2.9781425100339383,-11.581687343198672,578.001156002312,495150
3.617357417024375,-11.742045882053532,536.0010720021439,638612
24.478543158753805,16.859379944712774,447.00089400178797,732174
24.395208086816883,17.92910292564164,528.001056002112,721281
2.8454077015701738,6.294136864744797,502.00100400200796,130740
3.279065082982896,6.058763703847912,602.001204002408,26314
11.705647392123574,15.391686526547764,441.000882001764,858208
12.032695383968123,15.807280665602535,561.001122002244,702763
5.528321025626175,-14.054243220965173,56.000112000224,278576
7.506919711524896,-14.281913175262948,28.000056000112,30536
16.450151834789516,15.814753135433126,586.001172002344,746729
16.89776327655248,16.196416154009626,369.000738001476,820810
-3.598390732204925,6.525361879113593,539.001078002156,161407
-2.655946121251884,6.700366372113316,482.00096400192797,434598
5.449349721092688,-3.877859788660425,620.00124000248,515727
5.971278812033757,-3.213408172113124,412.00082400164797,448726
6.561385344784577,-3.2902060324434976,634.001268002536,539587
5.867087543489604,3.23577786394728,473.000946001892,452617
5.964888282256106,4.133224030062924,573.001146002292,200833
11.309563689184255,-5.756260412930123,446.000892001784,115238
11.362613600559934,-4.930117060459256,577.001154002308,50001
16.330767073172453,20.1454330381188,510.00102000204,797770
16.982368863465556,20.243692971546757,366.000732001464,675460
-12.081520713710008,-1.496858325740536,466.000932001864,614423
-12.44462597553236,-0.1514960811955513,462.000924001848,286370
11.228279579869003,4.852051123677834,519.001038002076,212320
10.537872403328253,5.515946515631184,634.001268002536,129853
11.217280480839984,5.842871192081807,488.000976001952,454412
-12.06376706609288,0.6778973473286964,497.000994001988,182373
-12.612423809807169,1.0714667969657907,447.00089400178797,346835
-12.57404756604896,9.351352745572424,96.000192000384,271371
-11.94849256060799,10.712113134882925,15.000030000059999,355991
-10.451935877850456,11.73504383499852,106.000212000424,220345
-12.287611560057462,1.9193192172206028,464.000928001856,80993
-12.312476279352122,2.3366959840376462,428.000856001712,401969
4.222380176945893,-5.753888547638987,597.0011940023879,264044
3.9204709183303255,-4.60247447211898,383.000766001532,341003
4.949797940232384,-4.791819396555108,529.001058002116,381705
-4.545216187915342,10.77049102972853,605.00121000242,595227
-4.990005307175919,11.930482099555988,435.00087000174,51958
-4.046138665952655,11.846808818652274,524.001048002096,13981
-5.426643343507567,-4.533907056149455,517.001034002068,288355
-6.4419086381637,-3.1561420364772275,568.001136002272,152901
-5.155244505303441,-3.31642156498577,411.000822001644,273626
-3.394349407035458,19.9682894286266,252.00050400100798,993571
-2.5590692704122837,20.15294997162308,552.001104002208,973835
-3.1449644774477643,20.992756450631997,488.000976001952,926708
0.9859698677059,-7.023382104243119,640.00128000256,637095
1.079548535725951,-6.47423717750462,399.00079800159597,430202
2.179961506567992,-6.780966516243854,454.00090800181596,40939
-4.705115144176617,-11.54934938092685,379.000758001516,374176
-4.057863460873437,-11.619229304246744,506.00101200202397,186030
-4.901287237130005,-11.318602947177794,596.001192002384,328753
4.546228887353912,5.201807887016776,346.000692001384,323272
5.270641416676338,4.45298037484208,512.001024002048,207141
4.499721787784665,5.7520476920093735,602.001204002408,579663
-12.06854045361256,-2.9108785588266826,365.00073000146,143950
-11.2194670263718,-2.435212784098628,648.001296002592,544080
-12.57659780536972,-1.6731746681153234,453.000906001812,435015
-2.0787812707012594,-6.525613232652926,433.000866001732,584762
-1.1162821575885802,-6.499581393032197,386.00077200154396,138960
-6.606024690876759,3.1702455119206085,571.0011420022839,350504
-5.7966743331259485,3.3223143827508794,391.000782001564,643696
-5.277742547679639,3.87325637787334,528.001056002112,491543
11.753282978152804,9.020979636444146,75.0001500003,332183
13.445964850684762,9.063107010650668,32.000064000128,653826
11.77230807415979,11.552381929971403,96.000192000384,808270
-9.431742048846544,7.566226095494293,504.00100800201596,526991
-8.965102980244321,8.302357274585818,388.00077600155197,98448
-8.516916416689915,8.862126962913276,522.001044002088,411392
-9.355275804568707,-8.830703784412083,393.000786001572,602816
-8.572454601130287,-8.59065344109447,557.001114002228,53993
-8.915998885845632,-7.90891922371806,500.001000002,380379
4.633022319864022,11.016477307866536,615.00123000246,92337
4.096274713655642,11.73392858771272,490.00098000196,49515
4.68906236164933,11.569148339420932,358.000716001432,260852
12.187981197501562,0.0923607213373873,425.0008500017,344334
12.744093188732537,1.2631917778541015,391.000782001564,446886
24.70912352362572,20.24447572534225,440.00088000176,673858
23.52097805640688,20.577585686052537,590.00118000236,836789
24.68178389248868,20.991838232873203,316.00063200126397,879570
1.327130008328875,6.0669372596852655,405.00081000162,335157
2.3273365780003323,6.558731836868721,407.000814001628,618436
1.009664790598565,7.437557945525551,626.001252002504,256851
-4.311418461043887,-5.416675911024034,538.001076002152,95858
-4.456199616581843,-4.923019247388622,486.000972001944,583717
-3.851596118796689,-4.658567566386858,382.000764001528,225190
11.511529386342524,-1.1686955291794685,644.001288002576,203949
12.153122146970194,-0.9097587118593222,385.00077000154,204914
11.765110699000482,-0.5497674448412025,648.001296002592,211777
12.589203559883224,-0.5599428663428414,410.00082000163997,563684
-5.078708381352143,4.900888123271066,528.001056002112,369530
-3.921980521612744,4.545220753000457,337.000674001348,304183
-3.658738998462546,5.898582424745866,519.001038002076,213524
24.11277680954089,15.688377494833755,615.00123000246,867280
24.827389988254,15.069578912322273,328.000656001312,896961
24.703702542537403,16.47225453556506,384.000768001536,882422
-2.0934437969130006,6.393722430781889,443.00088600177196,420541
-0.8204176459128099,6.489176270606573,367.000734001468,211924
-1.5468662165360134,7.004791440456318,623.0012460024919,29173
-0.6953896669843905,7.059615454802223,601.0012020024039,342393
4.244248138405644,-11.459259736480403,438.000876001752,218839
5.073281692410352,-11.38054114106088,360.00072000144,499488
4.521040835949911,-10.91282636355212,637.001274002548,247728
5.168355145951888,-11.283865999894177,585.00117000234,375988
12.548663713688226,1.4545561899176849,415.00083000166,2828
11.585366001396215,2.873966040553551,578.001156002312,70747
12.46610606559667,2.524124059009425,339.000678001356,89338
9.244536554762846,7.769395090174297,498.000996001992,485037
8.39162515612373,8.4880937386834,504.00100800201596,310803
9.166809247615031,8.92808106150964,302.000604001208,244824
-7.870666857468017,9.120664003094753,517.001034002068,114286
-7.163157607453457,9.63667130171065,650.0013000026,330263
-7.851336759642009,10.463815494039109,348.000696001392,75197
-7.04629338239848,10.124703392233013,461.000922001844,648350
-11.573489965253502,-10.92952611923437,13.000026000052,358179
-9.906764197059635,-10.6641226794532,93.000186000372,199511
-11.368171924196812,-10.011425123804882,77.000154000308,139452
-0.4153073510225633,-6.871949955398036,569.001138002276,315369
0.3639037190282062,-7.384417017377108,579.001158002316,50532
0.046628856324038,-6.697120133108982,385.00077000154,126190
0.2802932096656472,-6.364082469538995,395.00079000158,508732
-7.614251442228303,-9.95610554539337,343.000686001372,171500
-6.757271210259336,-9.85502811509172,419.00083800167596,300561
-7.679167088122376,-9.388256609606843,515.00103000206,531470
-6.823633451505383,-9.42320216980339,635.00127000254,202950
8.790908608298565,-8.93052464357097,473.000946001892,494249
9.829606030672691,-8.9614202893759,337.000674001348,632451
8.963087559362812,-7.815138742117623,638.001276002552,546596
9.71294572964877,-7.839630156946774,456.00091200182396,304228
7.521798044429185,9.065777310649336,641.0012820025639,621904
8.061172138880824,9.373107209271788,465.00093000186,621004
7.559649720396916,9.968587862381396,486.000972001944,509052
8.06797767953071,9.82843159321361,309.000618001236,113842
11.665263116824589,-2.582638411392108,581.001162002324,21579
12.321831895647744,-2.48726593934302,347.000694001388,228588
12.01675021271325,-2.0267843812098,597.0011940023879,169510
12.196159130362185,-1.8997975091031525,369.000738001476,150463
-0.4039934461302886,6.02190041464837,341.000682001364,49252
0.5813966009104959,6.434695346323204,360.00072000144,222842
-0.6279081814816694,7.068963210220028,590.00118000236,208699
0.7966386834799523,6.783933964514482,600.0012000024,224806
17.56443786988908,15.379237531286526,615.00123000246,777934
18.735880131637,15.714958580421952,649.001298002596,705104
17.423826928713595,15.99410519404749,284.000568001136,740805
18.7464779919098,16.256335261941157,323.000646001292,834710
-10.609189275950389,6.317372337474002,429.000858001716,143674
-10.214241559075546,6.456923406522731,626.001252002504,164162
-11.169304551596364,6.9469986455278665,338.00067600135196,277213
-10.216092938512183,6.970422583472296,472.000944001888,88634
2.9576568201725078,19.61669586183274,472.000944001888,995939
3.52577295477949,19.64797447973273,207.000414000828,946052
3.514327788670557,20.612194148512405,391.000782001564,902349
-11.158094082839316,-7.291170576974936,306.000612001224,198148
-9.923859525346105,-6.856858041389145,526.001052002104,132668
-11.11645579665123,-6.489362333125131,409.000818001636,592224
-10.33543832629333,-6.82083304856774,616.001232002464,295555
17.83087434859568,19.993570620134044,317.000634001268,871925
18.842997747255,20.229910412194275,326.000652001304,856563
17.570282286785993,20.492620418595,626.001252002504,836357
18.9193365666358,20.76075212645124,568.001136002272,778617
17.990290996012927,24.278380773547788,605.00121000242,775803
18.602860939223,24.34998574748324,622.001244002488,774164
17.55243480173812,25.03774822224345,310.00062000124,670336
18.802114153256547,25.281953938544977,297.000594001188,838713
12.435362225652538,24.143133532606317,66.000132000264,682957
12.233209067250812,25.66824150776456,8.000016000032,661552
12.981632069385771,25.71567027702596,31.000062000124,892537
9.35489741963994,12.153840822042866,65.00013000026,122510
10.43931757767693,12.735332224292309,79.00015800031599,285539
8.39070588339539,13.543771352784434,35.00007000014,7981
-12.168113678583154,3.5251737411786546,352.000704001408,285023
-11.921350753948351,3.159200164743751,579.001158002316,220897
-12.183571544890604,4.428700040184635,324.000648001296,293823
-11.77383473438482,4.154442761886616,497.000994001988,14410
7.1360734021472325,-10.030492794725305,393.000786001572,595366
8.042346289449055,-10.34210967587954,310.00062000124,592768
7.429711284870805,-9.16873084084662,579.001158002316,493202
8.191260060318724,-9.34493435177435,453.000906001812,328936
17.57189076368665,11.004391289102813,249.000498000996,701613
18.707834448787807,10.67838764577977,251.00050200100398,881148
18.14077151491421,11.623847232760983,622.001244002488,798825
18.84229512728069,11.421908234525771,588.0011760023519,778718
13.028040657261087,12.610134684414875,192.000384000768,722725
13.7558350736602,12.532926185938024,390.00078000156,755082
13.240484724657968,13.256831642046254,446.000892001784,896939
5.979752421625092,-2.841174207552382,342.000684001368,603632
6.29255144397599,-2.6271568260523965,589.001178002356,563356
5.927143541515884,-1.7544806221813016,293.000586001172,591139
6.208211234705538,-1.6914647031329293,468.000936001872,602178
0.1119093851565708,18.42969965023335,218.00043600087199,939761
0.3059636871194797,18.55943937922416,219.000438000876,990027
-0.2970306338021062,19.38127201697961,612.001224002448,951718
0.6618445908392523,19.091923008929754,622.001244002488,980342
-12.510941035659052,-4.530453106051931,283.000566001132,126550
-11.5038568447234,-4.537161796868137,490.00098000196,394455
-12.38880887730045,-3.3402015093589363,308.000616001232,202424
-11.744598976217668,-3.3441979832317377,568.001136002272,63733
-0.6080524918365499,23.205147782264355,457.000914001828,973371
0.3594276431878102,22.91071842358577,359.000718001436,943579
-0.3023214553004314,23.93732717351792,416.000832001664,928782
0.8151691031890202,23.4876965395306,413.000826001652,940789
13.54372207838066,22.67712163556608,413.000826001652,688940
14.101730710371012,22.80740231693865,634.001268002536,690137
12.904574117464833,23.634706113647,217.00043400086798,886626
13.89400072718148,23.361814868523098,377.00075400150797,851614
10.452442014544348,6.654686193119055,564.001128002256,630840
11.114179365117588,5.993944181274432,392.000784001568,284281
10.003674311842309,7.222144958428477,414.000828001656,204811
10.846140243046928,6.762091273452592,258.000516001032,32444
10.184169553264486,-7.063319303596033,434.00086800173597,602075
10.940789734668597,-6.935409993118651,269.000538001076,509829
10.356029533792952,-6.147435655138777,564.001128002256,619221
10.85810048910332,-6.1816996494336784,354.000708001416,618360
-5.692627442758945,19.09255887215874,1.000002000004,906248
-4.073590286041605,18.29195631198394,36.000072000144,971398
-5.311052023066547,20.083995262180174,8.000016000032,947623
5.966723269063003,1.8508853698320984,291.000582001164,495330
6.160618940515266,1.842340716387414,418.000836001672,399250
5.770373460128062,2.805921189872106,355.00071000142,361145
6.527594295525335,2.8859331763044462,506.00101200202397,589412
16.447244268986775,24.53622203411196,493.00098600197197,887215
16.848168341243905,24.611612529803665,589.001178002356,847871
16.58602377678049,25.09879811999666,229.00045800091598,855604
17.260631863927248,24.97261255392445,249.000498000996,705764
11.775667962892678,3.1666544541604797,526.001052002104,482301
12.54607548893084,3.3079325297951403,315.00063000126,123521
12.039066108343745,3.7180463349547312,443.00088600177196,555218
12.427578132131249,4.00033023178216,270.00054000107997,585135
-6.532179264394856,10.875117254477887,411.000822001644,211478
-5.650599145896574,10.48480892225678,554.001108002216,328182
-6.011966030776947,11.604477995128194,258.000516001032,8104
-5.782707262237108,11.65651969437098,325.0006500013,208752
11.922802884523222,14.112902209397628,198.000396000792,720827
12.767290867977389,13.518177969428384,422.000844001688,855005
11.839549976048737,14.61004177673566,317.000634001268,670073
12.343916508034496,14.319801990353652,605.00121000242,885650
15.945779595355596,11.027748226216994,221.000442000884,830248
16.977373174764676,10.720629414456702,255.00051000102,665422
16.303530880242388,11.64342580145809,482.00096400192797,829412
16.726673197002906,11.678115255036763,542.001084002168,816829
19.60783494596872,24.47872899142213,568.001136002272,827474
19.823729114158063,24.754936806504737,463.000926001852,875221
19.42717036950113,25.021213249928493,258.000516001032,681610
20.07032358040293,24.91732511752424,206.00041200082399,863193
-1.6780293802050787,12.499725238807583,475.0009500019,510110
-0.8887750792885587,12.351153646176831,493.00098600197197,408014
-1.4547543809153538,12.925264028037272,253.00050600101198,317235
-0.7236313844262819,13.15362537394682,272.000544001088,17948
-6.534269957681944,-11.838696125429047,242.000484000968,274945
-5.2853844969772,-11.83285007927229,277.000554001108,319128
-6.291078608378151,-11.062741971133066,423.00084600169197,264626
-5.175064817260216,-10.980600520940415,534.001068002136,487092
9.77332922329922,21.426312976010514,15.000030000059999,712674
9.608831811872056,23.130726663254947,5.00001000002,710336
11.384992703324388,23.022165534955803,53.000106000212,753412
-6.618991740427993,-2.411408626436021,509.001018002036,499084
-5.3903584189177245,-2.585353916621736,285.00057000114,610010
-6.539573427436245,-2.225522301515171,426.000852001704,201130
-5.642827822332697,-1.991503411211002,236.000472000944,135550
5.762490526317904,11.136555477520249,528.001056002112,364101
6.461639280833841,11.001996326115572,370.00074000148,217745
6.132383251892641,11.464125580239784,310.00062000124,279581
6.784616495147026,11.345358503187365,246.000492000984,629249
-8.644807041608468,12.077008064130071,85.00017000033999,322382
-8.700346023206166,13.666210937877342,13.000026000052,291851
-6.9695560169303965,13.524237240967247,25.0000500001,283384
-6.540531876515313,2.125905171004718,390.00078000156,450249
-5.463031312171102,2.1430306604960587,219.000438000876,559498
-6.503919166440207,2.3004616598189176,529.001058002116,530351
-5.6249917958528695,2.322689157192323,299.000598001196,581636
11.455359865720135,-4.265174580112206,409.000818001636,586305
12.70481992397378,-4.012461112696522,230.00046000092,211551
11.887875834728728,-3.381064848761981,495.00099000197997,280218
12.30696004795012,-3.5983983214288404,295.00059000118,471370
-3.615341683674521,25.873906229447407,293.000586001172,943528
-3.0760233360446008,26.550889170211143,132.000264000528,946120
-2.7783870677305367,26.569474699800743,301.000602001204,942636
11.51083551682689,21.143700201453143,253.00050600101198,692979
12.360451016318724,21.117081212344253,577.001154002308,658180
11.664374223589837,22.16132788396188,185.00037000074,702523
12.667548443452034,22.01211660628817,407.000814001628,861775
0.1098983086574236,12.045325515921718,485.00097000194,426529
0.5206165062958752,12.129838444604616,452.000904001808,214173
-0.3171375394728301,13.015144592628149,240.00048000095998,4347
0.2065201874848385,12.98147361605088,235.00047000094,623543
-4.905863933108306,22.990364652606544,165.00033000066,971571
-3.779583877214765,23.082853253977618,547.001094002188,978653
-4.45404140527592,23.874970528443907,159.00031800063599,917865
-3.6703690866205942,23.94857129639572,530.00106000212,905407
19.591190153360383,10.851690422558743,246.000492000984,880261
20.14851007820858,10.537784942197437,182.00036400072798,820162
19.232265332772,11.573371444926297,526.001052002104,746649
20.08160865697959,11.632232132955515,438.000876001752,899084
1.072821729692241,12.436916840137714,463.000926001852,280487
1.815245315605645,12.24728828375571,443.00088600177196,624404
1.451460845059107,13.4542152993286,240.00048000095998,396520
2.0641302517280917,13.29556542509416,235.00047000094,355313
22.04266967604228,12.575115185664922,317.000634001268,728357
23.381892514639887,12.639622191540855,163.000326000652,772126
22.06333125932489,13.306209055854591,551.001102002204,754782
22.734529874943327,12.77384054214606,316.00063200126397,754515
5.716856017659166,-11.616027199912963,288.000576001152,424851
6.409061326264838,-11.480866594924644,212.000424000848,347387
5.553828831418274,-10.665463219900529,486.000972001944,421326
6.61747969977518,-11.29386773729849,358.000716001432,183884
22.64558045657992,22.63284748027889,561.001122002244,796218
23.32747245311595,22.540784401429026,289.000578001156,725738
22.016736215754506,23.294868077453582,329.00065800131597,819092
23.128886490508314,24.01110143670948,155.00031000062,651086
2.425164779054459,-5.988951052533303,359.000718001436,261366
3.292181279879276,-5.505840955183478,473.000946001892,470611
2.433509237367976,-4.7963359704091335,219.000438000876,335326
3.420918399380236,-4.735661094874618,280.00056000112,17655
0.0568785477668481,-13.506677701336736,242.000484000968,420945
0.8508696193812412,-13.239234021014903,252.00050400100798,587500
-0.0278661141787667,-12.188880535734238,414.000828001656,615251
0.6454122261425578,-12.24126781606157,408.00081600163196,274309
-1.866371427395427,-13.431758397642888,211.000422000844,175643
-0.8677926543917389,-13.158490762200923,235.00047000094,5828
-2.0614475757855777,-12.51476646606505,416.000832001664,569240
-1.1631197469815484,-12.63956867199465,445.00089000177996,271509
1.212931567800282,-12.959722431395962,266.000532001064,91227
2.172766650191328,-12.945201187971836,222.000444000888,243347
1.1086598133589642,-12.232726514009286,427.000854001708,104057
1.788797303825706,-12.332054578566764,388.00077600155197,398219
6.126348552085939,-1.2763887071913929,244.000488000976,325229
6.353407006535953,-1.4708514327811275,436.00087200174397,517088
5.880803441821345,-0.3909822918238792,234.000468000936,276515
6.804544985539007,-0.6679399084213208,388.00077600155197,590505
19.03575964130753,16.62729462296752,234.000468000936,679619
20.41789708359668,16.648986073153036,473.000946001892,751192
19.602829113665837,17.420311759059096,187.000374000748,696489
20.18065026682322,17.67539761342774,394.000788001576,720093
-8.86808038923877,-14.845894080230948,6.000012000024,97307
-6.85989667844771,-14.020965766488878,45.00009000018,641391
-8.22816029149048,-13.243354122974806,75.0001500003,508272
19.30408151931097,18.52397317053103,159.00031800063599,750934
19.92866696080003,18.367601765928285,368.000736001472,780820
19.003882315747436,19.484382845184108,249.000498000996,816234
19.946705293222397,19.108068430405226,469.00093800187597,771703
5.634994270040517,0.5107413001008159,216.00043200086398,374986
6.794837923919082,0.4741279544748175,398.000796001592,148665
6.088816968934946,0.7278876468878747,217.00043400086798,275062
6.549095828916646,1.0232170825236704,397.00079400158796,346264
2.5106390312410034,4.4807782799470655,200.0004000008,471265
3.852706384513272,4.618041125662436,270.00054000107997,422873
3.028584454770684,5.942382783725246,322.000644001288,345501
3.608210409599251,5.904315734056838,415.00083000166,575642
-12.01096896739077,5.128048427738247,251.00050200100398,505659
-11.80064467201474,4.670505181232648,427.000854001708,2360
-12.64382172309002,5.313848597196659,199.000398000796,484608
-11.244160477000356,5.70118532504898,322.000644001288,451520
-1.455016349128287,18.71247949023936,113.000226000452,931958
-1.1772237432625012,18.128413131904857,166.000332000664,941701
-1.819343284665272,18.984167005169763,364.00072800145597,959242
-1.0568136909939714,19.267090979297024,545.00109000218,997760
-3.638990049333972,-5.507090938791422,435.00087000174,560353
-2.6732535836686577,-5.791022751081967,320.00064000128,43027
-3.1663937083000726,-4.77924480601839,255.00051000102,522466
-2.340864182631227,-4.710456612889358,177.000354000708,406710
-3.3682932629452718,12.007982849517829,378.000756001512,169119
-2.6625754228282115,12.542370737931462,385.00077000154,82264
-3.3457859713303573,13.243949232026928,195.00039000078,117176
-2.524383372126016,13.24031907198368,224.000448000896,621251
2.595051118720368,25.65185812827739,574.001148002296,999910
3.2966831617271706,25.70272528929919,255.00051000102,969819
2.6013185283343305,26.99815289676744,239.00047800095598,923903
3.396639402984404,26.29978926481348,95.00019000038,901744
2.6058371529972564,12.18258313840458,385.00077000154,539745
3.621593418697882,12.230817933985088,323.000646001292,183979
3.0716651482308674,13.303204774221571,225.0004500009,20667
3.4120208002947296,13.367952314300416,190.00038000076,608965
-12.059510413645684,-5.53110701922925,166.000332000664,626344
-11.18939126160173,-5.4884134975852,335.00067000134,26877
-12.139184920904096,-5.097629034476922,220.00044000088,515394
-11.531202223384025,-5.305764174704141,400.0008000016,260546
4.285160639574293,-4.534624414907661,258.000516001032,230560
5.2768598427581175,-4.380843214175586,407.000814001628,624462
4.122814370496728,-3.753446744182298,173.000346000692,272651
5.127107593826758,-3.6108807521709503,282.000564001128,385890
-6.64944637724148,0.102530668500655,360.00072000144,560015
-5.35875401560961,0.612283304754714,198.000396000792,374262
-6.629398099013329,1.3894873338923426,355.00071000142,644831
-5.405581023044058,1.427487746674435,197.000394000788,311408
-6.15978307744641,-0.881905696923219,370.00074000148,411899
-5.558635767645648,-0.9478571299481736,221.000442000884,647169
-6.175472151624417,-0.4035687484615476,328.000656001312,454903
-5.358146747790315,-0.5140608726437884,179.000358000716,373980
0.1745754223517382,15.775582350191598,46.000092000184,463402
1.0552459948700552,15.361165988904949,51.000102000203995,374141
-0.1046079578896564,17.981354451742934,115.00023000046,951436
1.5924493903434722,17.890478256193497,62.000124000248,994097
23.64259783909449,21.571756247060566,426.000852001704,752449
24.651515549470137,21.304751025070114,239.00047800095598,750755
24.11875113877484,22.276492166759763,318.00063600127197,734500
24.770763820862392,21.909689754884333,106.000212000424,742645
-3.1378706125988303,-13.24685829996728,186.000372000744,38834
-2.7570741958432405,-13.26297900630424,211.000422000844,269840
-3.1518105226138378,-12.668528768535818,311.000622001244,141524
-2.69343806576559,-12.120407111309529,371.000742001484,190746
11.56921695470801,4.765909479705737,356.000712001424,260259
12.337930236023931,5.078175863434988,239.00047800095598,328270
11.908186698414578,5.861068287230101,300.0006000012,504258
12.87808114877854,5.489203550719787,162.000324000648,630466
-3.551102068519806,4.674669505155851,213.000426000852,539725
-2.691762227236013,4.646819877053935,181.00036200072398,377441
-3.635938208723416,5.407252951546822,351.00070200140397,607315
-2.78650324985756,5.250053961768439,311.000622001244,395975
4.07865502318601,3.463895204563886,161.000322000644,335988
4.800419393431753,3.670519271213544,273.000546001092,8116
4.584882975403588,4.328579625535942,231.000462000924,522287
4.76677614395562,4.058667976044839,389.000778001556,412992
-4.943634814951454,21.39816825364872,113.000226000452,929134
-4.3140178521132,21.44006036225968,316.00063200126397,955695
-4.751841484875845,22.03235318444074,148.000296000592,950922
-4.186132158375204,22.4973018186015,461.000922001844,915700
14.99873210232863,-1.8298064471556412,93.000186000372,132104
16.10900406924729,-2.8506765671341414,14.000028000056,217032
15.513820861652754,-1.1551982680409243,138.000276000552,149822
16.01196663917196,-0.8364516960610519,14.000028000056,189636
1.3439638884098792,18.15373561601253,171.000342000684,979945
1.7862442438068198,18.192976002804237,76.000152000304,983821
1.01807593754231,19.049691759070484,481.000962001924,921864
1.7164974996839106,19.28808440353508,298.000596001192,936902
23.53827802244802,13.961074257339114,252.00050400100798,742137
24.212314065090705,13.992900169566475,116.000232000464,786495
23.540927567687497,14.370942334703006,456.00091200182396,714780
24.5832885804584,14.955869413528898,200.0004000008,756084
-9.381384448394885,9.177916889686312,244.000488000976,264449
-8.60200728547426,9.184851109108028,386.00077200154396,274352
-9.092268256559567,10.21672488857564,158.00031600063198,280915
-8.430345038702571,10.215503086818826,229.00045800091598,439095
3.1032412589144607,-13.506288060566645,191.000382000764,524708
3.3963683449328745,-13.086702582473944,162.000324000648,369248
2.989000989641569,-12.403988165022334,330.00066000132,68749
3.4037774326865446,-12.748593570559787,326.000652001304,494914
3.963587161641108,22.619313366952213,429.000858001716,960017
4.6537933748957965,22.957863905596824,97.00019400038799,908267
4.294516790910628,23.517496696361853,373.00074600149196,966499
4.703439069798069,23.405900777378463,104.000208000416,926811
-14.58427402322698,6.521095295745091,27.000054000107998,467152
-14.593184820996752,8.065913352268112,5.00001000002,136256
-13.4981460970949,7.721565392785537,50.0001000002,295298
11.918459828936244,-5.515630575901469,282.000564001128,290400
12.288298877135816,-5.6233117148851015,130.00026000052,620208
11.568237979796848,-4.889945055146384,352.000704001408,320373
12.777202945255068,-5.223246854649249,227.00045400090798,401331
-9.125856222423144,-10.40157427246963,137.000274000548,456331
-8.36507521017223,-10.207165681296363,236.000472000944,205981
-9.288025666301085,-9.103408651589213,239.00047800095598,506360
-8.721625072280435,-9.515227757415602,370.00074000148,155008
-10.831147784039732,7.888246015709509,235.00047000094,192829
-9.83536925020814,8.018838635885226,351.00070200140397,173207
-10.747487605134864,8.862585888751186,131.000262000524,253623
-10.30680981236106,8.60818471316163,264.000528001056,335189
15.034445099721877,24.343646242223507,282.000564001128,697205
15.592390945711117,24.064449515345352,406.000812001624,776658
14.682128815143242,24.953893388517844,129.000258000516,764896
15.401830427247392,25.510901484955923,162.000324000648,799527
-5.06009163441819,-4.574976539102392,360.00072000144,228736
-3.9460054499294897,-3.9917380965861895,222.000444000888,572831
-4.850364520511947,-3.450159654103544,231.000462000924,257845
-4.345459664704173,-3.717461522603869,140.00028000056,627625
8.859665578964908,9.250554953093014,345.00069000138,18527
9.38037467588411,9.5414697567202,217.00043400086798,580585
8.964108851440601,9.914012098981347,213.000426000852,568773
9.28116516264098,9.724349457789122,139.000278000556,421461
15.52705426533117,0.1438621163527365,121.000242000484,111219
16.016395105569185,1.2510240493251386,14.000028000056,115005
14.459141483227253,2.4586790570164263,85.00017000033999,547349
16.648475564791866,2.636042950563996,6.000012000024,42127
16.53573281607913,18.525649020931507,244.000488000976,826336
16.780281961818574,18.611556963810365,125.0002500005,773964
16.632046691637015,19.45916732210939,349.000698001396,787250
17.05407279869704,19.378588178959077,185.00037000074,893656
10.177476982330017,16.6015403549629,112.000224000448,715500
11.380350457398144,17.182708329837137,311.000622001244,786954
10.645727644206872,17.307011423162088,126.00025200050399,685077
10.97286412880493,17.680661293759943,353.00070600141197,828990
-4.691631874077936,3.133793124809774,226.000452000904,384818
-4.396521343775163,3.660013834060406,119.000238000476,255496
-4.827217603319348,3.991078054016136,333.000666001332,443824
-4.230146964254334,4.24022022409421,223.000446000892,159105
-10.583504265079243,-9.058580817821577,120.00024000047999,617604
-10.031040509138704,-8.977472458500639,231.000462000924,349417
-11.110424224288332,-7.975321989982333,188.000376000752,561329
-9.747788476373673,-7.852008494772079,360.00072000144,610043
14.749105867782898,10.901767937175254,96.000192000384,720947
15.600781940395876,10.60977185346738,156.000312000624,679266
14.728779495915196,11.34499477024484,249.000498000996,763306
15.512632938606224,11.731506263048985,394.000788001576,835084
10.4446269203232,18.451564738031603,134.00026800053598,881731
11.0931281659579,18.62418306778715,347.000694001388,854541
10.6290964132817,19.38563821940064,112.000224000448,733805
10.779315194721658,18.92372565281812,285.00057000114,755425
-14.489428289910911,-7.704866302912646,6.000012000024,306858
-13.480138587349128,-7.616986035307101,54.000108000215995,381164
-14.787951299720907,-6.437463619676762,15.000030000059999,645074
-13.372428569641748,-7.150902367134959,144.000288000576,538215
16.463157193425445,16.799119480276772,321.000642001284,694691
17.24404489132124,16.599405798399072,198.000396000792,792958
16.442616092576863,17.69820163067538,237.000474000948,714894
16.731548183713404,17.615326454201238,115.00023000046,797246
-4.586228451917495,12.6740723429089,227.00045400090798,304553
-4.366063241163588,12.595483133511424,313.000626001252,160383
-4.658228051039868,12.95559818926568,131.000262000524,42216
-4.120536088968978,13.39628304340077,165.00033000066,31172
-7.498699154972418,10.800398271928229,219.000438000876,375067
-7.032833755914611,10.634386591895366,300.0006000012,101274
-8.11341471253175,11.23446938805166,116.000232000464,481026
-6.741201874296959,11.325619587994153,186.000372000744,115368
-13.548260889925643,-1.0173364686304185,130.00026000052,583658
-12.68426534053005,-1.5340105511877038,275.0005500011,120683
-13.543418973176424,-0.1911771131943267,139.000278000556,503791
-12.858373463436294,-0.640261829822551,276.000552001104,438704
9.12077820406444,-10.470981195156446,192.000384000768,177693
9.179885819575562,-10.05481888642272,120.00024000047999,382849
8.804791847747838,-9.10804454657737,307.000614001228,604439
9.494727536771157,-9.5049010273838,195.00039000078,19742
10.001695224976196,7.839402861816134,274.000548001096,157153
10.845888085310069,7.580356540956243,216.00043200086398,298911
10.48185110710457,8.509532239407344,222.000444000888,205946
10.945895772659725,8.567342630685843,98.000196000392,138759
-4.479300178082546,24.095549331730137,101.000202000404,977766
-3.697443397249028,24.194337554588696,390.00078000156,906798
-4.661771870253299,25.11297550739379,67.00013400026799,942318
-4.193573054389463,24.78220646053877,250.000500001,957006
20.58270716260253,10.646557477953811,122.000244000488,822249
21.24824115021632,10.619878633240578,91.00018200036399,767836
20.513112934096625,11.680151451188625,362.00072400144796,856377
21.40379789281515,11.356293997101112,226.000452000904,868762
-13.989288059645066,0.6714503303877271,145.00029000058,447924
-12.865140717283728,-0.042478684273941,270.00054000107997,639458
-14.0929437709262,0.7043243625443506,134.00026800053598,10204
-12.851926734565158,1.152611847112767,250.000500001,271138
20.76207419533975,24.662344502321066,362.00072400144796,808056
21.61827199941628,24.742101532778445,229.00045800091598,743237
20.89687058086997,25.07996094528457,136.000272000544,859466
21.33268120495198,25.330130751485942,70.00014000028,892684
4.2481135433305335,12.183024703464518,263.000526001052,270251
5.19987111714901,12.139774200674909,244.000488000976,19989
4.36563206357775,13.024773835166975,161.000322000644,82680
4.811034286872345,13.225577006384963,114.00022800045599,587502
1.1685203831956017,-5.491990373195151,226.000452000904,648212
1.693043422038371,-5.988913000578412,276.000552001104,404427
1.3322863194836976,-5.150311651934182,118.000236000472,167411
1.671168568031543,-5.213894483326106,155.00031000062,529040
-5.103305327744717,-12.913314171366329,125.0002500005,185976
-4.356175446427443,-13.49758603331971,136.000272000544,466705
-4.5597135648192495,-12.67397825352251,210.00042000084,163604
-3.676120921172736,-12.414309998500803,301.000602001204,463716
7.489518351354089,10.653590030938634,279.000558001116,648152
8.317203623199934,10.606752576355424,213.000426000852,464310
7.060388272891574,11.68269410057468,161.000322000644,294209
7.775346067307714,11.415617378889896,109.00021800043599,80952
-1.8405530725245105,-5.767569136762724,272.000544001088,90672
-0.8405618681794147,-6.023383202559419,252.00050400100798,615574
-1.6250630755176168,-5.111478813063925,134.00026800053598,598597
-1.037075055361882,-4.899685090565407,102.00020400040799,135778
10.096910087823517,-8.87252098435666,198.000396000792,485074
11.07551833658581,-8.737749835085088,117.000234000468,172849
10.098139941909764,-7.960293496358715,272.000544001088,491689
11.218083461702406,-7.931647574241679,149.000298000596,225482
-13.532756406593665,1.8310758837356813,113.000226000452,370926
-12.82272765854703,1.8933295693947405,265.00053000106,657
-14.06269832202232,2.2130549580289145,122.000244000488,69964
-13.156676961299716,2.5730806670176536,232.000464000928,550209
4.516984294598027,21.67643659294314,226.000452000904,961557
4.656183335872599,21.23978991325345,52.000104000208,948091
3.892277460161501,21.79141068391113,362.00072400144796,998242
4.7538505272597895,22.194295004023065,84.000168000336,974590
-8.076527601401985,-11.838755832512204,98.000196000392,462356
-6.848775268511793,-11.507794158107256,158.00031600063198,621767
-7.548715629480045,-10.739676009159444,177.000354000708,601755
-6.99229417379012,-11.30899210734642,284.000568001136,106046
1.36144608312712,4.74561076394612,101.000202000404,141888
2.058954743697372,4.756170058375324,134.00026800053598,596293
1.5522575037316857,5.70469863154277,202.000404000808,433446
1.732077172761313,5.271575161212152,274.000548001096,224289
-14.095509448497982,-2.4524965135815857,109.00021800043599,386320
-12.738705187854896,-2.340858198141066,232.000464000928,624054
-13.727303250393764,-1.9269367153213803,112.000224000448,69469
-12.863513424556682,-1.9042115259861605,256.000512001024,31126
-3.606563951985765,0.9651698215055432,45.00009000018,456973
-1.6763256753448743,1.3697865156829063,6.000012000024,424405
-2.219130096337325,2.92619449671702,96.000192000384,79699
-1.8023024333718785,2.169505004360061,29.000058000116,96835
4.154132419690151,-13.30344194006742,137.000274000548,9371
4.965071945805628,-13.512751852532036,95.00019000038,115478
4.409104767358931,-12.618840506791514,257.00051400102797,16848
4.975653236379515,-12.505371634031183,209.000418000836,397631
13.29049605700958,0.0015418705945244,221.000442000884,25632
14.340348282926277,0.0243776831530089,120.00024000047999,585523
13.35220929816449,1.254683830664476,226.000452000904,474186
14.098921169315554,1.1119752570737125,105.00021000042,476685
-3.5507592008777995,15.779032633049356,34.000068000136,417616
-0.9140218517287102,16.38917906468755,42.000084000168,27825
-2.5226449087216967,17.42716363085215,25.0000500001,925435
-1.8235284853796427,17.758816033499826,66.000132000264,942104
-0.1902509965345582,27.12702759295154,267.000534001068,902788
0.1822410769484845,27.33853435281963,265.00053000106,941655
-0.2211453659043415,28.17404653605115,60.000120000239995,916086
0.3212809200790269,28.22210658041587,75.0001500003,910150
7.612474557320929,-11.955601281043112,145.00029000058,544542
8.177838195009217,-11.505386730317731,77.000154000308,369590
7.269822584105986,-11.055591594956091,258.000516001032,597759
7.993555117208543,-10.704277822338543,176.000352000704,133169
-12.671632032280424,6.451392514509176,136.000272000544,413436
-11.48771948350516,6.014124444346856,255.00051000102,164563
-12.280539249549564,7.089096420745109,77.000154000308,639026
-11.841741886630391,7.121885667568891,186.000372000744,175219
13.34380112331806,-1.1633311327156235,214.000428000856,234786
14.309722965566364,-1.174907995509367,106.000212000424,137416
12.936778376534518,-0.3764699209571332,232.000464000928,335243
13.816093794099148,-0.719185791984219,99.000198000396,108384
-1.9731075720572009,4.662234192520095,117.000234000468,473210
-0.709818509879366,5.188359430865497,92.000184000368,61618
-1.8414736342642108,5.845216006368257,219.000438000876,279570
-0.7017228725884566,5.912654264719662,205.00041000081998,345606
0.0690237531160242,-5.848887524362997,205.00041000081998,24932
0.5308824377213968,-5.588446911289609,192.000384000768,332700
-0.6245017447587513,-4.8735974371630135,106.000212000424,342996
0.13080869280715,-5.281230485051977,109.00021800043599,247221
-12.134712980192324,-7.173326147525813,83.000166000332,172168
-11.265803791406343,-6.939471473556345,156.000312000624,576429
-11.9513624423619,-6.31356472658299,121.000242000484,84919
-11.686432838802489,-6.606795397683299,250.000500001,472494
10.054121358782826,19.99946530025914,83.000166000332,796069
11.076333759613162,20.171761158335457,267.000534001068,707855
10.552609185871878,20.36302674172182,67.00013400026799,756559
11.109123158221962,20.46704469284654,190.00038000076,728717
10.411398290615928,15.66774684433289,53.000106000212,709066
11.128786121008217,14.984654299653595,168.000336000672,857398
10.579599301244771,16.1378676583762,93.000186000372,830611
10.679570737879612,16.105136774509976,276.000552001104,791640
25.032607495179327,18.377679855027985,227.00045400090798,815228
25.782251622671,18.44999953241239,64.000128000256,675944
25.558427777326948,18.82659392985919,206.00041200082399,698774
25.961669162067867,18.858511411086976,89.000178000356,884866
-3.450775475712118,-3.0270580638759523,74.000148000296,56317
-1.9739778575663125,-2.02558423258965,28.000056000112,202042
-3.0246388263569948,-0.6518242343208243,37.000074000148,469681
-2.1187104161705874,-0.5585134834080294,6.000012000024,268937
13.15420610845047,1.6608710041449914,196.000392000784,259184
13.96240517558688,1.500058301940915,112.000224000448,105806
13.413370778071574,2.9107196819007872,185.00037000074,486600
13.941056951819816,2.254690208363358,81.000162000324,395868
0.1038137305300637,4.972940350770175,86.000172000344,591922
0.2535584768442065,4.929506059865846,102.00020400040799,218136
-0.5425725164422336,5.491423394448426,199.000398000796,2183
0.1133588818799109,5.652994266843886,178.000356000712,242719
25.50929293498211,16.629709837299032,189.000378000756,811431
26.181614070656316,17.194281548983795,60.000120000239995,665688
25.084287924321803,17.92515419494307,228.00045600091198,807328
25.74997656305773,17.40155588846473,86.000172000344,868738
11.697782808846108,6.123102128166917,204.00040800081598,278018
12.773965262326382,6.511672384232558,119.000238000476,643574
11.585576944838609,7.016509489108215,161.000322000644,257399
12.23242142128717,6.828348403289583,71.000142000284,583212
4.030602947171638,-3.0400187872468383,120.00024000047999,301762
5.1885040676330805,-2.41927848795582,202.000404000808,153135
3.8772842286405984,-1.6994028050044956,76.000152000304,214247
5.0731195745178965,-1.6360893483825918,147.00029400058799,505363
4.384374192576334,24.32390847862373,277.000554001108,904676
4.871245326583058,24.17149796554437,74.000148000296,979915
3.9949783401936063,25.234514396706476,159.00031800063599,954795
5.216776017903181,24.78069675973662,34.000068000136,943304
-1.489087019127847,27.42129507780191,187.000374000748,983506
-1.0414455221669965,27.15031451520348,257.00051400102797,987832
-1.7565773357037306,27.817277854181118,30.000060000119998,914055
-0.7212074010299359,27.93764415075773,68.000136000272,995874
13.091636461575527,-2.4291145533986334,178.000356000712,80939
14.131658681898951,-2.4026865235956074,94.000188000376,644390
13.0827113907734,-1.8804906346686108,190.00038000076,369430
13.986424401482816,-2.158437339793323,73.00014600029199,55400
-13.732675472483724,-3.996486252034901,79.00015800031599,132714
-13.11951984433138,-4.386775467207246,146.00029200058398,450082
-14.182826300890776,-3.76284335560892,101.000202000404,161611
-12.990886943517443,-3.334694519832877,202.000404000808,235580
4.436394664340181,2.14886497007439,77.000154000308,233785
4.960231373551586,2.115335508654001,140.00028000056,229557
3.942489822274328,2.6087776930507798,102.00020400040799,63118
5.112708659755412,2.6702175191669624,190.00038000076,283378
12.150681077282613,12.562108536612962,51.000102000203995,825368
12.438654138034874,12.50691372830375,115.00023000046,730486
11.911577328854891,12.9528976386596,110.00022000044,863973
12.596965015782835,13.267521206619657,225.0004500009,691867
-13.724399874929638,2.99937687199863,109.00021800043599,301787
-12.687746787129202,3.388230386717403,175.0003500007,311854
-13.609478611829587,4.12951164292128,50.0001000002,536224
-12.714021086612854,4.0337412909748105,151.000302000604,319007
17.47013772478617,18.20219752106592,104.000208000416,790482
18.459941836011986,18.414719668789576,85.00017000033999,755928
18.09128793105394,18.962010399503622,136.000272000544,767246
18.19022902939467,19.322565762573,160.00032000064,679258
11.578900519146394,23.036175173859007,104.000208000416,893476
12.729475017583743,22.98952525256485,218.00043600087199,669770
11.874736374946156,23.26538495183003,45.00009000018,882790
12.729156250983406,23.82485580321216,113.000226000452,667626
17.791897427256437,17.07065674735691,137.000274000548,822698
18.900217122044356,16.69206682859432,173.000346000692,834966
18.034249127482305,17.27152648363088,92.000184000368,654028
18.332591292230383,17.55402547506251,73.00014600029199,760840
-5.9360628284112735,12.531459983083128,126.00025200050399,45688
-5.4471175571615005,12.20192644197894,178.000356000712,604103
-6.011218918276688,12.74331132811991,73.00014600029199,208193
-5.620366939510379,12.734749425628335,93.000186000372,195956
-4.417623945153965,-2.5949175060121874,166.000332000664,79914
-3.920523445662005,-2.4624122699107747,94.000188000376,50501
-5.009447110631268,-2.0622250702892635,142.000284000568,422063
-4.149397509884778,-1.9762070484406788,61.000122000244,67904
11.507696735522275,-7.259399272263394,140.00028000056,570660
12.255529716952994,-6.972338932358661,60.000120000239995,24590
12.012919923494453,-6.249687022137469,187.000374000748,198138
12.780732873531996,-6.781395908837819,75.0001500003,280774
0.948990869236362,27.431488251676,215.00043000086,914976
1.7291018335150674,27.083604301286904,158.00031600063198,925542
1.0495878185284335,28.155349846647876,47.000094000188,989780
2.091136337129786,27.867333054480117,38.000076000152,981458
15.230511886236265,3.973067025621072,65.00013000026,237725
16.532607470561473,3.005283977298648,9.000018000036,306540
15.518157232832076,5.906769050484153,38.000076000152,565183
16.069198943092925,5.756655388280854,2.000004000008,66328
-4.870819890668178,1.4892635140175243,128.000256000512,189362
-4.259273125091925,1.8243028260319796,53.000106000212,335968
-4.892014087640981,2.758532226114044,175.0003500007,69347
-3.912100365912013,2.816524178070848,82.000164000328,228642
13.278906875996078,3.4737317798085714,168.000336000672,611207
14.263164299401804,3.60215916811284,83.000166000332,516701
13.63345613847413,3.937723487136915,122.000244000488,74741
13.674301633584935,4.112762584054675,50.0001000002,93240
2.6822685623543348,27.23375741455164,88.000176000352,900261
4.420494170435269,27.101382957159277,10.00002000004,988053
2.7523387083596305,29.3731686744296,7.000014000028,965346
2.903205535689165,-3.992265856431057,99.000198000396,433783
3.5368864473285666,-4.129248972911121,173.000346000692,580988
2.4991597980912714,-3.4155033275436,57.000114000227995,285635
3.43274093642274,-3.677475195438413,90.00018000036,644807
5.904754017193517,12.55406585324858,168.000336000672,531924
6.438176965800318,12.186761876286475,107.000214000428,513992
5.983301141159415,13.168379955305346,85.00017000033999,603021
6.310213050987043,12.99034302175154,58.000116000232,356527
14.820240799730684,-5.726603190469924,30.000060000119998,371599
17.32949377855215,-5.946227846186179,4.000008000016,326094
14.905338280408255,-3.5028302808642,64.000128000256,120202
16.62792730076866,-3.1641238609260216,6.000012000024,26078
13.274474666051823,-3.91704922875178,126.00025200050399,247327
13.84010314911431,-3.876267102881139,48.000096000192,607350
13.249551683485844,-3.512543992255416,163.000326000652,454207
14.267587765056508,-3.5732811632283514,72.000144000288,164843
-2.970503406977379,18.62083564108859,24.000048000096,962651
-2.4808792715574755,18.443248890414036,62.000124000248,937560
-2.93658502841013,19.084122026442834,77.000154000308,923072
-2.48537102218617,19.219811964837103,239.00047800095598,903890
25.578587351791533,15.618315588223986,137.000274000548,891747
25.949108957843706,15.405475323254796,36.000072000144,810058
24.974741782895343,16.283233656285418,165.00033000066,732272
25.699534997379537,16.135038641589627,50.0001000002,679161
-6.168121025894388,-13.102027246435746,45.00009000018,478015
-5.641276861556629,-13.222988448053693,71.000142000284,227485
-6.531888469972024,-12.2753857468228,111.000222000444,18934
-5.627180077297296,-12.484926730032678,159.00031800063599,23468
5.811172456091579,-13.144051423213464,76.000152000304,93355
6.361388617202756,-13.123137628982125,53.000106000212,138869
5.823909129779547,-12.103804387385964,148.000296000592,166670
6.810706383595727,-12.3692439300383,106.000212000424,283103
3.0528007221481475,3.147254213069317,49.000098000196,385122
3.738176681278836,3.5091344746802315,74.000148000296,529878
3.03871328320864,4.449094315917991,102.00020400040799,398502
3.660774544695054,3.840018327710685,157.000314000628,564257
-0.572824662648957,13.713175798309909,142.000284000568,21056
0.788391440670487,13.862297041058476,135.00027000053998,197334
-0.3890640611055141,14.3567051415887,50.0001000002,439872
0.1272873184528794,14.779504078962988,50.0001000002,396042
-10.980894036418311,9.690152728054388,93.000186000372,355574
-10.217143053414102,9.49549548625152,162.000324000648,323716
-10.480181354944772,10.073229198372417,45.00009000018,180761
-9.774960254694712,10.354028163506875,72.000144000288,92916
24.986186659068046,19.62776075373925,167.000334000668,684796
26.35218143970732,19.7729698885985,40.00008000016,815039
25.001085051029087,20.44298965356169,124.000248000496,657832
25.917592270627765,20.95892105767824,39.000078000156,775500
6.281726828208323,24.18688452079677,13.000026000052,921155
11.36482397699614,24.19168770603937,10.00002000004,721670
-2.9257145753432674,-4.328595185035271,146.00029200058398,317572
-2.188825555794863,-4.186987530003573,93.000186000372,190204
-3.318220397393964,-3.215849837265803,79.00015800031599,617663
-2.572023087442755,-3.5049249140589898,49.000098000196,620325
11.451215172169023,-11.67676159023523,11.000022000044,252310
13.919020304288216,-11.033335977889465,1.000002000004,325386
12.601827362595207,-9.614592067301494,62.000124000248,291021
12.922536068687132,-10.28993030611331,17.000034000068,467792
0.0845963174246648,-17.18794703229965,3.000006000012,480937
1.290471154693974,-17.051179487457617,3.000006000012,529692
-0.6382413110338023,-16.014785933497066,39.000078000156,258692
2.0915645120296187,-15.234833069062816,45.00009000018,549090
-4.986222647678775,20.13293715649504,17.000034000068,939147
-3.821736667878204,20.23051230501465,82.000164000328,990451
-4.654166789541414,20.925505629602533,48.000096000192,998731
-3.919322171246808,20.91897180995545,210.00042000084,904703
9.16771339420381,-14.41787615499594,15.000030000059999,132772
10.261559784478886,-14.262204087235563,2.000004000008,417326
8.456171392745862,-12.105920844333273,57.000114000227995,491342
10.773300945316471,-12.567672785585412,14.000028000056,228983
18.947704663226936,13.721577500173687,316.00063200126397,658501
19.460454113817114,13.4996410536586,371.000742001484,669874
19.017010876376347,14.206807311647095,344.000688001376,720914
19.59628279081425,13.958683207339892,372.000744001488,883552
13.214549548909169,17.33417991635762,339.000678001356,875035
13.450029457368911,17.471172019322847,386.00077200154396,816431
12.927017222658982,17.737976157597217,316.00063200126397,715496
13.460168532425886,17.750867052349054,353.00070600141197,891699
14.555448570733244,21.182422828224134,324.000648001296,673860
14.808938202601215,21.22837383159567,362.00072400144796,681248
14.624330514151598,21.65542116530124,350.0007000014,665294
15.070827910983946,21.6444011631866,357.000714001428,801743
13.496778016180384,24.099842675945432,83.000166000332,656778
13.829236382831803,24.625547211660205,171.000342000684,768617
13.077213044366513,24.924987181113806,26.000052000104,775643
14.068842141825698,24.774256661386172,66.000132000264,769330
-2.0733732533603115,13.689246970599845,113.000226000452,7138
-0.643249437578346,13.534567083022845,110.00022000044,30616
-1.5886070298594277,14.476378985285974,55.00011000022,107650
-0.9284529303850658,14.325575194533686,66.000132000264,140065
21.26025319360896,15.057808652971383,368.000736001472,880837
21.584410399566647,15.146668828716232,321.000642001284,795538
21.34181237816341,15.37566923968074,346.000692001384,845811
21.759835794311243,15.660295985278315,335.00067000134,780445
13.75425471556811,20.25306934326681,335.00067000134,844858
14.085971136660852,20.28396781811968,367.000734001468,767298
13.96279506733315,20.64519471800032,334.000668001336,739279
14.033418404880829,20.71278097655445,332.000664001328,782853
19.234857969542706,21.939292781335983,349.000698001396,869637
19.63309337829923,22.044220924247742,329.00065800131597,721033
19.244413973787708,22.42189406029913,336.000672001344,841079
19.426812331822774,22.466517063748967,353.00070600141197,876432
18.24841240246252,22.77544046535925,350.0007000014,738695
18.81598233578826,22.622231173301135,365.00073000146,771645
18.21856893600693,22.9661675843582,316.00063200126397,729382
18.76999917744248,23.090017485867197,334.000668001336,801123
-14.06503179141156,-5.365466073242771,42.000084000168,266654
-12.721598952032792,-5.648432312322438,102.00020400040799,586638
-13.602205706582364,-4.920103586823105,61.000122000244,528436
-13.35011246282823,-5.2411891239922,136.000272000544,3418
12.9116040097705,19.003215774680864,337.000674001348,766950
13.29540838194723,18.92208325377561,330.00066000132,873469
13.262671141608193,19.243285294889034,348.000696001392,721573
13.64975857827626,19.30116977281148,346.000692001384,844142
13.084677432027393,10.945618051221796,29.000058000116,685093
14.238931898489202,11.117140289527564,55.00011000022,693873
13.099921061209695,11.373818764579298,95.00019000038,687047
14.30162401617817,11.44118260745424,160.00032000064,769419
16.234652162742066,13.641321724250428,346.000692001384,734609
16.45155151527517,13.79526379343552,329.00065800131597,718073
15.962572530388831,14.181736174161664,342.000684001368,792703
16.615849472602605,14.10428896379943,333.000666001332,803542
22.30753454680008,18.87379374343735,341.000682001364,744900
22.376528056324645,18.97686464920836,316.00063200126397,787228
21.96916763194789,19.49883272592858,325.0006500013,868862
22.468329342562164,19.27437523509985,365.00073000146,886517
26.56376511276965,19.369213504629588,62.000124000248,756781
28.160187494943884,18.73469840963596,1.000002000004,880407
26.67197372571079,20.42336446889761,21.000042000084,806176
9.92643204210508,9.349031465611546,147.00029400058799,615908
10.920910285491788,9.458271429839806,68.000136000272,143923
10.032994231960233,10.17565944642706,80.00016000032,405430
11.20004515785662,10.117245251881748,41.000082000164,286550
21.348781061132136,20.33688920693872,348.000696001392,659983
21.858601120726373,20.31384269164198,330.00066000132,754740
21.414038501762143,20.877963907013665,313.000626001252,735130
21.56243959157624,20.74653550961014,349.000698001396,805217
19.806846788482417,13.579421891903156,335.00067000134,857443
20.06463224335819,13.84051109113238,333.000666001332,886781
19.740164179284022,14.22748931245282,340.00068000135997,814735
20.11479918283942,14.153035357407113,328.000656001312,711917
20.77456846750891,21.05606272961773,328.000656001312,894252
20.83902906206309,21.189453265496734,333.000666001332,899752
20.70946557136925,21.49173993019762,328.000656001312,856505
21.06681543469227,21.587342717457144,344.000688001376,853100
13.709229306484955,16.70101176585679,351.00070200140397,836372
14.04252532918636,16.737698941815673,321.000642001284,829857
13.73381448238002,16.972062173063733,354.000708001416,751189
14.291063464985458,17.112242897883036,304.000608001216,855050
13.956921915486648,15.228992231147895,315.00063000126,664547
14.368866413199417,15.30602218461567,336.000672001344,673096
13.753270053968365,15.731804483812573,339.000678001356,674722
14.2526077683209,15.620647099340507,338.00067600135196,778040
4.000865564085387,-0.9267438173146328,62.000124000248,315000
4.806094094842854,-1.2093713620496636,125.0002500005,221410
4.501344780123551,-0.3913083091504473,47.000094000188,93566
5.270806757327211,-0.7675374384761955,98.000196000392,557958
22.09052024506152,19.83386732186227,336.000672001344,724531
22.336561510548133,19.7823807496938,327.00065400130796,722342
22.297453303379967,19.982761251508933,337.000674001348,833249
22.62119989259248,20.187792094696245,328.000656001312,895438
13.7567284355766,15.784560235673789,327.00065400130796,769612
14.392479396789147,15.992860013968786,335.00067000134,696690
13.76741292140713,16.295429764157483,321.000642001284,836692
14.362567033840428,16.326068153884755,343.000686001372,860135
22.276066229827386,17.454198006879903,341.000682001364,708161
22.66074016520616,17.581116027577277,348.000696001392,717293
21.991535410338976,17.98800996559216,310.00062000124,861534
22.583169895350224,17.794192805735044,326.000652001304,885145
14.729608608742891,20.39865136964909,378.000756001512,762009
15.017986772235306,20.4831415041954,288.000576001152,660854
14.751564608188424,20.902562416949653,335.00067000134,719170
15.020824152398148,20.67790291705904,324.000648001296,702310
1.0523516060345954,13.610895103581576,132.000264000528,140043
1.7641716910527967,13.63445072838202,110.00022000044,563959
1.1107984049687447,14.322116775607276,47.000094000188,25984
2.1387526581874003,14.719204857765387,42.000084000168,260113
-2.654290032162711,21.920657992307422,326.000652001304,997979
-2.276441029266293,22.021129840681752,368.000736001472,931596
-2.7748827014594286,22.47880914839552,328.000656001312,993730
-2.340065553783776,22.38113089748457,301.000602001204,958341
19.742582038002283,21.763497900861235,324.000648001296,865641
20.18008107878588,22.09341636271705,320.00064000128,675328
19.75471084400698,22.287409630773325,347.000694001388,887420
20.29360932969025,22.195818287367278,331.000662001324,864278
20.78487401796232,13.69927744518044,328.000656001312,808227
21.03314228109024,13.635733629540317,285.00057000114,837280
20.70902089952895,13.910311240854853,365.00073000146,833645
20.90044883231195,14.002708389642285,344.000688001376,709718
17.51350877598182,22.81756250116553,348.000696001392,849657
18.06917604303341,22.61250398942465,335.00067000134,699917
17.665009169834534,23.01453784298778,326.000652001304,775407
17.853163771924983,23.141700021733325,307.000614001228,894722
20.594996288046318,14.52474419593481,321.000642001284,820518
21.13506512626857,14.431986895897545,316.00063200126397,844728
20.70276374497177,14.677370737147085,358.000716001432,710941
20.856693432656293,14.709583571419726,316.00063200126397,683815
-2.07341997937622,24.16343050507117,328.000656001312,981605
-1.765027855267951,24.124713279019453,318.00063600127197,927518
-1.9519727531247493,24.677420524823795,336.000672001344,923371
-1.442979763134474,24.71444014212833,327.00065400130796,932108
20.488220593432352,21.896076074674543,333.000666001332,731630
20.9519793100884,22.13170643782278,343.000686001372,814573
20.588800772486195,22.3961017633559,328.000656001312,752570
21.12418883697196,22.338470898779164,304.000608001216,682274
22.24059862597968,16.010822996595557,348.000696001392,799206
22.36593003018604,16.104182535208274,325.0006500013,686672
21.96381236018308,16.249938646013653,340.00068000135997,692581
22.412793590185476,16.454415853719382,294.00058800117597,828653
14.507172276921064,15.342950971865974,352.000704001408,687316
14.919964013622408,15.3367850556629,298.000596001192,849886
14.77523216483863,15.468431910088896,337.000674001348,793907
15.02288270633612,15.429074771651598,318.00063600127197,864364
2.407196158346235,23.38254622191969,325.0006500013,905775
2.7541454225267614,23.45396105986644,312.000624001248,953254
2.53139441081034,23.87826768229668,347.000694001388,989031
2.826806172706626,23.77155086277165,319.000638001276,938973
17.452618531604305,12.980349086390582,310.00062000124,840561
18.113244635434285,12.925234260174577,318.00063600127197,769408
17.55791859168075,13.178958689418105,354.000708001416,704665
18.11259897025554,13.15308274204223,320.00064000128,701323
4.575107494075785,0.4866036397941484,49.000098000196,474405
4.661852709756057,0.4735570214528428,102.00020400040799,302245
4.356981214715708,1.2634857191993194,62.000124000248,399256
5.368197958750673,1.1008355921413349,112.000224000448,101459
15.48168070327582,21.90441970418533,334.000668001336,867602
15.803825851740092,21.912604501003003,342.000684001368,764588
15.446980447315646,22.20963449163606,318.00063600127197,885454
15.770464732246706,22.489644341595675,301.000602001204,727032
17.473531964789345,13.679873541348297,337.000674001348,874450
18.06398089348632,13.811500877595575,331.000662001324,841983
17.541084841011735,14.20334616222726,298.000596001192,853416
18.012571042024177,13.977291329583728,327.00065400130796,885492
15.208230749128438,13.50273735992681,303.00060600121196,751231
15.652654382148391,13.6470858019821,322.000644001288,866091
15.473798372301795,14.18636576928318,318.00063600127197,849147
15.659404429331593,14.14304927998846,349.000698001396,714680
-0.1556972199847198,-14.592046407172909,51.000102000203995,451077
0.776353740572531,-14.460775437570858,46.000092000184,384367
-0.0218364703337652,-13.739393948000798,116.000232000464,143914
0.3400959404147268,-14.03826985840491,110.00022000044,609454
19.123082509630013,13.103444807087104,313.000626001252,744137
19.606400412331244,12.888600704755175,320.00064000128,771865
19.025948144388725,13.453660579215413,343.000686001372,786773
19.341630740914,13.388861701737136,315.00063000126,756733
15.183482501579013,14.233304052661213,342.000684001368,782341
15.698112420955294,14.42798895168738,289.000578001156,864253
15.46790418480183,14.76010201512088,336.000672001344,710034
15.812493155049305,14.716532240050194,322.000644001288,773755
-2.5727884595243253,23.308548829256324,325.0006500013,979225
-2.2066947529784344,23.502628264126752,312.000624001248,908069
-2.820895712362356,23.95349773721654,339.000678001356,932387
-2.447853571258293,23.64015391943491,310.00062000124,948657
22.18254374326478,16.724778393823566,310.00062000124,853538
22.330490572725125,16.637711345395285,322.000644001288,866838
22.173959050220603,16.925716447952986,313.000626001252,868326
22.616539060256336,17.059385377753838,340.00068000135997,742875
16.992040683905397,21.761197987827817,301.000602001204,750729
17.29346424456296,22.07063040112325,319.000638001276,702126
16.780576790801934,22.461798201899487,322.000644001288,869842
17.214750138637598,22.18472834794742,343.000686001372,796806
23.013959803498253,18.995483021322222,316.00063200126397,825785
23.19954923371327,18.88633717428359,341.000682001364,761745
22.82076221892802,19.20313118175117,346.000692001384,730018
23.09793500979234,19.419733528667848,278.000556001112,768286
21.35227182943035,14.598319917535209,325.0006500013,681287
21.616989592073985,14.249396376880448,290.00058000116,710763
21.25772318054821,14.731080479154024,334.000668001336,733291
21.55832333466424,14.653740934186391,331.000662001324,830111
-1.402894731363994,-15.096324145265012,45.00009000018,530468
-0.7783528729807507,-14.428183604356986,51.000102000203995,322225
-1.4848722659491669,-13.676203808008824,112.000224000448,312820
-0.7686122193338684,-13.82218830796304,112.000224000448,497786
-9.184546264574584,10.518785848193096,76.000152000304,505685
-8.481187431834305,10.821461061508217,142.000284000568,400609
-9.19807230647801,11.908207440962256,34.000068000136,568091
-8.32743785356231,11.267168852474573,68.000136000272,85889
-14.066273261429089,4.887152809868918,66.000132000264,550622
-12.83226645676774,5.030444100443424,132.000264000528,113393
-13.470129010697852,5.268998155321027,33.000066000132,463546
-13.39424481770178,5.844630781427916,89.000178000356,298298
13.969579429837635,17.450046107124813,360.00072000144,778747
14.235612702762138,17.269367992456058,291.000582001164,744314
13.997333812536466,17.93265708415866,349.000698001396,748454
14.27000526700578,17.65222273016734,278.000556001112,707352
16.04599860044705,22.00202883380438,339.000678001356,845067
16.58587630633922,21.99533995249726,312.000624001248,656263
16.194096858719227,22.356388044443868,307.000614001228,888131
16.545748807820303,22.164702755627214,320.00064000128,811889
16.734203376001243,13.044569281571558,288.000576001152,858823
17.340020119339002,12.987576648306444,327.00065400130796,711265
16.83786924102298,13.463571299113028,328.000656001312,819966
17.147100954707035,13.3793015508642,335.00067000134,673484
21.94410750544272,15.33464467555305,317.000634001268,651053
22.6221766559852,15.171762320735924,269.000538001076,846630
22.068849215585253,15.457233598704702,360.00072000144,717611
22.68249302936971,15.429209446354085,331.000662001324,733183
13.050311588588103,16.86463638902469,317.000634001268,803686
13.545432798342445,16.601479601836438,320.00064000128,780836
13.019860840867269,16.91046679247174,299.000598001196,700852
13.333835400736842,17.08410851399401,340.00068000135997,724760
13.148265734510774,18.29453069048805,291.000582001164,707461
13.423841374473607,18.1675600173924,328.000656001312,786062
13.012568098696244,18.73244742713295,335.00067000134,757825
13.300821441350497,18.60075044065201,319.000638001276,727547
16.214900904661196,12.940341964268155,298.000596001192,688116
16.37636588184359,13.064983187221166,312.000624001248,780921
16.1429982666904,13.456635605838702,326.000652001304,837105
16.44891746678704,13.46087745877189,337.000674001348,867236
0.9391950991051476,20.40185069147978,326.000652001304,939007
1.491998116413663,20.62084074703469,317.000634001268,912920
1.1005834714792393,20.788319322535934,314.000628001256,959801
1.3728610491456594,20.64218764523756,316.00063200126397,984109
23.50305158580167,22.610525374840996,145.00029000058,744345
24.64441061949057,23.11268860733128,76.000152000304,806407
23.68262209088302,23.82778829379432,76.000152000304,706191
24.495874413646813,23.754114903620337,21.000042000084,721380
18.402702743296963,22.11438320267907,291.000582001164,742774
18.54821555652781,22.04622773230122,294.00058800117597,718865
18.32565448528327,22.339244858539026,347.000694001388,683690
18.61166821456887,22.42064880034341,340.00068000135997,855071
4.969568725794497,-8.328425722623878,329.00065800131597,212071
5.196589374262385,-8.08381586236348,338.00067600135196,277619
4.838128567038842,-7.638258148173076,314.000628001256,89786
5.262862551443139,-7.660573779907213,290.00058000116,619813
14.731696422789314,14.577930492651898,308.000616001232,671227
14.968082462914438,14.320746906512438,312.000624001248,702833
14.619776688523224,14.630289673494609,328.000656001312,890975
14.937676460141931,14.846403042952543,322.000644001288,872011
18.524382911976826,13.723639052257951,339.000678001356,774904
18.85325099253161,13.828612594120775,309.000618001236,747645
18.375480341867476,13.92164289249525,298.000596001192,679942
18.59411434704506,14.113266828856634,324.000648001296,844329
16.97010017969995,22.72648190267929,331.000662001324,824341
17.07441089588961,22.663115547747275,355.00071000142,695794
16.982708627724442,23.01205195082508,303.00060600121196,874397
17.180413815748395,23.162138226575166,277.000554001108,803647
1.1678150275586148,-14.8610406718151,47.000094000188,562765
2.3497824640838862,-14.495865476575355,49.000098000196,132513
1.392903077890266,-13.632313570280708,116.000232000464,146791
2.243918891079701,-13.77595479017819,104.000208000416,141443
22.00149831428798,20.518786434970547,315.00063000126,691194
22.387481880209982,20.285846063490908,325.0006500013,868409
22.137144838201145,20.74352261165913,315.00063000126,749222
22.51142979291309,20.979191832258984,305.00061000121997,879772
8.640458793385974,-4.315760588012284,329.00065800131597,249211
8.829568558598034,-4.323594417801701,292.00058400116797,29361
8.64157279638395,-3.830723507848552,318.00063600127197,557236
8.806788244104862,-3.90262906094914,319.000638001276,525795
21.32305409999883,21.067918350087773,333.000666001332,838571
21.84592880752064,21.316185626502456,304.000608001216,768097
21.470217278504105,21.463878897538063,325.0006500013,847434
21.85669196962603,21.737939491475835,295.00059000118,788100
13.781317981165408,19.04821611514958,328.000656001312,680862
14.19294037670188,18.915238307311892,289.000578001156,716244
13.846081107136117,19.19783591173372,332.000664001328,866493
14.232994112784183,19.3499270554271,306.000612001224,772845
-1.2289654769542817,24.98872179994789,328.000656001312,973570
-0.7582593752486461,24.82898179055297,304.000608001216,986451
-1.3370362016766353,25.51717639138664,313.000626001252,988210
-0.7195405710330487,25.284413525587524,310.00062000124,990436
1.0384839696483372,25.01350208237881,308.000616001232,993877
1.364007072702292,24.941352089082734,316.00063200126397,957416
1.129001048824346,25.510937914109977,324.000648001296,959712
1.444343132644707,25.410409555634992,306.000612001224,972818
-1.2965543983449397,20.274435899069022,310.00062000124,926857
-0.6914728738012328,20.59981418904757,314.000628001256,965733
-1.371827039308047,20.78100516688874,314.000628001256,917321
-0.7205581432524959,20.92705646197465,316.00063200126397,931265
18.96677597142694,22.693953586020417,329.00065800131597,808734
19.659463993963747,22.55896549748487,332.000664001328,888721
19.262534704831427,23.19072766065522,294.00058800117597,816140
19.339531963875203,22.93654431490468,298.000596001192,769754
21.389188802605,15.829135832057077,294.00058800117597,659032
21.896235607838623,15.7800905318767,337.000674001348,854886
21.459382279898374,16.255941422087258,308.000616001232,775588
21.689396062955257,16.42334564004415,312.000624001248,782106
17.752076917051905,22.08559493624375,306.000612001224,680559
17.913103526721887,21.97955340706929,294.00058800117597,745635
17.686681711527683,22.285563441366243,325.0006500013,869508
18.122689233870577,22.477814281080303,326.000652001304,680119
13.786673054794583,19.76147586430052,313.000626001252,868274
14.07308753629359,19.74546875324036,314.000628001256,665285
14.029064955316493,19.964352655034883,320.00064000128,762285
14.317167194518245,19.973012422001755,303.00060600121196,806253
22.17157820591081,18.36125851741505,312.000624001248,795177
22.338911063790675,18.27858773463435,339.000678001356,848772
22.01380010625843,18.73626799429065,291.000582001164,776858
22.681588898162204,18.443324504459977,308.000616001232,718880
0.5905714933076561,-2.8191400219746057,23.000046000092,392743
1.8926134239844543,-3.0715675125951765,35.00007000014,237658
0.3216350834100455,-1.3127814877856077,2.000004000008,615323
1.574699785570964,-1.157026552098769,18.000036000072,266412
1.6335553550952135,24.04749683901045,293.000586001172,913634
2.2771321599124072,24.11285045343256,312.000624001248,991150
1.7221458967604732,24.64139991463665,331.000662001324,939668
2.261538145872932,24.43468656075063,312.000624001248,952780
27.423836616648774,15.93985141530087,27.000054000107998,684728
26.90607262974217,17.74157660828446,49.000098000196,786396
28.810776411120763,16.797126298160666,2.000004000008,846056
0.1972474746400593,25.829520908040784,320.00064000128,926280
0.706676449245217,25.87247510451309,329.00065800131597,974309
0.3329197631825777,26.19712496569456,303.00060600121196,951308
0.8420404002897025,26.260718851266947,292.00058400116797,920080
21.2609977880886,19.599902688228035,299.000598001196,669655
21.63911822608744,19.70627476929262,307.000614001228,778034
21.404061634645576,20.097381679297094,296.000592001184,899361
21.748671137694533,19.93740698980028,340.00068000135997,735908
-8.147708312015904,5.563115245441095,300.0006000012,243752
-7.781332656313611,5.267556739452913,325.0006500013,27878
-7.918581939283871,5.806989609159234,289.000578001156,450286
-7.599406304364193,5.719794307581021,324.000648001296,398669
13.190457389272416,15.962965574132712,275.0005500011,855941
13.285497435753634,15.996359747575717,331.000662001324,727281
13.015130937233522,16.179639407582872,306.000612001224,872892
13.541345996281624,16.446288850130983,324.000648001296,766563
8.424065007860593,-3.4820601683745345,325.0006500013,317354
9.128246305255711,-3.5718836213689458,287.000574001148,204690
8.616620486337874,-3.350614530170513,283.000566001132,291050
8.830525654541361,-3.398819216620227,341.000682001364,113048
3.2387715158639225,8.469336985271973,291.000582001164,475072
3.787414933568783,8.414311362986655,301.000602001204,136490
3.449296406071018,8.922389031381105,325.0006500013,446769
3.561344218958754,8.891386947552101,319.000638001276,464281
0.8937152017391602,-9.815670079264512,320.00064000128,581856
1.3608179764394974,-9.719042810912814,295.00059000118,534108
1.0626517424600004,-9.395426428462356,304.000608001216,138272
1.4368196169190692,-9.363507268971714,317.000634001268,144035
-0.5051126331809928,25.523929564964384,332.000664001328,965599
0.0647242874840169,25.798922334265185,333.000666001332,975675
-0.2671691641111366,25.97915135279097,273.000546001092,914329
-0.2130955638569241,26.01731233471712,297.000594001188,931754
23.008732741431334,18.201650238218857,339.000678001356,705639
23.23455602247072,18.24918419094683,305.00061000121997,732518
22.79336645808085,18.66812776037875,301.000602001204,706518
23.08427301510055,18.523690829286707,289.000578001156,650240
20.045511842351857,21.16822429615189,292.00058400116797,760494
20.40509301643105,21.031291259261536,284.000568001136,803011
19.770950194332823,21.40101185962796,312.000624001248,771408
20.351787433690088,21.5993730437392,346.000692001384,721725
18.17836972709461,12.89806739354771,305.00061000121997,717505
18.650315857796052,12.744862234493768,288.000576001152,741136
18.32841872570932,13.14944813394553,330.00066000132,773845
18.56374223285667,13.365046142107708,311.000622001244,732446
-9.542421390088082,0.7647176689849895,306.000612001224,96275
-9.066683889122697,0.9406892542314632,308.000616001232,580860
-9.396348857162486,1.3407603058890496,312.000624001248,633664
-9.267678529553816,1.2474473131850292,306.000612001224,212722
9.42799271493301,-2.752188316460926,330.00066000132,219028
9.860394092922176,-2.799231085328467,294.00058800117597,546614
9.143746656076406,-2.5130363513955034,298.000596001192,20647
9.769316747395258,-2.4988521212462147,309.000618001236,443256
1.9310767778416624,21.01004518392409,326.000652001304,921491
2.3156794374545204,21.20426401798818,308.000616001232,931666
1.750663815271604,21.748999495033008,278.000556001112,901687
2.044670169949608,21.602709597693178,318.00063600127197,930228
-2.04203920758974,24.806498489254693,318.00063600127197,966470
-1.742610955643508,25.140900863960933,328.000656001312,972016
-1.8802580332562933,25.21320317836585,305.00061000121997,993243
-1.4151085263884695,25.288117922347176,278.000556001112,923024
-9.37629821668666,-11.615661865738096,37.000074000148,261178
-8.305325884443812,-11.69457592565272,65.00013000026,137627
-9.265531025336404,-11.151205001392656,85.00017000033999,172517
-8.524757077073161,-11.193577644662582,120.00024000047999,579099
5.754052001167056,-8.105262853977102,284.000568001136,461906
5.819141633988648,-8.055599368237841,287.000574001148,226780
5.563344273404752,-7.714332612993654,335.00067000134,257201
5.81709287303171,-7.912885651286313,322.000644001288,60974
-7.256138436886753,7.025302337838988,318.00063600127197,468531
-6.8526727804165,6.902493597821993,313.000626001252,302076
-7.278067258346784,7.369889131821202,290.00058000116,645063
-6.958219203111844,7.247239415354483,306.000612001224,475250
-9.564929860820794,-1.96784366172608,305.00061000121997,649245
-9.119645410862615,-1.9933918914621336,308.000616001232,386438
-9.432042270468337,-1.6219842888126994,293.000586001172,540126
-9.225921920427387,-1.7994226051128157,320.00064000128,160134
-2.102633950035312,21.32257097326044,304.000608001216,935080
-1.394374494181638,21.291413858012497,309.000618001236,986119
-1.7920128438745548,21.736084490932736,326.000652001304,910462
-1.6316257956521043,21.47851751481637,286.000572001144,921484
1.7222384242141475,24.84575913108425,339.000678001356,905876
2.196445765590871,24.83224116717208,323.000646001292,967800
1.901994415164508,25.171183052037502,298.000596001192,931925
2.0424199984643483,25.41736311322564,263.000526001052,951572
7.652781065064662,6.200765778945757,313.000626001252,564686
8.194565852948282,6.202594320693181,309.000618001236,121511
7.749408885624026,6.476330167121821,345.00069000138,364143
8.294369447333555,6.556264242951671,255.00051000102,636644
19.875751564397422,14.460655245096552,313.000626001252,853449
20.415250282841384,14.2879892114887,343.000686001372,793727
20.03824335287591,14.920894970854068,294.00058800117597,778207
20.420464689507185,14.672911553665568,271.000542001084,781210
16.821063152888783,13.816399133752256,323.000646001292,894156
17.07084676262713,13.651891025956337,321.000642001284,781284
16.991912959377345,14.218867772533928,292.00058400116797,724209
17.297036251298117,13.986278080759526,285.00057000114,671942
8.659528478316284,3.114262184843964,287.000574001148,435581
8.873659585842313,3.2574370739131,298.000596001192,60877
8.672398219230468,3.380397187525571,298.000596001192,446737
8.996360737970036,3.332999968162588,337.000674001348,231123
-6.513074077444032,6.886020395475754,308.000616001232,376575
-6.145058702285956,6.766309900883919,293.000586001172,226081
-6.535859623975908,7.406133892071111,304.000608001216,346617
-5.916869859912074,7.09608760200803,315.00063000126,536278
23.591972442595534,12.44385117337707,62.000124000248,846782
24.266882948213443,12.579277716529983,27.000054000107998,812997
24.12191527680504,13.368770646200105,156.000312000624,841596
24.381247680803103,13.0127955954747,59.000118000236,888417
9.297906988479374,-1.4647278014803748,275.0005500011,329398
9.794351977355202,-1.359174679553351,331.000662001324,245833
9.339222352951332,-0.8744236963181817,311.000622001244,644700
9.856058337447388,-1.0371171161124604,299.000598001196,626870
-9.520996800667012,-2.720515817466062,332.000664001328,150337
-9.252252643952644,-2.842085149530169,305.00061000121997,47993
-9.449607336980982,-2.63883893202976,273.000546001092,121469
-9.011727964498606,-2.5363982943211325,306.000612001224,567694
9.37273485497367,0.0036974072167913,322.000644001288,411481
9.55621233101708,0.0673181215852647,302.000604001208,330540
9.254121888462674,0.5879202637408386,327.00065400130796,548366
9.615502186543482,0.5909632707787205,264.000528001056,410362
19.706238047962238,22.84637138950771,347.000694001388,838030
20.41089586477678,22.816565897169166,306.000612001224,707885
20.04875100764199,23.24479129401124,292.00058400116797,711766
20.15789741509753,23.158258964970937,269.000538001076,867077
15.22953430399677,21.09884953446417,278.000556001112,809816
15.760253580369222,21.23154894915925,305.00061000121997,827602
15.478586976540877,21.617328631240955,322.000644001288,867399
15.626691171244174,21.49609430811855,308.000616001232,702779
-1.884538196943417,9.120719651098662,295.00059000118,382426
-1.4990870089660524,9.298234785140725,304.000608001216,206215
-1.89690199819785,9.700819752119106,322.000644001288,347533
-1.4423754058756988,9.398476140759714,292.00058400116797,239615
-1.8140919641528213,20.555435899479143,283.000566001132,941693
-1.427631976133352,20.41644744276968,335.00067000134,901985
-2.029411841710868,20.914249728419872,294.00058800117597,992104
-1.558301498347361,20.95573158594628,301.000602001204,945770
-4.271351273804929,8.31627865271334,279.000558001116,458594
-3.8554859810082,8.364921531774725,286.000572001144,551458
-4.112891865602752,8.712252155818641,305.00061000121997,238306
-3.825913345546233,8.770272628976953,343.000686001372,218623
7.795563081943486,4.603799191253349,307.000614001228,329367
8.359423432971802,4.455462811353369,318.00063600127197,392045
7.756932762047488,4.943311093483621,307.000614001228,19843
8.27328032357582,5.155574433323884,281.00056200112397,386476
2.562513846936935,22.579424954854368,310.00062000124,907149
2.888780623046867,22.651361852166477,291.000582001164,986727
2.4671506253401705,23.11670775917129,296.000592001184,943256
3.121524969961309,23.17195512292268,316.00063200126397,938582
22.771008600078968,17.299809254591903,300.0006000012,722675
23.344471736027398,17.586275815295046,288.000576001152,671804
22.91506700392268,17.91509811094448,321.000642001284,800878
23.396381852044485,17.884001209051302,304.000608001216,846378
-2.543984889192528,-8.94027894020739,315.00063000126,240516
-2.162277162722697,-8.955488051813273,276.000552001104,205379
-2.5556340781178526,-8.451332416067094,328.000656001312,164787
-2.4271879821868287,-8.563471552141714,293.000586001172,350473
7.772744678318204,5.534215673540794,323.000646001292,248158
8.101467271844264,5.307741843039008,286.000572001144,223545
7.971076290485572,5.878238349431125,324.000648001296,584308
8.061391743429347,5.920536203723396,279.000558001116,328547
6.181289853586732,-6.760240812360193,297.000594001188,471804
6.598153356736671,-6.773264149150243,318.00063600127197,116719
6.400488957736743,-6.154487666810839,280.00056000112,104737
6.703308921180731,-6.39639072901665,317.000634001268,69775
9.202605751363707,-2.01264930220474,288.000576001152,336961
9.70361332241838,-2.2423877591138583,294.00058800117597,597299
9.448299897791928,-1.5996259198389615,316.00063200126397,212403
9.539441969890376,-1.5938457692527883,313.000626001252,497805
7.000158884335677,-5.807258184682952,294.00058800117597,227849
7.462446366133143,-5.710120423017028,319.000638001276,609816
7.030879752398403,-5.618698947002573,283.000566001132,480785
7.2676483956465425,-5.592247329201948,315.00063000126,142046
-7.914760518314445,-5.891769324633828,298.000596001192,225348
-7.640168125847196,-5.8180165923361935,309.000618001236,587881
-7.909836317656504,-5.362066541406779,307.000614001228,633992
-7.441794733674747,-5.364797165066775,297.000594001188,475784
16.215208574513355,22.77904945892744,306.000612001224,778647
16.29848387171161,22.859444686066823,299.000598001196,813590
16.054492807115558,22.94693999713956,289.000578001156,653894
16.298876798062892,23.023674811216903,315.00063000126,786980
-2.099368943490758,-9.604809575447248,319.000638001276,77222
-1.426200798387962,-9.502568399821582,299.000598001196,539711
-1.82177193020811,-9.448601964344954,291.000582001164,10919
-1.4165535209289517,-9.16643950995831,300.0006000012,480370
-5.821865976014073,-8.014623032049982,316.00063200126397,578600
-5.190295608375842,-8.191539683051111,298.000596001192,87979
-5.636825739089407,-7.956863867935134,294.00058800117597,345550
-5.191048403840915,-7.935833301726912,301.000602001204,344956
14.488423140969983,13.63510816657926,284.000568001136,831135
15.094973357819782,13.486601044960716,302.000604001208,839805
14.725490860857477,14.01803370805392,313.000626001252,672493
15.135837475693869,13.906272070231257,309.000618001236,746557
13.088187676285155,19.652452982556213,322.000644001288,886371
13.376425419762054,19.87285333466036,315.00063000126,805094
13.249375039459135,20.0193863069738,273.000546001092,877766
13.51268623989806,20.119664747537197,297.000594001188,752128
-0.4400105654238668,-9.786263675131808,296.000592001184,346137
-0.1770668025211692,-9.593053756111662,282.000564001128,279250
-0.3767548511313276,-9.432117457855282,281.00056200112397,291071
0.0885644685902017,-9.364419231860849,348.000696001392,249288
-2.790455432330861,24.08427698656938,311.000622001244,957374
-2.458395399335706,24.351049334452675,303.00060600121196,934394
-2.650336699590775,24.58385119528393,288.000576001152,963732
-2.3410247895067813,24.39598636614967,303.00060600121196,930152
9.469863945924208,-0.4720269611366581,309.000618001236,379778
9.706441944832797,-0.7496603685814499,278.000556001112,601774
9.488662134797217,-0.0719289043371783,324.000648001296,106172
9.761862880438848,-0.1332972545634264,293.000586001172,567374
1.8426560900435425,9.107445906361736,281.00056200112397,205337
2.247794901945986,9.165347345578075,327.00065400130796,436279
1.8010777475056872,9.485921626751503,314.000628001256,291761
2.116674701146417,9.374330944310762,282.000564001128,384694
20.513299639584964,15.00532022354468,320.00064000128,897362
20.86924349595695,15.322884336398143,317.000634001268,884929
20.530956413938043,15.62563897838286,270.00054000107997,734778
21.01806702006105,15.72316671738064,297.000594001188,889339
-2.807448944800371,22.873287524886283,324.000648001296,986868
-2.4244793303944734,22.73367395824246,305.00061000121997,916704
-2.835503746528988,22.97293102083014,301.000602001204,999450
-2.182120871698398,23.24884853775361,272.000544001088,948588
-2.8295059479123035,9.294994755899912,275.0005500011,507593
-2.4404963852748707,9.044067270028265,301.000602001204,583440
-2.5540331617381344,9.627328484696632,315.00063000126,257427
-2.2060949954296887,9.712987116114732,311.000622001244,378861
-0.569276251836168,20.47663208854435,282.000564001128,912812
-0.0665250996290807,20.41818694706385,306.000612001224,962938
-0.553692199062169,20.629566863708508,296.000592001184,922282
-0.1556337313276787,20.983461978083582,317.000634001268,966819
3.350777603142511,15.999622077552733,41.000082000164,344793
4.732090864226309,15.131027407413042,22.000044000088,331627
2.5579196010081167,17.740033890957893,12.000024000048,603427
7.795044572259909,-5.002235854114463,295.00059000118,69285
8.052744142703116,-5.149260768685996,298.000596001192,224546
7.950778067571374,-4.773937145933299,303.00060600121196,330266
8.24058376504433,-4.694842788639408,303.00060600121196,256014
2.7036717884340287,21.874852473449664,308.000616001232,924907
2.756770908345937,21.932250376841584,277.000554001108,938345
2.446245010323287,22.26358481051717,318.00063600127197,924062
2.809075768665495,22.49181150576785,296.000592001184,982851
13.972348185981836,18.05223584579336,298.000596001192,721187
14.24717668295838,18.101776702085893,298.000596001192,756468
13.660109502647856,18.41966384398536,320.00064000128,767915
14.296443069178496,18.70961906142284,282.000564001128,651520
23.055139240276613,16.67519828382777,319.000638001276,863241
23.30677654919289,16.77624501501256,269.000538001076,754276
23.03921987374259,17.19979609975713,317.000634001268,701301
23.07913176442217,16.906995690078077,293.000586001172,854907
-9.38971026413175,-3.624495847108262,289.000578001156,393302
-9.065820162671082,-3.461415566641421,302.000604001208,115589
-9.416507680834904,-3.3637133824368286,290.00058000116,321840
-8.990427180165119,-3.0777019698647017,317.000634001268,34203
-2.726473726825888,-10.468732901925504,297.000594001188,413460
-2.4982238044862024,-10.290926930716893,270.00054000107997,530481
-2.7627849680539303,-10.104794444940776,319.000638001276,259407
-2.3541261786887904,-9.938404792497291,311.000622001244,436274
-2.5218724516596565,21.20324155038199,253.00050600101198,977552
-2.383313919097931,21.083290123961383,323.000646001292,949894
-2.714003987237136,21.692733636450026,318.00063600127197,963345
-2.1736307486334616,21.577221349618128,303.00060600121196,947662
-10.75745034575542,-10.2747682281972,28.000056000112,603807
-10.051477736268534,-10.01227646185939,82.000164000328,41147
-10.449810984553354,-9.192390034472982,75.0001500003,175532
-10.258593786356103,-9.770981769948513,114.00022800045599,22500
8.687160259209625,3.781841328639128,276.000552001104,409777
8.902817615081467,3.834521408103103,315.00063000126,211405
8.483296241920781,4.434874324609036,308.000616001232,165066
8.781634806924522,4.291381963982348,296.000592001184,204842
8.625947098310801,2.56496929663168,272.000544001088,262869
8.792311046745409,2.3579871084967143,311.000622001244,198855
8.405678663836452,2.850672087365824,292.00058400116797,168091
8.89544128526226,2.694085602816316,318.00063600127197,110056
0.8824904020554215,9.276730556242116,300.0006000012,9419
1.3618170371669474,8.976226498134121,273.000546001092,152716
0.961201483463988,9.438160482838123,290.00058000116,343812
1.609858991599979,9.615743253021922,330.00066000132,433194
6.308001975118804,-7.350860743531721,326.000652001304,449938
6.684936028226344,-7.578510164802727,281.00056200112397,499297
6.500257303171833,-7.165086596489116,284.000568001136,33608
6.641057000597909,-7.192027413028892,302.000604001208,3740
-9.32921358798768,3.9713054684117326,289.000578001156,404434
-9.03970427906216,3.889858826262514,323.000646001292,130997
-9.416787231464443,4.353481727794547,287.000574001148,591775
-9.08487835435476,4.1782472177989725,294.00058800117597,93110
7.199278999006292,7.044007820313056,299.000598001196,648849
7.584191544866934,6.802797822263473,314.000628001256,310534
7.213477130150154,7.187997970235292,281.00056200112397,517153
7.456652479910458,7.30703402847185,298.000596001192,597962
7.215988505492255,-6.730881544613723,324.000648001296,542522
7.369578595238762,-6.790301250811305,276.000552001104,247453
7.09579536995446,-6.401586720013244,293.000586001172,46706
7.327337427421874,-6.111522115782349,299.000598001196,569543
9.510016201086389,0.7648992279295911,281.00056200112397,459837
9.54651147606118,0.6961531614995231,301.000602001204,147106
9.382383969732652,1.2960343051106036,306.000612001224,545392
9.821463793852264,1.1867807922483198,303.00060600121196,242022
-9.406171919875211,0.1622308652734288,301.000602001204,222012
-8.938897986039386,0.0058382488894893,296.000592001184,517195
-9.431884701699936,0.6051113439529016,307.000614001228,373373
-9.170410061371236,0.4975086368949755,286.000572001144,16204
7.961699459698027,-5.860294292140236,287.000574001148,439586
8.078825007876526,-5.942583190988482,323.000646001292,571938
7.978093639543487,-5.3355065147270455,306.000612001224,84494
8.215128010874835,-5.4412782698716935,273.000546001092,345217
-7.8860518224444975,-5.156943173750404,299.000598001196,138375
-7.603866311297089,-5.074505033839699,303.00060600121196,11196
-8.081572578649972,-4.710992762647445,287.000574001148,116399
-7.745414370033176,-4.754882338813419,300.0006000012,245579
-8.814778103328038,4.7474538725051465,268.00053600107196,154198
-8.197835566908998,4.510249581293858,310.00062000124,138975
-8.649061330057828,4.98933386049776,306.000612001224,340101
-8.384632035837361,4.960799120561343,304.000608001216,31135
3.451990132756039,-8.855431836454555,282.000564001128,355974
3.8201762041229688,-9.091952603165746,296.000592001184,147398
3.3768134055585204,-8.568735252985386,300.0006000012,59637
3.7822113821200576,-8.63793047978967,310.00062000124,610083
13.797108218003864,14.60515842349124,294.00058800117597,796981
14.178355066667107,14.251309880816288,298.000596001192,830890
13.73496257652882,14.84211113591715,296.000592001184,750086
14.053681926732615,14.948754836327408,299.000598001196,875972
14.570960644774855,22.07068197526957,299.000598001196,775949
15.046477397943487,21.9907220490478,334.000668001336,861855
14.77295820288504,22.27178887789254,277.000554001108,832252
14.91830150323591,22.16918896597112,277.000554001108,752720
-9.31318557949294,2.325172343026753,308.000616001232,72510
-9.118655026925838,2.478891198316105,278.000556001112,583662
-9.367567324571256,2.746375078494594,305.00061000121997,32290
-9.11544629713048,2.745398648808329,296.000592001184,126533
-1.264170918105208,-10.230054775417823,304.000608001216,90169
-0.8276948439781256,-10.391125814939738,279.000558001116,29938
-1.103472994712316,-10.019973662289331,294.00058800117597,316620
-0.8839029545233162,-10.165104628360051,309.000618001236,433325
-7.959948978787961,6.269418236911709,314.000628001256,21261
-7.57060295668604,6.065396914104722,280.00056000112,220053
-8.115243006436092,6.520943036769906,305.00061000121997,34479
-7.786348355096442,6.352192624270767,287.000574001148,94442
-8.158440944813737,-6.66770731183755,280.00056000112,541558
-7.715926636199443,-6.68500906879416,287.000574001148,94799
-7.804534858301449,-6.407652126379384,302.000604001208,470498
-7.63915935636742,-6.1194744479111804,317.000634001268,295941
13.961510320774718,21.00955593234933,309.000618001236,701472
14.22387272455767,21.07101183657106,329.00065800131597,749684
13.98161397943542,21.51796915740207,244.000488000976,824345
14.407994593185377,21.75368452122266,303.00060600121196,661247
-8.632584574446211,-3.772366545826228,315.00063000126,13917
-8.165677464880767,-3.7016363058832775,282.000564001128,306350
-8.614728808657556,-3.364134686420434,295.00059000118,365388
-8.177499960460514,-3.260186575486053,292.00058400116797,322368
9.158789714530789,2.488619167356034,285.00057000114,542591
9.627903936119298,2.2976895577698597,298.000596001192,131074
9.273985525985978,2.6412913108756197,285.00057000114,182476
9.737071969096537,2.848354985663051,315.00063000126,176262
4.044023917866389,-8.859568951862535,314.000628001256,178939
4.494734978067654,-8.80778176400022,271.000542001084,454773
4.034902484514461,-8.610034981073564,304.000608001216,184075
4.399645401394427,-8.363568178203225,293.000586001172,378891
-1.1756111686919224,9.16379959791962,280.00056000112,92978
-0.8810683497409963,9.235325043868706,288.000576001152,29628
-1.0930682638061622,9.47532522057671,300.0006000012,250847
-0.7242147624824927,9.397883674087648,313.000626001252,292172
2.6444965683924746,-9.749542173192898,289.000578001156,387865
2.88672000730771,-9.810279135582803,289.000578001156,477827
2.489297532040986,-9.213728152758405,318.00063600127197,624713
2.940623803649046,-9.382001927897104,284.000568001136,173291
-2.7595069692573944,-9.495952233195949,263.000526001052,348904
-2.3618728653176824,-9.80246819257252,298.000596001192,205676
-2.82991825946523,-9.456465370307594,299.000598001196,72590
-2.452024253186109,-9.210809606253186,318.00063600127197,423022
1.6491077758816453,-9.620035555388483,304.000608001216,499919
2.298995163666191,-9.77007787422719,289.000578001156,40342
1.765980722789826,-9.402941870684495,311.000622001244,536383
2.081771739240988,-9.216825511124592,274.000548001096,148565
-9.592263909631678,1.5895262508657784,275.0005500011,129947
-9.21462209910547,1.5790563298600877,303.00060600121196,189173
-9.5800698351082,2.141876623248727,294.00058800117597,269396
-9.004827974656632,1.8473899825786344,306.000612001224,576132
-6.324469124904228,8.399556751489204,301.000602001204,587788
-5.906391676174271,8.269860616870773,322.000644001288,579597
-6.399941879694297,8.75720027243223,254.000508001016,12913
-5.976400660040103,8.921747728323252,300.0006000012,10358
21.456617279322465,18.7708008087028,259.00051800103597,722177
21.89279362951023,18.899100839651037,317.000634001268,780687
21.407629424359925,19.355552016659804,276.000552001104,787995
21.60668424680956,19.301610675757868,324.000648001296,855327
8.665355055648961,4.7085993895911855,322.000644001288,310300
8.793229084728328,4.556645227572563,294.00058800117597,108828
8.526047649423605,4.87203830684516,290.00058000116,492960
9.020666181304817,4.830110192758473,269.000538001076,335980
1.696156061930065,-8.998369364201235,299.000598001196,166131
2.322237005680294,-8.863240118755783,301.000602001204,510643
1.7194853258097522,-8.62693155513276,290.00058000116,102979
2.3225855058178637,-8.607392366273771,285.00057000114,531630
0.4491439836593833,-9.059449100971795,296.000592001184,6837
0.7284451700627034,-9.092267973796693,295.00059000118,535286
0.4025806610534704,-8.468325047754417,291.000582001164,459081
0.6707037320610828,-8.573104469194444,292.00058400116797,329937
-7.275226131786385,-6.612117746169859,303.00060600121196,587043
-6.851674124570613,-6.812191523345282,282.000564001128,357249
-7.3520946603599535,-6.423301551175078,309.000618001236,283066
-6.694232192608717,-6.379301822476785,280.00056000112,407490
-9.38123224600129,3.011323931473038,308.000616001232,478831
-8.994241435306233,2.9912991387747785,281.00056200112397,160377
-9.566294833584754,3.474000665087325,284.000568001136,638797
-9.08234984065095,3.60261211398195,301.000602001204,162891
1.6977025848765606,23.36686956372573,249.000498000996,911559
2.2932479436388147,23.37539323411565,316.00063200126397,998556
1.6941583884404072,23.88570247255631,314.000628001256,961886
2.180911308382297,23.776893062123005,294.00058800117597,933060
6.957119058333453,6.291791633128415,311.000622001244,287247
7.439679772310456,6.132895191817549,310.00062000124,284274
7.126175951436366,6.63142015445061,287.000574001148,285339
7.613402032084926,6.489269238701405,264.000528001056,277149
10.582296642118118,21.128250769778468,44.000088000176,802458
11.22993503523146,21.737542242346223,154.000308000616,707490
10.05451806103792,22.056876829606587,22.000044000088,789555
10.692213294762588,21.773329313697623,73.00014600029199,894545
4.947631759697471,7.525124683725139,294.00058800117597,206055
5.01321181906082,7.597760996296495,314.000628001256,402059
4.640940746458902,8.109170388679566,279.000558001116,4466
5.214480443624714,7.874961404527868,284.000568001136,272051
-8.719038203690674,3.7575722560675153,315.00063000126,351938
-8.188569772216514,3.710997742221048,303.00060600121196,25660
-8.71031639657304,4.374677461616959,280.00056000112,444585
-8.256004885931024,4.2079513135257045,272.000544001088,236848
0.2425230204623959,20.60050948142407,269.000538001076,964385
0.7723893864878831,20.409783352803885,336.000672001344,928847
0.4342843740640123,20.833239441788407,297.000594001188,930097
0.8014349810019592,20.645933249365,268.00053600107196,996054
8.75412009012041,-5.278506387816306,300.0006000012,134211
8.787723075112336,-5.254226888179272,304.000608001216,388294
8.391945119912304,-4.819961351400918,280.00056000112,16489
8.851236443440218,-4.668205071849326,285.00057000114,504466
5.451883408155591,-7.484569877242206,282.000564001128,643363
5.884702301760704,-7.241122725864391,322.000644001288,570008
5.457626823879213,-6.944101310646186,264.000528001056,83929
5.756845215700831,-7.002579003589777,301.000602001204,643654
5.553178363964204,7.783193110620795,298.000596001192,638794
6.124504816213733,7.666608739135444,300.0006000012,400153
5.510132889168347,8.121244929966782,302.000604001208,454989
6.009862614501321,7.946847156073279,268.00053600107196,573502
-4.025420833042966,7.631290018933662,270.00054000107997,499471
-3.862627542806304,7.793073155521654,253.00050600101198,12488
-4.078254336264954,8.207049537702783,325.0006500013,85366
-4.006624933813251,7.991235658912599,319.000638001276,147587
-8.802806153846705,-4.2802864317863145,278.000556001112,404969
-8.38088720258035,-4.500853450875894,299.000598001196,12048
-8.754211273042765,-4.109422389212221,294.00058800117597,253551
-8.411437175486729,-3.9480860043463104,295.00059000118,356293
-5.03836226636354,-8.257133877533487,321.000642001284,576954
-4.452233312143234,-8.278854580093626,303.00060600121196,119886
-4.836268644208027,-7.940323841222883,272.000544001088,354508
-4.512957134281083,-7.612640275378268,270.00054000107997,564851
-4.249975162459319,-8.937625301288719,309.000618001236,3407
-4.00591571973558,-8.940159006144324,266.000532001064,233319
-4.244731937819762,-8.459583120759799,294.00058800117597,508460
-3.777323758736982,-8.44422095267979,297.000594001188,11555
-3.4515409092584,-9.625547224708946,282.000564001128,257170
-3.0740442797220693,-9.811019329479292,291.000582001164,531355
-3.550704634767107,-9.159356504953973,294.00058800117597,181567
-3.0723203660793845,-9.285622028046255,299.000598001196,53281
-10.0518752960142,1.5257525247074957,274.000548001096,123340
-9.95487706066513,1.684010696640276,283.000566001132,449741
-10.18544888355539,1.9246010365115724,296.000592001184,61667
-9.828934730340158,2.0435017989317688,312.000624001248,255372
-5.642398989074872,8.512131079150388,310.00062000124,356387
-5.489552854358313,8.304824457525362,289.000578001156,183349
-5.74271332414486,8.632873318994713,278.000556001112,135301
-5.164328048957745,8.833540725418622,288.000576001152,440451
-6.580675393598925,-7.443774846397519,305.00061000121997,291729
-6.05658322979723,-7.472101286070257,286.000572001144,507751
-6.414819275911865,-6.879936666399559,302.000604001208,501338
-6.12998165456337,-6.879274005665224,272.000544001088,397775
4.712462314017221,8.402181812519956,262.000524001048,86977
5.257978813956678,8.357217823202367,291.000582001164,554807
4.861657575445136,8.765932314049659,319.000638001276,633607
5.258618122073616,8.739532384712493,292.00058400116797,52323
2.380643572692102,-8.797741569364835,282.000564001128,508202
2.836701307705594,-8.723469525513776,317.000634001268,609920
2.479648753424057,-8.50002587868229,273.000546001092,407795
2.9027914756409348,-8.566233346042981,292.00058400116797,565170
7.918138844546051,-4.3315695920070585,252.00050400100798,401361
8.167161596712123,-4.221122397136634,318.00063600127197,516822
7.728393842553704,-3.8358826129440016,298.000596001192,507408
8.163772252871677,-4.10268872919009,296.000592001184,627294
-1.2541981188717193,25.53324437562919,308.000616001232,942249
-0.943685079593414,25.61563350718848,319.000638001276,911015
-1.385601487202322,26.04186851772671,266.000532001064,985896
-0.8833915530120129,26.11928622890611,270.00054000107997,956187
-8.143509825123598,3.8265942110438633,310.00062000124,80248
-7.580708240662141,3.7171303766175874,292.00058400116797,245468
-7.812051956758639,4.400497662319801,279.000558001116,578512
-7.412834780508999,4.106899005102423,282.000564001128,4512
-4.986255467192881,7.811330581051775,277.000554001108,508111
-4.629770082193948,7.821051574874862,255.00051000102,130385
-5.129985149453806,7.906101701854061,311.000622001244,585771
-4.479934644567336,7.935679764107971,318.00063600127197,566102
-10.21990696400395,0.0228982866109923,301.000602001204,31639
-9.873500893387632,0.0883764976215463,274.000548001096,616844
-10.24883417105673,0.5215896809226481,297.000594001188,500142
-9.972917612705391,0.6342929512944493,289.000578001156,616728
-1.081059274891963,9.908813089574604,313.000626001252,648252
-0.8368461909732308,9.870782027903312,272.000544001088,53486
-1.2021061256596215,10.354520226457325,303.00060600121196,227378
-0.6532487405526806,10.18258575501198,272.000544001088,648266
-0.5156085462850019,9.762193908355105,289.000578001156,609808
-0.1727970950776718,10.061209932575908,294.00058800117597,212715
-0.51624637100147,10.452051805293396,284.000568001136,525336
-0.1976215741393325,10.125882503352774,293.000586001172,87729
16.1309987179381,21.10360190108126,309.000618001236,770488
16.57107582793686,21.00529847630854,253.00050600101198,759752
15.980720737757268,21.659402127416104,307.000614001228,801127
16.484188636027486,21.63297115782039,290.00058000116,672514
-6.360065140483754,-6.759851529573447,313.000626001252,616462
-5.958571607535732,-6.562981372249471,296.000592001184,633673
-6.461465862919749,-6.122936455752139,290.00058000116,612692
-5.918356898147105,-6.4400549313196285,260.00052000104,173238
8.546543679922102,-1.4668434247916389,294.00058800117597,625893
9.104274295388205,-1.3973670741299444,301.000602001204,578456
8.705806446494204,-1.0268462985768525,268.00053600107196,354025
8.867801802625753,-0.9973163061975728,294.00058800117597,577220
-5.610119348644683,6.814323017720736,291.000582001164,496875
-5.512470613461933,6.730732604766867,284.000568001136,567745
-5.644572156327074,7.205014761542583,306.000612001224,158697
-5.389133013390095,7.425463831365137,276.000552001104,622389
-4.793551372032021,8.236949728341285,295.00059000118,129612
-4.616408054675885,8.236534807966253,289.000578001156,53919
-5.017940038210521,8.699112980422774,266.000532001064,355342
-4.532265889381111,8.921358700012068,306.000612001224,294643
3.9668346257505807,9.252789101584872,280.00056000112,119111
4.421986951331967,9.204498124406646,326.000652001304,85188
4.0044945830398495,9.472196494033431,271.000542001084,337305
4.285746958938784,9.53583537358744,278.000556001112,289326
5.40960242232646,6.943728731583996,246.000492000984,266996
5.966734955476596,6.827760007983532,295.00059000118,69428
5.4850290192273885,7.402253062868361,333.000666001332,350838
5.8487445383022205,7.278590117083925,281.00056200112397,322584
13.132963134852398,15.067933181408122,259.00051800103597,891801
13.481397528224916,15.198148084581554,296.000592001184,681037
12.941032080863382,15.69623148290006,266.000532001064,793416
13.489989389427237,15.379827269831054,333.000666001332,803406
-4.871369237692365,-8.950203447056971,279.000558001116,26469
-4.691927552023972,-8.974661121258656,288.000576001152,437117
-4.966396580537851,-8.439973592305225,274.000548001096,189335
-4.48695792596237,-8.685922689289148,313.000626001252,565502
8.692096194474138,5.453679826814724,319.000638001276,361062
8.966505124231427,5.420339802669908,291.000582001164,383928
8.574769665373458,5.858215991901088,260.00052000104,67125
9.063653674315251,5.628833823886162,283.000566001132,467465
6.988884652469022,-5.191532529901683,282.000564001128,197746
7.58065281162161,-5.034826108716238,304.000608001216,601249
6.954555332369847,-4.623383163338275,271.000542001084,15203
7.315255930710755,-4.88322429443399,296.000592001184,564872
8.004271428756088,-6.559600064863486,303.00060600121196,147465
8.249333153758931,-6.784900592565449,231.000462000924,608799
7.785668406346897,-6.114421774566859,317.000634001268,118264
8.179941928916787,-6.355867981006177,302.000604001208,418142
-3.343951644292117,-8.893848966412211,288.000576001152,313844
-3.0240554152309014,-8.922414592525811,290.00058000116,636355
-3.4488352320999773,-8.647718745888515,272.000544001088,559699
-3.1169619057901,-8.51834179472205,303.00060600121196,73758
-2.5631258484461257,-17.03799363761925,4.000008000016,339
-1.837050930859558,-17.223086221783277,2.000004000008,517070
-3.4879407675987557,-15.58205005336542,31.000062000124,370870
-1.5759019261290632,-15.170480978684802,35.00007000014,455097
-5.809596886872818,-7.409810854729207,302.000604001208,560822
-5.416965784790406,-7.523129261502144,286.000572001144,174274
-5.824897170650528,-7.169920131169383,293.000586001172,616228
-5.488232822968843,-6.952378675370006,271.000542001084,281852
-6.310608215745145,7.636206295791927,277.000554001108,22748
-6.26760441845096,7.552309233959654,315.00063000126,276274
-6.498356965472624,7.965826238786241,285.00057000114,12155
-6.279886734629114,8.062444167948708,274.000548001096,648532
5.689602529805677,8.394144838325154,310.00062000124,530279
6.057554537533967,8.234413303418561,269.000538001076,158533
5.5428563231287145,8.92108332332497,287.000574001148,180971
5.8953971641706575,8.801618707897768,285.00057000114,515120
-6.433767535578162,6.179862507894358,333.000666001332,203920
-6.197399489614923,6.122416666229915,238.000476000952,274610
-6.560620668632756,6.420485069849754,312.000624001248,57316
-6.221334092493362,6.332470765373107,267.000534001068,639432
14.728693963518426,19.51038162235458,299.000598001196,753356
15.121780571371213,19.6094835656293,246.000492000984,746820
14.464317285153616,19.94106020757521,320.00064000128,886942
15.062054942877676,20.029325216825296,285.00057000114,795232
1.7962330961062312,20.557888675436587,288.000576001152,987100
2.266199885859466,20.472388348629448,265.00053000106,941086
1.773989808511849,20.978125681875863,308.000616001232,984605
2.0596138908916872,20.792805212604986,287.000574001148,900166
7.681106580077895,3.8413477472996784,262.000524001048,213101
8.349491238715466,3.750625137900517,308.000616001232,458368
7.730046739302703,4.164744932077158,256.000512001024,456532
8.286048486072415,4.353193815166138,322.000644001288,44346
22.06825196555379,11.099466169216443,63.000126000251996,786947
23.106906444172665,11.158875628537308,26.000052000104,895490
22.26661193273447,11.402373973294097,130.00026000052,842389
23.093942607694395,11.474773427813702,68.000136000272,725577
-0.5153297926356234,9.081646741341476,275.0005500011,79533
-0.0247965526352888,9.077454234938756,280.00056000112,477383
-0.5058835546037443,9.470615506123606,286.000572001144,301031
0.0205395260793954,9.561889861411204,306.000612001224,437567
19.74288160137673,12.963656725793603,284.000568001136,855509
20.334688597233324,12.95128529510576,264.000528001056,669292
19.83908790522078,13.22589367586682,314.000628001256,834449
20.14738779835977,13.213723571039264,285.00057000114,750109
8.753879936022244,-2.946059232778355,291.000582001164,398778
8.789904182068485,-2.823225886421788,291.000582001164,423124
8.556753211991133,-2.428697349473265,280.00056000112,619825
9.09771798786072,-2.554846322555977,284.000568001136,96978
8.743222429975054,-2.269247998887309,263.000526001052,633814
9.077594561816143,-1.9608811524134373,311.000622001244,513272
8.434508012495996,-1.823904735736928,295.00059000118,299677
9.06927943501246,-1.8674917434482103,277.000554001108,441558
-8.664437193223465,-5.117289013251263,292.00058400116797,516058
-8.472003136594376,-5.129198385175395,286.000572001144,31021
-8.830265110138324,-4.586133237432785,287.000574001148,2016
-8.515848860185594,-4.669625345333688,281.00056200112397,454013
20.60919570855868,20.308868715766057,272.000544001088,851441
20.83345963037729,20.392411353653827,280.00056000112,846126
20.51603868917702,20.817826499576807,286.000572001144,731500
21.102535925223552,20.968197219917197,308.000616001232,772781
10.11077460421619,0.9090720385410934,298.000596001192,323204
10.335830101598328,0.9427085119878456,266.000532001064,368933
10.09820302432905,1.120469627867713,277.000554001108,14631
10.556804293305332,1.182121599344053,304.000608001216,248298
-8.59577832270109,-2.911679519601743,297.000594001188,31867
-8.238986497587781,-2.7217767221777343,272.000544001088,339746
-8.877096919536449,-2.5457014373984674,319.000638001276,273433
-8.192695978399819,-2.369823403997949,256.000512001024,331577
-9.488789947713142,-4.466165112889165,300.0006000012,314576
-9.03297877005983,-4.255555326520245,290.00058000116,151814
-9.59990423658526,-4.017942898054646,265.00053000106,137504
-9.262397458471858,-4.084419279385612,289.000578001156,476585
-9.420782371046505,-1.1981710002825932,273.000546001092,187721
-9.067870819303852,-1.330328647141544,288.000576001152,200095
-9.51187000518934,-1.1334991786775084,292.00058400116797,184665
-9.186300320710584,-0.8224959810658558,291.000582001164,473811
4.108233134627401,-8.242186280036467,306.000612001224,26099
4.2598071927185845,-8.259872705147735,297.000594001188,297847
3.8863059242934335,-7.633426076592155,248.000496000992,402972
4.504141791453554,-7.886785691386654,292.00058400116797,430400
6.243396358923902,6.313622045064609,266.000532001064,150597
6.87500987632394,6.041520232633922,288.000576001152,64308
6.246126342175082,6.3722073248721465,287.000574001148,395322
6.838682820967581,6.643491218114911,302.000604001208,292791
6.893228893703497,-7.304845569486301,276.000552001104,105288
7.399330014915671,-7.423190146632958,287.000574001148,645852
7.240001927327333,-7.209308350113484,277.000554001108,562835
7.358886033680031,-6.936136345826233,302.000604001208,338942
6.21578944956506,-8.083614689729089,317.000634001268,485754
6.82141938813108,-8.140279110671674,279.000558001116,79651
6.268060453444614,-7.90194594449536,286.000572001144,282635
6.631673610324258,-7.784194664191224,259.00051800103597,193139
2.5672927932435545,18.079404773619103,42.000084000168,926266
3.361706103548443,18.686739616790938,18.000036000072,911003
3.1131667596140447,19.47493143719879,159.00031800063599,924536
3.6630455980642096,19.44908396446818,66.000132000264,916771
-11.990974038201209,-8.36961385457832,36.000072000144,181403
-11.790077534409228,-8.524081564331276,60.000120000239995,613884
-12.342828902269318,-7.982172925851343,59.000118000236,214936
-11.322461570686423,-7.696795920780562,130.00026000052,157560
-1.8656085997361744,10.023688925713667,295.00059000118,403820
-1.648521388681618,10.00074869030775,305.00061000121997,110268
-1.914724670376602,10.202022337173418,267.000534001068,472418
-1.5719350306700528,10.342995191044484,271.000542001084,381300
2.633786473926535,8.315249177404652,274.000548001096,308078
2.943889133312958,8.252824206183988,289.000578001156,173079
2.630999543363984,8.801339115915646,290.00058000116,136463
3.024329464795442,8.615714576411438,284.000568001136,604222
4.078649725695394,7.630028221779217,275.0005500011,462475
4.53179742088768,7.734343108822536,258.000516001032,407399
4.101686602299628,8.118664967912272,292.00058400116797,418307
4.3121632936547,8.110183349761208,311.000622001244,197058
-7.052595262790025,-6.020690860074353,276.000552001104,218112
-7.030487910551119,-5.8695377749388165,297.000594001188,454674
-7.37998719721239,-5.399516739697789,302.000604001208,154894
-6.908839380952782,-5.468140166355882,261.000522001044,57102
-7.934650474383688,4.559028907432763,299.000598001196,171328
-7.490481963261362,4.777084772730549,258.000516001032,542179
-7.921859079941385,5.0476241667787365,301.000602001204,592588
-7.634241285869061,4.854873301383549,278.000556001112,468936
9.270941458431649,-3.511370531921471,286.000572001144,468223
9.552038818032868,-3.645851639034533,280.00056000112,511483
9.184021390703316,-3.0963499673338624,278.000556001112,119636
9.890278419277768,-3.2610107919187423,291.000582001164,257152
4.125428168333943,8.391301161792327,282.000564001128,155712
4.489857339116928,8.334191193477148,288.000576001152,286636
4.201680932126069,8.809423511600933,309.000618001236,388504
4.567203044888334,8.947501204285027,256.000512001024,178984
3.350980851228119,9.236159261359049,279.000558001116,7061
3.696527072578087,9.177279441566409,258.000516001032,223322
3.476306400744437,9.506345501188976,313.000626001252,109306
3.686470234549838,9.54951128753478,285.00057000114,90765
1.2400155840620015,-10.308816528491644,298.000596001192,137981
1.3900785271511158,-10.33326482472431,281.00056200112397,606100
1.1407206336528364,-10.002657119442128,283.000566001132,301257
1.3376376027428931,-9.895985184109094,273.000546001092,426601
7.245128447705591,5.48115682799272,290.00058000116,155837
7.388972739598322,5.308439342447971,294.00058800117597,30186
7.212333686424738,5.86420827744192,279.000558001116,452415
7.390376412526958,5.609941745581051,272.000544001088,457457
-8.780042268063756,2.427335933653377,285.00057000114,607725
-8.285573404866229,2.249347284474992,294.00058800117597,39762
-8.786834544438468,2.622796060817276,277.000554001108,206924
-8.342703796808708,2.6827764983397286,278.000556001112,632228
2.6507210795064218,9.324989469271683,277.000554001108,314337
2.7685660161164294,9.175264616172957,289.000578001156,137249
2.3785161896816907,9.61511376301974,265.00053000106,353086
3.091051008264637,9.490999801413295,303.00060600121196,566824
-1.2029440670304576,-9.641084117812422,278.000556001112,269939
-0.6698127733008298,-9.499035776716491,306.000612001224,486498
-1.126144149378125,-9.388721262829725,277.000554001108,93111
-0.8078023614122247,-9.382549171656024,272.000544001088,604785
0.4429854912480549,9.286494909607082,292.00058400116797,579958
0.7549024043618839,9.142276374163597,295.00059000118,436069
0.3533756426263232,9.363410235647995,270.00054000107997,296680
0.5059830487999849,9.458682281237554,275.0005500011,142451
10.006092258543337,-10.267897993612836,71.000142000284,644925
11.074852250077344,-10.270520351300496,34.000068000136,267866
10.169969700097331,-9.322869444290315,120.00024000047999,168553
11.312031300805724,-9.5061104626796,58.000116000232,111720
4.840102081855795,-8.878884792817793,273.000546001092,206914
5.070377136865471,-9.042911837257366,287.000574001148,46845
4.721197316057968,-8.529047032330476,272.000544001088,11422
5.055467083923232,-8.716801280579224,300.0006000012,452661
23.021551564979823,16.027040261723776,298.000596001192,824964
23.348582986015057,15.855491587469144,261.000522001044,747630
22.893738644825604,16.175679422707155,307.000614001228,749747
23.089263985367133,16.380777640533648,266.000532001064,752759
10.002987259437369,0.1217104623816053,299.000598001196,334007
10.62004865672106,0.0831743533755171,248.000496000992,208186
9.951044207948303,0.6513514447565539,297.000594001188,584494
10.358918925513729,0.5542065297042784,288.000576001152,170296
14.415682474833844,15.86769804912535,323.000646001292,859926
14.952468757078924,15.937149686456785,272.000544001088,674993
14.46411450481577,16.197071982887735,301.000602001204,822813
14.909973664163878,16.30255582907065,235.00047000094,814296
8.45263704394889,0.1664048524316725,281.00056200112397,563205
9.095609191037536,-0.0483529026395195,315.00063000126,16023
8.467453419309994,0.5964773922712459,256.000512001024,103954
9.129562773266382,0.6263225848852841,278.000556001112,152078
-0.3643762559272744,19.70357036249473,284.000568001136,921651
-0.1000134721297121,19.595297826784297,246.000492000984,907078
-0.3776975376055168,19.886877585076835,286.000572001144,976508
-0.2608888642206657,19.97728330956892,314.000628001256,972753
-3.643972666128407,9.182387082962016,281.00056200112397,486646
-3.2138200676335047,9.157250566529765,283.000566001132,648979
-3.462813935706536,9.524857577676505,284.000568001136,630028
-2.9156154426701733,9.5929710852215,282.000564001128,438500
1.625315314300973,22.07803736677468,289.000578001156,916602
2.2815746484431787,22.070456618348825,297.000594001188,971730
1.9789838321725448,22.45439126815793,238.000476000952,952057
2.3592901214222795,22.17260355309581,305.00061000121997,960637
-7.288656295112666,6.072372178784758,276.000552001104,12851
-6.756572633792846,6.162039407682459,281.00056200112397,366287
-7.264788216937475,6.523061203777666,283.000566001132,75671
-7.031596422675404,6.4235281174511165,289.000578001156,257499
-3.459908633331952,2.9974313745640844,61.000122000244,160914
-2.552299659236632,3.594858231471997,42.000084000168,595831
-3.233311552097595,4.189990406528284,104.000208000416,612415
-2.315573505943733,4.050686576142111,75.0001500003,406685
17.030985561695772,21.238548434900554,265.00053000106,671784
17.207602192711487,21.343965771052137,256.000512001024,864572
16.958663886486327,21.587309443985205,306.000612001224,828633
17.046526884325715,21.50835977513079,301.000602001204,766226
-10.384503871770042,-2.2620898138572376,290.00058000116,394219
-9.67224396287859,-1.9882671638776708,279.000558001116,324670
-10.411296268109949,-1.898089916161048,285.00057000114,268591
-9.807397049703743,-1.776857494881871,273.000546001092,253610
0.3710614647336329,24.94432176322962,280.00056000112,918999
0.6442548663608316,25.110049947714767,271.000542001084,913603
0.4699471256199424,25.308822268508848,309.000618001236,982688
0.5708259641584764,25.221892318539368,265.00053000106,911248
21.47026423556157,16.578069925825787,255.00051000102,833804
21.715138270142432,16.69949123331634,307.000614001228,752322
21.214784997532977,17.076228768237318,242.000484000968,703315
21.71836669854337,16.89423285593225,319.000638001276,875867
-6.526147361657723,-8.172654199947242,249.000498000996,514063
-6.096958661938972,-8.028994237426303,308.000616001232,413015
-6.527223235577038,-7.784204392431232,264.000528001056,326989
-6.012943579180799,-7.611163425014682,302.000604001208,63497
-4.348607774499227,9.281123368301742,264.000528001056,381578
-3.771777605431881,9.174278484493897,288.000576001152,166066
-4.099718419460404,9.387523086309717,284.000568001136,200737
-3.9869314368948654,9.45391339890683,286.000572001144,108921
-2.6035299808775907,10.065931739356971,285.00057000114,569875
-2.319155535272554,9.737449978265204,307.000614001228,391484
-2.702106980897702,10.38555077255762,269.000538001076,190591
-2.364495987546146,10.163311706907011,260.00052000104,159099
9.221828129316354,2.9781731647278837,277.000554001108,94098
9.849146389590556,3.0301697830008907,275.0005500011,290431
9.278811192641236,3.354895660709577,289.000578001156,452138
9.570196800989471,3.3314010485390626,279.000558001116,35474
15.386641205481196,20.390102744242668,289.000578001156,801036
15.77480781096755,20.610355472926287,257.00051400102797,742013
15.169997560273371,20.97874259654694,292.00058400116797,817280
15.74742243918235,20.97188021050238,282.000564001128,799197
15.188071710790952,12.85708534191717,247.000494000988,817342
15.820190349307076,12.92819239429978,288.000576001152,722623
15.431047015838011,13.443654209323078,275.0005500011,675218
15.869933782593504,13.128162685107462,310.00062000124,659332
-7.207731165135231,-7.24422388780592,259.00051800103597,334912
-6.858726026063815,-7.21862474838562,276.000552001104,564128
-7.281798459242681,-7.052578776252233,299.000598001196,512460
-7.033175745750654,-7.000851840737804,286.000572001144,488837
-7.802130235165382,-4.4633774508129775,295.00059000118,316274
-7.597221082684312,-4.28867407849334,290.00058000116,284205
-8.04736439513574,-3.885296551668216,279.000558001116,213333
-7.594774341165921,-4.087004658954861,256.000512001024,489670
-7.043280402053488,5.301705608343679,277.000554001108,127875
-6.984121724010959,5.276218217781414,266.000532001064,435735
-7.264860498252395,5.611878857247774,301.000602001204,576454
-6.727900747941037,5.88984435394531,275.0005500011,33392
2.586952746809649,24.022835191226463,319.000638001276,988288
2.9575945313645056,24.35849222157336,283.000566001132,902946
2.410888896499772,24.543821842477172,270.00054000107997,945556
2.9907212545450794,24.654957423199228,247.000494000988,903738
-8.81866190153501,6.291424769607685,279.000558001116,4580
-8.280610094619977,6.060735534910972,288.000576001152,22777
-8.870703653114836,6.377598834712485,273.000546001092,361208
-8.419477028274496,6.5365021087311455,278.000556001112,148874
1.859753218746624,8.540405715465848,257.00051400102797,633891
2.3365842770761143,8.47322596779769,263.000526001052,534338
1.9036506363393897,8.710149079231536,318.00063600127197,236026
2.09398026534736,8.640887245248509,280.00056000112,571262
8.6928780004548,1.4544171448466117,288.000576001152,456960
8.866523850202325,1.4948598703577407,279.000558001116,267734
8.738882306065095,1.866484611029302,272.000544001088,407357
8.951211207538819,2.1576179448291994,278.000556001112,417778
-10.38000120732435,-0.6077934786131864,282.000564001128,135012
-9.675298017004769,-0.5816116046552801,279.000558001116,238487
-10.405706455815835,-0.1187321735280943,272.000544001088,642189
-9.69169673040693,-0.4370869359816555,284.000568001136,324890
1.097714358053414,25.81821156905943,305.00061000121997,940978
1.3405163885901457,25.804287972350288,284.000568001136,948254
1.2137129888186933,26.180018957371665,274.000548001096,935450
1.3991617284812017,26.172850866431464,253.00050600101198,949878
12.162622072644636,18.1523417880671,243.000486000972,886071
12.79109238853212,18.248719975950205,303.00060600121196,660909
12.161863974047607,18.57765478494197,256.000512001024,653262
12.7821928048501,18.476338327989016,314.000628001256,675438
9.38483921207611,1.5561088575077773,257.00051400102797,442579
9.645730941256218,1.5706476871335884,292.00058400116797,621498
9.161979281095125,2.097169623360667,277.000554001108,58728
9.838608652287697,2.186936946607599,289.000578001156,554321
-8.855624053277632,-5.904707242707094,272.000544001088,562226
-8.190474774841563,-5.88038372532102,289.000578001156,419107
-8.556303199620288,-5.461821879836503,266.000532001064,79438
-8.395066659028759,-5.339041998247739,288.000576001152,168362
-8.681491888748546,-2.082990691326657,285.00057000114,35934
-8.361964378883775,-2.113114974626828,290.00058000116,197709
-8.679266613313503,-1.81451641083475,291.000582001164,108029
-8.466972692331991,-1.6788650037014066,248.000496000992,87940
-0.524318784982891,24.95010734304697,243.000486000972,900128
-0.1320752536493284,24.87988695203241,267.000534001068,944313
-0.5846907922073048,25.15956828925408,291.000582001164,903911
-0.2382784916445806,25.34327991149231,313.000626001252,929606
7.690424057979557,-3.8053765483057536,272.000544001088,301390
8.30217824716001,-3.5370341468477724,287.000574001148,16825
8.010011717482053,-3.101457008928698,260.00052000104,593957
8.37026624645003,-3.3039457769827827,293.000586001172,30702
-10.238124792152457,-1.4602640668316849,266.000532001064,92859
-10.031304156538862,-1.307148487445054,286.000572001144,474377
-10.399528911442935,-0.8696022786471597,255.00051000102,454117
-9.78981876357735,-1.0297661904370805,304.000608001216,113377
0.4738156250705385,9.97773867841798,291.000582001164,247985
0.6929630776191357,9.970740210197926,283.000566001132,294257
0.4256400106316657,10.450686013202768,285.00057000114,552302
0.5011158905152664,10.417275005590517,252.00050400100798,423618
-9.529030636375994,-0.5500788381809048,273.000546001092,31485
-8.94230313252116,-0.8074819361875466,271.000542001084,391998
-9.396780898440348,-0.3951219605601759,298.000596001192,242881
-9.2252525557077,-0.3554118172063034,269.000538001076,364933
-10.174189552872248,0.7655409468956005,260.00052000104,634777
-9.76296761566246,0.8989381591767392,291.000582001164,153303
-10.400388213519344,1.09332712094093,268.00053600107196,640777
-9.884964829936507,1.2105232899829717,291.000582001164,9219
3.197251300879921,-9.700895273127898,260.00052000104,182430
3.823112165218687,-9.689708315611462,277.000554001108,440938
3.4886234422397018,-9.314811011479897,297.000594001188,612866
3.684175165113208,-9.181641846416188,276.000552001104,204238
1.166647154606338,21.0940179824054,294.00058800117597,998829
1.5698122007816997,21.115608384886748,316.00063200126397,920014
1.2375927416943335,21.674505981016758,231.000462000924,907695
1.5467796937950462,21.69134989788992,269.000538001076,919600
-4.232801139835212,-9.792556772606376,295.00059000118,233713
-3.751219509160101,-9.512652186565532,263.000526001052,81577
-4.069210184211901,-9.450072594558735,277.000554001108,206855
-3.70150399013155,-9.121649453075843,275.0005500011,176476
-8.856229469998611,1.457643391429671,258.000516001032,380596
-8.290691597150989,1.811836252751381,283.000566001132,393022
-8.801941049662798,1.8498043668874893,288.000576001152,602648
-8.492740954561548,2.1281176151147374,280.00056000112,157487
0.1759345315748317,-9.55262293781327,261.000522001044,220673
0.6165232512692288,-9.69552516576673,290.00058000116,526952
0.1216955382239849,-9.423936750691174,288.000576001152,562705
0.6521318683622653,-9.400169092178434,269.000538001076,555012
6.168045035796991,6.723434564258987,267.000534001068,299744
6.530480427819445,7.065689221290002,282.000564001128,426556
6.297890517934319,7.259966122967352,283.000566001132,478806
6.639609316406903,7.087703997946456,275.0005500011,199726
13.254009432925304,20.37212038855858,254.000508001016,774442
13.600639395134,20.397956951211874,307.000614001228,897737
13.089534194804642,20.875574209514696,264.000528001056,809480
13.319564668300927,20.676487001591557,281.00056200112397,704028
-8.841906391904615,3.270983451670594,301.000602001204,386423
-8.340671269285297,2.9815599120727687,277.000554001108,177284
-8.575215450151292,3.582768764426522,271.000542001084,315267
-8.377916446041711,3.3780105905592555,257.00051400102797,309719
8.59302158340864,-5.762667987392709,286.000572001144,265754
9.0330034243371,-5.815064939948403,252.00050400100798,399443
8.645763418160366,-5.430406604528845,287.000574001148,505415
8.832927703736557,-5.663276238674964,281.00056200112397,27689
-10.09102186718011,-2.8523847800809645,287.000574001148,489583
-9.780854265021922,-2.797003948514469,268.00053600107196,151537
-10.2723111472842,-2.62841985748434,284.000568001136,147969
-9.766725205701396,-2.372682173046936,267.000534001068,265379
0.2991212520469746,-10.309818857422249,274.000548001096,57771
0.7359709570663683,-10.40646562431663,269.000538001076,646806
0.2950422751505659,-9.89429915552278,278.000556001112,141541
0.7825689853113628,-10.17638798641837,285.00057000114,568001
-5.862317208014585,-9.051118047339758,245.00049000098,220660
-5.471847757223063,-8.733486543587727,274.000548001096,180658
-5.758998835284031,-8.529470098350247,301.000602001204,327272
-5.189803674136341,-8.419234189513203,286.000572001144,581027
22.287859508995933,14.546678554179593,286.000572001144,857523
22.592317175430853,14.32524491723498,233.000466000932,696787
22.134274853965174,14.828785956879315,339.000678001356,780535
22.571372899530594,14.71107843559292,248.000496000992,833887
1.075089312925667,9.726954041759418,275.0005500011,27078
1.2467541667039734,9.866451160947776,291.000582001164,240800
1.0590758432108625,10.459856490901537,254.000508001016,4729
1.354518126625163,10.432729230073749,285.00057000114,448258
19.15933800882518,21.322646122571847,245.00049000098,846109
19.584926038674112,21.104931735971487,270.00054000107997,771791
19.104955056913354,21.406846627007084,301.000602001204,885879
19.626642005172133,21.647646378779207,288.000576001152,874004
-2.0265167945451097,21.836790720769976,285.00057000114,976931
-1.679620324493275,21.79435953898081,265.00053000106,958120
-1.9888980879370608,22.30332349176014,299.000598001196,953111
-1.7295230756139346,22.419503596927758,254.000508001016,956526
16.18139356677711,14.484291320288246,325.0006500013,819997
16.31471716460729,14.415876699540611,289.000578001156,671602
16.205329124448305,14.623376235257703,275.0005500011,873104
16.3098551853893,14.61097667456967,213.000426000852,771018
1.6428383916841198,9.901879806310305,282.000564001128,127192
2.227751276810034,9.859386874295126,282.000564001128,383651
1.899433544521314,10.116446467643746,253.00050600101198,590047
2.3298265048753617,10.192124349911014,284.000568001136,178763
23.05305476429464,19.721111600849287,268.00053600107196,699994
23.22157289044372,19.598223777769988,282.000564001128,737922
22.75142858071161,20.215267344726637,312.000624001248,686972
23.42305814820895,19.99728894302211,239.00047800095598,890764
8.652358725815251,10.951931880446145,111.000222000444,368306
9.844377285675357,10.920408133084385,75.0001500003,382493
9.117035519116712,11.308710422360669,52.000104000208,553000
9.382236836352869,11.593721889129949,37.000074000148,255082
22.095588013761507,21.291109295595724,318.00063600127197,855833
22.431993446367848,21.24180163775573,283.000566001132,784700
22.14390074113115,21.488313559213875,263.000526001052,735206
22.5448460623364,21.473530483733345,236.000472000944,889439
-3.616582119439516,9.746026531533664,273.000546001092,102106
-3.156751405500838,10.05295762671019,317.000634001268,99448
-3.379602626347753,10.155660115559536,235.00047000094,14508
-3.010713066347307,10.122676101280602,274.000548001096,197025
10.267957725893714,1.801442971519608,306.000612001224,10964
10.271001378451585,1.7410579145199503,240.00048000095998,209724
10.176476720652962,2.1130187888992915,273.000546001092,555276
10.486278361231944,2.0738910550461744,280.00056000112,614684
7.136097880049302,4.744892919396258,253.00050600101198,371266
7.544166959917926,4.632796653970245,255.00051000102,193857
7.230047859779921,5.171563620216527,288.000576001152,485476
7.612564118168767,5.044860840048019,302.000604001208,612130
-3.61875588902748,8.425417529890087,282.000564001128,591046
-3.077090863083557,8.4191919282952,257.00051400102797,198243
-3.4855593920259715,8.712563025100891,300.0006000012,351121
-2.9038098601154143,8.861532489431484,259.00051800103597,138907
-0.4545559690206313,-10.54880194893105,248.000496000992,370683
-0.0886636034466967,-10.388497123974068,280.00056000112,202024
-0.4607259349432397,-10.092474642053196,279.000558001116,450545
-0.1917490608097442,-10.173992658655676,290.00058000116,217849
-4.319464967241915,-8.17259357547277,258.000516001032,303364
-3.9977416513987274,-8.14342852835871,298.000596001192,350076
-4.400975147212827,-7.664224017866367,284.000568001136,103098
-3.820556371944196,-7.915474001007469,257.00051400102797,317407
21.197394253084266,21.801263683517817,289.000578001156,829373
21.60720792933713,22.027663676234216,281.00056200112397,748014
21.47132718402458,22.274804437727163,275.0005500011,859727
21.725260243847856,22.4500354523352,251.00050200100398,829853
-2.06583405425282,-8.997214655213806,259.00051800103597,287183
-1.6385815968550013,-8.959977442106574,271.000542001084,44823
-1.9693044102151984,-8.400065158097137,290.00058000116,137452
-1.543908534099425,-8.406239625848329,276.000552001104,27843
8.718729365748953,-0.691560250620709,257.00051400102797,527255
8.80292724744707,-0.5664608274825785,302.000604001208,332006
8.428574264513117,-0.3565382430629754,251.00050200100398,474667
9.098403615154613,-0.4244421522428228,285.00057000114,278460
-5.579530454616856,7.690578076197839,274.000548001096,587569
-5.164587740321278,7.653745304667839,278.000556001112,279663
-5.555843527616378,8.00888086310008,254.000508001016,90871
-5.252170149872504,8.149768276623025,289.000578001156,504064
-8.685947955295122,0.221464880334792,301.000602001204,426391
-8.532597446721548,0.2667472714130078,279.000558001116,128045
-8.845512049029475,0.4222008542559033,291.000582001164,479057
-8.210022516586402,0.5339113032352589,223.000446000892,507980
3.2589547144540285,-8.104498703617177,273.000546001092,358796
3.8088598216275606,-8.282173997533258,274.000548001096,26025
3.3956723532281976,-7.873256172716704,273.000546001092,569012
3.7720417759509215,-7.7408335076273955,272.000544001088,435436
6.486620217713532,7.764765680756881,287.000574001148,383220
6.549337813970991,7.700818037428253,268.00053600107196,274865
6.385328021192374,7.905312349540507,246.000492000984,9932
6.540511144411474,7.899315099462713,291.000582001164,310162
2.6290508183691244,-10.289218810607164,277.000554001108,159540
2.971774481414032,-10.331300704424214,249.000498000996,50007
2.7259721304129902,-9.989080999273568,286.000572001144,476930
3.0125140918493822,-9.934551508130845,279.000558001116,283018
-5.074526839512823,8.995210526626455,277.000554001108,482123
-4.409673737199198,9.17247004287726,290.00058000116,549228
-4.865009023320072,9.53484063102042,261.000522001044,32877
-4.552820468272911,9.5510801829185,262.000524001048,407690
9.965161893456813,-1.512904736983241,275.0005500011,220346
10.395494522213072,-1.4665292566559387,273.000546001092,202350
10.02986902435116,-1.0335893637355935,272.000544001088,316234
10.606971738669724,-0.961505069745008,270.00054000107997,454715
9.438621254120084,-4.228554201754891,271.000542001084,187404
9.616092911848009,-4.41622916088359,268.00053600107196,558924
9.45749154298652,-3.981042650611249,302.000604001208,346594
9.601438993212662,-4.105363031436828,247.000494000988,263241
-8.67544799480586,-0.685089770738368,268.00053600107196,179155
-8.24786920527736,-0.7310392373301312,252.00050400100798,608231
-8.715118798861297,-0.160440483558073,303.00060600121196,294127
-8.174380533930497,-0.2653756847715058,265.00053000106,380730
-8.813201509876112,5.451201908606151,265.00053000106,626319
-8.195254898725246,5.342921619980417,298.000596001192,470419
-8.55444121279128,5.733027473498495,235.00047000094,287669
-8.33714312882038,5.673893093725481,289.000578001156,198430
0.3454347578766096,19.520284026936903,278.000556001112,943545
0.5986891752503856,19.70189899397092,231.000462000924,952197
0.4832343511866229,20.04664344262124,295.00059000118,902851
0.6658356771447714,19.92168042049005,282.000564001128,995823
21.357240874083036,18.17872876076753,265.00053000106,790575
21.623961079417157,18.081320313384804,286.000572001144,867400
21.368415365830774,18.56851876741924,241.00048200096398,740538
21.74764865065197,18.45836126746649,293.000586001172,744988
0.2285593330121452,8.476682146049672,248.000496000992,535363
0.6437084227535825,8.364130001315846,273.000546001092,543071
0.4315549010717502,8.928345921388491,271.000542001084,255173
0.7850023138999116,8.822790301915619,292.00058400116797,233423
-12.6700892867917,8.15056217402529,69.000138000276,285532
-11.325877533882718,7.779591438875075,112.000224000448,279499
-12.087383705712815,8.730356824980579,29.000058000116,600407
-11.453650177673346,8.292830564533936,61.000122000244,160119
17.985802763464687,9.33569049841743,25.0000500001,879927
18.33210221000101,9.61454726226382,26.000052000104,862689
17.861696090780093,10.176271821343107,116.000232000464,753699
18.38046526911122,10.00701068664625,104.000208000416,845015
1.6928975638876933,22.685043289204227,245.00049000098,974018
2.0413184340848654,22.578587068351872,302.000604001208,918787
1.8973681155588056,23.12793751797834,264.000528001056,946877
2.1826905017764786,23.171495627509128,272.000544001088,968879
-7.165706920563871,-5.191972831431218,252.00050400100798,515667
-6.8851851561326445,-5.264257753957292,279.000558001116,625905
-7.339528410219256,-4.647947215186346,283.000566001132,531670
-7.014345972832698,-4.80902912955479,269.000538001076,343565
-1.289266691980803,-8.734687504410854,246.000492000984,457103
-0.9925872511801904,-9.07475164948997,289.000578001156,503975
-1.2401918737925608,-8.698828026584051,285.00057000114,450850
-0.6730279178510786,-8.497323250580171,262.000524001048,524682
-7.136632068906232,7.610631933532599,272.000544001088,105296
-6.989798133368465,7.8046422709029555,300.0006000012,130365
-7.288929889681478,8.035958059974085,251.00050200100398,453134
-6.9687348402983655,8.061238653031578,258.000516001032,105141
-2.099807036531651,8.272740535648985,267.000534001068,181810
-1.4241282665976516,8.254581404612292,250.000500001,558162
-1.7728127173483357,8.704756186174498,271.000542001084,624710
-1.4098460464848876,8.915334856363268,292.00058400116797,265296
-1.865045442880732,-10.476594470474248,244.000488000976,452353
-1.4535788707079629,-10.289164845167551,260.00052000104,416063
-2.09592554156718,-10.184252931036893,285.00057000114,592584
-1.5758987191782257,-10.00090648483012,290.00058000116,11374
1.1690794689422332,8.535349484874414,269.000538001076,315599
1.3331930847133604,8.44985264776801,248.000496000992,646320
0.9211243765031628,8.945569381264407,292.00058400116797,70951
1.592236481952974,8.955677521264324,269.000538001076,2944
-8.009827862006274,-3.4909404191971625,248.000496000992,79138
-7.783165389532775,-3.493114227080309,295.00059000118,417924
-8.092008215971983,-3.280432192832541,307.000614001228,295949
-7.610968759614507,-3.3212714089406017,228.00045600091198,248423
6.1693333942876105,5.229312011492746,241.00048200096398,103162
6.643542502513773,5.340211107603776,259.00051800103597,589045
6.270310640387355,5.9351382695584025,291.000582001164,542666
6.609524763876865,5.856054166226032,287.000574001148,176877
21.230782598340657,13.843916622935474,266.000532001064,653259
21.826888893623345,13.577070841917068,227.00045400090798,720482
21.429684219292792,14.196086267677517,312.000624001248,651210
21.675866943706325,14.050552239262084,271.000542001084,806935
5.594514378294986,-6.675447800766934,278.000556001112,647698
6.110290720809663,-6.775682372779358,273.000546001092,605702
5.712071757390612,-6.093189404646885,267.000534001068,385629
5.860119617097619,-6.2993028500470185,258.000516001032,587364
7.823506932271153,3.2086961609008777,263.000526001052,556737
8.259243858205032,3.179712330505236,288.000576001152,27661
7.785185213628998,3.4043549018897266,257.00051400102797,356303
8.05092460344716,3.558453480113729,268.00053600107196,218279
-3.383005917462557,7.756250904894452,245.00049000098,345625
-2.9361042957656496,7.601333964799893,250.000500001,393186
-3.5215790804761027,8.115054819658996,288.000576001152,559337
-3.085710376478338,8.156076384160356,291.000582001164,611115
10.189721113999726,-2.9758825402316043,276.000552001104,19086
10.396717559431336,-2.9681979077483778,234.000468000936,584038
9.938503795034055,-2.5112610409959704,321.000642001284,3512
10.455509121563706,-2.538859911646294,243.000486000972,70457
8.440562239394096,1.045130855820011,244.000488000976,230379
8.782029993726498,0.8161442797954879,284.000568001136,596325
8.507268438693897,1.3366825196167076,271.000542001084,216342
9.02408634312126,1.348049839713952,272.000544001088,3728
-10.051332536977595,2.426273441590336,267.000534001068,273941
-9.910868636520297,2.543264783682736,300.0006000012,256662
-10.147178290846655,2.6213561754438857,245.00049000098,617719
-10.008513712317942,2.753390603131881,259.00051800103597,158478
4.861448589715784,-7.2829463270990065,266.000532001064,272301
5.177374496563331,-7.557967269429825,274.000548001096,398728
4.928907626735798,-7.071967479714725,249.000498000996,622474
5.287000902687369,-6.860043802288448,281.00056200112397,85288
21.411005379253023,17.525948340153157,254.000508001016,707415
21.807475093321496,17.27896110549881,324.000648001296,869463
21.245518194004354,17.793108548434976,200.0004000008,883928
21.798424739692315,17.771801684747988,291.000582001164,766426
2.394108193515143,9.909477932464329,270.00054000107997,595915
2.9057814161418176,9.88571671997145,284.000568001136,518818
2.4289591560002486,10.170063091475338,241.00048200096398,273904
3.0347236714191346,10.122791681553611,274.000548001096,464495
9.929777476693712,-2.311091632475385,284.000568001136,117681
10.467232461895527,-1.983858742730516,267.000534001068,148709
10.134334734618298,-1.5834741729380768,245.00049000098,432730
10.579759736525146,-1.5732203848795172,273.000546001092,493811
5.470797985015159,-8.902724728403872,280.00056000112,383680
5.992618274854363,-8.962828776755325,245.00049000098,229893
5.735545374455752,-8.6970026262052,286.000572001144,330790
5.829366618552928,-8.608679117969475,257.00051400102797,225960
15.418633369068942,22.870719645164783,294.00058800117597,826293
15.629601495621738,22.80341305627476,297.000594001188,864895
15.500024634034984,23.006645356718984,241.00048200096398,712307
15.886965711097696,22.9512254198542,234.000468000936,762274
-3.348333591910708,-8.075310276482805,286.000572001144,231336
-3.224744071510368,-8.119732438865118,256.000512001024,617871
-3.621557698099673,-7.714917930818513,261.000522001044,217948
-3.1057057126893914,-7.898811860130755,263.000526001052,412368
7.255278624908151,7.659054270536584,300.0006000012,439621
7.521690247269577,7.81050931455449,265.00053000106,335691
6.988916772839952,8.1012956602082,284.000568001136,116171
7.44325231930712,8.053040223728424,216.00043200086398,397559
-2.8002857108797263,8.478644143194733,235.00047000094,63887
-2.50022099748783,8.445123613759355,251.00050200100398,403442
-2.6790526612249206,8.882138058385017,290.00058000116,54048
-2.271255239214038,8.596361618307512,288.000576001152,30839
6.37478518333896,-5.7596911341765775,270.00054000107997,103108
6.574278963608062,-6.068056136441026,293.000586001172,148279
6.395313454961487,-5.349141359431754,250.000500001,168619
6.519782403493932,-5.541656206707349,249.000498000996,280460
18.42115273477196,12.199261953884566,236.000472000944,874153
18.577555717065508,12.093952396359608,222.000444000888,760408
18.421860707284274,12.704753603768932,298.000596001192,807669
18.887079631803367,12.594589646388124,305.00061000121997,860725
-4.832587128734341,-7.22695547418079,275.0005500011,362512
-4.602199333903886,-7.4618004089076,262.000524001048,233095
-5.039859243558686,-7.128791281717479,282.000564001128,392642
-4.438381769076923,-7.064062884392668,241.00048200096398,218548
4.144528912689536,-9.78816791459816,244.000488000976,123005
4.26833836565064,-9.590280972525148,244.000488000976,83896
4.224357896767979,-9.301658640491093,265.00053000106,458799
4.558059072095644,-9.319183204246418,306.000612001224,15013
1.1624508509406353,-8.827349334017788,276.000552001104,322668
1.4083966445900862,-9.02455708706938,275.0005500011,183924
1.201173054422019,-8.367517155360444,241.00048200096398,479562
1.2795744886914089,-8.443317730723702,267.000534001068,635973
-9.530644085664186,-5.255176820189157,240.00048000095998,509779
-9.06700809445612,-5.312898546891274,255.00051000102,375836
-9.510559791858,-4.7525795679281,294.00058800117597,495255
-9.056836028564472,-4.895659337048047,267.000534001068,405655
-9.622978030204845,4.751098902518352,267.000534001068,293713
-8.989679082075245,4.791026852343633,263.000526001052,517041
-9.351154744248118,4.884352045117934,244.000488000976,324637
-9.034751842359409,4.94827966031298,281.00056200112397,35415
12.486412377844411,17.587559887839614,255.00051000102,855323
12.576311613955044,17.3742654030226,292.00058400116797,739791
12.17699143044869,17.897135809689786,209.000418000836,749780
12.826172395704663,17.841570316927655,298.000596001192,830808
4.815089674139026,7.011843123633129,224.000448000896,333599
5.290634978515746,6.779075067172999,275.0005500011,383195
4.9385334289147815,7.42836199867668,276.000552001104,267974
5.31689115972288,7.434987637914932,278.000556001112,472885
-2.872145829891588,24.770232651682036,261.000522001044,996827
-2.495885499937828,24.893941639814223,305.00061000121997,997783
-2.7466621445376598,25.19775898723748,226.000452000904,923294
-2.247483724966399,25.29378547236111,258.000516001032,940590
-0.503752117832352,8.347930580271072,262.000524001048,406058
-0.0159807783320798,8.381084409150363,247.000494000988,251738
-0.4873296235436231,8.907480594149611,258.000516001032,157223
0.0782400541168325,8.605045561630513,283.000566001132,210768
-3.365013875953666,23.294749998531067,253.00050600101198,962906
-3.047785209911244,23.272947625911115,279.000558001116,965860
-3.615953297164593,23.950365875570498,236.000472000944,950122
-3.223943257610021,23.938280829341178,282.000564001128,942481
9.95724840790389,-0.7508318654978495,235.00047000094,377432
10.313004924116225,-0.6364800153064717,264.000528001056,103892
9.944281862152954,-0.2616368010594797,264.000528001056,416073
10.369319611212216,-0.3932125822355519,287.000574001148,35094
-3.434575417474135,22.82411413664461,246.000492000984,932573
-2.913039455931117,22.52020917856232,291.000582001164,941296
-3.6052778295468495,23.000074540306397,231.000462000924,951353
-3.200881399170576,23.13929938697111,281.00056200112397,956590
4.755060847982505,9.226031596919846,280.00056000112,29391
5.264588942370165,9.258950151990163,271.000542001084,376556
4.94678737156575,9.4034699091772,264.000528001056,281587
5.350943344683328,9.678003642151111,233.000466000932,414527
-8.879152720653602,-1.2859123807961652,297.000594001188,640956
-8.193004839256028,-1.240178225624869,228.00045600091198,736
-8.638107458785907,-0.8298808565410418,293.000586001172,618468
-8.515937245296683,-1.0292944518045926,229.00045800091598,436382
-8.020034840436754,-7.383732070175595,243.000486000972,389785
-7.7753292540756895,-7.422629772737608,252.00050400100798,549217
-8.123461678680606,-7.080176913210716,265.00053000106,118034
-7.509561747380528,-7.12230681051174,286.000572001144,464855
19.28348706136689,14.37421277351601,280.00056000112,884999
19.364862367282974,14.248618512127878,278.000556001112,810758
19.117310556554887,14.974636365261205,223.000446000892,846649
19.34411635095759,14.905482205593785,264.000528001056,689048
2.4797113024595645,-8.292463241529964,260.00052000104,426619
2.7845625117995043,-8.227014042518686,286.000572001144,354148
2.6689854231464287,-7.634230620620372,245.00049000098,646235
2.894987075249676,-7.675160464907098,253.00050600101198,622857
2.7209392454273136,21.32209428397968,277.000554001108,988946
2.902605723052868,21.004673052173946,227.00045400090798,957885
2.571124223595716,21.539146873086807,267.000534001068,906808
3.0901671931518115,21.55794694778761,273.000546001092,987167
1.7428985624256752,-10.388925436432364,254.000508001016,164461
2.212019860108078,-10.529106170935318,240.00048000095998,370284
1.8380824375128584,-10.000596069411422,276.000552001104,396190
2.309045353033558,-9.907143371517902,270.00054000107997,48901
-4.796916641102237,6.799654898979194,263.000526001052,520690
-4.708398684725711,6.857062124622109,243.000486000972,128368
-4.780666081106093,7.376545131974032,273.000546001092,311008
-4.483470817257289,7.13646311229264,260.00052000104,480341
3.392722691366988,10.07505747819788,232.000464000928,630766
3.873407735712444,9.975752614338331,285.00057000114,623524
3.449071045571738,10.222216071486312,281.00056200112397,469361
3.687811496996834,10.238619566060184,241.00048200096398,176607
9.347656434013604,-5.267745210981649,265.00053000106,290157
9.82139507438818,-5.301126691178316,251.00050200100398,298787
9.309897845449544,-4.601559139910429,288.000576001152,496233
9.647115836920422,-4.746984514394299,234.000468000936,61234
-7.940122884229432,3.140302172675086,290.00058000116,192664
-7.450313574584547,3.2318567518059336,244.000488000976,454663
-8.048939541810077,3.386170249233293,266.000532001064,105080
-7.56699133834952,3.4023352827264333,236.000472000944,111065
10.486990095733969,14.073741968998643,25.0000500001,724042
10.704210891078835,14.063817720581854,84.000168000336,741586
10.584166412881382,14.949872586132884,37.000074000148,875631
11.215247911079713,14.526476565112468,113.000226000452,820771
-6.653501510945526,5.489437729695164,252.00050400100798,159259
-6.208178770535165,5.365217409247999,246.000492000984,284483
-6.5640181943188525,5.717611828499298,267.000534001068,104034
-5.962730118034023,5.638722650727599,270.00054000107997,171375
-7.354697608514659,4.796530056799333,278.000556001112,337132
-6.964437551148662,4.499205140973567,228.00045600091198,315406
-7.366665314431825,4.854351676195864,278.000556001112,222091
-6.923937429772297,5.085011879920435,250.000500001,137282
15.507021106926086,15.196019827134297,304.000608001216,701235
15.880878437313156,15.224157034672798,273.000546001092,888098
15.180512312353969,15.562660826925976,254.000508001016,723574
15.76906879952313,15.615110608449903,202.000404000808,786648
-1.2942217462289625,8.33295846018913,238.000476000952,437788
-0.8001539926068298,8.50166186321223,229.00045800091598,270688
-1.330623018074456,8.836705459982547,281.00056200112397,97506
-0.7435158063832352,8.61452237185421,285.00057000114,9536
13.297014242759095,5.086284087013215,109.00021800043599,355969
13.700492695669526,4.578725734736622,42.000084000168,212323
13.040345183275845,5.551403394387394,80.00016000032,320034
13.768722197287657,5.378524514843778,27.000054000107998,37249
-10.303936428702183,-3.569509126132755,280.00056000112,392356
-9.849474826283604,-3.583725029133496,267.000534001068,252977
-10.269870077314865,-3.140608548800617,235.00047000094,409853
-9.878887571943528,-3.437029388317153,250.000500001,371595
12.39353491773102,18.975260260966795,281.00056200112397,872177
12.538904358857042,19.054694072659164,261.000522001044,868880
12.158813216441487,19.285411434901427,214.000428000856,740939
12.693590616481044,19.285343208519738,275.0005500011,760500
9.309158944910743,4.783453140421698,295.00059000118,548167
9.70768143960136,4.812014415781246,250.000500001,238134
9.336496774816188,5.199450156250435,264.000528001056,105284
9.53336265312252,4.833414933875948,221.000442000884,402169
5.435366578331088,6.304736621362923,261.000522001044,176556
5.981029611782896,6.208920839134413,276.000552001104,406610
5.638028532294086,6.353854131851237,221.000442000884,91856
5.765823861537571,6.395077566696622,272.000544001088,260592
12.48032329978678,16.49461909396094,227.00045400090798,670211
12.630903473388068,16.57894873756079,272.000544001088,830038
12.256347692677016,16.912350561248296,234.000468000936,661127
12.895890840643432,16.991207264329237,296.000592001184,835038
-3.584538344276918,13.520799870254027,74.000148000296,560052
-2.880543630174594,13.659536435975864,116.000232000464,564143
-3.2352130939552213,14.300445953052629,31.000062000124,572552
-2.3738955245108926,14.520383789859764,36.000072000144,149151
-4.174104710312247,9.928390304348149,277.000554001108,248462
-3.886300233717926,10.03460414000099,279.000558001116,339492
-4.386497322411531,10.216178907639495,225.0004500009,618378
-3.6848666526655065,10.326269384060332,247.000494000988,308678
18.506356615356676,23.39378422027781,283.000566001132,708773
18.79692772700786,23.461220679245617,274.000548001096,666407
18.36846157070229,23.923051823275863,219.000438000876,659009
18.74317283173319,23.726714713318444,252.00050400100798,692015
22.067133071172005,24.090734270699937,128.000256000512,795933
23.24429060373824,24.707802169528343,69.000138000276,880951
22.060624614256604,25.460380732935054,43.000086000172,741007
22.777300449331456,24.88594975637003,17.000034000068,687958
3.148570944167097,7.739614280859429,242.000484000968,648992
3.823329742583688,7.683169156514503,261.000522001044,31549
3.4964050060487737,7.999687106942797,240.00048000095998,354909
3.841939160410932,7.96834249421944,283.000566001132,244169
-1.896033656192735,23.47468856848505,290.00058000116,944667
-1.6609971175464815,23.33550785183405,226.000452000904,909117
-2.017840437342657,23.871335339258277,273.000546001092,948914
-1.689917091956635,23.86895901918153,236.000472000944,966066
-6.301829996277595,-6.008911687135756,258.000516001032,68790
-6.248777587434912,-5.907666505940047,282.000564001128,184205
-6.561855422733924,-5.522772200617899,248.000496000992,130611
-6.079223273579815,-5.604940579640821,237.000474000948,19856
6.135456736360293,-5.092126885068066,263.000526001052,170770
6.691949804883879,-5.191395755882225,273.000546001092,479856
6.244845551718916,-4.641872943280998,248.000496000992,58476
6.828834554977884,-4.603530062040431,240.00048000095998,439941
-8.839703481225325,-6.492353322419133,226.000452000904,501251
-8.275582664473761,-6.809287249297372,269.000538001076,501306
-8.544694039759781,-6.328347058574399,246.000492000984,560046
-8.229748762952308,-6.25470956798582,282.000564001128,632570
16.737518548214187,14.233231052414148,289.000578001156,830728
17.328546576210808,14.60761563190154,253.00050600101198,790899
16.854801661700456,14.76977665588587,254.000508001016,771570
17.301069189635292,14.747739381237505,224.000448000896,672155
1.0781757720064542,24.31604658122972,230.00046000092,914296
1.4236155558265886,24.110647408535016,241.00048200096398,950049
1.0734437629730522,24.403548426761223,240.00048000095998,985070
1.6076678874323322,24.570943955679,306.000612001224,932262
-7.95628867071907,6.794358822664248,241.00048200096398,337111
-7.592839489399572,6.8024825403895255,291.000582001164,134286
-7.835378598247518,7.29927335556047,226.000452000904,466244
-7.733258728705182,7.422762679537947,259.00051800103597,492348
9.457347701203869,3.9350350201806874,266.000532001064,200179
9.683688153857316,3.925906130429933,243.000486000972,614308
9.331199928261164,4.2958000616475225,269.000538001076,439539
9.825243750330818,4.261050882895012,236.000472000944,623659
-10.202188522478185,2.9564005690976245,236.000472000944,614083
-9.804457175402046,3.285957460479469,268.00053600107196,625835
-10.181246586968385,3.505177601439105,236.000472000944,68224
-9.682545543763066,3.614940479565006,274.000548001096,234869
-6.521674806227842,-8.786589820852377,220.00044000088,511395
-6.237662556057666,-8.814417130236965,245.00049000098,529128
-6.528870996245366,-8.695369068867608,284.000568001136,346430
-6.26679049193646,-8.387136980443263,265.00053000106,258853
8.414680928613778,-11.907694252994885,58.000116000232,425443
9.894124135279748,-11.762670819672476,28.000056000112,331857
8.398560267547975,-10.734635027415123,100.0002000004,226446
9.386396930810935,-10.70862791001374,67.00013400026799,23660
-4.387226882643762,-7.459808100025552,290.00058000116,579831
-3.846814617117844,-7.254972907898236,252.00050400100798,460553
-4.11446929114276,-6.940846417073144,253.00050600101198,267793
-3.909551729523899,-7.142275690727258,217.00043400086798,587457
10.024817218004134,2.2461399589390663,285.00057000114,639378
10.603848663818678,2.51429269149503,224.000448000896,52740
10.011108424306766,2.8179344696870365,241.00048200096398,593339
10.356511044079388,2.73430726765723,261.000522001044,189201
6.292466325327169,8.288297034850448,260.00052000104,616051
6.732676515690468,8.274480966531435,254.000508001016,258330
6.267404472935665,8.64448487133779,261.000522001044,5372
6.857292066752924,8.718838375248882,234.000468000936,61146
-4.851292585266155,-1.1588509379734986,87.000174000348,501200
-4.001367638255701,-1.5185695652588551,35.00007000014,536072
-4.683342728930035,-0.2454656164121179,99.000198000396,637999
-4.110243683437253,-0.7254113813049659,31.000062000124,93141
17.637104437195195,23.32509861436088,277.000554001108,729255
18.068576371942285,23.266506107664856,283.000566001132,879647
17.73913547149738,23.6439505833394,218.00043600087199,739915
18.014867389197764,23.923382310031464,229.00045800091598,794662
-9.367498629030056,5.32170903151054,252.00050400100798,54876
-9.034354737571542,5.551450593332584,265.00053000106,275000
-9.637052983445631,5.691553996032178,228.00045600091198,46294
-8.917885976817587,5.838208095284453,262.000524001048,9532
-8.786031500778407,0.9179676999375403,269.000538001076,450933
-8.345979153571243,0.8527401614827258,238.000476000952,515086
-8.874442438201857,1.4350263582380345,270.00054000107997,265203
-8.501047139853922,1.3321964269510091,229.00045800091598,116091
-11.001751303132624,0.8259319686500698,243.000486000972,635714
-10.79548831501926,0.837267662513148,250.000500001,394957
-11.157827938513112,1.2783076583661368,226.000452000904,540374
-10.466756400806958,1.2253841344360776,287.000574001148,601814
18.329955034153727,14.46381902912955,255.00051000102,697505
18.809249340438807,14.58845641266906,299.000598001196,650005
18.444804343123774,14.962344000316508,220.00044000088,847181
18.90076744737511,14.908534928694428,232.000464000928,677843
-5.127352971791045,-9.752780217425071,240.00048000095998,506413
-4.768927077333097,-9.619457475220608,229.00045800091598,322666
-4.872450519421031,-9.240096823067857,258.000516001032,352357
-4.5214847692512405,-9.353783933301962,277.000554001108,404007
-2.693317073501486,-8.044669229893316,263.000526001052,321851
-2.367502126894813,-8.335323612495916,250.000500001,259381
-2.541188439848222,-7.939550175448471,252.00050400100798,13043
-2.320174468321168,-7.882778151316662,238.000476000952,14198
4.044471869966327,-7.374300666866434,278.000556001112,295786
4.533460436313595,-7.456266923884178,255.00051000102,421340
4.020274819089609,-6.984539254521908,234.000468000936,461428
4.585929870407401,-7.07451702980226,236.000472000944,292505
-10.830900498356172,0.2390830445292938,232.000464000928,39814
-10.535451224239967,-0.0245355140186101,265.00053000106,567638
-10.886980849557752,0.3854306848764722,243.000486000972,408437
-10.495413748647923,0.6784139036669428,261.000522001044,549158
-5.686684137120764,6.277032719345926,230.00046000092,237287
-5.232855190452285,6.0278652200596765,250.000500001,437437
-5.7418657031700295,6.467325246461981,271.000542001084,538776
-5.434262737434985,6.512918828376849,250.000500001,4265
7.881895157433597,-7.303897113673306,245.00049000098,238225
8.372375769522737,-7.347007728688185,247.000494000988,395588
7.787055675035326,-7.173146924303167,258.000516001032,113780
8.254920696664911,-7.154740805174569,251.00050200100398,262162
14.56137272315525,16.687356496366387,304.000608001216,768693
14.88496112535148,16.824688636068775,201.000402000804,819563
14.54572155937318,16.8878799093355,277.000554001108,784131
14.786572421969714,16.908137849745067,216.00043200086398,652622
-1.3223518718675131,19.708703792082947,214.000428000856,973671
-0.7996463271019286,19.54820830775613,212.000424000848,996528
-1.1881022650736313,19.92858949228295,292.00058400116797,935969
-0.7034774636665289,19.98928479400692,279.000558001116,976430
7.757205475027368,2.4999416500096414,249.000498000996,462062
8.244475863904032,2.4172649384064178,263.000526001052,467809
7.844377914332668,2.7778246073316475,223.000446000892,385182
8.08812931394921,2.6268574064034613,261.000522001044,598065
20.76916352995132,22.54463720288253,274.000548001096,683791
21.12742862743641,22.599497700522523,253.00050600101198,657704
20.8033287606926,23.109224260270867,241.00048200096398,852294
20.830765828919724,22.960685571894206,228.00045600091198,651860
2.485164352596527,7.806452018246621,225.0004500009,169796
3.066476085585846,7.621696937359052,237.000474000948,451665
2.4916715553176947,7.934906289629474,273.000546001092,68523
2.805752041780145,7.997730357639477,260.00052000104,473630
-10.400929067282506,-4.397231731677912,233.000466000932,444926
-9.776363484031949,-4.476843215413715,251.00050200100398,57643
-10.373122286218178,-4.046690391927736,221.000442000884,111662
-9.918418016108284,-4.119966505591693,288.000576001152,5892
-5.889558400277881,-6.816319645906631,257.00051400102797,408103
-5.430382114021652,-6.706553461671501,266.000532001064,161846
-5.693475906707612,-6.198568354480783,230.00046000092,373636
-5.342547177486954,-6.150196736744947,240.00048000095998,214670
2.572526677427688,14.18815640847414,84.000168000336,76777
3.237776195400285,13.50851435728262,85.00017000033999,137906
2.696170205856084,14.511680473113085,48.000096000192,370595
3.7763212855629567,14.486995267868712,31.000062000124,42732
7.917900381108761,6.947897366215601,243.000486000972,618639
8.117263416354387,7.0769503464180135,267.000534001068,327566
7.979234253623483,7.255950073495602,237.000474000948,446351
8.221397856725579,7.184984604061569,244.000488000976,168323
-10.064467826143064,4.02798598308017,218.00043600087199,3410
-9.814358298786168,3.904577054394184,284.000568001136,377916
-10.09280109592946,4.245368428537537,205.00041000081998,592320
-9.906116061665836,4.102563594720447,282.000564001128,138325
7.153801525952794,-4.35475886652736,238.000476000952,299454
7.342219196572554,-4.523585862122252,288.000576001152,182264
7.151881789390635,-3.9615209578523616,227.00045400090798,198254
7.4884380931201475,-4.006083510697746,236.000472000944,159329
17.004134564994267,23.313092363866065,264.000528001056,818686
17.281792935475483,23.310380797244743,275.0005500011,717129
16.89534821032828,23.700207329177918,225.0004500009,896962
17.238434669934186,23.70514120641564,225.0004500009,731937
-1.2159017763536857,24.27678534041967,245.00049000098,932873
-0.736681121846328,24.284354734463832,198.000396000792,908463
-1.148972985224426,24.522458562129277,294.00058800117597,966567
-0.9769028169892277,24.615104350962447,250.000500001,952434
13.919023740191868,22.074547058901448,230.00046000092,719358
14.35430080190512,21.95754093648298,292.00058400116797,719118
13.994020022906556,22.28507292448572,216.00043200086398,666169
14.16988940511514,22.41087038600517,248.000496000992,851645
-8.108226732804253,-2.9149778615729707,244.000488000976,317748
-7.636950103575769,-2.9991443706476195,245.00049000098,114371
-8.021313917538489,-2.691115177955404,260.00052000104,329968
-7.746928364441498,-2.673911700253328,237.000474000948,445968
-0.503921393387475,-9.017636681230549,249.000498000996,293592
0.084348551582157,-8.830058875227364,268.00053600107196,451100
-0.6045058695411324,-8.592821789792199,247.000494000988,590786
-0.2583738173547514,-8.497572469490706,221.000442000884,407608
6.942305417649424,-8.168136300504845,249.000498000996,210610
7.399964863051302,-8.16388979659818,231.000462000924,48244
7.257538161780864,-7.883068884070652,256.000512001024,157374
7.440684853327135,-7.63947130828595,248.000496000992,546194
0.2698990205881709,10.763599050153278,257.00051400102797,317957
0.5710086068438855,10.52650257470156,265.00053000106,599942
0.3194633832241681,11.107596294061828,212.000424000848,279737
0.7526906331475003,11.08697583779426,249.000498000996,461838
0.3168003490393368,21.17948847390913,288.000576001152,915396
0.8443331424182209,21.339870692555262,270.00054000107997,916026
0.1464579179421802,21.725887307236,195.00039000078,997618
0.8611793825708359,21.616868384809585,229.00045800091598,926518
4.965617007903002,-9.790171055284146,211.000422000844,19386
5.218458607639309,-9.69215883799567,257.00051400102797,247611
4.851041608399043,-9.445897447162766,271.000542001084,155444
5.054000471449379,-9.334101680130068,242.000484000968,355355
-3.60786706962548,21.857428051073438,195.00039000078,912108
-2.994239375071241,21.897780178457573,280.00056000112,989457
-3.295095147796244,22.22727364883237,228.00045600091198,955468
-3.192668932514453,22.178718360336703,277.000554001108,993819
7.895938528562283,-2.7339290543905457,220.00044000088,134996
8.143337491240532,-2.97219434585042,275.0005500011,112504
7.786004432897058,-2.333852684903767,243.000486000972,519586
8.322655844643332,-2.6245869810130813,242.000484000968,20228
-2.061328324863345,22.59988047236066,282.000564001128,929974
-1.4921423471652964,22.60611445505453,213.000426000852,927916
-1.929540058597419,22.974772395687847,281.00056200112397,917224
-1.7434671988732369,23.224767026537453,203.000406000812,970512
5.611346595972369,21.92090308120836,21.000042000084,946607
6.1908356453026565,23.222250623691945,40.00008000016,936155
10.018748751487225,3.2282958292483834,267.000534001068,243669
10.290427328533546,3.0330592784775794,234.000468000936,180875
9.963535332293972,3.3830837226772483,245.00049000098,582038
10.291147785076529,3.4553459889337503,230.00046000092,261805
8.621184131047828,-6.63886952850426,250.000500001,156203
9.142190690837886,-6.4703362307589325,228.00045600091198,312371
8.624172772639339,-6.3356190594924255,249.000498000996,391401
9.020025612810612,-6.285521474333032,248.000496000992,258928
4.230882962460197,9.92339976914064,274.000548001096,544781
4.337608016068418,9.866029077781402,249.000498000996,247054
3.965698439759058,10.20142124395782,244.000488000976,550141
4.578025633064902,10.302219653254884,208.000416000832,16002
17.68939954107974,14.348713330508808,268.00053600107196,772756
18.116852873209737,14.37398335084515,266.000532001064,762652
17.730288271086796,14.89606102613634,211.000422000844,850855
17.966871739226306,14.87012502529979,230.00046000092,662955
-10.934476816837076,-0.7132763842613151,210.00042000084,554845
-10.50104972800982,-0.5934167972119857,282.000564001128,483120
-11.148017925883376,-0.2698081431764036,223.000446000892,605200
-10.454411026174691,-0.3657072494241683,258.000516001032,383869
-1.027850382774895,21.084800107240877,286.000572001144,912549
-0.9809228487013878,21.370088772216228,242.000484000968,971956
-1.3726700786412709,21.514431660667075,247.000494000988,987700
-0.6984311615946046,21.531896905626876,198.000396000792,993893
16.697524264123512,12.098487983933662,212.000424000848,821544
17.25744245295235,12.133338177184,220.00044000088,651241
16.9440826159548,12.408743169701406,256.000512001024,776615
17.09111688674301,12.578841616735245,285.00057000114,829268
-11.042674767679024,-1.5356850255087875,218.00043600087199,356343
-10.68852661574995,-1.241456856212902,254.000508001016,604097
-11.10721401689454,-1.1152900436979272,227.00045400090798,486528
-10.754220571041971,-1.0093164884976318,272.000544001088,392059
1.1168476883964271,10.513846969674768,248.000496000992,606156
1.2770353953638058,10.644027899684684,255.00051000102,460097
1.0442424655061031,11.112416513707766,230.00046000092,223364
1.5748987563806625,11.164710623837616,238.000476000952,164685
-5.872108790356456,-9.691379591810326,208.000416000832,162359
-5.475724755103054,-9.809020364932188,240.00048000095998,257841
-5.878621458355765,-9.43464210508698,225.0004500009,117184
-5.525744183441372,-9.125209916714564,297.000594001188,424215
12.479616458274826,19.505315921432583,215.00043000086,846515
12.662855165233516,19.64079992113175,283.000566001132,819778
12.343955827422526,20.065763044852176,215.00043000086,774564
12.626616342657297,19.90487954211856,257.00051400102797,842913
-1.8675045903499157,25.79493591626341,241.00048200096398,976360
-1.5430268979141186,25.88281829695179,269.000538001076,926823
-1.970969842304062,26.25622152640329,203.000406000812,987858
-1.4345451469649353,26.139586533422705,256.000512001024,943360
20.524133714700245,13.066590623941604,255.00051000102,656853
20.89738333856041,12.732603988467172,221.000442000884,762985
20.61878368814165,13.451009752285987,267.000534001068,836410
21.03697446772943,13.249736329717058,226.000452000904,828118
-11.08529319499117,1.5958736051502598,218.00043600087199,80296
-10.664305454462744,1.4695811240781862,257.00051400102797,618759
-10.87401695245451,1.961083841959852,235.00047000094,341907
-10.594639359107942,1.9555404382213617,258.000516001032,3643
3.877409912297408,6.941684025603378,203.000406000812,80493
4.26484170193803,6.8608113744270165,260.00052000104,88540
3.901357557882884,7.293161732958377,245.00049000098,281692
4.413694939261422,7.319079449966703,260.00052000104,390790
1.1382476467437477,19.70725558078678,210.00042000084,953341
1.3681097433411793,19.729576701760237,190.00038000076,980649
1.078860023635389,20.088374156472177,302.000604001208,921765
1.4927526408542575,20.03759153714968,261.000522001044,941145
18.226238662208896,21.226224942100156,191.000382000764,850158
18.82419885289666,21.206182860741976,230.00046000092,859770
18.321936876653407,21.58669509897308,261.000522001044,718159
18.842021688456903,21.510601596502447,281.00056200112397,737838
19.69721624770554,20.44278774307453,182.00036400072798,892444
20.12384818667517,20.291714664521155,252.00050400100798,807904
19.870677631274543,20.940680091179463,233.000466000932,805631
20.06291500740309,20.99284052419964,296.000592001184,714723
-4.106331587917057,-10.53634101738129,240.00048000095998,331664
-3.950179897707548,-10.43063410746543,200.0004000008,226331
-4.351933678790767,-10.10456828586289,248.000496000992,572083
-3.667700163559133,-10.1471410266027,274.000548001096,492840
10.080421672657089,-3.709987856467497,250.000500001,421567
10.29747368517036,-3.465355377761381,216.00043200086398,460196
9.930388536087184,-3.3385569245159665,258.000516001032,587962
10.4779920515072,-3.2903311483714304,238.000476000952,298758
9.451591470325502,5.239918903940448,242.000484000968,476957
9.604618385477178,5.481796994634849,239.00047800095598,370738
9.333558181411634,5.847707239586824,258.000516001032,255263
9.524326592693932,5.833110822630699,222.000444000888,308268
4.766744167308738,-6.735101051035949,242.000484000968,521756
5.067503850782941,-6.814200389400013,245.00049000098,328822
4.975210991752318,-6.206276569408621,210.00042000084,135508
5.045267946390174,-6.237450789307773,263.000526001052,467604
-3.366353805886995,-10.303407923457552,229.00045800091598,343863
-3.173844768843477,-10.43272773254822,242.000484000968,336821
-3.3013389969646605,-10.138850537432653,232.000464000928,187740
-2.8979362380498777,-10.18409536580302,255.00051000102,258396
17.450676982034512,11.98547040173825,220.00044000088,889151
18.057810786095267,12.269108679103988,232.000464000928,814532
17.60677880030562,12.710225414530008,245.00049000098,826176
17.79650525632631,12.419949704670632,261.000522001044,659135
14.028517738903368,13.853563050170214,197.000394000788,794303
14.347029044210457,13.5896644855869,246.000492000984,678936
13.959223508926668,13.86762055720255,244.000488000976,758643
14.38436666039098,13.869006252186072,270.00054000107997,757486
17.830420671203537,25.84039519862313,100.0002000004,808190
18.519161600179476,26.19439854711311,90.00018000036,708706
18.100058432115645,26.74679902806618,24.000048000096,710793
18.69423896858301,26.85913524500963,25.0000500001,714559
8.446652435195304,6.212811601166919,255.00051000102,381095
8.946996185194212,6.069051917711359,230.00046000092,295538
8.656951277191494,6.641778109241943,236.000472000944,391701
9.090044361240126,6.389242866629696,234.000468000936,504391
-0.4159452662250334,10.517990446187357,261.000522001044,259303
-0.0086855000363429,10.770783730228915,244.000488000976,636297
-0.5484001282689,11.209505856799188,224.000448000896,366389
-0.2573930269841287,11.216541403577349,225.0004500009,458409
3.162117890925514,-10.427631792353118,223.000446000892,160343
3.856737228706443,-10.241864504016458,219.000438000876,507440
3.2184534511086937,-10.007330402849034,258.000516001032,7781
3.5958369807458017,-9.962958272796948,253.00050600101198,567636
14.785317825350155,17.531272104918585,268.00053600107196,710081
15.099209433280052,17.257771102258694,239.00047800095598,701398
14.716826605380485,17.98103934217987,231.000462000924,873941
15.061836584177458,17.696122697341814,215.00043000086,818116
-8.088668682169693,12.009844939250897,60.000120000239995,221099
-6.856843105124782,12.134795890417966,104.000208000416,340172
-7.8750113014619485,13.14112735227958,25.0000500001,243151
-7.107039922151013,13.037358962850435,49.000098000196,372499
17.559910032673976,21.11763534079864,221.000442000884,892062
17.817356012261367,21.32956952204144,191.000382000764,782176
17.59099700782461,21.53633784739663,278.000556001112,651123
18.13663226556395,21.60779393333845,262.000524001048,834373
7.979156578616778,-1.262294103795475,237.000474000948,91073
8.304581999357813,-1.4704294734942842,251.00050200100398,286807
7.713278784274419,-0.8666776408363708,225.0004500009,465267
8.272557326839554,-0.9221308391352104,238.000476000952,534883
-2.84973314795731,20.43797716055252,174.000348000696,928490
-2.2625637923065933,20.59776920731797,261.000522001044,932009
-2.761987250262925,20.6406503120585,221.000442000884,981394
-2.371616796588606,20.73970958313932,288.000576001152,992669
12.909335102598398,14.471404677840546,203.000406000812,761940
13.403545843962108,14.24986739624276,265.00053000106,773005
13.05482473637052,14.89225804370059,235.00047000094,855486
13.53052455918828,14.6978601796038,240.00048000095998,786624
-2.709818495688745,7.663389778482985,233.000466000932,498380
-2.43557335262781,7.463402426525061,221.000442000884,294516
-2.598955453944339,7.911685008681231,239.00047800095598,138047
-2.3324014900934262,7.861870990726877,250.000500001,598441
1.6926788693492207,10.709367045611394,276.000552001104,374480
2.32712399455688,10.6566246080697,228.00045600091198,162857
1.975442034306519,11.153098261991708,240.00048000095998,54817
2.277022720477522,11.156925510436364,197.000394000788,336042
-8.124107218602052,7.695470312949923,220.00044000088,361392
-7.423829880859886,7.527507299618236,261.000522001044,180880
-7.902484422513625,7.907109841742451,210.00042000084,593409
-7.668353300726677,8.037464620273306,250.000500001,218140
-5.750676978139507,9.07769475212649,219.000438000876,582661
-5.1805695252368205,9.315708478952336,252.00050400100798,83502
-5.759406088520101,9.390454664049203,232.000464000928,517378
-5.274143592777467,9.531634303497048,238.000476000952,50089
20.77312111464698,19.499396915190164,210.00042000084,794776
20.986707512607254,19.71190066449886,240.00048000095998,827715
20.771583380025056,19.98607615224877,220.00044000088,820210
20.9516218511037,19.99740716945758,271.000542001084,853874
14.629729149286389,12.9289838149391,198.000396000792,682913
14.853371208210692,13.100795706110215,220.00044000088,728562
14.490850779441567,13.127747590147504,255.00051000102,802465
15.03494099405384,13.21000017664942,267.000534001068,831570
7.8203100458018895,-2.1336630726274373,234.000468000936,105739
8.133079249123508,-2.034778998496885,240.00048000095998,449476
7.831039071445413,-1.835090673975776,218.00043600087199,125220
8.331078291567469,-1.761917937953568,247.000494000988,541703
20.793857867998646,16.027295858037345,220.00044000088,781270
21.105024108242432,16.039435797313832,236.000472000944,828931
20.536479859428116,16.4458962058542,225.0004500009,879956
20.97483141878468,16.272650990079985,256.000512001024,885928
6.994991973215472,3.7734957651780383,215.00043000086,395569
7.599979381819906,3.914509518340469,247.000494000988,292288
6.9212718304067575,4.196056477356295,225.0004500009,173667
7.602420763497655,4.170374799207446,249.000498000996,509376
5.395321543358828,9.067631505596763,287.000574001148,560744
5.79623881911959,9.135821640838447,229.00045800091598,406037
5.633322663678265,9.466137859599492,196.000392000784,219567
5.9279164446815775,9.383043019401224,224.000448000896,414917
22.807320341249493,20.48229327016644,284.000568001136,814746
23.170273642266704,20.48061087781008,216.00043200086398,782378
22.74658589809664,20.76832451807664,233.000466000932,797907
23.21550496296077,20.718061004143262,203.000406000812,884267
6.448278500818555,-8.963559090763685,242.000484000968,523126
6.81471715463506,-8.744219744679967,192.000384000768,134519
6.133966751897202,-8.500339131222297,248.000496000992,451124
6.661776259811004,-8.53305272362748,253.00050600101198,404727
-7.376550221434925,-4.442188971626326,253.00050600101198,317420
-6.889216888649052,-4.465522678232357,221.000442000884,384087
-7.138845748141116,-4.068481750451271,232.000464000928,143866
-7.006966314052482,-4.114709770576063,229.00045800091598,499129
-7.979585662991438,-8.337319324360987,229.00045800091598,371593
-7.430157283008246,-8.32631173264075,219.000438000876,597595
-8.020585969127628,-7.823759359349823,241.00048200096398,335582
-7.733186979376347,-7.80924426061019,245.00049000098,87829
22.91154258155128,15.165409260777746,249.000498000996,664853
23.301991243875865,15.037488552558871,186.000372000744,676373
22.75598671482398,15.4065346404827,269.000538001076,896363
23.43539963817201,15.463511082986756,229.00045800091598,783163
19.8578145193399,15.292684891549332,222.000444000888,774832
20.15474218578796,15.160337310020948,273.000546001092,782309
19.93476239215584,15.385535476526144,200.0004000008,891569
20.1213858325657,15.478362316280272,238.000476000952,777632
10.76572605189197,-1.2434473927603775,258.000516001032,61747
11.31357921448154,-1.5194911155613062,191.000382000764,456949
10.72679797593878,-1.0536828039900863,258.000516001032,616029
11.377361617267976,-1.1261681541136093,225.0004500009,150209
-7.117615536947748,-8.149279838140698,190.00038000076,464091
-6.755324669013552,-8.242260403798904,255.00051000102,605733
-7.194361906247782,-7.84399574317833,243.000486000972,632194
-6.930609282171717,-7.6856228685505235,244.000488000976,344675
0.3721211823949069,-11.340659830647146,241.00048200096398,551775
0.7947128373384568,-11.207288743499715,203.000406000812,421755
0.4446249339109387,-10.821174602127655,255.00051000102,434873
0.7272000857956018,-10.736142681241317,232.000464000928,99771
5.508330919653546,-9.715271295202374,232.000464000928,24662
5.963367146986149,-9.635765640663394,205.00041000081998,326962
5.390584357107653,-9.134845216176624,237.000474000948,172174
5.985060926444523,-9.248411987920978,255.00051000102,286611
14.62414726807288,18.760456232341465,245.00049000098,821611
15.059970775384476,18.78825402721712,204.00040800081598,723309
14.607367825778462,19.16555738622137,276.000552001104,709412
15.148458496126214,19.37703768502947,203.000406000812,890652
23.52997187857512,18.0390905722338,249.000498000996,836158
23.84434861426598,18.2900803892756,220.00044000088,701684
23.74178952246508,18.532802752788403,231.000462000924,849665
23.988256593625145,18.511840408880914,227.00045400090798,822231
8.003837869426835,1.699040258396187,224.000448000896,574232
8.196626276883903,1.8033319905104412,244.000488000976,509958
7.802836436486164,2.1432702170583253,222.000444000888,345556
8.081457309303913,1.81888598990862,235.00047000094,129310
-10.977406181474796,-2.0287316371951696,208.000416000832,461997
-10.623665298262194,-2.042391289273792,246.000492000984,623739
-10.949225871809183,-1.7020034026682214,222.000444000888,71087
-10.740749276966602,-1.8038792147776717,248.000496000992,434362
-4.360787886223653,6.945685261464558,228.00045600091198,185268
-3.9356291663403,6.887948470597872,231.000462000924,479642
-4.0658344260025245,7.234316093779938,225.0004500009,419448
-3.933791246651237,7.131195002071038,239.00047800095598,60195
13.27511683048596,21.11776635820205,218.00043600087199,729556
13.340389561911833,21.01012821825533,257.00051400102797,707311
12.985521491307995,21.4183668283246,200.0004000008,816175
13.473666640827329,21.48772531430892,246.000492000984,685820
6.218456503209057,4.518092706589576,201.000402000804,638743
6.674878091005727,4.467626058975469,268.00053600107196,518988
6.170651908091688,5.032932814437889,201.000402000804,492251
6.80260316595031,5.143814035698566,251.00050200100398,89260
9.90020762011776,4.033793860937765,248.000496000992,356462
10.355943294070848,3.86228642773984,246.000492000984,373846
10.151287872400806,4.121331680674468,222.000444000888,309274
10.533185971320354,4.328158120237235,205.00041000081998,600426
16.545276158790564,9.315756643820956,23.000046000092,797540
17.363833186484843,9.140405715525436,33.000066000132,761692
16.483125585003133,10.144376585000153,61.000122000244,841603
17.242734795073318,10.273364740358431,113.000226000452,885334
-10.94623000766772,-3.0517764112500547,215.00043000086,386160
-10.549472569268325,-2.7411861263396142,268.00053600107196,46291
-10.897290954784182,-2.351634745490944,206.00041200082399,445524
-10.516000998272087,-2.342806813972065,229.00045800091598,403667
-2.864274066775768,10.765997560927309,240.00048000095998,12190
-2.2813409690704685,10.595889840018812,245.00049000098,206796
-2.7589377176605168,11.168725589019395,204.00040800081598,342156
-2.50042933960186,10.957924231527093,229.00045800091598,151737
-1.897588815993654,-8.22118303906527,217.00043400086798,610691
-1.613329475663822,-8.104524351942992,272.000544001088,603374
-2.067073061785011,-7.906359840714463,226.000452000904,196264
-1.4734773862484352,-7.742191963447498,203.000406000812,243772
0.8755737129450174,-11.187117996689562,235.00047000094,133527
1.4119130569897134,-11.14061488307476,214.000428000856,387489
0.8719876901943737,-10.77158611534376,252.00050400100798,573173
1.3621138592106965,-10.707168099218125,217.00043400086798,6024
5.62732134126608,5.264682530712079,207.000414000828,560502
6.041402936996579,5.476800922589925,211.000422000844,229611
5.589087737643101,5.647889673349127,244.000488000976,63319
6.129571520399302,5.602646951771585,256.000512001024,593989
-0.4590877942282575,-11.330137279481802,203.000406000812,125635
-0.153869070754311,-11.209472403703508,216.00043200086398,190157
-0.360667259849834,-10.780771317824607,242.000484000968,425824
0.0911472271436123,-10.744367931383318,256.000512001024,272719
-1.1353276292276555,10.66312424187139,256.000512001024,508237
-0.6719565978747318,10.749383409759162,250.000500001,175353
-1.284682355449818,11.211037150146923,193.00038600077198,194282
-0.933339047234068,10.869468776357644,218.00043600087199,108001
-5.138688707432506,-6.484338377285277,234.000468000936,201582
-4.651614300666852,-6.580822087501852,258.000516001032,82625
-5.134454453423867,-6.314129283851013,229.00045800091598,624968
-4.763407902640683,-6.377424840302472,195.00039000078,388823
-1.3844052806614071,-11.04083829522524,208.000416000832,240697
-0.828507509350106,-11.201781984135494,231.000462000924,100099
-1.2494207637995252,-10.68494634899372,227.00045400090798,217407
-0.9282493356342112,-10.881859782148254,250.000500001,148784
10.869720624312247,0.1149496827570753,255.00051000102,627648
11.032738174035297,0.0036777306543723,226.000452000904,179012
10.933872930347013,0.3535813918994765,216.00043200086398,592868
11.23772346580679,0.4913427229101304,218.00043600087199,104666
-9.400834219950976,-5.9650104635897,229.00045800091598,345750
-9.14130145572878,-6.038921759422581,226.000452000904,456339
-9.416733039247148,-5.357724215282347,229.00045800091598,9072
-9.091325728414793,-5.528320698205974,230.00046000092,416007
10.712133988539655,0.960982219807331,244.000488000976,91453
11.145782777782022,0.9573828718093208,201.000402000804,370219
10.681933902309082,1.293145932788926,246.000492000984,631232
11.02352353029726,1.3030434581105397,222.000444000888,17888
-5.135950514095,0.4416470174090103,67.00013400026799,475489
-3.905216888566317,-0.029250515944633,29.000058000116,401085
-4.859513717311603,1.2985327679136456,91.00018200036399,242304
-4.333911419288085,1.1204527566722462,41.000082000164,450311
18.966345969509497,23.43408079635403,269.000538001076,765783
19.33349416049713,23.262116921076966,231.000462000924,871113
18.98033913296562,23.891554832132535,221.000442000884,834926
19.44377392632913,23.66056098483558,190.00038000076,793965
-3.2805251555931902,-14.878144821623252,35.00007000014,507983
-2.684892969736328,-14.414596279664782,41.000082000164,609348
-2.9473820881918207,-13.912256035129554,71.000142000284,272279
-2.307277069483092,-14.257275372046372,80.00016000032,19711
12.189497081823635,15.758953141433189,203.000406000812,757667
12.873416722176632,15.936828665001803,254.000508001016,717205
12.405392823942847,16.287030978727742,207.000414000828,822445
12.599859694597136,16.182657814363456,244.000488000976,716135
19.115627085880845,12.348456423759837,229.00045800091598,813263
19.39260808025709,12.327157084452397,185.00037000074,858443
19.047917524274663,12.677677561935472,280.00056000112,665608
19.57823322548532,12.684453675181746,213.000426000852,843544
-7.2240849120852815,8.38712709127078,242.000484000968,13044
-6.703529719082872,8.322761955196045,237.000474000948,337443
-7.289685144949799,8.883136397198259,209.000418000836,457438
-6.87040991851375,8.931998458594677,216.00043200086398,589471
11.619544643203763,-8.776347494242142,71.000142000284,98122
12.450284316572647,-8.417358689901521,30.000060000119998,235137
11.86631339027918,-7.881066658771799,81.000162000324,422932
12.363135528114949,-8.02922017396076,44.000088000176,400306
-8.772870446577745,6.843648366982717,197.000394000788,103060
-8.489569864170605,7.081365723860713,257.00051400102797,7674
-8.799813217503832,7.200594264004295,235.00047000094,31513
-8.294200162152706,7.218397691510148,211.000422000844,257947
-8.696163736362115,-7.377199534732063,194.00038800077598,186697
-8.248377701947373,-7.529060062930202,214.000428000856,416778
-8.645305649697306,-7.132385160754571,220.00044000088,330321
-8.522789853083768,-7.0896394170338,270.00054000107997,92541
16.278076764322336,23.30797925587857,235.00047000094,874682
16.59255590330427,23.34312616222198,272.000544001088,697172
16.263393530162652,23.828658369533628,198.000396000792,865857
16.59722717054285,23.943250348984424,192.000384000768,734912
-7.197673019717023,4.06083050824601,235.00047000094,356376
-6.974048456321279,3.894255543077656,192.000384000768,244461
-7.409037831934258,4.17801437416558,247.000494000988,611902
-6.851306201664656,4.075937511879396,223.000446000892,469003
2.5299411414101884,24.832007112146854,266.000532001064,971526
2.7645900199837268,25.06226483489094,230.00046000092,981816
2.554153523150704,25.437031055707088,234.000468000936,971534
2.968609990453854,25.19597263845061,167.000334000668,903551
-10.222876819708665,4.486055048164208,211.000422000844,234084
-9.740278399914502,4.511489858694955,247.000494000988,386322
-10.108927134498916,4.866733428986579,200.0004000008,250755
-9.857056525661742,5.185213261209222,237.000474000948,312495
3.134742564251801,-7.401852912211781,229.00045800091598,219775
3.650871034477059,-7.338980697176123,237.000474000948,34243
3.3180051770204457,-7.192070746542602,216.00043200086398,316381
3.630488407245988,-7.203753708297596,213.000426000852,577511
-1.9294409167181708,7.69191454686929,234.000468000936,332011
-1.5632944596541152,7.491880059158603,200.0004000008,366421
-2.1152890026696998,8.148517907262741,220.00044000088,351527
-1.698166956348144,7.932591631265747,239.00047800095598,18971
5.573747434241794,-5.862956142256928,260.00052000104,559031
5.815121126654143,-6.040709140338212,241.00048200096398,225909
5.7196515695064925,-5.503116733836316,195.00039000078,402486
6.014354214258845,-5.500870322427493,197.000394000788,114343
14.748017458446432,18.251811441434867,241.00048200096398,747341
15.109689926936792,18.33559542414211,205.00041000081998,744386
14.541212793752717,18.63919761780916,248.000496000992,704069
15.1300432324215,18.54834074456741,199.000398000796,892511
23.50052066334533,17.301449980116047,252.00050400100798,723410
24.183651097732756,17.27853601840554,210.00042000084,788311
23.572155062353183,17.650713138617455,232.000464000928,867329
23.95085296139183,17.956359969642957,198.000396000792,702417
15.93287457442202,15.273273220226804,276.000552001104,672671
16.40190999682931,15.338194641373049,225.0004500009,767893
16.171281705854447,15.646878045273844,194.00038800077598,698086
16.409972401319703,15.445955880545643,197.000394000788,881685
1.1924979819890746,-8.14455391236858,248.000496000992,155144
1.254872111934625,-8.189516580893038,219.000438000876,73317
1.1605457055888766,-7.688012656816987,206.00041200082399,111966
1.3162068183627031,-7.887095154089461,219.000438000876,432934
1.0366485626080393,7.654066490282126,208.000416000832,307441
1.3190173703416728,7.551352471283558,230.00046000092,250018
1.120870678949521,7.844219489117882,217.00043400086798,467320
1.3138529231585794,8.097964211841898,236.000472000944,165152
3.4932027287512386,22.781453620848737,251.00050200100398,920129
3.554428181154337,22.76183239389901,210.00042000084,913848
3.2897874683725554,23.104928754782343,234.000468000936,974672
3.859268872428927,23.13709309389438,195.00039000078,903114
-8.113677531619869,2.2203565845530155,214.000428000856,592284
-7.781162368442465,2.20517458661511,232.000464000928,244190
-8.009491895222139,2.58791327184829,250.000500001,88020
-7.647017923938171,2.681601410888561,194.00038800077598,473723
7.238547857658939,-3.4551978861173582,200.0004000008,298240
7.336118422821094,-3.488978262577156,246.000492000984,636538
6.914074601268861,-3.2935379462233083,197.000394000788,29599
7.493782144165568,-3.1265961541685003,245.00049000098,612941
-1.0213853658333376,-8.021238970139464,254.000508001016,77015
-0.8126521969894008,-8.103214008339462,216.00043200086398,424458
-1.055124039502017,-7.876234416960318,201.000402000804,591297
-0.8151846532974005,-7.6671346855104785,216.00043200086398,79836
-7.201319397370304,-3.4886036572705814,240.00048000095998,354847
-7.019743497690408,-3.623393135059531,234.000468000936,554759
-7.34601093494472,-3.306553000973552,210.00042000084,232232
-6.829101956978074,-3.3335146361636983,202.000404000808,531678
-7.094802565000236,-8.951019937569663,197.000394000788,558234
-6.731094347218741,-8.718877053103812,220.00044000088,273448
-7.095857913188289,-8.573361768175694,211.000422000844,378803
-7.018177597065256,-8.384632179190561,257.00051400102797,220037
-8.013735265550638,1.700570621369401,237.000474000948,597315
-7.467332982597128,1.563059174237676,200.0004000008,544933
-8.139932500169815,1.979122641210824,239.00047800095598,389162
-7.475827700857279,2.1188514130401765,209.000418000836,53648
10.913723817750586,-0.7392328603410665,226.000452000904,326596
11.166104681435844,-0.5887712286804604,202.000404000808,525083
10.718809180013896,-0.4329947368847704,279.000558001116,308077
11.317775515699902,-0.182348842489091,177.000354000708,299244
-10.125673345888984,-5.318068071330239,196.000392000784,193604
-9.741742402702736,-5.154211066589268,224.000448000896,320690
-10.321132749458297,-4.911882661413024,230.00046000092,297552
-9.721010617565804,-4.902208550688338,234.000468000936,198235
14.624100449772822,22.815005078723576,257.00051400102797,696502
15.091046925641468,22.884512938714828,251.00050200100398,673517
14.42902899971748,22.93582444256093,178.000356000712,715048
14.990120764293977,23.02540481662029,198.000396000792,776277
-1.942521035596768,10.522535357441871,230.00046000092,618833
-1.6178932502573184,10.604894639851072,226.000452000904,532828
-1.9298313718369535,10.939692232459164,215.00043000086,320708
-1.6134582466884069,11.086120672627258,212.000424000848,617641
7.917793042905055,-0.0346983038009224,195.00039000078,271434
8.313973743625265,0.2222212682393151,250.000500001,38997
8.001731823520796,0.5262712636187084,216.00043200086398,69375
8.353072014828577,0.4292151013170966,222.000444000888,371328
1.7360653967371673,-7.982291238223017,214.000428000856,74981
2.040325765873502,-8.090371577791053,251.00050200100398,270893
1.7022477159833802,-7.9181701328066945,198.000396000792,8154
2.2976100861003586,-7.744075942172733,218.00043600087199,503057
7.148402331170286,8.437457217432602,247.000494000988,480555
7.636112584944514,8.459371090037363,219.000438000876,231697
6.976812349759761,8.912567339225523,213.000426000852,105300
7.276010017575958,8.772443187866688,200.0004000008,130166
10.0451608278133,-4.212474854597782,229.00045800091598,249953
10.385978318428691,-4.3859309217546905,197.000394000788,484484
10.058447642643356,-4.1011330798973455,233.000466000932,286112
10.5879704392268,-4.163469317289926,220.00044000088,33550
-1.778761739978626,-11.234216564726836,193.00038600077198,153867
-1.5905295931397505,-10.990495141241553,192.000384000768,154713
-1.9327990028128903,-10.81109279312028,242.000484000968,280269
-1.5708217336381585,-10.770793986254391,250.000500001,392559
1.7528021685081216,25.52396444602652,270.00054000107997,957408
2.065855551568219,25.746070875790632,212.000424000848,932934
1.7743345649590765,26.04960413356817,210.00042000084,936182
2.2512356747146205,26.224321337026325,183.000366000732,990757
-3.556481715252118,-7.285309269382375,232.000464000928,291175
-3.0590988298134154,-7.317637620589802,233.000466000932,314271
-3.349073627607429,-7.059069710520691,211.000422000844,289282
-3.1257624568405338,-7.1260556839122025,199.000398000796,287341
23.66772936863049,18.96391948170988,250.000500001,824208
23.9472422650174,19.00077737306408,187.000374000748,771270
23.54691105013933,19.4270128192404,230.00046000092,877716
24.153968534533597,19.39975723667456,207.000414000828,694347
7.965042442244108,7.485448902142931,227.00045400090798,31789
8.197597873781678,7.596261333787542,213.000426000852,139780
7.698620457048959,7.910346573961309,235.00047000094,155433
8.080521577338775,8.16106109212181,199.000398000796,248771
-3.301555717297111,10.774556920414456,217.00043400086798,53543
-3.153592551912627,10.64979948327536,230.00046000092,170694
-3.404427479407276,11.125457720015646,194.00038800077598,123841
-3.1981709259133586,11.089907839877837,232.000464000928,158613
4.906574296212264,6.08478630661094,203.000406000812,577790
5.282916520546886,6.152113127196177,209.000418000836,469948
4.780929066924325,6.540802486312313,218.00043600087199,553296
5.024417319885334,6.6053292809235655,241.00048200096398,50029
-5.532695850158988,-6.024429824882091,242.000484000968,207642
-5.371582616608743,-6.054205350544216,201.000402000804,205145
-5.60627404430602,-5.638220975969496,219.000438000876,476762
-5.35331093476651,-5.626304254461199,208.000416000832,191069
-2.78657781129302,-10.993907871497916,179.000358000716,102645
-2.1550271517642443,-11.0135579259471,206.00041200082399,568126
-2.5894394340908606,-10.634209129022969,238.000476000952,457962
-2.353371812269902,-10.80803021808633,245.00049000098,509329
1.8370769966533176,7.723851202589516,181.00036200072398,420526
2.095565370769164,7.505892976869959,223.000446000892,391505
1.6878157890354215,8.042396622524093,227.00045400090798,154406
2.3031992189192634,8.031830020112608,237.000474000948,102478
-5.888618603542012,5.554532670486624,217.00043400086798,495869
-5.451896111703679,5.4359293165827065,205.00041000081998,450490
-5.778439860294052,5.900775224586493,240.00048000095998,48793
-5.159100876749669,5.693971639024815,206.00041200082399,112472
-0.5007271588975534,-8.318047901807516,225.0004500009,67594
-0.0188198662351184,-8.073400468217264,223.000446000892,310131
-0.276089648071547,-7.67778776155722,201.000402000804,388002
-0.0558089484200638,-7.7176572422584355,218.00043600087199,172757
-9.494087190954597,6.067840589840081,219.000438000876,525023
-9.267217707238991,5.960138066992847,237.000474000948,475040
-9.31695734738668,6.646932001254862,177.000354000708,222090
-8.95677003061879,6.497294060566095,234.000468000936,425941
10.774856844622583,2.316900752611483,228.00045600091198,260750
11.040750546556277,2.358492422393085,199.000398000796,300822
10.678523520586698,2.6513337773931225,233.000466000932,307096
11.089994163448608,2.7495806467231536,205.00041000081998,190727
0.1935133863526024,7.488470060073403,182.00036400072798,590010
0.6203323593101687,7.777936817096309,196.000392000784,426587
0.4136273929479907,7.856085098196037,216.00043200086398,216434
0.7868190924536217,7.913066095937357,271.000542001084,136576
-0.2986533523667949,21.35763142030268,248.000496000992,909654
-0.1426262731983432,21.113835598418536,240.00048000095998,965543
-0.5448233169006332,21.56715021860071,182.00036400072798,932248
0.0428308130636461,21.613877021735085,193.00038600077198,935806
4.716387702554903,9.898979328409126,239.00047800095598,584036
5.314176887039174,9.960490051007284,230.00046000092,119983
4.956753599765851,10.321084553597217,199.000398000796,122472
5.375730460814023,10.442492048687129,195.00039000078,551571
0.2772360657722498,-8.190276159753916,237.000474000948,613079
0.5108234002506209,-7.970740500247829,231.000462000924,513564
0.2255961504387943,-7.715262691971378,186.000372000744,570928
0.8225060609946755,-7.77434155194775,208.000416000832,325644
-8.037407310145918,-1.963527515976114,234.000468000936,389596
-7.459512290911992,-2.0461193085314298,210.00042000084,420212
-8.124209764777229,-1.7312605718266374,226.000452000904,328870
-7.5034253140184175,-1.6418681759729792,192.000384000768,592508
13.12504974269248,-6.043547187893419,69.000138000276,75020
13.672417788709954,-5.663456595152325,31.000062000124,568864
13.08461313583841,-4.7136349029726015,82.000164000328,105606
13.761618121998714,-5.149578888988822,33.000066000132,17711
8.457035246405637,-7.456179098636636,224.000448000896,547371
9.120610104569115,-7.42808438867158,189.000378000756,474213
8.609434248694972,-7.161962674964905,241.00048200096398,640477
8.928201660401644,-7.159180870384502,206.00041200082399,629602
11.46539949402316,7.46930844078437,89.000178000356,57422
12.407194577283995,7.764171036516442,42.000084000168,375128
12.010407598305166,8.808343357321654,55.00011000022,600501
12.635219048585803,8.350173905677737,29.000058000116,469520
10.953793447857134,1.562587591436961,227.00045400090798,479587
11.239885400849078,1.468710927951099,179.000358000716,549753
10.96426285935889,2.1636511663804576,241.00048200096398,40691
11.250351326103766,1.9773334156187408,212.000424000848,287188
7.641362330920248,1.0247442220452707,217.00043400086798,273262
8.183697971768334,0.7517751546206923,234.000468000936,129996
7.785989975765913,1.3147394809816448,192.000384000768,616812
8.091562643144725,1.3989074734869822,215.00043000086,224917
-11.092368472380484,2.3141821482378666,229.00045800091598,126761
-10.766382513728985,2.298265111558355,227.00045400090798,262009
-10.80229084782754,2.6114940777195472,180.00036000072,21081
-10.673702478359422,2.6216483801426937,220.00044000088,554451
-4.981129815117924,-10.555152289631538,191.000382000764,443592
-4.43709973830819,-10.576410410548512,212.000424000848,607143
-5.046402654393987,-9.945254678823488,235.00047000094,7118
-4.439949038395638,-9.989020490091722,218.00043600087199,92190
4.152799514345479,-10.535458443008691,217.00043400086798,109729
4.539320782219424,-10.390620594550626,172.000344000688,457427
4.220128851193991,-9.956988285076244,236.000472000944,42728
4.344170150137943,-10.202309182374682,230.00046000092,355634
9.3475383784894,-5.767860151102326,230.00046000092,381629
9.546266366079427,-5.905900701104549,180.00036000072,404498
9.4380849941298,-5.363721676493397,247.000494000988,269875
9.610433263513135,-5.676660587368691,197.000394000788,322815
-3.5159504490620344,24.140496676932948,182.00036400072798,940718
-3.0116571413566304,24.173331169003543,269.000538001076,901288
-3.488877679462894,24.502072536690225,153.000306000612,952509
-2.930961283236287,24.5097611482922,249.000498000996,924833
7.6786748685350465,-8.15731945455278,219.000438000876,3066
8.115619090300001,-7.968788329107556,190.00038000076,212123
8.010802837419895,-7.904627071655605,231.000462000924,288790
8.250477021443885,-7.740857356248483,212.000424000848,336177
10.675252161303325,-2.2161720640907,212.000424000848,12820
11.196161283602416,-2.1282763360202064,201.000402000804,11233
10.953426659568754,-1.790814698505161,234.000468000936,554104
11.352122966030322,-1.7812583930627763,203.000406000812,494819
16.18725039119495,20.523967694271352,207.000414000828,801328
16.322403511965604,20.376422115965973,168.000336000672,821574
15.970852902087875,20.88555374445929,267.000534001068,809353
16.635769178948145,21.003744012622903,207.000414000828,893545
-6.287702299106392,-9.742342414743208,193.00038600077198,487332
-6.23110347538659,-9.628174093971808,214.000428000856,195384
-6.418821035485708,-9.119473017439171,209.000418000836,190639
-5.926820574624931,-9.252810113177038,233.000466000932,348685
-0.6364733706814628,7.823245017699045,205.00041000081998,193463
-0.2286685926574052,7.631334098699616,188.000376000752,423563
-0.5459624592820762,8.10209387118373,223.000446000892,172255
-0.1106642255496923,7.980061431639408,232.000464000928,120407
-5.068653430674531,6.225652469886291,213.000426000852,234330
-4.600810507869468,6.1246221815447575,187.000374000748,74870
-5.113513623345201,6.5417481471212,236.000472000944,566459
-4.665263627108535,6.629497497833121,210.00042000084,582692
-1.0981345784695224,7.648966679063538,194.00038800077598,96646
-0.7951378870370475,7.571839178021853,204.00040800081598,91533
-1.0730073223372938,8.16454597558513,225.0004500009,494957
-0.7762923297048838,8.055221489579218,223.000446000892,426470
1.707118404344755,-11.282002761156807,206.00041200082399,558108
2.1563816387121206,-11.21298417177644,183.000366000732,580668
1.7217269733941942,-10.805735641967477,222.000444000888,310864
2.3032948894649485,-10.682761893848564,234.000468000936,97079
7.16221905646179,-8.995659618340758,240.00048000095998,458834
7.303097793644575,-8.837360802730997,170.00034000067998,425631
7.205509161351376,-8.44011936726465,235.00047000094,110980
7.370272433961087,-8.626766964075843,200.0004000008,383558
-6.446665263799239,4.6476402039803535,207.000414000828,113900
-5.979016015212431,4.483712001167961,200.0004000008,459914
-6.474586239179434,5.090802133651464,227.00045400090798,128632
-6.025769150120417,5.19500552004014,210.00042000084,433355
-4.957687613099717,9.916610503390167,191.000382000764,518557
-4.639455071696735,9.879335079844152,252.00050400100798,238534
-5.047851585165195,10.180962448283012,179.000358000716,586982
-4.578225044903427,10.335425125582407,221.000442000884,426518
3.3240691236403537,7.02816468903805,193.00038600077198,403309
3.5316014737415027,7.066887810309839,174.000348000696,437798
3.392797820025683,7.183932060359863,229.00045800091598,411064
3.6080107163596913,7.11948740464076,247.000494000988,10050
3.3674846888417727,21.88974253022625,239.00047800095598,902627
3.689024914634128,21.933828721197155,175.0003500007,931944
3.4299843991743058,22.454958398374053,238.000476000952,957603
3.777014095938482,22.203649477473512,190.00038000076,983993
7.070001851365215,2.9540655509911096,184.000368000736,628556
7.517421686957529,3.1432046648495504,214.000428000856,616002
6.929206805047558,3.631480956829617,200.0004000008,502431
7.435100936020624,3.563623205019131,244.000488000976,502059
-6.53526464991042,-5.096652862263038,222.000444000888,208521
-6.128531618360967,-5.010411085362473,232.000464000928,394598
-6.409583370030929,-4.884697557881553,207.000414000828,295376
-6.213287164233398,-4.730953760040908,181.00036200072398,88404
8.569613798168442,6.904764854125053,208.000416000832,302953
8.917089138271923,6.846663664945409,233.000466000932,362297
8.529108808765834,7.418161897689738,209.000418000836,605899
8.85621240258511,7.383395488207011,191.000382000764,14056
3.280681821647633,23.377959071776573,254.000508001016,900586
3.688986911957565,23.623282376732504,184.000368000736,904630
3.1613398139018947,23.692809805214484,243.000486000972,930353
3.768537232883839,23.760865299141397,159.00031800063599,998516
15.991593725113164,12.296598740326107,160.00032000064,883485
16.29824335699664,12.048322489417888,183.000366000732,742127
15.930841727017556,12.678411153815926,233.000466000932,877190
16.494663691564092,12.5582595439841,262.000524001048,682302
7.92132098514378,-0.5536477208577729,191.000382000764,278994
8.013954583280453,-0.4641935154133699,229.00045800091598,202075
7.971411477771965,-0.3805862025594758,194.00038800077598,229813
8.324346523087545,-0.3833185098075191,222.000444000888,622455
23.635904305671623,16.543731565781812,226.000452000904,809607
23.975099611009163,16.614303432918827,192.000384000768,741528
23.663714752408406,17.010146515519853,215.00043000086,675269
23.95154273195597,16.92529129550496,202.000404000808,743314
-7.884732990885038,-0.8036669284565942,228.00045600091198,645305
-7.424894220335792,-0.6615189106273018,204.00040800081598,19939
-8.049294977720727,-0.1864337130850732,223.000446000892,367565
-7.620562955724905,-0.4026010500356103,179.000358000716,256167
22.10356868273516,13.690023322514476,214.000428000856,691228
22.60765946875769,13.638974560390595,171.000342000684,683937
22.230137860395622,13.913517015261483,229.00045800091598,763380
22.66989413831708,14.171633148548938,218.00043600087199,676887
2.737648472548248,10.67544192160862,230.00046000092,328280
2.984301614181902,10.63446443210224,198.000396000792,187293
2.502055024401139,10.920958620883974,189.000378000756,428948
2.815941695762973,10.992687526705948,214.000428000856,214404
2.5715803190598416,-11.17697177497425,191.000382000764,531655
3.061082905371902,-11.176307137652458,195.00039000078,631515
2.5397931815888484,-10.795048378585856,232.000464000928,269403
2.9250933804609875,-10.642280622133374,212.000424000848,464311
15.276184097473411,15.748261926876092,233.000466000932,735966
15.564675219362456,15.790462715799343,195.00039000078,826955
15.395810228658837,16.23276008150611,222.000444000888,701015
15.647391790740157,16.318494255934798,179.000358000716,836123
-1.7968896756265371,19.73220204012458,166.000332000664,973414
-1.5753050429807889,19.75534937104268,201.000402000804,949160
-1.989053485624848,20.13648574382762,213.000426000852,913808
-1.6576840203445142,20.16521549849321,249.000498000996,963885
-7.854268538689991,0.6981519506394889,213.000426000852,524696
-7.514706375975123,0.870720995084827,220.00044000088,128625
-8.144466014287286,1.0795603143864434,202.000404000808,333753
-7.464981890221713,1.3888880555651266,194.00038800077598,13613
2.385748069241429,-14.7864027739335,36.000072000144,142244
3.867732223479642,-15.05881395931982,29.000058000116,38209
2.643665338129763,-14.25884276155839,91.00018200036399,112189
3.3087858229846185,-13.766299413967443,51.000102000203995,243448
22.18705280886116,21.87449298023965,241.00048200096398,868306
22.33988353482088,22.10882943437302,194.00038800077598,787668
22.080863782054816,22.170115309268315,224.000448000896,846206
22.403974696655688,22.42521806072852,169.00033800067598,681847
-11.114469421987312,3.1805407872780878,180.00036000072,286757
-10.490959740301005,3.0196519713423577,229.00045800091598,305754
-10.8582473203842,3.6013963308051364,193.00038600077198,2202
-10.726392885598584,3.631205424447825,224.000448000896,526827
12.158719804762349,20.31016317460286,196.000392000784,750558
12.662805437821206,20.300718035524323,257.00051400102797,700447
12.173419796109863,20.665912151704493,147.00029400058799,886932
12.759239819280117,20.927701964079795,221.000442000884,857881
16.372088973957432,25.820701940993654,67.00013400026799,890491
16.84827567566814,26.038966539049238,95.00019000038,670966
16.47183621376578,26.809574456703203,21.000042000084,693984
17.297860330736402,26.9373285941151,22.000044000088,897036
4.3418121528005935,20.235781587230377,49.000098000196,983940
5.0801510641884855,19.7855929399058,14.000028000056,957168
4.17298196802744,20.599385022452918,120.00024000047999,972467
5.376665421468455,20.414765415984384,21.000042000084,982820
22.83938185414069,14.47267578563306,239.00047800095598,809980
23.401218121078944,14.376287295984078,161.000322000644,852476
22.98474824542448,14.880518578915668,231.000462000924,862696
23.280172741793223,14.958650725731136,185.00037000074,651971
15.338386803071815,19.66907713473687,230.00046000092,663556
15.839784640694846,19.512057701872425,173.000346000692,869414
15.512763970289184,20.14679003294786,224.000448000896,819340
15.6262221242119,20.220537919394843,188.000376000752,862640
6.170605245918843,-4.540350821088503,189.000378000756,385906
6.513850484794799,-4.39665855079812,223.000446000892,482684
6.266121350987106,-3.875018605654138,175.0003500007,271966
6.670977260186101,-4.054400479434894,227.00045400090798,572800
4.652901392693688,-10.441848358537918,189.000378000756,423100
5.333401210060345,-10.424269463421462,182.00036400072798,467510
4.880893604705123,-10.074753348208754,227.00045400090798,464220
5.170929782693307,-10.178792556765249,215.00043000086,273811
-6.535425978343051,9.086497920150006,203.000406000812,110873
-6.009313796697822,8.990893026744024,216.00043200086398,483598
-6.47593492600387,9.676367592203972,179.000358000716,25500
-5.947173161744694,9.608159333945885,215.00043000086,200370
-0.3848177314432418,26.586770141299944,222.000444000888,945503
-0.1937538558497581,26.602540568643143,254.000508001016,979383
-0.3684336821644698,26.99933081253116,159.00031800063599,905080
0.091025538546651,26.88934198718345,177.000354000708,924386
-7.880424061450603,0.1731369398898045,217.00043400086798,358377
-7.540318515246029,0.3006012169453339,193.00038600077198,230527
-8.158158831708562,0.6163775528679325,217.00043400086798,262619
-7.530460016459531,0.3380982728651227,185.00037000074,189208
-8.054220506112282,-1.3575902046540598,249.000498000996,457136
-7.732886701900824,-1.192709026498326,181.00036200072398,552247
-8.126729977549216,-0.8902001334684483,195.00039000078,275629
-7.438112625210935,-1.0403427063991084,185.00037000074,99572
19.799063171054097,23.62075464525897,241.00048200096398,884204
20.41668921812245,23.624904302203905,210.00042000084,804631
19.98835407006792,23.65337898173319,191.000382000764,808170
20.09042824089564,23.75144682769204,168.000336000672,684311
6.945262104464726,-2.999094672985121,181.00036200072398,449857
7.3915560676934415,-2.8043948630517,222.000444000888,381797
6.887179127878313,-2.44800453191091,177.000354000708,132850
7.279021166073423,-2.3272587235495927,228.00045600091198,466402
-3.516012215542694,6.7164688913819965,202.000404000808,67126
-3.268246850487049,6.74959459664301,182.00036400072798,279268
-3.5430525528573726,7.34450898140802,207.000414000828,117194
-2.911986268295937,7.326721296068901,216.00043200086398,431595
-3.3959523804907423,21.318287627016577,159.00031800063599,964132
-3.097091072408989,21.15914039438936,227.00045400090798,994295
-3.497087059035129,21.61787173308061,180.00036000072,909158
-2.9150877440834897,21.5632452032198,239.00047800095598,975577
19.97998274147072,12.045284388494768,171.000342000684,758739
20.25191054499357,12.240479880111156,177.000354000708,830051
19.85337803845712,12.57315987327152,232.000464000928,719074
20.258476579823856,12.62307324721793,224.000448000896,729374
-9.301915076518451,-6.496752313557066,182.00036400072798,389268
-8.978969405815711,-6.6412411002135645,202.000404000808,191394
-9.377811271998976,-6.134976067009431,206.00041200082399,306100
-9.22590655876137,-6.10394653533632,211.000422000844,125323
10.899801661440968,-2.716957104949052,199.000398000796,128136
11.21234767477183,-2.9641035943003544,183.000366000732,570371
11.012103076669671,-2.6585260322264737,239.00047800095598,418707
11.28181156286514,-2.451040755839708,177.000354000708,204755
3.3279061260269667,10.699766861497311,214.000428000856,438880
3.7689012933590895,10.556241136520711,207.000414000828,514458
3.156454021583812,11.163582042489589,202.000404000808,392898
3.856793814971464,10.875586956000742,175.0003500007,187366
23.768108175618195,19.68017810907099,232.000464000928,838836
24.05653155781952,19.787841811347132,177.000354000708,654875
23.508631740921214,19.975977747390168,230.00046000092,841844
24.03588765003544,19.881948494897976,157.000314000628,749322
3.903938178867577,6.0950513751049336,191.000382000764,457440
4.3425452031217615,5.958159834192375,190.00038000076,17271
4.250511379138501,6.698337310653434,194.00038800077598,24379
4.495795778242918,6.600462694281896,220.00044000088,384122
-3.5369687269886927,-11.074488963986832,180.00036000072,416946
-2.927954511614859,-11.347493272841326,181.00036200072398,520407
-3.29707885873072,-10.617603917062294,213.000426000852,291054
-2.978009692653751,-10.641573080958905,221.000442000884,501690
2.649299732961592,20.32412710784489,192.000384000768,923032
2.9617233767835933,20.25503129049964,155.00031000062,900451
2.5621323150510884,20.99252924586757,237.000474000948,922179
2.7946404174170203,20.898803957327804,211.000422000844,929879
-4.319503283375842,-6.638709567598851,213.000426000852,348759
-3.785265571780145,-6.72958378611961,217.00043400086798,210025
-4.257246833448995,-6.328041213261344,192.000384000768,618187
-3.846092314583356,-6.2759722320852935,170.00034000067998,223440
2.5169873797712827,-7.36990662220311,189.000378000756,47750
3.02311081927798,-7.525090058431686,244.000488000976,484360
2.548521975122979,-7.116901400045155,173.000346000692,121206
3.028627710818161,-7.130315837717423,186.000372000744,291541
4.187516561306148,-6.47471943409204,190.00038000076,331362
4.557381890098331,-6.691193865579242,220.00044000088,452460
4.022004050701127,-6.170223152299097,183.000366000732,596997
4.567389528914691,-6.147705166818555,198.000396000792,520237
-11.015693407592856,-3.8180358937668064,191.000382000764,455580
-10.624927041479983,-3.545062593712764,200.0004000008,54596
-10.999583925607247,-3.1322151481809324,181.00036200072398,89040
-10.526414238855692,-3.2207463827815945,218.00043600087199,317124
-7.297039112676641,3.068353968143993,199.000398000796,613022
-6.718615470845609,3.2573315219289327,179.000358000716,385718
-7.393951449462257,3.35757645039947,242.000484000968,543963
-6.951992230913265,3.5460314312625925,169.00033800067598,573879
-2.8326460514429592,-7.579765097442114,211.000422000844,15900
-2.2622233544836527,-7.586506277863788,205.00041000081998,543424
-2.7385376445283383,-7.185100474844945,191.000382000764,527264
-2.384836869882153,-6.940496997467628,181.00036200072398,137834
10.824610264128609,-3.633005810656345,197.000394000788,412470
11.174675694259298,-3.655344907110155,178.000356000712,273331
10.65887897804871,-3.3146139854620484,227.00045400090798,567316
11.024494309561574,-3.158830420486788,183.000366000732,209521
5.660096199624063,-5.078906662386358,182.00036400072798,628585
6.080926287931683,-5.162895707686492,232.000464000928,88354
5.732877637617845,-4.726736433148265,172.000344000688,549290
6.042350794575101,-4.610160840670311,198.000396000792,640526
6.9228865625627645,2.302644397769176,180.00036000072,141757
7.264994449817693,2.390610639800635,214.000428000856,400589
7.168095027789263,2.807008848818481,196.000392000784,514383
7.468705728514876,2.875573231904927,194.00038800077598,573824
20.54901917332084,16.780442266102078,188.000376000752,702075
21.120664971735945,16.52215013296377,240.00048000095998,869146
20.789675755550547,16.915631384570876,147.00029400058799,718467
21.03750493944084,17.098157670246557,209.000418000836,813174
3.276667408787395,-11.34488817805671,168.000336000672,202497
3.678954726626811,-11.049926657783136,178.000356000712,412131
3.362641729952585,-10.663170656915447,224.000448000896,513405
3.7028953537118503,-10.831279662356264,212.000424000848,453385
22.910958159044185,21.12316563528736,252.00050400100798,727049
23.095342188629367,21.309565723447943,176.000352000704,727023
22.925347187913257,21.58221482800263,191.000382000764,679916
23.216401935487298,21.581105654215527,162.000324000648,833553
20.75609731352609,18.88578529031228,156.000312000624,769972
20.92504281071805,18.984499401027747,205.00041000081998,720599
20.68265971450757,19.206597326195816,180.00036000072,847565
20.93942717257544,19.3618336168126,239.00047800095598,859715
6.329183516823632,-9.652860010103568,191.000382000764,204016
6.785874271654758,-9.775822024599051,169.00033800067598,543875
6.47058782834463,-9.468054195018905,213.000426000852,615738
6.522999546443224,-9.165133245892635,205.00041000081998,508120
-11.795801367009076,-1.451597741948509,159.00031800063599,441239
-11.474481216257102,-1.4978457851781946,220.00044000088,404553
-11.574612115022326,-1.0405766023044374,169.00033800067598,28769
-11.513919989940808,-0.8295070890540521,227.00045400090798,204524
1.157795192963612,21.80965496328968,165.00033000066,931347
1.402355286287098,21.999313105934096,246.000492000984,985745
1.00929456917638,22.35597223214556,169.00033800067598,968128
1.243348425414498,22.43984478358707,191.000382000764,952196
21.43511505017282,22.520748271291183,220.00044000088,850545
21.922242610545204,22.658902963341426,205.00041000081998,892032
21.186307411949404,23.101226466169823,191.000382000764,708308
21.66692371933192,22.931414467125222,153.000306000612,709942
0.591786960598595,0.5012744017372334,6.000012000024,601564
1.2667164660858603,1.107718205545815,2.000004000008,328727
0.4343467444852429,1.687999206618085,12.000024000048,71856
0.9442734439748834,2.025872328190199,28.000056000112,265104
-15.705220214711066,-2.2945683544195865,22.000044000088,275361
-17.46647755063206,-0.8483139002972983,2.000004000008,413981
-15.880159892411417,-0.7657214067496017,23.000046000092,325559
19.150441902786756,15.33872139036522,218.00043600087199,871556
19.64099911891669,15.175584745628388,214.000428000856,855972
18.995494862763604,15.644805835535974,150.0003000006,731349
19.56729655235232,15.452626410329168,185.00037000074,871903
9.95006877985768,4.658935261341553,208.000416000832,382456
10.39856215715292,4.545964601016171,186.000372000744,619250
10.03800819585523,4.989683783424417,208.000416000832,512987
10.45411720503616,5.146625578199767,165.00033000066,202052
-10.94921984871123,3.82772085009095,175.0003500007,179615
-10.482500702621184,3.8597791296858577,215.00043000086,351844
-11.077117488074034,4.309034377101329,166.000332000664,152601
-10.46376107704879,4.417576367006526,210.00042000084,639658
-10.09169526231415,5.376909448336611,194.00038800077598,373664
-9.82433381632341,5.358161055678639,195.00039000078,341983
-10.30265436461987,5.580634065105119,190.00038000076,131830
-9.771030679424925,5.860841000835711,187.000374000748,379977
4.7385833809163085,-5.8676781305533785,198.000396000792,368858
5.099562951553957,-5.888616066348674,203.000406000812,232960
4.755969729108074,-5.573403751542054,164.000328000656,336804
5.364485933152543,-5.375225854158532,201.000402000804,610744
10.063494764028874,-5.224813770887256,185.00037000074,219577
10.328558741848887,-5.278505530349084,193.00038600077198,147817
10.264116754474186,-4.782869219966684,208.000416000832,385828
10.306351780123396,-4.620086258388694,179.000358000716,473353
1.6621276600138437,19.733191909942544,163.000326000652,914243
2.301781998572481,19.58148264441449,146.00029200058398,986637
1.811541827771395,19.896790636685783,265.00053000106,987274
2.369592793037978,20.00998189332826,190.00038000076,973937
-7.427760933858661,-13.080162549648566,20.00004000008,636983
-6.983897486252624,-13.018987639471202,26.000052000104,147672
-7.730393144864163,-12.118882055489747,57.000114000227995,582218
-7.019041296405315,-12.27535739328568,88.000176000352,449869
19.244762811927654,25.825757947468723,82.000164000328,744896
20.178910977701648,25.600880726702737,67.00013400026799,680644
19.134135459925083,26.6439462213588,23.000046000092,732084
20.372589482583763,26.50417698165083,18.000036000072,808352
-5.751399647531556,-10.295230818336377,151.000302000604,511097
-5.346773415707103,-10.290585344106873,190.00038000076,206521
-5.726434445754407,-9.94111578141352,202.000404000808,197648
-5.395430840209478,-9.963981490034426,216.00043200086398,121245
-6.620591145322761,-4.4954417996971845,225.0004500009,13724
-6.18794963202159,-4.367083763144797,168.000336000672,199657
-6.616490307732125,-4.076815277292116,188.000376000752,307811
-5.985215885327833,-4.066126141763957,177.000354000708,325404
19.013721133099207,20.61760718791037,163.000326000652,750525
19.49852809570036,20.393861498433104,167.000334000668,678024
18.98706118199248,20.983023356132943,200.0004000008,859358
19.416725196348327,20.934989933383232,227.00045400090798,722955
11.578185620032656,17.26381108106221,164.000328000656,800685
12.06989785880285,17.346981034735503,209.000418000836,773982
11.698517315831602,17.96914213652538,158.00031600063198,816077
11.958225343741177,17.706381572530596,224.000448000896,764667
9.432380187932454,-6.479313974468839,220.00044000088,72668
9.609749739816142,-6.705207670208884,162.000324000648,550181
9.399777203181486,-6.238507057856059,193.00038600077198,557901
9.532396851437008,-6.232552275058307,180.00036000072,215155
7.146251824033261,-2.01369632486013,169.00033800067598,617287
7.612569634238135,-1.9726789885941345,212.000424000848,482900
7.172789927701125,-1.894271806858561,163.000326000652,267648
7.290501995985471,-1.838601690955961,210.00042000084,9016
0.3148053623888892,26.549172760809512,227.00045400090798,973717
0.5073188538024866,26.64550556295689,221.000442000884,970391
0.2314098938562268,26.867074942171115,159.00031800063599,962683
0.7140086243582496,26.66419760561253,146.00029200058398,968176
6.203254795351752,3.8960904514536754,182.00036400072798,617890
6.725195673456436,3.834960849013908,195.00039000078,167664
6.407635971659879,4.1014130238118325,165.00033000066,391042
6.8584524372507385,4.388127691773168,211.000422000844,649888
-8.589780459229553,7.789583210740743,180.00036000072,147188
-8.210046313948986,7.787671156142415,234.000468000936,483654
-8.638671701003219,8.18604790541322,152.000304000608,400666
-8.281017232682299,7.982259100166253,186.000372000744,450818
6.480823188547595,9.247342546675451,206.00041200082399,566539
6.740373268240645,9.113966946095982,210.00042000084,550813
6.370887623813587,9.37213437785384,193.00038600077198,410142
6.545488238166288,9.365284225048924,141.000282000564,82281
0.126054743400347,24.30042804659726,140.00028000056,937002
0.7508778322314719,24.14790670478028,170.00034000067998,989837
0.367387226123441,24.5113620493946,226.000452000904,977634
0.5898147601492835,24.44281994427806,213.000426000852,973945
2.4389269896444365,6.817197870047665,170.00034000067998,116274
2.812658489858078,6.942587520053098,174.000348000696,354734
2.4507122795420453,7.322738436512393,195.00039000078,638308
2.952194057262941,7.305678449920901,210.00042000084,35223
19.367323030707983,9.585375574643797,26.000052000104,668716
20.133622070056123,9.226657545596485,12.000024000048,844230
19.323811463860046,10.362969835557358,87.000174000348,827292
20.0683356314546,10.397018395043036,62.000124000248,667274
-4.641558882443353,14.044391566296438,71.000142000284,178423
-3.776355700252864,13.666234107317043,61.000122000244,147425
-4.633123447388935,14.326117431449934,21.000042000084,572843
-4.05953650652675,14.35063892022146,34.000068000136,187550
-7.923454525316316,8.586230178263351,182.00036400072798,510504
-7.731499952690751,8.576883017185583,198.000396000792,624517
-7.960033147085453,8.76988860472301,154.000308000616,494023
-7.560406356588561,8.628055504414109,213.000426000852,547270
15.530778378561278,12.287533573513665,163.000326000652,870171
15.800353554596107,11.97802361548263,173.000346000692,761044
15.16977065020704,12.361357255384585,199.000398000796,867479
15.572847469420504,12.528628241082068,210.00042000084,806327
4.828185688487763,5.472243656691168,174.000348000696,169239
5.141778671127289,5.293863936158151,163.000326000652,423197
4.87313710886428,5.770441305724511,205.00041000081998,471942
5.155322341023268,5.618057475732982,201.000402000804,581727
21.290300874571525,12.89248710781041,163.000326000652,697950
21.714232361645344,12.897680083080374,148.000296000592,728557
21.50638469285064,13.19895616388758,222.000444000888,769068
21.781503970669583,13.116986869104483,208.000416000832,697386
5.632119163543685,4.797279585045055,148.000296000592,494525
5.952984617594232,4.789385450095953,177.000354000708,295241
5.611493175339255,4.838122775503169,186.000372000744,110675
6.045896933235816,5.158323371934349,228.00045600091198,3479
12.471171885206155,15.105347353892128,153.000306000612,698337
12.702636572855614,15.000527554840872,190.00038000076,688663
12.42985666057153,15.368431310370378,185.00037000074,789339
12.903475748926708,15.670573998468798,211.000422000844,657329
-5.71971378550929,10.044680957041894,182.00036400072798,599003
-5.234430938227727,9.720119535062688,197.000394000788,565705
-5.588024178703903,10.3190234341428,176.000352000704,324078
-5.362440357559724,10.38376448839824,182.00036400072798,3195
3.2812676108229635,24.25480733585783,193.00038600077198,945087
3.6679213910254327,24.150097181420747,169.00033800067598,928285
3.282397325243656,24.42967602950268,236.000472000944,945206
3.6504863189577166,24.615424925614004,138.000276000552,925421
10.846184502623752,3.2812641201891237,185.00037000074,291546
11.36259427376343,3.0964813663991078,186.000372000744,152226
10.86258087510292,3.5597752041726936,220.00044000088,166582
11.394151142976256,3.65600980180846,144.000288000576,460964
0.9389324026563622,23.63169905255509,161.000322000644,978387
1.558066873269646,23.262252304858908,195.00039000078,998001
1.0886963895605104,23.69991645881461,171.000342000684,925080
1.3388244067116293,23.65844724594085,208.000416000832,920574
1.7039915011337068,-7.324692555629092,227.00045400090798,404407
2.181311079213028,-7.248349021254584,172.000344000688,582497
1.9039530341464583,-6.840826748472109,175.0003500007,89456
2.322865312893036,-7.136943960010099,161.000322000644,204102
-4.310490166299396,-11.159266886310382,166.000332000664,354427
-3.8307847653716314,-11.276653678558429,169.00033800067598,305620
-4.287845566434914,-10.786529851706316,183.000366000732,564891
-3.7324742145286094,-10.873784633837772,217.00043400086798,599185
-0.2886516166331231,24.302079431297543,177.000354000708,964544
-0.1962206271438816,24.37960115961836,137.000274000548,999836
-0.5615801683281074,24.747813060761903,213.000426000852,991716
0.0036351099238715,24.67934096809114,207.000414000828,917455
-10.372684050558023,-5.805592970809775,156.000312000624,524541
-9.930339226382516,-6.005410193469928,203.000406000812,234202
-10.243928459889098,-5.6464414387725625,162.000324000648,99783
-9.92107485725265,-5.484822795728257,212.000424000848,23388
-4.363157259889482,6.168898708915381,181.00036200072398,2522
-4.004436334964973,6.248618265596492,146.00029200058398,614927
-4.137347236162387,6.496423511633062,213.000426000852,87721
-3.711011475540092,6.5099105012860825,185.00037000074,115126
-10.926391867019246,-4.51839250977105,152.000304000608,558441
-10.450343665712932,-4.318239050324156,193.00038600077198,500011
-10.858019588091786,-4.048052034070784,186.000372000744,559648
-10.50759827363296,-4.117604681343872,193.00038600077198,574117
-11.761196314073892,-1.9477908590912267,147.00029400058799,81598
-11.364559978804897,-2.104293251538669,205.00041000081998,388584
-11.68807333211817,-1.922782759485263,168.000336000672,33451
-11.307147250832363,-1.5737818794393457,204.00040800081598,138108
0.8717597854944091,11.426677980884769,210.00042000084,620319
1.5491561509309586,11.494545821081712,182.00036400072798,463631
1.1901804821415995,11.911550632957823,142.000284000568,71575
1.3202603336988536,11.899623623761428,188.000376000752,462672
7.0299248866270005,-1.3517616020926473,159.00031800063599,14165
7.403330514499184,-1.4141438925219971,192.000384000768,574172
7.060181099590719,-1.0101444733463585,167.000334000668,287930
7.463127881204946,-1.0836150217447889,204.00040800081598,530673
9.26870784475595,5.96754144379241,200.0004000008,106855
9.71770993293581,5.96821572964206,183.000366000732,643965
9.298300451329348,6.617409025851986,177.000354000708,461627
9.851909511314693,6.338767070436427,161.000322000644,622596
-11.90447651632956,-0.0183999608579176,167.000334000668,164241
-11.478915769848184,0.2191941593698775,205.00041000081998,13374
-11.637544325945427,0.3432803902644052,173.000346000692,452601
-11.400386757237742,0.6807174526046386,175.0003500007,215666
-9.528491243113288,6.887904697088048,178.000356000712,620584
-9.186313812343956,7.033647158614437,205.00041000081998,90441
-9.623453658202347,7.16932200621345,145.00029000058,135466
-9.123347600393693,7.401416305462477,191.000382000764,481867
3.138892220317812,-6.813613466140663,197.000394000788,484223
3.604496854970482,-6.748051994259932,206.00041200082399,115980
3.446998891553444,-6.310470394737755,158.00031600063198,356037
3.741029131409552,-6.265414563094876,157.000314000628,355003
-11.729203535322702,1.7811091466347546,150.0003000006,186329
-11.230487318250342,1.5837258171741777,215.00043000086,329376
-11.654494693533332,1.9160632511033595,174.000348000696,564285
-11.38033630894756,1.944126260635866,178.000356000712,596990
1.3133034673883566,3.272205981541658,20.00004000008,619110
2.091696721772451,3.691372850788508,44.000088000176,273471
1.3541209682088562,4.371845579310522,51.000102000203995,264431
1.8606765186883605,4.054904821852596,64.000128000256,52057
6.94292462591975,12.07897526731446,80.00016000032,93321
8.004912023503596,12.098163318169396,45.00009000018,110652
7.0135749822611295,12.780861798783624,32.000064000128,489329
8.149012738615454,12.882986189945036,22.000044000088,179935
7.458965002913595,-12.985098890808466,26.000052000104,200058
8.331604311359081,-13.05006125699779,27.000054000107998,509442
7.253629220632681,-12.40499346378,75.0001500003,516633
8.04847885159915,-12.347804529673656,51.000102000203995,445186
-2.89549369742565,7.013368308241796,161.000322000644,255764
-2.144362926085737,7.078553682059681,162.000324000648,520703
-2.8119023802032306,7.2136289681879715,212.000424000848,490704
-2.3846171300153345,7.264944057966741,180.00036000072,426626
5.646929547954014,9.777355858758051,204.00040800081598,340441
5.769401152919703,10.008643172212066,176.000352000704,597959
5.752748638723219,10.32257510207566,157.000314000628,96981
6.019919656187983,10.405583241296322,178.000356000712,3420
-8.906644275987093,-8.237864759426156,174.000348000696,347261
-8.325134799316627,-7.96924501268702,165.00033000066,633760
-8.720376431436273,-7.924416806644741,180.00036000072,460982
-8.534420311343522,-7.716574604985012,195.00039000078,643181
-11.739028809937889,-0.7164642075017525,171.000342000684,451776
-11.29580012477999,-0.7992573909794374,188.000376000752,167558
-11.549643872491323,-0.3023806149979871,171.000342000684,626060
-11.469657665590727,-0.0993676614118252,184.000368000736,408375
-0.3304621749382497,11.349863422812229,197.000394000788,116342
-0.157089858157873,11.354351537170103,202.000404000808,632442
-0.4605651496367837,11.70018337303656,156.000312000624,421532
-0.2575644595196784,11.6847168974811,157.000314000628,3218
23.72777843297221,15.774003891179673,197.000394000788,676489
23.897207575555843,15.935943380451636,143.000286000572,808048
23.44639955979499,16.30764774919367,199.000398000796,772421
24.02697195550271,16.464208773216203,172.000344000688,752424
-0.4991046896536578,-12.097815399643128,148.000296000592,344358
0.040127694243095,-11.860537444570843,193.00038600077198,293778
-0.3140457614476019,-11.714616749288464,163.000326000652,348096
-0.1206954535533932,-11.630215932646776,207.000414000828,79169
-1.1118488750444455,11.452495395358197,177.000354000708,175166
-0.9974336292856114,11.35504670735906,196.000392000784,253223
-1.2207097831009082,11.750090099768212,161.000322000644,46725
-0.9161664880641592,11.8407427818187,177.000354000708,70009
20.698272782921094,17.382545566371487,160.00032000064,759235
20.82146776909783,17.40615200914841,193.00038600077198,746418
20.77173945367756,17.892960579009046,152.000304000608,759061
21.06727571746928,17.987990499543233,205.00041000081998,775929
16.97900219621433,20.38219957501649,153.000306000612,763808
17.14696627306523,20.423563969720952,138.000276000552,712437
16.742333472769754,20.64162251846498,213.000426000852,861622
17.383210383688755,20.920085767314,206.00041200082399,705554
-11.857065901862576,2.461839768268927,168.000336000672,487401
-11.392999089919872,2.526280471645155,219.000438000876,467241
-11.562858202093915,2.6869992757075627,152.000304000608,562056
-11.334956083446526,2.8164442155892004,170.00034000067998,160449
16.870795998949784,15.033462981391777,224.000448000896,663083
17.124669355511028,15.315331347758882,203.000406000812,683217
16.812476414783177,15.649609246041768,146.00029200058398,777515
17.263856536066594,15.65799412918472,134.00026800053598,681015
-7.22637575786142,-2.994592297467729,202.000404000808,32844
-6.852933645910786,-2.749324769920309,167.000334000668,429954
-7.330724207601886,-2.4913897559081497,197.000394000788,129983
-7.0177839123917325,-2.501024459533322,140.00028000056,10158
13.171186594171974,13.599141517675356,157.000314000628,889947
13.561747733406548,13.799235853455516,179.000358000716,788369
13.105994769779112,14.003219295648384,153.000306000612,842239
13.489134706195998,14.083497844186532,216.00043200086398,826975
-4.862374587602419,-5.815642119131588,192.000384000768,530228
-4.605152169396495,-5.904484205849078,185.00037000074,422421
-5.079150049919651,-5.444556048450668,188.000376000752,290246
-4.491791351235316,-5.524720870431515,140.00028000056,593421
12.962769929351158,21.82236376929697,180.00036000072,809203
13.647572549751215,21.919727089918997,201.000402000804,841125
13.258222891554691,22.48870623461412,154.000308000616,750018
13.443946717756315,22.163011777504217,169.00033800067598,772000
0.4766284055695737,-11.894618196110526,161.000322000644,172508
0.716187900153185,-11.768145332800426,159.00031800063599,550979
0.4324785471812143,-11.480871932416797,184.000368000736,20557
0.4992936933748367,-11.664149104606572,200.0004000008,385827
1.843539997116731,7.010334079401024,151.000302000604,243886
2.335359371627888,6.966501251073832,164.000328000656,293540
1.9482338151160967,7.293580583898384,210.00042000084,646904
2.025345809055942,7.30193801985408,179.000358000716,317295
-4.118896396189854,10.755712113892516,178.000356000712,283520
-3.704368962343316,10.772576473513077,213.000426000852,313558
-4.1635860777010905,11.17005991591584,165.00033000066,238441
-4.009061628531331,11.146642058586156,147.00029400058799,417731
15.512108271291636,23.579049563989045,178.000356000712,657159
15.742730174310562,23.370221192009765,184.000368000736,763025
15.293324759388382,23.8507703936436,171.000342000684,715511
15.894211167468232,23.780986278198668,169.00033800067598,703017
-5.06396425402382,25.55138554247778,16.000032000064,915270
-3.79366292620173,25.942725297635327,102.00020400040799,980804
-4.731371344474609,26.370980484608285,10.00002000004,941051
-3.868121890398496,26.73275378823509,47.000094000188,909536
-2.8732013001340624,25.56862300316053,192.000384000768,988510
-2.355712414122866,25.569025844733456,217.00043400086798,984354
-2.7316176045476057,26.08076356999409,118.000236000472,951860
-2.3152531516404418,26.032157767477365,172.000344000688,959944
-11.748472825374902,0.7240393232491561,163.000326000652,118106
-11.325195667656391,0.7096039054097918,183.000366000732,331341
-11.839202358790864,1.342283887499386,151.000302000604,456669
-11.309703084598103,1.3835383216212374,202.000404000808,570956
0.2079031232766979,11.537139965717795,205.00041000081998,457329
0.6199991346962038,11.594124950319625,166.000332000664,289836
0.3463099086355415,11.755818284794824,155.00031000062,484486
0.6279975952728026,11.714206751991602,171.000342000684,573697
20.74639907012229,18.13807054583768,157.000314000628,670782
20.905105064631652,18.12202418457596,185.00037000074,750929
20.587111468655756,18.46366623213996,152.000304000608,809339
21.03976667734974,18.59059661098806,203.000406000812,658337
-1.852414451150184,-7.548151940933255,183.000366000732,520205
-1.5879965832658185,-7.576450925480493,182.00036400072798,122648
-2.090716417415168,-6.931023749152249,168.000336000672,137409
-1.4367019994543873,-7.063968464083845,161.000322000644,449468
-1.015577510323698,21.76907517101365,221.000442000884,917507
-0.9894292208258074,22.00351515105529,153.000306000612,968227
-1.2356202552908064,22.254976909187157,192.000384000768,954036
-0.7567216901558517,22.13885367619824,125.0002500005,949548
19.790674012153342,16.087045944217646,168.000336000672,777988
20.201118983561308,15.962542171642305,204.00040800081598,880393
20.022997403031564,16.338951068882896,152.000304000608,734967
20.26847198497001,16.158837576814285,167.000334000668,689997
10.934079172894435,3.912838471951218,196.000392000784,256901
11.232227164983811,4.05809227288739,162.000324000648,638243
11.018527887604971,4.136835889497615,177.000354000708,640459
11.109679658244344,4.169132843414667,155.00031000062,207768
6.981727104513644,0.9868736205733776,148.000296000592,400528
7.506616975565534,0.870279495919364,195.00039000078,479819
7.231652971183229,1.295376965820771,160.00032000064,71834
7.364184399043022,1.2748917751855555,187.000374000748,83983
10.97241545011027,-4.378003161186435,196.000392000784,564308
11.255375104964989,-4.398644455571918,136.000272000544,19013
10.907917806159862,-3.936877450458264,194.00038800077598,604217
11.307127487609874,-4.059582521119345,163.000326000652,420244
-6.319748016825615,-17.906957544409742,2.000004000008,531479
-4.226836622481154,-16.956865179339513,2.000004000008,452115
-5.655058462508791,-15.464824668279563,9.000018000036,201009
-4.256066405104068,-15.570688511083915,30.000060000119998,535743
-11.071245938336103,4.450984720195218,160.00032000064,499444
-10.510148034859284,4.482183749651018,191.000382000764,382342
-11.07558266281444,4.873618346457202,126.00025200050399,530876
-10.676164572973018,4.983807824035017,210.00042000084,350514
-8.0601368506052,-9.004976814058082,157.000314000628,272969
-7.758957993188771,-8.744717191598804,165.00033000066,404325
-8.075396241946946,-8.43672519230288,183.000366000732,258494
-7.507759694222722,-8.676824868558798,182.00036400072798,281156
-6.563072893174136,3.7327486700550674,169.00033800067598,242750
-6.03868455194228,4.039893372056624,150.0003000006,247391
-6.569283461769594,4.29445208588644,194.00038800077598,529089
-6.01304954748662,4.143642674916324,173.000346000692,329375
2.444966082154957,11.339518229043618,198.000396000792,504003
3.0400219495322784,11.467407665476292,166.000332000664,137935
2.422962984387401,11.872816365688738,176.000352000704,346034
3.027002265868461,11.836603125022409,143.000286000572,432925
4.139359985396759,10.582258318802856,172.000344000688,530447
4.428295489003037,10.783967086570554,196.000392000784,371580
4.240785573435945,11.070157033182973,174.000348000696,169709
4.457758135322992,11.015639702227242,140.00028000056,575150
-6.299034720077146,9.843295692570466,178.000356000712,22316
-6.1123145558717695,9.938919394491109,201.000402000804,210820
-6.331051467504867,10.3586496590286,137.000274000548,226939
-5.91989057161265,10.315549095234616,164.000328000656,234439
-2.118507552720968,11.403090477341753,182.00036400072798,14250
-1.5816946672067012,11.273750057219775,187.000374000748,105539
-1.8635615011208864,11.846934693597266,159.00031800063599,291248
-1.6720973404190569,11.738161723566249,151.000302000604,342752
8.625343481826693,7.80503373332745,182.00036400072798,238494
8.9154065673817,7.6293024344208975,176.000352000704,620504
8.624242850061796,7.877749850798183,182.00036400072798,94225
9.04187382278963,8.17769798009984,138.000276000552,141101
7.988451943964964,8.360724502862292,224.000448000896,248254
8.124026638333984,8.359989113190846,152.000304000608,634020
7.976478625927045,8.96332851241476,169.00033800067598,252940
8.09441180496793,8.787645685918738,131.000262000524,409193
6.3334307335547,3.0911494881869186,133.000266000532,320727
6.524782931104624,3.2820330590489832,180.00036000072,35749
6.160056723506085,3.5748155433944726,156.000312000624,337487
6.746486818336932,3.5312569283430717,205.00041000081998,399428
1.793401683947207,11.591253813233669,195.00039000078,151890
2.111172424634107,11.332126404484075,167.000334000668,278270
1.809407962699655,11.932856904657475,152.000304000608,45371
2.2260704918814045,11.667478238356212,159.00031800063599,210206
11.456352376253752,1.4581576055274357,193.00038600077198,320851
11.94083330789269,1.484750607482778,148.000296000592,546659
11.769035864662843,2.146965997984872,184.000368000736,164085
11.94838894467753,1.9520974956609307,147.00029400058799,234374
3.0072566026640914,-16.643420101238906,3.000006000012,28722
3.013648803142307,-15.114513830150774,21.000042000084,182224
4.683265387184259,-15.660199191504182,17.000034000068,537694
-1.1902950117796522,26.545166385003,191.000382000764,926286
-0.6743810262475997,26.449787452527843,195.00039000078,965020
-1.045159593245511,26.709308840651147,125.0002500005,957558
-0.6789336272816104,26.7884987503578,160.00032000064,922773
-5.542680046498106,-5.061677718382168,186.000372000744,428798
-5.469263377766312,-5.189926673788517,170.00034000067998,641005
-5.754954337702331,-4.588012311536821,173.000346000692,155504
-5.519975908827051,-4.859393558104553,142.000284000568,438956
10.17343624929679,-5.718074470946875,174.000348000696,634079
10.315987687150212,-6.067834694481087,145.00029000058,117219
10.24507269749899,-5.575592090358224,182.00036400072798,252040
10.465471289719837,-5.618959428088406,170.00034000067998,224860
15.408772918871543,16.534322090513434,199.000398000796,847680
15.649428379880831,16.70971441110071,164.000328000656,731322
15.469509307044868,16.874551510765357,183.000366000732,809322
15.541911632944974,16.910677758055254,124.000248000496,712406
13.830027817853583,12.82143437340712,141.000282000564,731818
14.091831027993468,12.84768905597047,169.00033800067598,701317
13.892553331066583,13.293456833837457,168.000336000672,871232
14.312023232567476,13.409357115889357,192.000384000768,818567
-1.210506439806561,-11.930800686039998,155.00031000062,24467
-0.8671407673154322,-11.751026535925902,172.000344000688,121283
-1.2632755950243482,-11.643214157561571,165.00033000066,84011
-0.9575068152935072,-11.448862156414153,177.000354000708,139174
20.446683681110443,23.27362023333801,193.00038600077198,801888
20.99054956412516,23.43034956145941,176.000352000704,829888
20.511289880662652,23.772636122075543,155.00031000062,662022
20.950593277627057,23.775116231891776,145.00029000058,791142
11.634811706362887,0.8851070564483549,196.000392000784,176934
12.015416480525158,1.0215772907280998,159.00031800063599,528319
11.4767565043184,1.2480084737076749,164.000328000656,191951
12.117250413498148,1.137840737436142,148.000296000592,336688
-4.893876372881426,5.209516164509283,153.000306000612,640503
-4.406618510236619,5.205383089805125,137.000274000548,599840
-4.901278229598758,5.675100748974723,205.00041000081998,502610
-4.67213957952879,5.7549345873613404,172.000344000688,435727
-7.097913831029204,2.352767764571887,181.00036200072398,214721
-6.983069070311744,2.544679158499615,147.00029400058799,618055
-7.04050127302532,2.6722475841973634,203.000406000812,548920
-6.840523111699056,2.796090182576077,136.000272000544,383066
11.570050676343874,18.093929890741634,137.000274000548,870689
12.13141511103948,18.010245892841585,187.000374000748,834944
11.54053598254785,18.5959102947674,132.000264000528,821007
11.802257542746188,18.395766308917903,210.00042000084,796389
7.1678781486308365,1.4640522035115937,138.000276000552,630061
7.623086300926642,1.8110130875356012,169.00033800067598,481800
6.8919569822271605,2.0859715712818137,178.000356000712,56840
7.405734541163357,2.173281807386758,180.00036000072,75595
-13.555093398006246,6.20090795605934,34.000068000136,153216
-12.847561517800386,6.035665866469484,76.000152000304,65019
-13.558295743276512,7.084051468589594,15.000030000059999,291214
-13.40455441247212,7.355591600208488,41.000082000164,109857
19.815266046597223,19.6678977031344,145.00029000058,683461
20.081557646803567,19.74550907217881,156.000312000624,717695
20.00922490758752,20.12345242199031,175.0003500007,736355
20.26570784024674,20.052161192846693,188.000376000752,868683
-1.1828524806757257,-7.332410405949936,184.000368000736,274923
-0.7474451244626596,-7.283700558061339,153.000306000612,11362
-1.0454807899423573,-7.043097565742113,174.000348000696,41997
-0.7193185549493053,-6.900350558628634,152.000304000608,560679
15.339887741418904,18.85294042543123,172.000344000688,778715
15.700634442107578,18.79589801288016,143.000286000572,756599
15.162384467769838,19.4751231722593,198.000396000792,722504
15.561956614018715,19.37385105683412,149.000298000596,844872
11.50214286799188,0.1076122706409576,197.000394000788,102468
11.778147164463888,0.181131138261891,150.0003000006,550583
11.618041650343274,0.4088127000723793,169.00033800067598,544553
12.043716324477618,0.5103029459834583,146.00029200058398,170708
