x0,x1,x2,x3,x4,x5,weight,source_index
0.482,0.46,0.577,0.357,0.0,0.434,2.0002631925253325,94291
0.897,0.498,0.651,0.288,0.0,0.247,25.003289906566657,14427
0.354,0.753,0.743,0.0836,0.0,0.455,45.00592183181998,31418
0.739,0.756,0.538,0.0193,5.33e-06,0.48,56.00736939070931,10877
0.382,0.423,0.685,0.595,0.0,0.25,15.001973943939994,93488
0.904,0.379,0.536,0.125,0.891,0.354,1.0001315962626662,24254
0.397,0.668,0.558,7.93e-05,0.86,0.366,5.000657981313331,59515
0.54,0.983,0.578,0.0487,0.922,0.0695,4.000526385050665,58262
0.533,0.331,0.588,0.982,0.652,0.23,5.000657981313331,15185
0.558,0.965,0.531,0.763,0.836,0.16,1.0001315962626662,59644
0.454,0.462,0.587,0.0227,0.00173,0.903,2.0002631925253325,26473
0.947,0.469,0.518,0.00959,0.0,0.699,36.00473746545598,66098
0.443,0.801,0.529,0.311,0.0,0.611,5.000657981313331,60949
0.642,0.504,0.555,0.125,0.0,0.622,50.006579813133314,37240
0.457,0.436,0.872,0.833,0.0,0.724,6.000789577575997,26808
0.459,0.727,0.593,0.766,0.0,0.596,45.00592183181998,64985
0.412,0.451,0.0492,0.253,0.804,0.564,13.001710751414661,105886
0.411,0.0173,0.763,7.41e-05,0.913,0.631,1.0001315962626662,113520
0.401,0.448,0.552,0.918,0.759,0.695,1.0001315962626662,16124
0.743,0.349,0.743,0.874,0.678,0.516,2.0002631925253325,105313
0.619,0.743,0.29,0.0251,2.82e-06,0.669,259.03408343203057,21737
0.846,0.741,0.302,0.00583,2.25e-05,0.616,241.03171469930257,32796
0.649,0.799,0.377,0.0405,0.0,0.558,260.0342150282932,81196
0.771,0.882,0.289,0.00347,0.0,0.552,85.01118568232663,17429
0.773,0.82,0.115,0.394,0.0,0.555,195.02566127121992,81127
0.635,0.577,0.286,0.297,0.0,0.574,187.0246085011186,9508
0.792,0.703,0.256,0.283,0.000164,0.726,94.01237004869063,68498
0.691,0.935,0.431,0.284,0.0,0.71,86.0113172785893,65730
0.875,0.834,0.314,0.399,0.0,0.709,35.00460586919332,66506
0.738,0.507,0.0466,0.00215,0.393,0.589,76.01000131596264,100775
0.866,0.574,0.0649,0.00108,0.443,0.602,55.007237794446645,13018
0.554,0.895,0.0331,1.81e-05,0.483,0.576,179.02355573101727,58906
0.763,0.855,0.0412,0.0329,0.348,0.531,40.00526385050665,17328
0.566,0.632,0.287,0.0633,0.495,0.667,1.0001315962626662,111794
0.969,0.664,0.327,0.0114,0.351,0.736,6.000789577575997,13507
0.649,0.947,0.26,0.218,0.383,0.579,2.0002631925253325,51478
0.826,0.816,0.256,0.182,0.379,0.566,1.0001315962626662,111389
0.634,0.555,0.0244,0.433,0.349,0.516,19.00250032899066,69386
0.808,0.637,0.0914,0.447,0.276,0.715,4.000526385050665,39680
0.567,0.932,0.131,0.263,0.478,0.678,9.001184366363995,111609
0.834,0.788,0.213,0.359,0.27,0.705,2.0002631925253325,51675
0.754,0.719,0.371,0.373,0.259,0.674,2.0002631925253325,111402
0.722,0.582,0.403,0.148,2.67e-06,0.892,94.01237004869063,15151
0.935,0.519,0.31,0.156,0.0,0.884,141.01855507303594,48002
0.675,0.8,0.358,0.141,0.0,0.834,140.01842347677328,60049
0.768,0.799,0.281,0.223,0.0,0.968,94.01237004869063,9815
0.528,0.578,0.447,0.335,0.0,0.852,61.00802737202264,8618
0.897,0.698,0.295,0.273,5.19e-06,0.755,53.00697460192131,39682
0.595,0.895,0.422,0.499,4.7e-05,0.874,69.00908014212396,80523
0.889,0.818,0.253,0.47,0.0,0.782,27.003553099091988,48076
0.728,0.681,0.0448,0.0735,0.488,0.915,51.006711409395976,54435
0.795,0.733,0.0724,0.00634,0.497,0.936,38.00500065798132,13778
0.641,0.867,0.0391,0.00196,0.255,0.883,125.01644953283328,107787
0.765,0.833,0.0873,0.0376,0.268,0.837,57.007500986971976,99278
0.647,0.839,0.416,0.0318,0.344,0.789,1.0001315962626662,48203
0.643,0.619,0.0467,0.408,0.5,0.842,12.001579155151994,95954
0.853,0.567,0.136,0.479,0.378,0.946,8.00105277010133,36838
0.534,0.847,0.0842,0.316,0.436,0.852,7.000921173838663,1361
0.762,0.932,0.0516,0.354,0.432,0.757,3.0003947887879985,17128
0.765,0.561,0.0361,0.0805,0.141,0.147,218.02868798526123,23155
0.752,0.895,0.0374,0.00079,0.186,0.0373,71.0093433346493,17126
0.65,0.715,0.253,0.0993,0.000291,0.187,34.00447427293065,67359
0.885,0.641,0.351,0.175,0.0,0.201,19.00250032899066,33370
0.682,0.836,0.354,0.141,0.0383,0.224,94.01237004869063,30162
0.902,0.758,0.288,0.0729,7.15e-06,0.142,4.000526385050665,39767
0.846,0.517,0.237,0.451,0.0,0.208,67.00881694959864,37869
0.605,0.783,0.0324,0.299,0.000175,0.105,60.00789577575998,53257
0.753,0.844,0.137,0.361,6.44e-05,0.131,10.001315962626663,49994
0.719,0.673,0.399,0.378,0.0,0.131,15.001973943939994,60487
0.892,0.592,0.255,0.352,0.0,0.17,5.000657981313331,60120
0.716,0.99,0.258,0.366,6.81e-05,0.0506,18.00236873272799,46265
0.826,0.893,0.27,0.472,0.000879,0.0367,1.0001315962626662,37957
0.601,0.75,0.0419,0.0608,0.374,0.222,92.01210685616529,10836
0.878,0.737,0.0817,0.000271,0.445,0.235,18.00236873272799,13007
0.621,0.989,0.0434,0.015,0.357,0.0348,237.0311883142519,53203
0.794,0.862,0.183,0.0109,0.32,0.0751,13.001710751414661,109695
0.531,0.713,0.252,0.00589,0.386,0.183,5.000657981313331,10154
0.856,0.541,0.41,0.0674,0.252,0.246,2.0002631925253325,66285
0.601,0.942,0.328,0.00282,0.427,0.224,6.000789577575997,29297
0.856,0.959,0.269,0.143,0.35,0.217,3.0003947887879985,23421
0.535,0.707,0.0489,0.398,0.335,0.0347,19.00250032899066,83675
0.756,0.6,0.0547,0.307,0.377,0.12,1.0001315962626662,36272
0.686,0.92,0.0566,0.301,0.27,0.225,11.001447558889328,8523
0.801,0.781,0.0419,0.32,0.35,0.0616,3.0003947887879985,23575
0.651,0.997,0.306,0.274,0.353,0.0602,3.0003947887879985,48678
0.602,0.568,0.358,0.183,0.0,0.267,162.02131859455193,60911
0.802,0.607,0.289,0.205,0.000748,0.274,175.0230293459666,62411
0.654,0.754,0.292,0.196,0.0,0.476,201.02645084879592,5809
0.779,0.918,0.268,0.126,4.61e-05,0.391,50.006579813133314,1072
0.8,0.528,0.106,0.326,2.63e-05,0.423,224.02947756283723,103804
0.751,0.783,0.0267,0.256,0.0,0.466,70.00921173838664,12575
0.547,0.56,0.31,0.366,0.0,0.46,103.01355441505463,60627
0.857,0.621,0.298,0.305,0.0,0.414,63.00829056454797,36625
0.704,0.756,0.448,0.298,3.75e-06,0.461,77.0101329122253,89561
0.813,0.9,0.282,0.297,0.0,0.316,18.00236873272799,5490
0.572,0.747,0.0432,0.139,0.354,0.424,108.01421239636795,75015
0.788,0.55,0.189,0.173,0.433,0.497,54.007106198183976,34042
0.567,0.964,0.0731,0.0061,0.465,0.404,226.02974075536258,49546
0.758,0.828,0.055,0.031,0.462,0.292,31.004079484142654,17402
0.631,0.675,0.329,0.172,0.46,0.453,1.0001315962626662,29982
0.844,0.55,0.255,0.00329,0.451,0.322,1.0001315962626662,17550
0.61,0.954,0.452,0.0137,0.308,0.309,18.00236873272799,29761
0.763,0.965,0.315,0.00197,0.455,0.366,4.000526385050665,27641
0.697,0.578,0.095,0.393,0.379,0.3,24.003158310303988,32681
0.836,0.646,0.113,0.275,0.378,0.414,3.0003947887879985,39816
0.591,0.814,0.0391,0.286,0.404,0.438,3.0003947887879985,61630
0.778,0.842,0.154,0.478,0.352,0.298,6.000789577575997,58756
0.228,0.527,0.0359,0.00189,0.0,0.0843,110.01447558889329,113578
0.423,0.66,0.373,0.156,0.0162,0.196,11.001447558889328,59996
0.192,0.97,0.271,7.84e-05,0.00292,0.0807,45.00592183181998,22375
0.339,0.894,0.26,0.117,0.002,0.163,200.02631925253326,42139
0.248,0.572,0.0429,0.278,0.0,0.228,45.00592183181998,99487
0.193,0.981,0.12,0.411,0.00172,0.128,5.000657981313331,6293
0.401,0.78,0.0556,0.365,0.00517,0.247,56.00736939070931,32308
0.499,0.606,0.359,0.443,0.0,0.23,7.000921173838663,54945
0.107,0.936,0.274,0.327,0.0447,0.204,1.0001315962626662,59880
0.491,0.974,0.356,0.252,2.28e-05,0.0759,7.000921173838663,49367
0.218,0.719,0.0725,0.000318,0.295,0.216,12.001579155151994,6648
0.388,0.578,0.0287,0.000513,0.351,0.22,73.00960652717464,6884
0.0846,0.957,0.11,0.0,0.349,0.163,96.01263324121595,6808
0.479,0.946,0.0388,0.000548,0.261,0.0381,231.0303987366759,83247
0.472,0.709,0.492,0.121,0.369,0.182,1.0001315962626662,17782
0.11,0.951,0.262,0.013,0.384,0.054,3.0003947887879985,6236
0.387,0.961,0.353,0.0143,0.287,0.153,11.001447558889328,29358
0.236,0.511,0.0442,0.407,0.281,0.227,3.0003947887879985,56900
0.459,0.562,0.0297,0.391,0.287,0.0733,9.001184366363995,11470
0.272,0.86,0.128,0.333,0.429,0.151,4.000526385050665,59818
0.377,0.564,0.257,0.37,0.494,0.241,1.0001315962626662,17679
0.234,0.673,0.0372,0.157,0.0,0.419,61.00802737202264,113670
0.319,0.739,0.272,0.0285,0.0,0.449,32.00421108040532,31448
0.157,0.985,0.315,0.00453,0.056,0.411,7.000921173838663,47583
0.344,0.969,0.285,0.00127,0.000416,0.346,132.01737070667195,59779
0.234,0.75,0.0738,0.369,0.000805,0.316,12.001579155151994,11532
0.239,0.819,0.0393,0.304,0.0,0.439,5.000657981313331,47403
0.434,0.898,0.242,0.355,7.4e-05,0.397,152.02000263192528,96386
0.48,0.517,0.383,0.472,0.0,0.344,13.001710751414661,94798
0.214,0.91,0.389,0.477,0.00833,0.448,4.000526385050665,8418
0.388,0.759,0.274,0.344,0.0,0.286,11.001447558889328,83465
0.241,0.62,0.086,0.092,0.346,0.457,9.001184366363995,26874
0.324,0.681,0.0373,0.24,0.354,0.294,43.00565863929465,31857
0.204,0.939,0.12,0.0171,0.49,0.361,25.003289906566657,84757
0.496,0.98,0.0474,0.000291,0.318,0.391,194.02552967495726,46006
0.245,0.978,0.265,0.000496,0.487,0.386,1.0001315962626662,48983
0.427,0.917,0.258,0.134,0.489,0.345,5.000657981313331,46494
0.496,0.555,0.028,0.379,0.279,0.341,8.00105277010133,41308
0.41,0.85,0.0442,0.423,0.487,0.329,4.000526385050665,59825
0.0923,0.0744,0.0479,0.651,0.000237,0.0823,28.003684695354654,39026
0.398,0.177,0.0374,0.718,0.0,0.22,139.01829188051062,56432
0.129,0.327,0.0347,0.697,0.0618,0.068,69.00908014212396,98135
0.365,0.321,0.489,0.686,0.0,0.174,2.0002631925253325,18628
0.168,0.378,0.0386,0.891,0.0186,0.155,204.0268456375839,34897
0.297,0.158,0.483,0.872,0.0752,0.112,3.0003947887879985,75685
0.385,0.334,0.253,0.807,0.0,0.15,3.0003947887879985,76188
0.0,2.01e-05,0.0,0.69,0.42,0.0,12.001579155151994,101270
0.344,0.0258,0.0392,0.637,0.322,0.0355,15.001973943939994,16129
0.227,0.402,0.0368,0.75,0.251,0.154,10.001315962626663,93197
0.299,0.478,0.0268,0.501,0.293,0.239,15.001973943939994,8950
0.248,0.00674,0.0417,0.952,0.271,0.185,76.01000131596264,36824
0.295,0.079,0.0559,0.882,0.33,0.19,71.0093433346493,26271
0.198,0.455,0.0399,0.847,0.368,0.0797,24.003158310303988,93048
0.445,0.335,0.0273,0.843,0.272,0.212,43.00565863929465,99417
0.222,0.000274,0.449,0.935,0.32,0.0,2.0002631925253325,101421
0.202,0.228,0.0324,0.611,5.91e-06,0.27,4.000526385050665,12770
0.457,0.224,0.0344,0.715,1.2e-06,0.48,80.0105277010133,9032
0.201,0.444,0.132,0.669,0.08,0.494,25.003289906566657,4639
0.371,0.426,0.286,0.604,0.0,0.398,6.000789577575997,108181
0.249,0.25,0.0291,0.902,0.0,0.298,26.003421502829323,102746
0.177,0.455,0.0384,0.926,0.00113,0.427,44.00579023555731,76850
0.425,0.236,0.459,0.881,0.00015,0.254,4.000526385050665,98224
0.455,0.389,0.255,0.901,0.0,0.449,16.00210554020266,99732
0.452,0.242,0.0344,0.698,0.46,0.347,2.0002631925253325,64723
0.361,0.259,0.0332,0.747,0.278,0.368,10.001315962626663,108411
0.143,0.219,0.0626,0.961,0.48,0.255,1.0001315962626662,75530
0.377,0.232,0.0487,0.993,0.316,0.263,26.003421502829323,93713
0.244,0.468,0.0454,0.949,0.309,0.391,3.0003947887879985,76875
0.333,0.284,0.0459,0.988,0.301,0.39,29.00381629161732,93045
0.422,0.236,0.261,0.939,0.337,0.313,1.0001315962626662,94808
0.87,0.516,0.0541,0.656,0.00823,0.53,197.02592446374524,88105
0.762,0.787,0.198,0.525,0.0,0.619,80.0105277010133,37925
0.543,0.677,0.284,0.514,1.19e-05,0.712,81.01065929727596,57553
0.855,0.558,0.38,0.71,0.0,0.527,30.00394788787999,17555
0.664,0.889,0.266,0.637,0.0,0.749,40.00526385050665,26123
0.855,0.954,0.264,0.529,0.0,0.668,10.001315962626663,51369
0.696,0.547,0.169,0.792,0.0,0.623,273.0359257797079,8977
0.765,0.501,0.156,0.82,0.0,0.746,24.003158310303988,35810
0.729,0.86,0.0502,0.771,0.000145,0.697,41.00539544676931,12677
0.829,0.885,0.093,0.803,9.87e-06,0.568,8.00105277010133,77712
0.734,0.596,0.28,0.766,0.0888,0.597,6.000789577575997,105387
0.767,0.689,0.283,0.778,0.0,0.576,7.000921173838663,60283
0.674,0.844,0.362,0.877,0.0,0.742,3.0003947887879985,14600
0.776,0.759,0.328,0.821,0.0,0.631,3.0003947887879985,21489
0.577,0.619,0.0323,0.697,0.445,0.537,15.001973943939994,90451
0.861,0.508,0.176,0.586,0.323,0.728,3.0003947887879985,21550
0.649,0.76,0.0298,0.577,0.332,0.654,3.0003947887879985,11917
0.613,0.572,0.0288,0.761,0.344,0.703,5.000657981313331,57584
0.504,0.78,0.0352,0.763,0.336,0.586,4.000526385050665,74214
0.772,0.81,0.0322,0.687,2.42e-06,0.971,175.0230293459666,87296
0.747,0.684,0.465,0.64,0.0,0.802,48.006316620607976,112056
0.91,0.53,0.251,0.553,0.0,0.885,20.002631925253326,66624
0.733,0.813,0.271,0.547,0.0,0.926,25.003289906566657,43443
0.767,0.776,0.345,0.586,0.0,0.799,28.003684695354654,69094
0.819,0.653,0.0345,0.908,0.0608,0.874,55.007237794446645,95950
0.647,0.876,0.185,0.881,3.59e-05,0.949,222.0292143703119,87062
0.753,0.922,0.0771,0.755,0.0711,0.87,13.001710751414661,14203
0.586,0.595,0.345,0.835,0.0,0.928,16.00210554020266,106722
0.959,0.7,0.252,0.814,0.0,0.922,4.000526385050665,37835
0.725,0.951,0.279,0.784,0.0721,0.969,4.000526385050665,92349
0.669,0.652,0.0366,0.681,0.282,0.966,13.001710751414661,52416
0.803,0.661,0.0369,0.544,0.402,0.96,2.0002631925253325,1497
0.696,0.945,0.041,0.646,0.344,0.956,5.000657981313331,82886
0.795,0.857,0.0492,0.526,0.457,0.845,1.0001315962626662,1794
0.656,0.533,0.0588,0.902,0.308,0.912,10.001315962626663,16550
0.825,0.631,0.0383,0.819,0.432,0.892,1.0001315962626662,8247
0.508,0.101,0.0506,0.682,0.0,0.122,70.00921173838664,57766
0.776,0.223,0.0379,0.721,3.8e-06,0.196,15.001973943939994,99024
0.772,0.407,0.0578,0.506,9.61e-06,0.187,26.003421502829323,32392
0.583,0.151,0.475,0.538,0.0,0.222,2.0002631925253325,98643
0.665,0.491,0.328,0.625,0.000359,0.106,5.000657981313331,36970
0.887,0.388,0.349,0.739,0.143,0.205,16.00210554020266,31035
0.826,0.188,0.0883,0.882,2.83e-06,0.205,16.00210554020266,31709
0.866,0.342,0.0527,0.786,0.231,0.115,10.001315962626663,32934
0.703,0.18,0.435,0.847,0.0,0.157,6.000789577575997,26040
0.685,0.422,0.429,0.838,0.222,0.2,3.0003947887879985,94802
0.764,0.296,0.269,0.923,0.00141,0.231,1.0001315962626662,94138
0.703,0.246,0.0419,0.726,0.479,0.0742,5.000657981313331,38452
0.575,0.423,0.0538,0.694,0.3,0.246,14.001842347677327,105908
0.826,0.303,0.0603,0.591,0.496,0.035,4.000526385050665,32515
0.692,0.305,0.416,0.688,0.325,0.123,1.0001315962626662,105651
0.569,0.183,0.0298,0.914,0.404,0.13,21.00276352151599,102218
0.814,0.213,0.0477,0.802,0.379,0.174,2.0002631925253325,105145
0.61,0.385,0.0277,0.96,0.442,0.128,27.003553099091988,32813
0.786,0.37,0.0695,0.768,0.373,0.18,3.0003947887879985,15171
0.502,0.182,0.0452,0.623,0.0,0.469,98.01289643374129,40720
0.84,0.186,0.0851,0.564,0.0,0.313,17.002237136465325,94169
0.962,0.265,0.0796,0.525,0.00884,0.32,102.01342281879195,94692
0.621,0.196,0.271,0.679,0.000649,0.397,4.000526385050665,94501
0.805,0.241,0.37,0.514,1.2e-05,0.387,3.0003947887879985,94964
0.625,0.418,0.5,0.737,0.0522,0.316,35.00460586919332,55743
0.818,0.448,0.352,0.509,4.93e-05,0.324,17.002237136465325,39883
0.759,0.159,0.0453,0.957,0.000472,0.329,54.007106198183976,643
0.765,0.294,0.06,0.816,0.0,0.415,78.01026450848796,21856
0.604,0.161,0.399,0.85,0.0,0.293,21.00276352151599,98658
0.756,0.211,0.409,0.784,8.65e-06,0.307,1.0001315962626662,14800
0.56,0.436,0.491,0.918,0.0,0.402,42.00552704303198,99778
0.833,0.293,0.416,0.785,0.0,0.42,7.000921173838663,94055
0.582,0.224,0.0434,0.635,0.27,0.489,7.000921173838663,108741
0.773,0.237,0.0319,0.724,0.478,0.436,1.0001315962626662,11981
0.573,0.406,0.0361,0.653,0.475,0.376,21.00276352151599,99994
0.769,0.374,0.0912,0.59,0.258,0.282,2.0002631925253325,109859
0.524,0.274,0.295,0.502,0.257,0.342,1.0001315962626662,15965
0.639,0.028,0.039,0.971,0.397,0.4,20.002631925253326,112802
0.771,0.0995,0.104,0.896,0.355,0.397,4.000526385050665,94080
0.703,0.327,0.0359,0.867,0.314,0.274,34.00447427293065,99101
0.813,0.266,0.042,0.862,0.47,0.434,1.0001315962626662,94158
0.724,0.24,0.275,0.822,0.415,0.461,1.0001315962626662,105764
0.233,0.629,0.0597,0.0538,0.000373,0.658,9.001184366363995,92721
0.239,0.908,0.0546,0.000794,0.248,0.643,111.01460718515595,6287
0.437,0.592,0.299,0.181,6.45e-06,0.632,19.00250032899066,21039
0.192,0.99,0.307,2.08e-05,0.105,0.565,1.0001315962626662,42161
0.445,0.954,0.333,0.024,7.11e-06,0.546,100.01315962626663,49562
0.221,0.662,0.0519,0.252,0.00016,0.539,1.0001315962626662,38368
0.364,0.607,0.125,0.451,0.0,0.598,238.03131991051455,92405
0.35,0.89,0.0547,0.488,7.27e-06,0.512,185.02434530859324,77570
0.348,0.727,0.38,0.257,0.0,0.648,13.001710751414661,112389
0.25,0.96,0.263,0.347,0.0,0.668,1.0001315962626662,100729
0.483,0.777,0.32,0.314,0.0,0.512,28.003684695354654,87258
0.399,0.523,0.0264,0.105,0.253,0.548,10.001315962626663,41316
0.226,0.909,0.064,3.33e-05,0.487,0.684,6.000789577575997,82809
0.475,0.95,0.0386,0.00397,0.319,0.644,83.0109224898013,41475
0.2,0.965,0.257,2.63e-06,0.373,0.582,1.0001315962626662,82533
0.48,0.727,0.0864,0.442,0.252,0.631,5.000657981313331,74722
0.453,0.875,0.107,0.38,0.34,0.66,4.000526385050665,96466
0.24,0.615,0.0677,0.171,0.0125,0.768,8.00105277010133,8553
0.473,0.621,0.0291,0.0253,0.000366,0.782,149.01960784313727,86304
0.233,0.818,0.0375,0.215,0.0689,0.76,13.001710751414661,82255
0.484,0.739,0.405,0.172,0.0,0.793,1.0001315962626662,21699
0.49,0.92,0.362,0.0965,0.0,0.89,13.001710751414661,60375
0.417,0.592,0.0361,0.381,0.00153,0.965,97.01276483747863,7149
0.222,0.954,0.0617,0.338,0.0,0.831,3.0003947887879985,84786
0.45,0.81,0.0439,0.361,0.0,0.807,111.01460718515595,95580
0.432,0.704,0.391,0.326,0.0,0.831,1.0001315962626662,21264
0.447,0.788,0.34,0.406,0.0,0.842,5.000657981313331,21939
0.404,0.685,0.0288,0.157,0.35,0.909,1.0001315962626662,7199
0.208,0.812,0.0403,0.00263,0.348,0.76,1.0001315962626662,41976
0.466,0.897,0.0403,0.000206,0.253,0.802,21.00276352151599,63351
0.35,0.59,0.0682,0.48,0.395,0.799,4.000526385050665,90193
0.469,0.824,0.0944,0.478,0.268,0.781,4.000526385050665,1144
0.632,0.622,0.0417,0.199,0.663,0.106,153.02013422818794,110960
0.801,0.551,0.208,0.189,0.67,0.19,50.006579813133314,17106
0.839,0.977,0.151,0.00118,0.613,0.135,37.00486906171865,10351
0.575,0.995,0.326,0.0022,0.59,0.0389,8.00105277010133,49213
0.794,0.825,0.301,0.0135,0.738,0.237,2.0002631925253325,27233
0.52,0.529,0.128,0.463,0.69,0.144,11.001447558889328,15901
0.797,0.576,0.0442,0.383,0.737,0.152,5.000657981313331,36415
0.666,0.77,0.0595,0.377,0.573,0.135,10.001315962626663,32985
0.753,0.902,0.145,0.37,0.607,0.208,1.0001315962626662,59450
0.849,0.758,0.256,0.499,0.695,0.0684,1.0001315962626662,51607
0.761,0.635,0.0379,0.000302,0.918,0.106,192.0252664824319,109296
0.752,0.792,0.0632,0.00115,0.874,0.125,206.02710883010926,109134
0.58,0.52,0.42,0.0042,0.831,0.0585,2.0002631925253325,32155
0.798,0.712,0.358,0.0869,0.852,0.239,4.000526385050665,17479
0.681,0.991,0.347,0.004,0.878,0.0927,16.00210554020266,46507
0.916,0.8,0.262,0.0099,0.857,0.113,4.000526385050665,38658
0.67,0.591,0.0472,0.456,0.912,0.185,69.00908014212396,54143
0.77,0.665,0.0671,0.406,0.862,0.172,15.001973943939994,36609
0.593,0.871,0.0386,0.279,0.894,0.0719,20.002631925253326,83908
0.879,0.778,0.0557,0.251,0.849,0.199,3.0003947887879985,23622
0.646,0.922,0.315,0.45,0.967,0.191,1.0001315962626662,46930
0.647,0.71,0.029,0.000973,0.703,0.268,128.01684432162128,38076
0.785,0.579,0.0356,0.18,0.543,0.262,46.006053428082645,111812
0.763,0.762,0.0573,0.00339,0.603,0.486,55.007237794446645,55959
0.631,0.662,0.321,0.00185,0.58,0.326,2.0002631925253325,17616
0.756,0.673,0.264,0.11,0.518,0.437,2.0002631925253325,17557
0.565,0.981,0.281,0.00143,0.616,0.3,8.00105277010133,110355
0.783,0.886,0.331,0.0125,0.508,0.391,2.0002631925253325,110670
0.719,0.63,0.0853,0.255,0.557,0.4,16.00210554020266,15011
0.824,0.656,0.0704,0.388,0.506,0.418,7.000921173838663,36005
0.74,0.877,0.0497,0.372,0.544,0.377,8.00105277010133,23061
0.751,0.964,0.0478,0.266,0.62,0.417,1.0001315962626662,17131
0.664,0.753,0.344,0.348,0.694,0.312,1.0001315962626662,94103
0.611,0.742,0.0641,0.00723,0.87,0.274,260.0342150282932,46807
0.788,0.578,0.0566,0.00346,0.905,0.282,223.02934596657457,111424
0.776,0.846,0.0558,6.9e-05,0.911,0.346,159.02092380576394,23991
0.979,0.517,0.303,0.000372,0.754,0.492,1.0001315962626662,13039
0.716,0.814,0.328,0.0165,0.866,0.378,11.001447558889328,111442
0.873,0.886,0.357,0.0241,0.864,0.274,2.0002631925253325,38552
0.563,0.548,0.028,0.315,0.906,0.442,63.00829056454797,23791
0.795,0.613,0.0787,0.397,0.832,0.401,15.001973943939994,24928
0.644,0.819,0.06,0.359,0.905,0.441,22.002895117778657,54487
0.793,0.805,0.0765,0.339,0.883,0.305,8.00105277010133,111766
0.528,0.545,0.275,0.337,0.932,0.394,1.0001315962626662,105927
0.178,0.0442,0.0408,0.534,0.715,0.0399,23.003026714041322,101401
0.374,0.219,0.0343,0.564,0.56,0.0579,5.000657981313331,75768
0.208,0.32,0.0321,0.724,0.695,0.034,12.001579155151994,11387
0.31,0.419,0.0409,0.509,0.6,0.0959,23.003026714041322,39637
0.18,0.175,0.0351,0.865,0.648,0.0582,128.01684432162128,54703
0.399,0.151,0.0403,0.959,0.678,0.143,87.01144887485196,75242
0.234,0.277,0.0772,0.868,0.682,0.131,29.00381629161732,75920
0.401,0.452,0.037,0.86,0.713,0.0431,38.00500065798132,5211
0.371,0.231,0.314,0.937,0.665,0.0626,1.0001315962626662,59518
0.201,0.0896,0.038,0.746,0.877,0.0294,89.01171206737729,6233
0.422,0.238,0.0346,0.624,0.932,0.16,25.003289906566657,54263
0.164,0.377,0.0374,0.736,0.758,0.0599,69.00908014212396,26197
0.392,0.331,0.0357,0.546,0.953,0.17,62.00815896828531,45364
0.0844,0.199,0.445,0.729,0.995,1e-05,4.000526385050665,101497
0.164,0.465,0.0625,0.917,0.899,0.00345,205.02697723384657,101291
0.445,0.328,0.0281,0.846,0.866,0.175,185.02434530859324,55467
0.075,0.00344,0.273,0.871,0.995,1e-05,1.0001315962626662,101487
0.133,0.432,0.253,0.761,0.91,0.0842,1.0001315962626662,59048
0.475,0.395,0.265,0.872,0.86,0.202,3.0003947887879985,94754
0.447,0.00588,0.0469,0.612,0.736,0.305,2.0002631925253325,59746
0.162,0.31,0.0328,0.694,0.553,0.304,1.0001315962626662,93238
0.346,0.376,0.0476,0.532,0.712,0.33,10.001315962626663,29438
0.0801,0.000179,0.0779,0.927,0.667,0.372,1.0001315962626662,45771
0.296,0.137,0.0363,0.977,0.655,0.289,40.00526385050665,54073
0.204,0.35,0.0322,0.961,0.544,0.467,1.0001315962626662,76548
0.446,0.484,0.0373,0.855,0.641,0.337,30.00394788787999,108574
0.159,0.0879,0.0429,0.701,0.888,0.434,2.0002631925253325,16482
0.399,0.242,0.0615,0.57,0.89,0.494,8.00105277010133,45525
0.456,0.334,0.141,0.561,0.757,0.312,22.002895117778657,54843
0.222,0.229,0.0391,0.966,0.844,0.276,76.01000131596264,76998
0.19,0.282,0.0417,0.846,0.969,0.488,20.002631925253326,54965
0.345,0.315,0.0467,0.96,0.929,0.286,92.01210685616529,79594
0.496,0.198,0.323,0.947,0.885,0.341,1.0001315962626662,105004
0.492,0.416,0.393,0.925,0.856,0.468,5.000657981313331,94635
0.555,0.213,0.0373,0.715,0.0305,0.519,58.00763258323464,14788
0.757,0.192,0.0515,0.572,0.0,0.595,18.00236873272799,31577
0.771,0.399,0.0453,0.724,1.28e-06,0.593,200.02631925253326,45040
0.613,0.229,0.353,0.683,0.0,0.578,4.000526385050665,8646
0.584,0.413,0.482,0.717,0.0,0.637,32.00421108040532,98741
0.808,0.402,0.392,0.731,0.153,0.633,21.00276352151599,34059
0.771,0.158,0.0621,0.895,0.0,0.504,53.00697460192131,64798
0.813,0.415,0.0349,0.777,0.0,0.667,114.01500197394395,15611
0.689,0.143,0.264,0.97,0.0,0.528,17.002237136465325,102217
0.819,0.223,0.383,0.961,0.00935,0.678,3.0003947887879985,108110
0.506,0.415,0.389,0.838,0.0,0.564,37.00486906171865,26393
0.778,0.309,0.324,0.915,0.0925,0.556,13.001710751414661,94328
0.624,0.129,0.0399,0.575,0.292,0.682,1.0001315962626662,45888
0.68,0.382,0.0319,0.694,0.452,0.541,10.001315962626663,69854
0.956,0.377,0.0804,0.566,0.414,0.566,8.00105277010133,15867
0.961,0.296,0.428,0.658,0.288,0.712,2.0002631925253325,73948
0.545,0.217,0.0788,0.995,0.338,0.702,16.00210554020266,93372
0.759,0.17,0.05,0.936,0.264,0.536,3.0003947887879985,57712
0.518,0.44,0.034,0.888,0.457,0.575,34.00447427293065,99061
0.796,0.493,0.108,0.804,0.457,0.723,4.000526385050665,108426
0.719,0.194,0.043,0.749,1.07e-06,0.758,16.00210554020266,103846
0.932,0.174,0.06,0.585,0.0,0.935,14.001842347677327,14015
0.76,0.489,0.108,0.507,0.0,0.884,175.0230293459666,94993
0.743,0.249,0.486,0.527,0.0,0.755,1.0001315962626662,14989
0.612,0.43,0.391,0.572,2.98e-05,0.811,13.001710751414661,37368
0.775,0.303,0.401,0.696,0.0,0.879,8.00105277010133,94846
0.572,0.244,0.0828,0.993,0.0148,0.89,55.007237794446645,93821
0.789,0.217,0.0499,0.792,0.228,0.876,38.00500065798132,8529
0.847,0.285,0.0942,0.972,0.0,0.931,111.01460718515595,14509
0.525,0.131,0.458,0.983,0.00433,0.811,2.0002631925253325,103878
0.868,0.195,0.459,0.87,1.59e-05,0.839,4.000526385050665,14485
0.65,0.331,0.467,0.786,1.45e-05,0.779,14.001842347677327,37903
0.856,0.391,0.314,0.809,0.000443,0.761,11.001447558889328,68898
0.934,0.212,0.237,0.749,0.316,0.925,1.0001315962626662,105546
0.615,0.436,0.0382,0.504,0.402,0.964,4.000526385050665,26838
0.78,0.277,0.0456,0.676,0.349,0.776,2.0002631925253325,108145
0.775,0.345,0.372,0.591,0.409,0.872,1.0001315962626662,15610
0.693,0.191,0.115,0.789,0.342,0.784,5.000657981313331,94269
0.638,0.384,0.047,0.926,0.341,0.766,10.001315962626663,4472
0.787,0.36,0.0649,0.831,0.31,0.894,7.000921173838663,108272
0.653,0.376,0.373,0.964,0.291,0.905,2.0002631925253325,108523
0.164,0.606,0.0362,0.00103,0.697,0.0978,45.00592183181998,11316
0.423,0.651,0.0406,0.00799,0.618,0.14,78.01026450848796,39371
0.177,0.965,0.0809,3.29e-06,0.548,0.203,124.01631793657062,6519
0.428,0.559,0.357,0.025,0.704,0.129,2.0002631925253325,59308
0.147,0.991,0.287,0.000123,0.551,0.0863,9.001184366363995,6940
0.345,0.975,0.251,6.69e-05,0.691,0.164,8.00105277010133,42064
0.477,0.555,0.031,0.444,0.729,0.0721,7.000921173838663,54518
0.0816,0.76,0.0698,0.427,0.655,0.0069,4.000526385050665,101040
0.436,0.997,0.133,0.393,0.594,0.0588,7.000921173838663,46823
0.198,0.689,0.0397,0.00535,0.799,0.113,76.01000131596264,59676
0.359,0.554,0.0457,0.119,0.975,0.0392,151.0198710356626,101211
0.0704,0.623,0.3,0.144,0.872,0.0376,2.0002631925253325,59914
0.419,0.694,0.369,0.00969,0.879,0.154,1.0001315962626662,42883
0.235,0.933,0.354,0.00461,0.813,0.0653,17.002237136465325,42890
0.432,0.999,0.343,0.000139,0.845,0.0392,20.002631925253326,46652
0.208,0.503,0.05,0.392,0.869,0.0313,11.001447558889328,11852
0.3,0.66,0.0704,0.485,0.817,0.189,27.003553099091988,45368
0.0832,0.918,0.0662,0.262,0.971,1e-05,36.00473746545598,101387
0.497,0.988,0.0413,0.275,0.935,0.00809,19.00250032899066,101087
0.167,0.744,0.363,0.358,0.92,0.128,1.0001315962626662,59856
0.313,0.837,0.263,0.479,0.781,0.0395,2.0002631925253325,42530
0.249,0.704,0.116,2.35e-06,0.507,0.419,2.0002631925253325,42674
0.383,0.599,0.0482,1.07e-05,0.652,0.356,41.00539544676931,42186
0.203,0.922,0.0682,1.79e-05,0.535,0.27,41.00539544676931,44899
0.352,0.859,0.163,1.69e-05,0.538,0.386,245.03224108435322,42478
0.493,0.521,0.375,0.219,0.71,0.273,2.0002631925253325,15450
0.192,0.952,0.258,0.00164,0.716,0.262,3.0003947887879985,38256
0.374,0.885,0.311,0.000506,0.625,0.305,5.000657981313331,10457
0.245,0.568,0.0706,0.303,0.535,0.27,2.0002631925253325,75125
0.32,0.732,0.0666,0.371,0.622,0.458,13.001710751414661,84927
0.384,0.938,0.194,0.443,0.584,0.466,2.0002631925253325,82767
0.219,0.706,0.0384,0.086,0.922,0.43,14.001842347677327,38474
0.408,0.731,0.043,0.202,0.764,0.324,66.00868535333598,54418
0.131,0.855,0.0813,1.9e-06,0.87,0.279,89.01171206737729,42344
0.5,0.661,0.426,0.0405,0.847,0.28,1.0001315962626662,54643
0.0824,0.979,0.274,6.95e-06,0.809,0.263,2.0002631925253325,38948
0.262,0.971,0.332,7.3e-06,0.851,0.33,6.000789577575997,42598
0.225,0.689,0.0555,0.469,0.813,0.5,2.0002631925253325,47411
0.393,0.521,0.0637,0.435,0.854,0.337,12.001579155151994,25381
0.423,0.873,0.077,0.484,0.807,0.312,10.001315962626663,17753
0.439,0.79,0.258,0.498,0.812,0.263,1.0001315962626662,59966
0.516,0.15,0.0272,0.13,0.0755,0.205,11.001447558889328,103944
0.753,0.213,0.0476,0.158,0.0196,0.0994,2.0002631925253325,94286
0.804,0.329,0.101,0.22,0.0,0.214,73.00960652717464,51628
0.555,0.209,0.362,0.195,0.245,0.083,1.0001315962626662,58343
0.89,0.223,0.316,0.0131,0.024,0.235,1.0001315962626662,54353
0.598,0.495,0.375,0.148,0.0,0.233,22.002895117778657,21970
0.91,0.29,0.319,0.179,1.21e-05,0.228,14.001842347677327,66275
0.685,0.23,0.0388,0.367,0.000971,0.0417,25.003289906566657,94070
0.78,0.24,0.0711,0.373,0.0141,0.171,1.0001315962626662,15284
0.754,0.37,0.12,0.403,6.22e-05,0.228,39.00513225424398,103552
0.698,0.183,0.299,0.462,0.000424,0.244,2.0002631925253325,15170
0.888,0.204,0.456,0.37,0.00045,0.218,2.0002631925253325,112335
0.589,0.499,0.314,0.33,2.87e-06,0.0385,18.00236873272799,102750
0.896,0.463,0.292,0.306,0.0,0.0769,2.0002631925253325,36918
0.551,0.222,0.0366,0.0426,0.485,0.0359,2.0002631925253325,107716
0.679,0.364,0.0366,0.125,0.392,0.19,31.004079484142654,31803
0.776,0.483,0.0705,0.051,0.38,0.0964,11.001447558889328,24266
0.947,0.193,0.482,0.0181,0.368,0.135,1.0001315962626662,32939
0.533,0.168,0.0472,0.422,0.39,0.074,2.0002631925253325,94237
0.657,0.331,0.0272,0.481,0.358,0.0581,25.003289906566657,15518
0.769,0.499,0.0411,0.453,0.349,0.145,3.0003947887879985,83313
0.745,0.485,0.385,0.397,0.323,0.235,1.0001315962626662,110517
0.714,0.224,0.0319,0.189,0.201,0.339,5.000657981313331,84679
0.795,0.248,0.0775,0.069,2.74e-05,0.395,3.0003947887879985,24660
0.914,0.481,0.226,0.0235,2.35e-06,0.498,150.01973943939993,21517
0.747,0.237,0.492,0.0583,0.0,0.477,1.0001315962626662,37479
0.663,0.412,0.364,0.00434,0.019,0.356,32.00421108040532,30051
0.893,0.476,0.347,0.0969,0.0,0.403,43.00565863929465,48448
0.571,0.198,0.0294,0.435,0.125,0.326,24.003158310303988,84465
0.846,0.226,0.248,0.332,0.077,0.464,5.000657981313331,111886
0.892,0.361,0.242,0.471,1.59e-06,0.426,114.01500197394395,33706
0.576,0.423,0.264,0.405,0.0,0.334,35.00460586919332,28498
0.773,0.484,0.306,0.261,0.0018,0.465,28.003684695354654,66241
0.748,0.247,0.0781,0.121,0.46,0.5,3.0003947887879985,105318
0.849,0.178,0.0619,0.236,0.459,0.317,1.0001315962626662,111166
0.66,0.489,0.0758,0.0349,0.434,0.304,22.002895117778657,5913
0.86,0.456,0.047,0.234,0.471,0.386,15.001973943939994,112601
0.933,0.37,0.321,0.098,0.353,0.329,1.0001315962626662,17192
0.707,0.175,0.0455,0.302,0.254,0.442,3.0003947887879985,8664
0.532,0.453,0.0321,0.439,0.39,0.427,13.001710751414661,39920
0.833,0.385,0.13,0.325,0.434,0.485,3.0003947887879985,3907
0.892,0.312,0.426,0.368,0.439,0.445,1.0001315962626662,32791
0.715,0.194,0.0376,3.45e-05,0.000397,0.557,2.0002631925253325,24054
0.789,0.246,0.227,0.0324,1.52e-05,0.508,2.0002631925253325,28734
0.783,0.472,0.0427,0.22,0.000458,0.589,280.03684695354656,57618
0.913,0.18,0.416,0.00187,6.24e-06,0.703,2.0002631925253325,13161
0.718,0.495,0.352,0.237,0.0,0.668,16.00210554020266,55968
0.865,0.443,0.414,0.148,0.0,0.738,60.00789577575998,1810
0.632,0.232,0.0318,0.428,4.95e-06,0.673,12.001579155151994,87353
0.873,0.238,0.138,0.327,0.0,0.741,6.000789577575997,15163
0.789,0.373,0.0923,0.317,9.67e-05,0.711,176.02316094222925,103725
0.815,0.247,0.317,0.466,0.000133,0.527,4.000526385050665,73843
0.723,0.415,0.395,0.471,0.0,0.581,30.00394788787999,98159
0.85,0.458,0.339,0.476,0.0,0.616,32.00421108040532,87800
0.628,0.469,0.0637,0.0812,0.453,0.598,13.001710751414661,50293
0.87,0.45,0.0434,0.00491,0.414,0.508,16.00210554020266,21413
0.734,0.4,0.269,0.00852,0.497,0.553,2.0002631925253325,21940
0.625,0.494,0.0393,0.374,0.308,0.596,10.001315962626663,11460
0.912,0.416,0.159,0.409,0.256,0.643,4.000526385050665,37058
0.954,0.177,0.411,0.486,0.421,0.529,1.0001315962626662,94200
0.67,0.453,0.295,0.252,0.33,0.68,1.0001315962626662,31608
0.519,0.247,0.0355,0.157,0.0,0.783,1.0001315962626662,90776
0.807,0.204,0.0602,0.13,5.45e-05,0.782,1.0001315962626662,111564
0.746,0.458,0.0312,0.0631,0.0,0.942,133.01750230293462,103239
0.92,0.452,0.201,0.193,0.0182,0.814,212.02789840768523,17884
0.913,0.241,0.467,0.208,0.0,0.808,1.0001315962626662,66664
0.606,0.496,0.264,0.0754,0.024,0.773,22.002895117778657,60302
0.841,0.424,0.317,0.127,0.0,0.834,40.00526385050665,37321
0.695,0.203,0.044,0.481,1.53e-06,0.824,3.0003947887879985,74310
0.94,0.213,0.0855,0.418,0.0,0.832,2.0002631925253325,14178
0.66,0.351,0.0495,0.251,1.54e-05,0.758,233.03066192920124,106947
0.942,0.391,0.0567,0.435,1.57e-06,0.935,126.01658112909594,14719
0.594,0.461,0.393,0.352,0.0,0.775,8.00105277010133,98095
0.751,0.467,0.327,0.303,0.0,0.774,12.001579155151994,103346
0.736,0.45,0.0398,0.0238,0.322,0.931,10.001315962626663,100765
0.855,0.496,0.0824,0.0778,0.451,0.947,8.00105277010133,111310
0.701,0.495,0.442,0.00787,0.29,0.81,1.0001315962626662,105289
0.736,0.379,0.0539,0.301,0.345,0.948,1.0001315962626662,8661
0.752,0.451,0.0544,0.368,0.396,0.886,4.000526385050665,1447
0.594,0.692,0.114,0.0131,0.678,0.552,79.01039610475063,41309
0.881,0.56,0.0472,0.028,0.589,0.703,58.00763258323464,105047
0.571,0.944,0.196,8.57e-06,0.692,0.616,177.02329253849192,106339
0.805,0.866,0.119,3.51e-05,0.558,0.54,57.007500986971976,13930
0.809,0.663,0.258,0.0115,0.583,0.74,2.0002631925253325,17261
0.51,0.93,0.343,0.0158,0.704,0.538,1.0001315962626662,29898
0.849,0.878,0.33,0.0799,0.567,0.564,4.000526385050665,28411
0.704,0.728,0.0666,0.491,0.7,0.509,24.003158310303988,1398
0.821,0.577,0.0965,0.441,0.716,0.513,8.00105277010133,111597
0.731,0.94,0.0501,0.472,0.674,0.672,9.001184366363995,17200
0.783,0.632,0.27,0.354,0.526,0.579,1.0001315962626662,17914
0.685,0.627,0.0516,0.0863,0.83,0.635,166.0218449796026,111857
0.804,0.686,0.0481,0.00691,0.766,0.673,141.01855507303594,13274
0.795,0.861,0.0744,0.0308,0.914,0.537,156.02052901697593,13351
0.645,0.715,0.271,0.144,0.862,0.508,4.000526385050665,54800
0.796,0.65,0.348,0.0556,0.824,0.508,4.000526385050665,54493
0.683,0.83,0.251,0.0175,0.843,0.576,1.0001315962626662,111588
0.833,0.942,0.379,0.00347,0.76,0.557,1.0001315962626662,60298
0.596,0.586,0.0348,0.394,0.886,0.621,40.00526385050665,24057
0.779,0.51,0.0475,0.373,0.929,0.685,13.001710751414661,24136
0.721,0.865,0.0591,0.371,0.929,0.745,15.001973943939994,24905
0.779,0.92,0.163,0.274,0.927,0.544,6.000789577575997,15955
0.775,0.572,0.294,0.452,0.854,0.661,1.0001315962626662,54469
0.756,0.824,0.327,0.384,0.874,0.581,1.0001315962626662,15490
0.674,0.605,0.0368,0.184,0.579,0.842,38.00500065798132,54702
0.8,0.646,0.0847,0.00463,0.574,0.791,23.003026714041322,111553
0.665,0.854,0.0367,0.092,0.555,0.809,129.01697591788394,24987
0.781,0.816,0.0832,0.000414,0.685,0.793,65.0085537570733,109441
0.848,0.595,0.284,0.000599,0.741,0.916,1.0001315962626662,13097
0.632,0.593,0.032,0.302,0.51,0.799,8.00105277010133,74983
0.774,0.657,0.0817,0.469,0.586,0.815,5.000657981313331,105585
0.711,0.776,0.184,0.477,0.501,0.842,13.001710751414661,1923
0.716,0.511,0.0792,0.00678,0.906,0.929,80.0105277010133,1733
0.828,0.604,0.139,0.0416,0.878,0.89,76.01000131596264,111467
0.703,0.821,0.0464,0.054,0.918,0.912,203.02671404132124,13224
0.761,0.85,0.0439,0.0039,0.811,0.87,123.01618634030795,111565
0.735,0.524,0.288,0.00436,0.825,0.803,1.0001315962626662,13707
0.892,0.685,0.267,0.0411,0.928,0.76,1.0001315962626662,13859
0.707,0.889,0.258,0.017,0.911,0.932,1.0001315962626662,10861
0.972,0.868,0.33,0.00502,0.884,0.933,2.0002631925253325,24716
0.6,0.682,0.0425,0.268,0.853,0.914,20.002631925253326,105153
0.769,0.566,0.0348,0.271,0.849,0.921,8.00105277010133,13331
0.578,0.89,0.0368,0.347,0.905,0.815,21.00276352151599,24590
0.91,0.837,0.0856,0.427,0.898,0.969,8.00105277010133,1657
0.0,2.03e-05,0.0,0.145,0.213,0.0,31.004079484142654,101043
0.348,0.249,0.029,0.143,0.0,0.0913,24.003158310303988,113730
0.198,0.32,0.0406,0.143,0.201,0.0947,55.007237794446645,54529
0.0622,0.293,0.256,0.00307,0.0,0.014,1.0001315962626662,101678
0.497,0.489,0.294,0.0576,9.91e-05,0.231,2.0002631925253325,51590
0.194,0.236,0.0353,0.271,0.0275,0.07,13.001710751414661,17891
0.399,0.24,0.0289,0.422,5.28e-05,0.164,34.00447427293065,7615
0.229,0.472,0.0353,0.309,0.0,0.164,41.00539544676931,40049
0.359,0.143,0.439,0.393,0.0379,0.0366,1.0001315962626662,59711
0.476,0.487,0.495,0.344,0.0,0.243,2.0002631925253325,9450
0.151,0.215,0.0446,0.12,0.448,0.034,10.001315962626663,59019
0.348,0.21,0.033,0.018,0.48,0.218,4.000526385050665,38965
0.235,0.386,0.0435,0.0736,0.448,0.0386,3.0003947887879985,39319
0.4,0.482,0.0439,0.0614,0.447,0.106,27.003553099091988,75601
0.179,0.05,0.362,1.17e-06,0.461,0.0,4.000526385050665,101298
0.0,0.167,0.0,0.369,0.481,0.0,3.0003947887879985,101890
0.477,0.243,0.0636,0.499,0.407,0.0997,6.000789577575997,15617
0.228,0.412,0.0353,0.349,0.499,0.079,7.000921173838663,76915
0.356,0.474,0.0283,0.273,0.304,0.094,14.001842347677327,11667
0.445,0.188,0.0336,0.158,0.0,0.357,11.001447558889328,80866
0.079,0.446,0.0379,0.149,0.245,0.376,10.001315962626663,6528
0.279,0.253,0.0372,0.0639,0.0,0.315,276.03632056849585,38485
0.448,0.13,0.0318,0.399,1.05e-05,0.369,33.00434267666799,102330
0.207,0.363,0.0306,0.418,5.24e-06,0.358,12.001579155151994,106315
0.253,0.456,0.0453,0.423,0.0,0.277,279.03671535728387,40590
0.444,7.06e-05,0.383,0.288,0.000131,0.288,2.0002631925253325,74581
0.498,0.498,0.424,0.42,0.0,0.367,4.000526385050665,9724
0.37,0.492,0.0499,0.00277,0.342,0.329,12.001579155151994,50349
0.23,0.429,0.0278,0.417,0.49,0.324,1.0001315962626662,84509
0.316,0.49,0.0391,0.416,0.367,0.267,4.000526385050665,84333
0.649,0.517,0.0273,0.54,0.0,0.185,212.02789840768523,39430
0.872,0.527,0.076,0.523,0.117,0.0877,17.002237136465325,17850
0.56,0.999,0.125,0.522,0.0446,0.0537,10.001315962626663,46936
0.796,0.85,0.0854,0.539,0.0549,0.239,3.0003947887879985,39912
0.511,0.593,0.437,0.579,5.41e-05,0.19,14.001842347677327,36297
0.765,0.556,0.272,0.55,2.13e-05,0.225,1.0001315962626662,104404
0.641,0.764,0.382,0.644,0.0,0.221,2.0002631925253325,36184
0.937,0.914,0.403,0.554,0.0,0.0678,1.0001315962626662,14709
0.576,0.52,0.0345,0.785,0.0,0.182,29.00381629161732,12627
0.864,0.556,0.0634,0.866,1.2e-05,0.137,5.000657981313331,37596
0.72,0.558,0.425,0.841,0.00695,0.113,4.000526385050665,66163
0.799,0.668,0.357,0.838,7.49e-06,0.188,1.0001315962626662,106773
0.715,0.991,0.269,0.859,0.0944,0.0371,1.0001315962626662,36697
0.565,0.642,0.0503,0.553,0.295,0.0673,11.001447558889328,36180
0.681,0.935,0.0417,0.571,0.458,0.0584,2.0002631925253325,23162
0.517,0.528,0.0293,0.913,0.309,0.108,3.0003947887879985,79802
0.753,0.529,0.208,0.551,8.15e-05,0.381,62.00815896828531,104858
0.701,0.818,0.0354,0.518,0.000181,0.45,77.0101329122253,67844
0.8,0.756,0.0367,0.687,2.06e-06,0.456,10.001315962626663,36523
0.538,0.572,0.315,0.596,0.0,0.486,79.01039610475063,9805
0.764,0.62,0.341,0.511,0.0,0.36,22.002895117778657,21995
0.509,0.933,0.257,0.607,0.0302,0.429,7.000921173838663,34110
0.789,0.786,0.297,0.596,0.0,0.39,3.0003947887879985,51812
0.658,0.539,0.0433,0.857,1.45e-06,0.461,189.02487169364392,81508
0.754,0.6,0.0446,0.798,0.0149,0.351,10.001315962626663,103559
0.53,0.752,0.0351,0.778,0.0,0.467,6.000789577575997,112336
0.782,0.752,0.154,0.773,0.0,0.474,1.0001315962626662,60736
0.635,0.583,0.269,0.8,0.0,0.366,11.001447558889328,29550
0.797,0.616,0.375,0.762,0.000293,0.451,3.0003947887879985,89912
0.642,0.804,0.29,0.794,0.0,0.493,2.0002631925253325,87257
0.529,0.509,0.235,0.663,0.499,0.397,10.001315962626663,111662
0.786,0.515,0.0646,0.748,0.26,0.496,3.0003947887879985,60721
0.505,0.87,0.165,0.512,0.346,0.445,2.0002631925253325,65392
0.75,0.559,0.423,0.683,0.42,0.449,1.0001315962626662,105937
0.598,0.549,0.107,0.804,0.458,0.444,3.0003947887879985,105735
0.696,0.146,0.0771,0.724,0.543,0.0838,9.001184366363995,99760
0.616,0.482,0.0657,0.723,0.537,0.234,25.003289906566657,4360
0.758,0.459,0.124,0.593,0.631,0.169,1.0001315962626662,17950
0.651,0.467,0.323,0.631,0.69,0.0854,1.0001315962626662,105177
0.876,0.486,0.33,0.558,0.743,0.239,2.0002631925253325,105816
0.669,0.219,0.0502,0.928,0.713,0.11,31.004079484142654,54183
0.861,0.138,0.0687,0.77,0.704,0.234,1.0001315962626662,45184
0.667,0.403,0.0602,0.764,0.545,0.238,37.00486906171865,105320
0.795,0.361,0.178,0.924,0.726,0.196,2.0002631925253325,105973
0.613,0.428,0.337,0.775,0.577,0.219,2.0002631925253325,94552
0.578,0.203,0.0362,0.745,0.933,0.0775,29.00381629161732,26542
0.771,0.158,0.0548,0.557,0.898,0.0382,7.000921173838663,105163
0.685,0.319,0.0569,0.657,0.931,0.151,101.01329122252929,36704
0.794,0.307,0.0486,0.674,0.935,0.171,25.003289906566657,4154
0.649,0.283,0.373,0.528,0.921,0.169,1.0001315962626662,32667
0.759,0.408,0.279,0.612,0.805,0.124,2.0002631925253325,105107
0.792,0.0947,0.0708,0.986,0.919,0.234,21.00276352151599,94172
0.657,0.421,0.0331,0.79,0.841,0.145,145.01908145808662,75303
0.788,0.393,0.196,0.886,0.905,0.0891,7.000921173838663,105239
0.645,0.114,0.356,0.967,0.831,0.191,1.0001315962626662,15373
0.627,0.316,0.314,0.962,0.91,0.124,4.000526385050665,15141
0.588,0.155,0.0321,0.633,0.694,0.404,7.000921173838663,79337
0.822,0.188,0.0672,0.714,0.541,0.374,1.0001315962626662,105494
0.692,0.494,0.137,0.696,0.649,0.428,18.00236873272799,105090
0.864,0.351,0.209,0.639,0.656,0.459,3.0003947887879985,105757
0.727,0.227,0.285,0.637,0.59,0.383,1.0001315962626662,105752
0.74,0.42,0.314,0.52,0.673,0.372,1.0001315962626662,111869
0.67,0.0781,0.0995,0.892,0.712,0.365,37.00486906171865,94752
0.773,0.176,0.0764,0.891,0.641,0.371,1.0001315962626662,105901
0.691,0.32,0.0713,0.829,0.687,0.407,29.00381629161732,105010
0.794,0.4,0.034,0.855,0.55,0.437,3.0003947887879985,1678
0.861,0.0708,0.419,0.991,0.54,0.27,1.0001315962626662,26870
0.599,0.349,0.26,0.996,0.689,0.379,1.0001315962626662,108617
0.707,0.236,0.0584,0.685,0.93,0.3,19.00250032899066,105114
0.888,0.245,0.0831,0.653,0.829,0.453,20.002631925253326,94093
0.698,0.496,0.0367,0.557,0.852,0.282,88.01158047111463,54606
0.768,0.27,0.0743,0.725,0.931,0.285,18.00236873272799,105303
0.687,0.201,0.301,0.619,0.917,0.32,2.0002631925253325,15474
0.539,0.223,0.0366,0.952,0.92,0.379,273.0359257797079,45562
0.789,0.162,0.095,0.81,0.94,0.434,43.00565863929465,15349
0.696,0.476,0.12,0.859,0.813,0.424,147.01934465061194,94572
0.805,0.333,0.0527,0.951,0.884,0.421,22.002895117778657,45159
0.578,0.167,0.317,0.962,0.97,0.279,6.000789577575997,105336
0.757,0.193,0.398,0.793,0.847,0.441,1.0001315962626662,105222
0.588,0.361,0.321,0.968,0.941,0.462,4.000526385050665,105850
0.801,0.441,0.337,0.856,0.905,0.49,4.000526385050665,36366
0.572,0.817,0.0418,0.0345,1.27e-05,0.583,574.0755362547704,112775
0.667,0.783,0.0361,0.0606,1.17e-06,0.564,443.0582971443611,107312
0.578,0.969,0.0731,0.0975,0.0,0.579,760.1000131596263,100889
0.716,0.912,0.034,0.00426,0.00112,0.52,319.0419792077905,25658
0.546,0.822,0.151,0.0145,0.0,0.615,29.00381629161732,31903
0.733,0.858,0.184,0.0688,1.5e-06,0.616,75.00986971969996,78696
0.573,0.941,0.134,0.00708,1.74e-05,0.518,103.01355441505463,98734
0.74,0.934,0.164,0.00207,0.0964,0.617,60.00789577575998,62758
0.569,0.779,0.0352,0.233,0.0,0.567,87.01144887485196,36491
0.735,0.835,0.0425,0.176,0.0,0.517,150.01973943939993,14749
0.616,0.882,0.0439,0.235,0.0,0.523,73.00960652717464,50594
0.693,0.926,0.122,0.245,4.13e-05,0.501,48.006316620607976,34165
0.602,0.785,0.232,0.143,0.0,0.582,17.002237136465325,88424
0.73,0.769,0.178,0.244,2.06e-05,0.594,14.001842347677327,88191
0.511,0.887,0.182,0.205,0.0,0.614,10.001315962626663,84779
0.627,0.978,0.209,0.146,0.0,0.557,27.003553099091988,78794
0.55,0.858,0.0357,0.041,0.199,0.577,13.001710751414661,32711
0.679,0.762,0.0316,0.00469,0.23,0.511,22.002895117778657,91314
0.518,0.96,0.0625,0.00117,0.136,0.547,30.00394788787999,96250
0.646,0.935,0.0409,0.000128,0.202,0.566,14.001842347677327,10410
0.549,0.954,0.152,0.00127,0.16,0.613,5.000657981313331,55452
0.715,0.985,0.196,0.0781,0.162,0.501,2.0002631925253325,109627
0.582,0.854,0.0442,0.133,0.174,0.535,3.0003947887879985,104135
0.628,0.806,0.0864,0.175,0.148,0.512,2.0002631925253325,27588
0.568,0.904,0.0979,0.133,0.152,0.595,1.0001315962626662,111685
0.616,0.841,0.076,0.0559,0.00217,0.714,579.0761942360838,31925
0.712,0.817,0.0279,0.0717,7.21e-06,0.679,621.0817212791158,62915
0.538,0.953,0.0562,0.000169,5.49e-06,0.646,682.0897486511384,44159
0.632,0.883,0.0537,0.0284,0.0,0.661,379.0498749835505,56965
0.607,0.836,0.2,0.00258,0.0,0.727,30.00394788787999,103418
0.662,0.788,0.205,0.0191,0.0,0.711,120.01579155151995,68122
0.503,0.951,0.139,0.0216,0.0,0.664,94.01237004869063,39494
0.639,0.943,0.136,0.0462,0.0,0.639,53.00697460192131,89245
0.506,0.795,0.0307,0.13,0.0,0.639,148.0194762468746,113824
0.687,0.792,0.0452,0.191,0.0,0.671,198.0260560600079,53093
0.597,0.892,0.0492,0.145,9.24e-05,0.634,66.00868535333598,34522
0.661,0.904,0.0444,0.192,0.0,0.735,87.01144887485196,88781
0.618,0.867,0.139,0.239,0.0,0.665,11.001447558889328,55240
0.742,0.834,0.23,0.163,0.0,0.645,35.00460586919332,112812
0.515,0.965,0.23,0.148,0.0,0.659,11.001447558889328,61347
0.666,0.921,0.138,0.226,0.0,0.723,21.00276352151599,67836
0.517,0.859,0.0536,0.000198,0.232,0.717,17.002237136465325,41621
0.674,0.823,0.0406,0.0106,0.193,0.674,11.001447558889328,58990
0.542,0.961,0.0558,0.00187,0.143,0.654,26.003421502829323,49985
0.647,0.937,0.0534,0.0212,0.156,0.709,15.001973943939994,49158
0.552,0.825,0.147,0.000196,0.214,0.727,1.0001315962626662,58694
0.501,0.911,0.154,0.0342,0.165,0.724,1.0001315962626662,1159
0.69,0.927,0.197,0.0255,0.16,0.628,1.0001315962626662,46730
0.621,0.787,0.0384,0.175,0.186,0.73,1.0001315962626662,17496
0.503,0.849,0.0615,0.00428,0.0,0.762,349.0459270956705,63417
0.657,0.768,0.0507,0.108,0.0,0.759,521.0685616528491,56025
0.538,0.92,0.0673,0.0355,4.04e-06,0.789,529.0696144229504,61836
0.715,0.902,0.036,0.0814,0.0,0.768,441.0580339518358,100186
0.576,0.857,0.23,0.0459,0.0,0.757,17.002237136465325,112288
0.679,0.77,0.19,0.0583,0.0,0.839,70.00921173838664,51365
0.622,0.887,0.19,0.086,0.0,0.842,33.00434267666799,97231
0.714,0.918,0.218,0.107,0.0,0.772,66.00868535333598,34993
0.595,0.761,0.0272,0.226,0.000157,0.791,81.01065929727596,2833
0.674,0.86,0.0369,0.155,3.21e-06,0.771,261.0343466245559,20873
0.581,0.926,0.0662,0.176,0.0,0.874,76.01000131596264,62105
0.656,0.931,0.0659,0.25,3.25e-06,0.814,112.01473878141861,100495
0.622,0.802,0.167,0.17,0.0,0.764,8.00105277010133,83512
0.7,0.786,0.201,0.155,0.0272,0.757,30.00394788787999,60807
0.625,0.94,0.142,0.138,0.0,0.783,6.000789577575997,62805
0.707,0.904,0.148,0.13,0.0,0.823,13.001710751414661,21143
0.596,0.824,0.0361,0.0504,0.129,0.786,4.000526385050665,82254
0.655,0.782,0.0355,0.0336,0.228,0.812,9.001184366363995,32808
0.521,0.927,0.0408,7.35e-05,0.189,0.834,6.000789577575997,46871
0.633,0.896,0.0526,0.00594,0.134,0.813,11.001447558889328,49934
0.715,0.931,0.157,0.00857,0.132,0.805,1.0001315962626662,60362
0.581,0.959,0.037,0.143,0.186,0.765,1.0001315962626662,46307
0.644,0.919,0.0561,0.179,0.135,0.87,5.000657981313331,91845
0.502,0.874,0.0677,0.0933,0.000173,0.884,172.0226345571786,63368
0.648,0.865,0.0511,0.0282,0.0476,0.963,372.04895380971186,24147
0.613,0.878,0.0313,0.00777,9.2e-05,0.902,236.03105671798923,86491
0.685,0.909,0.0396,0.0471,0.0,0.922,424.05579681537046,67085
0.521,0.799,0.162,0.0796,0.00709,0.945,9.001184366363995,89565
0.74,0.79,0.186,0.0247,0.0,0.914,13.001710751414661,100999
0.597,0.889,0.134,0.00469,0.000477,0.921,9.001184366363995,92684
0.653,0.915,0.128,0.00879,9.95e-06,0.909,17.002237136465325,10943
0.553,0.768,0.0413,0.179,0.0,0.926,50.006579813133314,9362
0.659,0.812,0.0487,0.23,0.0,0.888,151.0198710356626,103961
0.532,0.927,0.0334,0.217,0.0263,0.943,57.007500986971976,7990
0.683,0.911,0.0665,0.162,0.0,0.879,100.01315962626663,85369
0.514,0.863,0.184,0.195,0.0,0.931,1.0001315962626662,14639
0.71,0.824,0.147,0.128,0.0,0.89,9.001184366363995,104070
0.546,0.945,0.213,0.144,0.0,0.914,3.0003947887879985,80570
0.689,0.917,0.153,0.14,0.0,0.941,10.001315962626663,25622
0.601,0.858,0.0311,0.000117,0.144,0.925,8.00105277010133,100949
0.653,0.814,0.0414,0.000653,0.25,0.955,7.000921173838663,10054
0.587,0.904,0.0319,0.00119,0.133,0.882,7.000921173838663,82992
0.682,0.97,0.0459,0.00591,0.171,0.959,10.001315962626663,57331
0.652,0.84,0.0305,0.145,0.136,0.955,2.0002631925253325,1702
0.133,0.506,0.0355,0.714,0.000742,0.0663,14.001842347677327,76822
0.301,0.581,0.0422,0.602,0.0,0.235,199.0261876562706,55114
0.173,0.803,0.144,0.613,0.00191,0.0887,5.000657981313331,59311
0.323,0.943,0.0538,0.588,0.00529,0.0606,40.00526385050665,47114
0.254,0.61,0.274,0.654,0.0215,0.0349,1.0001315962626662,59371
0.399,0.884,0.359,0.573,0.00383,0.231,1.0001315962626662,17741
0.249,0.57,0.0414,0.852,0.00203,0.227,8.00105277010133,76462
0.392,0.673,0.039,0.824,0.000421,0.177,52.006843005658645,76992
0.123,0.77,0.0506,0.758,0.225,0.0197,1.0001315962626662,101579
0.292,0.771,0.0453,0.797,0.196,0.228,4.000526385050665,76216
0.476,0.549,0.395,0.81,0.000226,0.167,3.0003947887879985,94546
0.0565,0.995,0.352,0.867,0.000419,0.0101,1.0001315962626662,113940
0.483,0.8,0.266,0.858,0.0,0.2,1.0001315962626662,104306
0.16,0.517,0.0427,0.655,0.396,0.0492,1.0001315962626662,101389
0.353,0.526,0.0675,0.521,0.416,0.148,4.000526385050665,59493
0.161,0.962,0.0819,0.726,0.49,0.00655,3.0003947887879985,101586
0.362,0.651,0.319,0.718,0.4,0.189,1.0001315962626662,54526
0.217,0.83,0.373,0.726,0.481,0.0349,1.0001315962626662,59658
0.101,0.532,0.0676,0.846,0.476,1e-05,3.0003947887879985,101076
0.393,0.595,0.0405,0.79,0.297,0.165,1.0001315962626662,11860
0.0,0.994,0.0,0.991,0.436,0.0,3.0003947887879985,101835
0.279,0.999,0.0509,0.914,0.433,0.00159,1.0001315962626662,101844
0.247,0.556,0.0376,0.635,0.000436,0.371,14.001842347677327,55191
0.376,0.755,0.061,0.719,5.67e-05,0.454,46.006053428082645,96503
0.407,0.737,0.355,0.606,0.000188,0.415,15.001973943939994,93046
0.356,0.905,0.309,0.502,0.0137,0.438,6.000789577575997,84661
0.231,0.545,0.0358,0.838,3.5e-06,0.325,9.001184366363995,55813
0.415,0.501,0.0361,0.83,0.0,0.306,129.01697591788394,97791
0.377,0.763,0.0387,0.777,0.00125,0.302,8.00105277010133,103941
0.457,0.711,0.457,0.778,0.0,0.35,10.001315962626663,76835
0.441,0.775,0.448,0.808,1.54e-06,0.394,3.0003947887879985,104636
0.463,0.635,0.127,0.659,0.375,0.378,6.000789577575997,108157
0.465,0.798,0.0298,0.523,0.462,0.474,15.001973943939994,7551
0.529,0.767,0.0382,0.0507,0.0,0.335,460.06053428082646,77228
0.666,0.826,0.0625,0.017,0.0,0.343,246.0323726806159,68425
0.536,0.89,0.0375,0.078,0.0202,0.273,516.0679036715358,55
0.657,0.89,0.0572,0.00822,0.00478,0.373,128.01684432162128,30585
0.596,0.865,0.135,0.00285,0.0,0.357,24.003158310303988,49760
0.738,0.867,0.227,0.0109,0.0825,0.366,27.003553099091988,29626
0.521,0.973,0.165,6.33e-06,0.0497,0.293,133.01750230293462,72693
0.657,0.989,0.164,0.125,0.0,0.353,33.00434267666799,78052
0.552,0.829,0.0845,0.187,5.44e-05,0.367,52.006843005658645,49452
0.631,0.806,0.0468,0.176,0.0,0.318,32.00421108040532,103563
0.511,0.897,0.0324,0.218,0.000142,0.369,19.00250032899066,27307
0.627,0.897,0.0504,0.246,0.0,0.257,15.001973943939994,3751
0.581,0.794,0.134,0.212,0.0079,0.34,4.000526385050665,37380
0.673,0.772,0.127,0.224,0.0,0.287,9.001184366363995,104807
0.608,0.985,0.141,0.181,1.86e-06,0.346,8.00105277010133,55933
0.646,0.904,0.13,0.196,0.0,0.37,3.0003947887879985,49277
0.593,0.857,0.046,0.000429,0.143,0.313,26.003421502829323,43159
0.736,0.846,0.0398,0.00923,0.137,0.281,18.00236873272799,17814
0.535,0.98,0.0699,0.00189,0.229,0.331,24.003158310303988,22209
0.654,0.943,0.0614,0.00292,0.131,0.292,13.001710751414661,10620
0.52,0.968,0.174,0.00967,0.208,0.349,5.000657981313331,46264
0.645,0.986,0.134,0.000151,0.244,0.32,3.0003947887879985,43589
0.619,0.793,0.0566,0.165,0.179,0.251,2.0002631925253325,46925
0.599,0.869,0.0618,0.000707,0.0,0.453,587.0772470061851,65277
0.711,0.791,0.0586,0.0242,0.000346,0.414,361.0475062508225,23669
0.533,0.958,0.0887,0.000394,0.0416,0.455,659.0867219370971,58768
0.742,0.883,0.118,0.0468,0.0,0.464,195.02566127121992,21087
0.611,0.781,0.149,0.08,0.0,0.413,28.003684695354654,88121
0.694,0.768,0.238,0.00199,0.00225,0.435,33.00434267666799,13700
0.584,0.999,0.191,0.0257,0.0,0.419,103.01355441505463,61434
0.641,0.895,0.168,0.0256,0.000299,0.397,37.00486906171865,83753
0.565,0.772,0.0468,0.21,0.098,0.484,73.00960652717464,11577
0.738,0.756,0.111,0.169,0.0104,0.442,89.01171206737729,23802
0.574,0.902,0.0421,0.202,1.41e-06,0.471,40.00526385050665,12673
0.63,0.898,0.0525,0.13,0.00965,0.479,20.002631925253326,83889
0.544,0.797,0.162,0.199,0.0,0.384,21.00276352151599,17434
0.63,0.855,0.209,0.195,0.0,0.409,3.0003947887879985,5397
0.569,0.996,0.224,0.198,0.0114,0.461,12.001579155151994,46000
0.733,0.924,0.244,0.168,6.81e-05,0.5,9.001184366363995,14185
0.543,0.854,0.0418,0.039,0.142,0.424,14.001842347677327,74376
0.651,0.852,0.0461,0.00361,0.135,0.401,14.001842347677327,27972
0.558,0.934,0.0355,0.0185,0.21,0.385,36.00473746545598,110241
0.735,0.92,0.051,0.000634,0.186,0.453,18.00236873272799,10057
0.58,0.867,0.165,0.0152,0.182,0.482,1.0001315962626662,33357
0.684,0.832,0.138,0.000363,0.232,0.403,3.0003947887879985,55954
0.532,0.878,0.215,0.0102,0.201,0.385,5.000657981313331,109256
0.729,0.914,0.155,0.039,0.137,0.449,1.0001315962626662,110372
0.74,0.8,0.0265,0.164,0.135,0.376,1.0001315962626662,110455
0.515,0.936,0.0543,0.128,0.161,0.499,2.0002631925253325,49395
0.696,0.91,0.0375,0.203,0.183,0.403,4.000526385050665,83669
0.6,0.908,0.183,0.194,0.203,0.428,1.0001315962626662,46788
0.21,0.54,0.0304,0.519,0.0,0.503,1.0001315962626662,40757
0.376,0.87,0.0561,0.684,0.105,0.733,121.01592314778262,74892
0.494,0.517,0.391,0.61,0.0,0.602,5.000657981313331,104422
0.385,0.859,0.29,0.688,0.0,0.595,7.000921173838663,36546
0.191,0.536,0.046,0.969,0.00339,0.608,3.0003947887879985,16104
0.48,0.674,0.193,0.866,3.43e-05,0.635,161.02118699828927,108044
0.206,0.754,0.0638,0.962,5.63e-06,0.627,1.0001315962626662,93810
0.435,0.872,0.0531,0.753,0.0,0.636,13.001710751414661,5794
0.434,0.628,0.36,0.815,0.0,0.51,9.001184366363995,108008
0.484,0.877,0.365,0.758,0.0,0.586,3.0003947887879985,96513
0.424,0.713,0.0346,0.721,0.418,0.714,1.0001315962626662,38775
0.383,0.763,0.0808,0.573,0.431,0.648,2.0002631925253325,63449
0.25,0.641,0.0516,0.844,0.266,0.676,1.0001315962626662,92609
0.415,0.527,0.0651,0.872,0.291,0.509,5.000657981313331,108513
0.216,0.663,0.0474,0.64,0.000842,0.891,3.0003947887879985,84243
0.437,0.727,0.158,0.712,3.19e-06,0.909,147.01934465061194,96434
0.498,0.869,0.0346,0.725,0.11,0.935,86.0113172785893,52632
0.5,0.501,0.274,0.62,0.0,0.92,4.000526385050665,90485
0.485,0.92,0.277,0.664,0.000339,0.767,6.000789577575997,65147
0.469,0.536,0.0465,0.901,1.27e-05,0.891,62.00815896828531,76368
0.433,0.778,0.041,0.843,0.0,0.764,18.00236873272799,33008
0.245,0.617,0.0527,0.741,0.267,0.813,1.0001315962626662,12460
0.433,0.564,0.0405,0.713,0.275,0.855,2.0002631925253325,36865
0.46,0.533,0.065,0.843,0.353,0.845,1.0001315962626662,65942
0.462,0.249,0.0264,0.664,0.0,0.512,10.001315962626663,52976
0.196,0.435,0.195,0.633,0.193,0.644,3.0003947887879985,45234
0.485,0.372,0.0308,0.717,0.0,0.516,237.0311883142519,26185
0.485,0.44,0.401,0.601,8.18e-06,0.52,6.000789577575997,74950
0.212,0.194,0.0471,0.924,0.000507,0.524,2.0002631925253325,84423
0.439,0.196,0.0601,0.88,0.0,0.525,167.02197657586527,64365
0.479,0.284,0.398,0.964,8.21e-06,0.655,5.000657981313331,94434
0.426,0.195,0.0377,0.617,0.26,0.524,3.0003947887879985,26472
0.272,0.0582,0.0414,0.977,0.482,0.612,10.001315962626663,39995
0.235,0.342,0.0375,0.973,0.476,0.612,1.0001315962626662,16553
0.335,0.473,0.058,0.977,0.251,0.59,2.0002631925253325,16410
0.492,0.486,0.0558,0.673,6.31e-06,0.783,47.006185024345314,80940
0.47,0.194,0.0404,0.9,0.0,0.788,32.00421108040532,93960
0.428,0.434,0.0387,0.963,0.119,0.871,38.00500065798132,108746
0.499,0.379,0.473,0.862,0.0203,0.947,3.0003947887879985,93469
0.439,0.434,0.0365,0.679,0.45,0.914,2.0002631925253325,7660
0.493,0.481,0.0265,0.788,0.377,0.827,1.0001315962626662,7957
0.266,0.791,0.0461,0.0225,0.0,0.27,127.01671272535862,70952
0.461,0.802,0.0325,0.112,0.0,0.342,359.04724305829717,4446
0.274,0.922,0.0593,0.000115,0.0,0.366,289.03803131991054,110692
0.4,0.898,0.0471,0.000418,0.0,0.333,632.083168838005,72690
0.32,0.853,0.131,0.0134,8.77e-05,0.373,7.000921173838663,83188
0.443,0.829,0.178,0.0604,3.91e-05,0.34,27.003553099091988,46908
0.354,0.986,0.13,2.59e-05,0.00922,0.279,181.0238189235426,42056
0.425,0.98,0.189,0.000104,1.46e-06,0.279,154.0202658244506,72137
0.362,0.785,0.0465,0.209,0.0,0.27,13.001710751414661,12717
0.413,0.853,0.0633,0.188,0.0,0.364,39.00513225424398,9928
0.32,0.929,0.0774,0.197,0.0,0.342,4.000526385050665,50738
0.414,0.918,0.0639,0.201,0.000141,0.286,6.000789577575997,49655
0.434,0.792,0.151,0.24,0.0,0.356,4.000526385050665,104927
0.353,0.915,0.145,0.225,7.61e-05,0.371,4.000526385050665,49011
0.482,0.988,0.204,0.182,8.16e-06,0.363,6.000789577575997,61537
0.272,0.758,0.109,3.12e-05,0.137,0.299,3.0003947887879985,42977
0.478,0.789,0.0329,0.000152,0.213,0.29,11.001447558889328,50445
0.328,0.897,0.0572,0.0126,0.187,0.331,22.002895117778657,10632
0.427,0.965,0.0843,0.00567,0.208,0.362,37.00486906171865,61756
0.294,0.977,0.152,3.15e-06,0.18,0.362,8.00105277010133,82802
0.451,0.971,0.147,0.000522,0.181,0.273,3.0003947887879985,44926
0.449,0.775,0.0405,0.162,0.149,0.313,2.0002631925253325,63563
0.315,0.774,0.0508,0.0675,0.000463,0.459,146.01921305434928,38197
0.387,0.759,0.0295,0.00135,0.00198,0.381,311.0409264376892,91980
0.312,0.934,0.0683,0.000606,6.76e-05,0.471,239.03145150677722,44729
0.496,0.924,0.0664,5.25e-05,0.00102,0.487,630.0829056454797,22526
0.291,0.867,0.178,3.5e-05,0.00618,0.386,9.001184366363995,50830
0.486,0.765,0.128,0.0239,3.02e-05,0.386,17.002237136465325,8654
0.318,0.995,0.179,0.00875,0.0,0.49,89.01171206737729,22525
0.498,0.933,0.145,1.28e-05,0.000577,0.443,153.02013422818794,72894
0.287,0.791,0.05,0.163,0.0,0.401,16.00210554020266,62281
0.42,0.872,0.0397,0.243,0.0,0.397,49.006448216870645,51817
0.358,0.921,0.0695,0.171,7.64e-06,0.476,10.001315962626663,71762
0.483,0.896,0.0887,0.186,0.00019,0.392,32.00421108040532,87176
0.389,0.784,0.13,0.203,1.13e-05,0.484,5.000657981313331,113106
0.297,0.994,0.232,0.157,0.00198,0.461,6.000789577575997,92727
0.495,0.958,0.199,0.175,0.0,0.428,10.001315962626663,97170
0.302,0.868,0.0688,5.68e-05,0.185,0.454,7.000921173838663,43886
0.47,0.796,0.028,0.000171,0.238,0.426,5.000657981313331,58713
0.274,0.985,0.0559,3.33e-05,0.152,0.41,8.00105277010133,46864
0.407,0.954,0.0532,0.000629,0.186,0.454,28.003684695354654,3237
0.322,0.836,0.127,0.000242,0.178,0.385,1.0001315962626662,22969
0.311,0.882,0.215,0.00895,0.205,0.435,11.001447558889328,85402
0.483,0.971,0.19,0.0162,0.127,0.464,1.0001315962626662,61996
0.363,0.914,0.0909,0.196,0.129,0.466,2.0002631925253325,48332
0.46,0.941,0.0996,0.135,0.149,0.404,2.0002631925253325,46606
0.642,0.187,0.0454,0.107,0.719,0.0372,2.0002631925253325,54181
0.752,0.23,0.0378,0.0117,0.714,0.195,4.000526385050665,73229
0.535,0.402,0.031,0.000748,0.734,0.0862,45.00592183181998,57659
0.871,0.409,0.0905,0.0902,0.701,0.074,24.003158310303988,36155
0.721,0.239,0.0805,0.455,0.658,0.217,1.0001315962626662,94768
0.757,0.142,0.049,0.473,0.539,0.0383,2.0002631925253325,15812
0.586,0.406,0.0304,0.267,0.582,0.068,10.001315962626663,41802
0.753,0.267,0.0602,0.363,0.55,0.0554,8.00105277010133,32030
0.678,0.199,0.0429,0.111,0.917,0.0439,7.000921173838663,24788
0.836,0.159,0.0682,0.0797,0.929,0.204,5.000657981313331,24162
0.684,0.445,0.0342,0.124,0.836,0.23,126.01658112909594,73881
0.796,0.468,0.0597,0.00113,0.884,0.124,85.01118568232663,24376
0.934,0.0464,0.284,0.0333,0.776,0.194,1.0001315962626662,24333
0.601,0.468,0.311,0.00303,0.914,0.188,3.0003947887879985,24774
0.787,0.476,0.266,0.00037,0.914,0.144,1.0001315962626662,54367
0.694,0.225,0.032,0.479,0.754,0.204,14.001842347677327,45961
0.758,0.116,0.0369,0.411,0.976,0.23,3.0003947887879985,54188
0.636,0.253,0.0385,0.44,0.873,0.0427,83.0109224898013,111472
0.836,0.345,0.0509,0.447,0.809,0.15,9.001184366363995,54319
0.917,0.108,0.471,0.317,0.885,0.181,1.0001315962626662,105756
0.693,0.191,0.0618,0.0683,0.744,0.41,1.0001315962626662,105403
0.787,0.224,0.0645,0.0233,0.731,0.33,2.0002631925253325,111710
0.699,0.476,0.0395,0.215,0.611,0.457,37.00486906171865,73965
0.858,0.467,0.0981,0.00622,0.72,0.359,23.003026714041322,13601
0.825,0.35,0.27,0.176,0.727,0.45,2.0002631925253325,94417
0.589,0.243,0.111,0.312,0.561,0.382,2.0002631925253325,24261
0.575,0.295,0.0326,0.484,0.703,0.394,12.001579155151994,71902
0.808,0.316,0.0847,0.434,0.746,0.315,9.001184366363995,26135
0.788,0.432,0.324,0.387,0.734,0.349,1.0001315962626662,105072
0.629,0.179,0.0626,0.075,0.879,0.379,3.0003947887879985,105447
0.866,0.25,0.0923,0.00209,0.911,0.306,5.000657981313331,24431
0.666,0.321,0.0843,0.000576,0.798,0.399,76.01000131596264,73205
0.835,0.458,0.106,0.0692,0.764,0.489,81.01065929727596,23698
0.715,0.214,0.27,0.158,0.928,0.319,2.0002631925253325,105419
0.768,0.214,0.251,0.041,0.926,0.46,1.0001315962626662,105594
0.671,0.422,0.41,0.0125,0.87,0.344,2.0002631925253325,105316
0.807,0.278,0.336,0.0204,0.866,0.256,4.000526385050665,54660
0.73,0.223,0.161,0.481,0.878,0.32,7.000921173838663,105884
0.809,0.193,0.0427,0.499,0.906,0.26,2.0002631925253325,5271
0.599,0.349,0.0558,0.403,0.867,0.256,48.006316620607976,105988
0.796,0.44,0.0673,0.43,0.912,0.266,18.00236873272799,73497
0.79,0.218,0.389,0.401,0.781,0.496,1.0001315962626662,105231
0.54,0.498,0.318,0.293,0.899,0.266,5.000657981313331,105412
0.856,0.473,0.259,0.349,0.915,0.368,1.0001315962626662,24223
0.617,0.514,0.0722,0.0154,0.0,0.365,187.0246085011186,83080
0.706,0.6,0.0736,0.116,0.0,0.345,130.0171075141466,21388
0.608,0.639,0.0246,0.0208,5.94e-05,0.369,337.04434794051855,102874
0.689,0.705,0.0462,0.0872,0.0,0.27,207.02724042637192,83752
0.584,0.528,0.147,0.000248,0.026,0.344,8.00105277010133,24639
0.705,0.528,0.133,0.0527,0.000435,0.312,18.00236873272799,112470
0.569,0.673,0.225,0.082,0.0014,0.316,21.00276352151599,9908
0.703,0.701,0.221,0.00579,0.0,0.343,28.003684695354654,3475
0.528,0.511,0.0324,0.126,0.0,0.351,125.01644953283328,20109
0.662,0.502,0.0265,0.168,0.0647,0.356,50.006579813133314,84680
0.601,0.73,0.0584,0.168,8.27e-06,0.312,83.0109224898013,17197
0.634,0.724,0.0431,0.129,0.0,0.302,61.00802737202264,83195
0.613,0.519,0.154,0.23,0.0,0.27,2.0002631925253325,33954
0.728,0.538,0.167,0.129,0.0,0.339,3.0003947887879985,112084
0.518,0.723,0.137,0.157,1.2e-05,0.363,4.000526385050665,80041
0.66,0.675,0.2,0.189,2.17e-06,0.367,8.00105277010133,3916
0.589,0.614,0.0426,0.0213,0.165,0.318,8.00105277010133,3855
0.673,0.51,0.0406,0.0172,0.22,0.295,3.0003947887879985,73852
0.614,0.655,0.0297,0.0019,0.126,0.342,7.000921173838663,107703
0.683,0.708,0.0305,0.0398,0.155,0.355,4.000526385050665,53855
0.6,0.655,0.153,0.00847,0.129,0.374,1.0001315962626662,104506
0.626,0.644,0.211,0.0236,0.19,0.307,2.0002631925253325,66339
0.526,0.587,0.039,0.24,0.243,0.364,2.0002631925253325,44962
0.691,0.539,0.105,0.246,0.155,0.328,4.000526385050665,56994
0.58,0.637,0.0434,0.206,0.139,0.304,3.0003947887879985,75052
0.553,0.546,0.0263,0.0825,1.55e-05,0.438,147.01934465061194,62775
0.717,0.624,0.0381,0.0754,0.000762,0.472,133.01750230293462,65092
0.573,0.735,0.03,0.0394,0.0664,0.474,437.05750756678515,49570
0.688,0.701,0.0298,0.06,0.0301,0.385,354.04658507698383,80177
0.503,0.548,0.164,0.0751,0.000234,0.441,23.003026714041322,89751
0.668,0.62,0.186,0.0846,0.004,0.395,20.002631925253326,111329
0.598,0.705,0.156,0.00923,6.28e-06,0.465,15.001973943939994,66940
0.732,0.703,0.134,0.00379,0.0,0.453,22.002895117778657,66179
0.62,0.537,0.0263,0.163,0.0,0.41,110.01447558889329,99481
0.723,0.612,0.0673,0.203,3.01e-06,0.418,121.01592314778262,21904
0.524,0.739,0.0386,0.215,0.0,0.48,155.02039742071327,103035
0.717,0.743,0.0439,0.184,0.000771,0.46,132.01737070667195,65753
0.549,0.577,0.213,0.151,0.0,0.494,8.00105277010133,60377
0.629,0.619,0.144,0.233,0.0,0.487,15.001973943939994,37583
0.511,0.675,0.146,0.199,0.0,0.442,13.001710751414661,29247
0.65,0.644,0.234,0.236,4.32e-05,0.445,20.002631925253326,39902
0.541,0.572,0.0277,0.0266,0.186,0.406,4.000526385050665,79837
0.71,0.616,0.11,0.0344,0.226,0.401,9.001184366363995,13088
0.602,0.675,0.0322,0.00477,0.193,0.404,10.001315962626663,30976
0.726,0.655,0.0354,0.000651,0.219,0.496,7.000921173838663,24993
0.724,0.56,0.0599,0.13,0.24,0.412,1.0001315962626662,33978
0.563,0.719,0.0276,0.242,0.146,0.488,2.0002631925253325,90229
0.611,0.622,0.0734,0.0188,0.0,0.538,175.0230293459666,56507
0.703,0.541,0.0398,0.124,0.0,0.569,163.0214501908146,52114
0.521,0.72,0.0254,0.00352,0.0114,0.609,270.0355309909199,8193
0.645,0.669,0.0638,0.00545,0.00138,0.568,294.0386893012239,89761
0.606,0.6,0.139,0.0469,0.0,0.529,8.00105277010133,1015
0.709,0.56,0.171,0.034,0.0,0.541,47.006185024345314,81629
0.605,0.649,0.151,0.0253,0.0,0.547,35.00460586919332,23598
0.66,0.675,0.245,0.026,0.0,0.585,78.01026450848796,74352
0.607,0.578,0.0259,0.167,0.000702,0.614,63.00829056454797,82832
0.707,0.6,0.0407,0.175,0.123,0.603,107.01408080010529,83893
0.594,0.728,0.0299,0.147,0.000149,0.595,108.01421239636795,52473
0.728,0.668,0.0546,0.18,1.38e-06,0.604,132.01737070667195,14925
0.586,0.549,0.184,0.228,0.0,0.615,6.000789577575997,5550
0.732,0.563,0.128,0.191,0.000141,0.563,12.001579155151994,80328
0.565,0.654,0.147,0.179,9.6e-05,0.602,10.001315962626663,69407
0.742,0.684,0.137,0.139,0.0,0.547,30.00394788787999,102332
0.595,0.571,0.0627,0.0612,0.211,0.519,3.0003947887879985,32994
0.75,0.618,0.0761,0.0273,0.149,0.548,6.000789577575997,33858
0.564,0.697,0.0275,0.00232,0.176,0.547,3.0003947887879985,112577
0.716,0.683,0.0387,0.0964,0.22,0.623,5.000657981313331,105730
0.632,0.585,0.158,0.0224,0.235,0.537,1.0001315962626662,54281
0.506,0.655,0.164,0.0278,0.173,0.612,1.0001315962626662,38868
0.721,0.738,0.178,0.0305,0.185,0.596,1.0001315962626662,5803
0.643,0.56,0.0354,0.204,0.197,0.521,1.0001315962626662,15574
0.654,0.67,0.0403,0.149,0.157,0.528,1.0001315962626662,36852
0.581,0.52,0.183,0.209,0.148,0.603,1.0001315962626662,3908
0.567,0.517,0.0708,0.000292,0.0,0.627,63.00829056454797,85460
0.708,0.598,0.0291,0.037,0.0,0.698,110.01447558889329,20062
0.523,0.687,0.105,0.0215,2.86e-06,0.711,207.02724042637192,99476
0.716,0.723,0.0475,0.0156,2.17e-06,0.634,306.0402684563759,35554
0.569,0.553,0.203,0.0741,0.0,0.712,7.000921173838663,36672
0.708,0.552,0.21,0.0922,0.0,0.686,24.003158310303988,53650
0.611,0.649,0.133,0.0115,0.0,0.72,13.001710751414661,21462
0.659,0.746,0.23,0.0928,1.73e-06,0.697,47.006185024345314,66040
0.586,0.565,0.0541,0.163,0.0,0.633,59.00776417949731,82158
0.706,0.578,0.0658,0.137,0.0,0.641,97.01276483747863,112566
0.505,0.687,0.0462,0.234,0.0,0.72,103.01355441505463,47242
0.655,0.705,0.0285,0.169,0.0139,0.749,152.02000263192528,107389
0.519,0.568,0.155,0.211,1.73e-06,0.707,4.000526385050665,21221
0.669,0.534,0.221,0.146,0.0,0.704,5.000657981313331,5643
0.603,0.687,0.166,0.244,0.0,0.696,13.001710751414661,21470
0.648,0.727,0.142,0.229,0.0,0.689,20.002631925253326,56372
0.504,0.577,0.0315,0.0128,0.215,0.721,8.00105277010133,6487
0.734,0.519,0.0824,0.00814,0.141,0.685,7.000921173838663,89432
0.607,0.737,0.047,0.12,0.169,0.697,7.000921173838663,34262
0.658,0.725,0.0295,0.000534,0.225,0.644,10.001315962626663,71992
0.649,0.523,0.0267,0.157,0.135,0.697,2.0002631925253325,87751
0.581,0.713,0.0411,0.246,0.243,0.73,4.000526385050665,75557
0.697,0.653,0.102,0.166,0.231,0.627,3.0003947887879985,21112
0.688,0.541,0.217,0.178,0.127,0.731,2.0002631925253325,51877
0.302,0.818,0.0478,0.0398,0.0,0.615,77.0101329122253,85677
0.462,0.83,0.0673,0.123,0.0,0.557,323.04250559284117,23521
0.373,0.914,0.0565,0.076,0.0,0.56,215.02829319647324,51
0.442,0.9,0.0529,0.0109,0.0,0.609,711.0935649427557,85027
0.261,0.861,0.181,0.0104,3.78e-06,0.53,4.000526385050665,100881
0.483,0.868,0.14,0.014,0.0,0.561,11.001447558889328,47485
0.289,0.979,0.207,0.0973,0.0,0.516,49.006448216870645,86947
0.452,0.937,0.161,0.000209,3.61e-06,0.604,90.01184366363997,71467
0.334,0.778,0.078,0.196,0.0,0.562,13.001710751414661,93284
0.454,0.82,0.0567,0.132,0.000969,0.575,40.00526385050665,34251
0.34,0.911,0.0752,0.219,0.0,0.538,10.001315962626663,39926
0.477,0.882,0.0805,0.167,2.21e-06,0.514,27.003553099091988,95545
0.309,0.781,0.166,0.197,0.0,0.622,1.0001315962626662,98860
0.452,0.868,0.248,0.234,0.0,0.512,1.0001315962626662,80932
0.338,0.96,0.158,0.159,0.0,0.62,1.0001315962626662,78967
0.441,0.93,0.185,0.162,0.0,0.556,8.00105277010133,35710
0.313,0.818,0.0453,0.112,0.232,0.552,6.000789577575997,82793
0.492,0.836,0.0352,0.000221,0.148,0.553,8.00105277010133,41840
0.334,0.982,0.0619,9.11e-05,0.149,0.501,5.000657981313331,47352
0.382,0.899,0.078,0.00211,0.133,0.505,21.00276352151599,43193
0.436,0.95,0.184,0.000867,0.249,0.599,3.0003947887879985,84887
0.402,0.959,0.181,0.136,0.158,0.574,1.0001315962626662,46760
0.375,0.816,0.0311,0.00095,0.000122,0.649,51.006711409395976,63862
0.393,0.869,0.0486,0.0731,5.59e-05,0.653,169.0222397683906,32644
0.356,0.888,0.114,0.000273,0.0,0.642,142.0186866692986,33717
0.499,0.958,0.0368,0.00246,0.0,0.729,458.06027108830114,86646
0.364,0.873,0.135,8.23e-05,0.00223,0.673,2.0002631925253325,48592
0.493,0.762,0.147,0.00216,0.0,0.708,10.001315962626663,11478
0.296,0.977,0.172,1.34e-05,0.0501,0.644,20.002631925253326,63973
0.453,0.965,0.141,0.000857,0.00275,0.743,47.006185024345314,58417
0.326,0.789,0.0982,0.129,0.0,0.684,1.0001315962626662,62894
0.488,0.762,0.11,0.193,0.0,0.707,43.00565863929465,9795
0.328,0.933,0.122,0.14,0.00184,0.685,11.001447558889328,69902
0.486,0.95,0.101,0.153,0.0,0.638,26.003421502829323,61048
0.391,0.825,0.13,0.161,0.0,0.659,5.000657981313331,96401
0.493,0.909,0.218,0.16,0.0,0.739,5.000657981313331,60040
0.305,0.84,0.0657,0.000338,0.225,0.711,1.0001315962626662,41708
0.464,0.791,0.0497,1.21e-05,0.244,0.7,9.001184366363995,82311
0.355,0.973,0.071,0.000359,0.154,0.628,7.000921173838663,71677
0.397,0.905,0.0488,0.000189,0.177,0.659,7.000921173838663,58198
0.366,0.89,0.148,0.000149,0.194,0.694,1.0001315962626662,82737
0.399,0.932,0.177,0.000303,0.202,0.673,3.0003947887879985,58948
0.326,0.885,0.0672,0.244,0.208,0.75,1.0001315962626662,61652
0.357,0.837,0.0458,0.0213,8.63e-06,0.0395,52.006843005658645,27232
0.467,0.796,0.0334,0.0421,0.0167,0.109,103.01355441505463,49263
0.33,0.99,0.0779,1.6e-06,0.0055,0.0712,88.01158047111463,42219
0.382,0.937,0.0758,0.0172,0.0,0.0957,200.02631925253326,85091
0.273,0.862,0.127,0.00472,0.0358,0.113,3.0003947887879985,42739
0.479,0.857,0.208,0.00132,1.11e-06,0.072,7.000921173838663,72543
0.284,0.987,0.152,0.00135,0.00419,0.0999,92.01210685616529,50582
0.434,0.997,0.172,2.07e-05,0.00711,0.0676,82.01079089353863,43572
0.285,0.812,0.0596,0.127,0.0303,0.0388,3.0003947887879985,32925
0.467,0.756,0.053,0.131,1.18e-05,0.0948,10.001315962626663,29577
0.257,0.92,0.0469,0.239,0.0,0.0069,2.0002631925253325,101516
0.497,0.91,0.08,0.23,0.0193,0.0607,3.0003947887879985,29716
0.339,0.873,0.211,0.154,0.00127,0.0711,1.0001315962626662,34327
0.377,0.858,0.148,0.134,0.00185,0.117,3.0003947887879985,15635
0.263,0.987,0.128,0.142,0.0432,0.0136,1.0001315962626662,101521
0.474,0.979,0.155,0.14,0.000204,0.0989,3.0003947887879985,49396
0.306,0.851,0.056,0.00254,0.212,0.0392,1.0001315962626662,83601
0.427,0.764,0.0371,9.69e-05,0.136,0.0355,6.000789577575997,41911
0.374,0.957,0.0712,2.79e-05,0.147,0.0398,14.001842347677327,27852
0.4,0.993,0.0714,0.00184,0.153,0.118,21.00276352151599,110722
0.322,0.817,0.201,0.000391,0.222,0.0769,1.0001315962626662,42904
0.428,0.84,0.21,0.00195,0.238,0.0385,3.0003947887879985,29330
0.328,0.995,0.235,7.93e-06,0.236,0.0381,15.001973943939994,42301
0.405,0.974,0.134,1.38e-05,0.175,0.0655,8.00105277010133,42836
0.278,0.989,0.13,0.152,0.14,0.0394,1.0001315962626662,6599
0.289,0.837,0.0428,0.00671,2.59e-05,0.24,154.0202658244506,86532
0.494,0.839,0.0647,0.0534,0.0706,0.219,272.0357941834452,107329
0.315,0.994,0.11,4.94e-05,1.93e-05,0.2,273.0359257797079,48586
0.419,0.972,0.0838,1.31e-05,0.00844,0.19,411.0540860639558,48467
0.324,0.854,0.189,0.0339,0.0,0.178,9.001184366363995,50927
0.469,0.868,0.138,0.0064,0.000734,0.169,10.001315962626663,28377
0.367,0.981,0.128,5.39e-06,0.0461,0.205,164.02158178707725,44312
0.386,0.903,0.166,4.73e-05,0.00846,0.178,163.0214501908146,42513
0.364,0.873,0.0455,0.174,0.0,0.235,8.00105277010133,2799
0.456,0.834,0.0385,0.143,0.0,0.194,32.00421108040532,29927
0.334,0.975,0.0896,0.153,0.0522,0.241,3.0003947887879985,50598
0.499,0.989,0.093,0.138,4.5e-06,0.196,9.001184366363995,78942
0.423,0.774,0.175,0.194,0.0,0.221,2.0002631925253325,60781
0.322,0.998,0.239,0.126,0.00196,0.237,1.0001315962626662,22649
0.489,0.984,0.239,0.215,0.0139,0.201,5.000657981313331,109524
0.293,0.819,0.0519,0.0199,0.136,0.189,8.00105277010133,22693
0.463,0.829,0.0374,0.00017,0.168,0.233,5.000657981313331,50431
0.321,0.909,0.041,1.62e-05,0.139,0.209,31.004079484142654,2131
0.386,0.972,0.074,0.000135,0.141,0.234,37.00486906171865,22609
0.398,0.872,0.168,0.00137,0.232,0.18,1.0001315962626662,17740
0.278,0.946,0.143,1.9e-05,0.141,0.199,18.00236873272799,42900
0.46,0.982,0.133,7.18e-05,0.137,0.143,12.001579155151994,22243
0.0727,0.0799,0.0402,0.117,0.559,0.0368,16.00210554020266,39331
0.307,0.151,0.0287,0.121,0.546,0.0716,4.000526385050665,108914
0.0723,0.318,0.0469,0.248,0.716,0.0787,13.001710751414661,59166
0.484,0.495,0.0355,0.198,0.574,0.204,28.003684695354654,111098
0.0765,0.00291,0.268,0.0,0.571,0.00184,4.000526385050665,101090
0.162,0.212,0.0343,0.407,0.584,0.0631,4.000526385050665,39262
0.418,0.202,0.0336,0.494,0.531,0.238,9.001184366363995,26403
0.248,0.419,0.0397,0.458,0.649,0.0349,8.00105277010133,39456
0.484,0.457,0.0456,0.406,0.646,0.187,32.00421108040532,31910
0.0,6.03e-05,0.0,0.127,0.985,0.0,78.01026450848796,101569
0.358,0.136,0.0375,0.0019,0.852,0.0728,16.00210554020266,39375
0.245,0.404,0.0291,0.0136,0.867,0.164,91.01197525990263,11379
0.499,0.443,0.176,0.0949,0.874,0.162,91.01197525990263,111289
0.219,0.11,0.041,0.273,0.803,0.0243,39.00513225424398,59069
0.452,0.131,0.0324,0.47,0.898,0.143,20.002631925253326,4182
0.145,0.276,0.0409,0.304,0.915,0.0335,27.003553099091988,59134
0.419,0.341,0.0317,0.322,0.914,0.179,39.00513225424398,45604
0.168,0.369,0.0461,0.147,0.723,0.4,3.0003947887879985,101783
0.411,0.464,0.076,0.154,0.721,0.377,9.001184366363995,111706
0.459,0.439,0.0303,0.426,0.596,0.344,9.001184366363995,75848
0.209,0.432,0.079,0.000688,0.969,0.298,3.0003947887879985,101582
0.432,0.434,0.0261,0.0755,0.83,0.474,16.00210554020266,58635
0.274,0.304,0.263,0.0323,0.836,0.342,1.0001315962626662,54226
0.48,0.224,0.0401,0.462,0.88,0.395,1.0001315962626662,11923
0.233,0.471,0.0294,0.363,0.828,0.277,3.0003947887879985,4018
0.373,0.48,0.0326,0.307,0.855,0.345,13.001710751414661,64558
0.633,0.219,0.0887,0.72,0.692,0.537,4.000526385050665,108522
0.895,0.109,0.0996,0.534,0.549,0.546,2.0002631925253325,15119
0.581,0.495,0.128,0.561,0.502,0.661,5.000657981313331,108502
0.784,0.354,0.0354,0.562,0.719,0.654,6.000789577575997,32608
0.743,0.215,0.0514,0.854,0.604,0.521,21.00276352151599,102268
0.789,0.0337,0.0853,0.963,0.558,0.68,1.0001315962626662,94968
0.555,0.396,0.0298,0.886,0.554,0.51,15.001973943939994,108113
0.786,0.356,0.0462,0.771,0.694,0.519,9.001184366363995,55295
0.665,0.443,0.375,0.807,0.506,0.526,1.0001315962626662,105203
0.814,0.43,0.263,0.824,0.647,0.742,2.0002631925253325,94687
0.555,0.0863,0.0604,0.657,0.982,0.651,5.000657981313331,59888
0.768,0.181,0.0599,0.583,0.926,0.542,1.0001315962626662,105291
0.693,0.406,0.0524,0.571,0.782,0.571,38.00500065798132,36654
0.801,0.326,0.0606,0.558,0.826,0.514,20.002631925253326,73603
0.859,0.147,0.302,0.519,0.927,0.749,1.0001315962626662,105304
0.721,0.444,0.392,0.613,0.89,0.713,2.0002631925253325,105358
0.685,0.126,0.0425,0.771,0.809,0.58,89.01171206737729,108351
0.785,0.187,0.0713,0.942,0.948,0.516,11.001447558889328,105704
0.531,0.417,0.0338,0.892,0.959,0.723,89.01171206737729,84881
0.771,0.49,0.0554,0.943,0.835,0.636,17.002237136465325,105285
0.75,0.158,0.337,0.964,0.922,0.507,3.0003947887879985,94670
0.804,0.383,0.272,0.792,0.816,0.594,2.0002631925253325,105904
0.666,0.189,0.0367,0.748,0.613,0.85,1.0001315962626662,14998
0.839,0.233,0.0413,0.745,0.747,0.777,1.0001315962626662,1315
0.534,0.423,0.0539,0.746,0.701,0.974,5.000657981313331,52863
0.677,0.176,0.0674,0.924,0.681,0.862,5.000657981313331,39248
0.651,0.265,0.0561,0.994,0.551,0.777,20.002631925253326,93569
0.767,0.413,0.0473,0.969,0.605,0.961,6.000789577575997,108420
0.767,0.458,0.263,0.914,0.691,0.881,1.0001315962626662,108103
0.718,0.193,0.12,0.562,0.935,0.908,3.0003947887879985,105359
0.814,0.0987,0.038,0.702,0.872,0.872,4.000526385050665,15181
0.556,0.494,0.0403,0.72,0.91,0.908,10.001315962626663,7355
0.791,0.379,0.148,0.665,0.811,0.81,4.000526385050665,45377
0.737,0.208,0.258,0.683,0.957,0.788,1.0001315962626662,105325
0.696,0.308,0.29,0.659,0.793,0.757,2.0002631925253325,64901
0.56,0.233,0.0487,0.991,0.939,0.788,33.00434267666799,16959
0.794,0.188,0.0951,0.873,0.779,0.857,5.000657981313331,52574
0.549,0.464,0.0343,0.876,0.954,0.841,37.00486906171865,52752
0.763,0.268,0.0522,0.983,0.936,0.841,13.001710751414661,17650
0.857,0.146,0.33,0.838,0.954,0.776,1.0001315962626662,15532
0.59,0.446,0.389,0.751,0.869,0.94,1.0001315962626662,108604
0.814,0.5,0.308,0.927,0.825,0.968,1.0001315962626662,108199
0.579,0.554,0.0587,0.0175,0.0221,0.838,33.00434267666799,107403
0.655,0.606,0.0285,0.0603,0.0789,0.765,93.01223845242797,99983
0.545,0.7,0.0323,0.0982,0.0,0.799,133.01750230293462,37096
0.748,0.744,0.0341,0.000647,8.53e-05,0.784,337.04434794051855,23847
0.532,0.56,0.177,0.0098,0.02,0.827,1.0001315962626662,1962
0.687,0.551,0.206,0.109,0.0,0.771,10.001315962626663,21638
0.614,0.673,0.162,0.0338,0.0,0.778,4.000526385050665,87912
0.656,0.69,0.186,0.0523,0.0,0.817,27.003553099091988,89317
0.524,0.614,0.0363,0.202,0.0,0.751,79.01039610475063,37062
0.715,0.61,0.0522,0.175,0.0,0.771,73.00960652717464,89318
0.606,0.701,0.0266,0.238,0.0,0.771,65.0085537570733,92397
0.745,0.64,0.0508,0.233,0.0,0.776,114.01500197394395,93155
0.594,0.565,0.175,0.245,0.0,0.755,1.0001315962626662,84976
0.703,0.588,0.126,0.199,0.0,0.768,8.00105277010133,87711
0.594,0.656,0.145,0.195,0.0,0.87,6.000789577575997,96714
0.696,0.746,0.181,0.229,0.0,0.826,10.001315962626663,97718
0.572,0.567,0.0388,0.0435,0.129,0.768,3.0003947887879985,9330
0.711,0.514,0.061,0.0687,0.198,0.797,1.0001315962626662,13578
0.581,0.709,0.0436,0.0268,0.232,0.816,1.0001315962626662,1452
0.724,0.646,0.0658,0.0977,0.179,0.824,12.001579155151994,9475
0.741,0.533,0.0471,0.196,0.214,0.808,1.0001315962626662,13432
0.598,0.676,0.0279,0.13,0.225,0.805,3.0003947887879985,47108
0.686,0.628,0.0361,0.164,0.209,0.8,1.0001315962626662,105193
0.602,0.553,0.0328,0.108,0.0,0.971,99.01302803000395,84040
0.697,0.509,0.0344,0.107,1.42e-05,0.902,73.00960652717464,100104
0.596,0.726,0.0286,0.00452,7.61e-05,0.946,74.0097381234373,104399
0.7,0.748,0.0293,0.00265,0.0,0.929,185.02434530859324,14042
0.57,0.592,0.198,0.00819,0.000118,0.961,1.0001315962626662,18279
0.715,0.584,0.171,0.0753,0.0,0.912,3.0003947887879985,89732
0.604,0.709,0.158,0.0987,0.0,0.907,4.000526385050665,92158
0.627,0.675,0.212,0.125,0.0,0.961,55.007237794446645,88059
0.589,0.513,0.0268,0.144,0.0142,0.892,12.001579155151994,84884
0.688,0.536,0.0626,0.246,0.0,0.929,36.00473746545598,96808
0.614,0.724,0.0247,0.217,0.000256,0.902,63.00829056454797,8049
0.748,0.695,0.0358,0.215,0.000264,0.876,119.01565995525728,19876
0.557,0.586,0.184,0.134,4.06e-05,0.928,1.0001315962626662,21424
0.718,0.543,0.177,0.23,0.0,0.936,1.0001315962626662,68930
0.615,0.744,0.156,0.191,0.0,0.962,1.0001315962626662,45495
0.638,0.741,0.126,0.229,0.0,0.91,8.00105277010133,25734
0.585,0.7,0.0847,0.0851,0.245,0.951,5.000657981313331,87770
0.646,0.739,0.0383,0.0074,0.208,0.968,15.001973943939994,25188
0.595,0.633,0.165,0.0172,0.209,0.888,1.0001315962626662,1266
0.712,0.592,0.0351,0.224,0.204,0.963,3.0003947887879985,32993
0.574,0.743,0.0376,0.173,0.201,0.953,1.0001315962626662,7648
0.225,0.618,0.0331,0.00137,0.616,0.567,2.0002631925253325,84466
0.45,0.592,0.0472,6.92e-05,0.684,0.517,15.001973943939994,44833
0.241,0.972,0.0663,0.00613,0.518,0.504,13.001710751414661,82274
0.337,0.966,0.167,1.75e-05,0.731,0.567,85.01118568232663,72445
0.438,0.71,0.0919,0.262,0.537,0.53,10.001315962626663,34726
0.485,0.762,0.0364,0.471,0.698,0.708,1.0001315962626662,41106
0.229,0.689,0.0456,1.05e-05,0.832,0.591,1.0001315962626662,42031
0.459,0.717,0.0487,0.00159,0.793,0.673,31.004079484142654,2890
0.197,0.95,0.0542,3.39e-05,0.815,0.685,16.00210554020266,42276
0.492,0.951,0.141,0.000163,0.863,0.584,130.0171075141466,50858
0.286,0.611,0.035,0.266,0.766,0.508,10.001315962626663,82673
0.451,0.889,0.0379,0.312,0.8,0.592,9.001184366363995,38188
0.489,0.649,0.0336,0.000603,0.713,0.77,7.000921173838663,38086
0.232,0.935,0.0713,0.132,0.637,0.785,2.0002631925253325,38620
0.271,0.766,0.0329,0.00217,0.52,0.803,19.00250032899066,47415
0.399,0.898,0.309,0.00111,0.748,0.808,1.0001315962626662,10585
0.444,0.77,0.0317,0.368,0.536,0.973,1.0001315962626662,7677
0.481,0.739,0.0315,0.197,0.924,0.968,11.001447558889328,7565
0.235,0.901,0.0964,0.000153,0.947,0.913,5.000657981313331,82779
0.297,0.913,0.0322,0.00119,0.754,0.911,45.00592183181998,82839
0.188,0.613,0.0647,0.407,0.969,0.908,1.0001315962626662,54656
0.435,0.507,0.0348,0.397,0.904,0.913,7.000921173838663,7891
0.25,0.751,0.0364,0.339,0.959,0.967,1.0001315962626662,7211
0.436,0.915,0.151,0.405,0.88,0.776,9.001184366363995,1967
0.865,0.573,0.0678,0.0863,0.0,0.563,134.01763389919728,89031
0.879,0.576,0.0519,0.002,0.0292,0.527,16.00210554020266,23449
0.752,0.703,0.0969,0.00694,0.0,0.538,201.02645084879592,31853
0.882,0.736,0.116,0.00222,0.0,0.582,22.002895117778657,65883
0.753,0.562,0.176,0.027,0.0245,0.6,28.003684695354654,111986
0.927,0.618,0.194,0.0259,6.64e-06,0.571,14.001842347677327,37842
0.793,0.747,0.165,0.0694,0.0,0.57,59.00776417949731,89951
0.886,0.672,0.188,0.0363,8.78e-06,0.526,16.00210554020266,89900
0.781,0.602,0.0523,0.225,4.17e-05,0.554,122.01605474404528,56325
0.892,0.526,0.0648,0.222,0.005,0.582,1.0001315962626662,32905
0.85,0.672,0.0388,0.246,0.0,0.606,38.00500065798132,3868
0.884,0.694,0.0716,0.156,0.0188,0.597,10.001315962626663,88615
0.775,0.608,0.128,0.128,0.0,0.56,35.00460586919332,20239
0.889,0.514,0.17,0.134,0.0,0.586,5.000657981313331,21235
0.779,0.72,0.2,0.149,0.0,0.62,31.004079484142654,60151
0.918,0.648,0.214,0.19,0.0356,0.577,5.000657981313331,39834
0.783,0.61,0.0506,0.00265,0.2,0.512,8.00105277010133,13923
0.893,0.526,0.089,0.000617,0.168,0.519,2.0002631925253325,13726
0.815,0.681,0.0693,8.43e-05,0.201,0.547,7.000921173838663,13413
0.789,0.666,0.176,0.0266,0.22,0.575,1.0001315962626662,17961
0.785,0.696,0.0491,0.149,0.206,0.566,1.0001315962626662,32504
0.82,0.611,0.122,0.0766,2.5e-05,0.637,100.01315962626663,57185
0.895,0.561,0.0766,0.0209,0.00315,0.678,12.001579155151994,43255
0.751,0.645,0.031,0.0169,0.000101,0.642,310.04079484142653,23377
0.876,0.731,0.0325,0.0163,0.0926,0.699,40.00526385050665,23240
0.821,0.602,0.168,0.108,0.0,0.628,32.00421108040532,89038
0.905,0.549,0.243,0.0723,0.0,0.636,5.000657981313331,94805
0.847,0.631,0.187,0.121,0.0,0.716,55.007237794446645,89664
0.877,0.702,0.127,0.0334,8.92e-06,0.69,11.001447558889328,20860
0.775,0.618,0.086,0.2,0.0,0.654,57.007500986971976,51468
0.909,0.513,0.0432,0.147,0.0204,0.746,4.000526385050665,13101
0.822,0.744,0.094,0.173,7.03e-05,0.747,142.0186866692986,67957
0.908,0.695,0.112,0.228,0.0,0.712,5.000657981313331,94882
0.786,0.525,0.13,0.14,0.0,0.686,18.00236873272799,9234
0.888,0.622,0.213,0.16,0.0,0.664,7.000921173838663,51643
0.789,0.72,0.217,0.223,0.0,0.664,62.00815896828531,39104
0.877,0.658,0.132,0.163,0.0,0.693,13.001710751414661,53298
0.824,0.568,0.0649,0.00173,0.206,0.68,10.001315962626663,13951
0.772,0.654,0.0418,0.00428,0.146,0.711,5.000657981313331,64728
0.892,0.682,0.0443,0.0355,0.142,0.713,2.0002631925253325,13089
0.801,0.536,0.224,0.00545,0.183,0.667,3.0003947887879985,111079
0.78,0.573,0.038,0.249,0.245,0.671,2.0002631925253325,23136
0.6,0.817,0.0737,0.01,0.0114,0.0387,80.0105277010133,73034
0.629,0.839,0.0348,0.000883,0.0364,0.116,34.00447427293065,83520
0.524,0.971,0.0773,0.000487,2.55e-06,0.106,135.01776549545994,49406
0.643,0.913,0.049,0.0212,0.0254,0.0441,31.004079484142654,25663
0.612,0.825,0.217,0.00231,0.000462,0.114,4.000526385050665,27163
0.716,0.859,0.135,0.000603,0.0904,0.0683,5.000657981313331,46809
0.56,0.982,0.21,0.0226,0.000463,0.115,42.00552704303198,48795
0.666,0.974,0.209,0.0266,2.27e-05,0.113,11.001447558889328,58429
0.55,0.85,0.0395,0.153,0.00886,0.0627,8.00105277010133,27334
0.726,0.807,0.0893,0.169,0.0,0.12,2.0002631925253325,104855
0.589,0.925,0.0905,0.133,0.0227,0.0617,4.000526385050665,17468
0.56,0.872,0.174,0.199,5.3e-05,0.0787,1.0001315962626662,30812
0.619,0.972,0.138,0.137,0.0,0.107,1.0001315962626662,109738
0.684,0.961,0.149,0.139,0.0,0.0463,2.0002631925253325,49906
0.542,0.844,0.041,0.000174,0.153,0.0819,15.001973943939994,78379
0.66,0.857,0.0565,0.00262,0.165,0.111,11.001447558889328,109706
0.575,0.985,0.0747,0.00379,0.155,0.0762,10.001315962626663,53482
0.733,0.963,0.104,0.000329,0.126,0.0689,5.000657981313331,83667
0.556,0.762,0.158,0.00151,0.22,0.111,1.0001315962626662,17803
0.684,0.828,0.186,0.0583,0.223,0.0803,1.0001315962626662,49932
0.541,0.974,0.135,0.0199,0.139,0.0742,3.0003947887879985,49933
0.577,0.842,0.0322,0.193,0.146,0.0385,3.0003947887879985,28444
0.682,0.837,0.0401,0.139,0.181,0.0355,1.0001315962626662,36386
0.539,0.757,0.0499,0.0047,0.0005,0.147,303.03987366758787,6960
0.639,0.751,0.0324,2.97e-05,4.96e-05,0.14,120.01579155151995,20176
0.572,0.934,0.0494,0.000838,0.00661,0.245,272.0357941834452,32760
0.707,0.882,0.0385,0.0606,0.0131,0.208,77.0101329122253,53740
0.513,0.834,0.134,0.0101,0.000128,0.179,20.002631925253326,32122
0.633,0.866,0.149,0.0246,0.001,0.161,9.001184366363995,83758
0.525,0.957,0.162,0.000195,0.000115,0.223,91.01197525990263,72286
0.657,0.997,0.199,0.0691,0.0,0.169,16.00210554020266,46611
0.584,0.858,0.035,0.211,0.0396,0.163,28.003684695354654,100791
0.648,0.783,0.0453,0.235,0.00499,0.186,12.001579155151994,65809
0.571,0.91,0.0963,0.247,0.0671,0.176,11.001447558889328,110968
0.655,0.986,0.0594,0.198,0.00655,0.175,5.000657981313331,46280
0.61,0.765,0.172,0.175,1.05e-06,0.243,3.0003947887879985,23255
0.694,0.77,0.149,0.176,1.1e-05,0.163,4.000526385050665,30518
0.576,0.976,0.249,0.135,4.04e-05,0.195,12.001579155151994,54199
0.648,0.952,0.164,0.185,0.0108,0.246,2.0002631925253325,46156
0.562,0.808,0.0462,0.0118,0.158,0.196,30.00394788787999,71488
0.674,0.778,0.0356,0.00123,0.224,0.13,15.001973943939994,43528
0.547,0.876,0.0978,0.00168,0.151,0.234,23.003026714041322,49731
0.641,0.968,0.116,0.062,0.134,0.193,11.001447558889328,54136
0.529,0.833,0.146,0.00039,0.247,0.244,1.0001315962626662,58496
0.666,0.801,0.201,0.013,0.235,0.21,1.0001315962626662,46830
0.539,0.965,0.224,0.00392,0.156,0.176,6.000789577575997,27257
0.748,0.876,0.246,0.0783,0.16,0.155,5.000657981313331,49749
0.602,0.843,0.0785,0.202,0.191,0.223,1.0001315962626662,83257
0.667,0.867,0.0891,0.209,0.128,0.247,1.0001315962626662,110821
0.709,0.904,0.0489,0.186,0.133,0.202,1.0001315962626662,32680
0.525,0.603,0.0249,0.324,0.000238,0.507,58.00763258323464,63474
0.689,0.623,0.0621,0.254,0.0,0.546,113.01487037768129,109036
0.612,0.657,0.0311,0.291,4.61e-05,0.586,73.00960652717464,7572
0.669,0.669,0.0849,0.274,0.0,0.546,97.01276483747863,34431
0.574,0.539,0.177,0.336,0.00515,0.507,4.000526385050665,111174
0.65,0.519,0.129,0.307,0.00284,0.515,6.000789577575997,112356
0.582,0.629,0.194,0.294,0.0,0.547,9.001184366363995,60689
0.67,0.702,0.198,0.285,0.00295,0.586,12.001579155151994,65569
0.611,0.574,0.0325,0.489,0.0,0.52,37.00486906171865,65633
0.695,0.617,0.0351,0.466,0.0,0.59,114.01500197394395,77964
0.546,0.655,0.0255,0.386,1.04e-05,0.518,84.01105408606396,99795
0.661,0.719,0.0399,0.473,0.0,0.592,80.0105277010133,9504
0.501,0.615,0.146,0.426,0.0,0.579,6.000789577575997,41554
0.734,0.541,0.131,0.454,0.000851,0.501,6.000789577575997,15909
0.561,0.713,0.212,0.429,0.0,0.613,4.000526385050665,36787
0.668,0.627,0.236,0.388,0.0,0.603,20.002631925253326,39181
0.671,0.571,0.0346,0.267,0.177,0.519,1.0001315962626662,75217
0.633,0.725,0.112,0.256,0.171,0.592,1.0001315962626662,111961
0.59,0.538,0.0749,0.47,0.216,0.606,3.0003947887879985,45894
0.641,0.581,0.0525,0.428,0.17,0.582,2.0002631925253325,106206
0.711,0.725,0.0941,0.424,0.129,0.53,2.0002631925253325,21174
0.593,0.569,0.106,0.33,5.09e-05,0.703,36.00473746545598,92840
0.687,0.61,0.0499,0.351,0.0,0.649,82.01079089353863,30604
0.582,0.705,0.0539,0.29,1.38e-06,0.64,102.01342281879195,103397
0.654,0.707,0.0326,0.263,0.0,0.7,120.01579155151995,74108
0.593,0.503,0.22,0.293,0.0,0.71,3.0003947887879985,81671
0.665,0.522,0.231,0.373,0.0,0.742,4.000526385050665,60369
0.591,0.676,0.208,0.303,0.0,0.631,9.001184366363995,37365
0.722,0.738,0.247,0.328,1.47e-05,0.748,14.001842347677327,68764
0.593,0.555,0.0254,0.483,0.0,0.648,50.006579813133314,19999
0.637,0.601,0.0267,0.378,0.000121,0.631,72.00947493091196,85411
0.604,0.689,0.0459,0.401,4.45e-05,0.673,50.006579813133314,80519
0.641,0.703,0.0518,0.397,0.00546,0.722,91.01197525990263,84789
0.538,0.609,0.17,0.385,0.0,0.716,4.000526385050665,97866
0.644,0.615,0.139,0.471,0.0,0.678,4.000526385050665,60651
0.58,0.667,0.148,0.413,0.0455,0.711,10.001315962626663,100944
0.686,0.627,0.23,0.476,0.0,0.654,13.001710751414661,89947
0.687,0.661,0.137,0.278,0.152,0.633,1.0001315962626662,106767
0.539,0.578,0.0302,0.393,0.25,0.704,1.0001315962626662,7820
0.707,0.691,0.134,0.392,0.127,0.668,1.0001315962626662,111482
0.793,0.839,0.0399,0.00321,0.0163,0.837,236.03105671798923,25971
0.891,0.819,0.106,0.0261,0.000354,0.768,68.0089485458613,68705
0.819,0.897,0.0484,0.117,4.72e-06,0.805,85.01118568232663,89336
0.883,0.902,0.0843,0.0292,0.00581,0.815,1.0001315962626662,78860
0.777,0.758,0.212,0.0399,0.000203,0.836,106.01394920384261,107936
0.876,0.829,0.131,0.0329,0.0028,0.825,10.001315962626663,89987
0.856,0.905,0.146,0.041,0.00385,0.805,28.003684695354654,66001
0.923,0.921,0.162,0.0051,0.00499,0.81,4.000526385050665,17726
0.794,0.832,0.0407,0.237,1.14e-05,0.871,127.01671272535862,67604
0.876,0.798,0.0799,0.179,0.0169,0.796,3.0003947887879985,66174
0.816,0.968,0.0542,0.13,0.00692,0.831,53.00697460192131,58568
0.882,0.892,0.0591,0.232,0.00409,0.802,2.0002631925253325,21336
0.831,0.835,0.142,0.128,0.00227,0.8,24.003158310303988,1307
0.888,0.782,0.21,0.23,0.0,0.82,9.001184366363995,51262
0.857,0.978,0.233,0.246,1.44e-05,0.855,14.001842347677327,27848
0.906,0.888,0.152,0.182,0.0,0.756,1.0001315962626662,18102
0.778,0.842,0.0567,0.0345,0.176,0.788,6.000789577575997,109748
0.823,0.893,0.0417,0.00266,0.174,0.853,17.002237136465325,10718
0.887,0.806,0.13,0.00519,0.126,0.777,2.0002631925253325,68973
0.788,0.793,0.0336,0.231,0.246,0.752,1.0001315962626662,23369
0.751,0.772,0.0383,0.039,0.0,0.923,165.02171338333991,104103
0.918,0.788,0.036,0.117,0.000198,0.956,16.00210554020266,89571
0.784,0.919,0.057,0.124,2.29e-05,0.947,134.01763389919728,35257
0.948,0.942,0.0749,0.125,0.0013,0.899,2.0002631925253325,69283
0.864,0.79,0.159,0.0599,0.0,0.882,20.002631925253326,39965
0.876,0.85,0.163,0.0118,0.0067,0.962,9.001184366363995,88095
0.762,0.923,0.189,0.103,0.0,0.936,19.00250032899066,53299
0.888,0.923,0.137,0.117,0.0,0.945,6.000789577575997,21423
0.828,0.778,0.0681,0.13,3.82e-05,0.888,98.01289643374129,88930
0.916,0.775,0.056,0.162,1.13e-05,0.961,16.00210554020266,111795
0.758,0.924,0.0346,0.176,2.23e-05,0.912,51.006711409395976,35075
0.899,0.914,0.0898,0.213,0.0,0.973,4.000526385050665,66359
0.763,0.872,0.157,0.144,0.0,0.887,9.001184366363995,69289
0.896,0.859,0.21,0.154,0.000109,0.938,18.00236873272799,68129
0.87,0.913,0.197,0.19,2.9e-05,0.898,12.001579155151994,66222
0.881,0.928,0.167,0.126,3.36e-05,0.965,3.0003947887879985,66199
0.803,0.858,0.0569,0.072,0.245,0.881,9.001184366363995,13449
0.88,0.753,0.0541,0.000716,0.194,0.917,2.0002631925253325,13535
0.79,0.939,0.0593,0.000267,0.184,0.884,1.0001315962626662,13970
0.881,0.883,0.0633,0.0195,0.148,0.966,2.0002631925253325,43462
0.814,0.839,0.139,0.0179,0.168,0.879,1.0001315962626662,10297
0.837,0.868,0.0458,0.174,0.159,0.962,2.0002631925253325,23879
0.332,0.105,0.0328,0.87,0.838,0.0534,7.000921173838663,4687
0.376,0.0555,0.0365,0.764,0.824,0.106,5.000657981313331,5287
0.298,0.187,0.0396,0.871,0.83,0.106,11.001447558889328,54068
0.39,0.155,0.0335,0.814,0.873,0.122,2.0002631925253325,54523
0.29,0.049,0.0555,0.98,0.753,0.114,55.007237794446645,16833
0.379,0.105,0.0359,0.98,0.859,0.114,36.00473746545598,75393
0.366,0.191,0.0321,0.901,0.816,0.105,36.00473746545598,75522
0.448,0.164,0.0943,0.955,0.858,0.107,15.001973943939994,79974
0.292,0.00847,0.0432,0.872,0.91,0.108,5.000657981313331,75089
0.476,0.125,0.0499,0.791,0.932,0.0425,1.0001315962626662,36889
0.265,0.152,0.0438,0.84,0.918,0.031,21.00276352151599,101018
0.469,0.159,0.0326,0.875,0.927,0.0362,16.00210554020266,4977
0.295,0.0622,0.0393,0.936,0.89,0.046,223.02934596657457,5758
0.378,0.0114,0.05,0.992,0.952,0.0386,161.02118699828927,79793
0.288,0.197,0.0357,0.93,0.971,0.0395,88.01158047111463,101519
0.439,0.182,0.0393,0.996,0.998,0.0755,49.006448216870645,101019
0.449,0.00919,0.221,0.892,0.926,0.122,1.0001315962626662,75542
0.267,0.113,0.0571,0.841,0.848,0.199,3.0003947887879985,45212
0.32,0.127,0.0298,0.86,0.815,0.217,2.0002631925253325,52764
0.491,0.244,0.0453,0.831,0.865,0.203,2.0002631925253325,108419
0.375,0.114,0.0286,0.977,0.854,0.21,34.00447427293065,76371
0.479,0.0898,0.0559,0.988,0.803,0.155,42.00552704303198,75343
0.315,0.219,0.0465,0.992,0.853,0.134,25.003289906566657,75720
0.414,0.245,0.0429,0.952,0.761,0.132,20.002631925253326,33380
0.432,0.241,0.197,0.984,0.809,0.238,1.0001315962626662,26839
0.367,0.107,0.0471,0.862,0.926,0.146,1.0001315962626662,4216
0.446,0.0646,0.0451,0.869,0.911,0.148,4.000526385050665,4915
0.339,0.235,0.0343,0.87,0.928,0.157,7.000921173838663,76903
0.465,0.204,0.0291,0.856,0.944,0.137,8.00105277010133,75166
0.323,0.0146,0.053,0.995,0.919,0.19,149.01960784313727,39140
0.435,0.0564,0.0369,0.99,0.943,0.127,206.02710883010926,4537
0.315,0.216,0.0679,0.965,0.888,0.236,53.00697460192131,45889
0.403,0.185,0.0417,0.962,0.911,0.162,43.00565863929465,4085
0.473,0.108,0.132,0.987,0.905,0.191,2.0002631925253325,45359
0.574,0.578,0.0343,0.296,0.0,0.274,117.01539676273195,81431
0.744,0.554,0.0374,0.37,0.0,0.371,42.00552704303198,33427
0.549,0.631,0.071,0.336,2.03e-05,0.297,97.01276483747863,11184
0.729,0.737,0.064,0.275,7.58e-06,0.369,45.00592183181998,68420
0.615,0.551,0.144,0.285,0.00105,0.363,4.000526385050665,15700
0.717,0.57,0.133,0.312,0.0,0.298,3.0003947887879985,94894
0.569,0.711,0.133,0.345,1.27e-06,0.297,3.0003947887879985,9953
0.702,0.641,0.142,0.293,0.0,0.374,10.001315962626663,112480
0.523,0.561,0.0329,0.426,0.0,0.31,126.01658112909594,80365
0.716,0.511,0.0332,0.483,0.0,0.324,53.00697460192131,20273
0.617,0.653,0.0312,0.44,0.0,0.307,42.00552704303198,97368
0.703,0.694,0.0607,0.436,5.8e-06,0.298,31.004079484142654,89966
0.546,0.547,0.138,0.467,0.00148,0.253,3.0003947887879985,94960
0.749,0.546,0.207,0.463,0.00207,0.291,5.000657981313331,23839
0.539,0.707,0.141,0.441,6.22e-06,0.359,3.0003947887879985,60710
0.649,0.634,0.145,0.397,0.0,0.278,3.0003947887879985,94705
0.55,0.563,0.0345,0.353,0.187,0.305,2.0002631925253325,104576
0.745,0.561,0.0457,0.289,0.172,0.302,2.0002631925253325,64602
0.582,0.64,0.0962,0.317,0.178,0.266,1.0001315962626662,23252
0.626,0.557,0.0414,0.408,0.149,0.276,1.0001315962626662,41724
0.678,0.533,0.186,0.462,0.219,0.323,1.0001315962626662,31355
0.601,0.517,0.0818,0.354,0.0,0.484,89.01171206737729,69079
0.72,0.598,0.0865,0.264,0.0,0.477,76.01000131596264,37633
0.617,0.695,0.0538,0.266,4.28e-06,0.464,81.01065929727596,65285
0.712,0.638,0.0312,0.368,0.0,0.469,98.01289643374129,98346
0.615,0.622,0.209,0.328,0.0,0.449,2.0002631925253325,104701
0.74,0.613,0.145,0.258,0.00372,0.473,14.001842347677327,33913
0.615,0.719,0.245,0.304,0.0,0.423,1.0001315962626662,37792
0.704,0.691,0.158,0.255,0.0,0.427,18.00236873272799,89454
0.508,0.596,0.0334,0.439,9.84e-06,0.4,100.01315962626663,11519
0.681,0.564,0.0448,0.42,0.0,0.42,67.00881694959864,19991
0.552,0.75,0.039,0.445,7.37e-05,0.4,65.0085537570733,80356
0.654,0.636,0.032,0.465,0.0,0.429,76.01000131596264,97694
0.608,0.522,0.214,0.384,8.62e-05,0.497,3.0003947887879985,89937
0.642,0.559,0.209,0.397,0.00402,0.404,11.001447558889328,112924
0.545,0.736,0.198,0.391,1.8e-06,0.459,13.001710751414661,60992
0.634,0.739,0.173,0.384,0.000135,0.488,10.001315962626663,34589
0.584,0.578,0.0303,0.326,0.236,0.438,2.0002631925253325,34652
0.738,0.528,0.0281,0.307,0.223,0.415,1.0001315962626662,107450
0.714,0.721,0.0783,0.273,0.245,0.415,1.0001315962626662,111090
0.742,0.533,0.0288,0.459,0.148,0.391,4.000526385050665,107962
0.742,0.734,0.1,0.388,0.142,0.45,2.0002631925253325,54901
0.297,0.544,0.0322,0.011,2.32e-05,0.347,38.00500065798132,43249
0.438,0.512,0.029,0.104,0.0,0.251,105.01381760757995,26595
0.339,0.707,0.0428,0.0113,0.0,0.359,113.01487037768129,56216
0.453,0.655,0.0257,0.0794,7.06e-06,0.366,282.0371101460719,91474
0.445,0.593,0.16,0.0657,5.15e-05,0.326,2.0002631925253325,113923
0.274,0.719,0.173,0.00386,2.03e-06,0.281,1.0001315962626662,5921
0.479,0.716,0.228,0.0624,0.000685,0.338,2.0002631925253325,111050
0.294,0.591,0.038,0.153,0.0,0.327,34.00447427293065,44967
0.447,0.555,0.0349,0.218,3.46e-06,0.33,69.00908014212396,99591
0.271,0.648,0.051,0.248,0.0,0.261,30.00394788787999,57146
0.487,0.688,0.0474,0.201,0.0,0.34,86.0113172785893,78790
0.367,0.749,0.187,0.135,0.0,0.286,2.0002631925253325,29421
0.494,0.749,0.185,0.24,0.0,0.271,4.000526385050665,102955
0.438,0.551,0.0602,0.0201,0.126,0.268,2.0002631925253325,17316
0.361,0.687,0.028,3.42e-05,0.216,0.354,7.000921173838663,41151
0.428,0.656,0.075,0.0751,0.181,0.355,4.000526385050665,30718
0.383,0.516,0.0344,0.202,0.193,0.371,4.000526385050665,84272
0.402,0.661,0.0829,0.243,0.207,0.303,2.0002631925253325,32861
0.345,0.531,0.0305,0.00642,7.28e-06,0.49,29.00381629161732,71471
0.445,0.506,0.0349,0.0109,0.0,0.437,81.01065929727596,92562
0.315,0.715,0.0362,0.00125,7.97e-06,0.497,62.00815896828531,91900
0.493,0.674,0.0378,0.0641,0.0081,0.46,183.02408211606792,27975
0.295,0.679,0.15,0.000551,5.44e-05,0.381,2.0002631925253325,72172
0.497,0.654,0.132,0.00635,7.27e-05,0.413,4.000526385050665,59051
0.287,0.614,0.0313,0.206,0.0,0.433,13.001710751414661,40108
0.484,0.618,0.0246,0.166,0.00025,0.464,42.00552704303198,5595
0.373,0.64,0.0349,0.15,0.0,0.429,25.003289906566657,98323
0.5,0.71,0.0339,0.19,0.00025,0.419,58.00763258323464,91040
0.322,0.555,0.129,0.208,0.00437,0.397,2.0002631925253325,48116
0.492,0.615,0.244,0.196,0.0,0.458,5.000657981313331,65802
0.382,0.722,0.141,0.229,0.0,0.453,2.0002631925253325,112417
0.37,0.515,0.0321,0.0233,0.205,0.42,2.0002631925253325,11413
0.316,0.732,0.0477,0.00271,0.166,0.471,2.0002631925253325,45302
0.443,0.634,0.0315,0.00222,0.178,0.481,2.0002631925253325,34463
0.7,0.562,0.514,0.677,0.0,0.23,1.0001315962626662,21899
0.534,0.619,0.942,0.618,0.0,0.137,4.000526385050665,18987
0.528,0.97,0.892,0.523,0.0,0.0382,5.000657981313331,18416
0.529,0.691,0.904,0.878,0.0,0.0793,10.001315962626663,18779
0.51,0.917,0.913,0.765,0.0,0.12,53.00697460192131,18036
0.515,0.558,0.536,0.703,0.0,0.45,1.0001315962626662,98441
0.602,0.797,0.692,0.697,0.0,0.341,1.0001315962626662,18388
0.617,0.592,0.962,0.721,0.0,0.465,21.00276352151599,18663
0.602,0.973,0.815,0.655,0.0,0.317,22.002895117778657,18940
0.794,0.752,0.853,0.567,0.0,0.32,1.0001315962626662,9769
0.539,0.724,0.598,0.839,0.0,0.499,2.0002631925253325,18398
0.588,0.915,0.642,0.826,0.0,0.426,7.000921173838663,18153
0.674,0.642,0.937,0.899,0.0,0.472,85.01118568232663,18652
0.758,0.642,0.954,0.87,0.0,0.5,1.0001315962626662,18659
0.6,0.919,0.95,0.812,0.0,0.32,110.01447558889329,18311
0.354,0.542,0.12,0.0815,0.000424,0.0483,43.00565863929465,15256
0.43,0.569,0.044,0.0115,0.0134,0.0668,64.00842216081064,47052
0.336,0.697,0.0339,3.07e-05,0.0,0.125,51.006711409395976,4243
0.389,0.744,0.0359,0.0782,1.23e-05,0.114,90.01184366363997,113426
0.427,0.593,0.142,0.102,0.000147,0.0716,2.0002631925253325,111802
0.284,0.704,0.186,0.00583,0.000115,0.1,3.0003947887879985,98074
0.498,0.64,0.142,0.0219,0.0023,0.0985,3.0003947887879985,29846
0.284,0.609,0.0337,0.176,0.0,0.121,13.001710751414661,54545
0.486,0.605,0.0448,0.128,0.0,0.12,29.00381629161732,28265
0.337,0.658,0.0447,0.202,4.08e-05,0.0847,4.000526385050665,59586
0.414,0.742,0.0455,0.167,2.18e-05,0.119,17.002237136465325,28977
0.251,0.554,0.0334,0.0528,0.127,0.0764,2.0002631925253325,17901
0.412,0.506,0.0364,0.0429,0.169,0.0685,3.0003947887879985,29922
0.311,0.729,0.0346,0.000116,0.222,0.119,2.0002631925253325,6140
0.38,0.727,0.0376,4.1e-05,0.186,0.115,4.000526385050665,58924
0.27,0.612,0.0336,0.174,0.205,0.116,1.0001315962626662,79586
0.329,0.518,0.0286,0.0749,0.0278,0.187,79.01039610475063,113415
0.386,0.547,0.034,0.0821,0.000201,0.208,171.02250296091592,40859
0.343,0.724,0.0753,0.0133,3.89e-05,0.186,137.01802868798526,38657
0.475,0.715,0.058,0.0863,2.67e-05,0.159,271.03566258718257,31210
0.427,0.553,0.175,0.0996,4.34e-06,0.137,2.0002631925253325,55433
0.294,0.697,0.128,0.0398,0.00011,0.183,1.0001315962626662,15308
0.498,0.693,0.227,0.069,0.0,0.238,3.0003947887879985,53314
0.285,0.619,0.04,0.148,0.0243,0.131,29.00381629161732,41604
0.474,0.571,0.0397,0.174,0.0,0.152,97.01276483747863,28310
0.372,0.656,0.0776,0.217,0.0,0.15,26.003421502829323,94098
0.407,0.647,0.0384,0.178,3.65e-06,0.196,70.00921173838664,28468
0.346,0.61,0.15,0.198,0.0,0.235,1.0001315962626662,88707
0.348,0.693,0.187,0.208,0.0,0.245,1.0001315962626662,113818
0.389,0.644,0.171,0.146,3.27e-05,0.137,4.000526385050665,28552
0.33,0.529,0.0358,0.000807,0.214,0.148,1.0001315962626662,44888
0.483,0.556,0.0323,0.0514,0.163,0.231,4.000526385050665,113050
0.271,0.734,0.0398,6.4e-06,0.25,0.185,8.00105277010133,41155
0.444,0.714,0.0432,0.000176,0.176,0.17,4.000526385050665,6401
0.493,0.739,0.127,0.082,0.139,0.148,2.0002631925253325,27081
0.336,0.589,0.0305,0.197,0.179,0.163,2.0002631925253325,17795
0.397,0.538,0.0339,0.179,0.148,0.247,3.0003947887879985,102970
0.482,0.227,0.0329,0.664,0.554,0.621,3.0003947887879985,108520
0.437,0.425,0.0428,0.609,0.565,0.662,8.00105277010133,75531
0.239,0.229,0.0454,0.845,0.717,0.519,2.0002631925253325,26737
0.278,0.123,0.0422,0.993,0.739,0.511,13.001710751414661,16014
0.324,0.397,0.04,0.85,0.689,0.52,16.00210554020266,63293
0.479,0.214,0.034,0.713,0.82,0.588,1.0001315962626662,108817
0.404,0.448,0.0305,0.724,0.906,0.584,5.000657981313331,112664
0.126,0.224,0.0299,0.982,0.893,0.734,4.000526385050665,79817
0.445,0.126,0.0358,0.984,0.906,0.534,126.01658112909594,16756
0.311,0.361,0.0584,0.992,0.835,0.56,45.00592183181998,36149
0.445,0.499,0.301,0.796,0.794,0.544,1.0001315962626662,105979
0.44,0.45,0.0285,0.669,0.728,0.788,1.0001315962626662,45519
0.446,0.106,0.0459,0.987,0.696,0.844,7.000921173838663,16723
0.455,0.493,0.0743,0.933,0.664,0.84,4.000526385050665,108554
0.478,0.185,0.037,0.693,0.907,0.941,3.0003947887879985,16910
0.444,0.317,0.0355,0.744,0.927,0.921,4.000526385050665,16488
0.234,0.112,0.0449,0.994,0.903,0.769,5.000657981313331,16678
0.46,0.0195,0.045,0.995,0.895,0.772,37.00486906171865,16763
0.379,0.347,0.0385,0.858,0.904,0.852,14.001842347677327,7865
0.498,0.061,0.339,0.995,0.916,0.961,1.0001315962626662,16810
0.769,0.803,0.0466,0.0213,0.00713,0.559,277.03645216475854,23309
0.887,0.863,0.0697,0.0176,0.0594,0.517,28.003684695354654,31477
0.788,0.9,0.104,0.0045,5.96e-06,0.606,49.006448216870645,10093
0.93,0.962,0.118,0.118,0.0,0.508,2.0002631925253325,66740
0.82,0.783,0.141,0.0519,0.0,0.52,49.006448216870645,89327
0.914,0.775,0.201,0.0532,0.0,0.544,12.001579155151994,111768
0.829,0.877,0.152,0.0999,0.038,0.599,11.001447558889328,24818
0.909,0.906,0.206,0.09,1.25e-05,0.625,7.000921173838663,51521
0.768,0.82,0.0474,0.179,0.0,0.625,128.01684432162128,30919
0.896,0.764,0.0767,0.174,2.36e-05,0.601,4.000526385050665,51683
0.789,0.9,0.106,0.228,1.21e-05,0.613,9.001184366363995,97604
0.889,0.973,0.065,0.141,0.0,0.536,1.0001315962626662,14503
0.816,0.775,0.234,0.16,0.00031,0.527,29.00381629161732,37050
0.89,0.794,0.203,0.134,0.000128,0.552,5.000657981313331,60131
0.757,0.888,0.156,0.132,0.0,0.543,5.000657981313331,100025
0.923,0.968,0.181,0.2,0.000174,0.52,1.0001315962626662,48855
0.763,0.871,0.055,0.0238,0.14,0.618,12.001579155151994,1684
0.917,0.823,0.12,0.0305,0.139,0.612,1.0001315962626662,23576
0.866,0.909,0.0603,0.0689,0.13,0.604,3.0003947887879985,32976
0.798,0.993,0.145,0.000408,0.168,0.579,2.0002631925253325,27931
0.891,0.893,0.191,0.0142,0.142,0.555,3.0003947887879985,28060
0.956,0.764,0.0546,0.208,0.176,0.534,1.0001315962626662,13527
0.79,0.853,0.0666,0.00116,4.23e-05,0.713,165.02171338333991,65806
0.9,0.795,0.073,0.107,0.00631,0.745,23.003026714041322,51577
0.828,0.95,0.11,0.0229,0.0,0.679,70.00921173838664,78940
0.91,0.881,0.107,0.0303,0.00197,0.65,1.0001315962626662,13670
0.787,0.872,0.143,0.0067,0.000193,0.696,85.01118568232663,67324
0.909,0.826,0.126,0.0673,0.0667,0.697,15.001973943939994,24134
0.779,0.913,0.205,0.0683,0.0,0.735,19.00250032899066,78369
0.974,0.922,0.174,0.0974,1.08e-06,0.657,2.0002631925253325,1300
0.791,0.866,0.0496,0.248,5.29e-06,0.71,79.01039610475063,89643
0.885,0.806,0.0476,0.135,0.000722,0.748,1.0001315962626662,66252
0.796,0.94,0.0804,0.17,0.000168,0.699,30.00394788787999,80826
0.878,0.893,0.122,0.182,0.0,0.682,8.00105277010133,88668
0.762,0.77,0.223,0.138,0.0,0.631,31.004079484142654,68772
0.876,0.807,0.18,0.245,0.0,0.691,5.000657981313331,58450
0.78,0.904,0.2,0.163,8.54e-05,0.664,8.00105277010133,80672
0.796,0.835,0.0531,0.0187,0.154,0.75,8.00105277010133,13965
0.909,0.816,0.0415,0.00286,0.216,0.699,3.0003947887879985,13829
0.823,0.925,0.0479,0.00448,0.14,0.75,5.000657981313331,109682
0.771,0.838,0.0769,0.169,0.18,0.647,2.0002631925253325,13947
0.515,0.362,0.0267,0.545,0.00133,0.364,68.0089485458613,103269
0.656,0.366,0.0303,0.578,3.58e-06,0.289,33.00434267666799,9876
0.579,0.443,0.0268,0.51,0.00352,0.271,114.01500197394395,85989
0.637,0.447,0.0302,0.53,0.0,0.343,50.006579813133314,5071
0.629,0.451,0.187,0.528,0.0,0.365,1.0001315962626662,26316
0.527,0.291,0.0333,0.677,0.0,0.273,80.0105277010133,12434
0.648,0.291,0.0348,0.642,0.0,0.338,58.00763258323464,12923
0.545,0.395,0.0283,0.708,0.0,0.374,124.01631793657062,70243
0.727,0.468,0.0549,0.69,0.0148,0.346,69.00908014212396,67535
0.594,0.37,0.173,0.749,3.2e-05,0.329,3.0003947887879985,11258
0.664,0.351,0.15,0.733,0.000138,0.316,4.000526385050665,3772
0.588,0.402,0.172,0.668,6.77e-06,0.267,8.00105277010133,99907
0.737,0.463,0.243,0.7,0.000205,0.311,8.00105277010133,69245
0.686,0.286,0.0295,0.564,0.209,0.283,2.0002631925253325,103979
0.55,0.356,0.0405,0.637,0.187,0.343,6.000789577575997,56127
0.714,0.306,0.0388,0.726,0.168,0.314,14.001842347677327,41008
0.609,0.44,0.0359,0.697,0.209,0.306,2.0002631925253325,111902
0.649,0.478,0.0333,0.655,0.14,0.373,4.000526385050665,31954
0.616,0.329,0.0341,0.535,1.07e-06,0.386,40.00526385050665,103314
0.699,0.343,0.0296,0.506,0.0,0.383,32.00421108040532,545
0.607,0.418,0.0274,0.518,2.2e-05,0.405,85.01118568232663,74530
0.657,0.387,0.0782,0.508,0.0371,0.393,61.00802737202264,94725
0.543,0.358,0.151,0.546,0.0,0.441,3.0003947887879985,74044
0.671,0.354,0.148,0.539,1.45e-05,0.454,1.0001315962626662,55530
0.566,0.496,0.176,0.515,0.0,0.39,3.0003947887879985,33802
0.658,0.477,0.153,0.569,0.0,0.456,8.00105277010133,9276
0.525,0.352,0.0288,0.671,2.43e-06,0.427,54.007106198183976,12524
0.728,0.333,0.0791,0.69,0.0,0.399,52.006843005658645,96092
0.511,0.42,0.0418,0.633,0.000267,0.405,111.01460718515595,47276
0.684,0.491,0.0361,0.71,0.0,0.4,78.01026450848796,91684
0.597,0.341,0.148,0.64,0.0,0.465,1.0001315962626662,98842
0.659,0.274,0.186,0.694,0.0,0.479,5.000657981313331,62234
0.577,0.448,0.238,0.665,0.0,0.465,2.0002631925253325,14533
0.649,0.478,0.156,0.658,0.0,0.468,7.000921173838663,31585
0.674,0.327,0.0574,0.613,0.199,0.494,2.0002631925253325,102928
0.589,0.251,0.0365,0.664,0.13,0.404,2.0002631925253325,8350
0.636,0.305,0.0392,0.658,0.204,0.41,2.0002631925253325,12066
0.595,0.415,0.0369,0.685,0.197,0.398,1.0001315962626662,107925
0.684,0.391,0.0646,0.718,0.235,0.454,1.0001315962626662,111189
0.0612,0.0941,0.0485,0.821,0.789,0.0331,10.001315962626663,101712
0.14,0.125,0.041,0.86,0.875,0.0362,25.003289906566657,4141
0.0655,0.202,0.0512,0.855,0.812,0.0389,4.000526385050665,4981
0.17,0.215,0.0461,0.833,0.83,0.0383,17.002237136465325,59183
0.0759,0.12,0.0487,0.942,0.865,0.0596,47.006185024345314,101124
0.235,0.0448,0.0572,0.995,0.83,0.0236,112.01473878141861,59792
0.0621,0.19,0.0398,0.883,0.853,0.0518,13.001710751414661,39333
0.238,0.239,0.0312,0.968,0.776,0.0398,40.00526385050665,5210
0.0796,0.015,0.18,0.984,0.755,0.0294,1.0001315962626662,101489
0.231,0.174,0.15,0.958,0.843,0.0322,1.0001315962626662,11291
0.0,6.4e-05,0.0,0.777,0.999,0.0,20.002631925253326,101681
0.165,0.058,0.0474,0.793,0.892,0.0343,51.006711409395976,26596
0.0693,0.231,0.055,0.789,0.973,1e-05,15.001973943939994,101069
0.164,0.21,0.0331,0.854,0.965,0.0377,24.003158310303988,54550
0.135,0.12,0.167,0.866,0.973,0.0962,1.0001315962626662,101876
0.0893,0.106,0.0395,0.901,0.938,0.0596,139.01829188051062,75336
0.169,0.0153,0.0648,0.884,0.98,0.0822,324.04263718910386,45169
0.0938,0.151,0.038,0.917,0.959,0.038,54.007106198183976,36891
0.145,0.135,0.0429,0.978,0.971,0.0535,124.01631793657062,16037
0.13,0.112,0.0513,0.79,0.855,0.145,5.000657981313331,45220
0.0951,0.155,0.0342,0.865,0.776,0.138,3.0003947887879985,4757
0.203,0.183,0.0348,0.812,0.873,0.182,4.000526385050665,98859
0.0998,0.0019,0.0434,0.972,0.753,0.178,1.0001315962626662,4914
0.18,0.114,0.0413,0.928,0.79,0.159,14.001842347677327,16435
0.123,0.161,0.0401,0.971,0.859,0.157,1.0001315962626662,75416
0.222,0.176,0.0482,0.987,0.81,0.225,19.00250032899066,75441
0.112,0.1,0.0419,0.866,0.925,0.145,1.0001315962626662,75896
0.184,0.109,0.0631,0.786,0.879,0.193,10.001315962626663,4644
0.205,0.245,0.0433,0.77,0.942,0.14,3.0003947887879985,101429
0.0747,0.00506,0.0426,0.994,0.923,0.153,5.000657981313331,101708
0.23,0.0335,0.039,0.98,0.94,0.149,62.00815896828531,4358
0.0794,0.176,0.0373,0.895,0.946,0.148,7.000921173838663,59145
0.224,0.139,0.0354,0.961,0.913,0.213,35.00460586919332,4064
0.52,0.545,0.0768,0.0827,0.0,0.0856,41.00539544676931,48008
0.652,0.577,0.0373,0.00947,4.02e-05,0.123,41.00539544676931,88185
0.54,0.693,0.0332,0.00333,1.32e-05,0.104,70.00921173838664,107661
0.652,0.657,0.0306,0.00208,6.93e-05,0.0861,30.00394788787999,81799
0.601,0.55,0.213,0.0818,0.00228,0.125,1.0001315962626662,32108
0.635,0.576,0.159,0.063,0.0,0.0346,2.0002631925253325,21366
0.549,0.687,0.135,0.0722,0.0,0.0754,2.0002631925253325,58754
0.732,0.678,0.182,0.000997,0.0505,0.0611,1.0001315962626662,10480
0.573,0.554,0.0272,0.146,2.91e-05,0.124,23.003026714041322,106972
0.736,0.507,0.0437,0.223,0.0,0.0696,2.0002631925253325,94875
0.587,0.668,0.0435,0.222,0.0,0.124,12.001579155151994,29803
0.687,0.722,0.0408,0.136,0.0,0.114,5.000657981313331,70360
0.558,0.735,0.189,0.181,0.00159,0.0687,1.0001315962626662,49938
0.632,0.708,0.179,0.136,0.0,0.0512,1.0001315962626662,112960
0.521,0.55,0.0709,0.0029,0.171,0.0391,3.0003947887879985,27003
0.686,0.56,0.0462,0.00114,0.181,0.108,7.000921173838663,73441
0.597,0.628,0.0348,0.00109,0.151,0.0529,3.0003947887879985,32829
0.649,0.681,0.0379,0.00957,0.222,0.111,5.000657981313331,17589
0.538,0.652,0.13,8.4e-05,0.133,0.0317,1.0001315962626662,46731
0.576,0.513,0.0323,0.208,0.184,0.074,2.0002631925253325,8900
0.689,0.503,0.101,0.195,0.232,0.0634,1.0001315962626662,103916
0.526,0.666,0.0348,0.184,0.128,0.106,1.0001315962626662,17139
0.731,0.671,0.0504,0.213,0.182,0.055,1.0001315962626662,111704
0.568,0.616,0.0268,0.0141,0.0571,0.21,174.02289774970393,59677
0.632,0.575,0.029,0.0225,1.81e-06,0.188,64.00842216081064,53507
0.517,0.639,0.0547,0.01,2.59e-05,0.152,215.02829319647324,113268
0.653,0.658,0.0304,0.0215,1.66e-06,0.219,143.01881826556126,31069
0.525,0.586,0.222,0.0318,0.0,0.127,1.0001315962626662,41201
0.719,0.571,0.169,0.0589,2.98e-06,0.206,14.001842347677327,67651
0.584,0.718,0.126,0.0205,2.99e-06,0.155,9.001184366363995,31866
0.626,0.681,0.249,0.105,0.0,0.195,9.001184366363995,60675
0.597,0.503,0.0273,0.234,0.0,0.236,94.01237004869063,12592
0.734,0.531,0.0321,0.196,0.0,0.199,60.00789577575998,89209
0.557,0.703,0.0277,0.203,0.000156,0.228,57.007500986971976,49950
0.666,0.677,0.0326,0.214,0.0,0.178,37.00486906171865,31369
0.566,0.575,0.24,0.149,0.0,0.184,2.0002631925253325,60453
0.521,0.682,0.14,0.162,0.0,0.208,1.0001315962626662,21213
0.663,0.742,0.131,0.21,0.0,0.182,6.000789577575997,26188
0.618,0.599,0.0228,0.0231,0.128,0.235,2.0002631925253325,75277
0.748,0.524,0.0365,0.0355,0.188,0.21,8.00105277010133,73057
0.582,0.636,0.028,0.004,0.176,0.235,15.001973943939994,107542
0.642,0.679,0.052,0.0711,0.179,0.227,16.00210554020266,83883
0.581,0.519,0.164,0.0932,0.193,0.215,1.0001315962626662,50984
0.61,0.571,0.0395,0.242,0.21,0.147,2.0002631925253325,36356
0.549,0.706,0.0364,0.189,0.19,0.136,2.0002631925253325,41630
0.632,0.729,0.0293,0.174,0.218,0.196,1.0001315962626662,10159
0.582,0.474,0.0354,0.00801,0.739,0.689,7.000921173838663,105985
0.831,0.422,0.0634,0.00189,0.635,0.747,21.00276352151599,13702
0.565,0.381,0.269,0.0722,0.736,0.645,1.0001315962626662,105365
0.825,0.204,0.0468,0.337,0.717,0.71,1.0001315962626662,24202
0.533,0.288,0.167,0.384,0.558,0.585,7.000921173838663,54601
0.879,0.394,0.0482,0.335,0.732,0.654,7.000921173838663,111801
0.917,0.313,0.466,0.335,0.529,0.671,1.0001315962626662,105267
0.574,0.25,0.0645,0.0627,0.84,0.51,1.0001315962626662,39976
0.797,0.229,0.13,0.000133,0.936,0.663,5.000657981313331,24058
0.692,0.467,0.0382,0.000783,0.852,0.627,48.006316620607976,10781
0.85,0.467,0.0442,0.0217,0.931,0.559,55.007237794446645,13280
0.867,0.272,0.275,0.228,0.919,0.557,1.0001315962626662,5822
0.665,0.139,0.0551,0.464,0.839,0.703,3.0003947887879985,45454
0.781,0.205,0.236,0.398,0.89,0.586,3.0003947887879985,105091
0.549,0.489,0.0458,0.35,0.926,0.648,27.003553099091988,1263
0.763,0.368,0.0892,0.29,0.861,0.665,20.002631925253326,105415
0.749,0.123,0.295,0.316,0.874,0.53,1.0001315962626662,105734
0.648,0.439,0.268,0.348,0.888,0.682,1.0001315962626662,105589
0.829,0.391,0.29,0.282,0.816,0.629,3.0003947887879985,94401
0.689,0.404,0.123,0.0617,0.668,0.782,7.000921173838663,100682
0.813,0.433,0.0284,0.0231,0.613,0.907,10.001315962626663,66288
0.917,0.336,0.367,0.000234,0.627,0.888,1.0001315962626662,73835
0.697,0.395,0.0281,0.428,0.653,0.876,4.000526385050665,2356
0.808,0.384,0.134,0.345,0.722,0.923,2.0002631925253325,13917
0.865,0.153,0.167,0.00816,0.887,0.918,1.0001315962626662,105580
0.559,0.406,0.0333,0.175,0.851,0.887,15.001973943939994,105261
0.803,0.451,0.0514,0.00017,0.949,0.811,25.003289906566657,13242
0.708,0.485,0.26,0.00362,0.89,0.872,1.0001315962626662,24374
0.837,0.415,0.362,0.0268,0.792,0.811,1.0001315962626662,73878
0.643,0.226,0.0982,0.253,0.808,0.823,1.0001315962626662,45215
0.87,0.146,0.22,0.499,0.941,0.889,1.0001315962626662,15266
0.569,0.496,0.0674,0.393,0.924,0.808,6.000789577575997,1801
0.8,0.414,0.0669,0.435,0.915,0.953,2.0002631925253325,105115
0.615,0.436,0.391,0.383,0.896,0.778,1.0001315962626662,105470
0.548,0.365,0.0288,0.795,5.91e-06,0.358,179.02355573101727,45122
0.66,0.284,0.0912,0.799,0.0,0.318,76.01000131596264,97232
0.565,0.414,0.0293,0.766,0.0,0.262,99.01302803000395,70719
0.662,0.394,0.0361,0.789,0.124,0.326,58.00763258323464,81441
0.586,0.337,0.133,0.794,0.000277,0.342,2.0002631925253325,39705
0.651,0.288,0.222,0.785,0.000106,0.297,1.0001315962626662,112901
0.561,0.4,0.146,0.769,9.16e-06,0.359,5.000657981313331,21363
0.669,0.394,0.158,0.758,0.00224,0.324,6.000789577575997,32388
0.582,0.345,0.0334,0.879,0.0,0.326,75.00986971969996,12263
0.677,0.256,0.0448,0.948,9.94e-06,0.318,27.003553099091988,94407
0.568,0.385,0.0262,0.909,0.0,0.372,14.001842347677327,34586
0.712,0.387,0.0978,0.894,0.0135,0.326,4.000526385050665,69611
0.585,0.263,0.242,0.917,0.0,0.354,3.0003947887879985,98976
0.532,0.475,0.166,0.886,0.0,0.344,2.0002631925253325,108314
0.641,0.438,0.132,0.905,0.000134,0.343,1.0001315962626662,15254
0.522,0.339,0.0285,0.792,0.183,0.352,1.0001315962626662,74640
0.731,0.317,0.0358,0.812,0.149,0.33,6.000789577575997,55710
0.62,0.361,0.0339,0.958,0.184,0.266,1.0001315962626662,15897
0.709,0.286,0.0453,0.964,0.128,0.256,3.0003947887879985,32152
0.515,0.46,0.0436,0.891,0.14,0.259,4.000526385050665,79550
0.653,0.401,0.0279,0.893,0.143,0.311,3.0003947887879985,99156
0.708,0.306,0.197,0.886,0.163,0.344,1.0001315962626662,105244
0.585,0.274,0.0717,0.791,0.0,0.471,109.01434399263061,99235
0.662,0.268,0.0358,0.858,0.0,0.394,103.01355441505463,747
0.511,0.416,0.03,0.834,0.0263,0.397,109.01434399263061,7974
0.691,0.455,0.0288,0.873,0.00283,0.378,64.00842216081064,74824
0.592,0.259,0.23,0.811,0.0,0.42,6.000789577575997,98626
0.693,0.324,0.205,0.796,0.0,0.382,1.0001315962626662,7453
0.527,0.463,0.173,0.773,1.96e-06,0.429,4.000526385050665,3781
0.554,0.268,0.0315,0.976,0.0,0.406,82.01079089353863,52682
0.628,0.259,0.0274,0.976,0.0,0.486,42.00552704303198,52931
0.537,0.396,0.0363,0.927,8.54e-05,0.386,31.004079484142654,70880
0.7,0.38,0.043,0.901,4.01e-05,0.441,6.000789577575997,102567
0.511,0.338,0.134,0.89,1.09e-05,0.403,2.0002631925253325,98193
0.677,0.265,0.134,0.935,0.0709,0.493,2.0002631925253325,32203
0.652,0.483,0.246,0.931,0.0,0.469,1.0001315962626662,94217
0.578,0.269,0.0405,0.781,0.243,0.421,4.000526385050665,64730
0.71,0.36,0.0281,0.753,0.233,0.433,1.0001315962626662,38064
0.547,0.38,0.0282,0.865,0.152,0.395,2.0002631925253325,11395
0.521,0.265,0.0319,0.961,0.133,0.392,5.000657981313331,34676
0.542,0.433,0.0305,0.897,0.173,0.495,4.000526385050665,2308
0.357,0.0488,0.0397,0.85,0.000554,0.0422,9.001184366363995,14936
0.449,0.0816,0.042,0.862,0.00488,0.0613,1.0001315962626662,14368
0.261,0.214,0.0313,0.864,0.0,0.0658,24.003158310303988,9659
0.482,0.213,0.0298,0.832,0.0,0.124,21.00276352151599,70599
0.338,0.216,0.14,0.87,0.0,0.0913,1.0001315962626662,98513
0.337,0.0707,0.06,0.973,0.0,0.0727,78.01026450848796,101107
0.46,0.0414,0.0414,0.978,0.00035,0.056,46.006053428082645,64088
0.294,0.147,0.0359,0.987,0.000155,0.102,96.01263324121595,76539
0.384,0.134,0.0369,0.992,0.000493,0.123,46.006053428082645,93496
0.311,0.0948,0.0555,0.861,0.202,0.0649,3.0003947887879985,75583
0.344,0.2,0.034,0.785,0.162,0.049,2.0002631925253325,45077
0.488,0.134,0.0327,0.76,0.219,0.0507,2.0002631925253325,64905
0.331,0.0236,0.0526,0.99,0.16,0.0359,3.0003947887879985,75786
0.438,0.117,0.0524,0.985,0.221,0.0773,1.0001315962626662,93905
0.361,0.226,0.0351,0.969,0.167,0.0765,6.000789577575997,17997
0.306,0.121,0.0554,0.85,0.000176,0.166,21.00276352151599,26213
0.492,0.074,0.0369,0.853,7.28e-06,0.244,24.003158310303988,7730
0.296,0.206,0.0412,0.782,0.000225,0.202,67.00881694959864,34190
0.447,0.158,0.036,0.872,1.58e-06,0.142,114.01500197394395,331
0.427,0.0126,0.128,0.874,0.0407,0.164,1.0001315962626662,59238
0.492,0.217,0.132,0.865,2.73e-06,0.159,2.0002631925253325,33655
0.261,0.0452,0.0429,0.935,1.71e-06,0.131,102.01342281879195,93319
0.485,0.102,0.0444,0.88,0.0,0.179,121.01592314778262,45949
0.287,0.127,0.0399,0.929,4.03e-05,0.227,149.01960784313727,98181
0.409,0.222,0.0281,0.882,0.00426,0.151,157.0206606132386,911
0.347,0.107,0.206,0.964,2.74e-06,0.219,1.0001315962626662,76702
0.314,0.198,0.167,0.991,0.0577,0.18,2.0002631925253325,93700
0.41,0.144,0.133,0.992,0.00609,0.158,3.0003947887879985,93824
0.255,0.105,0.0987,0.774,0.198,0.166,1.0001315962626662,75886
0.295,0.183,0.0385,0.78,0.214,0.17,3.0003947887879985,26276
0.408,0.138,0.034,0.838,0.128,0.241,5.000657981313331,45939
0.332,0.0808,0.0498,0.989,0.16,0.208,1.0001315962626662,76902
0.471,0.0845,0.0305,0.956,0.147,0.149,5.000657981313331,64052
0.339,0.137,0.0386,0.962,0.207,0.202,8.00105277010133,75609
0.483,0.129,0.0349,0.947,0.145,0.203,6.000789577575997,56558
0.81,0.571,0.085,0.0624,1.63e-06,0.771,106.01394920384261,37165
0.927,0.591,0.119,0.0165,2.87e-06,0.752,23.003026714041322,88729
0.789,0.711,0.041,0.0332,0.0,0.753,180.02368732727993,20788
0.901,0.665,0.0858,0.0106,0.0,0.873,21.00276352151599,94861
0.775,0.507,0.165,0.0015,3.34e-06,0.752,35.00460586919332,67938
0.904,0.601,0.198,0.0305,0.0,0.761,14.001842347677327,20676
0.853,0.647,0.23,0.114,9.31e-06,0.77,41.00539544676931,36409
0.91,0.734,0.183,0.00464,0.0162,0.815,18.00236873272799,13666
0.875,0.611,0.0372,0.236,0.0,0.77,32.00421108040532,14353
0.884,0.534,0.094,0.182,0.00128,0.849,5.000657981313331,8937
0.803,0.745,0.0689,0.159,0.0,0.792,66.00868535333598,88675
0.954,0.717,0.113,0.18,0.0,0.798,27.003553099091988,66055
0.867,0.544,0.231,0.146,0.0,0.772,14.001842347677327,28197
0.843,0.747,0.195,0.146,0.0,0.784,36.00473746545598,66673
0.899,0.635,0.16,0.145,0.006,0.781,1.0001315962626662,106559
0.754,0.602,0.039,0.00224,0.131,0.753,3.0003947887879985,24273
0.863,0.651,0.0907,0.00417,0.143,0.869,4.000526385050665,111817
0.897,0.611,0.211,0.0291,0.186,0.769,1.0001315962626662,48118
0.833,0.644,0.16,0.00647,0.153,0.857,1.0001315962626662,13573
0.887,0.682,0.165,0.00823,0.138,0.764,1.0001315962626662,43517
0.817,0.532,0.0571,0.0145,0.0581,0.964,97.01276483747863,107471
0.945,0.582,0.0719,0.114,0.0,0.907,11.001447558889328,51441
0.821,0.736,0.0669,0.0914,0.0,0.941,136.0178970917226,89490
0.886,0.708,0.0911,0.107,0.0114,0.965,56.00736939070931,89388
0.831,0.56,0.133,0.00892,0.000349,0.882,4.000526385050665,100455
0.959,0.536,0.183,0.0788,0.0,0.917,3.0003947887879985,66977
0.831,0.724,0.203,0.0229,1.23e-06,0.9,15.001973943939994,87200
0.887,0.698,0.219,0.081,0.0,0.9,4.000526385050665,37843
0.807,0.607,0.108,0.246,0.0,0.944,42.00552704303198,41782
0.876,0.565,0.0333,0.16,0.0284,0.931,9.001184366363995,103152
0.786,0.731,0.0471,0.225,2.2e-06,0.929,61.00802737202264,100550
0.893,0.665,0.0533,0.226,0.0,0.904,18.00236873272799,14568
0.844,0.589,0.212,0.184,0.0,0.962,11.001447558889328,100250
0.936,0.539,0.128,0.222,0.0,0.923,1.0001315962626662,14226
0.826,0.745,0.141,0.13,1.32e-05,0.883,11.001447558889328,56758
0.967,0.666,0.161,0.177,0.000748,0.897,2.0002631925253325,8943
0.813,0.625,0.0409,0.000713,0.182,0.961,1.0001315962626662,107593
0.861,0.671,0.0711,0.0424,0.219,0.961,3.0003947887879985,1569
0.888,0.635,0.111,0.0409,0.183,0.935,1.0001315962626662,24589
0.86,0.541,0.0325,0.165,0.163,0.952,4.000526385050665,51000
0.566,0.587,0.0429,0.622,4.33e-05,0.833,22.002895117778657,52804
0.663,0.545,0.0733,0.502,0.031,0.758,79.01039610475063,45116
0.621,0.719,0.031,0.554,0.0,0.78,57.007500986971976,62749
0.682,0.641,0.0384,0.564,0.0,0.824,91.01197525990263,92086
0.728,0.525,0.171,0.585,0.0,0.779,1.0001315962626662,98092
0.613,0.711,0.193,0.599,0.0,0.853,4.000526385050665,77861
0.629,0.741,0.146,0.532,0.0,0.816,4.000526385050665,21310
0.622,0.506,0.0325,0.719,0.0,0.781,117.01539676273195,97805
0.648,0.518,0.0355,0.704,0.0,0.761,104.01368601131729,37992
0.577,0.708,0.0279,0.688,0.101,0.78,68.0089485458613,7821
0.685,0.724,0.0355,0.657,0.000192,0.851,48.006316620607976,95808
0.695,0.624,0.219,0.636,1.83e-06,0.774,3.0003947887879985,74742
0.559,0.74,0.13,0.631,0.0,0.803,6.000789577575997,7169
0.708,0.631,0.196,0.646,0.0,0.851,3.0003947887879985,51938
0.545,0.73,0.0578,0.572,0.227,0.797,1.0001315962626662,84996
0.749,0.706,0.0847,0.538,0.197,0.797,2.0002631925253325,111573
0.704,0.668,0.129,0.538,0.137,0.784,1.0001315962626662,111271
0.649,0.618,0.0418,0.737,0.163,0.752,1.0001315962626662,1736
0.585,0.574,0.0925,0.565,0.0,0.895,31.004079484142654,96015
0.748,0.582,0.0548,0.609,0.000129,0.917,56.00736939070931,90299
0.625,0.635,0.0267,0.566,0.000126,0.893,58.00763258323464,40505
0.719,0.669,0.0362,0.527,9.37e-05,0.966,86.0113172785893,52656
0.69,0.531,0.161,0.565,0.0,0.888,1.0001315962626662,90393
0.609,0.688,0.143,0.503,0.0,0.893,2.0002631925253325,97751
0.631,0.696,0.211,0.578,0.0,0.927,3.0003947887879985,62755
0.515,0.603,0.0318,0.639,0.0,0.892,43.00565863929465,52151
0.741,0.603,0.029,0.641,0.0,0.939,40.00526385050665,52211
0.576,0.682,0.0369,0.726,0.0,0.919,40.00526385050665,92108
0.677,0.644,0.0293,0.688,0.034,0.909,81.01065929727596,7107
0.598,0.571,0.139,0.704,0.0,0.962,7.000921173838663,79231
0.715,0.564,0.188,0.653,0.0,0.878,4.000526385050665,36565
0.581,0.687,0.15,0.694,7.05e-05,0.892,9.001184366363995,90800
0.636,0.659,0.15,0.659,0.0,0.89,5.000657981313331,108885
0.621,0.618,0.041,0.676,0.234,0.962,1.0001315962626662,95930
0.589,0.86,0.0577,0.271,0.00903,0.753,59.00776417949731,82682
0.637,0.825,0.0815,0.352,0.0,0.835,83.0109224898013,81945
0.505,0.926,0.0491,0.272,0.00315,0.805,35.00460586919332,27215
0.676,0.892,0.0348,0.326,9.46e-06,0.829,64.00842216081064,2385
0.56,0.809,0.187,0.268,0.0,0.81,6.000789577575997,96531
0.663,0.824,0.176,0.284,0.0,0.836,15.001973943939994,97669
0.624,0.929,0.226,0.349,0.0,0.817,8.00105277010133,37744
0.671,0.959,0.135,0.276,0.0,0.791,5.000657981313331,104682
0.552,0.823,0.0332,0.445,0.000129,0.775,65.0085537570733,91988
0.724,0.759,0.0544,0.411,0.0,0.765,82.01079089353863,37168
0.523,0.906,0.0704,0.379,0.0,0.757,25.003289906566657,96491
0.748,0.953,0.116,0.38,4.68e-06,0.811,35.00460586919332,98690
0.614,0.875,0.134,0.441,0.0,0.818,11.001447558889328,97957
0.693,0.836,0.143,0.414,0.0,0.77,11.001447558889328,112822
0.559,0.907,0.145,0.431,0.0,0.865,8.00105277010133,35558
0.626,0.892,0.153,0.477,0.0,0.797,8.00105277010133,97979
0.674,0.869,0.0398,0.374,0.154,0.813,3.0003947887879985,1298
0.592,0.941,0.0576,0.288,0.214,0.812,1.0001315962626662,80975
0.714,0.958,0.0767,0.334,0.223,0.773,1.0001315962626662,92989
0.614,0.796,0.0395,0.429,0.207,0.796,1.0001315962626662,7840
0.547,0.82,0.0805,0.261,0.0,0.933,50.006579813133314,106519
0.672,0.772,0.0623,0.289,0.0,0.883,97.01276483747863,35259
0.526,0.931,0.0526,0.342,9.91e-05,0.929,33.00434267666799,92669
0.648,0.916,0.0278,0.26,0.0,0.892,83.0109224898013,64994
0.56,0.815,0.204,0.305,0.0155,0.921,2.0002631925253325,36991
0.633,0.776,0.173,0.296,0.0,0.889,5.000657981313331,51315
0.595,0.95,0.137,0.299,0.00935,0.896,5.000657981313331,96791
0.735,0.894,0.128,0.261,0.00589,0.944,3.0003947887879985,92825
0.597,0.792,0.0299,0.452,0.0213,0.939,51.006711409395976,17791
0.738,0.78,0.0329,0.479,0.0,0.901,121.01592314778262,9747
0.565,0.962,0.064,0.437,0.0,0.906,31.004079484142654,103279
0.648,0.886,0.115,0.455,0.0,0.923,53.00697460192131,35607
0.615,0.808,0.13,0.41,0.0,0.93,2.0002631925253325,95573
0.733,0.756,0.135,0.438,3.22e-05,0.923,6.000789577575997,102342
0.627,0.939,0.179,0.415,1.67e-06,0.92,1.0001315962626662,55571
0.51,0.846,0.0306,0.255,0.225,0.931,1.0001315962626662,7280
0.626,0.949,0.0451,0.276,0.126,0.967,1.0001315962626662,38970
0.54,0.797,0.0617,0.434,0.165,0.935,1.0001315962626662,1368
0.595,0.887,0.0409,0.47,0.199,0.966,1.0001315962626662,35779
0.569,0.538,0.0323,0.593,0.0,0.552,57.007500986971976,99876
0.655,0.596,0.062,0.54,4.36e-06,0.543,81.01065929727596,12896
0.518,0.627,0.0398,0.596,2.58e-06,0.602,74.0097381234373,95881
0.631,0.634,0.0326,0.568,0.0,0.569,63.00829056454797,39470
0.573,0.595,0.126,0.522,0.0,0.557,8.00105277010133,37581
0.649,0.55,0.152,0.574,0.0188,0.575,7.000921173838663,17152
0.577,0.75,0.237,0.531,0.0,0.562,3.0003947887879985,39974
0.703,0.668,0.22,0.516,0.0,0.561,9.001184366363995,11049
0.545,0.545,0.107,0.667,5.48e-05,0.549,93.01223845242797,103050
0.661,0.531,0.0351,0.731,0.0,0.621,53.00697460192131,52325
0.615,0.647,0.0417,0.66,1.12e-05,0.588,44.00579023555731,45542
0.633,0.699,0.0369,0.654,0.000146,0.591,21.00276352151599,74864
0.507,0.503,0.143,0.642,0.0,0.605,12.001579155151994,96256
0.65,0.617,0.129,0.676,3.16e-06,0.621,10.001315962626663,74446
0.523,0.727,0.137,0.703,2.14e-06,0.578,1.0001315962626662,34777
0.634,0.704,0.17,0.647,7.57e-06,0.505,9.001184366363995,9216
0.589,0.557,0.0421,0.551,0.151,0.545,1.0001315962626662,111103
0.671,0.628,0.0273,0.536,0.151,0.595,1.0001315962626662,33225
0.602,0.52,0.028,0.732,0.221,0.523,1.0001315962626662,833
0.528,0.504,0.09,0.559,0.0414,0.712,42.00552704303198,79746
0.665,0.624,0.049,0.505,0.0104,0.717,61.00802737202264,107677
0.533,0.697,0.101,0.59,0.043,0.636,77.0101329122253,74439
0.65,0.629,0.0267,0.57,0.0,0.651,64.00842216081064,77559
0.588,0.61,0.234,0.534,0.0,0.645,7.000921173838663,21250
0.705,0.604,0.231,0.568,0.0,0.691,5.000657981313331,37456
0.609,0.677,0.216,0.582,0.0,0.697,5.000657981313331,36817
0.63,0.659,0.129,0.502,3.62e-05,0.659,8.00105277010133,53834
0.556,0.546,0.0333,0.745,0.000104,0.691,72.00947493091196,7108
0.683,0.541,0.0467,0.664,8.31e-05,0.743,63.00829056454797,25863
0.563,0.714,0.0456,0.644,0.0,0.687,63.00829056454797,68776
0.703,0.695,0.118,0.654,0.0,0.683,40.00526385050665,55110
0.568,0.505,0.128,0.676,1.67e-05,0.692,10.001315962626663,64057
0.608,0.634,0.212,0.722,0.0,0.701,3.0003947887879985,102772
0.744,0.693,0.226,0.674,0.0,0.64,4.000526385050665,112426
0.538,0.553,0.0391,0.742,0.165,0.647,1.0001315962626662,45990
0.186,0.354,0.0322,0.133,0.0,0.509,1.0001315962626662,9929
0.478,0.471,0.0283,0.0757,0.0,0.744,87.01144887485196,107822
0.477,0.428,0.435,0.0435,0.00542,0.717,3.0003947887879985,36499
0.462,0.242,0.0616,0.447,0.0,0.652,5.000657981313331,98204
0.211,0.307,0.033,0.434,0.000136,0.503,3.0003947887879985,91778
0.409,0.336,0.0301,0.383,0.0,0.549,107.01408080010529,57269
0.493,0.356,0.26,0.293,0.0,0.738,2.0002631925253325,93897
0.22,0.467,0.059,4.23e-06,0.45,0.704,1.0001315962626662,42376
0.488,0.484,0.103,0.0441,0.278,0.723,2.0002631925253325,90878
0.395,0.485,0.0318,0.468,0.409,0.536,1.0001315962626662,7613
0.475,0.439,0.0427,0.000146,0.000277,0.76,9.001184366363995,47816
0.462,0.234,0.0523,0.428,3.84e-05,0.965,1.0001315962626662,90924
0.426,0.473,0.0335,0.353,0.0,0.937,40.00526385050665,91637
0.343,0.472,0.401,0.314,2.26e-06,0.764,1.0001315962626662,1735
0.412,0.436,0.0491,0.441,0.33,0.948,1.0001315962626662,90545
0.403,0.521,0.028,0.507,0.7,0.231,4.000526385050665,4054
0.272,0.998,0.0329,0.672,0.742,1e-05,3.0003947887879985,101620
0.246,0.531,0.0496,0.779,0.648,0.0398,5.000657981313331,76560
0.382,0.54,0.0289,0.908,0.651,0.0948,5.000657981313331,15917
0.204,1.0,0.0445,0.933,0.691,1e-05,14.001842347677327,101880
0.314,0.811,0.0575,0.97,0.712,0.0306,5.000657981313331,101082
0.174,0.703,0.0427,0.602,0.9,0.0922,12.001579155151994,59959
0.359,0.733,0.0894,0.529,0.925,0.0758,20.002631925253326,59626
0.183,0.823,0.0712,0.543,0.92,0.00766,16.00210554020266,113831
0.456,0.936,0.141,0.562,0.897,0.114,6.000789577575997,54874
0.45,0.555,0.31,0.544,0.886,0.208,1.0001315962626662,54275
0.2,0.545,0.0807,0.934,0.997,0.0309,33.00434267666799,101788
0.372,0.537,0.0305,0.937,0.873,0.228,31.004079484142654,56155
0.0745,0.996,0.0517,0.904,0.955,1e-05,30.00394788787999,101336
0.492,0.998,0.043,0.987,0.765,0.0223,22.002895117778657,101338
0.234,0.566,0.315,0.846,0.767,0.0396,2.0002631925253325,59063
0.251,0.508,0.316,0.969,0.999,0.0,2.0002631925253325,59775
0.303,0.581,0.139,0.736,0.638,0.389,10.001315962626663,76086
0.149,0.553,0.0412,0.906,0.719,0.369,2.0002631925253325,16370
0.392,0.601,0.0805,0.889,0.709,0.375,4.000526385050665,75447
0.158,0.615,0.0367,0.689,0.861,0.303,1.0001315962626662,84514
0.479,0.655,0.0365,0.723,0.947,0.39,12.001579155151994,76802
0.418,0.759,0.243,0.506,0.892,0.336,2.0002631925253325,24744
0.23,0.704,0.0566,0.767,0.869,0.308,1.0001315962626662,84477
0.467,0.517,0.0366,0.785,0.936,0.314,10.001315962626663,111514
0.414,0.821,0.0442,0.808,0.814,0.432,1.0001315962626662,45201
0.599,0.28,0.0843,0.796,0.00751,0.564,92.01210685616529,98764
0.693,0.338,0.0345,0.752,0.0,0.583,67.00881694959864,87236
0.534,0.462,0.0266,0.839,0.0,0.534,77.0101329122253,92181
0.642,0.452,0.0336,0.837,0.0,0.521,74.0097381234373,12365
0.55,0.332,0.175,0.826,0.0,0.552,5.000657981313331,26059
0.671,0.295,0.166,0.84,0.00168,0.513,2.0002631925253325,15623
0.607,0.497,0.209,0.828,0.0,0.517,10.001315962626663,33657
0.629,0.437,0.143,0.755,0.000552,0.608,7.000921173838663,102615
0.542,0.332,0.0606,0.98,0.000708,0.546,49.006448216870645,108890
0.652,0.31,0.0332,0.962,0.0018,0.568,41.00539544676931,52411
0.528,0.377,0.0385,0.992,0.000272,0.585,39.00513225424398,108067
0.702,0.429,0.0306,0.881,1.3e-06,0.592,21.00276352151599,43783
0.569,0.327,0.191,0.98,0.000121,0.602,3.0003947887879985,108535
0.688,0.341,0.185,0.987,0.000145,0.618,5.000657981313331,108477
0.571,0.485,0.192,0.91,0.0,0.6,2.0002631925253325,108898
0.678,0.4,0.126,0.954,0.0,0.519,2.0002631925253325,18555
0.677,0.268,0.22,0.817,0.152,0.62,1.0001315962626662,1340
0.625,0.269,0.0622,0.975,0.238,0.557,1.0001315962626662,108609
0.703,0.277,0.087,0.953,0.229,0.575,1.0001315962626662,5662
0.553,0.429,0.0283,0.921,0.135,0.532,2.0002631925253325,34775
0.682,0.462,0.0388,0.913,0.212,0.529,3.0003947887879985,56672
0.616,0.271,0.0414,0.759,8.47e-06,0.649,121.01592314778262,64761
0.743,0.343,0.0297,0.798,1.26e-05,0.68,57.007500986971976,99661
0.53,0.438,0.0372,0.811,0.0,0.694,61.00802737202264,81317
0.671,0.462,0.105,0.824,0.000741,0.742,58.00763258323464,98281
0.623,0.298,0.166,0.861,0.0,0.67,3.0003947887879985,65445
0.649,0.296,0.199,0.777,0.0,0.745,1.0001315962626662,66067
0.542,0.398,0.133,0.818,4.91e-06,0.673,4.000526385050665,98331
0.734,0.49,0.126,0.838,3.37e-05,0.722,1.0001315962626662,36691
0.596,0.315,0.0428,0.961,0.0,0.64,68.0089485458613,8148
0.678,0.302,0.0534,0.902,0.0,0.709,31.004079484142654,99865
0.525,0.412,0.06,0.996,0.00826,0.672,29.00381629161732,108000
0.629,0.386,0.0352,0.985,0.000299,0.694,10.001315962626663,52478
0.522,0.321,0.138,0.936,0.0,0.718,3.0003947887879985,93206
0.712,0.303,0.133,0.989,0.000801,0.721,8.00105277010133,93949
0.531,0.487,0.22,0.911,0.00201,0.749,3.0003947887879985,94953
0.669,0.445,0.173,0.925,0.00388,0.709,2.0002631925253325,108124
0.55,0.424,0.0427,0.871,0.143,0.709,1.0001315962626662,108633
0.62,0.27,0.0553,0.893,0.166,0.711,7.000921173838663,93446
0.593,0.498,0.0326,0.904,0.191,0.646,1.0001315962626662,108572
0.677,0.446,0.0418,0.92,0.19,0.634,1.0001315962626662,16579
0.329,0.35,0.0304,0.852,8.65e-05,0.294,55.007237794446645,76387
0.462,0.347,0.0361,0.757,1.77e-06,0.316,135.01776549545994,106894
0.341,0.415,0.0305,0.752,0.000732,0.273,46.006053428082645,84948
0.471,0.396,0.0336,0.77,0.0,0.263,91.01197525990263,81241
0.303,0.349,0.208,0.758,0.000169,0.337,1.0001315962626662,55080
0.475,0.347,0.213,0.776,0.00012,0.285,5.000657981313331,64033
0.395,0.443,0.133,0.765,9.67e-06,0.338,1.0001315962626662,81956
0.297,0.287,0.035,0.917,2.61e-06,0.258,46.006053428082645,76161
0.441,0.308,0.0407,0.958,0.000231,0.292,107.01408080010529,80691
0.257,0.422,0.0311,0.948,0.00821,0.334,27.003553099091988,63248
0.463,0.397,0.0287,0.916,0.0184,0.3,31.004079484142654,92817
0.418,0.296,0.204,0.977,0.0308,0.334,2.0002631925253325,11283
0.316,0.279,0.0532,0.845,0.244,0.262,2.0002631925253325,26436
0.354,0.432,0.0312,0.766,0.155,0.298,2.0002631925253325,74266
0.287,0.369,0.0466,0.983,0.153,0.354,1.0001315962626662,93843
0.495,0.295,0.0299,0.876,0.222,0.299,5.000657981313331,80823
0.287,0.421,0.0312,0.989,0.179,0.292,1.0001315962626662,93309
0.376,0.404,0.0716,0.979,0.159,0.267,1.0001315962626662,76299
0.304,0.305,0.0298,0.871,0.00368,0.464,52.006843005658645,19553
0.474,0.308,0.0573,0.762,0.0,0.418,85.01118568232663,104705
0.338,0.39,0.0323,0.824,0.0,0.4,39.00513225424398,74803
0.464,0.391,0.0384,0.755,9.64e-05,0.418,48.006316620607976,80876
0.341,0.266,0.146,0.831,0.0,0.388,3.0003947887879985,3068
0.403,0.259,0.166,0.829,1.61e-06,0.473,2.0002631925253325,26013
0.289,0.309,0.0427,0.992,2.15e-06,0.451,52.006843005658645,93680
0.401,0.302,0.0344,0.984,1.39e-05,0.497,66.00868535333598,36046
0.305,0.456,0.0328,0.964,5.86e-05,0.475,14.001842347677327,26264
0.41,0.424,0.0561,0.88,4.86e-05,0.406,25.003289906566657,108845
0.37,0.285,0.139,0.924,4.86e-06,0.433,1.0001315962626662,108981
0.499,0.303,0.197,0.966,0.0107,0.404,2.0002631925253325,34717
0.347,0.402,0.131,0.966,0.0102,0.421,1.0001315962626662,108954
0.494,0.403,0.156,0.987,1.77e-06,0.421,1.0001315962626662,108367
0.491,0.339,0.0433,0.837,0.239,0.449,2.0002631925253325,108880
0.472,0.287,0.21,0.83,0.247,0.481,2.0002631925253325,94574
0.499,0.327,0.0382,0.937,0.161,0.43,6.000789577575997,16047
0.315,0.411,0.033,0.877,0.236,0.483,1.0001315962626662,12019
0.593,0.585,0.0474,0.331,0.0,0.866,29.00381629161732,96112
0.69,0.621,0.0266,0.285,0.0,0.815,55.007237794446645,35469
0.547,0.667,0.0375,0.356,6.57e-05,0.867,44.00579023555731,87929
0.73,0.673,0.0546,0.366,9.14e-06,0.81,100.01315962626663,112485
0.602,0.557,0.178,0.253,0.0,0.765,6.000789577575997,63099
0.745,0.549,0.203,0.337,0.0,0.788,10.001315962626663,51770
0.541,0.667,0.131,0.347,1.49e-06,0.831,8.00105277010133,21218
0.723,0.636,0.25,0.3,2.37e-05,0.813,15.001973943939994,1370
0.591,0.518,0.0303,0.498,0.0,0.777,21.00276352151599,57257
0.639,0.61,0.0446,0.481,0.0,0.812,68.0089485458613,37396
0.532,0.663,0.0292,0.425,1.07e-06,0.756,99.01302803000395,79282
0.675,0.732,0.0443,0.452,1.84e-05,0.83,85.01118568232663,37902
0.644,0.6,0.177,0.424,0.0,0.81,2.0002631925253325,96174
0.541,0.676,0.153,0.442,0.0,0.845,3.0003947887879985,81366
0.711,0.63,0.238,0.451,9.2e-06,0.851,15.001973943939994,78200
0.532,0.612,0.0279,0.386,0.188,0.816,2.0002631925253325,52754
0.693,0.547,0.041,0.42,0.141,0.774,1.0001315962626662,103953
0.689,0.731,0.0453,0.377,0.162,0.814,1.0001315962626662,96923
0.595,0.612,0.05,0.295,0.0,0.942,23.003026714041322,26625
0.741,0.564,0.0328,0.307,0.0,0.884,47.006185024345314,53263
0.599,0.749,0.0375,0.253,0.0,0.89,33.00434267666799,95490
0.664,0.74,0.0319,0.316,0.000104,0.898,80.0105277010133,95780
0.607,0.586,0.15,0.307,1.51e-06,0.921,1.0001315962626662,21461
0.733,0.535,0.206,0.355,0.0049,0.914,1.0001315962626662,15535
0.549,0.686,0.136,0.291,0.0,0.926,4.000526385050665,87204
0.654,0.747,0.178,0.31,0.0,0.876,8.00105277010133,41240
0.569,0.572,0.0385,0.385,0.0,0.894,20.002631925253326,52118
0.743,0.564,0.0511,0.5,0.00172,0.962,53.00697460192131,90277
0.536,0.648,0.123,0.487,0.000277,0.929,29.00381629161732,95446
0.736,0.638,0.0387,0.423,0.0,0.939,74.0097381234373,49123
0.507,0.583,0.137,0.456,7.27e-06,0.966,1.0001315962626662,92569
0.707,0.506,0.175,0.48,0.000114,0.924,3.0003947887879985,14134
0.621,0.74,0.187,0.378,0.0,0.939,1.0001315962626662,41016
0.728,0.74,0.189,0.462,0.0,0.886,5.000657981313331,5845
0.616,0.734,0.0342,0.367,0.187,0.966,1.0001315962626662,7416
0.605,0.546,0.0757,0.435,0.127,0.897,3.0003947887879985,12711
0.589,0.685,0.056,0.418,0.131,0.93,1.0001315962626662,95197
0.664,0.644,0.0352,0.531,0.661,0.646,12.001579155151994,111138
0.778,0.672,0.0286,0.599,0.743,0.707,2.0002631925253325,28736
0.66,0.754,0.144,0.683,0.547,0.663,5.000657981313331,46108
0.791,0.576,0.338,0.501,0.522,0.684,1.0001315962626662,54348
0.569,0.555,0.0473,0.93,0.745,0.527,7.000921173838663,94810
0.811,0.615,0.0446,0.761,0.578,0.743,1.0001315962626662,38315
0.727,0.815,0.0736,0.781,0.746,0.631,1.0001315962626662,24803
0.66,0.609,0.035,0.609,0.931,0.596,22.002895117778657,45300
0.794,0.63,0.14,0.657,0.808,0.641,6.000789577575997,105992
0.512,0.856,0.0394,0.55,0.924,0.687,5.000657981313331,34802
0.758,0.875,0.0358,0.611,0.88,0.688,4.000526385050665,54266
0.644,0.545,0.442,0.514,0.864,0.571,2.0002631925253325,105819
0.651,0.634,0.0385,0.838,0.904,0.735,27.003553099091988,54174
0.81,0.551,0.23,0.874,0.929,0.619,6.000789577575997,105890
0.724,0.82,0.0394,0.789,0.916,0.717,3.0003947887879985,24765
0.577,0.593,0.289,0.859,0.768,0.536,1.0001315962626662,1582
0.883,0.544,0.412,0.804,0.806,0.532,1.0001315962626662,105702
0.662,0.522,0.0296,0.556,0.611,0.933,13.001710751414661,26496
0.855,0.66,0.137,0.653,0.699,0.924,4.000526385050665,54008
0.741,0.77,0.0519,0.731,0.528,0.944,4.000526385050665,74578
0.751,0.868,0.032,0.708,0.587,0.985,2.0002631925253325,1696
0.601,0.541,0.0469,0.9,0.688,0.832,15.001973943939994,108311
0.734,0.724,0.0398,0.679,0.842,0.85,25.003289906566657,5365
0.86,0.548,0.107,0.573,0.859,0.905,8.00105277010133,1757
0.721,0.777,0.0362,0.504,0.85,0.782,14.001842347677327,1689
0.816,0.77,0.032,0.61,0.948,0.964,3.0003947887879985,1295
0.543,0.541,0.156,0.894,0.938,0.791,31.004079484142654,45267
0.765,0.522,0.0339,0.931,0.913,0.84,4.000526385050665,45795
0.629,0.76,0.0957,0.96,0.885,0.896,5.000657981313331,26435
0.665,0.597,0.274,0.845,0.919,0.81,1.0001315962626662,15732
0.816,0.596,0.451,0.76,0.891,0.756,1.0001315962626662,105804
0.818,0.598,0.113,0.0573,1.32e-06,0.331,131.01723911040926,103026
0.905,0.563,0.102,0.0254,9.71e-06,0.324,51.006711409395976,65114
0.79,0.728,0.0612,0.025,0.00106,0.333,97.01276483747863,106300
0.93,0.633,0.0596,0.00981,0.0,0.251,5.000657981313331,109448
0.774,0.568,0.154,0.0548,0.0,0.348,12.001579155151994,104607
0.904,0.596,0.158,0.00148,0.0,0.373,3.0003947887879985,66733
0.775,0.734,0.215,0.00138,0.0,0.342,23.003026714041322,48207
0.912,0.695,0.192,0.000338,9.02e-05,0.316,3.0003947887879985,66347
0.87,0.532,0.0951,0.127,8.65e-05,0.358,19.00250032899066,83553
0.781,0.728,0.1,0.179,0.000206,0.363,16.00210554020266,20535
0.881,0.698,0.0539,0.172,0.0,0.311,2.0002631925253325,66167
0.841,0.601,0.223,0.197,3.35e-06,0.362,10.001315962626663,67284
0.91,0.584,0.209,0.167,0.0,0.337,1.0001315962626662,60424
0.779,0.659,0.234,0.247,0.0,0.262,8.00105277010133,36423
0.914,0.723,0.138,0.196,0.0,0.335,1.0001315962626662,66085
0.855,0.555,0.0662,0.025,0.152,0.3,2.0002631925253325,43505
0.89,0.543,0.0948,0.106,0.159,0.284,3.0003947887879985,100315
0.781,0.71,0.029,0.0968,0.237,0.332,5.000657981313331,32797
0.886,0.509,0.168,0.000253,0.154,0.261,2.0002631925253325,109983
0.793,0.53,0.115,0.244,0.18,0.283,2.0002631925253325,39107
0.862,0.578,0.097,0.0694,2.18e-06,0.485,44.00579023555731,67819
0.941,0.618,0.079,0.0112,0.0,0.489,4.000526385050665,51443
0.758,0.677,0.0592,0.0484,6.99e-05,0.448,179.02355573101727,21884
0.911,0.712,0.0817,0.0901,2.68e-05,0.425,11.001447558889328,89407
0.761,0.511,0.158,0.085,0.0316,0.43,17.002237136465325,53688
0.913,0.62,0.235,0.105,1.14e-06,0.49,14.001842347677327,36040
0.804,0.676,0.236,0.102,0.0,0.485,29.00381629161732,18010
0.978,0.71,0.214,0.00145,0.000135,0.455,7.000921173838663,66635
0.86,0.547,0.0786,0.231,1.02e-06,0.467,33.00434267666799,3932
0.919,0.622,0.0997,0.23,4.24e-06,0.423,3.0003947887879985,51860
0.835,0.718,0.0694,0.226,1.99e-06,0.427,114.01500197394395,67211
0.891,0.748,0.0976,0.186,2.06e-06,0.401,4.000526385050665,88219
0.863,0.561,0.161,0.178,0.000844,0.472,16.00210554020266,36024
0.886,0.579,0.209,0.236,4.23e-06,0.427,7.000921173838663,51121
0.799,0.696,0.134,0.211,2.46e-06,0.414,15.001973943939994,55594
0.937,0.658,0.177,0.207,0.0,0.401,5.000657981313331,36035
0.827,0.511,0.0594,0.000929,0.246,0.494,7.000921173838663,17813
0.868,0.66,0.057,0.00454,0.205,0.389,8.00105277010133,23301
0.827,0.524,0.137,0.112,0.145,0.484,1.0001315962626662,66773
0.893,0.596,0.216,0.0293,0.207,0.5,1.0001315962626662,68978
0.824,0.682,0.145,0.00126,0.204,0.39,1.0001315962626662,20212
0.985,0.651,0.217,0.00121,0.176,0.405,1.0001315962626662,111635
0.776,0.57,0.0326,0.228,0.184,0.414,1.0001315962626662,111610
0.899,0.542,0.0806,0.202,0.206,0.423,1.0001315962626662,110161
0.828,0.639,0.0351,0.167,0.165,0.496,1.0001315962626662,36054
0.659,0.674,0.0451,0.638,0.674,0.0642,8.00105277010133,36608
0.641,0.853,0.0577,0.505,0.735,0.0366,2.0002631925253325,36655
0.532,0.517,0.493,0.547,0.535,0.239,1.0001315962626662,73618
0.74,0.506,0.0463,0.91,0.635,0.0431,4.000526385050665,105422
0.683,0.574,0.0443,0.562,0.897,0.11,51.006711409395976,105915
0.839,0.556,0.158,0.528,0.874,0.11,4.000526385050665,73418
0.541,0.812,0.0535,0.638,0.831,0.164,11.001447558889328,105942
0.762,0.846,0.0398,0.717,0.806,0.237,2.0002631925253325,17684
0.707,0.742,0.253,0.516,0.922,0.195,2.0002631925253325,105933
0.835,0.598,0.331,0.62,0.821,0.211,1.0001315962626662,84701
0.512,0.541,0.0374,0.909,0.903,0.0357,16.00210554020266,54325
0.804,0.577,0.14,0.922,0.939,0.181,3.0003947887879985,15657
0.507,0.996,0.0487,0.929,0.878,0.015,4.000526385050665,101470
0.569,0.537,0.38,0.975,0.894,0.156,1.0001315962626662,105608
0.725,0.538,0.0342,0.501,0.594,0.372,15.001973943939994,13663
0.506,0.883,0.111,0.744,0.742,0.395,5.000657981313331,59633
0.765,0.753,0.147,0.509,0.588,0.493,1.0001315962626662,24404
0.662,0.527,0.263,0.629,0.709,0.422,1.0001315962626662,112871
0.608,0.597,0.0468,0.925,0.552,0.375,6.000789577575997,59429
0.86,0.584,0.152,0.906,0.642,0.364,2.0002631925253325,105798
0.521,0.509,0.0276,0.738,0.784,0.37,39.00513225424398,56974
0.873,0.742,0.0526,0.634,0.937,0.37,7.000921173838663,105975
0.505,0.751,0.0411,0.628,0.889,0.388,7.000921173838663,86300
0.765,0.886,0.0428,0.579,0.944,0.299,1.0001315962626662,105783
0.759,0.828,0.304,0.535,0.788,0.271,1.0001315962626662,39980
0.738,0.598,0.0289,0.907,0.9,0.375,23.003026714041322,38205
0.783,0.506,0.0651,0.952,0.918,0.397,1.0001315962626662,1382
0.565,0.776,0.0409,0.794,0.825,0.399,1.0001315962626662,54195
0.852,0.845,0.0408,0.857,0.934,0.387,2.0002631925253325,109253
0.704,0.562,0.39,0.758,0.879,0.28,2.0002631925253325,105859
0.262,0.117,0.0456,0.864,0.0,0.313,5.000657981313331,26072
0.475,0.0989,0.0474,0.853,0.0,0.3,14.001842347677327,15235
0.27,0.241,0.031,0.768,2.46e-06,0.312,48.006316620607976,12169
0.457,0.183,0.0348,0.76,0.0,0.352,88.01158047111463,69095
0.391,0.116,0.185,0.874,4.98e-06,0.351,1.0001315962626662,98645
0.376,0.217,0.149,0.843,0.0,0.342,1.0001315962626662,98171
0.358,0.0335,0.0435,0.981,0.0,0.298,29.00381629161732,101159
0.481,0.0438,0.0784,0.89,0.0,0.257,107.01408080010529,93530
0.375,0.24,0.0333,0.98,0.0,0.311,98.01289643374129,16315
0.382,0.223,0.0324,0.903,3.23e-06,0.292,169.0222397683906,92902
0.472,0.0691,0.202,0.994,0.00246,0.343,3.0003947887879985,93561
0.326,0.232,0.222,0.969,2.83e-06,0.269,1.0001315962626662,93996
0.419,0.235,0.141,0.975,2.63e-05,0.267,4.000526385050665,76526
0.321,0.218,0.0394,0.869,0.183,0.282,1.0001315962626662,84839
0.278,0.113,0.069,0.992,0.205,0.277,1.0001315962626662,59260
0.398,0.113,0.0561,0.973,0.132,0.369,4.000526385050665,16718
0.473,0.141,0.0354,0.932,0.144,0.345,1.0001315962626662,69545
0.342,0.0338,0.042,0.85,1.39e-06,0.428,5.000657981313331,76343
0.406,0.121,0.0373,0.806,0.0,0.387,3.0003947887879985,113786
0.345,0.187,0.0459,0.789,0.0,0.445,9.001184366363995,26212
0.444,0.199,0.0285,0.856,0.0,0.377,77.0101329122253,52967
0.366,0.245,0.147,0.852,0.0,0.48,1.0001315962626662,108244
0.361,0.116,0.0432,0.924,3.57e-06,0.387,3.0003947887879985,96043
0.451,0.0873,0.063,0.907,2.46e-06,0.456,45.00592183181998,102512
0.253,0.21,0.0373,0.947,7.09e-05,0.42,42.00552704303198,16316
0.492,0.224,0.0493,0.91,0.0,0.424,93.01223845242797,102047
0.462,0.081,0.134,0.939,0.0,0.476,2.0002631925253325,96877
0.463,0.156,0.189,0.89,0.0,0.478,1.0001315962626662,815
0.401,0.21,0.0327,0.768,0.152,0.484,4.000526385050665,11032
0.344,0.146,0.0335,0.971,0.127,0.435,2.0002631925253325,16686
0.415,0.176,0.0358,0.995,0.229,0.481,1.0001315962626662,108555
0.75,0.507,0.548,0.669,0.0,0.644,8.00105277010133,14806
0.761,0.559,0.536,0.627,0.0,0.568,2.0002631925253325,37983
0.523,0.88,0.738,0.716,0.0,0.519,1.0001315962626662,18549
0.59,0.586,0.958,0.657,0.0,0.594,31.004079484142654,18286
0.789,0.685,0.914,0.635,0.0,0.533,2.0002631925253325,33206
0.501,0.77,0.93,0.734,0.0,0.562,7.000921173838663,18314
0.715,0.696,0.54,0.828,0.0,0.721,3.0003947887879985,36747
0.577,0.872,0.566,0.899,5.15e-05,0.743,10.001315962626663,18267
0.671,0.712,0.94,0.816,0.0,0.7,75.00986971969996,18929
0.572,0.797,0.899,0.891,0.0,0.636,43.00565863929465,18669
0.653,0.548,0.572,0.828,0.319,0.546,1.0001315962626662,94898
0.714,0.54,0.508,0.685,0.0,0.966,4.000526385050665,14204
0.794,0.657,0.506,0.589,0.0,0.797,2.0002631925253325,60891
0.546,0.827,0.535,0.699,0.0,0.844,2.0002631925253325,18860
0.677,0.643,0.803,0.726,1.95e-06,0.777,2.0002631925253325,18920
0.654,0.893,0.891,0.656,0.0,0.759,3.0003947887879985,18253
0.62,0.717,0.747,0.887,0.0,0.873,3.0003947887879985,18765
0.553,0.867,0.734,0.895,2.54e-06,0.866,3.0003947887879985,18217
0.509,0.632,0.948,0.91,0.0,0.824,7.000921173838663,18403
0.657,0.89,0.916,0.781,0.0,0.802,3.0003947887879985,18644
0.617,0.51,0.626,0.775,0.322,0.919,1.0001315962626662,66858
0.58,0.563,0.0312,0.592,2.88e-06,0.305,66.00868535333598,55805
0.677,0.508,0.0324,0.571,0.000261,0.342,54.007106198183976,34912
0.573,0.69,0.0399,0.523,4.58e-05,0.345,31.004079484142654,32263
0.664,0.66,0.0243,0.512,0.0,0.355,25.003289906566657,30956
0.558,0.616,0.129,0.506,0.0,0.262,2.0002631925253325,18642
0.674,0.511,0.169,0.62,0.0,0.374,3.0003947887879985,87957
0.632,0.686,0.243,0.549,0.0,0.329,2.0002631925253325,20414
0.579,0.606,0.0319,0.743,0.0895,0.348,91.01197525990263,4325
0.679,0.608,0.0368,0.639,7.55e-06,0.361,42.00552704303198,65765
0.598,0.721,0.0652,0.7,0.0,0.34,17.002237136465325,107902
0.725,0.743,0.0513,0.667,0.000278,0.359,11.001447558889328,69516
0.578,0.58,0.249,0.696,0.0,0.313,2.0002631925253325,112711
0.661,0.671,0.169,0.653,6.6e-05,0.372,1.0001315962626662,26471
0.661,0.657,0.0979,0.538,0.204,0.341,1.0001315962626662,105294
0.683,0.534,0.189,0.519,0.247,0.284,2.0002631925253325,31048
0.505,0.522,0.0256,0.532,0.0,0.389,109.01434399263061,40118
0.73,0.58,0.0861,0.589,0.000187,0.464,53.00697460192131,69961
0.588,0.745,0.0886,0.515,0.0,0.432,68.0089485458613,1292
0.638,0.631,0.0353,0.624,0.0144,0.46,30.00394788787999,80094
0.553,0.543,0.132,0.507,0.0,0.436,3.0003947887879985,36533
0.651,0.559,0.217,0.588,2.06e-05,0.396,4.000526385050665,60336
0.548,0.687,0.138,0.548,0.0,0.454,2.0002631925253325,70248
0.597,0.542,0.0563,0.698,0.00264,0.397,76.01000131596264,5605
0.655,0.569,0.0349,0.716,7.4e-06,0.44,51.006711409395976,31065
0.605,0.678,0.0311,0.642,0.0,0.439,45.00592183181998,77391
0.645,0.656,0.0348,0.686,0.0,0.499,16.00210554020266,77722
0.584,0.567,0.249,0.657,0.00122,0.397,6.000789577575997,33688
0.67,0.569,0.171,0.708,0.0,0.385,4.000526385050665,36274
0.521,0.656,0.245,0.699,0.0026,0.432,2.0002631925253325,9801
0.72,0.678,0.185,0.695,0.0,0.489,1.0001315962626662,60885
0.706,0.532,0.101,0.532,0.208,0.402,1.0001315962626662,24692
0.541,0.575,0.0491,0.677,0.215,0.428,2.0002631925253325,72
0.735,0.593,0.0885,0.731,0.178,0.475,7.000921173838663,56036
0.653,0.528,0.198,0.749,0.131,0.495,1.0001315962626662,111844
0.62,0.787,0.0475,0.00291,0.839,0.0399,44.00579023555731,109552
0.741,0.853,0.0406,0.00706,0.831,0.124,45.00592183181998,32839
0.537,0.896,0.0738,0.0299,0.849,0.07,89.01171206737729,46508
0.668,0.969,0.0838,0.000267,0.84,0.11,41.00539544676931,110529
0.602,0.8,0.131,0.0162,0.776,0.0639,2.0002631925253325,73773
0.686,0.859,0.178,0.0365,0.784,0.0695,2.0002631925253325,27474
0.529,0.979,0.126,6.51e-05,0.801,0.0735,7.000921173838663,27068
0.717,0.986,0.158,0.00127,0.838,0.109,3.0003947887879985,73505
0.537,0.835,0.0501,0.221,0.875,0.0487,2.0002631925253325,49936
0.65,0.84,0.053,0.192,0.868,0.0951,2.0002631925253325,105899
0.568,0.893,0.05,0.137,0.86,0.0377,4.000526385050665,53908
0.667,0.877,0.0386,0.216,0.769,0.0445,3.0003947887879985,54104
0.553,0.792,0.0467,0.00126,0.883,0.0555,26.003421502829323,46971
0.628,0.83,0.0419,0.00643,0.925,0.122,33.00434267666799,27838
0.51,0.925,0.051,8.51e-05,0.917,0.124,59.00776417949731,17927
0.748,0.909,0.0505,0.0576,0.89,0.0617,37.00486906171865,110185
0.512,0.99,0.151,6.04e-05,0.923,0.0608,4.000526385050665,59719
0.509,0.806,0.0323,0.224,0.945,0.0667,4.000526385050665,54368
0.629,0.788,0.0435,0.134,0.924,0.0714,2.0002631925253325,23734
0.717,0.885,0.0864,0.142,0.918,0.068,4.000526385050665,24912
0.511,0.793,0.0285,0.000563,0.826,0.233,36.00473746545598,110914
0.742,0.813,0.0824,0.00907,0.847,0.228,57.007500986971976,73921
0.551,0.934,0.0483,0.000544,0.845,0.153,76.01000131596264,110759
0.645,0.878,0.0369,0.0614,0.856,0.21,61.00802737202264,17061
0.707,0.815,0.147,0.00499,0.828,0.148,2.0002631925253325,109176
0.543,0.994,0.161,0.00123,0.85,0.148,7.000921173838663,46255
0.681,0.997,0.223,0.00424,0.853,0.189,5.000657981313331,10694
0.528,0.844,0.0395,0.232,0.857,0.142,1.0001315962626662,24396
0.707,0.839,0.0408,0.172,0.815,0.231,5.000657981313331,109063
0.687,0.892,0.0613,0.205,0.814,0.197,6.000789577575997,32615
0.599,0.753,0.0414,0.0496,0.901,0.173,36.00473746545598,17350
0.736,0.845,0.0377,0.00548,0.901,0.198,31.004079484142654,109229
0.561,0.901,0.0356,0.00189,0.906,0.144,31.004079484142654,110501
0.705,0.954,0.0412,0.00546,0.892,0.144,41.00539544676931,110552
0.684,0.839,0.228,0.0136,0.89,0.184,1.0001315962626662,49544
0.524,0.951,0.151,0.00161,0.928,0.218,5.000657981313331,27732
0.616,0.829,0.0383,0.151,0.886,0.171,2.0002631925253325,17979
0.664,0.779,0.0426,0.136,0.898,0.211,3.0003947887879985,36264
0.523,0.346,0.0252,0.612,0.00176,0.506,21.00276352151599,12656
0.673,0.313,0.0729,0.586,0.0,0.578,34.00447427293065,108168
0.62,0.411,0.0288,0.514,1.83e-06,0.534,56.00736939070931,12168
0.631,0.379,0.0357,0.561,0.000453,0.572,66.00868535333598,12700
0.552,0.371,0.227,0.587,0.0,0.587,2.0002631925253325,98154
0.713,0.373,0.174,0.547,0.00117,0.606,1.0001315962626662,3884
0.564,0.483,0.167,0.53,3.09e-06,0.569,2.0002631925253325,1701
0.658,0.419,0.199,0.546,0.000103,0.542,3.0003947887879985,84896
0.586,0.264,0.0727,0.738,0.0,0.552,54.007106198183976,108922
0.65,0.324,0.0285,0.692,0.000131,0.579,41.00539544676931,52228
0.523,0.389,0.0351,0.749,3e-06,0.539,79.01039610475063,60380
0.64,0.419,0.0337,0.704,0.0,0.527,65.0085537570733,90167
0.583,0.31,0.159,0.688,0.0,0.563,6.000789577575997,1652
0.744,0.328,0.231,0.681,0.0002,0.532,3.0003947887879985,81750
0.507,0.442,0.136,0.73,0.00583,0.515,6.000789577575997,55936
0.729,0.351,0.0341,0.507,0.166,0.573,1.0001315962626662,52835
0.522,0.416,0.0308,0.621,0.154,0.576,2.0002631925253325,58932
0.679,0.476,0.0304,0.568,0.208,0.559,1.0001315962626662,12456
0.604,0.31,0.04,0.68,0.145,0.552,1.0001315962626662,12058
0.568,0.396,0.029,0.738,0.159,0.578,5.000657981313331,64515
0.652,0.492,0.0648,0.631,0.216,0.623,2.0002631925253325,108354
0.542,0.259,0.0278,0.506,0.0,0.709,15.001973943939994,90827
0.695,0.293,0.0431,0.596,0.0158,0.637,14.001842347677327,80091
0.591,0.472,0.0276,0.579,0.0,0.747,35.00460586919332,90171
0.743,0.441,0.0462,0.611,0.00267,0.697,62.00815896828531,55142
0.616,0.359,0.157,0.59,0.0,0.696,3.0003947887879985,93689
0.564,0.437,0.161,0.616,0.0,0.747,5.000657981313331,18830
0.708,0.475,0.206,0.538,0.0,0.679,1.0001315962626662,37237
0.594,0.305,0.0482,0.718,0.0231,0.694,45.00592183181998,1247
0.738,0.369,0.0355,0.634,0.044,0.631,29.00381629161732,39462
0.502,0.49,0.068,0.641,5.66e-05,0.708,62.00815896828531,77153
0.701,0.451,0.0593,0.719,7.11e-06,0.668,70.00921173838664,112810
0.571,0.324,0.205,0.666,0.0,0.672,1.0001315962626662,87803
0.551,0.482,0.242,0.652,0.0,0.628,6.000789577575997,36183
0.696,0.46,0.15,0.658,0.0,0.717,1.0001315962626662,37785
0.533,0.372,0.0588,0.573,0.177,0.679,1.0001315962626662,108279
0.54,0.34,0.0323,0.691,0.172,0.63,1.0001315962626662,108663
0.67,0.367,0.0484,0.716,0.164,0.743,1.0001315962626662,108104
0.512,0.442,0.0588,0.714,0.13,0.636,2.0002631925253325,108259
0.715,0.496,0.0589,0.648,0.213,0.71,8.00105277010133,57594
0.503,0.847,0.0369,0.368,0.0,0.571,64.00842216081064,61633
0.729,0.765,0.0352,0.359,0.000248,0.623,54.007106198183976,61426
0.531,0.948,0.0533,0.277,2.48e-05,0.595,15.001973943939994,107746
0.689,0.883,0.0905,0.363,0.0,0.593,44.00579023555731,97776
0.611,0.819,0.231,0.343,0.0094,0.501,5.000657981313331,17285
0.71,0.848,0.194,0.322,0.0,0.572,13.001710751414661,94293
0.569,0.897,0.155,0.318,0.0,0.506,6.000789577575997,35406
0.747,0.892,0.243,0.346,2.01e-06,0.57,2.0002631925253325,5734
0.559,0.844,0.0353,0.39,0.0321,0.571,44.00579023555731,7936
0.733,0.859,0.033,0.479,0.0645,0.52,41.00539544676931,83067
0.553,0.89,0.0437,0.389,0.0,0.513,15.001973943939994,62881
0.636,0.983,0.113,0.423,0.0,0.559,7.000921173838663,100976
0.505,0.801,0.154,0.43,0.0,0.603,4.000526385050665,77990
0.638,0.846,0.227,0.388,0.0,0.587,7.000921173838663,112264
0.608,0.907,0.188,0.477,8.19e-06,0.503,4.000526385050665,18235
0.672,0.942,0.186,0.386,0.0142,0.574,2.0002631925253325,1505
0.658,0.854,0.0323,0.467,0.137,0.516,2.0002631925253325,87780
0.632,0.963,0.0584,0.448,0.173,0.576,1.0001315962626662,32548
0.545,0.818,0.0829,0.352,7.54e-06,0.741,56.00736939070931,69091
0.635,0.838,0.0595,0.262,0.000168,0.692,111.01460718515595,92618
0.512,0.937,0.0426,0.321,7.69e-06,0.67,32.00421108040532,6874
0.675,0.924,0.113,0.287,0.0,0.643,29.00381629161732,68544
0.611,0.767,0.13,0.337,0.0,0.726,11.001447558889328,77936
0.683,0.813,0.233,0.327,0.0,0.649,15.001973943939994,88977
0.62,0.911,0.177,0.266,0.0,0.698,6.000789577575997,39524
0.743,0.921,0.133,0.289,0.0064,0.686,7.000921173838663,80382
0.52,0.829,0.0806,0.386,6.2e-05,0.744,64.00842216081064,84237
0.662,0.775,0.0337,0.403,0.0,0.646,57.007500986971976,97664
0.618,0.896,0.0765,0.435,0.0,0.666,17.002237136465325,26653
0.734,0.903,0.0649,0.432,0.00569,0.712,14.001842347677327,80604
0.592,0.811,0.175,0.431,0.0,0.707,13.001710751414661,35933
0.721,0.801,0.243,0.452,0.0,0.745,11.001447558889328,97557
0.648,0.893,0.204,0.486,0.0,0.71,4.000526385050665,97782
0.541,0.793,0.0332,0.266,0.197,0.684,2.0002631925253325,7994
0.511,0.831,0.0351,0.456,0.206,0.74,1.0001315962626662,92656
0.725,0.819,0.0373,0.461,0.182,0.665,2.0002631925253325,95270
0.274,0.338,0.0338,0.563,0.000989,0.352,35.00460586919332,98287
0.456,0.344,0.0298,0.565,9.19e-06,0.359,32.00421108040532,63372
0.329,0.45,0.0405,0.594,0.0,0.284,35.00460586919332,80181
0.494,0.45,0.0687,0.622,0.0,0.368,53.00697460192131,3176
0.328,0.282,0.0295,0.729,0.00723,0.371,25.003289906566657,40661
0.392,0.253,0.0354,0.746,0.0,0.368,99.01302803000395,973
0.372,0.426,0.0339,0.687,0.00784,0.287,56.00736939070931,65551
0.431,0.377,0.0288,0.749,0.0,0.353,126.01658112909594,99514
0.428,0.3,0.157,0.638,5.18e-05,0.278,3.0003947887879985,9720
0.469,0.473,0.169,0.691,0.000739,0.361,7.000921173838663,36954
0.291,0.253,0.0368,0.749,0.13,0.263,2.0002631925253325,108482
0.453,0.316,0.0498,0.684,0.217,0.279,3.0003947887879985,54260
0.394,0.408,0.0264,0.657,0.188,0.276,1.0001315962626662,61463
0.314,0.252,0.0487,0.587,0.000803,0.418,20.002631925253326,7120
0.48,0.296,0.0681,0.621,0.0041,0.396,14.001842347677327,104879
0.345,0.418,0.027,0.605,0.00234,0.462,16.00210554020266,63597
0.445,0.468,0.0702,0.524,0.000849,0.444,51.006711409395976,103408
0.441,0.498,0.141,0.546,6.02e-05,0.429,2.0002631925253325,84490
0.365,0.338,0.0322,0.735,0.0,0.446,15.001973943939994,102729
0.428,0.34,0.0489,0.718,0.0,0.381,28.003684695354654,108204
0.363,0.448,0.0348,0.716,0.0,0.424,19.00250032899066,65512
0.466,0.394,0.0461,0.722,0.0,0.46,68.0089485458613,98421
0.493,0.481,0.15,0.634,0.0,0.457,1.0001315962626662,103907
0.368,0.28,0.0323,0.522,0.132,0.408,1.0001315962626662,84706
0.29,0.465,0.0322,0.581,0.184,0.412,3.0003947887879985,41066
0.498,0.467,0.0431,0.559,0.224,0.404,2.0002631925253325,38603
0.404,0.266,0.0334,0.716,0.133,0.491,3.0003947887879985,92177
0.349,0.267,0.0338,0.829,0.0,0.11,34.00447427293065,76482
0.376,0.313,0.0304,0.802,0.0,0.106,15.001973943939994,98576
0.34,0.377,0.03,0.865,0.0,0.0625,14.001842347677327,98233
0.42,0.44,0.0271,0.806,0.000142,0.121,15.001973943939994,12879
0.351,0.296,0.0333,0.934,0.0,0.12,30.00394788787999,81053
0.39,0.351,0.039,0.989,0.000485,0.116,15.001973943939994,93426
0.266,0.416,0.0454,0.959,0.00103,0.113,3.0003947887879985,93042
0.395,0.382,0.0329,0.918,1.96e-05,0.0582,2.0002631925253325,91472
0.287,0.371,0.146,0.982,0.0202,0.0327,2.0002631925253325,75939
0.482,0.281,0.134,0.913,0.108,0.0537,8.00105277010133,15262
0.456,0.285,0.0303,0.851,0.152,0.0501,3.0003947887879985,4281
0.489,0.447,0.0422,0.777,0.222,0.122,1.0001315962626662,15287
0.282,0.273,0.037,0.956,0.215,0.101,6.000789577575997,4861
0.424,0.362,0.0402,0.974,0.18,0.123,2.0002631925253325,57826
0.251,0.39,0.0307,0.882,0.143,0.0567,1.0001315962626662,75220
0.332,0.298,0.0569,0.875,0.00784,0.243,101.01329122252929,215
0.497,0.278,0.0464,0.792,0.0,0.237,137.01802868798526,99624
0.316,0.413,0.0334,0.856,0.00245,0.245,34.00447427293065,472
0.439,0.458,0.0369,0.773,1.34e-05,0.166,75.00986971969996,98566
0.493,0.322,0.205,0.774,0.0,0.194,3.0003947887879985,98394
0.348,0.477,0.188,0.785,0.0,0.181,1.0001315962626662,15305
0.434,0.469,0.166,0.808,0.000212,0.14,1.0001315962626662,111164
0.362,0.265,0.0355,0.94,0.0,0.224,85.01118568232663,91675
0.391,0.286,0.0398,0.886,0.0,0.186,64.00842216081064,90343
0.263,0.404,0.0393,0.926,0.00531,0.226,30.00394788787999,93626
0.484,0.376,0.0555,0.878,0.00018,0.225,17.002237136465325,104644
0.34,0.362,0.192,0.968,0.0,0.133,1.0001315962626662,93811
0.452,0.267,0.0407,0.856,0.129,0.148,3.0003947887879985,34047
0.282,0.438,0.0503,0.863,0.225,0.197,3.0003947887879985,26365
0.378,0.405,0.0313,0.756,0.226,0.212,1.0001315962626662,75719
0.275,0.317,0.0435,0.947,0.21,0.193,5.000657981313331,98743
0.48,0.303,0.0302,0.949,0.196,0.192,5.000657981313331,11517
0.593,0.333,0.046,0.358,0.0,0.258,15.001973943939994,38210
0.627,0.363,0.0291,0.279,0.0,0.301,20.002631925253326,10
0.536,0.399,0.0331,0.351,0.0,0.251,100.01315962626663,63808
0.649,0.379,0.0363,0.294,0.0,0.355,43.00565863929465,69593
0.729,0.339,0.129,0.298,4.89e-05,0.375,1.0001315962626662,55674
0.545,0.485,0.151,0.3,0.00137,0.341,12.001579155151994,11175
0.723,0.458,0.17,0.256,0.0,0.357,1.0001315962626662,69958
0.519,0.371,0.0491,0.485,5.37e-06,0.367,40.00526385050665,112162
0.644,0.34,0.027,0.491,0.0,0.298,11.001447558889328,937
0.603,0.479,0.0468,0.462,2.57e-05,0.326,77.0101329122253,70792
0.639,0.5,0.0335,0.408,0.0,0.294,42.00552704303198,12549
0.54,0.373,0.129,0.491,0.0116,0.325,2.0002631925253325,15400
0.698,0.358,0.151,0.396,0.0,0.3,4.000526385050665,87902
0.542,0.457,0.166,0.426,0.0,0.304,4.000526385050665,60376
0.68,0.428,0.135,0.376,0.000344,0.334,5.000657981313331,102201
0.609,0.471,0.0262,0.26,0.23,0.33,1.0001315962626662,8852
0.72,0.487,0.0322,0.373,0.161,0.265,1.0001315962626662,23149
0.645,0.324,0.0759,0.443,0.14,0.32,3.0003947887879985,94680
0.63,0.418,0.0254,0.483,0.15,0.345,1.0001315962626662,56716
0.584,0.284,0.0409,0.305,0.000903,0.386,19.00250032899066,8862
0.716,0.369,0.0468,0.353,0.0,0.389,10.001315962626663,15572
0.606,0.441,0.0272,0.326,0.0128,0.455,77.0101329122253,99520
0.635,0.421,0.106,0.342,0.0,0.498,51.006711409395976,37918
0.749,0.34,0.183,0.265,1.25e-05,0.431,2.0002631925253325,8615
0.704,0.486,0.193,0.36,0.0,0.415,1.0001315962626662,1892
0.601,0.308,0.0312,0.377,3.28e-05,0.394,26.003421502829323,12924
0.716,0.329,0.037,0.402,0.00185,0.434,10.001315962626663,12211
0.525,0.48,0.0309,0.48,0.0,0.381,65.0085537570733,70364
0.649,0.461,0.0449,0.442,0.0,0.487,55.007237794446645,15063
0.53,0.45,0.168,0.393,0.0,0.412,7.000921173838663,15951
0.695,0.49,0.133,0.475,0.0,0.4,3.0003947887879985,36744
0.532,0.462,0.03,0.279,0.196,0.485,2.0002631925253325,38079
0.702,0.425,0.09,0.266,0.243,0.376,2.0002631925253325,15912
0.737,0.373,0.0438,0.381,0.195,0.38,1.0001315962626662,23904
0.727,0.423,0.0532,0.398,0.146,0.379,2.0002631925253325,112669
0.569,0.123,0.06,0.789,1.14e-05,0.31,7.000921173838663,14542
0.723,0.0811,0.0631,0.779,0.0,0.36,3.0003947887879985,64919
0.594,0.207,0.0335,0.862,0.0346,0.288,55.007237794446645,82279
0.681,0.168,0.0291,0.793,0.000134,0.29,26.003421502829323,240
0.716,0.171,0.229,0.821,0.0,0.367,1.0001315962626662,97108
0.507,0.0859,0.0342,0.933,1.14e-06,0.282,65.0085537570733,70454
0.747,0.0926,0.0308,0.921,0.0,0.328,14.001842347677327,823
0.567,0.211,0.0315,0.952,5.24e-05,0.289,120.01579155151995,81249
0.689,0.203,0.0337,0.891,0.0,0.335,58.00763258323464,70459
0.557,0.0989,0.153,0.972,5.2e-05,0.292,9.001184366363995,93570
0.646,0.116,0.187,0.884,0.0,0.334,1.0001315962626662,26096
0.561,0.194,0.159,0.886,9.91e-06,0.306,4.000526385050665,36335
0.664,0.146,0.197,0.993,0.0,0.329,1.0001315962626662,108957
0.611,0.222,0.0287,0.954,0.184,0.355,1.0001315962626662,64987
0.506,0.12,0.049,0.795,5.07e-06,0.394,3.0003947887879985,12587
0.725,0.12,0.0436,0.812,2.92e-06,0.457,6.000789577575997,111489
0.578,0.182,0.0444,0.825,5e-06,0.477,74.0097381234373,87291
0.638,0.23,0.056,0.777,0.0,0.412,37.00486906171865,94675
0.613,0.136,0.243,0.782,0.0,0.462,4.000526385050665,98873
0.667,0.25,0.217,0.757,0.0,0.412,1.0001315962626662,7209
0.564,0.114,0.0379,0.914,2.41e-05,0.473,46.006053428082645,106482
0.692,0.107,0.0463,0.967,0.0,0.377,14.001842347677327,102209
0.592,0.205,0.048,0.896,5.46e-05,0.378,92.01210685616529,84277
0.667,0.222,0.0294,0.913,0.0,0.428,38.00500065798132,64946
0.726,0.125,0.143,0.983,0.0,0.486,1.0001315962626662,108774
0.574,0.147,0.146,0.986,2.7e-06,0.38,3.0003947887879985,93918
0.717,0.153,0.144,0.983,0.00992,0.456,4.000526385050665,108385
0.613,0.105,0.0445,0.875,0.156,0.473,1.0001315962626662,108816
0.662,0.246,0.0341,0.84,0.169,0.392,1.0001315962626662,34306
0.506,0.0336,0.042,0.959,0.146,0.386,2.0002631925253325,16198
0.686,0.0317,0.0703,0.917,0.169,0.398,1.0001315962626662,45681
0.541,0.22,0.108,0.993,0.152,0.439,1.0001315962626662,108134
0.682,0.179,0.0495,0.97,0.134,0.442,3.0003947887879985,79849
0.357,0.87,0.061,0.0114,0.000546,0.758,31.004079484142654,100170
0.452,0.832,0.0652,0.0766,0.0,0.852,106.01394920384261,40455
0.342,0.937,0.0951,0.00791,0.0,0.818,48.006316620607976,85533
0.484,0.896,0.0333,0.0004,0.0653,0.862,215.02829319647324,82624
0.374,0.806,0.147,0.000845,7.95e-05,0.875,1.0001315962626662,60771
0.468,0.83,0.14,0.000524,0.00521,0.847,6.000789577575997,84849
0.335,0.898,0.14,0.022,6.48e-06,0.806,5.000657981313331,96800
0.435,0.986,0.16,0.00756,0.0,0.856,12.001579155151994,100815
0.484,0.782,0.0252,0.149,0.004,0.753,32.00421108040532,34945
0.332,0.889,0.0509,0.173,4.73e-06,0.87,1.0001315962626662,82913
0.459,0.916,0.0455,0.186,0.00681,0.825,15.001973943939994,104190
0.495,0.938,0.209,0.126,0.0,0.766,3.0003947887879985,39374
0.406,0.813,0.0467,0.0687,0.186,0.816,3.0003947887879985,7588
0.315,0.958,0.034,0.000118,0.145,0.791,8.00105277010133,86734
0.457,0.902,0.0313,2.17e-05,0.196,0.834,5.000657981313331,44499
0.312,0.859,0.0709,0.00073,0.0176,0.883,7.000921173838663,82341
0.493,0.849,0.0622,0.00368,9.71e-05,0.888,42.00552704303198,92922
0.365,0.887,0.0417,0.00272,2.18e-05,0.916,8.00105277010133,38163
0.486,0.903,0.0712,0.0414,2.33e-05,0.943,66.00868535333598,14705
0.427,0.808,0.191,0.00191,0.000797,0.903,3.0003947887879985,100932
0.351,0.9,0.131,0.00732,0.000144,0.899,3.0003947887879985,82277
0.497,0.931,0.126,0.0832,0.0,0.95,4.000526385050665,74043
0.337,0.857,0.0662,0.188,3.22e-05,0.96,2.0002631925253325,90442
0.5,0.764,0.0626,0.168,0.0,0.966,9.001184366363995,794
0.357,0.898,0.0444,0.177,0.0,0.961,1.0001315962626662,7144
0.469,0.882,0.0585,0.153,0.0,0.967,6.000789577575997,92298
0.489,0.824,0.137,0.162,2.15e-06,0.917,1.0001315962626662,65289
0.467,0.885,0.0332,0.0063,0.153,0.91,2.0002631925253325,100294
0.554,0.801,0.0613,0.614,0.0,0.776,43.00565863929465,77243
0.715,0.799,0.0378,0.52,2.86e-06,0.762,70.00921173838664,97048
0.589,0.885,0.035,0.545,0.0,0.831,17.002237136465325,81435
0.707,0.957,0.0518,0.517,4.57e-05,0.868,25.003289906566657,35201
0.592,0.853,0.163,0.548,0.0,0.775,5.000657981313331,96446
0.662,0.785,0.203,0.614,0.0,0.797,11.001447558889328,89886
0.557,0.898,0.25,0.551,0.0,0.827,7.000921173838663,47232
0.644,0.903,0.154,0.505,0.0,0.8,4.000526385050665,12235
0.56,0.849,0.0306,0.66,1.19e-05,0.771,37.00486906171865,38196
0.72,0.825,0.0424,0.689,0.0,0.789,31.004079484142654,33117
0.624,0.928,0.0954,0.654,0.0,0.788,13.001710751414661,97903
0.631,0.925,0.0761,0.627,3.66e-06,0.799,12.001579155151994,78898
0.613,0.841,0.131,0.686,0.0,0.81,4.000526385050665,97989
0.657,0.821,0.232,0.686,0.0,0.823,10.001315962626663,94390
0.544,0.911,0.204,0.661,0.0,0.851,5.000657981313331,692
0.724,0.886,0.128,0.669,0.0,0.87,2.0002631925253325,77993
0.625,0.783,0.0387,0.615,0.0,0.935,38.00500065798132,90625
0.666,0.868,0.0571,0.591,1.2e-06,0.967,93.01223845242797,35839
0.524,0.883,0.102,0.536,0.0,0.882,16.00210554020266,77659
0.643,0.905,0.0476,0.551,0.0,0.892,38.00500065798132,97704
0.507,0.752,0.19,0.52,0.0,0.953,4.000526385050665,51958
0.712,0.776,0.213,0.541,2.17e-06,0.96,4.000526385050665,80413
0.564,0.944,0.155,0.532,0.000101,0.965,5.000657981313331,34899
0.526,0.775,0.0352,0.707,2.05e-05,0.962,45.00592183181998,102993
0.706,0.806,0.0393,0.654,6.63e-05,0.89,56.00736939070931,95115
0.546,0.878,0.0377,0.677,0.0,0.964,11.001447558889328,84011
0.688,0.925,0.0395,0.732,0.00131,0.932,21.00276352151599,92344
0.525,0.852,0.222,0.731,5.11e-05,0.884,5.000657981313331,90102
0.749,0.862,0.212,0.648,0.0,0.963,6.000789577575997,41681
0.707,0.925,0.185,0.681,0.000393,0.956,1.0001315962626662,80284
0.528,0.777,0.0329,0.519,0.227,0.964,2.0002631925253325,106439
0.696,0.769,0.0433,0.553,0.16,0.896,1.0001315962626662,1905
0.703,0.919,0.0552,0.723,0.181,0.963,1.0001315962626662,35445
0.302,0.692,0.54,0.538,0.0533,0.177,3.0003947887879985,59844
0.408,0.816,0.638,0.72,6.45e-05,0.239,1.0001315962626662,59520
0.39,0.607,0.928,0.519,0.0,0.141,2.0002631925253325,18376
0.493,0.979,0.897,0.643,0.0,0.093,23.003026714041322,18610
0.449,0.977,0.719,0.791,0.0,0.177,2.0002631925253325,18954
0.434,0.696,0.899,0.915,0.0,0.15,14.001842347677327,18709
0.427,0.785,0.938,0.878,0.0,0.0414,45.00592183181998,18631
0.462,0.917,0.574,0.734,0.0,0.367,1.0001315962626662,18796
0.493,0.608,0.907,0.686,0.0,0.327,6.000789577575997,18635
0.478,0.956,0.916,0.741,0.0,0.303,3.0003947887879985,18066
0.389,0.595,0.673,0.76,2.92e-06,0.479,1.0001315962626662,18931
0.394,0.977,0.563,0.866,0.0,0.493,6.000789577575997,18436
0.383,0.697,0.945,0.905,0.0,0.407,22.002895117778657,18447
0.474,0.943,0.881,0.826,0.0,0.39,29.00381629161732,18158
0.362,0.54,0.0528,0.338,0.0,0.3,21.00276352151599,81761
0.489,0.597,0.0292,0.27,0.0,0.324,73.00960652717464,31006
0.258,0.659,0.0596,0.253,0.0,0.272,10.001315962626663,31717
0.433,0.631,0.0318,0.284,0.0,0.334,36.00473746545598,9538
0.39,0.502,0.178,0.336,0.000138,0.289,4.000526385050665,11118
0.365,0.67,0.221,0.26,1.43e-06,0.367,1.0001315962626662,80858
0.499,0.709,0.134,0.296,0.0,0.314,3.0003947887879985,65229
0.278,0.572,0.0407,0.392,0.0,0.311,23.003026714041322,104150
0.43,0.543,0.0367,0.463,0.000523,0.354,92.01210685616529,62037
0.262,0.677,0.0528,0.447,0.0,0.365,58.00763258323464,91092
0.486,0.628,0.0285,0.466,3.13e-05,0.345,28.003684695354654,112042
0.494,0.553,0.197,0.413,4.17e-05,0.359,3.0003947887879985,57151
0.498,0.739,0.128,0.464,0.0,0.302,1.0001315962626662,33715
0.332,0.589,0.0297,0.327,0.227,0.282,1.0001315962626662,38520
0.387,0.563,0.0418,0.342,0.213,0.279,2.0002631925253325,36807
0.463,0.749,0.0834,0.255,0.24,0.326,2.0002631925253325,84608
0.315,0.554,0.0294,0.466,0.138,0.323,1.0001315962626662,7276
0.28,0.512,0.029,0.347,0.0,0.494,22.002895117778657,40345
0.47,0.513,0.0294,0.373,6.5e-06,0.477,44.00579023555731,51097
0.362,0.695,0.0489,0.274,0.0,0.466,13.001710751414661,97834
0.455,0.628,0.0272,0.31,1.85e-06,0.402,38.00500065798132,19091
0.499,0.596,0.143,0.261,0.0,0.446,2.0002631925253325,106009
0.443,0.651,0.219,0.335,0.0,0.418,2.0002631925253325,12836
0.359,0.543,0.0915,0.492,1.57e-05,0.453,21.00276352151599,81091
0.377,0.531,0.0305,0.493,0.0,0.443,49.006448216870645,87542
0.258,0.729,0.0398,0.395,0.00442,0.462,15.001973943939994,497
0.454,0.673,0.0332,0.462,0.0,0.376,41.00539544676931,70339
0.38,0.593,0.222,0.388,0.0,0.462,2.0002631925253325,98478
0.469,0.728,0.247,0.491,0.000119,0.443,3.0003947887879985,76670
0.432,0.564,0.0407,0.298,0.233,0.398,1.0001315962626662,70151
0.496,0.516,0.032,0.48,0.153,0.448,1.0001315962626662,111747
0.332,0.701,0.0936,0.464,0.203,0.491,1.0001315962626662,59480
0.371,0.773,0.034,0.000201,0.781,0.12,5.000657981313331,27728
0.387,0.809,0.0526,5.03e-05,0.831,0.0706,26.003421502829323,22603
0.327,0.929,0.0561,0.00126,0.788,0.042,33.00434267666799,49770
0.401,0.974,0.099,1.23e-06,0.863,0.115,38.00500065798132,59669
0.275,0.755,0.138,1.46e-05,0.785,0.0359,4.000526385050665,42424
0.48,0.819,0.172,0.000569,0.762,0.061,2.0002631925253325,110717
0.255,0.996,0.137,1.41e-06,0.851,0.112,19.00250032899066,42201
0.439,0.989,0.159,0.00251,0.823,0.0393,7.000921173838663,110587
0.292,0.839,0.0434,0.158,0.826,0.123,1.0001315962626662,59813
0.405,0.796,0.0399,0.22,0.803,0.0384,1.0001315962626662,54239
0.284,0.961,0.0958,0.217,0.874,0.0307,3.0003947887879985,101345
0.267,0.805,0.0392,0.0179,0.932,0.0396,9.001184366363995,54822
0.476,0.805,0.0376,0.00152,0.924,0.113,25.003289906566657,27822
0.281,0.981,0.0786,3.97e-05,0.956,0.0581,40.00526385050665,42243
0.467,0.899,0.0351,8.5e-05,0.904,0.098,69.00908014212396,49734
0.343,0.779,0.178,1.99e-05,0.915,0.0354,1.0001315962626662,59595
0.369,0.958,0.17,1.98e-05,0.935,0.0707,24.003158310303988,42408
0.439,0.99,0.142,8.57e-05,0.93,0.072,9.001184366363995,110536
0.304,0.959,0.0829,0.232,0.974,0.0623,1.0001315962626662,42911
0.437,0.954,0.0578,0.137,0.922,0.0397,3.0003947887879985,109171
0.32,0.84,0.0447,7.86e-05,0.761,0.173,13.001710751414661,72307
0.481,0.787,0.0359,0.0595,0.768,0.229,22.002895117778657,83638
0.331,0.995,0.107,6.08e-05,0.762,0.178,24.003158310303988,6168
0.495,0.917,0.0297,8.89e-05,0.847,0.203,50.006579813133314,46399
0.267,0.751,0.138,5.05e-06,0.874,0.211,2.0002631925253325,42966
0.465,0.853,0.19,0.00148,0.835,0.133,1.0001315962626662,10693
0.303,0.969,0.162,9.03e-05,0.844,0.163,13.001710751414661,6023
0.383,0.969,0.181,2.05e-05,0.779,0.189,12.001579155151994,42378
0.493,0.884,0.181,0.22,0.802,0.154,1.0001315962626662,24244
0.307,0.847,0.048,1.35e-06,0.91,0.159,18.00236873272799,6489
0.42,0.782,0.0555,0.0179,0.922,0.191,17.002237136465325,5511
0.305,0.893,0.048,0.000746,0.914,0.173,40.00526385050665,5793
0.497,0.982,0.0735,0.00322,0.896,0.238,37.00486906171865,46987
0.318,0.792,0.231,0.0154,0.951,0.151,1.0001315962626662,59831
0.418,0.831,0.14,0.00305,0.953,0.144,1.0001315962626662,42860
0.293,0.955,0.132,0.018,0.895,0.219,15.001973943939994,110989
0.436,0.992,0.156,4.81e-05,0.901,0.207,10.001315962626663,42558
0.401,0.915,0.114,0.19,0.904,0.239,1.0001315962626662,54696
0.356,0.885,0.133,0.172,0.913,0.19,1.0001315962626662,54797
0.276,0.263,0.0372,0.609,0.0,0.0997,21.00276352151599,113260
0.43,0.303,0.0665,0.552,0.0984,0.0398,9.001184366363995,32111
0.254,0.401,0.037,0.519,0.0,0.0997,8.00105277010133,93055
0.455,0.4,0.0293,0.546,0.0,0.103,26.003421502829323,19724
0.252,0.304,0.0363,0.713,0.0109,0.0893,20.002631925253326,93776
0.393,0.277,0.0314,0.7,0.0,0.123,22.002895117778657,91729
0.351,0.449,0.033,0.672,0.0,0.116,8.00105277010133,70486
0.416,0.483,0.0427,0.734,0.00441,0.124,14.001842347677327,29881
0.381,0.358,0.0365,0.524,0.169,0.036,1.0001315962626662,84169
0.322,0.378,0.0304,0.512,0.22,0.107,1.0001315962626662,5330
0.451,0.422,0.0433,0.512,0.162,0.119,2.0002631925253325,36070
0.351,0.467,0.13,0.721,0.223,0.0279,1.0001315962626662,111880
0.348,0.364,0.0333,0.52,0.0,0.13,28.003684695354654,29788
0.462,0.318,0.0262,0.584,0.0,0.24,51.006711409395976,43534
0.326,0.429,0.0358,0.51,7.85e-06,0.148,34.00447427293065,9026
0.474,0.408,0.0332,0.603,2.77e-05,0.238,73.00960652717464,368
0.468,0.462,0.127,0.514,4.14e-06,0.161,1.0001315962626662,80903
0.28,0.344,0.0293,0.715,0.00642,0.232,47.006185024345314,99675
0.399,0.33,0.0285,0.722,4.26e-06,0.163,75.00986971969996,12616
0.341,0.378,0.0632,0.741,0.00142,0.221,47.006185024345314,98326
0.48,0.385,0.031,0.689,0.0,0.219,88.01158047111463,98668
0.454,0.447,0.171,0.687,0.0,0.206,4.000526385050665,76322
0.447,0.351,0.0513,0.555,0.127,0.207,1.0001315962626662,12529
0.455,0.442,0.0791,0.53,0.131,0.228,3.0003947887879985,32794
0.351,0.269,0.0579,0.654,0.182,0.17,2.0002631925253325,106734
0.474,0.319,0.0394,0.674,0.222,0.203,2.0002631925253325,54076
0.544,0.851,0.0365,4.16e-06,0.756,0.369,19.00250032899066,10422
0.739,0.798,0.0839,0.00195,0.85,0.34,33.00434267666799,23543
0.585,0.946,0.0627,3.04e-05,0.854,0.327,42.00552704303198,17421
0.636,0.988,0.0485,0.0344,0.863,0.323,42.00552704303198,61674
0.708,0.779,0.2,0.0658,0.869,0.3,2.0002631925253325,24565
0.594,0.939,0.17,0.000143,0.827,0.369,5.000657981313331,17738
0.687,0.982,0.223,0.00951,0.856,0.343,3.0003947887879985,10757
0.722,0.786,0.0577,0.169,0.758,0.361,2.0002631925253325,54503
0.577,0.929,0.0437,0.226,0.845,0.353,2.0002631925253325,110324
0.711,0.907,0.0439,0.192,0.851,0.285,5.000657981313331,54634
0.529,0.87,0.052,0.0173,0.901,0.261,17.002237136465325,73716
0.627,0.842,0.0375,0.000832,0.898,0.309,26.003421502829323,58246
0.594,0.935,0.0762,0.000507,0.881,0.358,39.00513225424398,24356
0.643,0.943,0.0338,0.000122,0.907,0.31,33.00434267666799,73249
0.633,0.785,0.179,0.0476,0.917,0.316,1.0001315962626662,10977
0.593,0.957,0.156,0.0392,0.967,0.341,1.0001315962626662,109787
0.693,0.997,0.158,0.0654,0.923,0.359,1.0001315962626662,46957
0.66,0.837,0.0294,0.242,0.876,0.302,2.0002631925253325,32690
0.582,0.999,0.0778,0.169,0.907,0.369,2.0002631925253325,49582
0.728,0.993,0.086,0.226,0.917,0.279,2.0002631925253325,24769
0.577,0.775,0.0354,6.72e-05,0.828,0.413,18.00236873272799,111984
0.698,0.831,0.0538,0.00206,0.819,0.453,24.003158310303988,27118
0.546,0.966,0.0961,0.0141,0.87,0.424,55.007237794446645,58560
0.677,0.946,0.0516,0.000187,0.875,0.388,42.00552704303198,24655
0.529,0.978,0.126,0.000399,0.863,0.402,8.00105277010133,27468
0.589,0.923,0.0391,0.126,0.838,0.399,1.0001315962626662,54591
0.689,0.964,0.0715,0.148,0.838,0.462,4.000526385050665,13501
0.621,0.861,0.0439,0.000182,0.9,0.484,17.002237136465325,24222
0.707,0.86,0.033,0.00324,0.901,0.387,17.002237136465325,13604
0.501,0.993,0.0802,0.00473,0.902,0.451,18.00236873272799,49207
0.644,0.913,0.0559,0.00656,0.883,0.45,23.003026714041322,10719
0.544,0.937,0.171,0.00279,0.888,0.485,1.0001315962626662,27314
0.722,0.878,0.164,8.35e-05,0.901,0.442,2.0002631925253325,46851
0.689,0.842,0.0488,0.133,0.903,0.429,3.0003947887879985,24251
0.606,0.897,0.0448,0.176,0.882,0.393,1.0001315962626662,111401
0.719,0.959,0.0573,0.154,0.885,0.482,2.0002631925253325,32981
0.321,0.592,0.0451,0.0323,0.0,0.557,15.001973943939994,26265
0.447,0.573,0.0303,0.0799,0.000111,0.562,37.00486906171865,25539
0.287,0.716,0.0311,0.0381,3.24e-05,0.544,23.003026714041322,47817
0.385,0.728,0.123,0.0845,0.0,0.577,114.01500197394395,112713
0.477,0.576,0.149,0.102,8.74e-05,0.625,1.0001315962626662,43631
0.493,0.658,0.226,0.0317,0.00014,0.528,5.000657981313331,66265
0.358,0.624,0.0281,0.224,0.0,0.567,12.001579155151994,7170
0.479,0.506,0.0333,0.245,6.08e-06,0.552,24.003158310303988,34941
0.334,0.71,0.0483,0.238,0.0,0.565,12.001579155151994,97449
0.5,0.748,0.0363,0.127,0.0,0.514,49.006448216870645,91764
0.457,0.716,0.208,0.173,4.7e-06,0.548,1.0001315962626662,88883
0.312,0.562,0.0298,0.123,0.165,0.513,9.001184366363995,19595
0.493,0.516,0.0295,0.00072,0.229,0.621,1.0001315962626662,107808
0.373,0.7,0.0468,0.0827,0.131,0.537,1.0001315962626662,7080
0.379,0.705,0.0794,0.00132,0.194,0.502,1.0001315962626662,54986
0.266,0.574,0.176,0.000104,0.137,0.542,1.0001315962626662,18115
0.37,0.631,0.0919,0.168,0.169,0.506,1.0001315962626662,50698
0.362,0.614,0.0961,0.107,0.0012,0.664,5.000657981313331,8912
0.402,0.552,0.0258,0.028,1.36e-05,0.668,22.002895117778657,11179
0.342,0.731,0.0545,0.0675,6.24e-05,0.665,21.00276352151599,739
0.481,0.662,0.0437,0.0774,0.00393,0.632,89.01171206737729,5646
0.402,0.58,0.245,0.0284,0.00113,0.708,3.0003947887879985,17451
0.321,0.65,0.176,0.104,0.0,0.662,1.0001315962626662,60648
0.434,0.744,0.194,0.111,0.0,0.668,4.000526385050665,85509
0.346,0.605,0.0794,0.188,0.0,0.747,14.001842347677327,62291
0.482,0.624,0.0325,0.219,0.0,0.665,11.001447558889328,7571
0.367,0.671,0.0478,0.222,0.0,0.691,4.000526385050665,62368
0.406,0.717,0.0319,0.154,1.06e-06,0.702,24.003158310303988,34903
0.474,0.61,0.217,0.144,1.96e-06,0.689,1.0001315962626662,104757
0.423,0.705,0.148,0.126,0.0,0.718,2.0002631925253325,106710
0.396,0.601,0.034,0.00493,0.136,0.649,1.0001315962626662,38870
0.329,0.678,0.0344,0.103,0.168,0.672,1.0001315962626662,84828
0.392,0.741,0.0368,0.000297,0.248,0.643,1.0001315962626662,48899
0.756,0.52,0.0661,0.354,0.000297,0.797,30.00394788787999,21496
0.9,0.522,0.0371,0.313,4.37e-06,0.784,2.0002631925253325,9309
0.789,0.744,0.0414,0.281,0.0,0.783,51.006711409395976,81025
0.891,0.707,0.106,0.322,0.0,0.874,4.000526385050665,66382
0.841,0.529,0.153,0.337,0.0,0.87,9.001184366363995,37316
0.918,0.546,0.248,0.309,0.0,0.818,1.0001315962626662,33772
0.849,0.694,0.13,0.331,0.000136,0.775,12.001579155151994,21256
0.918,0.673,0.184,0.314,0.0,0.828,8.00105277010133,51012
0.788,0.619,0.0431,0.419,0.0,0.874,39.00513225424398,62236
0.911,0.565,0.0718,0.429,0.0,0.751,6.000789577575997,21710
0.861,0.701,0.0606,0.445,0.0,0.846,44.00579023555731,21214
0.911,0.666,0.0415,0.44,0.000423,0.86,4.000526385050665,14892
0.798,0.625,0.13,0.383,3.33e-05,0.774,45.00592183181998,67671
0.812,0.666,0.131,0.419,0.103,0.795,7.000921173838663,27953
0.906,0.677,0.215,0.437,0.0272,0.869,1.0001315962626662,15806
0.927,0.525,0.0667,0.274,0.238,0.778,1.0001315962626662,103872
0.823,0.544,0.0358,0.389,0.165,0.826,2.0002631925253325,56556
0.872,0.584,0.054,0.27,0.0,0.913,35.00460586919332,89885
0.889,0.602,0.0745,0.374,3.75e-05,0.886,6.000789577575997,36793
0.762,0.742,0.0367,0.288,0.000145,0.912,63.00829056454797,21435
0.9,0.655,0.0746,0.346,0.0,0.885,17.002237136465325,88827
0.848,0.579,0.145,0.256,1.58e-06,0.961,4.000526385050665,55306
0.838,0.643,0.128,0.342,0.0,0.899,7.000921173838663,14174
0.941,0.697,0.2,0.328,0.0,0.911,1.0001315962626662,60430
0.776,0.513,0.0358,0.405,0.0,0.903,21.00276352151599,112479
0.915,0.527,0.0465,0.465,0.0,0.967,3.0003947887879985,14624
0.804,0.709,0.0409,0.384,0.0,0.923,56.00736939070931,11515
0.901,0.709,0.048,0.426,0.0156,0.903,6.000789577575997,69058
0.772,0.536,0.136,0.451,0.000224,0.92,2.0002631925253325,14795
0.919,0.512,0.237,0.388,0.00289,0.903,1.0001315962626662,66616
0.806,0.708,0.147,0.436,0.0,0.891,5.000657981313331,14575
0.906,0.627,0.132,0.473,0.0,0.934,1.0001315962626662,28836
0.784,0.713,0.0339,0.447,0.14,0.97,1.0001315962626662,25518
0.837,0.598,0.181,0.391,0.238,0.983,3.0003947887879985,28345
0.526,0.365,0.028,0.0775,1.37e-05,0.254,13.001710751414661,91371
0.664,0.328,0.0278,0.101,0.0107,0.337,15.001973943939994,74917
0.525,0.479,0.0299,0.0495,0.0,0.359,60.00789577575998,12191
0.746,0.45,0.0873,0.0407,0.0,0.336,36.00473746545598,31514
0.722,0.335,0.136,0.12,0.0,0.266,1.0001315962626662,81454
0.596,0.473,0.218,0.0273,0.0,0.365,10.001315962626663,103013
0.692,0.488,0.135,0.0508,0.0,0.299,7.000921173838663,51019
0.558,0.364,0.0502,0.169,9.94e-05,0.252,10.001315962626663,103254
0.666,0.35,0.0389,0.204,0.00437,0.272,7.000921173838663,55855
0.598,0.447,0.0404,0.224,0.0,0.365,82.01079089353863,64569
0.639,0.401,0.0248,0.167,0.0,0.297,33.00434267666799,70722
0.571,0.309,0.247,0.201,0.00885,0.294,2.0002631925253325,59320
0.708,0.36,0.142,0.195,0.0,0.349,1.0001315962626662,15573
0.513,0.46,0.139,0.183,0.00125,0.32,4.000526385050665,33828
0.728,0.439,0.143,0.193,0.0,0.34,3.0003947887879985,94227
0.595,0.416,0.11,0.0184,0.143,0.34,2.0002631925253325,105206
0.628,0.473,0.041,0.0355,0.146,0.303,7.000921173838663,84818
0.538,0.323,0.0456,0.13,0.245,0.312,1.0001315962626662,111892
0.519,0.413,0.0251,0.205,0.152,0.267,2.0002631925253325,84105
0.559,0.345,0.0459,0.0576,0.000105,0.458,5.000657981313331,37255
0.723,0.318,0.0342,0.0229,2.09e-06,0.439,4.000526385050665,90810
0.507,0.472,0.0261,7.66e-05,4.56e-05,0.446,29.00381629161732,70651
0.725,0.444,0.0827,0.000343,0.00181,0.406,45.00592183181998,13611
0.666,0.418,0.197,0.00477,0.00777,0.39,7.000921173838663,27131
0.602,0.325,0.0264,0.241,0.0,0.401,8.00105277010133,77903
0.639,0.368,0.048,0.245,0.0,0.415,5.000657981313331,80294
0.559,0.413,0.029,0.134,0.0,0.385,38.00500065798132,113298
0.651,0.488,0.0316,0.212,0.026,0.49,38.00500065798132,84288
0.512,0.323,0.226,0.208,0.0,0.434,2.0002631925253325,15435
0.604,0.406,0.213,0.154,0.0,0.486,1.0001315962626662,55840
0.648,0.45,0.167,0.134,7.31e-05,0.472,6.000789577575997,51451
0.749,0.381,0.0666,0.000949,0.22,0.496,6.000789577575997,66810
0.734,0.42,0.028,0.188,0.242,0.462,3.0003947887879985,25800
0.516,0.342,0.0425,0.55,0.0,0.0993,20.002631925253326,20390
0.632,0.339,0.0337,0.546,0.0,0.0969,4.000526385050665,20356
0.534,0.441,0.0362,0.525,0.0,0.113,14.001842347677327,99617
0.635,0.385,0.0439,0.625,0.0,0.0995,4.000526385050665,94625
0.606,0.36,0.184,0.509,9.55e-05,0.0391,1.0001315962626662,33200
0.527,0.308,0.0359,0.699,0.0021,0.0397,22.002895117778657,94965
0.657,0.355,0.0714,0.694,0.000427,0.0808,1.0001315962626662,31569
0.501,0.407,0.0301,0.633,0.000198,0.0922,24.003158310303988,79877
0.697,0.428,0.0606,0.735,0.00353,0.093,5.000657981313331,8571
0.72,0.374,0.036,0.605,0.23,0.101,1.0001315962626662,32900
0.519,0.389,0.0304,0.514,0.153,0.107,2.0002631925253325,111127
0.57,0.334,0.031,0.695,0.226,0.124,2.0002631925253325,38652
0.508,0.299,0.0261,0.502,0.0,0.137,40.00526385050665,85580
0.663,0.308,0.0577,0.613,0.00403,0.146,20.002631925253326,15499
0.576,0.456,0.0267,0.584,2.68e-05,0.21,64.00842216081064,19169
0.632,0.391,0.0269,0.509,3.69e-05,0.221,25.003289906566657,43798
0.7,0.357,0.142,0.536,0.0,0.129,2.0002631925253325,74552
0.516,0.459,0.163,0.528,1.39e-05,0.184,1.0001315962626662,15560
0.661,0.409,0.204,0.59,0.000929,0.128,2.0002631925253325,94722
0.51,0.306,0.0305,0.687,0.0,0.23,72.00947493091196,99388
0.681,0.292,0.0483,0.743,0.0,0.162,31.004079484142654,31026
0.524,0.489,0.0347,0.73,1.1e-05,0.233,81.01065929727596,40208
0.661,0.481,0.0294,0.662,0.0791,0.154,25.003289906566657,34381
0.578,0.299,0.181,0.702,0.0,0.147,1.0001315962626662,98870
0.699,0.355,0.244,0.737,4.09e-06,0.188,2.0002631925253325,33905
0.618,0.492,0.173,0.693,3.8e-05,0.171,4.000526385050665,54231
0.532,0.342,0.0923,0.515,0.228,0.239,3.0003947887879985,62521
0.504,0.488,0.026,0.544,0.24,0.234,1.0001315962626662,75760
0.632,0.473,0.0532,0.593,0.226,0.151,1.0001315962626662,12315
0.549,0.432,0.0295,0.655,0.227,0.229,3.0003947887879985,56511
0.363,0.355,0.0363,0.775,0.0,0.557,10.001315962626663,98766
0.426,0.305,0.0365,0.863,0.0,0.537,62.00815896828531,8700
0.368,0.431,0.0574,0.758,8.97e-06,0.569,7.000921173838663,103637
0.447,0.393,0.038,0.785,0.0,0.564,47.006185024345314,53
0.348,0.333,0.156,0.843,0.0,0.505,1.0001315962626662,108498
0.452,0.358,0.17,0.819,0.0,0.571,2.0002631925253325,93165
0.471,0.467,0.211,0.82,0.0,0.537,2.0002631925253325,98731
0.346,0.303,0.0362,0.961,5.55e-06,0.531,10.001315962626663,93317
0.479,0.285,0.0327,0.942,0.0437,0.618,37.00486906171865,990
0.285,0.471,0.0319,0.918,0.0,0.589,4.000526385050665,26689
0.396,0.465,0.0369,0.954,7.37e-05,0.574,34.00447427293065,108904
0.481,0.335,0.223,0.977,0.000142,0.514,3.0003947887879985,15720
0.375,0.386,0.196,0.989,0.0328,0.512,1.0001315962626662,93597
0.494,0.382,0.191,0.971,2.37e-06,0.512,4.000526385050665,26339
0.433,0.307,0.0475,0.992,0.174,0.536,5.000657981313331,93347
0.336,0.453,0.038,0.95,0.155,0.599,1.0001315962626662,93239
0.486,0.423,0.031,0.92,0.191,0.611,1.0001315962626662,108659
0.355,0.29,0.0508,0.758,0.0201,0.636,3.0003947887879985,16993
0.401,0.368,0.0452,0.822,0.0,0.681,57.007500986971976,64133
0.369,0.499,0.0448,0.829,1.75e-06,0.69,30.00394788787999,64666
0.482,0.418,0.042,0.847,1.43e-06,0.686,63.00829056454797,14092
0.464,0.284,0.232,0.763,0.0,0.702,4.000526385050665,12528
0.337,0.27,0.0319,0.966,0.0,0.668,6.000789577575997,52724
0.437,0.346,0.0551,0.96,0.0,0.687,27.003553099091988,93740
0.363,0.43,0.0468,0.9,0.0128,0.736,2.0002631925253325,69777
0.476,0.391,0.0455,0.931,0.000678,0.681,25.003289906566657,16084
0.487,0.293,0.165,0.983,0.00676,0.691,2.0002631925253325,54921
0.464,0.443,0.147,0.887,7.95e-06,0.689,2.0002631925253325,90514
0.343,0.399,0.0533,0.991,0.136,0.731,2.0002631925253325,16404
0.492,0.387,0.0694,0.905,0.157,0.679,2.0002631925253325,108790
0.0697,0.816,0.0803,8.74e-06,0.833,0.0387,2.0002631925253325,6319
0.153,0.848,0.0949,1.2e-05,0.85,0.0408,7.000921173838663,6502
0.0758,0.994,0.118,1.92e-06,0.814,0.0732,8.00105277010133,6721
0.168,0.95,0.104,0.000338,0.851,0.0559,53.00697460192131,6128
0.0728,0.873,0.127,0.000941,0.755,0.0375,1.0001315962626662,6377
0.166,0.845,0.129,0.0029,0.846,0.0294,1.0001315962626662,6397
0.112,0.944,0.153,0.000139,0.817,0.0342,3.0003947887879985,6190
0.24,0.967,0.132,4.08e-06,0.778,0.0659,36.00473746545598,42699
0.149,0.868,0.0767,0.191,0.865,0.0494,1.0001315962626662,59225
0.0903,0.988,0.0544,0.159,0.849,0.0103,2.0002631925253325,101094
0.249,0.995,0.0722,0.178,0.819,0.00984,1.0001315962626662,113768
0.228,0.911,0.169,0.175,0.873,0.121,1.0001315962626662,6963
0.106,0.804,0.0734,3.25e-06,0.908,0.112,8.00105277010133,6110
0.17,0.847,0.0679,1.01e-06,0.999,0.0394,18.00236873272799,101368
0.0762,0.989,0.0625,0.00517,0.985,0.00392,19.00250032899066,101839
0.22,0.998,0.102,1.34e-06,0.888,0.0331,62.00815896828531,42414
0.167,0.802,0.129,1.62e-06,0.929,0.022,2.0002631925253325,101055
0.109,0.985,0.161,1.06e-06,0.89,0.0795,5.000657981313331,6484
0.129,0.955,0.136,5.84e-05,0.923,0.0341,45.00592183181998,6831
0.175,0.807,0.0512,0.173,0.999,0.0325,3.0003947887879985,101736
0.114,0.949,0.0634,0.149,0.965,1e-05,13.001710751414661,101099
0.239,0.994,0.046,0.167,0.932,0.0148,24.003158310303988,101847
0.176,0.994,0.174,0.139,0.973,0.0158,2.0002631925253325,101029
0.24,0.841,0.0843,7.52e-06,0.874,0.219,18.00236873272799,42099
0.0884,0.939,0.0847,3.72e-06,0.844,0.158,3.0003947887879985,22932
0.136,0.934,0.0954,1.32e-06,0.76,0.127,36.00473746545598,22814
0.192,0.84,0.226,0.00228,0.86,0.15,1.0001315962626662,101810
0.248,0.988,0.144,5.87e-05,0.84,0.149,10.001315962626663,47773
0.223,0.897,0.075,0.25,0.854,0.133,1.0001315962626662,59524
0.0859,0.849,0.0801,0.00011,0.962,0.129,3.0003947887879985,6990
0.17,0.823,0.0617,0.122,0.932,0.165,10.001315962626663,59574
0.0709,0.921,0.0908,0.000706,0.898,0.217,7.000921173838663,6844
0.189,0.905,0.0693,3.54e-05,0.931,0.186,32.00421108040532,6984
0.113,0.967,0.129,3.42e-06,0.919,0.134,1.0001315962626662,42800
0.16,0.999,0.222,0.00143,0.914,0.171,13.001710751414661,48420
0.507,0.375,0.0256,0.855,0.00981,0.0519,24.003158310303988,15664
0.634,0.336,0.0346,0.758,4.32e-06,0.0982,5.000657981313331,12813
0.552,0.48,0.033,0.864,4.16e-05,0.111,5.000657981313331,55375
0.648,0.458,0.0311,0.864,0.0944,0.0848,6.000789577575997,111061
0.635,0.394,0.199,0.834,0.0126,0.0756,1.0001315962626662,36371
0.577,0.366,0.0368,0.879,7.76e-05,0.0841,12.001579155151994,15407
0.703,0.284,0.0787,0.885,0.000997,0.0979,2.0002631925253325,15182
0.574,0.411,0.0685,0.925,0.000478,0.0764,3.0003947887879985,15933
0.516,0.28,0.0275,0.76,0.00582,0.175,127.01671272535862,34126
0.645,0.3,0.0362,0.815,0.0,0.214,33.00434267666799,12514
0.516,0.481,0.0433,0.819,2.87e-06,0.212,92.01210685616529,81032
0.639,0.386,0.0252,0.822,1.85e-06,0.158,41.00539544676931,99306
0.568,0.369,0.127,0.81,1.77e-05,0.243,1.0001315962626662,111060
0.65,0.29,0.247,0.844,0.0,0.238,1.0001315962626662,18054
0.609,0.394,0.209,0.757,0.00034,0.191,3.0003947887879985,94264
0.611,0.311,0.0382,0.904,0.00409,0.194,37.00486906171865,94216
0.689,0.279,0.0469,0.918,0.000952,0.248,22.002895117778657,96955
0.529,0.428,0.0372,0.888,0.00767,0.193,12.001579155151994,76059
0.719,0.387,0.0643,0.891,0.0,0.17,5.000657981313331,33568
0.675,0.408,0.142,0.901,0.000714,0.229,2.0002631925253325,56400
0.607,0.294,0.0764,0.778,0.162,0.192,5.000657981313331,111024
0.644,0.412,0.0307,0.796,0.127,0.206,2.0002631925253325,506
0.547,0.257,0.0252,0.907,0.183,0.169,9.001184366363995,91609
0.504,0.606,0.086,0.00469,0.848,0.111,16.00210554020266,110629
0.692,0.511,0.0354,0.0103,0.838,0.0506,13.001710751414661,10363
0.504,0.74,0.0424,9.67e-05,0.816,0.0546,21.00276352151599,46855
0.735,0.686,0.0366,0.00108,0.871,0.0656,43.00565863929465,106102
0.54,0.624,0.212,0.0037,0.83,0.109,1.0001315962626662,24350
0.586,0.682,0.191,0.00729,0.812,0.033,1.0001315962626662,24911
0.743,0.682,0.142,0.0054,0.868,0.0667,3.0003947887879985,49464
0.548,0.532,0.0313,0.171,0.838,0.038,1.0001315962626662,4488
0.658,0.592,0.0309,0.132,0.768,0.102,1.0001315962626662,112052
0.565,0.645,0.0349,0.201,0.829,0.0383,6.000789577575997,54362
0.688,0.64,0.0621,0.131,0.764,0.109,13.001710751414661,110450
0.642,0.662,0.195,0.234,0.809,0.106,1.0001315962626662,73811
0.6,0.532,0.0387,0.0183,0.91,0.0867,18.00236873272799,111822
0.72,0.525,0.0673,0.035,0.915,0.0363,23.003026714041322,109668
0.598,0.729,0.0413,0.00321,0.888,0.0388,12.001579155151994,73039
0.714,0.697,0.0397,0.00277,0.891,0.123,40.00526385050665,43954
0.624,0.546,0.137,0.0138,0.919,0.0704,1.0001315962626662,54761
0.516,0.631,0.146,0.0352,0.889,0.0738,2.0002631925253325,54295
0.606,0.553,0.0395,0.178,0.892,0.0354,3.0003947887879985,83558
0.738,0.601,0.0455,0.126,0.897,0.108,11.001447558889328,24851
0.624,0.629,0.0302,0.168,0.9,0.0793,6.000789577575997,111856
0.689,0.746,0.0474,0.14,0.893,0.045,5.000657981313331,109885
0.607,0.583,0.0321,0.0774,0.849,0.166,12.001579155151994,32430
0.64,0.598,0.0367,0.0167,0.867,0.15,22.002895117778657,109032
0.577,0.749,0.0727,5.69e-06,0.865,0.156,22.002895117778657,13763
0.678,0.713,0.0487,0.00136,0.865,0.19,52.006843005658645,73050
0.623,0.609,0.0455,0.163,0.837,0.211,2.0002631925253325,110473
0.739,0.548,0.0367,0.129,0.867,0.175,6.000789577575997,32786
0.591,0.746,0.0588,0.132,0.763,0.2,1.0001315962626662,46825
0.679,0.733,0.0777,0.2,0.86,0.144,3.0003947887879985,105678
0.566,0.622,0.064,0.0175,0.917,0.244,11.001447558889328,105511
0.713,0.573,0.0444,0.125,0.938,0.165,15.001973943939994,73061
0.62,0.689,0.0697,0.00136,0.927,0.212,14.001842347677327,27718
0.668,0.649,0.0567,0.00218,0.953,0.241,36.00473746545598,24486
0.543,0.678,0.145,0.00244,0.922,0.141,1.0001315962626662,54838
0.541,0.564,0.0448,0.154,0.878,0.203,3.0003947887879985,29926
0.63,0.525,0.0443,0.228,0.876,0.238,3.0003947887879985,69061
0.59,0.661,0.0424,0.168,0.876,0.238,2.0002631925253325,24937
0.648,0.627,0.056,0.136,0.917,0.135,3.0003947887879985,109802
0.324,0.616,0.0378,0.553,0.0,0.309,30.00394788787999,43387
0.445,0.519,0.0285,0.575,0.0,0.304,66.00868535333598,40461
0.359,0.681,0.0361,0.528,0.0,0.324,9.001184366363995,9078
0.395,0.676,0.0498,0.608,4.86e-05,0.315,11.001447558889328,99372
0.371,0.565,0.233,0.502,0.0,0.273,3.0003947887879985,98418
0.394,0.565,0.126,0.518,1.68e-06,0.308,2.0002631925253325,56550
0.329,0.649,0.175,0.568,0.0,0.339,1.0001315962626662,112519
0.3,0.546,0.0405,0.714,3.34e-06,0.274,13.001710751414661,29201
0.376,0.551,0.0292,0.698,1.01e-06,0.256,64.00842216081064,63510
0.37,0.73,0.0379,0.72,0.0,0.324,5.000657981313331,40222
0.499,0.683,0.0334,0.703,0.00161,0.295,11.001447558889328,80433
0.442,0.55,0.184,0.73,0.00059,0.332,2.0002631925253325,57567
0.408,0.642,0.173,0.708,0.0,0.296,2.0002631925253325,98514
0.489,0.521,0.0663,0.512,0.155,0.372,1.0001315962626662,95872
0.416,0.614,0.0392,0.727,0.156,0.301,2.0002631925253325,5925
0.43,0.648,0.0306,0.671,0.14,0.374,1.0001315962626662,40549
0.331,0.55,0.0272,0.605,3.96e-06,0.429,25.003289906566657,79109
0.403,0.59,0.0284,0.508,0.00548,0.393,73.00960652717464,2122
0.351,0.714,0.0386,0.542,0.0,0.483,6.000789577575997,96068
0.405,0.679,0.028,0.502,2.49e-05,0.415,26.003421502829323,41581
0.463,0.58,0.128,0.598,0.0,0.454,3.0003947887879985,56326
0.467,0.649,0.128,0.535,0.0,0.443,1.0001315962626662,96699
0.368,0.546,0.0426,0.722,0.0,0.424,17.002237136465325,97987
0.435,0.564,0.0371,0.644,0.0,0.476,39.00513225424398,112947
0.373,0.716,0.0408,0.673,0.0102,0.401,10.001315962626663,96829
0.416,0.649,0.0385,0.655,2.82e-06,0.474,15.001973943939994,31833
0.37,0.518,0.133,0.659,0.0,0.399,1.0001315962626662,98519
0.484,0.531,0.163,0.697,0.0,0.467,3.0003947887879985,98262
0.385,0.548,0.0308,0.51,0.136,0.415,1.0001315962626662,12151
0.394,0.673,0.0943,0.51,0.236,0.47,1.0001315962626662,42132
0.465,0.612,0.0512,0.676,0.128,0.467,1.0001315962626662,93041
0.756,0.584,0.0431,0.261,0.000454,0.542,29.00381629161732,23724
0.883,0.563,0.116,0.29,1.69e-05,0.547,4.000526385050665,111627
0.796,0.712,0.0491,0.359,1.17e-05,0.622,47.006185024345314,89637
0.753,0.566,0.22,0.294,0.0,0.574,8.00105277010133,56639
0.929,0.625,0.14,0.289,1.2e-06,0.578,1.0001315962626662,88682
0.765,0.657,0.157,0.356,0.0,0.595,10.001315962626663,10548
0.936,0.693,0.166,0.309,0.0,0.611,3.0003947887879985,66227
0.822,0.564,0.0931,0.48,0.00572,0.596,57.007500986971976,39563
0.913,0.604,0.102,0.474,0.0624,0.616,1.0001315962626662,66125
0.792,0.718,0.044,0.39,7.5e-05,0.545,19.00250032899066,30304
0.809,0.54,0.157,0.437,5.44e-05,0.529,10.001315962626663,96206
0.958,0.538,0.167,0.408,0.0,0.565,1.0001315962626662,60317
0.85,0.66,0.169,0.417,5.14e-05,0.622,7.000921173838663,21719
0.91,0.713,0.165,0.422,2.52e-06,0.539,1.0001315962626662,68823
0.791,0.652,0.0519,0.26,0.18,0.571,1.0001315962626662,23820
0.76,0.555,0.0465,0.409,0.213,0.52,2.0002631925253325,81860
0.82,0.603,0.0365,0.323,1.09e-05,0.673,48.006316620607976,21175
0.878,0.504,0.0479,0.358,3.38e-06,0.654,3.0003947887879985,37880
0.804,0.681,0.0344,0.264,0.0,0.699,71.0093433346493,74732
0.891,0.691,0.0588,0.29,0.00564,0.666,3.0003947887879985,65186
0.776,0.595,0.192,0.358,0.0,0.717,3.0003947887879985,68976
0.908,0.567,0.148,0.282,0.0,0.723,5.000657981313331,94981
0.824,0.68,0.13,0.275,0.0,0.67,23.003026714041322,69621
0.878,0.74,0.181,0.316,2.87e-06,0.651,4.000526385050665,36866
0.753,0.514,0.055,0.474,0.00147,0.65,18.00236873272799,1366
0.884,0.581,0.0378,0.427,0.000206,0.728,4.000526385050665,39158
0.847,0.652,0.108,0.38,1.88e-06,0.629,25.003289906566657,39780
0.905,0.633,0.0292,0.435,1.07e-05,0.675,1.0001315962626662,14978
0.829,0.512,0.187,0.492,0.0,0.638,8.00105277010133,87008
0.88,0.575,0.163,0.415,0.0,0.671,7.000921173838663,87301
0.798,0.694,0.186,0.435,0.0,0.747,16.00210554020266,97796
0.881,0.712,0.171,0.414,0.000105,0.656,1.0001315962626662,9455
0.766,0.571,0.0385,0.43,0.135,0.716,1.0001315962626662,84803
0.259,0.109,0.0383,0.867,0.816,0.251,1.0001315962626662,16788
0.499,0.124,0.0793,0.836,0.861,0.263,2.0002631925253325,7940
0.375,0.221,0.0591,0.759,0.829,0.286,1.0001315962626662,45853
0.421,0.184,0.0333,0.767,0.834,0.289,2.0002631925253325,75438
0.383,0.0546,0.187,0.844,0.778,0.259,1.0001315962626662,75866
0.347,0.0183,0.0686,0.993,0.86,0.317,12.001579155151994,75945
0.393,0.0717,0.0591,0.995,0.856,0.358,10.001315962626663,79472
0.283,0.139,0.0476,0.931,0.841,0.334,13.001710751414661,16131
0.395,0.224,0.0301,0.968,0.853,0.319,11.001447558889328,75122
0.499,0.206,0.227,0.991,0.865,0.319,1.0001315962626662,54607
0.307,0.107,0.0396,0.864,0.955,0.321,3.0003947887879985,76269
0.269,0.142,0.0509,0.866,0.904,0.321,6.000789577575997,45237
0.38,0.145,0.0383,0.776,0.938,0.285,2.0002631925253325,75832
0.312,0.00675,0.0372,0.994,0.946,0.345,57.007500986971976,79757
0.45,0.0709,0.0378,0.994,0.907,0.351,105.01381760757995,75213
0.343,0.154,0.0469,0.988,0.905,0.286,29.00381629161732,16823
0.439,0.131,0.0421,0.995,0.937,0.318,24.003158310303988,79811
0.455,0.0038,0.177,0.992,0.951,0.254,1.0001315962626662,79612
0.451,0.233,0.213,0.898,0.899,0.296,1.0001315962626662,105129
0.414,0.073,0.05,0.843,0.867,0.409,1.0001315962626662,101482
0.449,0.228,0.0358,0.77,0.843,0.435,1.0001315962626662,45741
0.307,0.121,0.0352,0.984,0.859,0.396,6.000789577575997,79267
0.409,0.0964,0.0373,0.993,0.87,0.379,12.001579155151994,39230
0.255,0.132,0.0378,0.989,0.862,0.378,4.000526385050665,79584
0.495,0.144,0.038,0.986,0.847,0.391,7.000921173838663,16948
0.456,0.0412,0.0929,0.784,0.946,0.429,1.0001315962626662,101464
0.355,0.173,0.0392,0.793,0.888,0.425,1.0001315962626662,36349
0.48,0.158,0.0807,0.809,0.886,0.498,2.0002631925253325,45058
0.262,0.0445,0.0478,0.995,0.969,0.441,32.00421108040532,26142
0.401,0.102,0.0413,0.996,0.928,0.411,47.006185024345314,75173
0.346,0.142,0.0353,0.992,0.932,0.405,14.001842347677327,16807
0.379,0.237,0.047,0.993,0.887,0.477,15.001973943939994,39236
0.0989,0.831,0.0585,0.0427,0.0587,0.0593,2.0002631925253325,59613
0.167,0.851,0.0421,0.0127,0.0,0.11,15.001973943939994,86252
0.109,0.994,0.0603,8.37e-06,0.0,0.0184,10.001315962626663,101773
0.196,0.878,0.124,3.83e-05,0.0177,0.0373,60.00789577575998,6833
0.177,0.772,0.159,0.0219,0.0151,0.0961,2.0002631925253325,41340
0.101,0.991,0.143,1.24e-05,0.0149,0.0931,7.000921173838663,6899
0.227,0.989,0.147,0.00592,0.0106,0.0851,55.007237794446645,50925
0.118,0.837,0.0943,0.126,0.0212,1e-05,1.0001315962626662,101671
0.0804,0.948,0.0875,0.166,0.0682,0.0212,1.0001315962626662,101864
0.183,0.979,0.1,0.139,0.0,0.0199,4.000526385050665,101248
0.114,0.808,0.0534,1.62e-06,0.225,0.0487,1.0001315962626662,6669
0.243,0.793,0.0502,0.0225,0.153,0.116,5.000657981313331,41843
0.112,0.997,0.0989,4.5e-06,0.195,0.0606,1.0001315962626662,22538
0.166,0.914,0.0756,0.00114,0.168,0.0784,10.001315962626663,42360
0.0916,0.998,0.17,0.00229,0.16,0.0615,2.0002631925253325,6872
0.195,0.958,0.194,5.19e-05,0.128,0.11,14.001842347677327,43221
0.0803,0.843,0.0532,0.038,0.00315,0.188,1.0001315962626662,59661
0.183,0.793,0.0336,0.00197,0.00303,0.163,32.00421108040532,41312
0.11,0.972,0.0719,2.95e-06,1.72e-05,0.156,6.000789577575997,6675
0.244,0.951,0.104,0.00107,1.63e-05,0.153,82.01079089353863,72642
0.248,0.938,0.207,0.0328,0.0,0.247,67.00881694959864,49418
0.16,0.866,0.088,0.207,4.44e-05,0.13,6.000789577575997,91049
0.109,0.854,0.0871,0.000381,0.228,0.134,1.0001315962626662,22160
0.138,0.841,0.0662,3.06e-06,0.237,0.139,1.0001315962626662,42293
0.206,0.998,0.106,3.29e-06,0.235,0.241,18.00236873272799,6805
0.0631,0.961,0.24,0.00054,0.242,0.218,1.0001315962626662,42051
0.238,0.98,0.165,4e-06,0.169,0.13,8.00105277010133,22116
0.186,0.784,0.0528,0.229,0.243,0.189,1.0001315962626662,107265
0.284,0.317,0.0316,0.00757,0.00834,0.0961,8.00105277010133,63627
0.376,0.374,0.0323,0.0162,0.000515,0.0451,6.000789577575997,41301
0.269,0.461,0.0323,0.0479,0.0,0.0751,30.00394788787999,40099
0.449,0.45,0.042,0.00417,0.0297,0.0523,55.007237794446645,50880
0.281,0.318,0.0387,0.169,0.013,0.0373,8.00105277010133,59781
0.404,0.36,0.0575,0.173,0.000628,0.0918,9.001184366363995,111547
0.364,0.385,0.0286,0.168,1.43e-05,0.115,7.000921173838663,72487
0.495,0.426,0.0736,0.152,5.65e-06,0.0636,16.00210554020266,31824
0.334,0.349,0.0448,0.0872,0.18,0.0644,3.0003947887879985,84422
0.495,0.295,0.0296,0.0351,0.159,0.06,1.0001315962626662,5762
0.315,0.398,0.0265,0.0716,0.176,0.0981,2.0002631925253325,22211
0.395,0.396,0.0281,0.0102,0.161,0.0656,1.0001315962626662,84914
0.362,0.307,0.0293,0.0658,0.0,0.154,2.0002631925253325,113146
0.426,0.32,0.0647,0.102,0.0,0.152,17.002237136465325,15195
0.329,0.41,0.0488,0.0136,7.02e-05,0.141,43.00565863929465,62992
0.438,0.434,0.0371,0.122,0.0,0.195,67.00881694959864,62564
0.277,0.344,0.0264,0.215,8.6e-06,0.241,22.002895117778657,103285
0.419,0.289,0.0283,0.134,0.000757,0.236,24.003158310303988,84446
0.279,0.473,0.0309,0.242,0.00164,0.246,32.00421108040532,84325
0.438,0.465,0.0296,0.244,0.0,0.222,57.007500986971976,97375
0.414,0.416,0.0251,0.1,0.179,0.196,4.000526385050665,33016
0.546,0.265,0.0269,0.375,4.15e-06,0.597,9.001184366363995,90689
0.745,0.333,0.056,0.357,0.0,0.622,13.001710751414661,93644
0.616,0.472,0.0398,0.321,0.0,0.573,33.00434267666799,106398
0.67,0.401,0.0789,0.256,0.00013,0.531,54.007106198183976,112484
0.6,0.417,0.185,0.262,0.0,0.618,1.0001315962626662,95461
0.659,0.433,0.19,0.368,0.000312,0.572,7.000921173838663,67989
0.617,0.354,0.0352,0.483,0.0,0.579,7.000921173838663,9583
0.731,0.255,0.0375,0.485,0.0,0.564,11.001447558889328,87260
0.607,0.426,0.0586,0.454,0.0,0.606,31.004079484142654,26083
0.668,0.427,0.0271,0.492,1.44e-05,0.604,67.00881694959864,15766
0.596,0.479,0.158,0.465,0.0,0.541,4.000526385050665,104884
0.709,0.454,0.167,0.445,0.0,0.548,3.0003947887879985,81042
0.535,0.324,0.0337,0.323,0.226,0.557,1.0001315962626662,12475
0.643,0.412,0.0286,0.421,0.22,0.509,1.0001315962626662,45988
0.544,0.337,0.0653,0.357,6.34e-05,0.667,9.001184366363995,91965
0.738,0.355,0.0595,0.292,0.00155,0.705,8.00105277010133,1364
0.589,0.46,0.0511,0.271,4.95e-05,0.705,22.002895117778657,79955
0.673,0.424,0.0305,0.3,0.0,0.709,24.003158310303988,832
0.691,0.45,0.145,0.335,0.000323,0.65,3.0003947887879985,15816
0.584,0.266,0.0423,0.48,0.00149,0.641,5.000657981313331,93266
0.727,0.255,0.037,0.424,0.0,0.629,16.00210554020266,66488
0.604,0.411,0.034,0.427,5.74e-05,0.675,29.00381629161732,84866
0.634,0.498,0.0258,0.412,0.00568,0.719,33.00434267666799,70430
0.559,0.337,0.153,0.436,0.0,0.655,1.0001315962626662,26571
0.67,0.366,0.229,0.415,0.0,0.649,3.0003947887879985,33168
0.525,0.378,0.16,0.425,0.0,0.633,1.0001315962626662,93656
0.707,0.484,0.141,0.393,0.000199,0.641,4.000526385050665,36977
0.723,0.428,0.032,0.277,0.192,0.672,2.0002631925253325,74720
0.507,0.431,0.0489,0.497,0.131,0.673,1.0001315962626662,108722
0.646,0.491,0.0443,0.465,0.18,0.68,2.0002631925253325,15252
0.769,0.797,0.038,0.00514,0.0988,0.372,53.00697460192131,46991
0.877,0.781,0.0548,0.0315,0.000397,0.373,1.0001315962626662,51168
0.802,0.952,0.0947,0.0941,0.00472,0.27,11.001447558889328,17155
0.909,0.877,0.117,0.0174,0.000466,0.363,2.0002631925253325,43660
0.785,0.815,0.233,0.112,8.26e-06,0.359,11.001447558889328,5583
0.942,0.76,0.163,0.0648,5.79e-05,0.37,3.0003947887879985,19870
0.811,0.914,0.206,0.00322,0.00051,0.368,3.0003947887879985,32234
0.961,0.877,0.151,0.00166,1.54e-05,0.365,2.0002631925253325,13813
0.783,0.762,0.0507,0.158,6.56e-05,0.33,5.000657981313331,53095
0.791,0.89,0.0906,0.166,0.00319,0.256,2.0002631925253325,112853
0.859,0.795,0.197,0.184,0.0,0.375,3.0003947887879985,32402
0.754,0.962,0.201,0.228,0.0778,0.348,4.000526385050665,23696
0.792,0.847,0.0561,0.00172,0.131,0.299,2.0002631925253325,112303
0.805,0.938,0.0888,0.00258,0.214,0.263,4.000526385050665,109643
0.812,0.911,0.204,0.00667,0.155,0.347,1.0001315962626662,49434
0.903,0.98,0.209,0.000977,0.13,0.33,1.0001315962626662,46819
0.762,0.805,0.037,0.132,0.168,0.345,3.0003947887879985,2726
0.781,0.885,0.0839,0.157,0.212,0.375,1.0001315962626662,13867
0.754,0.763,0.0435,0.0301,2.23e-05,0.464,119.01565995525728,20418
0.903,0.849,0.103,0.101,0.000435,0.474,3.0003947887879985,68994
0.81,0.885,0.108,0.101,0.0,0.447,34.00447427293065,23604
0.911,0.889,0.0872,0.0778,0.0702,0.4,1.0001315962626662,17019
0.772,0.866,0.223,0.00206,0.00447,0.411,24.003158310303988,10477
0.9,0.872,0.209,0.0807,0.0,0.462,1.0001315962626662,69628
0.784,0.891,0.232,0.0613,0.000216,0.394,13.001710751414661,49080
0.779,0.854,0.118,0.22,0.000438,0.382,34.00447427293065,43311
0.788,0.945,0.0599,0.223,2.97e-06,0.466,18.00236873272799,31334
0.785,0.763,0.16,0.129,1.54e-05,0.384,9.001184366363995,67658
0.782,0.953,0.162,0.161,1.97e-06,0.477,6.000789577575997,55711
0.789,0.861,0.114,0.0242,0.139,0.411,3.0003947887879985,29824
0.763,0.925,0.0969,0.000737,0.136,0.455,3.0003947887879985,25569
0.761,0.843,0.145,0.00727,0.2,0.396,2.0002631925253325,17854
0.759,0.945,0.192,0.0408,0.165,0.437,3.0003947887879985,10730
0.78,0.929,0.0619,0.177,0.14,0.484,2.0002631925253325,43565
0.795,0.783,0.0432,0.361,0.0,0.799,43.00565863929465,68966
0.886,0.788,0.0436,0.264,0.0,0.868,7.000921173838663,35608
0.777,0.949,0.0585,0.306,1.63e-05,0.85,18.00236873272799,61355
0.922,0.927,0.105,0.283,0.00331,0.796,2.0002631925253325,89812
0.849,0.853,0.159,0.355,0.0,0.794,17.002237136465325,81369
0.818,0.93,0.247,0.33,0.0,0.831,5.000657981313331,55189
0.922,0.906,0.144,0.339,0.000163,0.808,1.0001315962626662,51789
0.787,0.858,0.0373,0.405,2.95e-06,0.814,72.00947493091196,51742
0.889,0.857,0.0606,0.461,0.0,0.84,1.0001315962626662,97814
0.83,0.881,0.0699,0.429,7.25e-06,0.866,9.001184366363995,21908
0.877,0.881,0.0713,0.421,0.000345,0.874,1.0001315962626662,51603
0.792,0.825,0.158,0.399,0.0,0.787,13.001710751414661,97163
0.878,0.786,0.152,0.416,3.1e-05,0.831,2.0002631925253325,37951
0.771,0.878,0.177,0.417,6.32e-05,0.84,7.000921173838663,55397
0.891,0.913,0.149,0.394,0.000173,0.772,1.0001315962626662,51654
0.818,0.859,0.0417,0.31,0.197,0.78,1.0001315962626662,14252
0.804,0.931,0.0533,0.262,0.24,0.826,1.0001315962626662,66435
0.81,0.837,0.0412,0.314,0.0,0.914,50.006579813133314,97930
0.908,0.813,0.0777,0.305,0.0,0.924,4.000526385050665,88655
0.767,0.904,0.0655,0.306,0.0096,0.962,33.00434267666799,14521
0.928,0.884,0.0715,0.345,0.00199,0.927,1.0001315962626662,107880
0.774,0.819,0.25,0.33,1.79e-05,0.962,5.000657981313331,35811
0.95,0.807,0.242,0.365,0.0,0.877,3.0003947887879985,37676
0.777,0.902,0.153,0.282,0.0,0.924,1.0001315962626662,46595
0.754,0.794,0.107,0.377,2.62e-05,0.901,56.00736939070931,95679
0.78,0.879,0.0384,0.494,0.000207,0.942,14.001842347677327,95240
0.893,0.914,0.074,0.496,0.0,0.964,2.0002631925253325,37734
0.797,0.795,0.162,0.499,0.0,0.897,9.001184366363995,89642
0.863,0.906,0.129,0.384,0.0,0.966,1.0001315962626662,100205
0.79,0.873,0.0372,0.366,0.126,0.963,1.0001315962626662,32754
0.373,0.256,0.0298,0.301,0.000922,0.0973,8.00105277010133,34686
0.452,0.301,0.0366,0.275,0.0,0.111,4.000526385050665,45035
0.278,0.376,0.0404,0.332,5.86e-05,0.0719,16.00210554020266,54927
0.468,0.435,0.031,0.253,0.0,0.0406,11.001447558889328,9986
0.305,0.323,0.0284,0.483,0.0,0.103,7.000921173838663,19758
0.408,0.314,0.0323,0.48,1.27e-05,0.0833,16.00210554020266,107060
0.352,0.478,0.033,0.5,0.0,0.0761,17.002237136465325,9361
0.399,0.439,0.0285,0.494,0.000254,0.125,12.001579155151994,75915
0.343,0.318,0.0312,0.336,0.158,0.11,2.0002631925253325,64712
0.496,0.404,0.143,0.319,0.16,0.066,1.0001315962626662,54386
0.372,0.309,0.0309,0.459,0.171,0.036,1.0001315962626662,55446
0.403,0.272,0.0325,0.403,0.17,0.105,1.0001315962626662,44683
0.32,0.288,0.0291,0.363,0.00561,0.181,16.00210554020266,87217
0.388,0.334,0.0314,0.364,8.45e-06,0.22,28.003684695354654,102296
0.322,0.432,0.0422,0.345,0.0,0.204,35.00460586919332,9235
0.481,0.377,0.0346,0.317,0.0,0.196,67.00881694959864,70882
0.326,0.306,0.0341,0.478,1.69e-06,0.176,19.00250032899066,43296
0.49,0.284,0.0397,0.489,0.0,0.151,29.00381629161732,102828
0.369,0.452,0.0464,0.397,0.0,0.167,33.00434267666799,28413
0.474,0.499,0.0286,0.499,3.74e-06,0.161,49.006448216870645,40589
0.403,0.342,0.175,0.497,0.0,0.154,1.0001315962626662,106416
0.301,0.263,0.028,0.31,0.158,0.212,3.0003947887879985,101140
0.335,0.416,0.0348,0.345,0.136,0.223,5.000657981313331,11679
0.581,0.809,0.0394,0.0277,0.548,0.0828,9.001184366363995,110663
0.629,0.8,0.0418,0.0358,0.6,0.0947,3.0003947887879985,27237
0.618,0.885,0.0454,0.000658,0.502,0.105,37.00486906171865,110058
0.721,0.976,0.11,0.0379,0.548,0.0665,11.001447558889328,29488
0.622,0.782,0.171,0.00233,0.521,0.0295,1.0001315962626662,110634
0.679,0.834,0.178,0.0159,0.523,0.0392,1.0001315962626662,27176
0.615,0.955,0.149,0.00249,0.57,0.107,3.0003947887879985,27878
0.73,0.941,0.14,0.024,0.527,0.0741,8.00105277010133,30404
0.632,0.761,0.0865,0.173,0.579,0.0679,1.0001315962626662,51361
0.543,0.869,0.031,0.000132,0.715,0.0512,36.00473746545598,17079
0.676,0.858,0.0391,0.00148,0.673,0.0371,24.003158310303988,83114
0.583,0.974,0.0669,0.00304,0.638,0.0393,33.00434267666799,17156
0.665,0.905,0.0599,0.000356,0.663,0.0378,17.002237136465325,110705
0.512,0.997,0.135,3.57e-05,0.697,0.105,3.0003947887879985,61728
0.693,0.986,0.128,0.000255,0.711,0.0385,7.000921173838663,46415
0.509,0.986,0.0991,0.179,0.662,0.0385,1.0001315962626662,46276
0.587,0.846,0.0614,0.00676,0.588,0.225,17.002237136465325,5113
0.636,0.857,0.0707,0.0117,0.569,0.192,9.001184366363995,27570
0.518,0.976,0.0646,0.00192,0.566,0.126,32.00421108040532,27318
0.705,0.951,0.0743,0.0113,0.503,0.153,8.00105277010133,83806
0.576,0.872,0.146,0.0325,0.59,0.224,2.0002631925253325,49569
0.566,0.948,0.145,0.000163,0.515,0.204,3.0003947887879985,17706
0.689,0.931,0.144,0.0114,0.589,0.145,7.000921173838663,46060
0.672,0.989,0.164,0.175,0.583,0.156,1.0001315962626662,10842
0.502,0.825,0.0367,0.0121,0.689,0.198,15.001973943939994,17269
0.731,0.858,0.0451,0.000372,0.662,0.225,15.001973943939994,109916
0.516,0.916,0.078,0.00247,0.683,0.159,39.00513225424398,49223
0.724,0.993,0.0593,0.0587,0.665,0.165,22.002895117778657,58746
0.53,0.874,0.128,0.000879,0.633,0.202,1.0001315962626662,59427
0.734,0.811,0.188,0.0319,0.731,0.197,2.0002631925253325,13963
0.522,0.944,0.127,0.00173,0.737,0.177,3.0003947887879985,110332
0.716,0.931,0.209,0.000412,0.67,0.2,1.0001315962626662,27808
0.519,0.983,0.103,0.126,0.736,0.23,1.0001315962626662,6842
0.701,0.844,0.133,0.152,0.626,0.198,5.000657981313331,38066
0.526,0.94,0.138,0.156,0.694,0.187,1.0001315962626662,55023
0.577,0.0513,0.033,0.845,0.000144,0.0681,1.0001315962626662,84592
0.522,0.227,0.0292,0.781,1.12e-06,0.0987,16.00210554020266,70224
0.685,0.15,0.039,0.797,0.0461,0.125,1.0001315962626662,11332
0.702,0.221,0.162,0.856,0.00694,0.0767,2.0002631925253325,15255
0.515,0.0736,0.031,0.975,0.000261,0.0684,13.001710751414661,113617
0.674,0.0688,0.0404,0.914,0.00183,0.0698,3.0003947887879985,7946
0.536,0.237,0.0305,0.976,0.000142,0.107,20.002631925253326,112792
0.657,0.134,0.0357,0.986,0.0,0.119,16.00210554020266,112719
0.503,0.115,0.158,0.961,0.0,0.122,1.0001315962626662,93599
0.561,0.111,0.0324,0.871,0.205,0.0607,3.0003947887879985,102568
0.66,0.177,0.0377,0.835,0.162,0.0699,1.0001315962626662,15265
0.512,0.165,0.033,0.899,0.236,0.0869,5.000657981313331,99409
0.501,0.0958,0.0433,0.77,0.0,0.204,16.00210554020266,103202
0.674,0.116,0.0375,0.862,0.0,0.21,6.000789577575997,604
0.515,0.168,0.0321,0.828,0.0,0.169,73.00960652717464,113547
0.713,0.244,0.101,0.767,0.00435,0.199,25.003289906566657,15264
0.569,0.196,0.154,0.806,1.35e-06,0.185,1.0001315962626662,98739
0.57,0.0696,0.0504,0.888,0.0,0.182,53.00697460192131,103307
0.626,0.125,0.0517,0.877,0.0,0.144,12.001579155151994,102617
0.546,0.229,0.0398,0.938,0.0,0.155,81.01065929727596,104044
0.689,0.246,0.0379,0.933,0.0534,0.18,18.00236873272799,15462
0.546,0.0727,0.192,0.93,0.000111,0.146,1.0001315962626662,26494
0.55,0.143,0.241,0.956,0.0,0.224,4.000526385050665,94010
0.525,0.0623,0.05,0.994,0.157,0.17,5.000657981313331,64352
0.786,0.225,0.573,0.679,0.0,0.658,1.0001315962626662,66688
0.698,0.438,0.705,0.698,0.0,0.691,10.001315962626663,18846
0.808,0.498,0.701,0.615,0.0,0.75,3.0003947887879985,37271
0.618,0.245,0.924,0.676,0.0,0.522,3.0003947887879985,14722
0.633,0.453,0.941,0.671,0.0,0.67,16.00210554020266,18874
0.759,0.494,0.951,0.746,0.0,0.573,1.0001315962626662,18357
0.705,0.0715,0.642,0.794,0.0,0.713,2.0002631925253325,68888
0.878,0.202,0.548,0.818,0.0,0.612,1.0001315962626662,14840
0.622,0.467,0.568,0.872,2.15e-06,0.716,5.000657981313331,94039
0.689,0.237,0.96,0.973,0.0,0.595,2.0002631925253325,18927
0.816,0.188,0.915,0.854,0.0,0.526,1.0001315962626662,66918
0.621,0.407,0.949,0.886,0.0,0.529,29.00381629161732,18211
0.83,0.148,0.679,0.546,0.0,0.872,1.0001315962626662,66431
0.647,0.417,0.862,0.654,0.0,0.807,2.0002631925253325,14587
0.678,0.179,0.598,0.796,0.0,0.772,1.0001315962626662,66183
0.802,0.153,0.532,0.761,0.0,0.96,1.0001315962626662,66914
0.712,0.374,0.511,0.795,0.0,0.779,3.0003947887879985,33125
0.789,0.355,0.611,0.983,0.00118,0.831,2.0002631925253325,26677
0.59,0.429,0.925,0.814,0.0,0.783,10.001315962626663,18776
0.316,0.539,0.0348,0.587,0.0,0.567,5.000657981313331,97415
0.499,0.533,0.0358,0.505,0.00781,0.591,28.003684695354654,74538
0.333,0.634,0.0568,0.589,0.00103,0.544,12.001579155151994,25422
0.453,0.67,0.035,0.501,0.00205,0.604,26.003421502829323,96748
0.455,0.61,0.146,0.502,0.0,0.549,3.0003947887879985,68947
0.339,0.686,0.167,0.567,0.0,0.51,1.0001315962626662,98915
0.359,0.573,0.0326,0.665,0.000178,0.562,35.00460586919332,8295
0.46,0.521,0.0274,0.65,0.0,0.599,49.006448216870645,57614
0.323,0.629,0.0398,0.662,0.0,0.559,5.000657981313331,77435
0.454,0.669,0.0386,0.644,0.0,0.525,40.00526385050665,97790
0.491,0.554,0.143,0.717,0.0,0.518,3.0003947887879985,102437
0.45,0.687,0.183,0.733,0.0,0.553,2.0002631925253325,77829
0.492,0.64,0.0723,0.568,0.178,0.556,3.0003947887879985,102801
0.424,0.675,0.0499,0.647,0.127,0.566,1.0001315962626662,41754
0.3,0.579,0.0391,0.54,7.25e-05,0.707,12.001579155151994,103599
0.391,0.55,0.0391,0.561,1.07e-05,0.657,23.003026714041322,34128
0.318,0.737,0.0563,0.516,0.0,0.653,2.0002631925253325,77443
0.402,0.731,0.0693,0.508,0.0,0.631,31.004079484142654,65455
0.49,0.586,0.217,0.547,0.0,0.718,2.0002631925253325,26369
0.452,0.702,0.201,0.538,0.0,0.693,1.0001315962626662,96865
0.353,0.548,0.0332,0.709,0.0,0.67,2.0002631925253325,1050
0.436,0.543,0.0962,0.654,9.35e-06,0.663,35.00460586919332,8623
0.374,0.728,0.036,0.718,0.0,0.677,12.001579155151994,91555
0.44,0.682,0.0373,0.681,3.33e-05,0.626,37.00486906171865,92410
0.439,0.504,0.219,0.667,1.27e-05,0.668,4.000526385050665,26612
0.404,0.577,0.0294,0.605,0.249,0.637,1.0001315962626662,547
0.581,0.78,0.0567,0.508,1.07e-05,0.561,23.003026714041322,25156
0.683,0.766,0.041,0.554,0.00346,0.568,31.004079484142654,44191
0.503,0.95,0.0703,0.61,1.37e-05,0.576,10.001315962626663,63891
0.672,0.932,0.096,0.545,0.0,0.581,1.0001315962626662,26241
0.579,0.847,0.153,0.513,6.96e-06,0.599,12.001579155151994,95628
0.707,0.795,0.234,0.537,0.0,0.612,5.000657981313331,51771
0.536,0.937,0.183,0.566,0.0,0.608,1.0001315962626662,96705
0.509,0.763,0.039,0.686,3.57e-05,0.578,15.001973943939994,77530
0.713,0.819,0.0463,0.719,0.0,0.56,14.001842347677327,35388
0.637,0.916,0.0458,0.736,0.0,0.563,4.000526385050665,100431
0.594,0.815,0.216,0.668,0.0,0.54,21.00276352151599,37995
0.68,0.86,0.183,0.645,0.0,0.603,2.0002631925253325,97445
0.67,0.905,0.129,0.669,0.000227,0.563,3.0003947887879985,57906
0.653,0.759,0.0955,0.696,0.191,0.608,1.0001315962626662,106678
0.531,0.825,0.112,0.52,0.0,0.734,45.00592183181998,96397
0.651,0.766,0.0818,0.57,0.0,0.686,53.00697460192131,37796
0.534,0.883,0.0326,0.548,0.0,0.667,19.00250032899066,35709
0.642,0.907,0.0511,0.549,0.0,0.673,7.000921173838663,63680
0.562,0.765,0.21,0.613,0.0,0.707,9.001184366363995,57829
0.737,0.846,0.147,0.533,0.0,0.703,2.0002631925253325,97405
0.552,0.883,0.163,0.514,0.0,0.711,4.000526385050665,96081
0.747,0.95,0.175,0.504,3.92e-06,0.656,4.000526385050665,74641
0.538,0.857,0.0494,0.725,0.0166,0.728,25.003289906566657,96248
0.649,0.751,0.0382,0.694,0.00224,0.64,25.003289906566657,45999
0.518,0.931,0.0441,0.718,1.09e-05,0.712,6.000789577575997,61372
0.701,0.91,0.0907,0.627,0.0,0.729,10.001315962626663,97583
0.531,0.819,0.209,0.678,0.000163,0.629,4.000526385050665,36699
0.715,0.842,0.214,0.664,0.000753,0.725,9.001184366363995,9706
0.53,0.894,0.156,0.733,2.16e-06,0.722,2.0002631925253325,35785
0.626,0.803,0.0299,0.716,0.226,0.728,1.0001315962626662,82774
0.546,0.114,0.0487,0.807,0.0,0.601,5.000657981313331,108519
0.661,0.121,0.0522,0.755,0.0,0.515,4.000526385050665,108891
0.541,0.242,0.0355,0.866,0.0461,0.545,38.00500065798132,57332
0.738,0.141,0.0384,0.843,0.0,0.538,18.00236873272799,99610
0.703,0.0828,0.139,0.825,1.24e-05,0.57,1.0001315962626662,14607
0.515,0.187,0.194,0.872,0.0,0.569,1.0001315962626662,93709
0.529,0.0546,0.0364,0.924,0.0428,0.517,17.002237136465325,610
0.638,0.0767,0.0588,0.937,0.0,0.599,18.00236873272799,64248
0.614,0.157,0.0375,0.981,8.08e-05,0.506,69.00908014212396,99264
0.632,0.23,0.0287,0.897,4.62e-05,0.543,54.007106198183976,14857
0.524,0.173,0.155,0.989,3.11e-06,0.503,2.0002631925253325,16650
0.748,0.238,0.156,0.99,0.000404,0.587,3.0003947887879985,108153
0.565,0.0392,0.045,0.835,0.183,0.601,2.0002631925253325,45016
0.653,0.0639,0.0709,0.995,0.163,0.6,3.0003947887879985,93353
0.534,0.15,0.0422,0.984,0.2,0.53,2.0002631925253325,16737
0.643,0.17,0.0485,0.948,0.127,0.622,1.0001315962626662,93087
0.642,0.0515,0.0413,0.809,9.41e-05,0.69,3.0003947887879985,45333
0.622,0.247,0.0758,0.87,0.0,0.627,14.001842347677327,98082
0.626,0.248,0.061,0.827,0.0,0.639,32.00421108040532,64236
0.697,0.201,0.201,0.769,0.0,0.714,2.0002631925253325,98342
0.589,0.0418,0.107,0.969,0.0226,0.687,12.001579155151994,93650
0.684,0.117,0.0349,0.935,0.0,0.671,7.000921173838663,102887
0.524,0.238,0.0426,0.892,0.0148,0.641,25.003289906566657,7844
0.704,0.236,0.0307,0.925,2.47e-06,0.722,21.00276352151599,14671
0.678,0.106,0.242,0.981,0.0,0.633,1.0001315962626662,93778
0.617,0.135,0.148,0.992,0.00034,0.641,3.0003947887879985,108357
0.714,0.216,0.243,0.98,0.000175,0.696,5.000657981313331,108463
0.533,0.0986,0.0727,0.938,0.15,0.671,1.0001315962626662,16843
0.523,0.246,0.0382,0.99,0.195,0.69,1.0001315962626662,93854
0.646,0.194,0.0515,0.984,0.165,0.627,1.0001315962626662,108563
0.18,0.87,0.091,1.23e-06,0.0718,0.361,41.00539544676931,22265
0.112,0.978,0.117,0.000108,0.0241,0.371,11.001447558889328,91337
0.218,0.932,0.098,0.0155,0.0246,0.315,110.01447558889329,87428
0.0991,0.987,0.205,2.42e-06,0.000751,0.283,1.0001315962626662,22514
0.237,0.984,0.174,0.000372,3.83e-06,0.285,51.006711409395976,43833
0.247,0.835,0.0422,0.128,1.36e-06,0.338,4.000526385050665,87981
0.103,0.859,0.0803,0.000339,0.168,0.306,3.0003947887879985,22357
0.15,0.859,0.0595,0.00201,0.194,0.354,6.000789577575997,71002
0.229,0.917,0.0887,0.0411,0.198,0.329,8.00105277010133,50702
0.223,0.99,0.161,2.41e-05,0.137,0.364,3.0003947887879985,50603
0.103,0.819,0.0462,7.26e-06,0.0732,0.402,1.0001315962626662,58883
0.207,0.818,0.0363,0.0449,0.0,0.491,25.003289906566657,41180
0.121,0.99,0.108,5.74e-05,0.00358,0.405,1.0001315962626662,6517
0.249,0.945,0.0411,1.19e-05,0.0958,0.479,59.00776417949731,62595
0.244,0.955,0.131,0.000932,0.0,0.461,23.003026714041322,71995
0.101,0.776,0.053,0.186,0.000154,0.393,1.0001315962626662,82963
0.127,0.839,0.0545,0.138,0.0963,0.476,2.0002631925253325,82957
0.247,0.94,0.113,0.129,0.0,0.405,2.0002631925253325,47677
0.193,0.859,0.0459,2.24e-05,0.131,0.385,2.0002631925253325,84643
0.173,0.985,0.0815,0.000196,0.142,0.474,6.000789577575997,50034
0.239,0.989,0.2,3.31e-05,0.182,0.42,1.0001315962626662,42122
0.607,0.305,0.0321,0.0153,0.0467,0.53,5.000657981313331,84562
0.694,0.283,0.0325,0.111,4.31e-06,0.625,8.00105277010133,90525
0.619,0.484,0.0572,0.116,0.000121,0.61,25.003289906566657,56260
0.748,0.472,0.0557,0.0822,0.0,0.605,36.00473746545598,15076
0.523,0.483,0.224,0.113,0.0,0.582,3.0003947887879985,9972
0.699,0.493,0.227,0.0737,2.39e-05,0.528,3.0003947887879985,1355
0.538,0.325,0.0343,0.158,6.02e-05,0.522,8.00105277010133,112780
0.714,0.328,0.0374,0.238,9.92e-06,0.604,8.00105277010133,70431
0.578,0.386,0.0278,0.208,0.0453,0.569,58.00763258323464,2303
0.692,0.441,0.0472,0.205,0.000245,0.586,51.006711409395976,85298
0.748,0.356,0.176,0.205,0.0,0.59,1.0001315962626662,15705
0.627,0.429,0.234,0.238,0.0,0.565,3.0003947887879985,68651
0.526,0.424,0.0364,0.000823,0.128,0.581,4.000526385050665,10881
0.626,0.453,0.0269,0.112,0.226,0.615,1.0001315962626662,92737
0.713,0.312,0.0568,0.131,0.159,0.603,1.0001315962626662,85613
0.657,0.419,0.0595,0.139,0.139,0.602,2.0002631925253325,1939
0.578,0.334,0.0286,0.0162,3.88e-06,0.698,4.000526385050665,40333
0.646,0.368,0.0409,0.0926,0.0,0.749,4.000526385050665,90819
0.607,0.417,0.0324,0.0612,7.66e-06,0.692,28.003684695354654,38563
0.711,0.443,0.067,0.0917,0.0444,0.743,35.00460586919332,107493
0.646,0.464,0.203,0.0812,4.36e-06,0.75,6.000789577575997,41064
0.557,0.338,0.0257,0.134,0.00184,0.689,1.0001315962626662,33482
0.66,0.337,0.0286,0.213,1.57e-05,0.703,2.0002631925253325,84858
0.508,0.47,0.0262,0.201,0.0553,0.69,27.003553099091988,8332
0.722,0.398,0.0857,0.206,1.39e-06,0.644,33.00434267666799,15279
0.687,0.434,0.25,0.184,0.00103,0.65,1.0001315962626662,33729
0.535,0.485,0.057,0.0355,0.171,0.649,1.0001315962626662,12287
0.737,0.5,0.0456,0.00831,0.158,0.724,2.0002631925253325,109493
0.599,0.313,0.0386,0.375,6.8e-05,0.0692,9.001184366363995,29652
0.555,0.455,0.0383,0.29,0.0,0.0884,11.001447558889328,5529
0.64,0.459,0.116,0.34,0.00962,0.123,8.00105277010133,112102
0.581,0.316,0.19,0.334,0.0145,0.108,1.0001315962626662,111415
0.581,0.36,0.0289,0.44,0.00589,0.107,9.001184366363995,11862
0.64,0.295,0.0397,0.425,2.05e-06,0.107,7.000921173838663,80275
0.51,0.421,0.0257,0.405,0.0,0.0491,12.001579155151994,50243
0.733,0.475,0.028,0.381,0.000443,0.0961,13.001710751414661,36909
0.706,0.297,0.132,0.468,0.0,0.123,2.0002631925253325,15110
0.621,0.44,0.204,0.384,2.08e-05,0.0933,1.0001315962626662,32073
0.508,0.33,0.0265,0.259,0.154,0.101,3.0003947887879985,56164
0.725,0.36,0.0803,0.297,0.192,0.0912,1.0001315962626662,60924
0.639,0.365,0.0711,0.469,0.144,0.0368,1.0001315962626662,24183
0.509,0.368,0.0573,0.317,1.67e-06,0.16,28.003684695354654,74277
0.722,0.282,0.106,0.373,0.00557,0.217,7.000921173838663,15502
0.558,0.403,0.0245,0.328,0.0,0.148,69.00908014212396,67499
0.734,0.464,0.0597,0.349,0.078,0.171,27.003553099091988,36141
0.605,0.363,0.248,0.27,2.1e-05,0.248,2.0002631925253325,60219
0.559,0.4,0.205,0.285,0.0,0.23,4.000526385050665,96286
0.71,0.478,0.178,0.341,0.0,0.139,2.0002631925253325,39675
0.538,0.266,0.0277,0.41,0.0,0.174,26.003421502829323,44411
0.65,0.324,0.0445,0.403,0.0,0.228,14.001842347677327,106557
0.518,0.48,0.0305,0.444,0.0,0.197,70.00921173838664,69019
0.693,0.438,0.0943,0.451,0.000277,0.191,18.00236873272799,15021
0.644,0.337,0.183,0.389,0.0,0.206,1.0001315962626662,15516
0.562,0.471,0.142,0.463,0.0,0.161,1.0001315962626662,21732
0.64,0.459,0.25,0.448,5.75e-05,0.14,2.0002631925253325,36563
0.513,0.396,0.0299,0.251,0.177,0.229,4.000526385050665,102382
0.535,0.487,0.0326,0.385,0.165,0.141,3.0003947887879985,17810
0.0,2.03e-05,0.0,0.754,0.00641,0.0,1.0001315962626662,101898
0.128,0.0194,0.0403,0.826,0.0398,0.0576,14.001842347677327,16485
0.206,0.137,0.0442,0.824,0.00046,0.125,19.00250032899066,98180
0.122,0.0628,0.0489,0.983,0.00481,0.0379,20.002631925253326,76232
0.212,0.104,0.0517,0.985,0.00376,0.0818,76.01000131596264,76881
0.119,0.242,0.037,0.953,0.101,0.0405,5.000657981313331,76285
0.242,0.192,0.0583,0.97,0.000713,0.08,77.0101329122253,76292
0.0,0.032,0.0,0.916,0.202,0.0,5.000657981313331,101100
0.158,0.00972,0.0463,0.949,0.137,0.0572,17.002237136465325,39082
0.18,0.223,0.0351,0.981,0.128,0.117,8.00105277010133,93852
0.213,0.000281,0.232,0.92,0.187,0.0,1.0001315962626662,101047
0.182,0.115,0.0541,0.85,0.043,0.249,5.000657981313331,76125
0.25,0.168,0.0329,0.822,0.000135,0.141,48.006316620607976,103761
0.204,0.0341,0.0442,0.989,0.0279,0.16,24.003158310303988,101158
0.167,0.165,0.0396,0.954,0.000111,0.157,33.00434267666799,98673
0.233,0.0932,0.0375,0.954,0.237,0.194,1.0001315962626662,16829
0.516,0.328,0.047,0.814,0.0,0.766,24.003158310303988,90385
0.676,0.334,0.0508,0.862,0.0,0.867,18.00236873272799,831
0.587,0.427,0.0282,0.816,0.0153,0.839,50.006579813133314,7417
0.704,0.387,0.0277,0.862,0.0435,0.794,31.004079484142654,87474
0.594,0.318,0.181,0.821,0.000235,0.767,1.0001315962626662,14762
0.607,0.378,0.148,0.837,0.0,0.87,5.000657981313331,52520
0.678,0.494,0.17,0.78,0.0,0.803,5.000657981313331,90403
0.555,0.305,0.0305,0.911,0.0,0.839,21.00276352151599,26538
0.703,0.27,0.0353,0.89,0.0,0.845,26.003421502829323,52230
0.592,0.42,0.0396,0.958,8.35e-06,0.87,22.002895117778657,108492
0.652,0.478,0.0553,0.962,2.42e-05,0.83,13.001710751414661,16624
0.714,0.311,0.181,0.98,2.74e-05,0.826,5.000657981313331,108683
0.559,0.401,0.15,0.942,1.38e-06,0.8,6.000789577575997,108230
0.715,0.491,0.133,0.993,0.0099,0.811,5.000657981313331,93276
0.548,0.47,0.0351,0.848,0.222,0.797,1.0001315962626662,7119
0.687,0.383,0.032,0.766,0.126,0.765,1.0001315962626662,45249
0.554,0.358,0.043,0.929,0.207,0.78,1.0001315962626662,65746
0.628,0.417,0.0431,0.876,0.132,0.81,1.0001315962626662,52957
0.563,0.364,0.053,0.835,0.0,0.906,3.0003947887879985,97865
0.73,0.295,0.0335,0.781,1.72e-05,0.961,12.001579155151994,14557
0.565,0.495,0.0506,0.766,0.000111,0.952,13.001710751414661,92771
0.694,0.445,0.0305,0.808,0.0,0.929,35.00460586919332,97742
0.558,0.375,0.156,0.816,0.0,0.885,1.0001315962626662,52344
0.691,0.363,0.138,0.776,0.0,0.926,2.0002631925253325,26577
0.61,0.404,0.198,0.864,1.75e-06,0.968,2.0002631925253325,87898
0.695,0.397,0.135,0.768,3.91e-05,0.916,3.0003947887879985,98379
0.622,0.346,0.0508,0.958,2.35e-05,0.912,5.000657981313331,52915
0.706,0.323,0.0557,0.989,0.0,0.956,10.001315962626663,93758
0.623,0.45,0.0974,0.924,0.0,0.892,6.000789577575997,108671
0.668,0.461,0.0301,0.917,0.0,0.9,8.00105277010133,14801
0.529,0.363,0.133,0.963,2.71e-06,0.892,2.0002631925253325,108226
0.702,0.315,0.222,0.966,0.0,0.961,1.0001315962626662,108170
0.545,0.459,0.234,0.894,1.98e-06,0.88,3.0003947887879985,106731
0.641,0.422,0.139,0.994,0.0229,0.885,4.000526385050665,93886
0.628,0.361,0.0563,0.982,0.136,0.898,2.0002631925253325,93354
0.551,0.475,0.0791,0.987,0.141,0.966,1.0001315962626662,90281
0.552,0.767,0.0343,0.00909,0.82,0.617,15.001973943939994,24400
0.707,0.863,0.108,0.0351,0.76,0.537,26.003421502829323,24485
0.513,0.935,0.0611,4.49e-05,0.834,0.6,33.00434267666799,10405
0.665,0.907,0.0928,0.000345,0.844,0.56,49.006448216870645,27360
0.719,0.768,0.206,0.000456,0.861,0.624,1.0001315962626662,27626
0.584,0.93,0.176,0.000123,0.815,0.503,1.0001315962626662,6892
0.61,0.791,0.0518,0.213,0.782,0.589,2.0002631925253325,54585
0.658,0.846,0.0689,0.13,0.844,0.594,4.000526385050665,10839
0.714,0.878,0.065,0.153,0.811,0.509,1.0001315962626662,24150
0.566,0.868,0.0487,0.00666,0.918,0.611,11.001447558889328,43619
0.707,0.86,0.0488,0.0352,0.93,0.605,14.001842347677327,13362
0.574,0.893,0.0668,0.077,0.895,0.504,16.00210554020266,1912
0.727,0.962,0.0575,0.00409,0.893,0.583,14.001842347677327,24235
0.599,0.789,0.0263,0.234,0.897,0.602,1.0001315962626662,111507
0.712,0.797,0.0295,0.231,0.9,0.612,2.0002631925253325,111722
0.532,0.967,0.0457,0.146,0.985,0.59,3.0003947887879985,110373
0.694,0.983,0.0665,0.145,0.977,0.519,2.0002631925253325,109498
0.576,0.87,0.0958,0.0541,0.861,0.748,10.001315962626663,50971
0.715,0.758,0.0324,0.00132,0.875,0.683,19.00250032899066,54741
0.576,0.948,0.047,0.033,0.838,0.738,23.003026714041322,23715
0.725,0.937,0.0694,3.78e-05,0.765,0.721,32.00421108040532,24780
0.714,0.831,0.14,0.0799,0.796,0.654,1.0001315962626662,24831
0.641,0.952,0.133,0.000175,0.81,0.715,1.0001315962626662,10758
0.569,0.848,0.0439,0.189,0.849,0.721,2.0002631925253325,54567
0.661,0.847,0.0349,0.225,0.835,0.71,2.0002631925253325,109590
0.658,0.908,0.0513,0.217,0.82,0.732,1.0001315962626662,24543
0.529,0.866,0.0503,7.45e-06,0.936,0.739,8.00105277010133,27447
0.666,0.815,0.0526,0.0396,0.925,0.688,16.00210554020266,24100
0.508,0.934,0.0504,9.31e-05,0.959,0.698,17.002237136465325,17226
0.66,0.962,0.0363,0.00028,0.93,0.694,11.001447558889328,17711
0.539,0.762,0.0339,0.158,0.908,0.661,2.0002631925253325,58840
0.73,0.781,0.0875,0.128,0.948,0.694,4.000526385050665,105684
0.75,0.995,0.0778,0.229,0.883,0.716,3.0003947887879985,10473
0.371,0.519,0.0286,0.303,0.0,0.091,6.000789577575997,55904
0.498,0.617,0.0338,0.277,0.0,0.118,16.00210554020266,9490
0.309,0.687,0.0455,0.257,0.0,0.11,2.0002631925253325,29390
0.499,0.641,0.103,0.252,0.0,0.0433,3.0003947887879985,69160
0.351,0.59,0.0545,0.441,0.0,0.113,4.000526385050665,43274
0.474,0.501,0.0275,0.486,0.0,0.119,12.001579155151994,9672
0.344,0.687,0.0363,0.454,0.000655,0.091,3.0003947887879985,40350
0.434,0.637,0.0613,0.451,0.0,0.1,8.00105277010133,106082
0.316,0.582,0.0601,0.297,0.0,0.206,29.00381629161732,28307
0.459,0.536,0.0304,0.34,0.0,0.203,73.00960652717464,67442
0.295,0.713,0.0559,0.252,1.48e-06,0.239,24.003158310303988,29062
0.482,0.662,0.0521,0.279,0.0,0.182,34.00447427293065,28133
0.489,0.523,0.157,0.296,0.0,0.186,1.0001315962626662,112511
0.493,0.693,0.181,0.366,0.0,0.167,1.0001315962626662,33684
0.261,0.562,0.0301,0.423,7.54e-06,0.167,23.003026714041322,11828
0.402,0.515,0.0398,0.427,9.82e-06,0.238,57.007500986971976,98857
0.336,0.661,0.0338,0.409,1.43e-06,0.19,16.00210554020266,86862
0.434,0.677,0.119,0.384,0.0684,0.218,15.001973943939994,34305
0.419,0.571,0.149,0.408,0.00109,0.143,5.000657981313331,59512
0.451,0.665,0.216,0.426,0.000155,0.229,1.0001315962626662,21717
0.36,0.548,0.0468,0.328,0.217,0.244,1.0001315962626662,44921
0.426,0.617,0.0289,0.341,0.181,0.201,3.0003947887879985,2806
0.489,0.724,0.0352,0.313,0.185,0.15,4.000526385050665,47162
0.288,0.506,0.0466,0.472,0.228,0.136,1.0001315962626662,108980
0.431,0.523,0.036,0.383,0.197,0.145,1.0001315962626662,69880
0.495,0.646,0.0308,0.405,0.15,0.132,2.0002631925253325,38158
0.644,0.153,0.0366,0.777,0.841,0.107,2.0002631925253325,79727
0.619,0.0821,0.0509,0.926,0.767,0.0363,7.000921173838663,5612
0.686,0.105,0.036,0.921,0.8,0.0948,2.0002631925253325,79968
0.567,0.137,0.0467,0.958,0.87,0.111,3.0003947887879985,79785
0.636,0.193,0.0496,0.983,0.874,0.0731,6.000789577575997,79380
0.507,0.0454,0.0576,0.857,0.955,0.0757,2.0002631925253325,54379
0.701,0.015,0.0561,0.863,0.927,0.0364,1.0001315962626662,64957
0.576,0.248,0.0383,0.778,0.912,0.0383,6.000789577575997,26579
0.645,0.242,0.0402,0.805,0.894,0.0744,8.00105277010133,15643
0.507,0.0228,0.0321,0.99,0.918,0.101,37.00486906171865,79864
0.651,0.12,0.0293,0.951,0.923,0.0562,13.001710751414661,4974
0.513,0.185,0.0348,0.967,0.897,0.0341,23.003026714041322,4306
0.733,0.147,0.0393,0.902,0.883,0.0432,16.00210554020266,4178
0.728,0.0111,0.129,0.995,0.97,0.0,1.0001315962626662,26813
0.703,0.241,0.217,0.968,0.948,0.117,1.0001315962626662,105570
0.749,0.124,0.0398,0.849,0.819,0.164,3.0003947887879985,15174
0.551,0.224,0.0424,0.812,0.864,0.134,5.000657981313331,105164
0.727,0.232,0.0386,0.813,0.859,0.238,3.0003947887879985,105666
0.506,0.0851,0.0525,0.995,0.872,0.128,14.001842347677327,39232
0.696,0.11,0.0349,0.992,0.865,0.164,5.000657981313331,79399
0.565,0.218,0.0679,0.927,0.848,0.175,8.00105277010133,15877
0.726,0.248,0.0612,0.903,0.776,0.203,7.000921173838663,105664
0.536,0.0486,0.132,0.92,0.822,0.157,3.0003947887879985,5332
0.74,0.118,0.128,0.917,0.845,0.249,1.0001315962626662,105283
0.547,0.163,0.0294,0.842,0.946,0.179,7.000921173838663,45469
0.673,0.17,0.0347,0.858,0.879,0.213,10.001315962626663,45479
0.7,0.248,0.138,0.863,0.895,0.23,1.0001315962626662,105287
0.527,0.107,0.0472,0.992,0.901,0.249,68.0089485458613,79334
0.704,0.111,0.0599,0.925,0.889,0.179,25.003289906566657,45603
0.567,0.207,0.037,0.963,0.925,0.151,31.004079484142654,4317
0.644,0.162,0.0357,0.913,0.883,0.23,20.002631925253326,111209
0.599,0.119,0.13,0.95,0.919,0.184,3.0003947887879985,45411
0.58,0.161,0.15,0.938,0.925,0.142,2.0002631925253325,105717
0.693,0.16,0.146,0.928,0.956,0.189,1.0001315962626662,45412
0.608,0.575,0.055,0.317,0.0174,0.1,10.001315962626663,23438
0.682,0.543,0.0688,0.261,0.0,0.112,7.000921173838663,29009
0.605,0.655,0.0294,0.291,0.0445,0.0719,7.000921173838663,43804
0.661,0.654,0.0784,0.363,0.000115,0.0372,3.0003947887879985,51782
0.569,0.511,0.165,0.276,0.0,0.0934,1.0001315962626662,112829
0.612,0.542,0.0632,0.381,0.000565,0.0745,4.000526385050665,112061
0.726,0.589,0.0576,0.421,0.00142,0.0398,1.0001315962626662,33823
0.527,0.683,0.035,0.407,1.91e-06,0.114,1.0001315962626662,29714
0.749,0.668,0.119,0.407,0.0364,0.0391,4.000526385050665,36232
0.529,0.53,0.149,0.443,0.00974,0.11,1.0001315962626662,112358
0.53,0.536,0.0391,0.335,0.0259,0.188,52.006843005658645,8454
0.693,0.514,0.0836,0.357,0.0,0.228,24.003158310303988,106556
0.561,0.651,0.031,0.322,0.0,0.162,37.00486906171865,29326
0.745,0.693,0.034,0.339,0.0,0.248,29.00381629161732,39155
0.541,0.58,0.189,0.285,0.0,0.228,4.000526385050665,112130
0.647,0.6,0.135,0.337,0.000945,0.157,3.0003947887879985,107552
0.595,0.689,0.148,0.254,5.44e-06,0.213,4.000526385050665,31666
0.681,0.627,0.159,0.303,7.04e-05,0.135,4.000526385050665,17852
0.524,0.575,0.0294,0.397,1.8e-06,0.206,53.00697460192131,80859
0.731,0.573,0.0544,0.401,5.22e-05,0.145,27.003553099091988,88600
0.503,0.665,0.0314,0.465,6.15e-06,0.161,33.00434267666799,70663
0.635,0.661,0.0681,0.425,0.000272,0.211,10.001315962626663,80436
0.502,0.543,0.145,0.411,0.0126,0.202,7.000921173838663,103462
0.725,0.564,0.149,0.452,0.000139,0.175,3.0003947887879985,112279
0.508,0.701,0.247,0.491,0.0,0.243,1.0001315962626662,36668
0.676,0.67,0.211,0.499,5.14e-05,0.15,2.0002631925253325,94749
0.606,0.517,0.0228,0.358,0.133,0.136,1.0001315962626662,10652
0.736,0.604,0.0437,0.312,0.145,0.187,1.0001315962626662,111788
0.519,0.61,0.0608,0.458,0.151,0.184,3.0003947887879985,32375
0.628,0.517,0.0469,0.485,0.237,0.227,3.0003947887879985,105650
0.692,0.651,0.163,0.475,0.189,0.224,1.0001315962626662,36516
0.607,0.492,0.512,0.535,7.3e-06,0.203,5.000657981313331,60228
0.529,0.404,0.954,0.618,0.0,0.243,4.000526385050665,18688
0.637,0.0523,0.736,0.84,0.0,0.238,1.0001315962626662,98659
0.61,0.131,0.908,0.884,1.48e-05,0.178,1.0001315962626662,59497
0.567,0.481,0.925,0.804,0.0,0.175,5.000657981313331,18222
0.842,0.195,0.527,0.535,1.1e-05,0.428,1.0001315962626662,66025
0.607,0.255,0.541,0.6,0.0,0.471,2.0002631925253325,98699
0.916,0.401,0.519,0.659,5.22e-06,0.42,3.0003947887879985,15778
0.692,0.317,0.957,0.608,0.0,0.321,11.001447558889328,66905
0.666,0.247,0.634,0.798,0.0,0.406,4.000526385050665,14878
0.752,0.191,0.574,0.846,0.0,0.391,1.0001315962626662,98940
0.517,0.301,0.705,0.912,0.0,0.331,12.001579155151994,96635
0.596,0.194,0.937,0.849,0.0,0.332,8.00105277010133,18746
0.713,0.258,0.926,0.8,0.0,0.411,24.003158310303988,14824
0.78,0.313,0.931,0.861,0.0,0.43,1.0001315962626662,66967
0.789,0.421,0.655,0.776,0.496,0.476,1.0001315962626662,105437
0.608,0.353,0.0285,0.561,0.0,0.785,8.00105277010133,90919
0.651,0.339,0.0286,0.611,5.77e-06,0.78,8.00105277010133,90866
0.62,0.446,0.0347,0.589,0.0299,0.868,24.003158310303988,99826
0.692,0.427,0.0347,0.547,1.69e-06,0.867,31.004079484142654,95785
0.609,0.326,0.15,0.6,0.0674,0.805,1.0001315962626662,108215
0.603,0.487,0.165,0.549,0.0,0.792,1.0001315962626662,26041
0.731,0.46,0.221,0.542,0.0,0.873,3.0003947887879985,98538
0.516,0.351,0.044,0.709,8.61e-05,0.796,17.002237136465325,14159
0.687,0.312,0.0336,0.642,4.71e-05,0.849,17.002237136465325,14068
0.581,0.427,0.0325,0.734,0.000809,0.797,41.00539544676931,52513
0.641,0.45,0.0298,0.685,1.12e-06,0.816,47.006185024345314,90523
0.516,0.336,0.187,0.68,0.0,0.77,3.0003947887879985,92682
0.721,0.366,0.132,0.724,2.08e-05,0.798,1.0001315962626662,15715
0.511,0.475,0.161,0.708,0.0,0.819,3.0003947887879985,26011
0.68,0.463,0.165,0.718,0.0,0.858,4.000526385050665,26161
0.535,0.455,0.0643,0.557,0.228,0.775,1.0001315962626662,59344
0.658,0.334,0.0849,0.556,1.25e-05,0.928,5.000657981313331,14772
0.588,0.494,0.0525,0.535,0.0155,0.964,14.001842347677327,92399
0.659,0.42,0.0248,0.542,2.7e-05,0.93,17.002237136465325,52017
0.744,0.5,0.225,0.597,0.0,0.889,3.0003947887879985,96676
0.604,0.366,0.0513,0.641,4.91e-05,0.896,7.000921173838663,92699
0.732,0.347,0.0737,0.699,0.0,0.978,9.001184366363995,14253
0.624,0.432,0.0344,0.656,0.0,0.935,15.001973943939994,92917
0.698,0.416,0.0689,0.663,4.94e-05,0.95,54.007106198183976,87748
0.74,0.295,0.148,0.696,0.0,0.929,1.0001315962626662,94896
0.736,0.48,0.201,0.71,1.9e-05,0.925,1.0001315962626662,96776
0.46,0.721,0.0308,0.564,0.613,0.598,7.000921173838663,38750
0.404,0.889,0.06,0.687,0.733,0.58,1.0001315962626662,41595
0.44,0.59,0.114,0.795,0.685,0.712,4.000526385050665,93871
0.372,0.833,0.11,0.861,0.682,0.582,1.0001315962626662,16355
0.5,0.543,0.305,0.976,0.646,0.52,1.0001315962626662,105873
0.106,0.53,0.0341,0.508,0.86,0.687,1.0001315962626662,59386
0.486,0.591,0.0671,0.623,0.834,0.649,6.000789577575997,45724
0.233,0.825,0.0415,0.68,0.946,0.552,1.0001315962626662,45024
0.456,0.764,0.034,0.566,0.912,0.661,3.0003947887879985,7702
0.452,0.633,0.0475,0.782,0.841,0.506,14.001842347677327,54406
0.194,0.98,0.152,0.833,0.804,0.662,1.0001315962626662,38943
0.415,0.581,0.349,0.864,0.941,0.502,2.0002631925253325,105781
0.403,0.622,0.0331,0.726,0.558,0.83,3.0003947887879985,7758
0.431,0.752,0.132,0.74,0.67,0.758,1.0001315962626662,7872
0.452,0.527,0.0471,0.796,0.712,0.929,2.0002631925253325,90180
0.481,0.953,0.207,0.833,0.647,0.764,1.0001315962626662,38778
0.402,0.83,0.399,0.961,0.531,0.752,1.0001315962626662,16635
0.452,0.55,0.0353,0.544,0.796,0.942,7.000921173838663,7988
0.47,0.818,0.0441,0.679,0.755,0.886,6.000789577575997,96387
0.429,0.535,0.0379,0.815,0.93,0.926,18.00236873272799,76062
0.429,0.839,0.0466,0.916,0.767,0.808,2.0002631925253325,107156
0.346,0.788,0.0943,0.00263,0.532,0.0868,6.000789577575997,59720
0.426,0.76,0.0422,0.000133,0.622,0.0449,6.000789577575997,17264
0.323,0.956,0.0372,0.000116,0.533,0.0467,14.001842347677327,83994
0.462,0.887,0.0368,0.00162,0.571,0.0457,24.003158310303988,27979
0.305,0.998,0.246,7.49e-06,0.581,0.0397,10.001315962626663,42167
0.474,0.977,0.15,0.024,0.604,0.0449,15.001973943939994,41169
0.297,0.978,0.122,0.166,0.607,0.0714,2.0002631925253325,42596
0.329,0.873,0.0705,0.00013,0.734,0.0403,8.00105277010133,110135
0.423,0.853,0.0382,0.00044,0.69,0.107,14.001842347677327,59208
0.368,0.911,0.0936,0.015,0.652,0.0565,17.002237136465325,6188
0.424,0.944,0.0547,0.00014,0.66,0.0369,22.002895117778657,36906
0.365,0.763,0.23,2.71e-05,0.637,0.0664,1.0001315962626662,42168
0.391,0.866,0.148,0.000236,0.726,0.0836,1.0001315962626662,10854
0.274,0.982,0.227,8.3e-05,0.747,0.0808,14.001842347677327,42361
0.432,0.988,0.19,0.000269,0.707,0.109,11.001447558889328,22926
0.254,0.996,0.0549,0.157,0.661,0.012,2.0002631925253325,113667
0.424,0.927,0.0558,0.145,0.707,0.0882,1.0001315962626662,46892
0.312,0.873,0.0561,1.86e-05,0.569,0.179,6.000789577575997,6441
0.406,0.871,0.0914,0.000718,0.539,0.188,5.000657981313331,29816
0.272,0.983,0.11,0.00385,0.559,0.229,12.001579155151994,22972
0.429,0.901,0.1,0.00536,0.542,0.168,25.003289906566657,27079
0.318,0.994,0.202,1.05e-05,0.596,0.126,14.001842347677327,42539
0.425,0.972,0.195,2.07e-05,0.612,0.226,7.000921173838663,10144
0.278,0.845,0.0437,0.221,0.622,0.229,1.0001315962626662,54751
0.335,0.888,0.0887,0.14,0.604,0.149,2.0002631925253325,29512
0.366,0.802,0.0357,0.0228,0.644,0.23,4.000526385050665,83762
0.43,0.781,0.0334,0.0108,0.734,0.206,20.002631925253326,49376
0.309,0.98,0.106,5.17e-06,0.707,0.137,16.00210554020266,22852
0.47,0.878,0.0883,0.0752,0.663,0.156,23.003026714041322,49120
0.473,0.867,0.159,0.00866,0.691,0.153,1.0001315962626662,111221
0.312,0.97,0.16,4.97e-05,0.649,0.157,8.00105277010133,22690
0.434,0.983,0.131,1.76e-05,0.699,0.183,11.001447558889328,59552
0.319,0.865,0.107,0.19,0.699,0.164,2.0002631925253325,29724
0.492,0.806,0.0427,0.221,0.67,0.143,1.0001315962626662,36603
0.364,0.859,0.0442,2.73e-05,0.808,0.317,9.001184366363995,6433
0.486,0.807,0.108,0.106,0.798,0.354,9.001184366363995,59270
0.324,0.955,0.0461,3.95e-05,0.831,0.358,23.003026714041322,41612
0.381,0.957,0.0919,2.06e-06,0.824,0.299,42.00552704303198,22730
0.334,0.815,0.209,0.00168,0.838,0.357,1.0001315962626662,59224
0.3,0.954,0.211,0.0107,0.839,0.283,10.001315962626663,42553
0.422,0.986,0.127,3.66e-05,0.791,0.306,8.00105277010133,22653
0.393,0.876,0.0456,0.149,0.82,0.346,1.0001315962626662,54583
0.32,0.855,0.0539,1.55e-06,0.898,0.31,6.000789577575997,24791
0.417,0.774,0.0509,0.0199,0.928,0.28,11.001447558889328,5950
0.348,0.895,0.0881,1.49e-05,0.9,0.339,22.002895117778657,42635
0.486,0.993,0.0771,0.00449,0.88,0.368,31.004079484142654,27624
0.347,0.917,0.132,0.000566,0.908,0.266,13.001710751414661,42265
0.411,0.906,0.159,1.87e-06,0.957,0.321,5.000657981313331,42698
0.434,0.804,0.0491,0.152,0.943,0.284,2.0002631925253325,5587
0.26,0.848,0.0747,2.61e-05,0.796,0.376,5.000657981313331,42671
0.395,0.751,0.0618,5.71e-05,0.838,0.455,8.00105277010133,3141
0.289,0.887,0.0963,5.03e-06,0.861,0.478,17.002237136465325,42173
0.431,0.9,0.0537,0.0035,0.822,0.45,18.00236873272799,5253
0.322,0.887,0.207,0.000173,0.833,0.416,9.001184366363995,42053
0.5,0.998,0.207,0.000753,0.8,0.481,5.000657981313331,27552
0.492,0.869,0.158,0.178,0.843,0.435,1.0001315962626662,59805
0.276,0.872,0.0394,2.61e-05,0.876,0.46,12.001579155151994,22016
0.476,0.859,0.0432,8.57e-05,0.916,0.406,6.000789577575997,50667
0.352,0.971,0.0884,0.000222,0.955,0.428,7.000921173838663,27202
0.491,0.956,0.0464,0.0954,0.939,0.4,20.002631925253326,10266
0.299,0.855,0.152,9.57e-06,0.891,0.396,1.0001315962626662,42814
0.349,0.987,0.134,0.000193,0.934,0.42,8.00105277010133,27430
0.487,0.98,0.145,0.00135,0.902,0.42,3.0003947887879985,27845
0.503,0.373,0.0304,0.0148,0.0289,0.044,4.000526385050665,44365
0.744,0.357,0.0971,0.0206,1.69e-05,0.114,2.0002631925253325,33332
0.532,0.422,0.0443,0.0964,0.000251,0.114,26.003421502829323,33313
0.636,0.435,0.0292,0.0613,0.0,0.0831,14.001842347677327,20673
0.549,0.497,0.22,0.00436,0.0,0.113,1.0001315962626662,33512
0.643,0.485,0.156,0.0609,0.0,0.115,1.0001315962626662,60382
0.709,0.362,0.055,0.157,0.0,0.113,2.0002631925253325,103450
0.548,0.486,0.0302,0.136,0.000127,0.0696,9.001184366363995,47300
0.636,0.452,0.0329,0.136,1.97e-06,0.0678,7.000921173838663,15379
0.639,0.376,0.141,0.13,0.0143,0.119,1.0001315962626662,32891
0.603,0.296,0.0424,0.103,0.235,0.076,2.0002631925253325,15774
0.676,0.32,0.0354,0.0219,0.127,0.0997,1.0001315962626662,32451
0.594,0.419,0.0255,0.0776,0.219,0.112,1.0001315962626662,5402
0.612,0.499,0.0546,0.127,0.184,0.0398,1.0001315962626662,27058
0.6,0.309,0.035,0.0515,1.38e-05,0.187,12.001579155151994,85318
0.646,0.358,0.0314,0.0355,0.0121,0.188,6.000789577575997,111615
0.553,0.475,0.0239,0.0728,0.0,0.225,66.00868535333598,43698
0.703,0.386,0.0672,0.0645,1.55e-06,0.192,33.00434267666799,33072
0.606,0.349,0.198,0.0762,0.0711,0.239,1.0001315962626662,33219
0.529,0.398,0.24,0.0918,0.0,0.203,2.0002631925253325,106873
0.694,0.419,0.222,0.0312,0.0,0.154,7.000921173838663,33960
0.608,0.375,0.0281,0.198,0.0,0.133,16.00210554020266,32585
0.644,0.349,0.0364,0.206,3.36e-05,0.246,4.000526385050665,32257
0.563,0.493,0.033,0.15,1.12e-06,0.24,49.006448216870645,70560
0.64,0.417,0.0282,0.155,0.0,0.213,28.003684695354654,40887
0.594,0.345,0.172,0.243,0.0,0.215,1.0001315962626662,60666
0.599,0.396,0.185,0.153,4.82e-06,0.228,2.0002631925253325,98311
0.726,0.481,0.207,0.141,0.0,0.224,3.0003947887879985,94087
0.566,0.366,0.028,0.113,0.181,0.237,2.0002631925253325,57250
0.533,0.376,0.0393,0.0302,0.248,0.187,4.000526385050665,11055
0.673,0.497,0.0452,0.0851,0.222,0.224,1.0001315962626662,5907
0.621,0.485,0.219,0.108,0.13,0.14,1.0001315962626662,24005
0.698,0.476,0.0417,0.185,0.238,0.181,2.0002631925253325,23225
0.777,0.501,0.0939,0.606,0.000181,0.762,25.003289906566657,94957
0.911,0.521,0.0475,0.612,1.14e-06,0.833,2.0002631925253325,14909
0.767,0.738,0.0699,0.522,0.0,0.851,38.00500065798132,26291
0.877,0.628,0.0669,0.504,0.0,0.793,4.000526385050665,9265
0.826,0.581,0.21,0.518,2.49e-06,0.787,5.000657981313331,81121
0.899,0.523,0.143,0.516,0.0,0.821,1.0001315962626662,35384
0.837,0.716,0.14,0.611,0.0,0.819,7.000921173838663,14904
0.863,0.532,0.0344,0.669,0.000158,0.868,28.003684695354654,56970
0.949,0.558,0.0593,0.719,0.0,0.85,1.0001315962626662,14464
0.814,0.673,0.0456,0.686,0.000141,0.807,24.003158310303988,35869
0.833,0.521,0.247,0.685,0.0,0.814,4.000526385050665,66746
0.889,0.501,0.132,0.689,0.000936,0.766,1.0001315962626662,14578
0.752,0.695,0.158,0.674,7.1e-06,0.79,1.0001315962626662,9653
0.942,0.676,0.212,0.75,0.0,0.801,1.0001315962626662,106365
0.8,0.501,0.0376,0.623,0.153,0.854,1.0001315962626662,14558
0.76,0.626,0.0789,0.562,0.221,0.857,1.0001315962626662,1822
0.851,0.564,0.0341,0.537,0.0,0.897,27.003553099091988,69830
0.958,0.545,0.0883,0.577,1.99e-06,0.892,6.000789577575997,66211
0.76,0.678,0.0354,0.511,0.00936,0.965,32.00421108040532,67932
0.876,0.725,0.0682,0.614,8.94e-06,0.901,6.000789577575997,35518
0.834,0.501,0.135,0.576,0.0,0.898,1.0001315962626662,14650
0.889,0.566,0.13,0.553,0.0015,0.918,4.000526385050665,66975
0.79,0.74,0.168,0.581,0.000165,0.948,6.000789577575997,80614
0.897,0.721,0.155,0.519,0.0462,0.961,1.0001315962626662,21467
0.811,0.545,0.0665,0.688,0.0,0.91,22.002895117778657,103764
0.899,0.578,0.0803,0.705,0.0,0.97,5.000657981313331,34932
0.832,0.692,0.0523,0.731,0.0,0.942,37.00486906171865,35495
0.984,0.65,0.0627,0.674,0.00516,0.91,4.000526385050665,66576
0.78,0.526,0.173,0.709,0.0,0.946,1.0001315962626662,26322
0.861,0.708,0.146,0.707,0.0,0.877,1.0001315962626662,37649
0.789,0.532,0.0459,0.54,0.159,0.904,1.0001315962626662,1897
0.799,0.696,0.0734,0.522,0.134,0.952,1.0001315962626662,25724
0.766,0.582,0.0383,0.655,0.228,0.95,1.0001315962626662,90331
0.79,0.642,0.0825,0.689,0.248,0.943,1.0001315962626662,66151
0.893,0.671,0.0619,0.646,0.2,0.933,1.0001315962626662,1225
0.59,0.574,0.033,0.78,1.56e-05,0.854,31.004079484142654,77367
0.647,0.582,0.036,0.787,0.0,0.816,16.00210554020266,77332
0.584,0.709,0.0354,0.769,0.0,0.787,31.004079484142654,90422
0.661,0.634,0.05,0.753,0.0,0.869,26.003421502829323,96438
0.553,0.589,0.152,0.849,0.0,0.788,2.0002631925253325,18899
0.631,0.502,0.242,0.835,3.75e-05,0.776,6.000789577575997,1250
0.68,0.675,0.191,0.772,0.0,0.805,3.0003947887879985,92461
0.624,0.509,0.0505,0.961,0.00888,0.824,9.001184366363995,108363
0.717,0.508,0.0295,0.889,0.0,0.762,3.0003947887879985,62014
0.509,0.636,0.0729,0.897,3.29e-06,0.871,4.000526385050665,108687
0.501,0.694,0.148,0.977,0.00304,0.811,2.0002631925253325,108262
0.64,0.75,0.13,0.902,3.91e-05,0.79,2.0002631925253325,108062
0.611,0.508,0.0306,0.866,0.163,0.773,1.0001315962626662,7657
0.714,0.51,0.0453,0.76,0.133,0.832,3.0003947887879985,2364
0.574,0.654,0.0292,0.914,0.244,0.76,1.0001315962626662,7863
0.55,0.55,0.0522,0.784,4.51e-06,0.896,26.003421502829323,108156
0.647,0.513,0.0421,0.758,8.64e-06,0.955,29.00381629161732,90756
0.538,0.688,0.0711,0.778,0.0,0.893,32.00421108040532,95584
0.693,0.713,0.0365,0.853,0.00377,0.907,29.00381629161732,95885
0.518,0.617,0.152,0.836,0.0,0.93,2.0002631925253325,96016
0.675,0.588,0.177,0.789,0.0,0.879,1.0001315962626662,1301
0.609,0.63,0.175,0.762,0.0,0.934,3.0003947887879985,9646
0.666,0.644,0.145,0.753,0.000262,0.89,3.0003947887879985,80233
0.543,0.52,0.0707,0.878,8.03e-06,0.905,4.000526385050665,52437
0.626,0.609,0.0717,0.971,0.00328,0.908,4.000526385050665,108770
0.588,0.711,0.038,0.924,0.00698,0.951,4.000526385050665,1119
0.626,0.726,0.03,0.953,0.000416,0.896,7.000921173838663,80332
0.688,0.59,0.131,0.892,0.0591,0.902,3.0003947887879985,95448
0.549,0.545,0.0299,0.801,0.173,0.91,2.0002631925253325,7819
0.514,0.802,0.0313,0.0416,0.522,0.295,14.001842347677327,23347
0.685,0.826,0.029,0.0962,0.508,0.34,2.0002631925253325,83482
0.555,0.959,0.0668,2.68e-05,0.543,0.299,32.00421108040532,22461
0.686,0.927,0.0398,0.00446,0.57,0.313,10.001315962626663,10825
0.671,0.92,0.178,0.000653,0.518,0.36,3.0003947887879985,46142
0.519,0.809,0.0646,0.182,0.51,0.284,3.0003947887879985,38468
0.63,0.774,0.0413,0.192,0.585,0.304,2.0002631925253325,83717
0.605,0.807,0.0447,0.000157,0.728,0.36,15.001973943939994,13483
0.711,0.758,0.0421,4.64e-05,0.631,0.334,20.002631925253326,32880
0.537,0.994,0.0776,0.000131,0.685,0.356,23.003026714041322,46087
0.691,0.901,0.0546,0.0533,0.684,0.332,19.00250032899066,46443
0.723,0.832,0.221,0.00284,0.75,0.296,2.0002631925253325,46818
0.604,0.995,0.164,0.00306,0.626,0.262,5.000657981313331,109126
0.634,0.927,0.136,0.048,0.687,0.35,5.000657981313331,110256
0.649,0.845,0.056,0.202,0.749,0.294,2.0002631925253325,32224
0.628,0.883,0.0313,0.168,0.696,0.331,3.0003947887879985,83120
0.578,0.83,0.0414,0.00556,0.564,0.392,23.003026714041322,75206
0.678,0.849,0.0367,0.0461,0.625,0.499,12.001579155151994,25061
0.502,0.992,0.0468,9.96e-06,0.559,0.48,11.001447558889328,10986
0.689,0.898,0.031,0.00125,0.527,0.407,10.001315962626663,110712
0.579,0.999,0.129,0.018,0.521,0.427,2.0002631925253325,29539
0.588,0.755,0.0434,0.0497,0.684,0.437,18.00236873272799,63675
0.704,0.766,0.102,0.00675,0.748,0.475,12.001579155151994,110539
0.527,0.899,0.107,0.000165,0.734,0.454,23.003026714041322,27715
0.63,0.918,0.0413,0.000322,0.635,0.468,8.00105277010133,109582
0.622,0.769,0.0528,0.167,0.713,0.433,2.0002631925253325,73980
0.636,0.82,0.0584,0.134,0.675,0.395,2.0002631925253325,46910
0.559,0.777,0.0432,0.31,0.0,0.329,29.00381629161732,57366
0.697,0.751,0.0943,0.343,0.00291,0.305,10.001315962626663,36108
0.704,0.915,0.0488,0.306,0.0,0.291,2.0002631925253325,70772
0.62,0.785,0.19,0.334,0.00174,0.301,5.000657981313331,61132
0.694,0.758,0.218,0.278,1.34e-06,0.371,4.000526385050665,31352
0.588,0.911,0.171,0.252,2.57e-06,0.259,4.000526385050665,87715
0.655,0.944,0.151,0.319,0.0,0.344,3.0003947887879985,87774
0.515,0.766,0.0936,0.46,3.27e-06,0.346,14.001842347677327,51389
0.747,0.832,0.0633,0.415,0.0,0.26,5.000657981313331,112395
0.662,0.947,0.0517,0.431,0.007,0.31,2.0002631925253325,11732
0.537,0.786,0.132,0.456,0.000484,0.356,4.000526385050665,17235
0.748,0.79,0.169,0.492,0.0,0.279,4.000526385050665,31906
0.524,0.758,0.0538,0.27,0.13,0.319,4.000526385050665,55017
0.613,0.812,0.0355,0.259,0.0,0.394,56.00736939070931,624
0.653,0.811,0.0363,0.262,0.0,0.404,34.00447427293065,12292
0.501,0.903,0.0484,0.292,0.0,0.487,9.001184366363995,61534
0.627,0.959,0.0298,0.316,0.00576,0.397,10.001315962626663,11776
0.524,0.765,0.184,0.319,0.0,0.475,10.001315962626663,81923
0.691,0.762,0.226,0.278,0.0,0.42,4.000526385050665,107304
0.6,0.964,0.159,0.342,0.0,0.408,2.0002631925253325,49675
0.694,0.89,0.222,0.3,0.0,0.429,3.0003947887879985,66973
0.541,0.825,0.0337,0.376,0.000445,0.422,28.003684695354654,55607
0.746,0.802,0.0511,0.396,0.0814,0.385,19.00250032899066,23788
0.536,0.921,0.119,0.488,0.0,0.39,2.0002631925253325,96723
0.706,0.906,0.0621,0.443,3.31e-06,0.407,3.0003947887879985,77218
0.506,0.793,0.154,0.498,3.16e-05,0.429,5.000657981313331,9764
0.747,0.788,0.201,0.42,0.0,0.418,6.000789577575997,5741
0.573,0.993,0.196,0.426,2.53e-06,0.425,4.000526385050665,61484
