r,g,b,weight,source_index
113.0,120.0,128.0,215.0001241366011,106492
121.0,144.0,128.0,279.0001610888917,1687380
148.0,196.0,84.0,28.00001616662712,190455
24.0,34.0,43.0,301.00017379124154,88749
100.0,31.0,34.0,105.0000606248517,1435110
242.0,190.0,192.0,25.0000144344885,734636
188.0,202.0,215.0,68.00003926180872,102474
69.0,86.0,96.0,440.00025404699755,94608
107.0,73.0,97.0,180.0001039283172,217722
13.0,11.0,16.0,514.0002967730835,200134
15.0,19.0,22.0,257.00014838654175,136945
126.0,160.0,83.0,104.00006004747216,1018157
95.0,130.0,97.0,31.000017898765737,1616272
217.0,16.0,35.0,115.00006639864709,775010
228.0,20.0,34.0,90.0000519641586,794750
225.0,44.0,35.0,247.00014261274637,623902
58.0,98.0,27.0,9.00000519641586,1423591
60.0,98.0,61.0,26.00001501186804,1461705
134.0,167.0,80.0,349.0002015054595,293469
200.0,95.0,100.0,13.00000750593402,752470
245.0,95.0,97.0,14.00000808331356,728182
129.0,68.0,112.0,132.00007621409927,225679
168.0,91.0,99.0,9.00000519641586,252565
103.0,14.0,16.0,295.0001703269643,294161
127.0,14.0,18.0,1212.0006997840023,851043
102.0,23.0,18.0,1665.000961336934,544458
62.0,54.0,8.0,1602.000924962023,1244918
145.0,1.0,24.0,1216.0007020935207,490307
212.0,157.0,162.0,27.000015589247578,277323
255.0,157.0,163.0,5.0000028868977,423054
223.0,187.0,173.0,337.00019457690496,592647
220.0,192.0,92.0,195.00011258901029,491327
255.0,239.0,77.0,107.00006177961077,676019
246.0,224.0,105.0,354.00020439235715,1228456
34.0,5.0,23.0,1798.0010381284128,231602
63.0,14.0,17.0,240.0001385710896,1640239
48.0,28.0,17.0,1427.0008239206036,1616017
161.0,7.0,17.0,338.0001951542845,633747
190.0,4.0,17.0,255.00014723178268,748327
186.0,30.0,18.0,1038.0005993199625,710464
79.0,115.0,67.0,125.0000721724425,1333503
77.0,110.0,81.0,280.0001616662712,1293107
79.0,113.0,80.0,22.000012702349878,1330666
4.0,3.0,9.0,831.0004798023976,155733
9.0,7.0,8.0,1105.0006380043917,179387
7.0,9.0,8.0,326.00018822573,174777
190.0,37.0,21.0,1670.0009642238317,447795
65.0,15.0,16.0,119.00006870816526,1635299
82.0,11.0,17.0,152.00008776169008,321954
69.0,20.0,16.0,1211.0006992066228,1684238
90.0,27.0,20.0,1185.0006841947547,238937
47.0,40.0,48.0,295.0001703269643,198235
60.0,45.0,50.0,167.00009642238317,247291
46.0,50.0,51.0,258.00014896392133,173831
209.0,64.0,20.0,1093.0006310758372,1364042
216.0,95.0,16.0,1418.0008187241876,961223
113.0,133.0,70.0,779.0004497786616,873505
109.0,144.0,76.0,346.00019977332084,1635203
121.0,146.0,78.0,372.00021478518886,769316
110.0,145.0,87.0,1272.000734426775,1430467
26.0,16.0,4.0,4462.002576267508,1671347
18.0,24.0,0.0,6782.00391578804,1377183
24.0,25.0,7.0,4544.00262361263,1372818
29.0,23.0,11.0,5524.003189444578,1581690
163.0,93.0,31.0,1436.0008291170193,384667
134.0,140.0,0.0,171.00009873190135,4442
154.0,163.0,10.0,14.00000808331356,3457
190.0,160.0,14.0,64.00003695229056,1244583
144.0,164.0,49.0,24.00001385710896,167687
167.0,163.0,63.0,151.00008718431053,658783
113.0,104.0,75.0,1468.0008475931647,217110
115.0,121.0,73.0,1485.0008574086169,498871
122.0,103.0,86.0,825.0004763381205,648041
137.0,70.0,17.0,1790.0010335093766,1152523
155.0,83.0,25.0,1312.0007575219565,899557
44.0,66.0,43.0,1058.0006108675532,1551150
47.0,83.0,37.0,1.00000057737954,978193
45.0,65.0,54.0,64.00003695229056,1517564
47.0,84.0,50.0,1.00000057737954,1462693
146.0,156.0,168.0,195.00011258901029,109448
161.0,159.0,172.0,40.0000230951816,177485
152.0,167.0,164.0,165.0000952676241,103443
168.0,162.0,166.0,437.000252314859,202184
12.0,35.0,0.0,267.00015416033716,271712
31.0,53.0,7.0,422.00024365416584,278801
14.0,32.0,16.0,4.00000230951816,373475
28.0,51.0,25.0,273.0001576246144,1367233
76.0,96.0,45.0,1586.0009157239504,1382129
79.0,120.0,44.0,79.00004561298366,1633105
81.0,115.0,38.0,968.0005589033947,1621250
78.0,117.0,54.0,110.00006351174939,1144294
105.0,93.0,9.0,533.0003077432948,861076
127.0,80.0,2.0,1486.0008579859964,1026760
100.0,80.0,27.0,932.0005381177313,1297651
196.0,104.0,31.0,1187.000685349514,1186083
221.0,102.0,22.0,1244.0007182601478,1140518
194.0,114.0,25.0,987.000569873606,944506
209.0,127.0,27.0,647.0003735645623,1191858
169.0,93.0,44.0,1487.000858563376,1239239
164.0,77.0,60.0,1593.0009197656073,351075
175.0,89.0,54.0,1558.0008995573232,1421808
223.0,192.0,14.0,101.00005831533353,1255450
255.0,225.0,23.0,8.00000461903632,708709
216.0,193.0,63.0,101.00005831533353,1278815
255.0,224.0,35.0,23.00001327972942,558173
69.0,79.0,68.0,1320.0007621409927,1731601
81.0,77.0,65.0,1097.0006333853553,212644
68.0,72.0,81.0,413.00023845775,109454
83.0,79.0,80.0,33.00001905352482,181602
75.0,83.0,94.0,475.00027425528145,91664
85.0,95.0,86.0,667.0003851121531,807952
218.0,40.0,4.0,1702.000982699977,725416
206.0,37.0,18.0,1180.0006813078571,434949
217.0,40.0,22.0,544.0003140944698,614025
203.0,48.0,28.0,1182.0006824626162,535229
212.0,48.0,23.0,676.000390308569,727217
217.0,0.0,0.0,1433.0008273848807,1450082
204.0,7.0,27.0,1016.0005866176126,760187
215.0,4.0,21.0,742.0004284156187,781906
199.0,20.0,23.0,655.0003781835986,242804
214.0,28.0,29.0,289.000166862687,748013
208.0,68.0,33.0,815.000470564325,378021
220.0,91.0,34.0,1386.0008002480424,705239
211.0,70.0,63.0,444.00025635651576,315543
216.0,91.0,59.0,1742.0010057951586,1325481
163.0,116.0,0.0,993.0005733378832,1635777
174.0,97.0,17.0,1120.0006466650848,1194549
182.0,97.0,30.0,1144.0006605221938,489831
168.0,122.0,28.0,731.0004220644437,1339842
186.0,120.0,24.0,1093.0006310758372,1268699
216.0,121.0,73.0,1544.0008914740097,1268158
207.0,108.0,87.0,1101.0006356948734,506633
221.0,111.0,86.0,795.0004590167342,1139446
111.0,148.0,104.0,485.00028002907686,1640939
110.0,134.0,120.0,425.00024538630447,1719976
114.0,132.0,116.0,1047.0006045163784,1438280
110.0,144.0,119.0,24.00001385710896,1432510
123.0,158.0,116.0,1383.0007985159039,1381938
205.0,112.0,32.0,859.0004959690248,517665
214.0,125.0,41.0,802.000463058391,454827
220.0,110.0,57.0,1701.0009821225974,981669
206.0,123.0,55.0,1384.0007990932834,360072
216.0,119.0,51.0,1269.000732694636,959943
125.0,66.0,34.0,1640.0009469024455,356199
104.0,94.0,41.0,1698.0009803904588,935898
107.0,67.0,57.0,848.0004896178499,216032
119.0,73.0,60.0,676.000390308569,368040
125.0,82.0,48.0,1493.000862027653,912675
205.0,150.0,0.0,1171.0006761114412,1448458
195.0,134.0,27.0,1018.0005877723717,1151855
221.0,133.0,25.0,773.0004463143844,597996
199.0,154.0,29.0,309.00017841027784,880844
208.0,149.0,19.0,743.0004289929982,1258803
255.0,141.0,6.0,1789.001032931997,841263
224.0,138.0,25.0,558.0003221777833,1104235
255.0,143.0,16.0,457.00026386244974,525854
235.0,147.0,21.0,646.0003729871828,797220
240.0,147.0,26.0,574.000331415856,654378
197.0,165.0,106.0,1671.0009648012112,439000
222.0,167.0,102.0,1150.000663986471,635328
207.0,178.0,110.0,657.0003793383578,968393
203.0,166.0,114.0,1183.0006830399957,321718
209.0,172.0,120.0,717.0004139811301,419024
169.0,35.0,32.0,1464.0008452836464,1247500
180.0,46.0,34.0,1558.0008995573232,288326
171.0,39.0,52.0,134.00007736885834,523816
178.0,36.0,48.0,462.0002667493475,247773
161.0,60.0,48.0,621.0003585526944,1432213
177.0,52.0,50.0,1092.0006304984577,759835
143.0,66.0,40.0,1646.0009503667227,1047826
128.0,90.0,43.0,1490.0008602955145,354524
158.0,85.0,44.0,1212.0006997840023,436837
131.0,79.0,55.0,757.0004370763118,415240
145.0,78.0,59.0,1063.000613754451,882038
139.0,95.0,58.0,1302.000751748161,329601
146.0,90.0,55.0,1086.0006270341803,1373524
94.0,129.0,29.0,8.00000461903632,276705
97.0,128.0,25.0,74.00004272608595,1048530
117.0,165.0,30.0,5.0000028868977,163732
95.0,131.0,43.0,148.0000854521719,1592075
120.0,162.0,60.0,32.00001847614528,1603899
252.0,204.0,138.0,1056.0006097127941,1156281
232.0,211.0,128.0,998.0005762247808,1075108
253.0,210.0,132.0,1393.000804289699,799204
230.0,196.0,159.0,1003.0005791116786,343321
247.0,193.0,149.0,707.0004082073348,650156
237.0,215.0,158.0,1404.000810640874,652710
245.0,223.0,150.0,1163.000671492405,829207
241.0,171.0,13.0,1638.0009457476865,1453735
233.0,176.0,7.0,1542.0008903192506,1577535
251.0,190.0,11.0,1161.000670337646,1542329
239.0,171.0,26.0,592.0003418086876,658259
247.0,163.0,28.0,580.0003348801332,793269
228.0,184.0,17.0,376.000217094707,1332906
255.0,188.0,29.0,423.0002442315454,477827
196.0,128.0,79.0,1165.000672647164,942186
220.0,131.0,65.0,942.0005438915266,412780
205.0,155.0,66.0,1241.000716528009,437094
222.0,157.0,77.0,953.0005502427016,1005970
206.0,134.0,86.0,1234.0007124863523,388882
221.0,143.0,94.0,1628.000939973891,942191
197.0,159.0,84.0,1251.0007223018044,351963
216.0,157.0,89.0,889.000513290411,425553
174.0,108.0,47.0,1013.0005848854739,565803
186.0,103.0,35.0,1450.0008372003329,1516842
173.0,126.0,38.0,996.0005750700218,1238081
185.0,119.0,41.0,948.0005473558039,1560123
161.0,98.0,57.0,1107.0006391591508,896440
182.0,101.0,56.0,1597.0009220751253,382856
161.0,116.0,49.0,1194.0006893911707,296607
183.0,112.0,58.0,953.0005502427016,354015
79.0,64.0,0.0,597.0003446955853,589515
81.0,70.0,14.0,978.00056467719,1159500
74.0,84.0,11.0,219.00012644611925,113283
92.0,83.0,14.0,170.0000981545218,342847
77.0,84.0,30.0,1473.0008504800624,3562
82.0,90.0,31.0,708.0004087847143,1590
243.0,105.0,14.0,66.00003810704963,552902
243.0,125.0,1.0,662.0003822252554,722516
230.0,104.0,28.0,794.0004584393547,1147346
248.0,108.0,31.0,90.0000519641586,555866
229.0,116.0,24.0,642.0003706776647,1156221
243.0,125.0,27.0,263.000151850819,1144515
237.0,161.0,67.0,1324.0007644505108,1325038
255.0,171.0,78.0,774.0004468917639,1147549
225.0,182.0,67.0,1108.0006397365303,1193846
245.0,182.0,79.0,1162.0006709150255,568991
238.0,162.0,86.0,1019.0005883497512,467134
241.0,163.0,80.0,711.0004105168529,520211
231.0,180.0,88.0,1275.0007361589135,1140461
243.0,189.0,93.0,1482.0008556764783,624681
164.0,99.0,77.0,1034.0005970104444,806718
161.0,113.0,65.0,864.0004988559225,459817
182.0,115.0,72.0,1072.0006189508667,331493
175.0,108.0,92.0,507.0002927314268,595519
188.0,111.0,93.0,962.0005554391174,1549328
161.0,114.0,86.0,664.0003833800146,551400
185.0,121.0,94.0,996.0005750700218,623818
166.0,139.0,68.0,1360.0007852361744,415678
184.0,129.0,73.0,1215.0007015161411,370883
173.0,157.0,72.0,312.00018014241647,342869
189.0,156.0,79.0,1108.0006397365303,450078
163.0,142.0,89.0,969.0005594807742,1425141
179.0,131.0,93.0,861.0004971237839,316066
168.0,153.0,86.0,632.0003649038692,334556
185.0,155.0,82.0,1510.0008718431054,293043
142.0,101.0,35.0,1392.0008037123196,524177
145.0,103.0,45.0,1266.0007309624975,374983
136.0,125.0,36.0,236.00013626157144,344822
146.0,122.0,36.0,720.0004157132688,874909
140.0,97.0,52.0,1391.00080313494,369699
146.0,100.0,51.0,1135.0006553257779,367365
138.0,116.0,58.0,624.0003602848329,445715
144.0,117.0,62.0,1173.0006772662005,1583448
203.0,129.0,102.0,1211.0006992066228,361088
215.0,129.0,102.0,1564.0009030216004,442368
204.0,148.0,101.0,807.0004659452887,360926
218.0,152.0,100.0,1251.0007223018044,476963
200.0,137.0,120.0,718.0004145585096,751440
215.0,134.0,113.0,860.0004965464044,527387
196.0,154.0,112.0,532.0003071659153,798003
217.0,159.0,119.0,980.0005658319492,605666
235.0,192.0,98.0,1048.000605093758,432152
246.0,203.0,108.0,1546.0008926287687,670450
234.0,215.0,97.0,188.0001085473535,1263011
245.0,208.0,104.0,525.0003031242585,979292
255.0,192.0,114.0,1395.0008054444581,497509
226.0,213.0,119.0,321.00018533883235,1240306
243.0,208.0,127.0,971.0005606355332,428200
41.0,38.0,21.0,1749.0010098368155,1164584
36.0,44.0,21.0,4177.002411714338,922317
42.0,46.0,23.0,3196.0018453050097,16622
35.0,38.0,27.0,5292.003055492525,261957
41.0,37.0,28.0,1290.0007448196066,84279
32.0,40.0,27.0,3105.0017927634717,82029
45.0,44.0,26.0,3863.002230417163,501812
234.0,172.0,97.0,780.0004503560411,398339
255.0,169.0,98.0,689.000397814503,857292
224.0,181.0,102.0,1170.0006755340617,1113767
255.0,187.0,104.0,1201.0006934328276,643454
225.0,174.0,117.0,734.0004237965824,742846
244.0,160.0,126.0,891.0005144451701,1102959
232.0,176.0,127.0,988.0005704509855,329322
255.0,177.0,127.0,871.0005028975793,637623
202.0,133.0,38.0,933.0005386951108,1158052
214.0,135.0,43.0,727.0004197549256,1218282
204.0,151.0,35.0,701.0004047430575,1483988
209.0,156.0,42.0,987.000569873606,1106863
202.0,141.0,50.0,982.0005669867082,1215316
215.0,139.0,53.0,774.0004468917639,1385425
202.0,145.0,56.0,854.0004930821272,742579
208.0,150.0,53.0,1186.0006847721345,1244061
46.0,73.0,6.0,244.00014088060774,261842
54.0,65.0,9.0,649.0003747193215,20352
47.0,80.0,9.0,4.00000230951816,287518
57.0,92.0,0.0,112.00006466650848,282576
45.0,66.0,23.0,784.0004526655594,293510
60.0,80.0,31.0,860.0004965464044,303395
133.0,141.0,104.0,1087.0006276115598,231041
154.0,133.0,102.0,674.0003891538099,1013796
139.0,149.0,99.0,1434.0008279622602,957642
145.0,145.0,109.0,545.0003146718493,1011818
135.0,128.0,120.0,1044.0006027842396,139699
149.0,133.0,118.0,357.0002061244958,205147
128.0,152.0,116.0,1305.0007534802996,1190274
156.0,154.0,115.0,603.0003481598626,324357
109.0,98.0,44.0,465.0002684814861,373810
126.0,107.0,38.0,640.0003695229055,1587409
103.0,112.0,47.0,448.0002586660339,107349
126.0,118.0,33.0,108.00006235699031,903364
116.0,109.0,57.0,1403.0008100634946,1366510
96.0,123.0,52.0,1272.000734426775,276676
122.0,117.0,61.0,400.000230951816,1368656
66.0,37.0,42.0,456.0002632850702,202131
92.0,32.0,34.0,587.00033892179,222907
82.0,55.0,34.0,1279.0007384684316,297713
74.0,41.0,62.0,320.0001847614528,229758
89.0,41.0,57.0,52.00003002373608,220916
64.0,61.0,54.0,1390.0008025575605,97199
85.0,54.0,52.0,337.00019457690496,249595
137.0,39.0,38.0,1199.0006922780683,1433154
153.0,44.0,39.0,1243.0007176827683,1432179
134.0,57.0,39.0,1611.000930158439,794860
128.0,45.0,53.0,20.0000115475908,272316
157.0,42.0,49.0,60.0000346427724,287267
141.0,63.0,50.0,282.00016282103024,1425343
158.0,62.0,48.0,378.0002182494661,984973
135.0,108.0,65.0,1083.0006253020417,800289
156.0,102.0,78.0,818.0004722964637,504207
143.0,119.0,71.0,1103.0006368496327,501531
157.0,117.0,65.0,1164.0006720697845,1093354
136.0,99.0,83.0,426.000245963684,324857
148.0,101.0,85.0,350.000202082839,412035
131.0,114.0,84.0,914.0005277248995,785579
147.0,121.0,84.0,749.0004324572755,1023647
199.0,193.0,131.0,453.0002615529316,296627
217.0,210.0,132.0,166.00009584500364,330014
196.0,195.0,147.0,550.0003175587469,1462125
214.0,201.0,149.0,1668.0009630690727,839673
199.0,209.0,148.0,8.00000461903632,1540185
221.0,210.0,144.0,283.0001633984098,810406
74.0,23.0,66.0,280.0001616662712,210966
105.0,17.0,78.0,149.00008602955145,231538
116.0,37.0,94.0,342.0001974638027,239459
115.0,30.0,98.0,8.00000461903632,224673
111.0,42.0,99.0,222.00012817825788,220679
21.0,17.0,16.0,5543.00320041479,1020302
24.0,23.0,18.0,2465.001423240566,138291
23.0,25.0,20.0,2435.00140591918,153005
16.0,16.0,24.0,337.00019457690496,186394
29.0,23.0,25.0,156.00009007120823,255396
23.0,27.0,30.0,163.000094112865,95638
30.0,31.0,25.0,1973.0011391698324,227310
6.0,17.0,0.0,1337.0007719564449,928854
3.0,25.0,0.0,107.00006177961077,951688
12.0,27.0,0.0,1748.001009259436,1605454
7.0,17.0,8.0,41.00002367256114,1380083
13.0,16.0,9.0,6861.003961401024,86448
7.0,24.0,8.0,2.00000115475908,1730417
13.0,30.0,14.0,452.00026097555207,1730418
238.0,131.0,97.0,1025.0005918140284,1139435
254.0,130.0,104.0,623.0003597074534,422080
225.0,150.0,111.0,964.0005565938765,382526
251.0,148.0,107.0,776.000448046523,675646
236.0,135.0,115.0,482.00027829693823,525452
248.0,134.0,123.0,413.00023845775,425035
226.0,150.0,118.0,939.000542159388,508823
243.0,152.0,125.0,729.0004209096846,951005
118.0,0.0,0.0,5211.003008724782,369596
122.0,3.0,5.0,6812.003933109426,1204971
116.0,11.0,5.0,2054.001185937575,310069
123.0,8.0,3.0,2280.001316425351,914523
113.0,2.0,8.0,1059.0006114449327,1021567
127.0,1.0,13.0,1811.0010456343468,467568
119.0,11.0,8.0,1800.0010392831718,1122327
125.0,13.0,12.0,2393.001381669239,843176
204.0,160.0,71.0,556.0003210230242,306979
220.0,162.0,65.0,1048.000605093758,1261692
196.0,182.0,73.0,43.00002482732022,1071011
223.0,188.0,68.0,334.00019284476633,379441
203.0,160.0,82.0,1437.0008296943988,535033
212.0,166.0,81.0,1237.0007142184909,1585405
205.0,182.0,88.0,187.00010796997398,715920
219.0,184.0,94.0,793.0004578619752,919015
224.0,165.0,47.0,779.0004497786616,525524
246.0,164.0,39.0,668.0003856895327,1496735
230.0,182.0,46.0,393.0002269101592,1239381
255.0,177.0,41.0,540.0003117849516,414145
235.0,163.0,63.0,1022.0005900818899,1168846
253.0,166.0,50.0,767.0004428501071,632527
226.0,185.0,57.0,555.0003204456447,1193183
255.0,188.0,61.0,716.0004134037506,1131897
143.0,107.0,13.0,766.0004422727276,1559073
144.0,96.0,11.0,1670.0009642238317,408350
141.0,117.0,7.0,63.00003637491102,364597
144.0,122.0,3.0,408.0002355708523,1621973
133.0,99.0,28.0,767.0004428501071,793616
156.0,96.0,23.0,1184.0006836173752,962270
131.0,117.0,29.0,125.0000721724425,346800
151.0,115.0,19.0,389.00022460064105,325691
22.0,4.0,0.0,3193.001843572871,1421193
30.0,0.0,0.0,2146.0012390564925,861049
19.0,13.0,1.0,6402.003696383815,1104972
27.0,15.0,0.0,3112.0017968051284,1619360
16.0,4.0,8.0,1463.000844706267,240590
25.0,4.0,9.0,358.0002067018753,281205
22.0,12.0,10.0,3956.00228411346,269047
25.0,15.0,14.0,738.0004261061005,115222
232.0,169.0,134.0,652.00037645146,1274172
255.0,167.0,132.0,823.0004751833613,462467
227.0,191.0,133.0,656.0003787609783,572605
254.0,177.0,131.0,740.0004272608596,1226167
234.0,164.0,152.0,641.0003701002851,503230
251.0,169.0,147.0,588.0003394991695,557632
236.0,182.0,158.0,471.0002719457633,427173
247.0,183.0,158.0,768.0004434274867,796954
106.0,103.0,96.0,369.00021305305023,62716
114.0,110.0,98.0,422.00024365416584,176180
108.0,124.0,98.0,1764.0010184975085,1655923
99.0,108.0,113.0,142.00008198789467,169909
123.0,106.0,112.0,11.000006351174939,287802
109.0,112.0,117.0,175.0001010414195,177536
126.0,126.0,114.0,262.0001512734395,148411
151.0,62.0,128.0,22.000012702349878,237483
195.0,114.0,183.0,24.00001385710896,227628
205.0,124.0,193.0,2.00000115475908,228534
130.0,0.0,2.0,5877.003393259556,915522
141.0,0.0,2.0,5458.003151337529,1461386
133.0,9.0,7.0,1786.0010311998583,544120
140.0,15.0,0.0,1386.0008002480424,459063
131.0,4.0,15.0,1537.000887432353,796426
141.0,4.0,11.0,1161.000670337646,463002
132.0,8.0,8.0,2318.001338365774,579661
140.0,14.0,15.0,942.0005438915266,1667467
236.0,131.0,73.0,638.0003683681465,647421
246.0,132.0,70.0,503.0002904219086,812623
229.0,156.0,77.0,674.0003891538099,868153
255.0,153.0,79.0,452.00026097555207,547815
225.0,134.0,90.0,1021.0005895045103,1243447
255.0,143.0,93.0,537.000310052813,343615
235.0,155.0,82.0,698.000403010919,855326
255.0,154.0,89.0,576.000332570615,818543
203.0,175.0,135.0,391.0002257554001,915565
223.0,175.0,137.0,443.0002557791362,432477
201.0,183.0,143.0,1620.0009353548546,244835
212.0,190.0,132.0,1290.0007448196066,1079071
201.0,166.0,147.0,182.00010508307628,648170
219.0,163.0,150.0,366.0002113209116,589597
199.0,183.0,150.0,269.00015531509626,303879
209.0,190.0,150.0,324.0001870709709,631101
202.0,161.0,9.0,745.0004301477572,1235313
204.0,177.0,12.0,44.000025404699755,1225532
216.0,176.0,1.0,1018.0005877723717,1230387
201.0,161.0,30.0,120.0000692855448,1241123
215.0,161.0,29.0,369.00021305305023,1236181
203.0,176.0,25.0,15.0000086606931,1233433
221.0,186.0,22.0,326.00018822573,1206756
107.0,38.0,33.0,632.0003649038692,276126
114.0,41.0,34.0,880.0005080939951,544830
105.0,57.0,35.0,1244.0007182601478,789953
112.0,56.0,33.0,1405.0008112182536,1330525
99.0,46.0,54.0,32.00001847614528,228802
124.0,47.0,55.0,42.00002424994068,1446994
107.0,52.0,55.0,170.0000981545218,629380
114.0,61.0,55.0,221.00012760087833,305901
164.0,134.0,108.0,536.0003094754334,338307
188.0,134.0,110.0,539.000311207572,614808
160.0,148.0,108.0,723.0004174454074,1460167
183.0,145.0,98.0,1072.0006189508667,371076
173.0,129.0,118.0,215.0001241366011,600461
184.0,142.0,117.0,368.0002124756707,1006242
160.0,159.0,115.0,448.0002586660339,364526
187.0,152.0,112.0,468.0002702136247,925437
226.0,143.0,39.0,490.0002829159746,1216286
245.0,131.0,34.0,348.0002009280799,445399
236.0,158.0,34.0,772.0004457370048,537781
246.0,147.0,43.0,538.0003106301925,1155317
232.0,141.0,48.0,433.0002500053408,1144752
244.0,129.0,48.0,356.00020554711625,661246
230.0,159.0,55.0,754.0004353441732,1166372
243.0,157.0,54.0,482.00027829693823,328564
151.0,1.0,0.0,5105.002947522551,374263
154.0,0.0,0.0,4346.00250929148,1444736
151.0,13.0,2.0,1535.0008862775937,687164
154.0,13.0,4.0,2268.0013094967967,535253
146.0,2.0,11.0,749.0004324572755,397817
157.0,2.0,10.0,737.0004255287209,561317
145.0,8.0,15.0,962.0005554391174,728503
154.0,9.0,14.0,947.0005467784243,275531
224.0,193.0,66.0,412.00023788037043,1208664
242.0,197.0,78.0,681.0003931954667,972398
234.0,209.0,64.0,165.0000952676241,1228487
250.0,212.0,77.0,210.0001212497034,1256788
231.0,205.0,86.0,768.0004434274867,1239292
247.0,201.0,81.0,1167.000673801923,512693
229.0,208.0,83.0,350.000202082839,1240284
255.0,208.0,93.0,392.0002263327797,699622
119.0,18.0,6.0,3053.0017627397356,317969
126.0,18.0,6.0,2333.0013470264666,832335
119.0,27.0,4.0,1445.0008343134352,573042
127.0,29.0,0.0,1954.001128199621,1254235
112.0,19.0,14.0,2573.0014855975564,736316
122.0,19.0,14.0,1972.001138592453,826307
117.0,24.0,9.0,1222.0007055577978,1635474
123.0,28.0,10.0,1941.001120693687,883123
166.0,136.0,46.0,396.0002286422978,1706977
178.0,134.0,37.0,661.0003816478759,1291688
174.0,147.0,32.0,86.00004965464043,1704018
178.0,150.0,41.0,159.00009180334686,1709949
164.0,133.0,50.0,904.0005219511041,591137
186.0,130.0,56.0,1147.0006622543324,1161025
172.0,150.0,51.0,169.00009757714224,1710978
189.0,146.0,51.0,448.0002586660339,409429
233.0,110.0,69.0,753.0004347667935,650633
240.0,109.0,67.0,188.0001085473535,1091688
233.0,127.0,77.0,967.0005583260152,970802
241.0,121.0,71.0,267.00015416033716,407186
225.0,110.0,81.0,314.0001812971756,669415
255.0,109.0,94.0,172.00009930928087,442835
224.0,124.0,88.0,947.0005467784243,858524
255.0,117.0,85.0,333.0001922673868,342930
226.0,101.0,35.0,780.0004503560411,1292860
244.0,100.0,40.0,84.00004849988136,698022
224.0,115.0,32.0,655.0003781835986,757801
247.0,114.0,35.0,238.00013741633052,521899
224.0,105.0,49.0,776.000448046523,505710
240.0,110.0,61.0,132.00007621409927,1122738
236.0,120.0,59.0,975.0005629450515,661245
250.0,118.0,53.0,260.0001501186804,542871
192.0,209.0,219.0,171.00009873190135,98538
222.0,241.0,196.0,2.00000115475908,1016937
247.0,238.0,199.0,202.00011663066707,827176
216.0,220.0,229.0,42.00002424994068,101501
242.0,211.0,229.0,2.00000115475908,243365
254.0,234.0,225.0,21.00001212497034,600928
61.0,96.0,64.0,12.00000692855448,1401844
57.0,76.0,109.0,26.00001501186804,187357
175.0,78.0,69.0,212.00012240446247,498544
188.0,78.0,65.0,442.00025520175666,1572019
175.0,95.0,72.0,787.0004543976979,446115
163.0,67.0,81.0,5.0000028868977,274292
178.0,71.0,81.0,1.00000057737954,567946
160.0,90.0,80.0,120.0000692855448,449493
190.0,94.0,80.0,206.00011894018522,519055
195.0,43.0,40.0,616.0003556657966,280073
208.0,36.0,36.0,139.00008025575605,772698
195.0,60.0,40.0,1212.0006997840023,417202
216.0,58.0,47.0,476.00027483266103,503065
194.0,40.0,52.0,174.00010046403995,284048
210.0,46.0,53.0,25.0000144344885,376524
197.0,53.0,53.0,832.0004803797773,796406
217.0,61.0,49.0,265.0001530055781,521791
101.0,0.0,4.0,3142.0018141265145,323234
109.0,0.0,0.0,5091.002939439238,1392301
96.0,13.0,0.0,1608.0009284263003,562421
111.0,10.0,0.0,1814.0010473664854,1651546
103.0,7.0,9.0,332.0001916900073,792822
110.0,5.0,10.0,794.0004584393547,286452
103.0,12.0,11.0,679.0003920407077,794801
109.0,15.0,13.0,1346.0007771528608,827315
53.0,2.0,0.0,890.0005138677906,289907
63.0,1.0,4.0,759.0004382310708,299336
54.0,11.0,0.0,1925.0011114556144,727806
58.0,12.0,0.0,1763.001017920129,1027064
53.0,7.0,9.0,43.00002482732022,1723230
61.0,6.0,11.0,14.00000808331356,295385
48.0,8.0,8.0,3220.0018591621188,1731155
59.0,14.0,9.0,5592.003228706388,1693676
33.0,18.0,0.0,2457.00141862153,1353063
44.0,16.0,2.0,2097.0012107648954,1381585
33.0,30.0,0.0,1445.0008343134352,1056220
47.0,29.0,5.0,1496.0008637597919,1206203
35.0,23.0,9.0,1240.0007159506295,911014
41.0,18.0,10.0,861.0004971237839,1726306
36.0,24.0,12.0,3000.00173213862,637004
40.0,29.0,9.0,1499.0008654919304,1226826
103.0,132.0,86.0,3268.0018868763364,1458056
108.0,131.0,87.0,1701.0009821225974,1585208
102.0,140.0,81.0,405.00023383871365,1280266
109.0,137.0,86.0,2235.001290443272,1247643
96.0,132.0,88.0,2185.001261574295,1601445
105.0,134.0,90.0,1586.0009157239504,1695457
102.0,138.0,94.0,380.00021940422516,1606382
107.0,138.0,94.0,2257.0013031456215,1137996
3.0,3.0,3.0,13666.007890468793,201990
7.0,0.0,0.0,2697.001557192619,268993
0.0,6.0,0.0,6280.003625943511,1050
6.0,7.0,0.0,21098.012181553535,981764
3.0,3.0,5.0,893.0005155999291,171974
5.0,3.0,4.0,651.0003758740805,196020
3.0,5.0,4.0,282.00016282103024,183669
7.0,5.0,6.0,10381.005993777004,1414807
143.0,137.0,75.0,333.0001922673868,1060330
159.0,134.0,67.0,643.0003712550442,891505
136.0,156.0,67.0,85.0000490772609,1447905
145.0,150.0,66.0,59.00003406539286,1153848
129.0,128.0,80.0,851.0004913499885,291713
158.0,134.0,86.0,845.0004878857112,1693135
137.0,148.0,90.0,402.0002321065751,410960
146.0,145.0,89.0,225.00012991039648,1180277
53.0,54.0,36.0,2655.0015329426788,50313
56.0,54.0,39.0,507.0002927314268,230035
54.0,59.0,36.0,2208.0012748540244,130015
58.0,60.0,39.0,1353.0007811945175,23511
50.0,53.0,42.0,1966.0011351281755,110119
56.0,53.0,44.0,937.000541004629,88628
48.0,61.0,43.0,1845.0010652652513,1597437
57.0,58.0,42.0,1991.001149562664,262604
231.0,195.0,171.0,251.00014492226452,608827
255.0,202.0,165.0,570.0003291063377,481733
235.0,212.0,168.0,558.0003221777833,514315
240.0,209.0,163.0,584.0003371896513,340069
224.0,197.0,180.0,139.00008025575605,628125
255.0,195.0,184.0,802.000463058391,796882
227.0,213.0,178.0,104.00006004747216,302959
240.0,214.0,191.0,311.00017956503694,618247
69.0,84.0,55.0,1862.0010750807035,1584624
75.0,85.0,51.0,1307.0007546350587,1499758
69.0,89.0,54.0,1286.0007425100885,1344914
74.0,88.0,53.0,1626.000938819132,1020961
65.0,85.0,60.0,2226.001285246856,1672127
77.0,81.0,58.0,1460.0008429741283,531115
69.0,92.0,63.0,1461.0008435515078,1460021
77.0,92.0,63.0,1951.0011264674824,1157143
54.0,70.0,33.0,1759.0010156106107,1132819
62.0,67.0,35.0,1401.0008089087355,18359
48.0,73.0,33.0,826.0004769155,1342153
56.0,73.0,39.0,1767.001020229647,1171911
55.0,70.0,47.0,2216.0012794730605,622558
60.0,70.0,45.0,2194.0012667707106,1024984
55.0,74.0,44.0,1007.0005814211968,1475632
58.0,74.0,47.0,1925.0011114556144,1612236
20.0,37.0,1.0,1145.0006610995733,1372250
29.0,33.0,0.0,1839.001061800974,42980
21.0,43.0,0.0,236.00013626157144,261829
26.0,44.0,6.0,557.0003216004037,273826
22.0,35.0,9.0,1229.0007095994547,1311049
29.0,34.0,11.0,6790.003920407076,1377060
22.0,43.0,10.0,95.00005485105629,1268424
27.0,43.0,14.0,1076.000621260385,1158128
37.0,32.0,0.0,1280.000739045811,676681
42.0,38.0,1.0,672.0003879990509,1336832
36.0,40.0,3.0,679.0003920407077,83611
45.0,43.0,4.0,370.0002136304298,50049
32.0,34.0,12.0,5525.003190021958,1317301
43.0,39.0,14.0,1353.0007811945175,1074171
32.0,41.0,12.0,1661.0009590274158,278705
41.0,45.0,8.0,1017.0005871949921,18306
83.0,96.0,66.0,1862.0010750807035,1056663
90.0,96.0,70.0,947.0005467784243,672971
81.0,106.0,64.0,2304.00133028246,620780
88.0,110.0,71.0,1308.0007552124382,496847
82.0,98.0,72.0,1540.0008891644916,552836
94.0,103.0,72.0,948.0005473558039,982416
80.0,110.0,76.0,1865.001076812842,1512610
89.0,110.0,79.0,1546.0008926287687,1673511
84.0,115.0,71.0,1993.0011507174231,1535318
95.0,112.0,67.0,1523.0008793490395,1105397
87.0,122.0,68.0,233.0001345294328,1509153
89.0,124.0,70.0,861.0004971237839,1515069
86.0,119.0,74.0,1711.0009878963929,1508488
89.0,113.0,79.0,2667.001539871233,1515564
86.0,123.0,79.0,217.00012529136018,1314744
94.0,123.0,77.0,2911.001680751841,1406620
10.0,11.0,3.0,8171.004717768221,1050764
12.0,10.0,0.0,1607.0009278489208,19524
11.0,15.0,0.0,4574.002640934016,230067
12.0,13.0,0.0,4563.002634582841,1206540
8.0,8.0,6.0,13287.007671641948,89417
12.0,9.0,4.0,1680.0009699976272,133046
10.0,13.0,6.0,6256.0036120864015,1714638
14.0,15.0,7.0,7645.004414066583,97327
102.0,71.0,79.0,140.0000808331356,122486
120.0,71.0,67.0,109.00006293436985,126410
97.0,93.0,66.0,1200.000692855448,699431
114.0,80.0,68.0,604.0003487372421,604091
104.0,70.0,86.0,89.00005138677906,256234
117.0,64.0,92.0,27.000015589247578,242407
102.0,81.0,88.0,667.0003851121531,210039
112.0,81.0,89.0,141.00008141051512,124463
51.0,18.0,1.0,1747.0010086820564,1602548
56.0,17.0,0.0,1441.0008320039171,455581
52.0,28.0,0.0,1661.0009590274158,597903
59.0,29.0,5.0,1493.000862027653,431522
51.0,19.0,8.0,927.0005352308335,942374
62.0,17.0,14.0,2770.001599341326,1648167
51.0,28.0,12.0,1204.0006951649661,368435
58.0,29.0,13.0,647.0003735645623,622444
100.0,21.0,0.0,1552.000896093046,450950
107.0,18.0,4.0,1635.000944015548,457362
102.0,29.0,0.0,981.0005664093287,429378
111.0,31.0,0.0,1218.0007032482797,763915
102.0,23.0,10.0,1349.0007788849994,1637458
105.0,16.0,12.0,3055.0017638944946,825352
103.0,30.0,13.0,928.000535808213,1654596
109.0,31.0,8.0,1129.0006518615005,598184
167.0,0.0,3.0,4172.00240882744,1567729
170.0,6.0,7.0,3227.0018632037754,1512179
163.0,10.0,5.0,1772.0010231165447,1661466
174.0,12.0,7.0,902.0005207963451,714145
163.0,3.0,11.0,540.0003117849516,238859
170.0,5.0,12.0,419.0002419220272,723638
161.0,11.0,12.0,491.0002834933541,511956
170.0,12.0,11.0,320.0001847614528,728628
172.0,163.0,106.0,157.0000906485878,974691
179.0,166.0,111.0,926.000534653454,593922
173.0,176.0,105.0,8.00000461903632,880527
190.0,184.0,96.0,47.000027136838376,397156
161.0,168.0,127.0,378.0002182494661,921593
190.0,171.0,115.0,1152.00066514123,291709
162.0,179.0,125.0,37.000021363042976,1018161
191.0,182.0,125.0,201.00011605328754,1507581
132.0,22.0,0.0,1891.00109182471,592422
137.0,16.0,7.0,1149.0006634090914,439301
128.0,30.0,5.0,2234.0012898658924,1040186
139.0,30.0,7.0,1192.0006882364116,601304
130.0,19.0,10.0,1887.001089515192,302286
137.0,20.0,10.0,1010.0005831533354,694055
131.0,30.0,10.0,1097.0006333853553,522519
142.0,24.0,14.0,732.0004226418232,1029126
181.0,6.0,1.0,3607.002082608001,1282020
190.0,0.0,0.0,4153.00239785723,1516193
179.0,8.0,0.0,944.0005450462858,1466820
186.0,15.0,0.0,1126.000650129362,536214
179.0,3.0,13.0,465.0002684814861,785832
188.0,2.0,15.0,356.00020554711625,735496
179.0,14.0,8.0,192.0001108568717,241814
189.0,11.0,11.0,179.00010335093765,502110
141.0,167.0,96.0,631.0003643264897,251952
149.0,175.0,110.0,177.00010219617857,1132095
140.0,176.0,102.0,6.00000346427724,1035935
153.0,180.0,109.0,38.00002194042252,1044585
138.0,160.0,124.0,1074.000620105626,1071684
149.0,173.0,123.0,686.0003960823644,943227
141.0,177.0,115.0,8.00000461903632,1040875
157.0,177.0,126.0,135.0000779462379,789131
134.0,33.0,5.0,1972.001138592453,682833
136.0,32.0,0.0,2098.001211342275,865271
130.0,43.0,0.0,1725.0009959797064,606203
139.0,42.0,0.0,2022.0011674614298,746618
132.0,32.0,9.0,808.0004665226683,584503
136.0,36.0,10.0,707.0004082073348,650103
128.0,44.0,8.0,704.0004064751961,582787
138.0,40.0,13.0,687.000396659744,1553228
203.0,104.0,98.0,125.0000721724425,514590
217.0,109.0,96.0,90.0000519641586,1142425
207.0,123.0,97.0,1380.000796783765,670718
210.0,125.0,96.0,748.0004318798959,943464
206.0,100.0,114.0,1.00000057737954,973600
216.0,110.0,114.0,5.0000028868977,567948
193.0,123.0,113.0,177.00010219617857,445520
220.0,122.0,113.0,138.00007967837652,521022
198.0,69.0,64.0,172.00009930928087,255786
213.0,72.0,65.0,172.00009930928087,294318
196.0,86.0,71.0,1248.0007205696659,506205
215.0,94.0,65.0,726.0004191775461,378859
200.0,75.0,81.0,4.00000230951816,274557
217.0,70.0,88.0,9.00000519641586,316833
193.0,92.0,82.0,177.00010219617857,924715
215.0,91.0,93.0,67.00003868442917,669365
64.0,71.0,53.0,1861.001074503324,827215
72.0,70.0,55.0,494.00028522549275,978578
68.0,72.0,55.0,1738.0010034856405,1130442
76.0,74.0,53.0,984.0005681414673,217240
68.0,68.0,56.0,1033.0005964330649,44938
75.0,66.0,61.0,899.0005190642064,115586
67.0,76.0,59.0,1287.000743087468,1614454
74.0,77.0,58.0,1598.0009226525049,1692474
36.0,50.0,17.0,1208.0006974744842,225302
45.0,50.0,18.0,1475.0008516348214,78731
38.0,59.0,18.0,275.00015877937346,1552590
42.0,63.0,22.0,714.0004122489916,959601
37.0,50.0,30.0,1548.0008937835278,168003
41.0,53.0,29.0,2826.00163167458,1579644
37.0,56.0,26.0,227.00013106515556,1445389
46.0,63.0,27.0,1382.0007979385243,890352
116.0,39.0,0.0,1693.0009775035612,406395
120.0,37.0,5.0,1611.000930158439,641388
119.0,45.0,0.0,1754.001012723713,626783
123.0,46.0,0.0,1755.0010133010926,833428
114.0,39.0,8.0,770.0004445822458,1144023
120.0,32.0,8.0,772.0004457370048,463314
116.0,45.0,13.0,519.0002996599812,1315707
125.0,42.0,8.0,631.0003643264897,697538
46.0,11.0,35.0,289.000166862687,221848
56.0,8.0,46.0,703.0004058978166,213920
43.0,18.0,39.0,552.0003187135061,207041
52.0,19.0,38.0,597.0003446955853,218908
62.0,5.0,50.0,50.000028868977,220683
33.0,31.0,52.0,2.00000115475908,190298
62.0,30.0,51.0,107.00006177961077,204983
104.0,141.0,38.0,314.0001812971756,1594042
126.0,135.0,46.0,29.000016744006658,650887
106.0,145.0,39.0,129.00007448196067,1599974
120.0,156.0,34.0,20.0000115475908,162770
103.0,133.0,61.0,980.0005658319492,1346600
112.0,131.0,49.0,189.00010912473306,768407
110.0,146.0,56.0,123.00007101768341,1588108
114.0,152.0,53.0,502.00028984452905,1607868
18.0,19.0,11.0,7031.004059555546,115274
22.0,17.0,11.0,1215.0007015161411,53223
17.0,20.0,11.0,5531.003193486235,167506
23.0,23.0,11.0,7417.004282424048,137153
16.0,19.0,12.0,5306.003063575839,1715579
22.0,19.0,12.0,1766.0010196522676,1277190
19.0,20.0,15.0,2931.0016922994314,84795
23.0,20.0,13.0,4699.002713106458,187942
21.0,35.0,18.0,461.0002661719679,1391963
26.0,34.0,19.0,5159.002978701046,46672
21.0,45.0,19.0,70.0000404165678,382381
29.0,42.0,16.0,1254.000724033943,1622213
23.0,36.0,26.0,43.00002482732022,1556096
29.0,34.0,28.0,1137.000656480537,178587
23.0,41.0,27.0,11.000006351174939,1542262
30.0,45.0,26.0,647.0003735645623,1665767
167.0,23.0,0.0,2041.0011784316412,1417017
170.0,19.0,2.0,2544.00146885355,1477245
166.0,29.0,0.0,1101.0006356948734,631924
174.0,24.0,0.0,1598.0009226525049,1449596
163.0,22.0,12.0,454.0002621303111,355744
173.0,21.0,10.0,329.00018995786866,447800
161.0,24.0,8.0,379.00021882684564,271536
173.0,26.0,8.0,321.00018533883235,1480191
64.0,20.0,7.0,1132.0006535936393,352232
75.0,20.0,0.0,950.0005485105629,569573
67.0,25.0,1.0,1383.0007985159039,1039912
79.0,24.0,4.0,1582.0009134144323,1167736
67.0,16.0,13.0,1434.0008279622602,1639207
73.0,18.0,11.0,918.0005300344177,1654251
69.0,25.0,12.0,598.0003452729649,971019
73.0,26.0,8.0,642.0003706776647,376309
103.0,34.0,1.0,1466.0008464384057,649297
111.0,38.0,0.0,1348.0007783076198,1173237
96.0,43.0,3.0,1825.0010537176604,393409
108.0,40.0,1.0,1933.0011160746508,1061710
98.0,33.0,13.0,572.0003302610969,805987
110.0,34.0,11.0,545.0003146718493,568474
96.0,41.0,10.0,488.0002817612155,1157849
105.0,42.0,11.0,458.0002644398293,437234
83.0,32.0,1.0,1374.000793319488,1209198
95.0,39.0,2.0,2124.001226354143,1202297
86.0,44.0,4.0,1364.0007875456924,1260425
93.0,46.0,0.0,1410.0008141051514,527119
86.0,36.0,9.0,593.0003423860672,1263917
94.0,33.0,15.0,575.0003319932355,325818
85.0,45.0,10.0,628.0003625943511,779655
94.0,43.0,12.0,533.0003077432948,1651630
64.0,6.0,4.0,766.0004422727276,914186
74.0,0.0,0.0,783.0004520881798,764033
67.0,14.0,6.0,1701.0009821225974,341326
72.0,13.0,7.0,1289.000744242227,1656168
65.0,4.0,9.0,48.00002771421792,298352
73.0,7.0,8.0,99.00005716057446,824989
65.0,14.0,11.0,2586.0014931034902,1631386
74.0,15.0,11.0,1297.0007488612632,579045
36.0,6.0,0.0,1642.0009480572046,929474
46.0,5.0,0.0,1234.0007124863523,639569
32.0,11.0,0.0,2260.0013048777605,1064561
46.0,11.0,7.0,2159.001246562427,1730209
33.0,7.0,8.0,100.000057737954,827790
41.0,4.0,12.0,40.0000230951816,269025
38.0,15.0,9.0,340.0001963090436,890189
47.0,9.0,8.0,756.0004364989322,1727222
112.0,48.0,0.0,1862.0010750807035,1132757
120.0,52.0,7.0,1569.0009059084982,624575
117.0,63.0,0.0,1491.000860872894,472565
126.0,63.0,0.0,1720.0009930928088,1265078
115.0,53.0,12.0,417.00024076726817,1172609
123.0,54.0,13.0,443.0002557791362,584652
115.0,57.0,9.0,400.000230951816,749517
127.0,61.0,11.0,410.0002367256114,476399
170.0,131.0,10.0,267.00015416033716,1622967
188.0,129.0,0.0,740.0004272608596,1457678
171.0,145.0,9.0,20.0000115475908,338887
189.0,157.0,0.0,287.000165707928,1522512
163.0,132.0,24.0,193.0001114342512,1227491
187.0,134.0,30.0,408.0002355708523,1160935
163.0,144.0,24.0,44.000025404699755,899784
187.0,146.0,30.0,114.00006582126755,1258773
173.0,163.0,128.0,271.0001564698553,654096
186.0,173.0,128.0,425.00024538630447,1164909
164.0,180.0,141.0,141.00008141051512,1112336
187.0,179.0,140.0,538.0003106301925,371757
167.0,168.0,154.0,207.00011951756477,676589
179.0,163.0,147.0,109.00006293436985,659670
167.0,187.0,150.0,196.00011316638984,968635
190.0,187.0,146.0,157.0000906485878,1530289
98.0,113.0,82.0,1316.0007598314746,1077250
108.0,115.0,82.0,476.00027483266103,1017986
96.0,124.0,86.0,1975.0011403245915,1535754
107.0,121.0,85.0,1028.000593546167,1093108
96.0,114.0,90.0,797.0004601714934,615533
105.0,113.0,90.0,429.0002476958226,982448
102.0,121.0,93.0,1234.0007124863523,1384993
110.0,125.0,94.0,916.0005288796586,827088
146.0,39.0,3.0,1535.0008862775937,604554
155.0,33.0,0.0,1008.0005819985763,1241403
145.0,41.0,2.0,2190.0012644611925,744631
155.0,41.0,0.0,1576.000909950155,716459
144.0,32.0,10.0,433.0002500053408,1089692
159.0,39.0,15.0,330.0001905352482,526646
149.0,45.0,8.0,566.0003267968196,1431706
159.0,45.0,11.0,429.0002476958226,280373
232.0,204.0,45.0,541.0003123623311,1219888
253.0,195.0,33.0,324.0001870709709,1269699
234.0,211.0,45.0,12.00000692855448,1216918
241.0,209.0,38.0,103.00005947009261,675032
228.0,201.0,58.0,448.0002586660339,1266955
250.0,198.0,63.0,369.00021305305023,698630
235.0,211.0,53.0,55.000031755874694,327039
249.0,216.0,61.0,154.00008891644916,1251842
203.0,169.0,35.0,155.00008949382868,1208023
209.0,165.0,44.0,429.0002476958226,1202731
203.0,183.0,36.0,22.000012702349878,331976
218.0,191.0,38.0,313.000180719796,1222571
205.0,162.0,49.0,176.00010161879902,393928
216.0,166.0,53.0,621.0003585526944,486380
200.0,184.0,63.0,36.00002078566344,879836
221.0,182.0,55.0,248.0001431901259,1192934
227.0,192.0,2.0,546.0003152492288,1531414
244.0,193.0,0.0,620.0003579753147,921803
238.0,208.0,12.0,6.00000346427724,1252481
250.0,208.0,0.0,100.000057737954,702780
228.0,205.0,27.0,360.0002078566344,565101
255.0,195.0,19.0,256.00014780916223,753038
233.0,209.0,21.0,7.00000404165678,1242593
249.0,220.0,28.0,99.00005716057446,1288517
229.0,173.0,160.0,146.00008429741283,803805
250.0,173.0,163.0,216.00012471398063,514112
236.0,191.0,172.0,412.00023788037043,749411
248.0,176.0,162.0,912.0005265701404,589632
239.0,169.0,177.0,1.00000057737954,567942
248.0,171.0,177.0,2.00000115475908,457531
239.0,191.0,187.0,48.00002771421792,584262
250.0,187.0,178.0,252.00014549964408,733641
183.0,51.0,2.0,1354.0007817718972,1126702
190.0,53.0,0.0,1222.0007055577978,1564357
177.0,62.0,0.0,2516.0014526869227,1068993
185.0,59.0,0.0,1413.00081583729,1601884
176.0,50.0,12.0,286.00016513054845,1328384
186.0,54.0,15.0,186.00010739259443,836788
180.0,59.0,12.0,595.0003435408263,1110452
186.0,62.0,10.0,227.00013106515556,1026361
162.0,50.0,2.0,1409.0008135277717,1596918
169.0,55.0,1.0,1169.0006749566821,1511756
167.0,63.0,0.0,1147.0006622543324,473121
174.0,58.0,0.0,1870.0010796997396,689294
160.0,51.0,12.0,449.00025924341344,1556465
175.0,52.0,8.0,409.00023614823186,1474437
167.0,63.0,10.0,677.0003908859486,387141
172.0,62.0,11.0,640.0003695229055,1490216
201.0,194.0,104.0,12.00000692855448,396168
220.0,199.0,106.0,289.000166862687,1239309
212.0,208.0,111.0,9.00000519641586,1241291
205.0,195.0,123.0,91.00005254153814,926893
217.0,194.0,114.0,1521.0008781942802,353649
204.0,208.0,121.0,2.00000115475908,1057300
215.0,208.0,127.0,18.00001039283172,649887
81.0,0.0,0.0,1346.0007771528608,344719
91.0,0.0,5.0,1765.001019074888,1519690
82.0,14.0,0.0,1348.0007783076198,908648
90.0,13.0,3.0,1623.0009370869934,565207
86.0,7.0,13.0,123.00007101768341,1681274
93.0,0.0,8.0,179.00010335093765,277445
85.0,14.0,10.0,682.0003937728462,1147050
90.0,12.0,10.0,589.000340076549,340330
83.0,23.0,0.0,924.000533498695,572029
95.0,18.0,2.0,1248.0007205696659,415715
82.0,24.0,0.0,1186.0006847721345,1106072
92.0,29.0,0.0,1050.000606248517,1205291
85.0,22.0,15.0,916.0005288796586,1622471
94.0,20.0,9.0,813.000469409566,1619531
87.0,25.0,14.0,680.0003926180872,894856
90.0,29.0,10.0,748.0004318798959,922547
68.0,65.0,32.0,937.000541004629,1111691
74.0,71.0,36.0,541.0003123623311,820718
67.0,78.0,38.0,1023.0005906592694,952951
76.0,79.0,32.0,724.0004180227869,1052257
68.0,67.0,47.0,1201.0006934328276,233066
79.0,69.0,42.0,444.00025635651576,984300
64.0,78.0,43.0,1339.000773111204,1326293
74.0,75.0,43.0,956.0005519748402,428126
193.0,65.0,2.0,1184.0006836173752,1003957
207.0,65.0,1.0,826.0004769155,1078809
199.0,73.0,0.0,2170.0012529136015,1113919
200.0,79.0,0.0,1786.0010311998583,1571136
193.0,70.0,13.0,262.0001512734395,769818
200.0,64.0,14.0,131.00007563671974,372094
197.0,79.0,9.0,387.00022344588194,1001644
202.0,73.0,15.0,277.00015993413257,768496
176.0,64.0,0.0,1260.0007274982204,1512746
191.0,66.0,0.0,1263.000729230359,1003735
178.0,78.0,3.0,807.0004659452887,1597857
190.0,76.0,3.0,1521.0008781942802,1549414
177.0,71.0,9.0,764.0004411179685,1517927
189.0,68.0,13.0,439.00025346961803,742906
176.0,73.0,14.0,376.000217094707,1034525
187.0,73.0,13.0,424.00024480892495,1033546
103.0,51.0,3.0,1178.000680153098,435286
105.0,52.0,0.0,1631.0009417060296,1331937
103.0,63.0,4.0,1003.0005791116786,803433
105.0,60.0,3.0,1187.000685349514,1136761
100.0,48.0,11.0,486.00028060645644,782493
109.0,55.0,9.0,410.0002367256114,410353
96.0,60.0,10.0,504.00029099928815,1145650
108.0,57.0,10.0,451.00026039817254,1223269
145.0,50.0,0.0,1433.0008273848807,719941
153.0,53.0,1.0,1424.000822188465,706083
150.0,59.0,6.0,828.0004780702591,992759
153.0,59.0,5.0,1013.0005848854739,379527
149.0,50.0,11.0,548.0003164039879,606534
157.0,49.0,13.0,554.0003198682651,560953
149.0,61.0,13.0,351.0002026602185,967098
158.0,61.0,10.0,636.0003672133874,1122312
55.0,52.0,19.0,838.0004838440544,1550059
60.0,51.0,20.0,415.00023961250906,759431
48.0,56.0,17.0,664.0003833800146,1180820
58.0,58.0,20.0,404.00023326133413,1356636
51.0,49.0,28.0,1625.0009382417525,311520
59.0,53.0,29.0,577.0003331479945,621403
52.0,63.0,31.0,1324.0007644505108,1727909
61.0,57.0,30.0,846.0004884630908,251903
132.0,69.0,0.0,1463.000844706267,1147658
142.0,71.0,7.0,1254.000724033943,1199361
134.0,79.0,0.0,1183.0006830399957,1324028
139.0,78.0,0.0,1269.000732694636,1140751
134.0,70.0,9.0,402.0002321065751,879602
138.0,66.0,8.0,340.0001963090436,412101
132.0,79.0,11.0,382.00022055898427,404754
136.0,75.0,10.0,388.0002240232615,463719
208.0,83.0,0.0,1728.000997711845,1158385
219.0,87.0,2.0,745.0004301477572,1121836
215.0,92.0,0.0,1523.0008793490395,1111933
219.0,95.0,0.0,1504.000868378828,719980
214.0,83.0,13.0,217.00012529136018,1539923
220.0,84.0,8.0,133.00007679147882,1145565
210.0,95.0,12.0,367.0002118982912,769663
222.0,95.0,14.0,260.0001501186804,1294828
86.0,82.0,71.0,1270.0007332720159,264030
94.0,87.0,68.0,409.00023614823186,551807
80.0,94.0,69.0,1198.0006917006888,953933
94.0,92.0,71.0,742.0004284156187,22580
85.0,85.0,73.0,482.00027829693823,150446
90.0,83.0,75.0,642.0003706776647,89231
81.0,90.0,73.0,588.0003394991695,213460
92.0,89.0,74.0,1027.0005929687875,31941
69.0,81.0,33.0,662.0003822252554,1135096
74.0,82.0,35.0,543.0003135170901,1031268
70.0,94.0,34.0,465.0002684814861,918159
76.0,89.0,35.0,386.0002228685024,11469
65.0,81.0,42.0,1539.000888587112,1729133
78.0,86.0,47.0,1035.000597587824,1211467
70.0,89.0,43.0,1045.0006033616191,191374
72.0,89.0,47.0,681.0003931954667,1024582
85.0,102.0,50.0,625.0003608622125,1059547
92.0,98.0,54.0,456.0002632850702,322196
84.0,104.0,55.0,581.0003354575127,1258018
89.0,106.0,51.0,314.0001812971756,990316
80.0,103.0,59.0,1670.0009642238317,1452173
93.0,101.0,62.0,836.0004826892954,1600365
82.0,111.0,63.0,1232.0007113315933,1458096
89.0,106.0,62.0,640.0003695229055,1421440
130.0,53.0,0.0,1231.0007107542137,563567
142.0,52.0,0.0,1215.0007015161411,649314
133.0,57.0,5.0,1136.0006559031574,1213292
136.0,63.0,0.0,1060.0006120223125,599014
130.0,51.0,10.0,443.0002557791362,823547
139.0,50.0,8.0,460.00026559458837,1488991
128.0,56.0,8.0,395.0002280649183,485204
140.0,59.0,14.0,381.00021998160474,927393
226.0,67.0,37.0,298.0001720591029,443821
243.0,64.0,42.0,11.000006351174939,740250
238.0,88.0,35.0,444.00025635651576,702725
248.0,88.0,38.0,66.00003810704963,701720
228.0,65.0,56.0,195.00011258901029,254585
240.0,66.0,55.0,21.00001212497034,492219
226.0,87.0,48.0,435.0002511600999,404118
248.0,94.0,60.0,92.00005311891768,339933
38.0,37.0,35.0,928.000535808213,195000
45.0,36.0,37.0,626.000361439592,101758
39.0,45.0,33.0,697.0004024335393,1697422
40.0,40.0,32.0,3132.0018083527193,46631
33.0,32.0,46.0,133.00007679147882,150781
47.0,36.0,42.0,44.000025404699755,216709
36.0,40.0,41.0,98.00005658319492,174851
45.0,46.0,41.0,520.0003002373608,41894
70.0,37.0,6.0,1069.0006172187282,1649657
75.0,35.0,0.0,1154.000666295989,637425
64.0,42.0,0.0,593.0003423860672,220158
75.0,40.0,0.0,791.0004567072161,1399058
70.0,38.0,15.0,713.000411671612,851693
74.0,32.0,10.0,613.000353933658,662706
71.0,40.0,12.0,565.0003262194401,435475
74.0,40.0,13.0,598.0003452729649,419196
84.0,81.0,48.0,892.0005150225496,228137
89.0,82.0,53.0,477.00027541004056,581051
80.0,95.0,52.0,971.0005606355332,1128401
88.0,94.0,48.0,626.000361439592,927126
84.0,83.0,62.0,798.0004607488729,50740
90.0,85.0,56.0,335.0001934221459,1258959
81.0,92.0,62.0,1218.0007032482797,949729
92.0,94.0,57.0,771.0004451596253,1684654
103.0,117.0,68.0,567.0003273741992,1125015
105.0,113.0,66.0,302.00017436862106,873499
98.0,122.0,70.0,771.0004451596253,1079913
111.0,124.0,68.0,185.0001068152149,659443
97.0,113.0,74.0,1036.0005981652034,1368616
109.0,116.0,74.0,453.0002615529316,578235
101.0,123.0,76.0,2264.0013071872786,1616441
107.0,127.0,78.0,510.00029446356535,1696513
180.0,38.0,0.0,1327.0007661826496,912517
189.0,35.0,1.0,1993.0011507174231,1435786
179.0,40.0,0.0,1136.0006559031574,1023415
189.0,40.0,0.0,648.0003741419418,1459505
180.0,38.0,14.0,270.0001558924758,687041
186.0,37.0,15.0,192.0001108568717,1430733
181.0,43.0,15.0,272.0001570472349,1387779
184.0,40.0,13.0,242.00013972584867,684761
52.0,69.0,50.0,823.0004751833613,1645827
56.0,69.0,49.0,1545.0008920513892,271319
53.0,77.0,53.0,584.0003371896513,1400718
61.0,79.0,53.0,2029.0011715030867,998194
51.0,67.0,56.0,81.00004676774273,1503732
63.0,68.0,61.0,224.00012933301696,1111668
48.0,75.0,56.0,85.0000490772609,1493852
57.0,73.0,62.0,696.0004018561598,1379091
117.0,67.0,4.0,1096.0006328079758,436291
125.0,65.0,0.0,1547.0008932061482,1139748
119.0,72.0,0.0,667.0003851121531,1438896
122.0,76.0,0.0,884.0005104035133,1329924
119.0,64.0,10.0,398.0002297970569,676949
126.0,70.0,9.0,415.00023961250906,859076
118.0,77.0,15.0,554.0003198682651,936343
127.0,73.0,13.0,417.00024076726817,1202419
196.0,80.0,0.0,1051.0006068258965,615139
200.0,83.0,4.0,1797.0010375510333,467699
198.0,90.0,0.0,726.0004191775461,566386
206.0,93.0,0.0,1128.000651284121,780465
199.0,81.0,11.0,411.0002373029909,1261209
200.0,82.0,12.0,398.0002297970569,1264167
195.0,89.0,15.0,210.0001212497034,1197962
202.0,93.0,8.0,241.00013914846912,499042
38.0,49.0,33.0,615.0003550884171,396103
44.0,55.0,39.0,2259.001304300381,1350451
39.0,57.0,33.0,201.00011605328754,1695216
47.0,63.0,34.0,1742.0010057951586,1709820
39.0,48.0,43.0,86.00004965464043,1072641
42.0,54.0,40.0,433.0002500053408,1398754
38.0,56.0,44.0,41.00002367256114,1535349
46.0,63.0,44.0,578.000333725374,1647443
224.0,64.0,4.0,171.00009873190135,1066927
228.0,81.0,3.0,801.0004624810115,1069886
241.0,95.0,9.0,18.00001039283172,673850
229.0,64.0,19.0,236.00013626157144,698567
241.0,69.0,31.0,8.00000461903632,292289
226.0,81.0,26.0,214.00012355922155,580563
245.0,82.0,23.0,22.000012702349878,700730
68.0,82.0,67.0,770.0004445822458,213156
75.0,87.0,65.0,950.0005485105629,1694029
70.0,88.0,64.0,1202.000694010207,1598069
79.0,95.0,66.0,2129.0012292410406,347187
70.0,83.0,74.0,23.00001327972942,1381067
79.0,85.0,73.0,106.00006120223124,222
70.0,93.0,73.0,109.00006293436985,1681037
73.0,95.0,74.0,580.0003348801332,844872
148.0,21.0,0.0,892.0005150225496,1239446
152.0,21.0,0.0,1080.0006235699032,915459
148.0,29.0,0.0,792.0004572845957,1095622
158.0,31.0,0.0,700.000404165678,495656
148.0,16.0,14.0,734.0004237965824,800332
155.0,16.0,11.0,673.0003885764304,769744
151.0,26.0,8.0,512.0002956183245,1402194
157.0,30.0,11.0,448.0002586660339,683103
128.0,69.0,65.0,105.0000606248517,979537
149.0,77.0,65.0,123.00007101768341,1379403
134.0,89.0,68.0,517.0002985052222,355860
157.0,89.0,78.0,519.0002996599812,601130
136.0,75.0,83.0,8.00000461903632,256259
153.0,67.0,80.0,2.00000115475908,252563
137.0,90.0,80.0,75.0000433034655,322877
159.0,86.0,80.0,93.00005369629721,527053
234.0,141.0,136.0,104.00006004747216,291223
243.0,136.0,128.0,75.0000433034655,536262
236.0,148.0,136.0,613.000353933658,526942
243.0,151.0,136.0,391.0002257554001,688466
226.0,133.0,144.0,2.00000115475908,974588
255.0,141.0,146.0,3.00000173213862,685734
239.0,157.0,145.0,147.00008487479238,444535
244.0,158.0,145.0,107.00006177961077,524446
195.0,2.0,3.0,1944.0011224258258,1577412
203.0,0.0,0.0,889.000513290411,1470855
196.0,15.0,4.0,1051.0006068258965,774063
207.0,14.0,0.0,558.0003221777833,513920
194.0,0.0,11.0,536.0003094754334,766082
205.0,0.0,15.0,226.00013048777603,775963
193.0,9.0,9.0,405.00023383871365,746385
204.0,15.0,9.0,150.000086606931,600208
68.0,97.0,49.0,469.00027079100425,1434532
77.0,101.0,51.0,1145.0006610995733,278799
70.0,104.0,53.0,19.00001097021126,1667651
78.0,105.0,50.0,388.0002240232615,1651846
71.0,99.0,61.0,463.000267326727,1576785
73.0,99.0,60.0,2034.0011743899843,744913
67.0,105.0,58.0,51.000029446356535,1011791
78.0,105.0,62.0,1162.0006709150255,1699939
96.0,133.0,64.0,236.00013626157144,1495319
107.0,129.0,65.0,242.00013972584867,970473
102.0,140.0,67.0,86.00004965464043,1391050
110.0,140.0,70.0,120.0000692855448,1691992
97.0,129.0,79.0,2867.001655347141,960374
109.0,129.0,78.0,851.0004913499885,1091209
98.0,136.0,77.0,439.00025346961803,1268383
110.0,142.0,79.0,873.0005040523383,1632237
204.0,135.0,130.0,89.00005138677906,906309
208.0,138.0,130.0,156.00009007120823,505249
200.0,144.0,131.0,326.00018822573,761260
218.0,152.0,130.0,634.0003660586283,887165
192.0,140.0,152.0,2.00000115475908,276335
222.0,136.0,145.0,3.00000173213862,974587
200.0,156.0,145.0,67.00003868442917,362169
222.0,158.0,146.0,141.00008141051512,757318
87.0,112.0,83.0,768.0004434274867,1654336
93.0,112.0,80.0,1698.0009803904588,408968
87.0,121.0,86.0,30.0000173213862,1052304
94.0,121.0,80.0,1453.0008389324717,1296464
87.0,116.0,88.0,160.0000923807264,1392949
95.0,115.0,88.0,784.0004526655594,1093836
87.0,121.0,88.0,34.00001963090436,1430375
94.0,120.0,95.0,682.0003937728462,1701203
173.0,109.0,97.0,75.0000433034655,591619
190.0,110.0,99.0,173.00009988666042,634377
161.0,123.0,100.0,303.0001749460006,1009207
188.0,119.0,103.0,638.0003683681465,759363
160.0,105.0,124.0,10.0000057737954,223863
177.0,111.0,113.0,11.000006351174939,221917
162.0,118.0,119.0,79.00004561298366,214973
183.0,120.0,113.0,112.00006466650848,601542
24.0,27.0,10.0,3531.0020387271557,1325894
28.0,25.0,10.0,873.0005040523383,1021377
25.0,30.0,10.0,3369.00194519167,1729913
28.0,31.0,10.0,1556.0008984025642,1078969
25.0,27.0,14.0,5162.002980433185,1232864
30.0,26.0,14.0,1251.0007223018044,1568471
26.0,29.0,12.0,4139.002389773916,964749
31.0,29.0,14.0,2478.0014307465,1568468
19.0,17.0,0.0,2074.001197485166,199454
20.0,17.0,0.0,899.0005190642064,646948
19.0,23.0,0.0,1948.0011247353439,1133422
20.0,22.0,0.0,1056.0006097127941,1029570
19.0,17.0,5.0,5265.003039903278,1329102
21.0,19.0,7.0,1462.0008441288874,1004151
18.0,20.0,6.0,6736.003889228581,879505
20.0,21.0,7.0,2637.001522549847,876551
128.0,133.0,136.0,171.00009873190135,162804
144.0,143.0,138.0,138.00007967837652,983720
128.0,158.0,132.0,281.0001622436507,481043
150.0,152.0,131.0,478.0002759874201,987473
136.0,138.0,151.0,76.00004388084504,101583
150.0,138.0,158.0,11.000006351174939,103452
132.0,146.0,149.0,90.0000519641586,98657
148.0,153.0,157.0,117.00006755340617,111400
17.0,30.0,65.0,1.00000057737954,191301
31.0,42.0,70.0,12.00000692855448,187340
55.0,58.0,75.0,323.0001864935914,104550
47.0,61.0,96.0,1.00000057737954,190313
131.0,108.0,102.0,86.00004965464043,622520
154.0,110.0,101.0,70.0000404165678,279301
128.0,122.0,110.0,502.00028984452905,150495
151.0,118.0,99.0,314.0001812971756,344303
139.0,106.0,115.0,43.00002482732022,279199
158.0,110.0,126.0,16.00000923807264,279306
137.0,126.0,124.0,246.00014203536682,214762
156.0,116.0,117.0,52.00003002373608,903796
52.0,32.0,7.0,809.0004671000478,872235
58.0,32.0,7.0,955.0005513974606,1203264
48.0,46.0,5.0,291.00016801744613,1545155
61.0,42.0,2.0,383.0002211363638,638913
49.0,37.0,13.0,985.0005687188468,891675
60.0,38.0,15.0,796.0004595941137,930970
54.0,40.0,14.0,440.00025404699755,675690
58.0,43.0,14.0,501.0002892671495,957731
225.0,6.0,2.0,313.000180719796,1443167
240.0,13.0,4.0,3.00000173213862,1556653
234.0,17.0,8.0,709.0004093620938,1544784
241.0,29.0,8.0,1.00000057737954,1467891
230.0,11.0,31.0,186.00010739259443,794768
230.0,29.0,22.0,56.00003233325424,586359
208.0,99.0,0.0,930.0005369629722,669573
216.0,96.0,0.0,1536.0008868549735,1135607
215.0,108.0,2.0,584.0003371896513,1211556
216.0,106.0,0.0,1294.0007471291246,526851
213.0,97.0,10.0,209.00012067232385,553916
218.0,99.0,9.0,258.00014896392133,1077862
209.0,111.0,10.0,107.00006177961077,679477
220.0,105.0,14.0,151.00008718431053,1090196
39.0,19.0,20.0,392.0002263327797,206103
42.0,22.0,21.0,219.00012644611925,285859
32.0,29.0,20.0,2087.0012049910997,86260
41.0,31.0,22.0,543.0003135170901,240820
32.0,21.0,25.0,324.0001870709709,202442
41.0,17.0,31.0,137.00007910099697,230647
34.0,31.0,24.0,1125.0006495519824,203405
43.0,27.0,27.0,234.00013510681234,210297
167.0,32.0,0.0,877.0005063618565,1552882
175.0,35.0,0.0,1199.0006922780683,680120
166.0,44.0,7.0,920.0005311891767,1345175
168.0,44.0,6.0,813.000469409566,569677
165.0,37.0,10.0,282.00016282103024,490119
173.0,37.0,11.0,263.000151850819,1391728
163.0,45.0,15.0,323.0001864935914,660478
171.0,47.0,13.0,305.0001761007597,1356194
84.0,52.0,0.0,894.0005161773087,1385473
94.0,53.0,1.0,1115.000643778187,1288601
87.0,58.0,0.0,386.0002228685024,1297614
92.0,56.0,4.0,806.0004653679092,791389
83.0,49.0,14.0,455.0002627076907,382418
91.0,48.0,13.0,466.0002690588656,402272
84.0,62.0,15.0,303.0001749460006,1130838
92.0,61.0,14.0,440.00025404699755,913620
160.0,14.0,35.0,25.0000144344885,484374
176.0,15.0,33.0,1.00000057737954,254578
169.0,30.0,33.0,945.0005456236653,807259
190.0,28.0,39.0,205.0001183628057,383444
170.0,26.0,49.0,18.00001039283172,323745
179.0,31.0,55.0,20.0000115475908,271372
224.0,47.0,13.0,439.00025346961803,724262
245.0,36.0,5.0,13.00000750593402,1465916
227.0,62.0,6.0,228.0001316425351,709604
242.0,50.0,14.0,4.00000230951816,735300
224.0,33.0,25.0,178.00010277355813,742080
240.0,46.0,18.0,1.00000057737954,729209
225.0,62.0,21.0,295.0001703269643,707649
240.0,53.0,22.0,53.00003060111562,509510
192.0,55.0,1.0,787.0004543976979,910550
201.0,51.0,1.0,806.0004653679092,1001705
192.0,59.0,2.0,1293.0007465517451,1572253
205.0,63.0,0.0,1302.000751748161,1039302
199.0,49.0,14.0,179.00010335093765,911524
201.0,49.0,8.0,137.00007910099697,1017511
195.0,63.0,15.0,153.0000883390696,649686
200.0,59.0,13.0,180.0001039283172,441434
178.0,87.0,0.0,1131.0006530162598,1205418
184.0,84.0,0.0,1105.0006380043917,560522
176.0,93.0,0.0,617.0003562431762,1231098
186.0,91.0,1.0,588.0003394991695,638397
183.0,83.0,8.0,254.00014665440315,1598830
188.0,86.0,12.0,640.0003695229055,1552402
181.0,92.0,8.0,183.0001056604558,440667
187.0,89.0,14.0,282.00016282103024,1554385
71.0,96.0,64.0,248.0001431901259,1546173
78.0,103.0,64.0,1790.0010335093766,1024606
70.0,104.0,69.0,6.00000346427724,1478489
78.0,106.0,66.0,921.0005317665563,1731495
71.0,103.0,79.0,109.00006293436985,1590605
77.0,100.0,72.0,1151.0006645638505,1668779
71.0,108.0,75.0,2.00000115475908,1403817
78.0,109.0,77.0,553.0003192908856,1545692
141.0,163.0,142.0,258.00014896392133,479066
156.0,167.0,135.0,575.0003319932355,1226060
140.0,176.0,132.0,11.000006351174939,1384907
159.0,179.0,142.0,138.00007967837652,1235274
143.0,169.0,144.0,4.00000230951816,1398740
150.0,165.0,144.0,121.00006986292433,1349344
159.0,177.0,153.0,79.00004561298366,998962
183.0,22.0,2.0,620.0003579753147,1487610
186.0,18.0,7.0,736.0004249513414,435957
176.0,24.0,0.0,1610.0009295810594,1423822
186.0,26.0,4.0,615.0003550884171,1486616
182.0,17.0,13.0,272.0001570472349,729613
190.0,22.0,11.0,292.00016859482565,433006
178.0,26.0,13.0,320.0001847614528,486263
188.0,24.0,12.0,219.00012644611925,515774
55.0,69.0,20.0,421.0002430767863,1084515
60.0,68.0,17.0,479.00027656479966,816727
50.0,72.0,23.0,208.00012009494432,891299
59.0,77.0,19.0,271.0001564698553,1051914
51.0,70.0,25.0,1062.0006131770715,1085939
59.0,70.0,30.0,916.0005288796586,1143796
54.0,76.0,30.0,546.0003152492288,1392978
56.0,73.0,31.0,558.0003221777833,885300
148.0,67.0,4.0,946.0005462010448,1581085
156.0,70.0,0.0,660.0003810704964,1107037
146.0,79.0,0.0,972.0005612129129,1414225
152.0,76.0,0.0,765.0004416953481,1178467
145.0,69.0,11.0,254.00014665440315,884677
154.0,64.0,11.0,251.00014492226452,578780
147.0,77.0,8.0,256.00014780916223,1074570
158.0,77.0,14.0,323.0001864935914,1599856
148.0,85.0,0.0,1046.000603938999,1499847
153.0,80.0,0.0,784.0004526655594,1087395
148.0,91.0,4.0,663.000382802635,1413879
159.0,91.0,0.0,907.0005236832427,591511
144.0,86.0,12.0,296.0001709043438,1413134
154.0,86.0,15.0,194.00011201163076,614339
148.0,91.0,12.0,304.00017552338016,600742
152.0,95.0,8.0,226.00013048777603,470622
105.0,96.0,5.0,135.0000779462379,1127195
116.0,100.0,4.0,265.0001530055781,1040499
110.0,113.0,0.0,22.000012702349878,17290
122.0,127.0,7.0,37.000021363042976,5436
101.0,99.0,16.0,182.00010508307628,834587
112.0,97.0,30.0,295.0001703269643,1137434
97.0,118.0,27.0,115.00006639864709,761492
122.0,113.0,22.0,43.00002482732022,384308
152.0,74.0,136.0,88.00005080939951,228565
170.0,79.0,156.0,49.00002829159746,226639
140.0,96.0,129.0,57.00003291063378,208040
161.0,125.0,135.0,51.000029446356535,280185
178.0,91.0,162.0,6.00000346427724,229601
184.0,123.0,167.0,21.00001212497034,230515
141.0,13.0,36.0,9.00000519641586,395280
152.0,13.0,34.0,138.00007967837652,395285
142.0,28.0,36.0,324.0001870709709,354883
146.0,25.0,32.0,575.0003319932355,577153
166.0,66.0,6.0,704.0004064751961,1035514
172.0,64.0,0.0,906.0005231058632,737759
160.0,78.0,2.0,629.0003631717307,1569222
175.0,72.0,0.0,592.0003418086876,623575
167.0,71.0,10.0,348.0002009280799,502682
171.0,71.0,9.0,418.0002413446477,802232
167.0,78.0,12.0,215.0001241366011,447755
168.0,76.0,11.0,338.0001951542845,404931
49.0,38.0,16.0,612.0003533562784,1058163
63.0,35.0,21.0,451.00026039817254,1006877
53.0,47.0,21.0,822.0004746059818,346388
63.0,45.0,21.0,543.0003135170901,1268330
53.0,35.0,31.0,223.0001287556374,591256
58.0,39.0,24.0,201.00011605328754,846725
49.0,41.0,28.0,734.0004237965824,93420
63.0,45.0,25.0,399.00023037443646,1617987
161.0,84.0,6.0,874.000504629718,724333
172.0,85.0,5.0,681.0003931954667,1595897
164.0,92.0,0.0,807.0004659452887,1208412
173.0,94.0,2.0,724.0004180227869,1221247
163.0,86.0,8.0,254.00014665440315,868072
171.0,87.0,15.0,210.0001212497034,1577129
162.0,90.0,8.0,177.00010219617857,1482029
169.0,95.0,10.0,185.0001068152149,543887
94.0,132.0,73.0,702.000405320437,1175348
93.0,131.0,84.0,273.0001576246144,1709689
102.0,98.0,86.0,777.0004486239026,66515
106.0,98.0,87.0,329.00018995786866,148518
96.0,108.0,84.0,717.0004139811301,1012383
111.0,111.0,87.0,448.0002586660339,1102289
101.0,100.0,95.0,259.00014954130086,208089
108.0,102.0,90.0,387.00022344588194,143579
98.0,104.0,90.0,323.0001864935914,422925
109.0,105.0,93.0,636.0003672133874,48291
230.0,119.0,1.0,1150.000663986471,1109945
234.0,119.0,4.0,613.000353933658,1007885
226.0,122.0,0.0,889.000513290411,702193
236.0,125.0,0.0,674.0003891538099,799189
225.0,116.0,13.0,141.00008141051512,840785
236.0,112.0,12.0,105.0000606248517,701186
229.0,123.0,13.0,110.00006351174939,1092162
233.0,127.0,15.0,147.00008487479238,563744
130.0,18.0,17.0,802.000463058391,849039
142.0,16.0,19.0,747.0004313025164,533655
132.0,29.0,22.0,550.0003175587469,820115
141.0,24.0,17.0,664.0003833800146,459419
131.0,17.0,27.0,224.00012933301696,374599
142.0,16.0,28.0,281.0001622436507,560378
128.0,31.0,25.0,292.00016859482565,311077
141.0,25.0,28.0,263.000151850819,692932
208.0,65.0,5.0,1148.000662831712,1077820
217.0,70.0,1.0,193.0001114342512,1059056
211.0,73.0,0.0,1509.000871265726,1017784
217.0,72.0,7.0,536.0003094754334,444951
211.0,65.0,8.0,153.0000883390696,437878
221.0,64.0,11.0,99.00005716057446,441838
210.0,75.0,9.0,120.0000692855448,1010570
218.0,72.0,15.0,49.00002829159746,719757
239.0,104.0,98.0,35.0000202082839,688693
251.0,99.0,96.0,61.000035220151936,680793
224.0,117.0,97.0,401.0002315291955,517520
243.0,124.0,100.0,312.00018014241647,459390
235.0,111.0,122.0,7.00000404165678,344686
231.0,115.0,116.0,62.000035797531474,343699
255.0,126.0,122.0,72.00004157132688,692647
102.0,103.0,69.0,556.0003210230242,414451
108.0,98.0,71.0,350.000202082839,316416
103.0,110.0,69.0,615.0003550884171,506471
109.0,106.0,71.0,360.0002078566344,413490
98.0,103.0,73.0,572.0003302610969,11826
106.0,101.0,72.0,227.00013106515556,990231
98.0,107.0,78.0,692.0003995466417,673959
111.0,104.0,76.0,384.0002217137434,398182
8.0,10.0,9.0,2774.001601650844,176544
14.0,8.0,10.0,886.0005115582724,265279
11.0,13.0,8.0,735.0004243739619,1666310
12.0,13.0,8.0,8675.00500876751,121344
9.0,8.0,13.0,249.00014376750545,167938
12.0,10.0,13.0,194.00011201163076,155897
11.0,13.0,12.0,116.00006697602663,1082550
13.0,13.0,13.0,1228.0007090220752,129667
117.0,149.0,99.0,952.0005496653221,1431472
122.0,150.0,101.0,549.0003169813674,1157735
114.0,155.0,99.0,238.00013741633052,1333526
123.0,153.0,101.0,400.000230951816,1032879
118.0,149.0,105.0,475.00027425528145,1024054
124.0,144.0,107.0,607.0003504693808,1635514
116.0,153.0,110.0,177.00010219617857,1637976
126.0,159.0,104.0,310.00017898765736,1431453
3.0,11.0,0.0,1991.001149562664,658959
6.0,8.0,0.0,8773.005065350704,1463695
2.0,12.0,1.0,731.0004220644437,1417505
7.0,13.0,3.0,1794.0010358188947,954827
3.0,8.0,4.0,65.0000375296701,147370
7.0,9.0,6.0,1124.0006489746029,147086
1.0,14.0,5.0,11.000006351174939,1310829
5.0,15.0,6.0,328.00018938048913,1376276
62.0,66.0,75.0,373.0002153625684,87825
57.0,91.0,66.0,133.00007679147882,1397881
46.0,65.0,95.0,15.0000086606931,189330
61.0,71.0,83.0,386.0002228685024,97581
63.0,80.0,90.0,3.00000173213862,94669
210.0,128.0,0.0,807.0004659452887,1506726
219.0,128.0,0.0,713.000411671612,1200730
213.0,137.0,2.0,732.0004226418232,1549811
223.0,137.0,0.0,821.0004740286023,1542957
213.0,130.0,8.0,136.00007852361745,553279
217.0,128.0,10.0,129.00007448196067,539721
212.0,137.0,12.0,141.00008141051512,794225
216.0,136.0,13.0,115.00006639864709,1512550
112.0,128.0,102.0,554.0003198682651,1656912
125.0,133.0,96.0,201.00011605328754,1244609
115.0,136.0,97.0,978.00056467719,1659897
124.0,141.0,99.0,362.00020901139345,967267
119.0,132.0,106.0,367.0002118982912,967335
120.0,132.0,110.0,193.0001114342512,1010016
118.0,142.0,110.0,560.0003233325424,1046064
121.0,143.0,107.0,351.0002026602185,968628
199.0,16.0,2.0,847.0004890404704,1273154
200.0,19.0,0.0,635.0003666360079,619961
196.0,25.0,0.0,663.000382802635,705488
201.0,29.0,7.0,447.00025808865433,733307
193.0,19.0,10.0,300.000173213862,508961
202.0,21.0,14.0,205.0001183628057,1557617
194.0,26.0,15.0,236.00013626157144,434968
206.0,29.0,13.0,222.00012817825788,614028
19.0,25.0,11.0,1299.0007500160225,1347562
23.0,25.0,11.0,6845.003952162951,986764
18.0,30.0,8.0,434.00025058272035,1563963
23.0,28.0,8.0,935.0005398498698,1102876
18.0,24.0,12.0,517.0002985052222,259643
23.0,26.0,15.0,3137.001811239617,288035
17.0,30.0,12.0,176.00010161879902,1684311
22.0,30.0,15.0,872.0005034749588,947572
178.0,100.0,2.0,703.0004058978166,1464242
191.0,102.0,2.0,660.0003810704964,1269876
178.0,107.0,3.0,773.0004463143844,1291450
189.0,106.0,0.0,673.0003885764304,1382340
183.0,99.0,9.0,171.00009873190135,1230115
190.0,96.0,9.0,176.00010161879902,604621
177.0,107.0,11.0,213.000122981842,555200
184.0,111.0,9.0,177.00010219617857,969410
83.0,102.0,82.0,368.0002124756707,1670132
93.0,102.0,81.0,457.00026386244974,621218
81.0,111.0,83.0,1163.000671492405,1594553
90.0,108.0,84.0,1153.0006657186095,324325
87.0,97.0,88.0,16.00000923807264,236115
92.0,98.0,94.0,65.0000375296701,1078573
86.0,111.0,90.0,67.00003868442917,1674082
94.0,105.0,89.0,249.00014376750545,1350333
113.0,135.0,86.0,390.00022517802057,1076388
120.0,132.0,84.0,158.0000912259673,344315
113.0,140.0,87.0,601.0003470051035,1171401
120.0,139.0,83.0,144.00008314265375,1164748
112.0,128.0,92.0,612.0003533562784,1078302
127.0,132.0,92.0,215.0001241366011,790381
115.0,143.0,94.0,1088.0006281889396,1109533
125.0,143.0,93.0,329.00018995786866,1682634
67.0,7.0,45.0,81.00004676774273,228631
82.0,15.0,32.0,1.00000057737954,265058
70.0,17.0,47.0,85.0000490772609,221884
86.0,25.0,33.0,45.0000259820793,279895
73.0,10.0,55.0,228.0001316425351,227599
83.0,6.0,60.0,36.00002078566344,235513
72.0,20.0,59.0,332.0001916900073,234482
84.0,17.0,61.0,52.00003002373608,225667
225.0,147.0,0.0,820.0004734512228,695857
236.0,150.0,1.0,650.000375296701,566416
230.0,152.0,0.0,817.0004717190841,1553832
232.0,157.0,3.0,692.0003995466417,916846
228.0,150.0,14.0,123.00007101768341,1495765
234.0,146.0,12.0,129.00007448196067,851286
226.0,159.0,8.0,90.0000519641586,538435
239.0,159.0,8.0,119.00006870816526,1058333
9.0,17.0,2.0,1530.0008833906961,211485
14.0,17.0,0.0,3983.0022997027077,1014437
11.0,23.0,0.0,708.0004087847143,1338215
12.0,20.0,0.0,1072.0006189508667,76988
11.0,19.0,4.0,869.0005017428202,912435
15.0,17.0,6.0,4114.002375339427,1406390
10.0,21.0,4.0,241.00013914846912,215477
14.0,23.0,6.0,1112.0006420460484,1687346
73.0,103.0,13.0,33.00001905352482,281609
93.0,97.0,0.0,41.00002367256114,875576
79.0,120.0,14.0,1.00000057737954,191438
91.0,118.0,15.0,18.00001039283172,886443
72.0,101.0,21.0,295.0001703269643,1075059
87.0,105.0,19.0,300.000173213862,1094014
78.0,115.0,20.0,13.00000750593402,191437
84.0,115.0,21.0,147.00008487479238,1090058
101.0,68.0,0.0,478.0002759874201,458722
105.0,64.0,0.0,1020.0005889271307,606363
103.0,74.0,0.0,191.00011027949213,1575505
104.0,79.0,0.0,409.00023614823186,1627859
101.0,70.0,13.0,373.0002153625684,1301225
111.0,69.0,11.0,487.00028118383597,889479
102.0,72.0,10.0,123.00007101768341,750200
107.0,73.0,12.0,311.00017956503694,558713
198.0,86.0,49.0,405.00023383871365,666252
201.0,80.0,53.0,409.00023614823186,676344
194.0,90.0,53.0,419.0002419220272,774101
204.0,88.0,51.0,395.0002280649183,698086
196.0,86.0,61.0,303.0001749460006,525697
207.0,81.0,56.0,592.0003418086876,1312595
198.0,94.0,57.0,442.00025520175666,1594805
202.0,92.0,57.0,424.00024480892495,1585872
199.0,119.0,0.0,685.0003955049849,881276
207.0,116.0,1.0,623.0003597074534,397882
193.0,121.0,1.0,622.0003591300739,1186981
204.0,120.0,0.0,729.0004209096846,1182019
194.0,114.0,15.0,189.00010912473306,1188637
201.0,119.0,9.0,161.00009295810594,474240
196.0,126.0,15.0,219.00012644611925,475230
205.0,125.0,14.0,123.00007101768341,565036
183.0,65.0,37.0,289.000166862687,993582
191.0,68.0,34.0,429.0002476958226,685248
177.0,75.0,37.0,299.00017263648243,1473405
190.0,74.0,37.0,289.000166862687,541236
181.0,70.0,43.0,460.00026559458837,968769
187.0,66.0,47.0,870.0005023201998,1390668
178.0,78.0,44.0,386.0002228685024,1047851
190.0,72.0,46.0,327.00018880310955,802056
114.0,145.0,86.0,553.0003192908856,1636161
121.0,151.0,87.0,123.00007101768341,1383119
118.0,153.0,87.0,282.00016282103024,1398951
127.0,157.0,83.0,77.00004445822458,292455
112.0,145.0,92.0,1379.0007962063855,1219969
126.0,150.0,88.0,422.00024365416584,1024310
115.0,153.0,94.0,272.0001570472349,1196291
120.0,154.0,93.0,209.00012067232385,1282259
80.0,87.0,35.0,411.0002373029909,1002349
88.0,85.0,34.0,287.000165707928,1235177
84.0,91.0,39.0,371.00021420780934,86558
88.0,92.0,33.0,133.00007679147882,1404370
80.0,87.0,43.0,757.0004370763118,1271583
88.0,80.0,44.0,349.0002015054595,1059164
86.0,94.0,43.0,639.000368945526,893702
89.0,92.0,45.0,367.0002118982912,13531
131.0,85.0,7.0,611.0003527788989,870762
143.0,85.0,1.0,860.0004965464044,1067223
132.0,91.0,3.0,314.0001812971756,393219
140.0,88.0,2.0,451.00026039817254,850220
131.0,85.0,10.0,292.00016859482565,445005
140.0,83.0,14.0,317.00018302931414,343051
128.0,89.0,10.0,199.00011489852844,991917
141.0,88.0,10.0,242.00013972584867,466517
118.0,37.0,16.0,510.00029446356535,414250
121.0,39.0,18.0,636.0003672133874,339736
115.0,42.0,23.0,369.00021305305023,1608822
122.0,40.0,16.0,485.00028002907686,1082663
114.0,37.0,29.0,259.00014954130086,473237
125.0,39.0,24.0,344.00019861856174,615365
118.0,47.0,29.0,320.0001847614528,324866
127.0,44.0,30.0,357.0002061244958,571888
146.0,16.0,16.0,555.0003204456447,307042
155.0,23.0,21.0,513.000296195704,705782
148.0,25.0,18.0,503.0002904219086,263724
153.0,30.0,22.0,489.000282338595,733971
150.0,20.0,30.0,307.0001772555188,571242
156.0,23.0,24.0,274.00015820199394,742018
149.0,27.0,26.0,300.000173213862,334680
152.0,28.0,26.0,331.0001911126277,804283
194.0,103.0,0.0,614.0003545110376,1181055
207.0,98.0,0.0,788.0004549750774,1187856
194.0,107.0,1.0,672.0003879990509,952630
207.0,104.0,1.0,617.0003562431762,1185059
199.0,98.0,8.0,171.00009873190135,1242213
207.0,102.0,10.0,145.0000837200333,1199934
195.0,109.0,8.0,143.00008256527423,1165339
201.0,109.0,10.0,99.00005716057446,842291
161.0,96.0,0.0,752.000434189414,480688
175.0,97.0,0.0,769.0004440048663,584590
166.0,107.0,0.0,313.000180719796,946487
173.0,106.0,1.0,695.0004012787803,1444491
160.0,98.0,15.0,203.00011720804662,1403264
170.0,96.0,11.0,171.00009873190135,1463283
164.0,109.0,8.0,144.00008314265375,1533412
173.0,104.0,13.0,193.0001114342512,400438
64.0,49.0,18.0,423.0002442315454,384005
79.0,48.0,20.0,439.00025346961803,236987
71.0,59.0,17.0,322.0001859162119,329660
72.0,56.0,22.0,337.00019457690496,977261
66.0,51.0,30.0,406.00023441609324,291338
72.0,55.0,25.0,331.0001911126277,682489
67.0,62.0,30.0,428.0002471184431,597946
77.0,61.0,27.0,532.0003071659153,337300
212.0,119.0,0.0,641.0003701002851,1605102
222.0,115.0,1.0,920.0005311891767,683440
209.0,127.0,0.0,656.0003787609783,1544877
222.0,127.0,0.0,546.0003152492288,1535041
208.0,112.0,9.0,107.00006177961077,453060
223.0,116.0,12.0,96.00005542843584,677436
212.0,127.0,8.0,117.00006755340617,1557135
219.0,124.0,14.0,98.00005658319492,685394
213.0,195.0,129.0,429.0002476958226,862439
217.0,199.0,133.0,531.0003065885358,521092
210.0,203.0,133.0,96.00005542843584,1054324
219.0,200.0,132.0,362.00020901139345,646919
209.0,199.0,140.0,604.0003487372421,1479920
220.0,193.0,138.0,403.0002326839546,412721
215.0,200.0,141.0,199.00011489852844,841674
219.0,203.0,141.0,533.0003077432948,841682
130.0,37.0,22.0,459.00026501720885,666741
140.0,34.0,21.0,418.0002413446477,389923
135.0,46.0,16.0,507.0002927314268,531874
136.0,46.0,20.0,445.0002569338953,351482
132.0,35.0,29.0,274.00015820199394,283054
139.0,39.0,24.0,300.000173213862,431367
133.0,42.0,24.0,360.0002078566344,563208
137.0,44.0,27.0,334.00019284476633,744233
196.0,39.0,4.0,651.0003758740805,924364
201.0,38.0,7.0,476.00027483266103,1648597
194.0,40.0,6.0,818.0004722964637,1651601
204.0,42.0,0.0,397.00022921967735,503599
194.0,39.0,8.0,192.0001108568717,701560
205.0,37.0,11.0,238.00013741633052,715562
193.0,45.0,9.0,213.000122981842,488793
207.0,40.0,8.0,98.00005658319492,722279
118.0,20.0,19.0,480.0002771421792,1032459
123.0,19.0,16.0,687.000396659744,553506
113.0,26.0,19.0,738.0004261061005,845514
121.0,27.0,17.0,668.0003856895327,884628
115.0,17.0,30.0,56.00003233325424,268023
126.0,23.0,26.0,113.00006524388802,918733
114.0,24.0,24.0,137.00007910099697,498189
124.0,31.0,24.0,194.00011201163076,832674
224.0,161.0,0.0,616.0003556657966,546307
234.0,162.0,0.0,1073.0006195282463,1547885
231.0,172.0,6.0,370.0002136304298,1176789
236.0,168.0,0.0,526.000303701638,1551836
226.0,160.0,14.0,106.00006120223124,1212732
238.0,164.0,15.0,161.00009295810594,955599
225.0,173.0,9.0,103.00005947009261,713643
237.0,169.0,8.0,118.00006813078572,874373
167.0,49.0,21.0,369.00021305305023,1594733
170.0,53.0,20.0,572.0003302610969,1609551
163.0,61.0,23.0,380.00021940422516,496759
175.0,56.0,16.0,432.00024942796125,762903
166.0,52.0,28.0,320.0001847614528,749792
174.0,49.0,27.0,332.0001916900073,1589791
164.0,62.0,24.0,315.0001818745551,567930
175.0,57.0,29.0,312.00018014241647,530633
86.0,66.0,39.0,442.00025520175666,605849
90.0,65.0,35.0,340.0001963090436,454176
80.0,76.0,39.0,436.0002517374794,1356662
89.0,73.0,37.0,343.0001980411822,387546
87.0,69.0,45.0,313.000180719796,871473
90.0,69.0,40.0,227.00013106515556,360291
81.0,74.0,46.0,558.0003221777833,834136
88.0,72.0,47.0,360.0002078566344,1254968
101.0,135.0,102.0,469.00027079100425,1674439
108.0,131.0,103.0,829.0004786476386,1437288
102.0,141.0,96.0,107.00006177961077,1603413
111.0,139.0,98.0,894.0005161773087,1638483
101.0,131.0,105.0,62.000035797531474,1230816
110.0,133.0,104.0,363.00020958877303,1418514
101.0,138.0,107.0,21.00001212497034,1423617
111.0,137.0,110.0,261.0001506960599,1450136
154.0,193.0,149.0,16.00000923807264,1378980
179.0,200.0,159.0,76.00004388084504,1017925
190.0,204.0,181.0,95.00005485105629,1018002
239.0,225.0,136.0,11.000006351174939,1269937
248.0,231.0,141.0,254.00014665440315,1255110
250.0,240.0,142.0,32.00001847614528,1253137
238.0,225.0,147.0,46.00002655945884,661739
253.0,228.0,144.0,361.0002084340139,976296
255.0,246.0,156.0,36.00002078566344,1240338
82.0,48.0,20.0,420.0002424994068,928492
92.0,51.0,19.0,374.00021593994796,1187426
82.0,56.0,19.0,392.0002263327797,721018
90.0,56.0,19.0,389.00022460064105,1359559
80.0,54.0,29.0,292.00016859482565,417220
90.0,48.0,26.0,313.000180719796,525195
82.0,56.0,29.0,394.0002274875387,403478
90.0,62.0,25.0,381.00021998160474,414285
182.0,65.0,22.0,375.0002165173275,795359
190.0,64.0,23.0,358.0002067018753,1336308
183.0,74.0,18.0,306.0001766781392,758321
189.0,73.0,22.0,370.0002136304298,1336439
183.0,70.0,30.0,360.0002078566344,700594
189.0,67.0,28.0,484.00027945169734,978762
177.0,77.0,28.0,338.0001951542845,302023
187.0,72.0,28.0,280.0001616662712,955053
0.0,0.0,35.0,18.00001039283172,191302
18.0,15.0,32.0,1.00000057737954,190297
5.0,16.0,38.0,22.000012702349878,186367
26.0,26.0,36.0,650.000375296701,155722
0.0,12.0,48.0,1.00000057737954,190316
3.0,19.0,53.0,4.00000230951816,190314
25.0,30.0,50.0,17.00000981545218,185362
100.0,34.0,20.0,541.0003123623311,412742
111.0,34.0,16.0,525.0003031242585,1618551
100.0,40.0,16.0,379.00021882684564,456983
109.0,47.0,22.0,339.00019573166406,1060755
101.0,32.0,25.0,236.00013626157144,472248
110.0,38.0,26.0,269.00015531509626,1406569
102.0,40.0,27.0,289.000166862687,282019
111.0,43.0,24.0,266.00015358295764,1065617
168.0,141.0,132.0,55.000031755874694,881027
184.0,133.0,132.0,76.00004388084504,654901
169.0,157.0,135.0,201.00011605328754,621215
189.0,156.0,139.0,201.00011605328754,976261
164.0,131.0,152.0,20.0000115475908,219707
189.0,136.0,144.0,25.0000144344885,248611
172.0,152.0,153.0,68.00003926180872,243839
178.0,154.0,150.0,62.000035797531474,214343
228.0,131.0,0.0,527.0003042790175,741170
233.0,129.0,0.0,666.0003845347736,691337
231.0,137.0,3.0,718.0004145585096,1209592
239.0,138.0,0.0,483.0002788743178,679075
230.0,130.0,10.0,76.00004388084504,448896
236.0,134.0,8.0,151.00008718431053,1126809
230.0,143.0,12.0,105.0000606248517,567426
236.0,139.0,9.0,100.000057737954,886203
192.0,102.0,50.0,369.00021305305023,1429717
207.0,100.0,48.0,305.0001761007597,390102
197.0,107.0,55.0,314.0001812971756,1167329
200.0,111.0,55.0,532.0003071659153,1483271
193.0,96.0,63.0,341.0001968864231,1581930
202.0,101.0,57.0,322.0001859162119,575350
194.0,108.0,59.0,295.0001703269643,1020170
200.0,108.0,61.0,336.00019399952544,1575052
150.0,33.0,23.0,401.0002315291955,256710
152.0,39.0,23.0,267.00015416033716,400915
144.0,41.0,22.0,442.00025520175666,831691
159.0,44.0,23.0,367.0002118982912,268196
145.0,37.0,25.0,329.00018995786866,366287
157.0,38.0,30.0,324.0001870709709,1424289
147.0,47.0,24.0,381.00021998160474,412753
155.0,43.0,29.0,281.0001622436507,306659
25.0,25.0,17.0,2250.001299103965,999297
29.0,24.0,18.0,642.0003706776647,145528
27.0,29.0,16.0,1366.0007887004515,56857
28.0,30.0,16.0,2060.001189401852,17730
26.0,27.0,21.0,1880.001085473535,38629
28.0,27.0,23.0,807.0004659452887,41834
27.0,28.0,20.0,792.0004572845957,40966
30.0,31.0,23.0,1345.0007765754813,170744
210.0,148.0,1.0,510.00029446356535,1216543
223.0,149.0,2.0,859.0004959690248,1573897
209.0,158.0,4.0,446.0002575112748,1242221
222.0,158.0,0.0,547.0003158266084,1189981
209.0,147.0,14.0,126.00007274982204,1203711
222.0,145.0,13.0,89.00005138677906,899059
208.0,155.0,13.0,96.00005542843584,1568607
223.0,156.0,15.0,104.00006004747216,1253868
160.0,171.0,75.0,23.00001327972942,1060128
191.0,160.0,77.0,164.00009469024457,907185
170.0,177.0,73.0,8.00000461903632,653852
191.0,177.0,72.0,8.00000461903632,340878
164.0,161.0,94.0,51.000029446356535,1249197
190.0,161.0,83.0,404.00023326133413,1527385
166.0,177.0,85.0,13.00000750593402,654843
185.0,179.0,81.0,14.00000808331356,1210995
69.0,65.0,18.0,238.00013741633052,970352
77.0,65.0,23.0,243.00014030322822,1435988
67.0,74.0,22.0,284.00016397578935,1447908
77.0,74.0,23.0,124.00007159506295,1417210
68.0,68.0,30.0,565.0003262194401,1486339
75.0,67.0,30.0,431.0002488505817,784626
71.0,74.0,31.0,535.0003088980538,10579
78.0,75.0,30.0,308.0001778328983,439321
144.0,157.0,192.0,1.00000057737954,193290
148.0,165.0,195.0,10.0000057737954,187359
178.0,187.0,196.0,159.00009180334686,100479
176.0,53.0,37.0,333.0001922673868,1405541
190.0,50.0,33.0,136.00007852361745,238028
176.0,61.0,34.0,408.0002355708523,1583871
189.0,56.0,37.0,191.00011027949213,694596
181.0,49.0,44.0,275.00015877937346,264615
185.0,52.0,47.0,165.0000952676241,271603
176.0,56.0,40.0,670.0003868442918,1384724
188.0,60.0,47.0,521.0003008147403,1394628
54.0,82.0,34.0,98.00005658319492,321222
63.0,87.0,39.0,990.0005716057445,911978
54.0,88.0,38.0,4.00000230951816,1609422
63.0,91.0,32.0,184.00010623783535,1644012
55.0,80.0,40.0,94.00005427367675,1418729
59.0,84.0,44.0,1084.0006258794212,1029215
53.0,89.0,41.0,7.00000404165678,1605471
61.0,90.0,46.0,225.00012991039648,1685324
165.0,54.0,35.0,346.00019977332084,718807
173.0,52.0,35.0,263.000151850819,726184
164.0,57.0,39.0,308.0001778328983,1322446
169.0,56.0,38.0,340.0001963090436,486169
163.0,55.0,45.0,311.00017956503694,1404474
169.0,55.0,45.0,325.0001876483505,1402500
162.0,58.0,45.0,343.0001980411822,305730
175.0,57.0,47.0,436.0002517374794,1395586
132.0,51.0,22.0,369.00021305305023,939132
139.0,55.0,21.0,434.00025058272035,1178183
133.0,58.0,18.0,305.0001761007597,1209315
140.0,58.0,21.0,349.0002015054595,854953
134.0,52.0,31.0,283.0001633984098,415809
139.0,55.0,29.0,359.0002072792548,1121333
132.0,57.0,26.0,274.00015820199394,1673405
138.0,57.0,30.0,296.0001709043438,572490
53.0,49.0,48.0,287.000165707928,745707
62.0,50.0,50.0,285.0001645531689,264104
52.0,57.0,50.0,313.000180719796,1604566
60.0,61.0,53.0,1461.0008435515078,108732
51.0,50.0,56.0,35.0000202082839,179474
63.0,50.0,57.0,21.00001212497034,232666
52.0,57.0,60.0,82.00004734512228,110446
62.0,63.0,57.0,183.0001056604558,154836
166.0,71.0,39.0,370.0002136304298,501362
168.0,69.0,38.0,353.0002038149776,473115
166.0,74.0,33.0,278.0001605115121,704779
169.0,75.0,39.0,299.00017263648243,694223
160.0,69.0,40.0,377.0002176720866,1442822
168.0,66.0,44.0,370.0002136304298,394805
166.0,72.0,47.0,264.00015242819853,887902
170.0,78.0,41.0,356.00020554711625,586221
145.0,48.0,16.0,405.00023383871365,1569021
156.0,53.0,20.0,420.0002424994068,1447519
148.0,59.0,19.0,307.0001772555188,1239413
158.0,61.0,18.0,298.0001720591029,389886
150.0,51.0,30.0,340.0001963090436,590995
156.0,50.0,28.0,311.00017956503694,1033082
150.0,56.0,31.0,305.0001761007597,309649
159.0,61.0,24.0,278.0001605115121,758324
98.0,70.0,22.0,363.00020958877303,402334
104.0,66.0,17.0,409.00023614823186,1211441
99.0,72.0,17.0,231.00013337467374,321702
107.0,77.0,17.0,340.0001963090436,795499
96.0,66.0,28.0,353.0002038149776,637083
104.0,69.0,29.0,333.0001922673868,349583
101.0,75.0,24.0,292.00016859482565,904386
104.0,76.0,28.0,338.0001951542845,393443
84.0,116.0,53.0,322.0001859162119,1697288
93.0,115.0,51.0,371.00021420780934,251943
84.0,124.0,53.0,81.00004676774273,1607415
88.0,124.0,52.0,262.0001512734395,1601489
87.0,112.0,57.0,509.00029388618583,319155
88.0,117.0,63.0,647.0003735645623,909477
82.0,121.0,58.0,149.00008602955145,1584698
91.0,127.0,57.0,317.00018302931414,1598524
152.0,57.0,65.0,10.0000057737954,568933
191.0,55.0,77.0,61.000035220151936,323744
134.0,46.0,122.0,95.00005485105629,223677
181.0,114.0,0.0,565.0003262194401,1432022
186.0,115.0,7.0,638.0003683681465,1504799
176.0,121.0,4.0,228.0001316425351,1482012
188.0,122.0,0.0,493.0002846481132,1337890
183.0,116.0,12.0,203.00011720804662,1252938
190.0,112.0,11.0,214.00012355922155,799176
176.0,120.0,9.0,96.00005542843584,1188666
187.0,124.0,10.0,191.00011027949213,1461284
237.0,225.0,175.0,59.00003406539286,815025
250.0,228.0,168.0,319.00018418407325,1239343
255.0,249.0,162.0,37.000021363042976,683914
232.0,224.0,177.0,48.00002771421792,812061
255.0,232.0,188.0,158.0000912259673,879016
255.0,242.0,180.0,30.0000173213862,698099
225.0,99.0,0.0,749.0004324572755,1114874
237.0,102.0,0.0,82.00004734512228,1038245
227.0,106.0,0.0,974.0005623676719,736357
234.0,104.0,6.0,256.00014780916223,549934
224.0,99.0,9.0,185.0001068152149,1150406
233.0,99.0,14.0,48.00002771421792,671936
227.0,106.0,13.0,189.00010912473306,1135612
234.0,104.0,8.0,75.0000433034655,696826
196.0,98.0,69.0,410.0002367256114,1591810
200.0,103.0,71.0,268.0001547377167,1599715
192.0,104.0,64.0,279.0001610888917,845678
205.0,110.0,64.0,301.00017379124154,1577026
197.0,102.0,72.0,525.0003031242585,1544374
206.0,102.0,75.0,196.00011316638984,1135504
199.0,106.0,73.0,259.00014954130086,762315
206.0,108.0,73.0,312.00018014241647,1170296
69.0,32.0,23.0,400.000230951816,127402
72.0,35.0,16.0,395.0002280649183,854675
71.0,43.0,19.0,460.00026559458837,1399018
79.0,42.0,16.0,454.0002621303111,445750
64.0,35.0,31.0,175.0001010414195,1623646
73.0,35.0,24.0,192.0001108568717,1639447
65.0,44.0,25.0,254.00014665440315,223119
79.0,47.0,24.0,208.00012009494432,445282
96.0,51.0,20.0,365.0002107435321,728779
105.0,49.0,22.0,321.00018533883235,430808
100.0,56.0,21.0,348.0002009280799,602863
104.0,58.0,22.0,337.00019457690496,342439
101.0,54.0,28.0,273.0001576246144,917938
104.0,54.0,31.0,277.00015993413257,614411
98.0,62.0,26.0,326.00018822573,815786
111.0,61.0,26.0,290.0001674400666,1139699
229.0,69.0,69.0,128.00007390458111,250630
255.0,78.0,75.0,27.000015589247578,495181
234.0,87.0,69.0,224.00012933301696,732244
255.0,93.0,72.0,84.00004849988136,352805
238.0,75.0,80.0,11.000006351174939,252905
253.0,79.0,80.0,4.00000230951816,1485570
234.0,89.0,84.0,82.00004734512228,731261
249.0,83.0,85.0,72.00004157132688,251919
81.0,35.0,19.0,402.0002321065751,1648756
92.0,36.0,21.0,438.0002528922385,876378
81.0,44.0,18.0,368.0002124756707,355043
88.0,44.0,19.0,398.0002297970569,860376
84.0,38.0,25.0,204.00011778542614,831736
90.0,38.0,25.0,209.00012067232385,825748
87.0,46.0,28.0,234.00013510681234,581388
94.0,43.0,24.0,256.00014780916223,655910
192.0,71.0,52.0,540.0003117849516,1380787
200.0,70.0,48.0,109.00006293436985,283349
196.0,75.0,48.0,800.000461903632,787242
201.0,79.0,55.0,348.0002009280799,798112
194.0,66.0,57.0,91.00005254153814,281342
204.0,65.0,60.0,62.000035797531474,229993
196.0,75.0,56.0,354.00020439235715,1353132
200.0,79.0,60.0,204.00011778542614,1342267
54.0,86.0,49.0,134.00007736885834,1621301
59.0,80.0,49.0,1075.0006206830055,1006100
55.0,89.0,54.0,6.00000346427724,1407767
58.0,90.0,51.0,197.00011374376936,1617351
55.0,80.0,61.0,16.00000923807264,1494840
63.0,86.0,60.0,782.0004515108002,1541229
51.0,91.0,56.0,10.0000057737954,1400853
63.0,90.0,57.0,273.0001576246144,1002075
181.0,70.0,50.0,321.00018533883235,794143
191.0,68.0,50.0,654.0003776062191,302470
180.0,78.0,55.0,345.00019919594126,1556196
187.0,75.0,53.0,384.0002217137434,710904
179.0,71.0,58.0,138.00007967837652,1582863
185.0,68.0,58.0,101.00005831533353,1426283
181.0,73.0,61.0,284.00016397578935,1318496
189.0,78.0,61.0,260.0001501186804,690173
199.0,97.0,35.0,470.0002713683838,602587
202.0,98.0,37.0,271.0001564698553,1302837
193.0,109.0,37.0,274.00015820199394,981696
207.0,104.0,38.0,120.0000692855448,671124
194.0,100.0,46.0,349.0002015054595,861130
203.0,99.0,44.0,403.0002326839546,735923
194.0,110.0,40.0,288.0001662853075,1514853
205.0,110.0,46.0,294.00016974958476,459139
83.0,65.0,53.0,939.000542159388,1711226
92.0,71.0,54.0,112.00006466650848,202189
87.0,78.0,49.0,364.00021016615256,618578
88.0,79.0,50.0,264.00015242819853,400088
81.0,66.0,61.0,107.00006177961077,626472
88.0,70.0,60.0,48.00002771421792,589897
80.0,79.0,58.0,485.00028002907686,419262
95.0,72.0,58.0,143.00008256527423,1082410
141.0,137.0,46.0,40.0000230951816,651866
149.0,136.0,40.0,111.00006408912894,356690
138.0,150.0,40.0,15.0000086606931,44973
148.0,152.0,32.0,24.00001385710896,14322
128.0,129.0,59.0,103.00005947009261,937867
158.0,135.0,55.0,263.000151850819,593037
140.0,144.0,60.0,26.00001501186804,166708
157.0,156.0,48.0,28.00001616662712,9380
119.0,71.0,23.0,332.0001916900073,1181530
121.0,70.0,17.0,275.00015877937346,1200437
119.0,72.0,16.0,386.0002228685024,1284440
120.0,75.0,18.0,331.0001911126277,364202
115.0,67.0,29.0,281.0001622436507,752404
122.0,64.0,27.0,225.00012991039648,387583
119.0,78.0,26.0,335.0001934221459,720560
125.0,79.0,29.0,260.0001501186804,811763
209.0,179.0,119.0,295.0001703269643,460962
221.0,176.0,117.0,200.000115475908,435431
214.0,186.0,113.0,404.00023326133413,823868
223.0,190.0,119.0,336.00019399952544,398859
213.0,181.0,122.0,215.0001241366011,285065
222.0,183.0,124.0,138.00007967837652,802090
214.0,189.0,125.0,494.00028522549275,470847
217.0,185.0,124.0,305.0001761007597,548231
113.0,53.0,16.0,312.00018014241647,410076
123.0,55.0,20.0,335.0001934221459,474099
114.0,63.0,20.0,315.0001818745551,862769
121.0,63.0,17.0,258.00014896392133,529964
116.0,49.0,30.0,270.0001558924758,323328
125.0,50.0,29.0,314.0001812971756,405935
119.0,58.0,29.0,287.000165707928,1040902
125.0,59.0,25.0,290.0001674400666,1431937
22.0,4.0,18.0,271.0001564698553,223772
28.0,0.0,19.0,609.0003516241399,218833
17.0,15.0,20.0,498.0002875350109,210429
28.0,13.0,18.0,820.0004734512228,1102012
24.0,0.0,24.0,43.00002482732022,207997
16.0,15.0,29.0,27.000015589247578,185358
30.0,14.0,25.0,108.00006235699031,216835
192.0,131.0,6.0,445.0002569338953,1267698
206.0,134.0,0.0,610.0003522015194,1305446
199.0,136.0,5.0,283.0001633984098,557219
205.0,139.0,3.0,415.00023961250906,1219493
195.0,134.0,9.0,191.00011027949213,1257814
200.0,128.0,10.0,188.0001085473535,1571959
198.0,137.0,10.0,55.000031755874694,1395357
207.0,138.0,9.0,146.00008429741283,1260844
69.0,52.0,32.0,310.00017898765736,1677737
75.0,51.0,39.0,171.00009873190135,732873
67.0,61.0,37.0,486.00028060645644,553851
79.0,59.0,32.0,376.000217094707,1187581
68.0,50.0,40.0,114.00006582126755,424894
72.0,52.0,41.0,82.00004734512228,278218
65.0,59.0,47.0,466.0002690588656,270951
78.0,63.0,42.0,321.00018533883235,1179730
199.0,87.0,23.0,312.00018014241647,1531580
200.0,81.0,23.0,374.00021593994796,446393
199.0,88.0,19.0,240.0001385710896,748746
204.0,90.0,17.0,205.0001183628057,468686
192.0,83.0,26.0,298.0001720591029,738735
200.0,87.0,29.0,282.00016282103024,534960
192.0,89.0,31.0,366.0002113209116,1026353
204.0,88.0,29.0,237.00013683895097,946399
166.0,64.0,16.0,348.0002009280799,1469465
175.0,65.0,16.0,364.00021016615256,641772
161.0,76.0,19.0,216.00012471398063,1573181
174.0,73.0,19.0,292.00016859482565,452244
165.0,68.0,26.0,269.00015531509626,1610639
170.0,68.0,28.0,303.0001749460006,1467485
167.0,76.0,29.0,228.0001316425351,1424770
175.0,72.0,29.0,288.0001662853075,792203
96.0,85.0,53.0,347.00020035070037,356088
107.0,83.0,49.0,243.00014030322822,427463
98.0,93.0,51.0,307.0001772555188,1005030
104.0,92.0,54.0,283.0001633984098,835539
98.0,84.0,58.0,225.00012991039648,335458
105.0,86.0,56.0,161.00009295810594,1227371
98.0,91.0,62.0,421.0002430767863,1689598
110.0,95.0,56.0,301.00017379124154,370062
197.0,82.0,37.0,280.0001616662712,728031
205.0,82.0,38.0,209.00012067232385,422895
198.0,88.0,37.0,305.0001761007597,337667
202.0,93.0,34.0,243.00014030322822,1528647
194.0,81.0,41.0,363.00020958877303,990883
203.0,83.0,46.0,300.000173213862,793189
199.0,95.0,44.0,332.0001916900073,878284
206.0,94.0,44.0,243.00014030322822,954063
183.0,86.0,54.0,247.00014261274637,813641
190.0,85.0,53.0,355.00020496973667,555300
177.0,94.0,50.0,218.0001258687397,339401
190.0,91.0,50.0,253.0001460770236,1545397
181.0,85.0,61.0,358.0002067018753,518293
187.0,85.0,63.0,274.00015820199394,1558172
177.0,95.0,57.0,237.00013683895097,372887
188.0,88.0,62.0,328.00018938048913,986570
210.0,55.0,0.0,540.0003117849516,1061990
221.0,54.0,2.0,264.00015242819853,1646757
213.0,60.0,3.0,744.0004295703777,1073850
222.0,61.0,6.0,259.00014954130086,496681
212.0,53.0,11.0,96.00005542843584,714371
219.0,53.0,11.0,110.00006351174939,496332
212.0,62.0,11.0,148.0000854521719,1358123
218.0,57.0,11.0,109.00006293436985,707657
197.0,113.0,85.0,352.00020323759804,920732
207.0,114.0,83.0,328.00018938048913,957296
198.0,124.0,85.0,170.0000981545218,1418846
201.0,122.0,83.0,237.00013683895097,365005
192.0,118.0,93.0,352.00020323759804,932604
200.0,116.0,90.0,235.0001356841919,968802
196.0,122.0,95.0,226.00013048777603,453428
202.0,125.0,95.0,334.00019284476633,938531
209.0,99.0,66.0,373.0002153625684,697094
217.0,98.0,64.0,344.00019861856174,1321512
208.0,105.0,70.0,195.00011258901029,1566176
220.0,107.0,65.0,189.00010912473306,492074
208.0,99.0,76.0,271.0001564698553,299803
222.0,103.0,73.0,224.00012933301696,736856
212.0,110.0,72.0,256.00014780916223,1001409
219.0,106.0,76.0,375.0002165173275,391709
65.0,49.0,0.0,290.0001674400666,839521
74.0,53.0,0.0,471.0002719457633,845758
66.0,56.0,0.0,127.00007332720158,512279
79.0,56.0,4.0,190.00010970211258,795507
70.0,51.0,9.0,313.000180719796,297722
79.0,51.0,12.0,408.0002355708523,1611127
69.0,56.0,14.0,182.00010508307628,1223182
72.0,63.0,8.0,239.00013799371004,1189318
98.0,67.0,38.0,287.000165707928,510327
104.0,71.0,38.0,290.0001674400666,467494
100.0,76.0,32.0,313.000180719796,423399
105.0,72.0,37.0,277.00015993413257,344644
98.0,68.0,40.0,209.00012067232385,349676
110.0,70.0,44.0,217.00012529136018,1194083
97.0,72.0,41.0,328.00018938048913,880325
111.0,76.0,46.0,279.0001610888917,343243
183.0,86.0,33.0,302.00017436862106,878050
184.0,87.0,32.0,286.00016513054845,653263
179.0,89.0,37.0,163.000094112865,496257
187.0,90.0,37.0,320.0001847614528,1485254
183.0,81.0,43.0,316.0001824519346,848647
190.0,82.0,46.0,315.0001818745551,447343
183.0,90.0,46.0,203.00011720804662,1043886
191.0,95.0,44.0,293.00016917220523,637361
72.0,36.0,64.0,62.000035797531474,217720
87.0,44.0,74.0,190.00010970211258,215928
73.0,57.0,68.0,56.00003233325424,273378
91.0,52.0,79.0,166.00009584500364,221852
94.0,37.0,82.0,31.000017898765737,217707
92.0,59.0,86.0,43.00002482732022,207025
36.0,52.0,3.0,141.00008141051512,1254022
42.0,50.0,0.0,341.0001968864231,5538
36.0,61.0,6.0,120.0000692855448,292472
40.0,57.0,0.0,74.00004272608595,164752
33.0,50.0,8.0,568.0003279515787,326065
47.0,53.0,15.0,553.0003192908856,1116299
37.0,58.0,15.0,186.00010739259443,1068255
40.0,62.0,15.0,204.00011778542614,1120476
103.0,96.0,50.0,261.0001506960599,602727
109.0,99.0,50.0,226.00013048777603,1496784
97.0,107.0,55.0,193.0001114342512,1348798
104.0,109.0,51.0,103.00005947009261,369779
101.0,101.0,63.0,499.0002881123904,1384482
106.0,98.0,61.0,295.0001703269643,449510
98.0,108.0,58.0,360.0002078566344,24324
109.0,105.0,58.0,233.0001345294328,1177352
178.0,83.0,19.0,213.000122981842,667498
188.0,83.0,17.0,358.0002067018753,354586
183.0,89.0,19.0,197.00011374376936,1248245
191.0,90.0,18.0,371.00021420780934,1534613
179.0,85.0,31.0,241.00013914846912,1609679
191.0,84.0,28.0,281.0001622436507,1311729
181.0,93.0,29.0,212.00012240446247,1480387
187.0,92.0,28.0,280.0001616662712,992066
210.0,167.0,0.0,381.00021998160474,1204770
217.0,164.0,0.0,537.000310052813,1522565
211.0,173.0,0.0,362.00020901139345,1205754
219.0,172.0,0.0,540.0003117849516,1207765
208.0,163.0,8.0,91.00005254153814,1252109
223.0,167.0,12.0,101.00005831533353,1104209
212.0,168.0,9.0,59.00003406539286,594105
218.0,174.0,15.0,74.00004272608595,1256905
167.0,18.0,20.0,397.00022921967735,247762
169.0,21.0,21.0,228.0001316425351,778032
163.0,31.0,18.0,417.00024076726817,735114
172.0,29.0,23.0,270.0001558924758,496703
162.0,21.0,27.0,155.00008949382868,256797
169.0,20.0,24.0,90.0000519641586,226033
165.0,27.0,27.0,352.00020323759804,235921
171.0,26.0,29.0,234.00013510681234,526819
134.0,3.0,17.0,150.000086606931,496240
142.0,3.0,22.0,201.00011605328754,481399
133.0,8.0,16.0,1065.00061490921,768768
143.0,13.0,23.0,485.00028002907686,774938
133.0,6.0,27.0,9.00000519641586,398248
143.0,6.0,24.0,28.00001616662712,494254
135.0,15.0,24.0,74.00004272608595,858947
142.0,15.0,24.0,113.00006524388802,861918
114.0,112.0,97.0,496.0002863802518,140525
122.0,116.0,102.0,250.000144344885,169168
118.0,127.0,96.0,231.00013337467374,1649018
126.0,120.0,98.0,212.00012240446247,912092
117.0,119.0,105.0,134.00007736885834,202771
121.0,114.0,106.0,234.00013510681234,131795
116.0,125.0,108.0,199.00011489852844,177601
121.0,121.0,109.0,369.00021305305023,147423
226.0,207.0,192.0,15.0000086606931,601917
253.0,203.0,192.0,141.00008141051512,589214
235.0,220.0,197.0,40.0000230951816,515388
255.0,216.0,194.0,291.00016801744613,605015
234.0,196.0,219.0,2.00000115475908,235533
252.0,222.0,222.0,40.0000230951816,430311
82.0,69.0,16.0,243.00014030322822,1475466
90.0,70.0,20.0,273.0001576246144,306629
81.0,77.0,16.0,128.00007390458111,289597
94.0,79.0,20.0,176.00010161879902,383388
87.0,69.0,29.0,383.0002211363638,717079
94.0,64.0,30.0,413.00023845775,1002614
86.0,73.0,31.0,260.0001501186804,319360
93.0,74.0,31.0,242.00013972584867,839983
114.0,114.0,86.0,312.00018014241647,1027003
125.0,116.0,83.0,198.0001143211489,1476822
115.0,123.0,86.0,314.0001812971756,353714
121.0,121.0,83.0,197.00011374376936,1090238
114.0,113.0,92.0,317.00018302931414,107626
126.0,115.0,95.0,157.0000906485878,12333
112.0,122.0,88.0,380.00021940422516,632060
125.0,121.0,94.0,223.0001287556374,140934
227.0,195.0,134.0,265.0001530055781,247800
237.0,199.0,128.0,163.000094112865,593462
230.0,203.0,134.0,371.00021420780934,1256807
239.0,205.0,131.0,259.00014954130086,312431
224.0,195.0,137.0,217.00012529136018,460263
239.0,193.0,143.0,131.00007563671974,1227218
230.0,201.0,143.0,419.0002419220272,327019
238.0,200.0,138.0,245.0001414579873,358043
164.0,37.0,18.0,278.0001605115121,1237617
169.0,33.0,17.0,275.00015877937346,267582
164.0,41.0,23.0,229.00013221991466,332351
172.0,47.0,19.0,212.00012240446247,385765
161.0,34.0,25.0,321.00018533883235,743029
170.0,35.0,31.0,298.0001720591029,301773
161.0,41.0,25.0,196.00011316638984,730776
174.0,42.0,30.0,249.00014376750545,744028
148.0,67.0,37.0,268.0001547377167,1065630
157.0,68.0,38.0,345.00019919594126,327561
145.0,74.0,32.0,225.00012991039648,881019
158.0,75.0,35.0,217.00012529136018,613334
151.0,70.0,43.0,252.00014549964408,678944
157.0,64.0,47.0,311.00017956503694,1612584
148.0,75.0,43.0,177.00010219617857,801886
152.0,77.0,45.0,241.00013914846912,422037
215.0,115.0,83.0,316.0001824519346,988566
216.0,119.0,86.0,257.00014838654175,674666
211.0,127.0,81.0,226.00013048777603,958930
222.0,126.0,86.0,224.00012933301696,400274
213.0,119.0,93.0,198.0001143211489,405102
223.0,113.0,88.0,197.00011374376936,365685
209.0,122.0,95.0,338.0001951542845,314590
219.0,120.0,89.0,275.00015877937346,566462
192.0,65.0,33.0,270.0001558924758,1319501
204.0,67.0,33.0,138.00007967837652,379009
192.0,72.0,38.0,378.0002182494661,742770
206.0,77.0,35.0,155.00008949382868,487130
198.0,68.0,42.0,347.00020035070037,694089
202.0,67.0,45.0,119.00006870816526,431536
195.0,77.0,41.0,431.0002488505817,660479
202.0,75.0,40.0,192.0001108568717,727046
177.0,54.0,23.0,184.00010623783535,1325423
184.0,54.0,18.0,167.00009642238317,392826
178.0,60.0,20.0,384.0002217137434,723354
190.0,58.0,19.0,397.00022921967735,724223
183.0,53.0,29.0,204.00011778542614,1395664
186.0,50.0,24.0,160.0000923807264,1531194
181.0,58.0,27.0,338.0001951542845,1585852
189.0,61.0,26.0,182.00010508307628,586505
54.0,34.0,33.0,149.00008602955145,209411
59.0,34.0,37.0,61.000035220151936,221974
51.0,41.0,32.0,974.0005623676719,1021034
63.0,45.0,35.0,175.0001010414195,627400
54.0,35.0,41.0,112.00006466650848,278208
62.0,34.0,46.0,62.000035797531474,204093
53.0,46.0,40.0,385.0002222911229,105041
62.0,42.0,43.0,83.00004792250182,117199
178.0,82.0,70.0,188.0001085473535,527941
188.0,84.0,71.0,191.00011027949213,1569044
180.0,95.0,64.0,362.00020901139345,540483
186.0,95.0,68.0,509.00029388618583,1576994
178.0,86.0,75.0,105.0000606248517,940517
190.0,86.0,75.0,214.00012355922155,1564114
176.0,89.0,72.0,172.00009930928087,897796
187.0,92.0,74.0,248.0001431901259,966200
215.0,60.0,64.0,121.00006986292433,255865
224.0,61.0,66.0,2.00000115475908,378498
119.0,87.0,36.0,296.0001709043438,453075
124.0,82.0,32.0,269.00015531509626,638039
117.0,93.0,33.0,214.00012355922155,319693
125.0,95.0,35.0,253.0001460770236,303552
115.0,83.0,44.0,238.00013741633052,1149126
125.0,83.0,45.0,237.00013683895097,1511023
119.0,88.0,41.0,213.000122981842,407541
123.0,89.0,44.0,248.0001431901259,393539
199.0,177.0,117.0,173.00009988666042,378374
205.0,176.0,116.0,353.0002038149776,470850
193.0,189.0,116.0,28.00001616662712,1247222
206.0,187.0,118.0,187.00010796997398,782417
199.0,177.0,120.0,414.00023903512954,823922
206.0,176.0,122.0,418.0002413446477,316554
197.0,188.0,123.0,80.0000461903632,316343
200.0,184.0,124.0,315.0001818745551,391221
34.0,35.0,17.0,1273.0007350041544,1147739
36.0,35.0,17.0,371.00021420780934,1134920
33.0,36.0,17.0,1356.0007829266563,16521
37.0,39.0,18.0,945.0005456236653,1544047
32.0,34.0,23.0,1317.0007604088541,156543
37.0,33.0,22.0,467.00026963624515,161304
35.0,36.0,22.0,1138.0006570579164,1009135
38.0,39.0,23.0,909.0005248380019,61965
180.0,101.0,68.0,253.0001460770236,398218
190.0,97.0,66.0,282.00016282103024,972117
183.0,108.0,68.0,190.00010970211258,1500047
184.0,110.0,71.0,232.00013395205326,321278
177.0,100.0,72.0,189.00010912473306,825806
185.0,103.0,79.0,373.0002153625684,257722
179.0,104.0,73.0,159.00009180334686,698523
185.0,105.0,78.0,261.0001506960599,955329
201.0,196.0,174.0,46.00002655945884,200527
214.0,205.0,172.0,167.00009642238317,631981
204.0,212.0,175.0,2.00000115475908,1050494
215.0,210.0,170.0,169.00009757714224,404835
201.0,194.0,184.0,36.00002078566344,248928
222.0,204.0,182.0,38.00002194042252,622203
203.0,222.0,176.0,7.00000404165678,1015949
215.0,210.0,178.0,19.00001097021126,430715
230.0,197.0,118.0,264.00015242819853,402422
234.0,199.0,115.0,172.00009930928087,678354
227.0,200.0,119.0,159.00009180334686,708025
232.0,205.0,114.0,270.0001558924758,952593
226.0,198.0,124.0,347.00020035070037,704046
233.0,193.0,123.0,171.00009873190135,453327
226.0,200.0,126.0,292.00016859482565,447116
233.0,205.0,122.0,246.00014203536682,479684
213.0,183.0,97.0,239.00013799371004,902245
223.0,180.0,102.0,204.00011778542614,467507
213.0,187.0,102.0,188.0001085473535,902223
223.0,190.0,97.0,249.00014376750545,1070173
211.0,182.0,104.0,311.00017956503694,1268666
222.0,179.0,111.0,211.00012182708292,814696
213.0,187.0,110.0,243.00014030322822,902386
223.0,185.0,104.0,271.0001564698553,1266685
92.0,108.0,97.0,163.000094112865,1702203
95.0,119.0,97.0,175.0001010414195,1610915
70.0,98.0,119.0,4.00000230951816,191293
88.0,106.0,118.0,131.00007563671974,95654
95.0,113.0,123.0,5.0000028868977,95652
145.0,69.0,20.0,225.00012991039648,398501
153.0,70.0,18.0,227.00013106515556,349284
150.0,73.0,19.0,181.00010450569673,608416
152.0,76.0,16.0,238.00013741633052,610383
150.0,64.0,29.0,296.0001709043438,290194
152.0,67.0,30.0,288.0001662853075,499054
144.0,76.0,29.0,216.00012471398063,342173
158.0,75.0,25.0,238.00013741633052,754364
135.0,80.0,16.0,295.0001703269643,424236
136.0,86.0,17.0,250.000144344885,1140736
129.0,90.0,21.0,222.00012817825788,351133
142.0,88.0,18.0,226.00013048777603,634337
135.0,84.0,27.0,229.00013221991466,463800
141.0,82.0,26.0,171.00009873190135,1263133
129.0,91.0,26.0,275.00015877937346,385053
138.0,92.0,30.0,234.00013510681234,859894
209.0,17.0,6.0,450.00025982079296,530277
218.0,23.0,1.0,268.0001547377167,1526019
214.0,28.0,3.0,310.00017898765736,724451
221.0,27.0,0.0,395.0002280649183,1447095
214.0,17.0,11.0,156.00009007120823,1570467
219.0,16.0,9.0,78.00004503560412,586358
209.0,29.0,15.0,141.00008141051512,734175
219.0,25.0,15.0,101.00005831533353,519845
246.0,147.0,0.0,369.00021305305023,660339
252.0,149.0,0.0,294.00016974958476,677104
247.0,157.0,1.0,491.0002834933541,555539
253.0,153.0,5.0,248.0001431901259,1067899
241.0,150.0,10.0,120.0000692855448,734267
251.0,151.0,11.0,148.0000854521719,644491
247.0,156.0,13.0,101.00005831533353,605673
254.0,158.0,12.0,119.00006870816526,805508
192.0,71.0,18.0,323.0001864935914,690184
205.0,69.0,21.0,179.00010335093765,373081
193.0,74.0,18.0,266.00015358295764,1165798
207.0,77.0,19.0,198.0001143211489,1125708
196.0,69.0,24.0,375.0002165173275,1284080
204.0,66.0,30.0,136.00007852361745,470495
195.0,77.0,31.0,265.0001530055781,1583884
205.0,79.0,31.0,145.0000837200333,1323478
116.0,83.0,16.0,299.00017263648243,340223
124.0,80.0,17.0,356.00020554711625,868011
119.0,93.0,19.0,95.00005485105629,1405360
126.0,89.0,19.0,169.00009757714224,495602
117.0,80.0,25.0,287.000165707928,999839
121.0,86.0,30.0,312.00018014241647,637081
114.0,90.0,26.0,152.00008776169008,306621
127.0,88.0,31.0,209.00012067232385,490963
125.0,160.0,106.0,177.00010219617857,1430473
123.0,162.0,118.0,290.0001674400666,1626123
144.0,48.0,34.0,223.0001287556374,844541
154.0,55.0,32.0,287.000165707928,812648
144.0,58.0,33.0,275.00015877937346,552705
159.0,60.0,39.0,277.00015993413257,1591743
151.0,52.0,46.0,170.0000981545218,1400517
156.0,53.0,46.0,224.00012933301696,1400518
147.0,60.0,40.0,226.00013048777603,696183
155.0,62.0,47.0,186.00010739259443,534860
215.0,100.0,33.0,272.0001570472349,1265185
221.0,98.0,39.0,292.00016859482565,993539
213.0,105.0,33.0,120.0000692855448,737339
217.0,106.0,35.0,175.0001010414195,986630
211.0,97.0,45.0,204.00011778542614,453219
221.0,101.0,40.0,355.00020496973667,994520
213.0,107.0,45.0,174.00010046403995,736883
222.0,106.0,47.0,264.00015242819853,680841
87.0,96.0,39.0,225.00012991039648,1020400
88.0,96.0,37.0,116.00006697602663,116229
84.0,107.0,39.0,178.00010277355813,966670
92.0,109.0,39.0,113.00006524388802,1143220
85.0,100.0,41.0,353.0002038149776,947731
95.0,98.0,45.0,254.00014665440315,708153
85.0,105.0,42.0,347.00020035070037,911051
89.0,108.0,42.0,267.00015416033716,956719
10.0,1.0,0.0,1146.0006616769529,553853
12.0,2.0,1.0,978.00056467719,914345
8.0,7.0,2.0,2316.0013372110147,197715
13.0,4.0,0.0,826.0004769155,609365
10.0,1.0,6.0,241.00013914846912,909180
15.0,3.0,5.0,300.000173213862,241521
10.0,4.0,4.0,1225.0007072899364,1539820
14.0,6.0,4.0,376.000217094707,1654266
193.0,116.0,70.0,207.00011951756477,345712
206.0,118.0,70.0,247.00014261274637,385177
195.0,122.0,71.0,177.00010219617857,486896
205.0,124.0,68.0,281.0001622436507,1512860
195.0,113.0,73.0,236.00013626157144,796829
204.0,116.0,78.0,229.00013221991466,1557223
193.0,123.0,74.0,181.00010450569673,638577
207.0,126.0,73.0,269.00015531509626,946121
