x0,x1,x2,weight,source_index
0.23137254901960785,0.5215686274509804,0.7764705882352941,1170.0114744505504,152619
0.21568627450980393,0.35294117647058826,0.7803921568627451,43.00042171057578,267391
0.17647058823529413,0.4470588235294118,0.8901960784313725,5.000049036113463,218115
0.3568627450980392,0.2549019607843137,0.8901960784313725,21.000205951676545,409260
0.2901960784313726,0.5019607843137255,0.9019607843137255,13.000127493895004,364753
0.4470588235294118,0.43529411764705883,0.9019607843137255,35.00034325279424,251018
0.17254901960784313,0.4392156862745098,0.8313725490196079,8.000078457781541,185786
0.19607843137254902,0.4117647058823529,0.8470588235294118,48.000470746689246,273873
0.17647058823529413,0.4549019607843137,0.8274509803921568,89.00087284281965,226629
0.11372549019607843,0.30196078431372547,0.596078431372549,21.000205951676545,175198
0.11764705882352941,0.3254901960784314,0.6470588235294118,4.0000392288907705,289058
0.5725490196078431,0.7764705882352941,0.8117647058823529,18.000176530008467,73959
0.7294117647058823,0.9176470588235294,0.8862745098039215,20.000196144453852,83456
0.7450980392156863,0.8901960784313725,0.9450980392156862,3.000029421668078,457597
0.32941176470588235,0.4196078431372549,0.7725490196078432,102.00100033671464,507330
0.27058823529411763,0.4392156862745098,0.8392156862745098,58.00056881891617,366654
0.32941176470588235,0.4117647058823529,0.8352941176470589,17.000166722785774,279864
0.9450980392156862,0.9254901960784314,0.9411764705882353,68.0006668911431,420479
0.8705882352941177,0.8862745098039215,0.34901960784313724,3.000029421668078,437585
0.6274509803921569,0.3686274509803922,0.7647058823529411,18.000176530008467,162988
0.17647058823529413,0.39215686274509803,0.6980392156862745,62.00060804780694,17595
0.21568627450980393,0.4,0.6823529411764706,171.00167703508043,8971
0.1843137254901961,0.4549019607843137,0.6901960784313725,7.000068650558848,92638
0.23529411764705882,0.4666666666666667,0.6705882352941176,126.00123571005926,311952
0.3411764705882353,0.24705882352941178,0.8941176470588236,24.000235373344623,403564
0.11372549019607843,0.10196078431372549,0.6470588235294118,35.00034325279424,315086
0.09803921568627451,0.1607843137254902,0.6823529411764706,11.000107879449619,316984
0.30980392156862746,0.5843137254901961,0.8156862745098039,6.000058843336156,284610
0.3254901960784314,0.5686274509803921,0.807843137254902,109.0010689872735,314958
0.2901960784313726,0.5725490196078431,0.8627450980392157,60.00058843336156,324369
0.8901960784313725,0.5254901960784314,0.8431372549019608,31.00030402390347,36164
0.9372549019607843,0.6392156862745098,0.8627450980392157,19.00018633723116,81
0.9450980392156862,0.611764705882353,0.8941176470588236,20.000196144453852,19079
0.4666666666666667,0.5215686274509804,0.8470588235294118,138.0013533967316,97427
0.4980392156862745,0.12156862745098039,0.5137254901960784,11.000107879449619,513953
0.9411764705882353,0.5529411764705883,0.5058823529411764,13.000127493895004,297866
0.6588235294117647,0.3568627450980392,0.5490196078431373,33.00032363834886,381390
0.5725490196078431,0.6862745098039216,0.9529411764705882,108.0010591800508,241103
0.807843137254902,0.8862745098039215,0.9137254901960784,111.00108860171888,404198
0.8705882352941177,0.9450980392156862,0.9490196078431372,11.000107879449619,330154
0.807843137254902,0.9450980392156862,0.9529411764705882,1.0000098072226926,188963
0.8745098039215686,0.9450980392156862,0.996078431372549,100.00098072226926,197506
0.6705882352941176,0.8196078431372549,0.9450980392156862,2.0000196144453852,74347
0.6862745098039216,0.8196078431372549,0.984313725490196,7.000068650558848,166405
0.2823529411764706,0.4549019607843137,0.8,257.002520456232,512152
0.7098039215686275,0.36470588235294116,0.13333333333333333,9.000088265004234,611492
0.6274509803921569,0.38823529411764707,0.12941176470588237,17.000166722785774,264663
0.7058823529411765,0.37254901960784315,0.13725490196078433,13.000127493895004,411627
0.3215686274509804,0.37254901960784315,0.12549019607843137,17.000166722785774,500906
0.3137254901960784,0.26666666666666666,0.20784313725490197,6.000058843336156,522799
0.7254901960784313,0.7568627450980392,0.25098039215686274,1.0000098072226926,174511
0.9725490196078431,0.9725490196078431,0.9803921568627451,95.0009316861558,35262
0.9450980392156862,0.9882352941176471,0.9803921568627451,633.0062079719644,210050
0.996078431372549,0.9725490196078431,1.0,364.0035698290601,320832
0.3411764705882353,0.17647058823529413,0.07450980392156863,19.00018633723116,517094
0.4196078431372549,0.23529411764705882,0.07058823529411765,24.000235373344623,515195
0.3215686274509804,0.2235294117647059,0.19215686274509805,9.000088265004234,517093
0.396078431372549,0.1450980392156863,0.24313725490196078,12.000117686672311,548326
0.5529411764705883,0.7529411764705882,0.807843137254902,19.00018633723116,91053
0.592156862745098,0.7372549019607844,0.7803921568627451,58.00056881891617,199460
0.5333333333333333,0.6941176470588235,0.8784313725490196,66.00064727669772,414669
0.26666666666666666,0.3764705882352941,0.35294117647058826,12.000117686672311,503760
0.40784313725490196,0.6549019607843137,0.5333333333333333,40.000392288907705,223814
0.1411764705882353,0.3843137254901961,0.7490196078431373,5.000049036113463,289059
0.1607843137254902,0.396078431372549,0.7372549019607844,97.00095130060119,14683
0.3568627450980392,0.5215686274509804,0.16470588235294117,1.0000098072226926,237084
0.8980392156862745,0.9019607843137255,0.3411764705882353,105.00102975838273,374578
0.9137254901960784,0.9568627450980393,0.3803921568627451,3.000029421668078,179242
0.6823529411764706,0.6352941176470588,0.8901960784313725,126.00123571005926,276604
0.7176470588235294,0.6941176470588235,0.9019607843137255,175.00171626397122,311231
0.6392156862745098,0.6352941176470588,0.9764705882352941,54.0005295900254,209257
0.7411764705882353,0.6627450980392157,0.9568627450980393,151.0014808906266,186701
0.7294117647058823,0.7372549019607844,0.9686274509803922,138.0013533967316,106940
0.2549019607843137,0.44313725490196076,0.7098039215686275,321.0031481184843,452449
0.2980392156862745,0.4666666666666667,0.7176470588235294,310.0030402390347,532089
0.25882352941176473,0.47843137254901963,0.7176470588235294,49.00048055391194,386925
0.30196078431372547,0.4745098039215686,0.7215686274509804,68.0006668911431,420247
0.27450980392156865,0.49019607843137253,0.7333333333333333,266.00260872123624,339602
0.2823529411764706,0.4745098039215686,0.7607843137254902,630.0061785502963,528513
0.8156862745098039,0.6862745098039216,0.9411764705882353,51.00050016835732,113546
0.8235294117647058,0.6666666666666666,0.9803921568627451,8.000078457781541,226319
0.4745098039215686,0.2901960784313726,0.5725490196078431,41.0004020961304,171394
0.4549019607843137,0.34509803921568627,0.5725490196078431,78.00076496337002,33634
0.8941176470588236,0.9137254901960784,0.6392156862745098,28.000274602235393,414760
0.9176470588235294,0.9372549019607843,0.7372549019607844,36.000353060016934,446138
0.9450980392156862,0.9215686274509803,0.7490196078431373,94.0009218789331,397452
0.6470588235294118,0.6,0.8117647058823529,43.00042171057578,385191
0.7490196078431373,0.5803921568627451,0.7725490196078432,112.00109840894157,526445
0.4980392156862745,0.3058823529411765,0.6666666666666666,6.000058843336156,310029
0.403921568627451,0.32941176470588235,0.6431372549019608,135.0013239750635,339163
0.4549019607843137,0.26666666666666666,0.7568627450980392,17.000166722785774,368927
0.5098039215686274,0.3764705882352941,0.2627450980392157,17.000166722785774,610999
0.6862745098039216,0.2549019607843137,0.26666666666666666,1.0000098072226926,314016
0.5372549019607843,0.2823529411764706,0.39215686274509803,29.000284409458086,516012
0.7215686274509804,0.3058823529411765,0.48627450980392156,23.00022556612193,377590
0.9019607843137255,0.9098039215686274,0.7843137254901961,29.000284409458086,417622
0.9921568627450981,0.9411764705882353,0.7843137254901961,28.000274602235393,564854
0.9137254901960784,0.9450980392156862,0.7803921568627451,46.00045113224386,410726
0.9294117647058824,0.9294117647058824,0.8705882352941177,29.000284409458086,455638
0.9450980392156862,0.9411764705882353,0.8313725490196079,17.000166722785774,457537
0.9294117647058824,0.984313725490196,0.8588235294117647,42.00041190335309,308968
0.41568627450980394,0.5294117647058824,0.9098039215686274,108.0010591800508,439640
0.47843137254901963,0.5529411764705883,0.9137254901960784,25.000245180567315,358484
0.42745098039215684,0.5058823529411764,0.9686274509803922,1.0000098072226926,213066
0.49411764705882355,0.5333333333333333,0.9607843137254902,3.000029421668078,243415
0.40784313725490196,0.6196078431372549,0.9686274509803922,2.0000196144453852,368583
0.49019607843137253,0.592156862745098,0.9607843137254902,6.000058843336156,258831
0.6980392156862745,0.5607843137254902,0.9450980392156862,135.0013239750635,321814
0.6980392156862745,0.5607843137254902,0.9647058823529412,179.00175549286197,216830
0.6784313725490196,0.5882352941176471,0.9568627450980393,45.00044132502117,304756
0.03529411764705882,0.08627450980392157,0.43137254901960786,35.00034325279424,510219
0.09019607843137255,0.10980392156862745,0.4,34.00033344557155,322674
0.054901960784313725,0.06666666666666667,0.49411764705882355,73.00071592725656,282402
0.10588235294117647,0.08627450980392157,0.4980392156862745,156.00152992674003,486468
0.9254901960784314,0.7725490196078432,0.5725490196078431,64.00062766225233,382190
0.8941176470588236,0.8392156862745098,0.5137254901960784,6.000058843336156,431680
0.9137254901960784,0.807843137254902,0.596078431372549,41.0004020961304,244711
0.9725490196078431,0.803921568627451,0.6,38.00037267446232,386934
0.8901960784313725,0.8784313725490196,0.6078431372549019,18.000176530008467,463234
0.5529411764705883,0.6313725490196078,0.19607843137254902,69.0006766983658,233305
0.5647058823529412,0.6392156862745098,0.19607843137254902,7.000068650558848,225699
0.5568627450980392,0.6392156862745098,0.20392156862745098,103.00101014393734,230461
0.5843137254901961,0.6666666666666666,0.21176470588235294,167.00163780618968,223802
0.6235294117647059,0.7058823529411765,0.23529411764705882,12.000117686672311,220005
0.5607843137254902,0.47058823529411764,0.9058823529411765,35.00034325279424,354026
0.5490196078431373,0.3843137254901961,0.9529411764705882,50.00049036113463,316152
0.5568627450980392,0.4549019607843137,0.9686274509803922,7.000068650558848,253353
0.396078431372549,0.6549019607843137,0.9372549019607843,31.00030402390347,227436
0.4549019607843137,0.6941176470588235,0.9176470588235294,1.0000098072226926,181045
0.43137254901960786,0.6549019607843137,0.9529411764705882,1.0000098072226926,324479
0.4980392156862745,0.6666666666666666,0.9686274509803922,44.000431517798475,207902
0.48627450980392156,0.6941176470588235,0.9607843137254902,2.0000196144453852,212564
0.5372549019607843,0.12549019607843137,0.5490196078431373,59.00057862613886,504468
0.5882352941176471,0.2,0.6627450980392157,36.000353060016934,519670
0.4588235294117647,0.15294117647058825,0.2901960784313726,27.0002647950127,517911
0.3254901960784314,0.09019607843137255,0.38823529411764707,41.0004020961304,313650
0.6627450980392157,0.6745098039215687,0.803921568627451,57.00055901169348,536321
0.7411764705882353,0.6431372549019608,0.8156862745098039,37.00036286723963,235043
0.6745098039215687,0.7529411764705882,0.807843137254902,99.00097091504657,536403
0.6941176470588235,0.7372549019607844,0.7647058823529411,42.00041190335309,449493
0.6823529411764706,0.6784313725490196,0.8588235294117647,90.00088265004234,468937
0.6941176470588235,0.6862745098039216,0.8862745098039215,93.00091207171042,123955
0.6941176470588235,0.7490196078431373,0.8784313725490196,167.00163780618968,593202
0.611764705882353,0.8274509803921568,0.25882352941176473,132.00129455339544,129127
0.1803921568627451,0.10980392156862745,0.7254901960784313,38.00037267446232,274812
0.2901960784313726,0.2196078431372549,0.8196078431372549,107.0010493728281,376025
0.35294117647058826,0.22745098039215686,0.792156862745098,147.0014416617358,355117
0.30980392156862746,0.17647058823529413,0.8745098039215686,79.00077477059271,264751
0.30980392156862746,0.19607843137254902,0.8274509803921568,20.000196144453852,390268
0.3607843137254902,0.19215686274509805,0.8431372549019608,109.0010689872735,344658
0.5647058823529412,0.38823529411764707,0.6941176470588235,14.000137301117697,410432
0.615686274509804,0.4980392156862745,0.6823529411764706,7.000068650558848,291219
0.5647058823529412,0.4549019607843137,0.7529411764705882,104.00101995116003,312585
0.9411764705882353,0.6470588235294118,0.2784313725490196,5.000049036113463,611461
0.9294117647058824,0.6980392156862745,0.3215686274509804,36.000353060016934,601930
0.9411764705882353,0.6862745098039216,0.3568627450980392,16.000156915563082,604807
0.32941176470588235,0.10980392156862745,0.6588235294117647,18.000176530008467,377490
0.8823529411764706,0.9098039215686274,0.5137254901960784,29.000284409458086,327121
0.9450980392156862,0.9372549019607843,0.5254901960784314,79.00077477059271,406976
0.9372549019607843,0.9529411764705882,0.5411764705882353,9.000088265004234,415706
0.8862745098039215,0.9215686274509803,0.596078431372549,33.00032363834886,363186
0.9882352941176471,0.9411764705882353,0.5764705882352941,30.00029421668078,411679
0.13725490196078433,0.058823529411764705,0.5137254901960784,156.00152992674003,25224
0.20392156862745098,0.0784313725490196,0.5333333333333333,98.00096110782388,450002
0.2196078431372549,0.4666666666666667,0.7725490196078432,395.0038738529636,336685
0.24705882352941178,0.4588235294117647,0.7764705882352941,1372.0134555095342,470522
0.23137254901960785,0.4588235294117647,0.792156862745098,1809.0177412658509,449211
0.23921568627450981,0.4666666666666667,0.7803921568627451,2278.022340853294,421146
0.6823529411764706,0.807843137254902,0.7647058823529411,19.00018633723116,407879
0.7137254901960784,0.7843137254901961,0.796078431372549,35.00034325279424,424090
0.6862745098039216,0.8274509803921568,0.796078431372549,12.000117686672311,400330
0.7058823529411765,0.8666666666666667,0.7686274509803922,50.00049036113463,176593
0.6274509803921569,0.8392156862745098,0.8666666666666667,10.000098072226926,84405
0.7254901960784313,0.8392156862745098,0.8666666666666667,40.000392288907705,200419
0.8627450980392157,0.2235294117647059,0.6666666666666666,18.000176530008467,39953
0.8980392156862745,0.25098039215686274,0.6784313725490196,24.000235373344623,41841
0.596078431372549,0.12549019607843137,0.35294117647058826,41.0004020961304,303375
0.5019607843137255,0.10980392156862745,0.4588235294117647,31.00030402390347,148742
0.34901960784313724,0.5254901960784314,0.8392156862745098,525.0051487919136,254668
0.3333333333333333,0.5333333333333333,0.8588235294117647,477.00467804522435,410803
0.34509803921568627,0.5176470588235295,0.8588235294117647,135.0013239750635,411755
0.3411764705882353,0.5450980392156862,0.8666666666666667,561.0055018519306,325793
0.6666666666666666,0.8823529411764706,0.611764705882353,24.000235373344623,123356
0.7215686274509804,0.9098039215686274,0.7450980392156863,16.000156915563082,106253
0.3764705882352941,0.2196078431372549,0.803921568627451,130.00127493895005,433938
0.44313725490196076,0.23921568627450981,0.8117647058823529,1.0000098072226926,239648
0.7529411764705882,0.9372549019607843,0.5450980392156862,2.0000196144453852,120509
0.8392156862745098,0.9254901960784314,0.5176470588235295,14.000137301117697,179237
0.807843137254902,0.9019607843137255,0.596078431372549,1.0000098072226926,180186
0.8392156862745098,0.8862745098039215,0.6039215686274509,11.000107879449619,385019
0.807843137254902,0.9725490196078431,0.615686274509804,29.000284409458086,113857
0.5764705882352941,0.43137254901960786,0.7686274509803922,128.00125532450465,315457
0.5411764705882353,0.42745098039215684,0.8588235294117647,119.00116705950042,374912
0.5764705882352941,0.43137254901960786,0.8745098039215686,23.00022556612193,221608
0.5450980392156862,0.45098039215686275,0.8274509803921568,171.00167703508043,328550
0.8980392156862745,0.9529411764705882,0.9725490196078431,424.0041582624217,126420
0.8941176470588236,0.9764705882352941,0.9764705882352941,4.0000392288907705,203042
0.9254901960784314,0.9803921568627451,0.9529411764705882,160.00156915563082,265728
0.8941176470588236,0.9764705882352941,0.996078431372549,18.000176530008467,202066
0.19607843137254902,0.3843137254901961,0.792156862745098,3.000029421668078,367050
0.24705882352941178,0.4,0.788235294117647,15.00014710834039,385073
0.2,0.40784313725490196,0.803921568627451,9.000088265004234,259788
0.23921568627450981,0.396078431372549,0.807843137254902,10.000098072226926,279541
0.20392156862745098,0.42745098039215684,0.8156862745098039,63.00061785502963,283530
0.22745098039215686,0.4392156862745098,0.803921568627451,179.00175549286197,449604
0.5529411764705883,0.5607843137254902,0.8196078431372549,86.00084342115156,252138
0.6235294117647059,0.5176470588235295,0.8235294117647058,175.00171626397122,288012
0.6,0.6274509803921569,0.8156862745098039,65.00063746947502,606750
0.5019607843137255,0.5333333333333333,0.8431372549019608,118.00115725227772,307841
0.615686274509804,0.6274509803921569,0.8823529411764706,89.00087284281965,506890
0.5019607843137255,0.30980392156862746,0.8980392156862745,177.00173587841658,385419
0.5686274509803921,0.34901960784313724,0.9411764705882353,53.00051978280271,297976
0.5019607843137255,0.3058823529411765,0.9647058823529412,16.000156915563082,269486
0.5215686274509804,0.34509803921568627,0.9529411764705882,153.00150050507196,336085
0.5686274509803921,0.3568627450980392,0.9568627450980393,31.00030402390347,238676
0.8901960784313725,0.9098039215686274,0.9607843137254902,158.00154954118543,407044
0.9215686274509803,0.8862745098039215,0.9568627450980393,106.00103956560542,315128
0.8862745098039215,0.8980392156862745,0.9921568627450981,96.00094149337849,239144
0.9137254901960784,0.8823529411764706,0.9921568627450981,84.00082380670618,352099
0.9333333333333333,0.9333333333333333,0.984313725490196,236.00231450455544,319758
0.8313725490196079,0.9215686274509803,0.9803921568627451,97.00095130060119,186355
0.8313725490196079,0.9137254901960784,0.9921568627450981,159.00155934840814,213624
0.42745098039215684,0.38823529411764707,0.6941176470588235,127.00124551728196,214433
0.4,0.44313725490196076,0.6980392156862745,160.00156915563082,28890
0.4980392156862745,0.4470588235294118,0.6784313725490196,149.0014612761812,236234
0.3764705882352941,0.4,0.7490196078431373,128.00125532450465,525366
0.4666666666666667,0.5019607843137255,0.7411764705882353,88.00086303559695,144777
0.8980392156862745,0.7607843137254902,0.44313725490196076,13.000127493895004,399356
0.9137254901960784,0.8784313725490196,0.4,15.00014710834039,395442
0.9529411764705882,0.8784313725490196,0.44313725490196076,10.000098072226926,334686
0.9294117647058824,0.7803921568627451,0.4745098039215686,99.00097091504657,571454
0.9058823529411765,0.8745098039215686,0.49411764705882355,8.000078457781541,364033
0.9686274509803922,0.8196078431372549,0.5058823529411764,29.000284409458086,561962
0.17647058823529413,0.4549019607843137,0.7803921568627451,804.0078850070448,110577
0.27058823529411763,0.5411764705882353,0.8549019607843137,129.00126513172734,321489
0.2784313725490196,0.5254901960784314,0.8588235294117647,21.000205951676545,155549
0.2901960784313726,0.5215686274509804,0.8627450980392157,134.0013141678408,169714
0.27450980392156865,0.5490196078431373,0.8784313725490196,37.00036286723963,208630
0.30980392156862746,0.5647058823529412,0.8862745098039215,192.00188298675698,337644
0.9137254901960784,0.7607843137254902,0.9333333333333333,79.00077477059271,140190
0.9647058823529412,0.7725490196078432,0.9411764705882353,4.0000392288907705,32303
0.9411764705882353,0.8745098039215686,0.8941176470588236,9.000088265004234,433580
0.9686274509803922,0.792156862745098,0.9686274509803922,39.00038248168501,43739
0.9568627450980393,0.8627450980392157,0.9921568627450981,146.00143185451313,133546
0.9294117647058824,0.9019607843137255,0.4,64.00062766225233,315744
0.9725490196078431,0.9176470588235294,0.44313725490196076,163.0015985772989,411682
0.9294117647058824,0.9568627450980393,0.43529411764705883,3.000029421668078,178292
0.9333333333333333,0.9215686274509803,0.4627450980392157,59.00057862613886,321431
0.9607843137254902,0.9215686274509803,0.4745098039215686,117.00114744505504,413580
0.8941176470588236,0.9450980392156862,0.5098039215686274,3.000029421668078,322329
0.9372549019607843,0.803921568627451,0.2784313725490196,173.00169664952583,371644
0.9490196078431372,0.8117647058823529,0.2901960784313726,2.0000196144453852,334747
0.9725490196078431,0.8666666666666667,0.29411764705882354,129.00126513172734,391614
0.8823529411764706,0.8117647058823529,0.34901960784313724,4.0000392288907705,390655
0.9058823529411765,0.8705882352941177,0.3411764705882353,85.00083361392888,325229
0.9607843137254902,0.8549019607843137,0.35294117647058826,12.000117686672311,372587
0.3803921568627451,0.6039215686274509,0.8509803921568627,38.00037267446232,169819
0.42745098039215684,0.611764705882353,0.8509803921568627,180.00176530008468,135090
0.403921568627451,0.6039215686274509,0.8745098039215686,95.0009316861558,68643
0.7411764705882353,0.42745098039215684,0.17647058823529413,146.00143185451313,413532
0.6549019607843137,0.4235294117647059,0.20784313725490197,44.000431517798475,481028
0.7450980392156863,0.4235294117647059,0.23529411764705882,13.000127493895004,600093
0.6470588235294118,0.4666666666666667,0.22745098039215686,86.00084342115156,481967
0.7411764705882353,0.5019607843137255,0.21176470588235294,47.00046093946655,262810
0.25882352941176473,0.4549019607843137,0.7803921568627451,2231.0218799138274,407560
0.26666666666666666,0.4470588235294118,0.7803921568627451,1007.0098758732514,452234
0.25098039215686274,0.4666666666666667,0.792156862745098,2329.022841021651,451072
0.27058823529411763,0.4627450980392157,0.7803921568627451,914.0089638015411,576374
0.32941176470588235,0.5490196078431373,0.788235294117647,72.00070612003387,148821
0.36470588235294116,0.5372549019607843,0.792156862745098,143.00140243284505,518291
0.3254901960784314,0.5450980392156862,0.807843137254902,486.0047663102286,30648
0.796078431372549,0.8470588235294118,0.9803921568627451,351.0034423351651,228089
0.7803921568627451,0.8588235294117647,0.9764705882352941,530.0051978280271,271829
0.796078431372549,0.8470588235294118,0.9882352941176471,223.00218701066046,224197
0.7529411764705882,0.8509803921568627,0.984313725490196,484.00474669578324,255679
0.9803921568627451,0.9882352941176471,0.996078431372549,857.0084047898475,287744
0.9882352941176471,0.9882352941176471,0.9921568627450981,223.00218701066046,277223
0.9764705882352941,0.9921568627450981,0.996078431372549,1621.0158975079846,295352
0.9803921568627451,0.9882352941176471,1.0,482.0047270813378,277197
1.0,0.9882352941176471,1.0,467.0045799729975,45615
0.5450980392156862,0.6549019607843137,0.8941176470588236,234.00229489011008,67301
0.5058823529411764,0.6509803921568628,0.9215686274509803,530.0051978280271,137893
0.5490196078431373,0.6588235294117647,0.9215686274509803,78.00076496337002,2132
0.8901960784313725,0.7725490196078432,0.25882352941176473,17.000166722785774,368800
0.6313725490196078,0.43529411764705883,0.7843137254901961,60.00058843336156,154427
0.6980392156862745,0.4392156862745098,0.8,10.000098072226926,147783
0.7372549019607844,0.4980392156862745,0.807843137254902,11.000107879449619,164817
0.6862745098039216,0.403921568627451,0.8392156862745098,1.0000098072226926,163940
0.7019607843137254,0.396078431372549,0.8588235294117647,6.000058843336156,163941
0.6627450980392157,0.48627450980392156,0.8313725490196079,35.00034325279424,283249
0.6980392156862745,0.49019607843137253,0.8274509803921568,23.00022556612193,146830
0.8352941176470589,0.8823529411764706,0.9137254901960784,135.0013239750635,451888
0.8509803921568627,0.8901960784313725,0.9137254901960784,327.00320696182047,476546
0.8274509803921568,0.9294117647058824,0.9176470588235294,7.000068650558848,200430
0.8549019607843137,0.9215686274509803,0.8980392156862745,15.00014710834039,426940
0.8392156862745098,0.8823529411764706,0.9294117647058824,602.0059039480609,450673
0.8235294117647058,0.9294117647058824,0.9215686274509803,21.000205951676545,199490
0.8588235294117647,0.9294117647058824,0.9333333333333333,151.0014808906266,408933
0.7647058823529411,0.8549019607843137,0.9176470588235294,43.00042171057578,186105
0.803921568627451,0.8509803921568627,0.9137254901960784,612.0060020202878,475623
0.807843137254902,0.8313725490196079,0.9450980392156862,410.004020961304,510505
0.7764705882352941,0.8588235294117647,0.9372549019607843,184.00180452897544,410861
0.38823529411764707,0.25882352941176473,0.8901960784313725,92.00090226448772,338008
0.43137254901960786,0.34509803921568627,0.9019607843137255,7.000068650558848,258105
0.48627450980392156,0.3176470588235294,0.9176470588235294,172.00168684230312,331350
0.49411764705882355,0.29411764705882354,0.9607843137254902,27.0002647950127,270436
0.4666666666666667,0.33725490196078434,0.9607843137254902,5.000049036113463,256202
0.27450980392156865,0.15294117647058825,0.6862745098039216,176.0017260711939,463346
0.3215686274509804,0.1411764705882353,0.6823529411764706,56.000549204470786,368932
0.36470588235294116,0.24313725490196078,0.6588235294117647,153.00150050507196,501196
0.3607843137254902,0.14901960784313725,0.7568627450980392,152.00149069784928,402468
0.2901960784313726,0.24705882352941178,0.7215686274509804,150.00147108340389,500280
0.5411764705882353,0.7568627450980392,0.32941176470588235,20.000196144453852,143318
0.6078431372549019,0.8196078431372549,0.3843137254901961,42.00041190335309,191841
0.43529411764705883,0.29411764705882354,0.8196078431372549,84.00082380670618,397729
0.4627450980392157,0.3058823529411765,0.7843137254901961,22.000215758899238,368926
0.42745098039215684,0.2823529411764706,0.8862745098039215,74.00072573447926,328508
0.3764705882352941,0.33725490196078434,0.8431372549019608,32.000313831126164,427299
0.47843137254901963,0.3176470588235294,0.8862745098039215,98.00096110782388,392030
0.45098039215686275,0.596078431372549,0.8274509803921568,582.0057078036072,490875
0.4980392156862745,0.5803921568627451,0.8509803921568627,91.00089245726502,553243
0.44313725490196076,0.596078431372549,0.8784313725490196,455.0044622863251,249923
0.4745098039215686,0.596078431372549,0.8823529411764706,51.00050016835732,239294
0.41568627450980394,0.6392156862745098,0.8235294117647058,4.0000392288907705,144260
0.4980392156862745,0.6352941176470588,0.796078431372549,52.000509975580016,459932
0.4745098039215686,0.7019607843137254,0.7843137254901961,1.0000098072226926,144261
0.4196078431372549,0.6313725490196078,0.8784313725490196,32.000313831126164,105697
0.9098039215686274,0.6901960784313725,0.39215686274509803,66.00064727669772,570627
0.9411764705882353,0.6862745098039216,0.39215686274509803,2.0000196144453852,408846
0.9098039215686274,0.6784313725490196,0.4745098039215686,15.00014710834039,562077
0.9411764705882353,0.6784313725490196,0.4549019607843137,2.0000196144453852,563026
0.9333333333333333,0.7490196078431373,0.47058823529411764,83.00081399948348,245673
0.9411764705882353,0.7372549019607844,0.4549019607843137,85.00083361392888,233336
0.1803921568627451,0.4470588235294118,0.7215686274509804,74.00072573447926,21599
0.7529411764705882,0.3686274509803922,0.1411764705882353,2.0000196144453852,611488
0.8117647058823529,0.792156862745098,0.2627450980392157,119.00116705950042,185901
0.7843137254901961,0.8196078431372549,0.2627450980392157,4.0000392288907705,179261
0.7843137254901961,0.7843137254901961,0.3843137254901961,22.000215758899238,416441
0.8274509803921568,0.788235294117647,0.34509803921568627,34.00033344557155,425036
0.8117647058823529,0.8235294117647058,0.34509803921568627,4.0000392288907705,328104
0.8549019607843137,0.8549019607843137,0.3607843137254902,47.00046093946655,449936
0.5137254901960784,0.09803921568627451,0.058823529411764705,34.00033344557155,314020
0.6274509803921569,0.12549019607843137,0.10588235294117647,11.000107879449619,303576
0.6196078431372549,0.12941176470588237,0.10196078431372549,5.000049036113463,300728
0.611764705882353,0.12156862745098039,0.19607843137254902,28.000274602235393,300731
0.6313725490196078,0.12549019607843137,0.18823529411764706,1.0000098072226926,371912
0.596078431372549,0.16862745098039217,0.25098039215686274,16.000156915563082,308330
0.7568627450980392,0.9372549019607843,0.4470588235294118,114.00111802338697,113910
0.8745098039215686,0.8901960784313725,0.4,5.000049036113463,436635
0.7647058823529411,0.9490196078431372,0.4392156862745098,37.00036286723963,107295
0.7607843137254902,0.9411764705882353,0.4549019607843137,51.00050016835732,106378
0.8666666666666667,0.9098039215686274,0.4823529411764706,3.000029421668078,373630
0.8196078431372549,0.9882352941176471,0.5019607843137255,41.0004020961304,102527
0.25882352941176473,0.5058823529411764,0.788235294117647,172.00168684230312,318692
0.3058823529411765,0.5137254901960784,0.7803921568627451,326.0031971545978,48220
0.27450980392156865,0.5372549019607843,0.7764705882352941,4.0000392288907705,283660
0.30980392156862746,0.5372549019607843,0.788235294117647,28.000274602235393,243576
0.26666666666666666,0.5490196078431373,0.8196078431372549,52.000509975580016,238825
0.30196078431372547,0.5411764705882353,0.8196078431372549,172.00168684230312,40194
0.29411764705882354,0.2627450980392157,0.6588235294117647,119.00116705950042,507874
0.2549019607843137,0.3411764705882353,0.6823529411764706,38.00037267446232,118120
0.3333333333333333,0.3254901960784314,0.6901960784313725,89.00087284281965,215405
0.30196078431372547,0.27058823529411763,0.7019607843137254,86.00084342115156,40439
0.2549019607843137,0.3254901960784314,0.7372549019607844,47.00046093946655,473178
0.37254901960784315,0.3176470588235294,0.7372549019607844,89.00087284281965,212549
0.7647058823529411,0.5294117647058824,0.6078431372549019,24.000235373344623,292168
0.9137254901960784,0.5254901960784314,0.6352941176470588,8.000078457781541,369997
0.8980392156862745,0.7294117647058823,0.5647058823529412,39.00038248168501,404095
0.9215686274509803,0.596078431372549,0.7019607843137254,24.000235373344623,299564
0.9490196078431372,0.6313725490196078,0.7607843137254902,1.0000098072226926,300513
0.592156862745098,0.7019607843137254,0.9176470588235294,697.0068356342167,246106
0.6039215686274509,0.7058823529411765,0.9137254901960784,636.0062373936325,466204
0.5843137254901961,0.7254901960784313,0.8980392156862745,34.00033344557155,371003
0.615686274509804,0.7254901960784313,0.9019607843137255,312.00305985348007,387081
0.5882352941176471,0.7450980392156863,0.9294117647058824,127.00124551728196,383417
0.13333333333333333,0.047058823529411764,0.43529411764705883,92.00090226448772,9046
0.12549019607843137,0.07450980392156863,0.43137254901960786,30.00029421668078,370158
0.24705882352941178,0.11372549019607843,0.4,12.000117686672311,96254
0.18823529411764706,0.054901960784313725,0.45098039215686275,5.000049036113463,458558
0.2,0.07450980392156863,0.5098039215686274,29.000284409458086,450952
0.17647058823529413,0.4117647058823529,0.7411764705882353,35.00034325279424,104091
0.17647058823529413,0.4392156862745098,0.7450980392156863,739.0072475375698,66929
0.16470588235294117,0.4235294117647059,0.7529411764705882,64.00062766225233,44202
0.17647058823529413,0.41568627450980394,0.7529411764705882,22.000215758899238,174409
0.0,0.06274509803921569,0.5215686274509804,103.00101014393734,496955
0.050980392156862744,0.0784313725490196,0.5568627450980392,83.00081399948348,474148
0.027450980392156862,0.07450980392156863,0.611764705882353,52.000509975580016,318869
0.0784313725490196,0.0784313725490196,0.6352941176470588,40.000392288907705,278610
0.8901960784313725,0.8980392156862745,0.9098039215686274,52.000509975580016,333093
0.9137254901960784,0.9098039215686274,0.9176470588235294,14.000137301117697,325497
0.8823529411764706,0.9176470588235294,0.9098039215686274,29.000284409458086,303611
0.9254901960784314,0.9372549019607843,0.9098039215686274,34.00033344557155,454689
0.9215686274509803,0.9058823529411765,0.9450980392156862,83.00081399948348,437373
0.9137254901960784,0.9294117647058824,0.9490196078431372,587.0057568397206,434655
0.8156862745098039,0.8470588235294118,0.8980392156862745,65.00063746947502,487743
0.8588235294117647,0.8470588235294118,0.8980392156862745,20.000196144453852,429209
0.8470588235294118,0.8784313725490196,0.9176470588235294,265.00259891401356,469792
0.8196078431372549,0.8392156862745098,0.9333333333333333,28.000274602235393,331086
0.8705882352941177,0.8392156862745098,0.9450980392156862,23.00022556612193,281916
0.8470588235294118,0.8784313725490196,0.9254901960784314,661.0064825741998,484917
0.11764705882352941,0.00784313725490196,0.0784313725490196,24.000235373344623,552114
0.21176470588235294,0.058823529411764705,0.10588235294117647,29.000284409458086,117131
0.11372549019607843,0.21176470588235294,0.03529411764705882,12.000117686672311,499011
0.1450980392156863,0.20392156862745098,0.03529411764705882,7.000068650558848,499959
0.23529411764705882,0.0392156862745098,0.24705882352941178,43.00042171057578,315552
0.07058823529411765,0.20392156862745098,0.22745098039215686,4.0000392288907705,501865
0.14901960784313725,0.13725490196078433,0.21176470588235294,1.0000098072226926,470913
0.43529411764705883,0.43529411764705883,0.4235294117647059,19.00018633723116,269406
0.47843137254901963,0.3843137254901961,0.4196078431372549,141.00138281839966,398189
0.3764705882352941,0.44313725490196076,0.43529411764705883,5.000049036113463,505617
0.4745098039215686,0.4470588235294118,0.403921568627451,8.000078457781541,338741
0.4196078431372549,0.43137254901960786,0.5019607843137255,42.00041190335309,486700
0.3764705882352941,0.5019607843137255,0.4980392156862745,21.000205951676545,398278
0.48627450980392156,0.44313725490196076,0.5019607843137255,58.00056881891617,402972
0.30196078431372547,0.39215686274509803,0.10588235294117647,3.000029421668078,497108
0.3686274509803922,0.4470588235294118,0.12549019607843137,51.00050016835732,506598
0.7058823529411765,0.7764705882352941,0.8980392156862745,683.006698333099,558002
0.7254901960784313,0.7803921568627451,0.8941176470588236,112.00109840894157,497267
0.7019607843137254,0.788235294117647,0.9098039215686274,291.0028539018036,389445
0.6901960784313725,0.7843137254901961,0.9450980392156862,546.0053547435901,316885
0.7372549019607844,0.7725490196078432,0.9490196078431372,80.00078457781541,23866
0.7058823529411765,0.788235294117647,0.9254901960784314,528.0051782135818,461102
0.7372549019607844,0.803921568627451,0.9294117647058824,595.0058352975021,395189
0.37254901960784315,0.5411764705882353,0.36470588235294116,4.0000392288907705,236132
0.49411764705882355,0.6431372549019608,0.3254901960784314,12.000117686672311,232363
0.36470588235294116,0.5450980392156862,0.5098039215686274,23.00022556612193,215257
0.49411764705882355,0.6470588235294118,0.45098039215686275,15.00014710834039,229514
0.27058823529411763,0.4588235294117647,0.8313725490196079,140.00137301117695,410379
0.30980392156862746,0.45098039215686275,0.8313725490196079,31.00030402390347,399211
0.25882352941176473,0.45098039215686275,0.8627450980392157,7.000068650558848,258619
0.28627450980392155,0.47058823529411764,0.8823529411764706,5.000049036113463,419295
0.2549019607843137,0.47843137254901963,0.8588235294117647,11.000107879449619,215866
0.2901960784313726,0.49411764705882355,0.8705882352941177,11.000107879449619,485795
0.7607843137254902,0.803921568627451,0.8117647058823529,41.0004020961304,457478
0.8313725490196079,0.792156862745098,0.788235294117647,25.000245180567315,525905
0.788235294117647,0.8666666666666667,0.8235294117647058,22.000215758899238,315980
0.8235294117647058,0.8666666666666667,0.7686274509803922,23.00022556612193,305202
0.8588235294117647,0.7764705882352941,0.8823529411764706,53.00051978280271,515047
0.8745098039215686,0.8705882352941177,0.8313725490196079,76.00074534892464,527832
0.7254901960784313,0.4235294117647059,0.8901960784313725,1.0000098072226926,164892
0.7372549019607844,0.4745098039215686,0.8941176470588236,3.000029421668078,164894
0.6274509803921569,0.4235294117647059,0.9686274509803922,11.000107879449619,292267
0.6901960784313725,0.49019607843137253,0.9568627450980393,1.0000098072226926,214959
0.396078431372549,0.4,0.8,110.00107879449618,430147
0.4745098039215686,0.4745098039215686,0.788235294117647,125.00122590283658,284302
0.4235294117647059,0.4196078431372549,0.8274509803921568,32.000313831126164,417808
0.4745098039215686,0.38823529411764707,0.8274509803921568,59.00057862613886,305777
0.42745098039215684,0.49019607843137253,0.8274509803921568,73.00071592725656,445332
0.47058823529411764,0.47058823529411764,0.8823529411764706,97.00095130060119,281861
0.16470588235294117,0.12941176470588237,0.5607843137254902,118.00115725227772,2445
0.23529411764705882,0.12941176470588237,0.5529411764705883,112.00109840894157,373671
0.13725490196078433,0.19607843137254902,0.5647058823529412,17.000166722785774,32803
0.2235294117647059,0.2,0.5450980392156862,15.00014710834039,371109
0.12941176470588237,0.21176470588235294,0.6313725490196078,57.00055901169348,488408
0.22745098039215686,0.24313725490196078,0.5843137254901961,83.00081399948348,82008
0.6705882352941176,0.8823529411764706,0.38823529411764707,45.00044132502117,129074
0.7450980392156863,0.9450980392156862,0.4470588235294118,3.000029421668078,118638
0.6823529411764706,0.8941176470588236,0.5098039215686274,7.000068650558848,125258
0.7490196078431373,0.9372549019607843,0.4627450980392157,118.00115725227772,121473
0.7372549019607844,0.9450980392156862,0.4980392156862745,18.000176530008467,121465
0.6862745098039216,0.7843137254901961,0.28627450980392155,12.000117686672311,217151
0.7333333333333333,0.788235294117647,0.30196078431372547,37.00036286723963,219044
0.6313725490196078,0.8117647058823529,0.35294117647058826,21.000205951676545,187085
0.7254901960784313,0.788235294117647,0.35294117647058826,24.000235373344623,173560
0.6901960784313725,0.8784313725490196,0.3843137254901961,12.000117686672311,116842
0.7098039215686275,0.7725490196078432,0.9607843137254902,470.0046093946655,27665
0.7254901960784313,0.7843137254901961,0.9686274509803922,50.00049036113463,14378
0.6980392156862745,0.7764705882352941,0.984313725490196,109.0010689872735,159453
0.7254901960784313,0.7764705882352941,0.984313725490196,25.000245180567315,25909
0.7176470588235294,0.807843137254902,0.984313725490196,588.0057666469432,28758
0.7254901960784313,0.792156862745098,0.984313725490196,380.0037267446232,256392
0.5058823529411764,0.6549019607843137,0.8352941176470589,538.0052762858086,58178
0.5568627450980392,0.6470588235294118,0.8431372549019608,456.00447209354786,580851
0.5215686274509804,0.6627450980392157,0.8352941176470589,59.00057862613886,539158
0.5607843137254902,0.6666666666666666,0.8549019607843137,335.00328541960204,513535
0.5333333333333333,0.6588235294117647,0.8705882352941177,275.0026969862405,476315
0.5215686274509804,0.6745098039215687,0.8745098039215686,214.0020987456562,38193
0.5372549019607843,0.6745098039215687,0.8705882352941177,645.0063256586367,501338
0.792156862745098,0.2627450980392157,0.611764705882353,32.000313831126164,38017
0.9058823529411765,0.3686274509803922,0.5686274509803921,7.000068650558848,373793
0.788235294117647,0.40784313725490196,0.5647058823529412,33.00032363834886,301467
0.9294117647058824,0.4196078431372549,0.5843137254901961,40.000392288907705,366205
0.8862745098039215,0.2980392156862745,0.6627450980392157,9.000088265004234,41833
0.8392156862745098,0.3803921568627451,0.7058823529411765,35.00034325279424,26674
0.8784313725490196,0.3803921568627451,0.6705882352941176,11.000107879449619,41831
0.30196078431372547,0.06666666666666667,0.058823529411764705,1.0000098072226926,535959
0.37254901960784315,0.06666666666666667,0.047058823529411764,14.000137301117697,520790
0.2980392156862745,0.043137254901960784,0.13333333333333333,32.000313831126164,115234
0.33725490196078434,0.047058823529411764,0.10980392156862745,20.000196144453852,114282
0.27450980392156865,0.11764705882352941,0.08627450980392157,1.0000098072226926,520896
0.3568627450980392,0.07450980392156863,0.12549019607843137,18.000176530008467,536939
0.20392156862745098,0.4823529411764706,0.8,595.0058352975021,114580
0.2,0.49019607843137253,0.803921568627451,276.0027067934632,220808
0.20784313725490197,0.49411764705882355,0.8,499.00489380412364,21215
0.19215686274509805,0.4823529411764706,0.8117647058823529,2734.026812946842,208367
0.21568627450980393,0.48627450980392156,0.8156862745098039,694.0068062125487,193096
0.2,0.49019607843137253,0.8117647058823529,232.0022752756647,222611
0.21568627450980393,0.49411764705882355,0.8156862745098039,1079.0105819932853,181700
0.3137254901960784,0.4588235294117647,0.7647058823529411,128.00125532450465,460941
0.34901960784313724,0.47058823529411764,0.7647058823529411,33.00032363834886,420913
0.34509803921568627,0.5019607843137255,0.7803921568627451,194.00190260120237,582779
0.3215686274509804,0.47058823529411764,0.807843137254902,74.00072573447926,415216
0.35294117647058826,0.45098039215686275,0.8117647058823529,26.000254987790008,409516
0.3254901960784314,0.48627450980392156,0.807843137254902,411.00403076852666,600893
0.3686274509803922,0.4823529411764706,0.8196078431372549,85.00083361392888,355180
0.43529411764705883,0.29411764705882354,0.09803921568627451,55.00053939724809,519957
0.43137254901960786,0.33725490196078434,0.10588235294117647,4.0000392288907705,519965
0.5490196078431373,0.4235294117647059,0.5647058823529412,27.0002647950127,240966
0.615686274509804,0.403921568627451,0.5294117647058824,7.000068650558848,291224
0.5647058823529412,0.48627450980392156,0.5450980392156862,56.000549204470786,382999
0.5254901960784314,0.4235294117647059,0.6313725490196078,49.00048055391194,240967
0.596078431372549,0.403921568627451,0.5803921568627451,8.000078457781541,310230
0.5294117647058824,0.49019607843137253,0.5764705882352941,50.00049036113463,399194
0.5647058823529412,0.48627450980392156,0.6,14.000137301117697,403002
0.7607843137254902,0.5137254901960784,0.1803921568627451,98.00096110782388,415509
0.8392156862745098,0.5647058823529412,0.19607843137254902,41.0004020961304,611376
0.788235294117647,0.5450980392156862,0.20392156862745098,174.0017064567485,270403
0.8509803921568627,0.5568627450980392,0.24313725490196078,79.00077477059271,389791
0.792156862745098,0.5803921568627451,0.24705882352941178,78.00076496337002,254225
0.984313725490196,0.8941176470588236,0.30980392156862746,56.000549204470786,354636
0.984313725490196,0.9411764705882353,0.3176470588235294,269.0026381429043,355510
0.3803921568627451,0.5254901960784314,0.7725490196078432,296.00290293791704,586510
0.4117647058823529,0.5294117647058824,0.7647058823529411,51.00050016835732,566553
0.38823529411764707,0.5372549019607843,0.7725490196078432,479.0046976596698,545766
0.43529411764705883,0.5647058823529412,0.792156862745098,322.003157925707,501952
0.3843137254901961,0.5333333333333333,0.807843137254902,192.00188298675698,519360
0.40784313725490196,0.5254901960784314,0.8156862745098039,28.000274602235393,473286
0.40784313725490196,0.5607843137254902,0.8235294117647058,451.0044230574344,394742
0.9215686274509803,0.803921568627451,0.6392156862745098,19.00018633723116,382188
0.9411764705882353,0.803921568627451,0.6745098039215687,3.000029421668078,558155
0.9333333333333333,0.8509803921568627,0.6862745098039216,56.000549204470786,526865
0.8980392156862745,0.7843137254901961,0.7294117647058823,3.000029421668078,398397
0.9411764705882353,0.8117647058823529,0.7568627450980392,1.0000098072226926,543916
0.9254901960784314,0.8352941176470589,0.7568627450980392,66.00064727669772,527825
0.9411764705882353,0.8509803921568627,0.7411764705882353,23.00022556612193,528745
0.5176470588235295,0.5568627450980392,0.16862745098039217,48.000470746689246,459074
0.5686274509803921,0.5529411764705883,0.16862745098039217,5.000049036113463,189717
0.5647058823529412,0.615686274509804,0.18823529411764706,20.000196144453852,460042
0.5058823529411764,0.5254901960784314,0.20392156862745098,1.0000098072226926,188769
0.6039215686274509,0.5215686274509804,0.23137254901960785,4.0000392288907705,487911
0.5372549019607843,0.596078431372549,0.25098039215686274,93.00091207171042,475262
0.5882352941176471,0.6274509803921569,0.25098039215686274,25.000245180567315,452433
0.30980392156862746,0.043137254901960784,0.1607843137254902,43.00042171057578,115236
0.2823529411764706,0.07450980392156863,0.1450980392156863,11.000107879449619,547361
0.3254901960784314,0.08235294117647059,0.14901960784313725,21.000205951676545,534057
0.30196078431372547,0.058823529411764705,0.2549019607843137,29.000284409458086,122857
0.2784313725490196,0.10196078431372549,0.23137254901960785,14.000137301117697,114279
0.3686274509803922,0.08627450980392157,0.20784313725490197,37.00036286723963,510336
0.4117647058823529,0.4392156862745098,0.5333333333333333,54.0005295900254,604361
0.4823529411764706,0.42745098039215684,0.5137254901960784,60.00058843336156,389673
0.3803921568627451,0.45098039215686275,0.5372549019607843,29.000284409458086,414544
0.4823529411764706,0.45098039215686275,0.5137254901960784,129.00126513172734,399184
0.43529411764705883,0.403921568627451,0.6039215686274509,62.00060804780694,245397
0.3803921568627451,0.4549019607843137,0.5882352941176471,74.00072573447926,397472
0.4980392156862745,0.4823529411764706,0.5843137254901961,51.00050016835732,577289
0.2,0.4627450980392157,0.7254901960784313,127.00124551728196,177093
0.24705882352941178,0.45098039215686275,0.7098039215686275,122.0011964811685,414336
0.2,0.49019607843137253,0.7254901960784313,46.00045113224386,177096
0.2196078431372549,0.47843137254901963,0.7294117647058823,53.00051978280271,394514
0.19607843137254902,0.4823529411764706,0.7607843137254902,304.00298139569855,73493
0.23921568627450981,0.4823529411764706,0.7333333333333333,173.00169664952583,320664
0.43137254901960786,0.5254901960784314,0.1568627450980392,66.00064727669772,491414
0.4196078431372549,0.5803921568627451,0.19607843137254902,1.0000098072226926,236134
0.49019607843137253,0.5686274509803921,0.17254901960784313,72.00070612003387,474299
0.43529411764705883,0.5333333333333333,0.2196078431372549,5.000049036113463,463806
0.4392156862745098,0.5490196078431373,0.21568627450980393,4.0000392288907705,462858
0.4980392156862745,0.6039215686274509,0.24705882352941178,17.000166722785774,469560
0.4549019607843137,0.6470588235294118,0.9098039215686274,308.00302062458934,364409
0.44313725490196076,0.6627450980392157,0.9058823529411765,2.0000196144453852,340554
0.4980392156862745,0.6627450980392157,0.9137254901960784,80.00078457781541,11656
0.4666666666666667,0.6392156862745098,0.9490196078431372,173.00169664952583,207125
0.48627450980392156,0.6392156862745098,0.9254901960784314,577.0056587674936,167231
0.4666666666666667,0.6745098039215687,0.9254901960784314,5.000049036113463,409662
0.49411764705882355,0.6627450980392157,0.9333333333333333,108.0010591800508,123622
0.28627450980392155,0.4470588235294118,0.7450980392156863,320.00313831126164,597550
0.30196078431372547,0.44313725490196076,0.7333333333333333,61.00059824058425,496992
0.2823529411764706,0.4627450980392157,0.7411764705882353,187.00183395064352,592533
0.30980392156862746,0.4627450980392157,0.7333333333333333,164.0016083845216,601514
0.2980392156862745,0.45098039215686275,0.7607843137254902,69.0006766983658,522628
0.30196078431372547,0.4666666666666667,0.7568627450980392,1503.014740255707,610020
0.5450980392156862,0.39215686274509803,0.1843137254901961,112.00109840894157,344418
0.5607843137254902,0.4823529411764706,0.19607843137254902,2.0000196144453852,486012
0.592156862745098,0.4470588235294118,0.19607843137254902,12.000117686672311,481983
0.6039215686274509,0.4392156862745098,0.2196078431372549,94.0009218789331,490501
0.5490196078431373,0.4470588235294118,0.20392156862745098,4.0000392288907705,610076
0.5882352941176471,0.4470588235294118,0.2235294117647059,61.00059824058425,484815
0.1843137254901961,0.11764705882352941,0.792156862745098,12.000117686672311,276156
0.2196078431372549,0.12549019607843137,0.8470588235294118,7.000068650558848,269503
0.4666666666666667,0.6823529411764706,0.20392156862745098,158.00154954118543,156747
0.5019607843137255,0.7058823529411765,0.21568627450980393,290.00284409458084,147225
0.5450980392156862,0.7490196078431373,0.22745098039215686,85.00083361392888,136751
0.5176470588235295,0.7176470588235294,0.23137254901960785,1.0000098072226926,141520
0.5254901960784314,0.7372549019607844,0.23137254901960785,539.0052860930314,154800
0.5450980392156862,0.7490196078431373,0.23921568627450981,568.0055705024894,164305
0.6313725490196078,0.7215686274509804,0.9137254901960784,150.00147108340389,391909
0.6588235294117647,0.7215686274509804,0.9019607843137255,28.000274602235393,197273
0.6392156862745098,0.7333333333333333,0.8980392156862745,659.0064629597545,231571
0.6588235294117647,0.7450980392156863,0.8980392156862745,436.004275949094,424478
0.6509803921568628,0.7098039215686275,0.9450980392156862,112.00109840894157,366272
0.6862745098039216,0.7176470588235294,0.9294117647058824,19.00018633723116,120157
0.6666666666666666,0.7529411764705882,0.9215686274509803,307.00301081736666,378045
0.4,0.5372549019607843,0.6745098039215687,50.00049036113463,317578
0.4980392156862745,0.5215686274509804,0.6509803921568628,68.0006668911431,418171
0.41568627450980394,0.5843137254901961,0.6392156862745098,15.00014710834039,328068
0.4588235294117647,0.596078431372549,0.6509803921568628,20.000196144453852,320473
0.4980392156862745,0.5215686274509804,0.7176470588235294,123.00120628839119,412493
0.40784313725490196,0.611764705882353,0.7568627450980392,37.00036286723963,91052
0.47058823529411764,0.615686274509804,0.7568627450980392,63.00061785502963,307112
0.3764705882352941,0.5254901960784314,0.8274509803921568,53.00051978280271,393217
0.4117647058823529,0.5294117647058824,0.8352941176470589,18.000176530008467,394298
0.4117647058823529,0.5568627450980392,0.8392156862745098,268.0026283356816,544024
0.3843137254901961,0.5333333333333333,0.8705882352941177,20.000196144453852,100224
0.43137254901960786,0.5254901960784314,0.8627450980392157,10.000098072226926,435843
0.41568627450980394,0.5607843137254902,0.8705882352941177,144.00141224006774,401448
0.1803921568627451,0.27058823529411763,0.6627450980392157,93.00091207171042,508351
0.21176470588235294,0.25882352941176473,0.6784313725490196,111.00108860171888,41385
0.14901960784313725,0.36470588235294116,0.6666666666666666,92.00090226448772,11832
0.23921568627450981,0.3607843137254902,0.6431372549019608,44.000431517798475,546341
0.17647058823529413,0.30980392156862746,0.7098039215686275,10.000098072226926,475104
0.24313725490196078,0.26666666666666666,0.7333333333333333,43.00042171057578,371799
0.24705882352941178,0.37254901960784315,0.7450980392156863,82.0008041922608,16761
0.6431372549019608,0.7686274509803922,0.9764705882352941,703.0068944775529,159654
0.6549019607843137,0.792156862745098,0.9803921568627451,20.000196144453852,175907
0.6588235294117647,0.792156862745098,0.9725490196078431,223.00218701066046,395752
0.6509803921568628,0.7843137254901961,0.984313725490196,7.000068650558848,157707
0.6862745098039216,0.7764705882352941,0.984313725490196,104.00101995116003,172069
0.6470588235294118,0.788235294117647,0.984313725490196,17.000166722785774,15386
0.6862745098039216,0.8,0.984313725490196,165.00161819174429,29555
0.5137254901960784,0.2901960784313726,0.6941176470588235,15.00014710834039,529153
0.596078431372549,0.2784313725490196,0.6823529411764706,14.000137301117697,154433
0.5803921568627451,0.3686274509803922,0.6784313725490196,3.000029421668078,369066
0.5058823529411764,0.27058823529411763,0.7058823529411765,8.000078457781541,517773
0.6078431372549019,0.3058823529411765,0.7058823529411765,8.000078457781541,151583
0.5450980392156862,0.36470588235294116,0.7058823529411765,78.00076496337002,320307
0.6235294117647059,0.3568627450980392,0.7411764705882353,19.00018633723116,154431
0.8352941176470589,0.17647058823529413,0.13333333333333333,40.000392288907705,6655
0.8784313725490196,0.18823529411764706,0.2196078431372549,18.000176530008467,8556
0.8627450980392157,0.27450980392156865,0.33725490196078434,39.00038248168501,293124
0.8862745098039215,0.35294117647058826,0.3686274509803922,16.000156915563082,293122
0.7686274509803922,0.4823529411764706,0.30196078431372547,16.000156915563082,402151
0.8784313725490196,0.3803921568627451,0.3764705882352941,2.0000196144453852,301665
0.9019607843137255,0.35294117647058826,0.4117647058823529,6.000058843336156,306416
0.8627450980392157,0.4235294117647059,0.47058823529411764,16.000156915563082,298813
0.9019607843137255,0.4549019607843137,0.4823529411764706,22.000215758899238,293120
0.20392156862745098,0.4549019607843137,0.8470588235294118,140.00137301117695,297682
0.24705882352941178,0.47058823529411764,0.8274509803921568,177.00173587841658,332857
0.2,0.47843137254901963,0.8549019607843137,347.00340310627433,276724
0.19607843137254902,0.47058823529411764,0.8666666666666667,13.000127493895004,185925
0.2196078431372549,0.44313725490196076,0.8666666666666667,14.000137301117697,454308
0.21568627450980393,0.4980392156862745,0.8588235294117647,32.000313831126164,128537
0.2196078431372549,0.4980392156862745,0.8588235294117647,8.000078457781541,128539
0.17647058823529413,0.4470588235294118,0.796078431372549,191.0018731795343,162062
0.1803921568627451,0.4470588235294118,0.8117647058823529,52.000509975580016,188679
0.1803921568627451,0.4627450980392157,0.8117647058823529,248.00243219122777,178993
0.23137254901960785,0.4549019607843137,0.796078431372549,1144.0112194627604,423556
0.23529411764705882,0.4549019607843137,0.8,1134.0111213905334,334524
0.23921568627450981,0.4588235294117647,0.803921568627451,2612.025616465673,429501
0.2196078431372549,0.4549019607843137,0.8156862745098039,29.000284409458086,341977
0.23921568627450981,0.4549019607843137,0.8156862745098039,63.00061785502963,481000
0.23137254901960785,0.4666666666666667,0.8117647058823529,511.00501149079594,362796
0.23529411764705882,0.4627450980392157,0.8117647058823529,823.008071344276,346683
0.25882352941176473,0.12156862745098039,0.803921568627451,165.00161819174429,254867
0.2901960784313726,0.12549019607843137,0.807843137254902,42.00041190335309,271019
0.6352941176470588,0.7176470588235294,0.8549019607843137,231.002265468442,541939
0.6823529411764706,0.7176470588235294,0.8274509803921568,27.0002647950127,537268
0.6549019607843137,0.7333333333333333,0.8274509803921568,121.00118667394581,466804
0.6862745098039216,0.7529411764705882,0.8549019607843137,218.002137974547,504875
0.6431372549019608,0.7215686274509804,0.8784313725490196,446.0043740213209,520009
0.6588235294117647,0.7176470588235294,0.8627450980392157,40.000392288907705,593240
0.6274509803921569,0.7254901960784313,0.8823529411764706,575.0056391530483,527698
0.6784313725490196,0.7490196078431373,0.8862745098039215,651.0063845019729,406102
0.0196078431372549,0.027450980392156862,0.29411764705882354,90.00088265004234,40411
0.09019607843137255,0.050980392156862744,0.3176470588235294,11.000107879449619,331226
0.00392156862745098,0.0784313725490196,0.3176470588235294,19.00018633723116,111515
0.08235294117647059,0.09019607843137255,0.30196078431372547,9.000088265004234,324578
0.01568627450980392,0.07450980392156863,0.3803921568627451,11.000107879449619,43262
0.07058823529411765,0.10980392156862745,0.3411764705882353,18.000176530008467,518307
0.5607843137254902,0.5137254901960784,0.5372549019607843,56.000549204470786,400153
0.5843137254901961,0.5333333333333333,0.5607843137254902,118.00115725227772,397306
0.5137254901960784,0.5803921568627451,0.5372549019607843,10.000098072226926,367935
0.6196078431372549,0.6039215686274509,0.5725490196078431,12.000117686672311,366265
0.5529411764705883,0.5058823529411764,0.6078431372549019,78.00076496337002,390646
0.5019607843137255,0.6274509803921569,0.6352941176470588,22.000215758899238,236167
0.6196078431372549,0.5843137254901961,0.6313725490196078,33.00032363834886,402027
0.26666666666666666,0.43529411764705883,0.5529411764705883,9.000088265004234,402193
0.36470588235294116,0.4196078431372549,0.5647058823529412,28.000274602235393,606282
0.2627450980392157,0.47843137254901963,0.5568627450980392,36.000353060016934,186872
0.3411764705882353,0.4666666666666667,0.5607843137254902,60.00058843336156,387876
0.2980392156862745,0.403921568627451,0.6235294117647059,69.0006766983658,32681
0.3411764705882353,0.403921568627451,0.6235294117647059,124.00121609561388,551085
0.2627450980392157,0.4627450980392157,0.596078431372549,109.0010689872735,335702
0.3215686274509804,0.45098039215686275,0.611764705882353,121.00118667394581,462854
0.8352941176470589,0.32941176470588235,0.8196078431372549,42.00041190335309,498761
0.9254901960784314,0.3686274509803922,0.807843137254902,3.000029421668078,39955
0.8901960784313725,0.48627450980392156,0.8235294117647058,26.000254987790008,18129
0.9254901960784314,0.49019607843137253,0.9019607843137255,2.0000196144453852,150645
0.27450980392156865,0.11764705882352941,0.7137254901960784,688.0067473692125,407221
0.29411764705882354,0.11372549019607843,0.7294117647058823,191.0018731795343,416788
0.26666666666666666,0.10980392156862745,0.7333333333333333,521.0051095630229,279902
0.28627450980392155,0.11372549019607843,0.7411764705882353,709.006953320889,427257
0.2,0.4470588235294118,0.807843137254902,83.00081399948348,349565
0.20784313725490197,0.4470588235294118,0.803921568627451,674.0066100680948,341970
0.21568627450980393,0.47058823529411764,0.803921568627451,854.0083753681795,274739
0.18823529411764706,0.4549019607843137,0.8156862745098039,55.00053939724809,272142
0.21176470588235294,0.45098039215686275,0.8117647058823529,88.00086303559695,341024
0.19215686274509805,0.47058823529411764,0.8196078431372549,442.00433479243014,285525
0.20392156862745098,0.4627450980392157,0.8156862745098039,162.0015887700762,299583
0.5372549019607843,0.5294117647058824,0.6862745098039216,113.00110821616427,216292
0.5647058823529412,0.5568627450980392,0.6549019607843137,20.000196144453852,213440
0.5372549019607843,0.596078431372549,0.6980392156862745,33.00032363834886,413815
0.596078431372549,0.5764705882352941,0.6941176470588235,52.000509975580016,374450
0.5490196078431373,0.5058823529411764,0.7098039215686275,148.00145146895852,209609
0.5764705882352941,0.5294117647058824,0.7333333333333333,49.00048055391194,204868
0.5098039215686274,0.592156862745098,0.7529411764705882,70.00068650558848,245478
0.6196078431372549,0.6235294117647059,0.7372549019607844,39.00038248168501,365910
0.4549019607843137,0.596078431372549,0.8980392156862745,119.00116705950042,229958
0.47843137254901963,0.596078431372549,0.9019607843137255,19.00018633723116,206401
0.4823529411764706,0.6235294117647059,0.9019607843137255,603.0059137552837,367599
0.4666666666666667,0.5686274509803921,0.9215686274509803,8.000078457781541,441537
0.47843137254901963,0.5882352941176471,0.9372549019607843,2.0000196144453852,442487
0.4392156862745098,0.615686274509804,0.9372549019607843,123.00120628839119,259428
0.47058823529411764,0.6196078431372549,0.9215686274509803,57.00055901169348,395072
0.5843137254901961,0.7058823529411765,0.9764705882352941,596.0058451047248,155456
0.596078431372549,0.7215686274509804,0.9647058823529412,334.00327561237935,232791
0.592156862745098,0.7450980392156863,0.9686274509803922,166.00162799896697,223035
0.7019607843137254,0.7607843137254902,0.8352941176470589,141.00138281839966,493429
0.7215686274509804,0.7725490196078432,0.8549019607843137,53.00051978280271,492509
0.7019607843137254,0.788235294117647,0.8470588235294118,5.000049036113463,481363
0.7215686274509804,0.792156862745098,0.8352941176470589,27.0002647950127,453677
0.7333333333333333,0.7764705882352941,0.8705882352941177,298.0029225523624,547588
0.6901960784313725,0.792156862745098,0.8862745098039215,95.0009316861558,460329
0.7294117647058823,0.807843137254902,0.8705882352941177,611.0059922130652,596964
0.7686274509803922,0.5607843137254902,0.7843137254901961,14.000137301117697,526455
0.8705882352941177,0.5294117647058824,0.7686274509803922,5.000049036113463,1981
0.8,0.596078431372549,0.8117647058823529,49.00048055391194,530255
0.8156862745098039,0.5843137254901961,0.8235294117647058,2.0000196144453852,530239
0.7764705882352941,0.5529411764705883,0.8862745098039215,18.000176530008467,145882
0.8196078431372549,0.5607843137254902,0.8705882352941177,22.000215758899238,494004
0.8509803921568627,0.6196078431372549,0.8549019607843137,8.000078457781541,530238
0.28627450980392155,0.5529411764705883,0.6666666666666666,23.00022556612193,241860
0.3607843137254902,0.5137254901960784,0.6745098039215687,55.00053939724809,305171
0.2784313725490196,0.5686274509803921,0.6392156862745098,2.0000196144453852,223782
0.34509803921568627,0.5803921568627451,0.6666666666666666,4.0000392288907705,217138
0.25882352941176473,0.5176470588235295,0.7098039215686275,123.00120628839119,320670
0.37254901960784315,0.615686274509804,0.7490196078431373,19.00018633723116,115751
0.9490196078431372,0.9529411764705882,0.8549019607843137,2.0000196144453852,435687
0.996078431372549,0.9725490196078431,0.8549019607843137,18.000176530008467,329865
0.9568627450980393,0.984313725490196,0.8392156862745098,28.000274602235393,309917
0.9490196078431372,0.9450980392156862,0.8666666666666667,4.0000392288907705,458487
0.996078431372549,0.9607843137254902,0.8784313725490196,9.000088265004234,329864
0.9686274509803922,0.9921568627450981,0.8666666666666667,22.000215758899238,29443
0.6431372549019608,0.7568627450980392,0.9058823529411765,115.00112783060965,461463
0.6588235294117647,0.7568627450980392,0.8980392156862745,494.0048447680102,500358
0.6549019607843137,0.788235294117647,0.9137254901960784,2.0000196144453852,355798
0.6784313725490196,0.792156862745098,0.9098039215686274,39.00038248168501,431127
0.6470588235294118,0.7568627450980392,0.9333333333333333,308.00302062458934,226952
0.6352941176470588,0.792156862745098,0.9333333333333333,2.0000196144453852,234427
0.6823529411764706,0.788235294117647,0.9490196078431372,111.00108860171888,296387
0.5882352941176471,0.7137254901960784,0.8392156862745098,98.00096110782388,531391
0.6039215686274509,0.7019607843137254,0.8431372549019608,422.0041386479763,511752
0.5725490196078431,0.7333333333333333,0.8313725490196079,2.0000196144453852,326392
0.6,0.7254901960784313,0.8352941176470589,36.000353060016934,343520
0.592156862745098,0.6941176470588235,0.8666666666666667,399.00391308185436,471556
0.5843137254901961,0.7254901960784313,0.8627450980392157,6.000058843336156,332032
0.611764705882353,0.7254901960784313,0.8705882352941177,120.00117686672311,507010
0.9686274509803922,0.9450980392156862,0.792156862745098,1.0000098072226926,306126
0.996078431372549,0.9607843137254902,0.792156862745098,25.000245180567315,568668
0.9686274509803922,0.996078431372549,0.7803921568627451,154.00151031229467,36082
0.9568627450980393,0.9725490196078431,0.8196078431372549,1.0000098072226926,314657
0.996078431372549,0.9568627450980393,0.8196078431372549,21.000205951676545,563912
0.9686274509803922,0.9921568627450981,0.8235294117647058,56.000549204470786,29435
0.2823529411764706,0.4549019607843137,0.7647058823529411,949.0093070543353,552005
0.30196078431372547,0.4470588235294118,0.7647058823529411,50.00049036113463,520673
0.2980392156862745,0.4588235294117647,0.7764705882352941,271.0026577573497,560589
0.2823529411764706,0.45098039215686275,0.788235294117647,108.0010591800508,476968
0.3058823529411765,0.44313725490196076,0.7803921568627451,39.00038248168501,425620
0.28627450980392155,0.47058823529411764,0.788235294117647,268.0026283356816,511791
0.30196078431372547,0.4627450980392157,0.7803921568627451,55.00053939724809,278494
0.5372549019607843,0.396078431372549,0.43137254901960786,29.000284409458086,492397
0.6078431372549019,0.41568627450980394,0.4470588235294118,15.00014710834039,244766
0.5529411764705883,0.4588235294117647,0.396078431372549,29.000284409458086,490757
0.611764705882353,0.45098039215686275,0.41568627450980394,29.000284409458086,395570
0.5098039215686274,0.43529411764705883,0.49411764705882355,87.00085322837425,385852
0.6039215686274509,0.42745098039215684,0.48627450980392156,13.000127493895004,243816
0.6,0.49019607843137253,0.5019607843137255,19.00018633723116,482905
0.5137254901960784,0.5176470588235295,0.8980392156862745,28.000274602235393,456714
0.5803921568627451,0.5058823529411764,0.8980392156862745,104.00101995116003,373001
0.5568627450980392,0.5725490196078431,0.8901960784313725,162.0015887700762,175268
0.611764705882353,0.5803921568627451,0.8901960784313725,64.00062766225233,305526
0.5098039215686274,0.5607843137254902,0.9529411764705882,5.000049036113463,211163
0.6235294117647059,0.5098039215686274,0.9686274509803922,25.000245180567315,249551
0.5254901960784314,0.6039215686274509,0.9647058823529412,18.000176530008467,209260
0.615686274509804,0.6274509803921569,0.9764705882352941,23.00022556612193,360381
0.6784313725490196,0.8823529411764706,0.3215686274509804,2.0000196144453852,122477
0.6862745098039216,0.8823529411764706,0.35294117647058826,103.00101014393734,116806
0.7098039215686275,0.8235294117647058,0.9529411764705882,107.0010493728281,131253
0.7176470588235294,0.8509803921568627,0.9568627450980393,2.0000196144453852,354848
0.7254901960784313,0.8509803921568627,0.9725490196078431,30.00029421668078,133153
0.7098039215686275,0.8196078431372549,0.984313725490196,102.00100033671464,27319
0.7490196078431373,0.8274509803921568,0.984313725490196,671.0065806464268,65854
0.7411764705882353,0.8666666666666667,0.9882352941176471,42.00041190335309,350087
0.9215686274509803,0.21568627450980393,0.5882352941176471,107.0010493728281,30461
0.9647058823529412,0.9490196078431372,0.7058823529411765,7.000068650558848,315673
0.996078431372549,0.9686274509803922,0.7176470588235294,10.000098072226926,314664
0.9411764705882353,0.996078431372549,0.7294117647058823,599.0058745263929,46549
1.0,0.984313725490196,0.7019607843137254,127.00124551728196,315613
0.9490196078431372,0.9725490196078431,0.7411764705882353,6.000058843336156,420440
1.0,0.9725490196078431,0.7529411764705882,10.000098072226926,330812
0.9686274509803922,0.9921568627450981,0.7529411764705882,607.0059529841744,64558
1.0,0.984313725490196,0.7607843137254902,312.00305985348007,307091
0.4549019607843137,0.5764705882352941,0.792156862745098,188.0018437578662,587513
0.48627450980392156,0.5882352941176471,0.788235294117647,103.00101014393734,505815
0.4588235294117647,0.6039215686274509,0.788235294117647,26.000254987790008,433029
0.49411764705882355,0.6196078431372549,0.792156862745098,68.0006668911431,552446
0.4470588235294118,0.5882352941176471,0.803921568627451,582.0057078036072,474404
0.49019607843137253,0.5764705882352941,0.803921568627451,131.00128474617273,560049
0.4588235294117647,0.6039215686274509,0.8196078431372549,170.00166722785775,490870
0.49411764705882355,0.6235294117647059,0.8196078431372549,399.00391308185436,530552
0.9686274509803922,0.8431372549019608,0.5764705882352941,48.000470746689246,555376
0.9764705882352941,0.8431372549019608,0.592156862745098,279.0027362151312,577224
0.9647058823529412,0.8509803921568627,0.5764705882352941,51.00050016835732,562933
0.9764705882352941,0.8549019607843137,0.5843137254901961,445.0043642140982,539231
0.9607843137254902,0.8470588235294118,0.615686274509804,16.000156915563082,240927
0.9725490196078431,0.8274509803921568,0.611764705882353,11.000107879449619,393656
0.9686274509803922,0.8627450980392157,0.6196078431372549,89.00087284281965,533512
0.9803921568627451,0.8509803921568627,0.611764705882353,704.0069042847756,566777
0.28627450980392155,0.4745098039215686,0.7764705882352941,2462.024145382269,515588
0.30196078431372547,0.4823529411764706,0.7725490196078432,2375.023292153895,608295
0.29411764705882354,0.49019607843137253,0.7725490196078432,74.00072573447926,528867
0.30196078431372547,0.49019607843137253,0.7764705882352941,104.00101995116003,520939
0.29411764705882354,0.4745098039215686,0.7843137254901961,627.0061491286283,347710
0.2980392156862745,0.4823529411764706,0.7803921568627451,427.00418768408974,604478
0.28627450980392155,0.49019607843137253,0.792156862745098,260.0025498779001,554491
0.30196078431372547,0.49411764705882355,0.788235294117647,220.00215758899236,446835
0.5529411764705883,0.13333333333333333,0.5529411764705883,143.00140243284505,509208
0.5725490196078431,0.13725490196078433,0.5686274509803921,132.00129455339544,506375
0.5019607843137255,0.23529411764705882,0.5372549019607843,5.000049036113463,534038
0.5764705882352941,0.25098039215686274,0.5254901960784314,9.000088265004234,157302
0.5372549019607843,0.13725490196078433,0.5843137254901961,29.000284409458086,504464
0.6039215686274509,0.15294117647058825,0.5882352941176471,67.0006570839204,499722
0.5176470588235295,0.24705882352941178,0.5803921568627451,12.000117686672311,534993
0.5843137254901961,0.20784313725490197,0.611764705882353,10.000098072226926,161095
0.2549019607843137,0.45098039215686275,0.7411764705882353,145.00142204729042,458997
0.26666666666666666,0.45098039215686275,0.7411764705882353,195.00191240842506,271856
0.2549019607843137,0.4666666666666667,0.7333333333333333,70.00068650558848,481952
0.27450980392156865,0.4666666666666667,0.7411764705882353,124.00121609561388,509328
0.2627450980392157,0.4470588235294118,0.7607843137254902,1259.01234729337,446589
0.27450980392156865,0.45098039215686275,0.7607843137254902,2454.0240669244877,515891
0.25882352941176473,0.4627450980392157,0.7490196078431373,765.0075025253599,476145
0.26666666666666666,0.4627450980392157,0.7607843137254902,1496.0146716051481,518915
0.2235294117647059,0.4823529411764706,0.807843137254902,724.0071004292295,304275
0.23529411764705882,0.47843137254901963,0.807843137254902,923.0090520665453,360468
0.22745098039215686,0.4980392156862745,0.796078431372549,565.0055410808213,181283
0.24313725490196078,0.49019607843137253,0.796078431372549,450.00441325021166,359556
0.2235294117647059,0.47843137254901963,0.8196078431372549,1271.0124649800423,270002
0.24313725490196078,0.4745098039215686,0.8156862745098039,1027.0100720177054,266162
0.2235294117647059,0.49019607843137253,0.8235294117647058,639.0062668153006,162712
0.24313725490196078,0.5019607843137255,0.8156862745098039,844.0082772959526,51612
0.5725490196078431,0.6470588235294118,0.8352941176470589,83.00081399948348,18236
0.6,0.6509803921568628,0.8431372549019608,9.000088265004234,606787
0.5803921568627451,0.6745098039215687,0.8274509803921568,545.0053449363675,543840
0.596078431372549,0.6901960784313725,0.8509803921568627,209.00204970954275,600753
0.5686274509803921,0.6470588235294118,0.8745098039215686,43.00042171057578,489372
0.6078431372549019,0.6509803921568628,0.8705882352941177,10.000098072226926,124904
0.5725490196078431,0.6862745098039216,0.8627450980392157,560.0054920447078,457421
0.611764705882353,0.6705882352941176,0.8862745098039215,142.00139262562234,366217
0.13725490196078433,0.12941176470588237,0.6588235294117647,27.0002647950127,286517
0.24705882352941178,0.18823529411764706,0.6509803921568628,131.00128474617273,25313
0.13725490196078433,0.23137254901960785,0.6549019607843137,49.00048055391194,485558
0.21568627450980393,0.21176470588235294,0.6588235294117647,132.00129455339544,30083
0.12549019607843137,0.17254901960784313,0.7333333333333333,2.0000196144453852,280515
0.20392156862745098,0.14901960784313725,0.7529411764705882,26.000254987790008,301725
0.16470588235294117,0.25098039215686274,0.7098039215686275,6.000058843336156,284615
0.18823529411764706,0.19215686274509805,0.7058823529411765,26.000254987790008,316986
0.7568627450980392,0.6352941176470588,0.7725490196078432,50.00049036113463,329193
0.8235294117647058,0.6823529411764706,0.8235294117647058,4.0000392288907705,520745
0.807843137254902,0.7490196078431373,0.7764705882352941,15.00014710834039,531583
0.8313725490196079,0.6941176470588235,0.803921568627451,4.0000392288907705,311150
0.8117647058823529,0.6549019607843137,0.8509803921568627,142.00139262562234,317799
0.8549019607843137,0.6549019607843137,0.8666666666666667,30.00029421668078,529289
0.7607843137254902,0.7058823529411765,0.8784313725490196,59.00057862613886,233143
0.8156862745098039,0.6941176470588235,0.8784313725490196,92.00090226448772,321599
0.6352941176470588,0.6313725490196078,0.19607843137254902,1.0000098072226926,190665
0.7372549019607844,0.6745098039215687,0.2196078431372549,83.00081399948348,431672
0.6666666666666666,0.7176470588235294,0.25098039215686274,34.00033344557155,223787
0.7411764705882353,0.7333333333333333,0.23529411764705882,96.00094149337849,183062
0.6078431372549019,0.30196078431372547,0.13333333333333333,1.0000098072226926,421205
0.6,0.3686274509803922,0.12156862745098039,6.000058843336156,266562
0.4,0.5725490196078431,0.9019607843137255,342.00335407016087,246079
0.43529411764705883,0.5882352941176471,0.8901960784313725,444.0043544068755,194812
0.38823529411764707,0.6039215686274509,0.8901960784313725,120.00117686672311,118014
0.4235294117647059,0.615686274509804,0.9098039215686274,535.0052468641405,113167
0.3803921568627451,0.592156862745098,0.9215686274509803,8.000078457781541,181206
0.4117647058823529,0.5843137254901961,0.9215686274509803,20.000196144453852,361920
0.403921568627451,0.6196078431372549,0.9254901960784314,8.000078457781541,141211
0.43529411764705883,0.6039215686274509,0.9333333333333333,97.00095130060119,244154
0.5294117647058824,0.7568627450980392,0.23137254901960785,184.00180452897544,156661
0.5568627450980392,0.792156862745098,0.24313725490196078,14.000137301117697,138584
0.3215686274509804,0.12941176470588237,0.788235294117647,240.00235373344623,380723
0.34509803921568627,0.13725490196078433,0.7647058823529411,586.0057470324979,306522
0.3254901960784314,0.17254901960784313,0.7686274509803922,37.00036286723963,439625
0.3568627450980392,0.18823529411764706,0.7764705882352941,40.000392288907705,433936
0.3137254901960784,0.12941176470588237,0.8156862745098039,166.00162799896697,263422
0.36470588235294116,0.14901960784313725,0.8117647058823529,439.00430537076204,248180
0.3215686274509804,0.16470588235294117,0.796078431372549,26.000254987790008,396914
0.3686274509803922,0.16470588235294117,0.796078431372549,38.00037267446232,292263
0.20392156862745098,0.09019607843137255,0.6470588235294118,253.00248122734124,450985
0.2196078431372549,0.09411764705882353,0.6666666666666666,113.00110821616427,440526
0.19607843137254902,0.10980392156862745,0.6470588235294118,60.00058843336156,288423
0.22745098039215686,0.10588235294117647,0.6470588235294118,77.00075515614733,309339
0.19607843137254902,0.09411764705882353,0.6745098039215687,92.00090226448772,306497
0.2196078431372549,0.09411764705882353,0.6745098039215687,29.000284409458086,296027
0.21568627450980393,0.09803921568627451,0.6862745098039216,187.00183395064352,455745
0.2549019607843137,0.1607843137254902,0.5372549019607843,9.000088265004234,373009
0.3686274509803922,0.13333333333333333,0.5372549019607843,5.000049036113463,3284
0.30196078431372547,0.25098039215686274,0.5686274509803921,14.000137301117697,224882
0.3568627450980392,0.25098039215686274,0.5137254901960784,31.00030402390347,310009
0.27058823529411763,0.18823529411764706,0.615686274509804,80.00078457781541,508814
0.3176470588235294,0.18823529411764706,0.6078431372549019,4.0000392288907705,244405
0.34509803921568627,0.23529411764705882,0.6274509803921569,50.00049036113463,497414
0.27450980392156865,0.2784313725490196,0.807843137254902,59.00057862613886,378876
0.3137254901960784,0.28627450980392155,0.7647058823529411,119.00116705950042,486986
0.2823529411764706,0.3607843137254902,0.8235294117647058,55.00053939724809,281631
0.3686274509803922,0.3176470588235294,0.7647058823529411,51.00050016835732,361344
0.29411764705882354,0.30196078431372547,0.8352941176470589,7.000068650558848,390273
0.3176470588235294,0.2627450980392157,0.8705882352941177,64.00062766225233,273870
0.2784313725490196,0.35294117647058826,0.8588235294117647,10.000098072226926,260521
0.3686274509803922,0.3215686274509804,0.8509803921568627,21.000205951676545,414009
0.19607843137254902,0.4470588235294118,0.7725490196078432,148.00145146895852,6404
0.21176470588235294,0.4549019607843137,0.7647058823529411,120.00117686672311,253084
0.18823529411764706,0.4666666666666667,0.7764705882352941,2313.022684106088,194393
0.21568627450980393,0.4588235294117647,0.7686274509803922,332.00325599793393,338588
0.19607843137254902,0.4549019607843137,0.788235294117647,86.00084342115156,261531
0.20784313725490197,0.4470588235294118,0.7843137254901961,720.0070612003387,358126
0.18823529411764706,0.47058823529411764,0.788235294117647,1991.019526180381,307285
0.21176470588235294,0.4588235294117647,0.7843137254901961,456.00447209354786,328124
0.3764705882352941,0.41568627450980394,0.1607843137254902,9.000088265004234,495158
0.49019607843137253,0.38823529411764707,0.19607843137254902,4.0000392288907705,519968
0.4392156862745098,0.4666666666666667,0.1411764705882353,40.000392288907705,469508
0.38823529411764707,0.4392156862745098,0.23921568627450981,9.000088265004234,504668
0.49411764705882355,0.38823529411764707,0.20392156862745098,27.0002647950127,354885
0.3843137254901961,0.4627450980392157,0.24705882352941178,20.000196144453852,476151
0.44313725490196076,0.5019607843137255,0.2549019607843137,2.0000196144453852,466654
0.8235294117647058,0.8392156862745098,0.9764705882352941,82.0008041922608,299064
0.8549019607843137,0.8274509803921568,0.9764705882352941,160.00156915563082,303829
0.8156862745098039,0.8549019607843137,0.9686274509803922,514.005040912464,195382
0.8745098039215686,0.8666666666666667,0.9529411764705882,87.00085322837425,606758
0.8235294117647058,0.8352941176470589,0.9882352941176471,65.00063746947502,300014
0.8549019607843137,0.8392156862745098,0.984313725490196,97.00095130060119,392954
0.8156862745098039,0.8784313725490196,0.9882352941176471,467.0045799729975,294478
0.8745098039215686,0.8784313725490196,0.9921568627450981,46.00045113224386,57173
0.5294117647058824,0.3411764705882353,0.9137254901960784,410.004020961304,385386
0.5333333333333333,0.34509803921568627,0.9176470588235294,50.00049036113463,364550
0.5215686274509804,0.34901960784313724,0.9098039215686274,86.00084342115156,347472
0.5411764705882353,0.34901960784313724,0.9058823529411765,396.00388366018626,382553
0.5098039215686274,0.33725490196078434,0.9254901960784314,191.0018731795343,346527
0.5372549019607843,0.3176470588235294,0.9215686274509803,48.000470746689246,296078
0.5254901960784314,0.3607843137254902,0.9333333333333333,90.00088265004234,328496
0.5333333333333333,0.35294117647058826,0.9215686274509803,231.002265468442,352218
0.12941176470588237,0.07058823529411765,0.5411764705882353,419.00410922630823,457613
0.16862745098039217,0.0784313725490196,0.5254901960784314,82.0008041922608,40427
0.1411764705882353,0.11764705882352941,0.5333333333333333,25.000245180567315,230599
0.1803921568627451,0.10588235294117647,0.5294117647058824,49.00048055391194,13809
0.1450980392156863,0.09411764705882353,0.5568627450980392,276.0027067934632,33867
0.1843137254901961,0.08235294117647059,0.5568627450980392,40.000392288907705,450004
0.1450980392156863,0.10196078431372549,0.5568627450980392,367.0035992507282,14790
0.1607843137254902,0.10588235294117647,0.5647058823529412,240.00235373344623,29991
0.7803921568627451,0.7803921568627451,0.25098039215686274,166.00162799896697,323350
0.3058823529411765,0.2784313725490196,0.5686274509803921,23.00022556612193,510339
0.3607843137254902,0.28627450980392155,0.5686274509803921,51.00050016835732,352465
0.25882352941176473,0.3686274509803922,0.5686274509803921,28.000274602235393,457086
0.3607843137254902,0.3254901960784314,0.5647058823529412,45.00044132502117,548328
0.30196078431372547,0.26666666666666666,0.6313725490196078,21.000205951676545,513572
0.3333333333333333,0.28627450980392155,0.6,42.00041190335309,222982
0.27058823529411763,0.33725490196078434,0.596078431372549,63.00061785502963,310959
0.37254901960784315,0.35294117647058826,0.5882352941176471,85.00083361392888,45027
0.9529411764705882,0.9803921568627451,0.9882352941176471,945.0092678254446,294433
0.9607843137254902,0.9803921568627451,0.9921568627450981,872.008551898188,313113
0.9529411764705882,1.0,0.996078431372549,220.00215758899236,209095
0.9686274509803922,0.996078431372549,0.996078431372549,746.0073161881287,263111
0.9450980392156862,0.984313725490196,1.0,833.0081694165029,59058
0.9568627450980393,0.984313725490196,1.0,677.0066394897628,20807
0.9490196078431372,0.996078431372549,1.0,246.00241257678238,78159
0.9568627450980393,0.9921568627450981,1.0,1145.011229269983,46691
0.8784313725490196,0.18823529411764706,0.2627450980392157,1.0000098072226926,13
0.9019607843137255,0.19607843137254902,0.3058823529411765,69.0006766983658,13307
0.3803921568627451,0.4392156862745098,0.12156862745098039,65.00063746947502,482825
0.4392156862745098,0.4666666666666667,0.13333333333333333,1.0000098072226926,469506
0.7686274509803922,0.5529411764705883,0.9019607843137255,2.0000196144453852,492110
0.8627450980392157,0.5568627450980392,0.9019607843137255,4.0000392288907705,494953
0.8588235294117647,0.5843137254901961,0.8901960784313725,7.000068650558848,493057
0.7529411764705882,0.6274509803921569,0.9764705882352941,57.00055901169348,318958
0.6509803921568628,0.45098039215686275,0.788235294117647,249.00244199845045,159174
0.6392156862745098,0.4823529411764706,0.792156862745098,52.000509975580016,155351
0.6705882352941176,0.49411764705882355,0.7647058823529411,5.000049036113463,246430
0.6392156862745098,0.44313725490196076,0.8,63.00061785502963,149678
0.6627450980392157,0.4588235294117647,0.803921568627451,23.00022556612193,282301
0.6509803921568628,0.4980392156862745,0.8156862745098039,580.0056881891617,142999
0.6666666666666666,0.5019607843137255,0.8196078431372549,413.004050382972,138272
0.32941176470588235,0.4627450980392157,0.7019607843137254,198.00194183009313,371734
0.37254901960784315,0.4588235294117647,0.7137254901960784,56.000549204470786,566835
0.3137254901960784,0.4980392156862745,0.7137254901960784,75.00073554170194,334692
0.34509803921568627,0.48627450980392156,0.7215686274509804,100.00098072226926,496243
0.3215686274509804,0.4666666666666667,0.7411764705882353,241.0023635406689,594429
0.36470588235294116,0.4470588235294118,0.7450980392156863,39.00038248168501,429451
0.3176470588235294,0.4745098039215686,0.7333333333333333,476.00466823800167,596873
0.34509803921568627,0.4980392156862745,0.7568627450980392,167.00163780618968,605497
0.7647058823529411,0.5294117647058824,0.26666666666666666,35.00034325279424,238106
0.8392156862745098,0.5607843137254902,0.2901960784313726,19.00018633723116,588687
0.8117647058823529,0.596078431372549,0.2823529411764706,58.00056881891617,249482
0.8549019607843137,0.615686274509804,0.2980392156862745,170.00166722785775,254215
0.7725490196078432,0.5529411764705883,0.3843137254901961,19.00018633723116,407823
0.8745098039215686,0.5647058823529412,0.34509803921568627,7.000068650558848,583936
0.807843137254902,0.5686274509803921,0.32941176470588235,6.000058843336156,235255
0.8392156862745098,0.6078431372549019,0.3411764705882353,23.00022556612193,576334
0.8862745098039215,0.9450980392156862,0.6627450980392157,3.000029421668078,320428
0.9333333333333333,0.9450980392156862,0.6588235294117647,6.000058843336156,417620
0.9058823529411765,0.9921568627450981,0.6392156862745098,274.00268717901776,80709
0.9176470588235294,0.9921568627450981,0.6431372549019608,372.00364828684167,86342
0.9333333333333333,0.9529411764705882,0.6823529411764706,3.000029421668078,317575
0.9058823529411765,0.9882352941176471,0.6705882352941176,12.000117686672311,96762
0.9176470588235294,0.9921568627450981,0.6745098039215687,672.0065904536494,66480
0.8823529411764706,0.8274509803921568,0.2823529411764706,102.00100033671464,321441
0.9215686274509803,0.8352941176470589,0.2823529411764706,303.0029715884759,374516
0.8784313725490196,0.8549019607843137,0.2823529411764706,150.00147108340389,456572
0.9333333333333333,0.8745098039215686,0.2901960784313726,478.0046878524471,468897
0.9058823529411765,0.8431372549019608,0.29411764705882354,23.00022556612193,411687
0.9215686274509803,0.8431372549019608,0.2980392156862745,16.000156915563082,388755
0.9019607843137255,0.8784313725490196,0.29411764705882354,93.00091207171042,446128
0.9294117647058824,0.8784313725490196,0.29411764705882354,167.00163780618968,363142
0.2627450980392157,0.48627450980392156,0.807843137254902,856.0083949826248,321180
0.27058823529411763,0.47843137254901963,0.807843137254902,600.0058843336155,403596
0.25098039215686274,0.49411764705882355,0.796078431372549,368.0036090579509,117423
0.2784313725490196,0.49411764705882355,0.807843137254902,168.00164761341236,206868
0.25882352941176473,0.4745098039215686,0.8196078431372549,967.0094835843438,339236
0.26666666666666666,0.4823529411764706,0.8235294117647058,921.0090324520999,287919
0.25098039215686274,0.5019607843137255,0.8117647058823529,1003.0098366443607,270895
0.27058823529411763,0.49411764705882355,0.8196078431372549,354.00347175683316,369021
0.7607843137254902,0.4,0.14901960784313725,41.0004020961304,608639
0.8235294117647058,0.4235294117647059,0.1607843137254902,1.0000098072226926,611484
0.8235294117647058,0.4823529411764706,0.17647058823529413,30.00029421668078,402149
0.7568627450980392,0.4235294117647059,0.20392156862745098,4.0000392288907705,601993
0.7843137254901961,0.48627450980392156,0.2,35.00034325279424,601990
0.8156862745098039,0.49019607843137253,0.21568627450980393,2.0000196144453852,404975
0.1803921568627451,0.45098039215686275,0.7450980392156863,260.0025498779001,32053
0.1843137254901961,0.4627450980392157,0.7411764705882353,39.00038248168501,213335
0.1803921568627451,0.4588235294117647,0.7607843137254902,304.00298139569855,81127
0.9490196078431372,0.7725490196078432,0.47058823529411764,450.00441325021166,579151
0.9686274509803922,0.8,0.4588235294117647,107.0010493728281,572417
0.9725490196078431,0.796078431372549,0.4627450980392157,20.000196144453852,573377
0.9490196078431372,0.7843137254901961,0.49019607843137253,180.00176530008468,552562
0.9686274509803922,0.807843137254902,0.49411764705882355,414.00406019019476,567664
0.9725490196078431,0.8156862745098039,0.5098039215686274,120.00117686672311,568625
0.16470588235294117,0.38823529411764707,0.7725490196078432,1.0000098072226926,265491
0.1843137254901961,0.39215686274509803,0.796078431372549,1.0000098072226926,274784
0.17254901960784313,0.43137254901960786,0.8196078431372549,43.00042171057578,186733
0.45098039215686275,0.32941176470588235,0.6431372549019608,317.00310888959353,354402
0.49411764705882355,0.3411764705882353,0.6470588235294118,244.002392962337,332522
0.44313725490196076,0.3686274509803922,0.6392156862745098,88.00086303559695,224499
0.49019607843137253,0.34901960784313724,0.6666666666666666,119.00116705950042,329690
0.4588235294117647,0.34509803921568627,0.6784313725490196,1.0000098072226926,321251
0.47843137254901963,0.34509803921568627,0.6745098039215687,16.000156915563082,371518
0.4666666666666667,0.34901960784313724,0.6705882352941176,34.00033344557155,349660
0.4745098039215686,0.3607843137254902,0.6705882352941176,466.00457016577474,367719
0.5607843137254902,0.7607843137254902,0.42745098039215684,7.000068650558848,156625
0.6,0.8235294117647058,0.39215686274509803,29.000284409458086,132863
0.5411764705882353,0.7647058823529411,0.4627450980392157,5.000049036113463,136661
0.6235294117647059,0.792156862745098,0.5019607843137255,86.00084342115156,181356
0.615686274509804,0.8235294117647058,0.4745098039215686,8.000078457781541,191833
0.38823529411764707,0.1450980392156863,0.5411764705882353,14.000137301117697,2334
0.47843137254901963,0.13725490196078433,0.5294117647058824,15.00014710834039,156335
0.44313725490196076,0.2196078431372549,0.5529411764705883,20.000196144453852,311745
0.396078431372549,0.16862745098039217,0.5843137254901961,3.000029421668078,500677
0.4980392156862745,0.1607843137254902,0.615686274509804,7.000068650558848,509227
0.39215686274509803,0.2235294117647059,0.6078431372549019,15.00014710834039,239650
0.4549019607843137,0.24705882352941178,0.596078431372549,12.000117686672311,409509
0.5764705882352941,0.403921568627451,0.9137254901960784,176.0017260711939,367346
0.596078431372549,0.396078431372549,0.9098039215686274,1.0000098072226926,268513
0.5803921568627451,0.4117647058823529,0.9098039215686274,103.00101014393734,382520
0.6078431372549019,0.43529411764705883,0.9176470588235294,28.000274602235393,218760
0.5647058823529412,0.3843137254901961,0.9294117647058824,290.00284409458084,281821
0.596078431372549,0.403921568627451,0.9333333333333333,10.000098072226926,240572
0.5647058823529412,0.4235294117647059,0.9294117647058824,407.0039915396359,372077
0.6,0.43529411764705883,0.9372549019607843,220.00215758899236,344605
0.4666666666666667,0.6313725490196078,0.8470588235294118,19.00018633723116,434509
0.49411764705882355,0.6392156862745098,0.8352941176470589,210.00205951676546,533594
0.44313725490196076,0.6784313725490196,0.8352941176470589,1.0000098072226926,143310
0.4980392156862745,0.6627450980392157,0.8470588235294118,3.000029421668078,176292
0.4627450980392157,0.6352941176470588,0.8745098039215686,170.00166722785775,369120
0.4666666666666667,0.6823529411764706,0.8784313725490196,3.000029421668078,71496
0.4745098039215686,0.6627450980392157,0.8745098039215686,18.000176530008467,182985
0.3803921568627451,0.054901960784313725,0.0392156862745098,58.00056881891617,528364
0.4,0.06666666666666667,0.050980392156862744,94.0009218789331,516029
0.4666666666666667,0.08235294117647059,0.058823529411764705,38.00037267446232,1
0.3764705882352941,0.06274509803921569,0.09411764705882353,8.000078457781541,520792
0.4235294117647059,0.07058823529411765,0.10980392156862745,37.00036286723963,515069
0.47058823529411764,0.08235294117647059,0.09803921568627451,68.0006668911431,516017
0.8470588235294118,0.8823529411764706,0.9254901960784314,1152.011297920542,512425
0.8627450980392157,0.8862745098039215,0.9254901960784314,1230.012062883912,473618
0.8549019607843137,0.9019607843137255,0.9294117647058824,85.00083361392888,500107
0.8666666666666667,0.8980392156862745,0.9333333333333333,674.0066100680948,487865
0.8549019607843137,0.8823529411764706,0.9372549019607843,389.00381500962743,494605
0.8627450980392157,0.8823529411764706,0.9372549019607843,428.0041974913124,508651
0.8588235294117647,0.9098039215686274,0.9411764705882353,115.00112783060965,455546
0.8745098039215686,0.8980392156862745,0.9372549019607843,741.0072671520152,469730
0.4666666666666667,0.32941176470588235,0.596078431372549,118.00115725227772,486965
0.47058823529411764,0.34509803921568627,0.596078431372549,12.000117686672311,34586
0.4470588235294118,0.3607843137254902,0.6039215686274509,403.00395231074515,45048
0.47843137254901963,0.3764705882352941,0.592156862745098,16.000156915563082,217829
0.4549019607843137,0.3176470588235294,0.6352941176470588,136.0013337822862,340140
0.47843137254901963,0.3176470588235294,0.6352941176470588,46.00045113224386,306994
0.44313725490196076,0.34901960784313724,0.611764705882353,423.00414845519896,146672
0.47843137254901963,0.3764705882352941,0.6196078431372549,36.000353060016934,220668
0.42745098039215684,0.1803921568627451,0.9098039215686274,5.000049036113463,306526
0.4392156862745098,0.18823529411764706,0.9058823529411765,1.0000098072226926,306525
0.4,0.23529411764705882,0.9254901960784314,150.00147108340389,262849
0.4627450980392157,0.22745098039215686,0.9176470588235294,139.00136320395427,246277
0.2,0.4745098039215686,0.7764705882352941,754.0073946459103,46880
0.20392156862745098,0.48627450980392156,0.7725490196078432,193.00189279397966,180226
0.2,0.49019607843137253,0.7647058823529411,27.0002647950127,248499
0.20392156862745098,0.49019607843137253,0.7764705882352941,63.00061785502963,229350
0.21176470588235294,0.48627450980392156,0.792156862745098,458.0044917079932,121221
0.2,0.49411764705882355,0.7843137254901961,82.0008041922608,166893
0.20784313725490197,0.49019607843137253,0.7803921568627451,178.0017456856393,15479
0.19215686274509805,0.4196078431372549,0.7764705882352941,886.0086891993056,432243
0.20392156862745098,0.4235294117647059,0.7686274509803922,312.00305985348007,497791
0.2,0.42745098039215684,0.7764705882352941,684.0067081403217,462621
0.20392156862745098,0.42745098039215684,0.7686274509803922,1564.0153384962912,475918
0.19607843137254902,0.4235294117647059,0.7803921568627451,90.00088265004234,432236
0.21568627450980393,0.41568627450980394,0.792156862745098,5.000049036113463,278766
0.2,0.42745098039215684,0.7803921568627451,233.00228508288737,422729
0.20784313725490197,0.43137254901960786,0.7803921568627451,887.0086990065283,487326
0.18823529411764706,0.40784313725490196,0.7019607843137254,37.00036286723963,110660
0.22745098039215686,0.403921568627451,0.7019607843137254,21.000205951676545,417153
0.19215686274509805,0.42745098039215684,0.7254901960784313,135.0013239750635,66892
0.23137254901960785,0.4392156862745098,0.7294117647058823,120.00117686672311,400194
0.21568627450980393,0.40784313725490196,0.7372549019607844,21.000205951676545,61183
0.24313725490196078,0.38823529411764707,0.7568627450980392,14.000137301117697,476971
0.19607843137254902,0.4235294117647059,0.7372549019607844,414.00406019019476,343277
0.2196078431372549,0.42745098039215684,0.7607843137254902,383.0037561662913,414397
0.6392156862745098,0.6941176470588235,0.9568627450980393,35.00034325279424,96434
0.6588235294117647,0.7019607843137254,0.9764705882352941,24.000235373344623,187654
0.6784313725490196,0.7450980392156863,0.9529411764705882,161.0015789628535,6759
0.2549019607843137,0.4549019607843137,0.796078431372549,637.0062472008552,389578
0.26666666666666666,0.4549019607843137,0.796078431372549,122.0011964811685,430410
0.25098039215686274,0.4588235294117647,0.803921568627451,2275.022311431626,357292
0.26666666666666666,0.4588235294117647,0.803921568627451,677.0066394897628,388570
0.25098039215686274,0.45098039215686275,0.8156862745098039,50.00049036113463,405004
0.27058823529411763,0.45098039215686275,0.8117647058823529,37.00036286723963,430370
0.25882352941176473,0.4627450980392157,0.8117647058823529,548.0053743580355,353487
0.27058823529411763,0.47058823529411764,0.8117647058823529,171.00167703508043,356253
0.5647058823529412,0.7686274509803922,0.23921568627450981,428.0041974913124,133912
0.5725490196078431,0.788235294117647,0.24313725490196078,529.0051880208044,183306
0.6039215686274509,0.8117647058823529,0.2549019607843137,166.00162799896697,128240
0.7058823529411765,0.5764705882352941,0.8549019607843137,35.00034325279424,180029
0.7372549019607844,0.5764705882352941,0.8549019607843137,86.00084342115156,126822
0.6980392156862745,0.6274509803921569,0.8509803921568627,16.000156915563082,534050
0.7411764705882353,0.6196078431372549,0.8470588235294118,9.000088265004234,247397
0.6901960784313725,0.596078431372549,0.8784313725490196,88.00086303559695,276609
0.7450980392156863,0.592156862745098,0.8745098039215686,625.0061295141829,128740
0.7137254901960784,0.6196078431372549,0.8745098039215686,52.000509975580016,181026
0.7450980392156863,0.6078431372549019,0.8745098039215686,211.00206932398814,183858
0.9019607843137255,0.9647058823529412,0.596078431372549,2.0000196144453852,317630
0.9333333333333333,0.9686274509803922,0.6039215686274509,1.0000098072226926,319530
0.8784313725490196,0.984313725490196,0.6,364.0035698290601,87351
0.9372549019607843,0.9803921568627451,0.5882352941176471,3.000029421668078,318581
0.9333333333333333,0.9450980392156862,0.6196078431372549,8.000078457781541,316681
0.8901960784313725,0.9882352941176471,0.6196078431372549,572.0056097313802,97727
0.9176470588235294,0.9921568627450981,0.6313725490196078,170.00166722785775,82565
0.5058823529411764,0.3803921568627451,0.7098039215686275,237.00232431177815,338266
0.5450980392156862,0.38823529411764707,0.7019607843137254,221.00216739621507,408547
0.5176470588235295,0.4117647058823529,0.7294117647058823,12.000117686672311,311762
0.5568627450980392,0.41568627450980394,0.7254901960784313,83.00081399948348,322097
0.5254901960784314,0.39215686274509803,0.7333333333333333,78.00076496337002,330665
0.5333333333333333,0.396078431372549,0.7372549019607844,57.00055901169348,325912
0.5254901960784314,0.41568627450980394,0.7568627450980392,70.00068650558848,337328
0.5529411764705883,0.4235294117647059,0.7333333333333333,355.0034815640559,291802
0.8980392156862745,0.6431372549019608,0.27058823529411763,159.00155934840814,600943
0.9294117647058824,0.6549019607843137,0.2901960784313726,211.00206932398814,609555
0.9058823529411765,0.6627450980392157,0.28627450980392155,6.000058843336156,598092
0.9137254901960784,0.6705882352941176,0.28627450980392155,181.00177510730737,597133
0.9019607843137255,0.6431372549019608,0.29411764705882354,52.000509975580016,593429
0.9294117647058824,0.6509803921568628,0.29411764705882354,59.00057862613886,609561
0.8941176470588236,0.6627450980392157,0.3176470588235294,2.0000196144453852,596152
0.9294117647058824,0.6784313725490196,0.3137254901960784,430.00421710575785,603839
0.8156862745098039,0.7764705882352941,0.9725490196078431,120.00117686672311,292451
0.8745098039215686,0.7803921568627451,0.9764705882352941,198.00194183009313,302768
0.8392156862745098,0.788235294117647,0.9529411764705882,127.00124551728196,285688
0.8549019607843137,0.807843137254902,0.9607843137254902,223.00218701066046,341662
0.8274509803921568,0.7843137254901961,0.984313725490196,116.00113763783234,297198
0.8470588235294118,0.7647058823529411,0.984313725490196,115.00112783060965,293271
0.8274509803921568,0.788235294117647,0.984313725490196,71.00069631281117,294347
0.8509803921568627,0.8117647058823529,0.984313725490196,115.00112783060965,296244
0.4588235294117647,0.27450980392156865,0.9176470588235294,249.00244199845045,238695
0.4745098039215686,0.27058823529411763,0.9019607843137255,185.00181433619812,393001
0.4627450980392157,0.2980392156862745,0.9019607843137255,84.00082380670618,333250
0.4745098039215686,0.30196078431372547,0.9137254901960784,330.00323638348857,340837
0.4627450980392157,0.2549019607843137,0.9411764705882353,44.000431517798475,307462
0.49019607843137253,0.2627450980392157,0.9333333333333333,37.00036286723963,303676
0.45098039215686275,0.28627450980392155,0.9372549019607843,38.00037267446232,333254
0.49411764705882355,0.3137254901960784,0.9215686274509803,115.00112783060965,356021
0.9058823529411765,0.20392156862745098,0.4588235294117647,401.0039326962997,12387
0.9176470588235294,0.20784313725490197,0.45098039215686275,373.00365809406435,32327
0.9019607843137255,0.20784313725490197,0.4980392156862745,43.00042171057578,14324
0.9137254901960784,0.20784313725490197,0.48627450980392156,258.0025302634547,16218
0.7725490196078432,0.6313725490196078,0.9019607843137255,193.00189279397966,117360
0.788235294117647,0.6588235294117647,0.9176470588235294,78.00076496337002,115441
0.7529411764705882,0.6745098039215687,0.9058823529411765,43.00042171057578,129655
0.788235294117647,0.6627450980392157,0.9176470588235294,76.00074534892464,114490
0.7607843137254902,0.6588235294117647,0.9490196078431372,116.00113763783234,331241
0.7843137254901961,0.6549019607843137,0.9450980392156862,17.000166722785774,124979
0.7686274509803922,0.6627450980392157,0.9490196078431372,144.00141224006774,296173
0.803921568627451,0.6823529411764706,0.9372549019607843,407.0039915396359,109765
0.33725490196078434,0.5686274509803921,0.8509803921568627,75.00073554170194,108546
0.3686274509803922,0.5686274509803921,0.8431372549019608,332.00325599793393,366300
0.33725490196078434,0.6078431372549019,0.8431372549019608,1.0000098072226926,284609
0.37254901960784315,0.6,0.8470588235294118,12.000117686672311,287444
0.33725490196078434,0.5764705882352941,0.8745098039215686,175.00171626397122,125644
0.3607843137254902,0.5882352941176471,0.8784313725490196,464.0045505513294,184083
0.37254901960784315,0.6,0.8627450980392157,14.000137301117697,278908
0.6901960784313725,0.5098039215686274,0.8392156862745098,130.00127493895005,164876
0.7372549019607844,0.5254901960784314,0.8431372549019608,9.000088265004234,142096
0.7019607843137254,0.5490196078431373,0.8509803921568627,680.006668911431,130657
0.7333333333333333,0.5647058823529412,0.8509803921568627,110.00107879449618,135380
0.7098039215686275,0.5254901960784314,0.8666666666666667,19.00018633723116,166788
0.7294117647058823,0.5294117647058824,0.8588235294117647,4.0000392288907705,152456
0.7137254901960784,0.5411764705882353,0.8823529411764706,83.00081399948348,167740
0.7254901960784313,0.5647058823529412,0.8588235294117647,30.00029421668078,176259
0.6666666666666666,0.5372549019607843,0.6941176470588235,12.000117686672311,367145
0.7176470588235294,0.5098039215686274,0.6666666666666666,7.000068650558848,372840
0.6509803921568628,0.5803921568627451,0.6392156862745098,88.00086303559695,373506
0.6901960784313725,0.6235294117647059,0.6509803921568628,15.00014710834039,368778
0.6823529411764706,0.5137254901960784,0.7372549019607844,38.00037267446232,529295
0.7058823529411765,0.5176470588235295,0.7529411764705882,61.00059824058425,528349
0.6274509803921569,0.615686274509804,0.7529411764705882,11.000107879449619,203923
0.7137254901960784,0.6039215686274509,0.7607843137254902,34.00033344557155,323493
0.8196078431372549,0.9725490196078431,0.5333333333333333,6.000058843336156,97848
0.8274509803921568,0.9882352941176471,0.5411764705882353,363.0035600218374,109134
0.8470588235294118,0.9882352941176471,0.5411764705882353,3.000029421668078,100598
0.8392156862745098,0.984313725490196,0.5490196078431373,405.0039719251905,98712
0.8470588235294118,0.9882352941176471,0.5568627450980392,275.0026969862405,98711
0.39215686274509803,0.2823529411764706,0.7019607843137254,81.0007943850381,363687
0.40784313725490196,0.2823529411764706,0.7019607843137254,3.000029421668078,502149
0.396078431372549,0.2901960784313726,0.7137254901960784,209.00204970954275,361789
0.4117647058823529,0.2980392156862745,0.7137254901960784,253.00248122734124,341850
0.3803921568627451,0.27058823529411763,0.7490196078431373,13.000127493895004,486022
0.43137254901960786,0.2549019607843137,0.7529411764705882,3.000029421668078,369876
0.4,0.30980392156862746,0.7529411764705882,161.0015789628535,330477
0.40784313725490196,0.30980392156862746,0.7529411764705882,326.0031971545978,334271
0.6705882352941176,0.1411764705882353,0.30196078431372547,90.00088265004234,383301
0.7098039215686275,0.14901960784313725,0.3215686274509804,50.00049036113463,377599
0.6588235294117647,0.20784313725490197,0.27450980392156865,3.000029421668078,314015
0.7333333333333333,0.23529411764705882,0.2627450980392157,1.0000098072226926,312117
0.6745098039215687,0.14901960784313725,0.32941176470588235,38.00037267446232,374754
0.7176470588235294,0.15294117647058825,0.32941176470588235,72.00070612003387,382355
0.6588235294117647,0.21176470588235294,0.3843137254901961,4.0000392288907705,381391
0.7254901960784313,0.2,0.36470588235294116,3.000029421668078,293127
0.5725490196078431,0.6313725490196078,0.8980392156862745,35.00034325279424,204853
0.6078431372549019,0.6588235294117647,0.9058823529411765,11.000107879449619,237244
0.5686274509803921,0.6705882352941176,0.8980392156862745,497.0048741896782,238353
0.6,0.6823529411764706,0.9019607843137255,80.00078457781541,389955
0.5882352941176471,0.6392156862745098,0.9450980392156862,10.000098072226926,262620
0.6078431372549019,0.6470588235294118,0.9450980392156862,11.000107879449619,456717
0.5803921568627451,0.6823529411764706,0.9450980392156862,341.0033442629382,469047
0.6039215686274509,0.6901960784313725,0.9254901960784314,40.000392288907705,205264
0.43137254901960786,0.30980392156862746,0.4235294117647059,13.000127493895004,486956
0.49019607843137253,0.30980392156862746,0.4196078431372549,5.000049036113463,274166
0.4235294117647059,0.3764705882352941,0.39215686274509803,21.000205951676545,607231
0.4392156862745098,0.3686274509803922,0.41568627450980394,77.00075515614733,402945
0.38823529411764707,0.27058823529411763,0.5098039215686274,96.00094149337849,236806
0.49411764705882355,0.30980392156862746,0.4980392156862745,14.000137301117697,315923
0.4196078431372549,0.36470588235294116,0.4549019607843137,23.00022556612193,415425
0.4627450980392157,0.33725490196078434,0.4980392156862745,6.000058843336156,492658
0.25882352941176473,0.38823529411764707,0.7294117647058823,22.000215758899238,517842
0.29411764705882354,0.40784313725490196,0.7294117647058823,12.000117686672311,509266
0.2784313725490196,0.43137254901960786,0.7294117647058823,196.00192221564777,408799
0.30980392156862746,0.43529411764705883,0.7176470588235294,124.00121609561388,491152
0.2784313725490196,0.3843137254901961,0.7372549019607844,22.000215758899238,487415
0.2823529411764706,0.396078431372549,0.7450980392156863,19.00018633723116,227357
0.25882352941176473,0.4392156862745098,0.7568627450980392,420.0041190335309,445643
0.2901960784313726,0.43529411764705883,0.7333333333333333,199.00195163731584,585906
0.3803921568627451,0.5686274509803921,0.7647058823529411,24.000235373344623,331839
0.41568627450980394,0.5725490196078431,0.792156862745098,126.00123571005926,167061
0.3843137254901961,0.6039215686274509,0.788235294117647,5.000049036113463,325423
0.4117647058823529,0.6274509803921569,0.788235294117647,3.000029421668078,119552
0.38823529411764707,0.5725490196078431,0.8156862745098039,164.0016083845216,55834
0.43137254901960786,0.5882352941176471,0.8235294117647058,664.0065119958679,474520
0.39215686274509803,0.6078431372549019,0.8235294117647058,5.000049036113463,326373
0.41568627450980394,0.615686274509804,0.796078431372549,22.000215758899238,294111
0.043137254901960784,0.16862745098039217,0.3137254901960784,1.0000098072226926,400067
0.09803921568627451,0.23921568627450981,0.2901960784313726,1.0000098072226926,502815
0.0392156862745098,0.13725490196078433,0.3411764705882353,6.000058843336156,520679
0.10196078431372549,0.17254901960784313,0.3843137254901961,11.000107879449619,432341
0.12156862745098039,0.19607843137254902,0.32941176470588235,1.0000098072226926,548153
0.8784313725490196,0.5372549019607843,0.19607843137254902,1.0000098072226926,611476
0.8901960784313725,0.5647058823529412,0.21176470588235294,15.00014710834039,610525
0.06666666666666667,0.03137254901960784,0.38823529411764707,2.0000196144453852,466173
0.08235294117647059,0.03529411764705882,0.39215686274509803,293.00287351624894,111476
0.09411764705882353,0.0392156862745098,0.41568627450980394,99.00097091504657,114338
0.07058823529411765,0.043137254901960784,0.4392156862745098,243.0023831551143,103902
0.09803921568627451,0.043137254901960784,0.43137254901960786,344.00337368460623,107685
0.807843137254902,0.6549019607843137,0.3176470588235294,10.000098072226926,401258
0.8627450980392157,0.6470588235294118,0.3215686274509804,53.00051978280271,249475
0.7568627450980392,0.7411764705882353,0.27450980392156865,28.000274602235393,335674
0.8235294117647058,0.7529411764705882,0.2823529411764706,27.0002647950127,409839
0.8,0.6588235294117647,0.3254901960784314,3.000029421668078,402207
0.8509803921568627,0.6666666666666666,0.32941176470588235,90.00088265004234,398410
0.7607843137254902,0.7019607843137254,0.34901960784313724,21.000205951676545,387798
0.8313725490196079,0.6980392156862745,0.37254901960784315,11.000107879449619,403169
0.5450980392156862,0.396078431372549,0.27058823529411763,56.000549204470786,607214
0.5764705882352941,0.4392156862745098,0.28627450980392155,19.00018633723116,482936
0.5019607843137255,0.45098039215686275,0.2901960784313726,8.000078457781541,361528
0.592156862745098,0.45098039215686275,0.26666666666666666,72.00070612003387,339674
0.5294117647058824,0.403921568627451,0.3333333333333333,27.0002647950127,606261
0.611764705882353,0.42745098039215684,0.3803921568627451,14.000137301117697,241914
0.5411764705882353,0.4549019607843137,0.35294117647058826,15.00014710834039,479133
0.6078431372549019,0.44313725490196076,0.3607843137254902,32.000313831126164,240013
0.9450980392156862,0.9450980392156862,0.9176470588235294,13.000127493895004,416721
0.996078431372549,0.9607843137254902,0.8901960784313725,8.000078457781541,565807
0.9647058823529412,0.996078431372549,0.9019607843137255,30.00029421668078,23695
0.9882352941176471,0.9921568627450981,0.9019607843137255,467.0045799729975,23714
0.9490196078431372,0.9647058823529412,0.9450980392156862,71.00069631281117,406260
0.996078431372549,0.9686274509803922,0.9215686274509803,3.000029421668078,565808
0.9411764705882353,0.984313725490196,0.9490196078431372,34.00033344557155,35251
0.984313725490196,1.0,0.9411764705882353,335.00328541960204,6415
0.403921568627451,0.32941176470588235,0.5882352941176471,22.000215758899238,45983
0.42745098039215684,0.34509803921568627,0.5882352941176471,489.0047957318967,227333
0.39215686274509803,0.3607843137254902,0.6,15.00014710834039,35530
0.43529411764705883,0.34901960784313724,0.592156862745098,302.0029617812532,56451
0.3843137254901961,0.34509803921568627,0.6196078431372549,7.000068650558848,458553
0.43137254901960786,0.34509803921568627,0.611764705882353,21.000205951676545,54566
0.3764705882352941,0.3764705882352941,0.615686274509804,25.000245180567315,175179
0.43137254901960786,0.3568627450980392,0.6078431372549019,74.00072573447926,228293
0.33725490196078434,0.396078431372549,0.10588235294117647,179.00175549286197,495165
0.34509803921568627,0.396078431372549,0.10588235294117647,136.0013337822862,491368
0.3333333333333333,0.4392156862745098,0.12941176470588237,17.000166722785774,496163
0.37254901960784315,0.43529411764705883,0.12156862745098039,621.0060902852921,492339
0.7803921568627451,0.9568627450980393,0.4666666666666667,264.0025891067909,106334
0.792156862745098,0.9686274509803922,0.47058823529411764,157.00153973396274,110111
0.7725490196078432,0.9764705882352941,0.4745098039215686,6.000058843336156,115788
0.796078431372549,0.9764705882352941,0.4745098039215686,32.000313831126164,104444
0.7725490196078432,0.9686274509803922,0.48627450980392156,53.00051978280271,116730
0.803921568627451,0.9725490196078431,0.5098039215686274,113.00110821616427,100686
0.7803921568627451,0.984313725490196,0.4823529411764706,14.000137301117697,114838
0.807843137254902,0.9882352941176471,0.48627450980392156,308.00302062458934,106310
0.7529411764705882,0.6431372549019608,0.9686274509803922,330.00323638348857,334139
0.792156862745098,0.6431372549019608,0.9764705882352941,19.00018633723116,228220
0.7803921568627451,0.6705882352941176,0.9686274509803922,280.0027460223539,293341
0.788235294117647,0.6745098039215687,0.9607843137254902,308.00302062458934,333171
0.2627450980392157,0.043137254901960784,0.27058823529411763,12.000117686672311,317452
0.34901960784313724,0.06274509803921569,0.3215686274509804,26.000254987790008,4222
0.27450980392156865,0.09803921568627451,0.2627450980392157,35.00034325279424,123789
0.3176470588235294,0.08235294117647059,0.2901960784313726,60.00058843336156,97202
0.3058823529411765,0.058823529411764705,0.34509803921568627,2.0000196144453852,317453
0.34509803921568627,0.06274509803921569,0.3254901960784314,2.0000196144453852,3271
0.3058823529411765,0.09803921568627451,0.3333333333333333,32.000313831126164,122859
0.3686274509803922,0.07450980392156863,0.3607843137254902,65.00063746947502,534991
0.17647058823529413,0.4470588235294118,0.7686274509803922,5361.052576520855,111596
0.1803921568627451,0.4470588235294118,0.7686274509803922,128.00125532450465,148762
0.17647058823529413,0.45098039215686275,0.7647058823529411,873.0085617054107,103295
0.1803921568627451,0.4549019607843137,0.7686274509803922,4702.0461135611,75410
0.17254901960784313,0.44313725490196076,0.7725490196078432,121.00118667394581,112756
0.1803921568627451,0.4470588235294118,0.7725490196078432,42.00041190335309,189522
0.17647058823529413,0.45098039215686275,0.7725490196078432,1105.0108369810753,122980
0.1803921568627451,0.4549019607843137,0.7764705882352941,2520.0247142011854,155275
0.4196078431372549,0.2980392156862745,0.18823529411764706,7.000068650558848,512343
0.41568627450980394,0.3254901960784314,0.1803921568627451,3.000029421668078,360558
0.42745098039215684,0.2784313725490196,0.21176470588235294,2.0000196144453852,422156
0.38823529411764707,0.3333333333333333,0.25098039215686274,4.0000392288907705,363408
0.4549019607843137,0.3333333333333333,0.2196078431372549,15.00014710834039,509493
0.3058823529411765,0.5490196078431373,0.9019607843137255,14.000137301117697,326213
0.36470588235294116,0.5490196078431373,0.8980392156862745,71.00069631281117,400809
0.30980392156862746,0.5764705882352941,0.9058823529411765,6.000058843336156,136178
0.37254901960784315,0.5686274509803921,0.9058823529411765,139.00136320395427,195704
0.8117647058823529,0.6862745098039216,0.23921568627450981,18.000176530008467,380195
0.8235294117647058,0.6705882352941176,0.24705882352941178,14.000137301117697,378301
0.788235294117647,0.7333333333333333,0.24705882352941178,125.00122590283658,334725
0.8627450980392157,0.7333333333333333,0.24313725490196078,72.00070612003387,369752
0.21568627450980393,0.09803921568627451,0.7019607843137254,165.00161819174429,269102
0.2196078431372549,0.10196078431372549,0.7019607843137254,442.00433479243014,457647
0.2,0.11372549019607843,0.7450980392156863,54.0005295900254,272914
0.22745098039215686,0.11372549019607843,0.7450980392156863,249.00244199845045,271013
0.22745098039215686,0.27058823529411763,0.3686274509803922,4.0000392288907705,469962
0.21176470588235294,0.41568627450980394,0.3411764705882353,1.0000098072226926,241836
0.09411764705882353,0.2549019607843137,0.4980392156862745,2.0000196144453852,113413
0.24313725490196078,0.4470588235294118,0.4823529411764706,3.000029421668078,181170
0.9882352941176471,0.996078431372549,1.0,1303.0127788111686,275381
0.996078431372549,0.9921568627450981,1.0,1454.014259701795,266746
0.9921568627450981,1.0,1.0,1609.0157798213124,126382
1.0,1.0,1.0,9877.096865938534,90256
0.6549019607843137,0.6549019607843137,0.6588235294117647,26.000254987790008,404094
0.6941176470588235,0.6313725490196078,0.6666666666666666,45.00044132502117,369724
0.6666666666666666,0.7098039215686275,0.6941176470588235,11.000107879449619,364375
0.7411764705882353,0.7098039215686275,0.6980392156862745,17.000166722785774,231426
0.6784313725490196,0.6627450980392157,0.7254901960784313,38.00037267446232,577147
0.7098039215686275,0.6784313725490196,0.7176470588235294,33.00032363834886,578097
0.6509803921568628,0.7215686274509804,0.7529411764705882,28.000274602235393,303289
0.7019607843137254,0.7137254901960784,0.7294117647058823,21.000205951676545,230478
0.9647058823529412,0.8235294117647058,0.5254901960784314,105.00102975838273,548740
0.9764705882352941,0.8313725490196079,0.5411764705882353,203.0019908662066,556258
0.9764705882352941,0.8588235294117647,0.5333333333333333,5.000049036113463,553414
0.9529411764705882,0.8313725490196079,0.5686274509803921,112.00109840894157,244718
0.9725490196078431,0.8235294117647058,0.5568627450980392,430.00421710575785,565835
0.9647058823529412,0.8509803921568627,0.5568627450980392,5.000049036113463,242817
0.9803921568627451,0.8509803921568627,0.5647058823529412,15.00014710834039,557219
0.9058823529411765,0.2,0.396078431372549,104.00101995116003,3821
0.9176470588235294,0.20392156862745098,0.40784313725490196,126.00123571005926,19020
0.9058823529411765,0.20392156862745098,0.4392156862745098,317.00310888959353,1928
0.9137254901960784,0.20392156862745098,0.4392156862745098,311.0030500462574,19032
0.7058823529411765,0.5843137254901961,0.9098039215686274,72.00070612003387,342647
0.7411764705882353,0.5843137254901961,0.8901960784313725,21.000205951676545,140106
0.7058823529411765,0.6274509803921569,0.8941176470588236,144.00141224006774,177235
0.7372549019607844,0.6196078431372549,0.8980392156862745,101.00099052949196,275664
0.7176470588235294,0.592156862745098,0.9254901960784314,226.00221643232854,342648
0.7215686274509804,0.5882352941176471,0.9450980392156862,10.000098072226926,316116
0.7137254901960784,0.6,0.9450980392156862,77.00075515614733,344577
0.7294117647058823,0.6235294117647059,0.9215686274509803,202.00198105898392,336957
0.8784313725490196,0.7490196078431373,0.2549019607843137,6.000058843336156,369753
0.9686274509803922,0.9529411764705882,0.34509803921568627,52.000509975580016,448938
0.9882352941176471,0.9647058823529412,0.3333333333333333,394.0038640457409,340330
0.9921568627450981,0.9764705882352941,0.33725490196078434,89.00087284281965,322316
0.9647058823529412,0.9568627450980393,0.3568627450980392,29.000284409458086,431874
0.996078431372549,0.9725490196078431,0.3803921568627451,252.00247142011852,324203
0.996078431372549,0.9921568627450981,0.3607843137254902,32.000313831126164,344115
0.23921568627450981,0.4470588235294118,0.7686274509803922,995.0097581865791,443820
0.24705882352941178,0.4470588235294118,0.7686274509803922,3295.032314798772,584095
0.23921568627450981,0.45098039215686275,0.7647058823529411,454.00445247910244,542240
0.24705882352941178,0.45098039215686275,0.7686274509803922,2413.023664828357,562367
0.23921568627450981,0.44313725490196076,0.7725490196078432,3815.0374145545725,558433
0.24705882352941178,0.4470588235294118,0.7764705882352941,1075.0105427643946,570859
0.23921568627450981,0.45098039215686275,0.7764705882352941,649.0063648875275,547000
0.24313725490196078,0.45098039215686275,0.7764705882352941,796.0078065492634,577414
0.396078431372549,0.5254901960784314,0.5647058823529412,48.000470746689246,353690
0.44313725490196076,0.5450980392156862,0.5333333333333333,26.000254987790008,344190
0.4117647058823529,0.5803921568627451,0.5725490196078431,20.000196144453852,450535
0.4823529411764706,0.5686274509803921,0.5176470588235295,26.000254987790008,200160
0.41568627450980394,0.5058823529411764,0.5764705882352941,34.00033344557155,380287
0.4980392156862745,0.5647058823529412,0.6274509803921569,25.000245180567315,315755
0.43137254901960786,0.5764705882352941,0.5882352941176471,15.00014710834039,195417
0.4470588235294118,0.6039215686274509,0.5843137254901961,15.00014710834039,450533
0.4549019607843137,0.3803921568627451,0.6509803921568628,85.00083361392888,52670
0.47058823529411764,0.4,0.6392156862745098,97.00095130060119,35546
0.4666666666666667,0.4196078431372549,0.6627450980392157,31.00030402390347,232416
0.47843137254901963,0.42745098039215684,0.6666666666666666,280.0027460223539,223864
0.4627450980392157,0.39215686274509803,0.6901960784313725,18.000176530008467,33657
0.48627450980392156,0.39215686274509803,0.6705882352941176,35.00034325279424,229602
0.4627450980392157,0.4235294117647059,0.6745098039215687,16.000156915563082,224881
0.4980392156862745,0.43529411764705883,0.6705882352941176,272.0026675645724,232429
0.7568627450980392,0.6941176470588235,0.9803921568627451,157.00153973396274,213029
0.807843137254902,0.7019607843137254,0.9764705882352941,365.0035796362828,299016
0.7803921568627451,0.7529411764705882,0.9607843137254902,82.0008041922608,286756
0.803921568627451,0.7254901960784313,0.9607843137254902,214.0020987456562,322814
0.8117647058823529,0.7490196078431373,0.984313725490196,9.000088265004234,334071
0.3176470588235294,0.5137254901960784,0.8392156862745098,550.005393972481,285985
0.32941176470588235,0.5058823529411764,0.8274509803921568,106.00103956560542,427443
0.3176470588235294,0.5333333333333333,0.8274509803921568,330.00323638348857,171162
0.3411764705882353,0.5294117647058824,0.8352941176470589,181.00177510730737,285116
0.3176470588235294,0.5176470588235295,0.8431372549019608,745.007306380906,270777
0.32941176470588235,0.5176470588235295,0.8431372549019608,136.0013337822862,285002
0.3254901960784314,0.5294117647058824,0.8509803921568627,547.0053645508128,262236
0.32941176470588235,0.5215686274509804,0.8431372549019608,612.0060020202878,260369
0.5098039215686274,0.37254901960784315,0.17647058823529413,161.0015789628535,348234
0.5803921568627451,0.3568627450980392,0.1450980392156863,7.000068650558848,512380
0.5058823529411764,0.37254901960784315,0.24705882352941178,29.000284409458086,608179
0.5647058823529412,0.37254901960784315,0.22745098039215686,3.000029421668078,414476
0.7568627450980392,0.7843137254901961,0.8901960784313725,19.00018633723116,530696
0.796078431372549,0.7607843137254902,0.9098039215686274,10.000098072226926,232192
0.7725490196078432,0.8156862745098039,0.8941176470588236,508.00498206912783,504983
0.803921568627451,0.796078431372549,0.8941176470588236,19.00018633723116,208737
0.7529411764705882,0.7725490196078432,0.9372549019607843,10.000098072226926,606785
0.7843137254901961,0.7568627450980392,0.9411764705882353,44.000431517798475,299821
0.7607843137254902,0.8156862745098039,0.9490196078431372,149.0014612761812,32473
0.7843137254901961,0.8156862745098039,0.9215686274509803,22.000215758899238,513357
0.38823529411764707,0.19607843137254902,0.8549019607843137,93.00091207171042,365530
0.4235294117647059,0.20392156862745098,0.8470588235294118,137.00134358950888,382604
0.396078431372549,0.24705882352941178,0.8313725490196079,24.000235373344623,432041
0.43137254901960786,0.2235294117647059,0.8509803921568627,13.000127493895004,390186
0.403921568627451,0.21176470588235294,0.8705882352941177,89.00087284281965,361735
0.42745098039215684,0.20784313725490197,0.8627450980392157,199.00195163731584,395878
0.3843137254901961,0.24313725490196078,0.8784313725490196,30.00029421668078,301803
0.4235294117647059,0.23137254901960785,0.8705882352941177,196.00192221564777,367422
0.8156862745098039,0.7215686274509804,0.9725490196078431,210.00205951676546,305610
0.8627450980392157,0.7098039215686275,0.9803921568627451,3.000029421668078,100277
0.8352941176470589,0.7372549019607844,0.9568627450980393,413.004050382972,316100
0.8509803921568627,0.7254901960784313,0.9803921568627451,87.00085322837425,221591
0.8392156862745098,0.7490196078431373,0.984313725490196,44.000431517798475,308504
0.8627450980392157,0.7490196078431373,0.984313725490196,21.000205951676545,95505
0.8941176470588236,0.8392156862745098,0.9647058823529412,149.0014612761812,307347
0.9176470588235294,0.8392156862745098,0.9764705882352941,54.0005295900254,305632
0.8980392156862745,0.8745098039215686,0.9529411764705882,56.000549204470786,229339
0.9176470588235294,0.8745098039215686,0.9647058823529412,80.00078457781541,316077
0.9019607843137255,0.8235294117647058,0.984313725490196,185.00181433619812,292347
0.9098039215686274,0.8196078431372549,0.9882352941176471,124.00121609561388,298973
0.9019607843137255,0.8509803921568627,0.9882352941176471,54.0005295900254,348325
0.9176470588235294,0.8549019607843137,0.9882352941176471,72.00070612003387,337878
0.5764705882352941,0.4666666666666667,0.9176470588235294,25.000245180567315,375854
0.6078431372549019,0.4588235294117647,0.9176470588235294,89.00087284281965,358833
0.5647058823529412,0.4745098039215686,0.8941176470588236,14.000137301117697,371103
0.6039215686274509,0.4823529411764706,0.8980392156862745,18.000176530008467,373956
0.5843137254901961,0.4666666666666667,0.9254901960784314,32.000313831126164,365426
0.6196078431372549,0.47058823529411764,0.9372549019607843,492.00482515356475,363556
0.5882352941176471,0.4980392156862745,0.9254901960784314,13.000127493895004,310461
0.6235294117647059,0.4745098039215686,0.9411764705882353,89.00087284281965,314235
0.6705882352941176,0.807843137254902,0.6509803921568628,56.000549204470786,187065
0.7372549019607844,0.8156862745098039,0.6470588235294118,15.00014710834039,413805
0.6470588235294118,0.8666666666666667,0.6509803921568628,13.000127493895004,122405
0.7490196078431373,0.8274509803921568,0.6431372549019608,18.000176530008467,413806
0.6705882352941176,0.8156862745098039,0.7058823529411765,24.000235373344623,198536
0.7215686274509804,0.788235294117647,0.7176470588235294,21.000205951676545,236168
0.6549019607843137,0.8235294117647058,0.7058823529411765,14.000137301117697,156621
0.7137254901960784,0.8392156862745098,0.7254901960784313,32.000313831126164,170886
0.2823529411764706,0.5176470588235295,0.8392156862745098,407.0039915396359,186381
0.30980392156862746,0.5098039215686274,0.8392156862745098,445.0043642140982,296439
0.29411764705882354,0.5294117647058824,0.8352941176470589,487.0047761174513,159789
0.30196078431372547,0.5294117647058824,0.8392156862745098,601.0058941408382,223066
0.2823529411764706,0.5098039215686274,0.8431372549019608,194.00190260120237,370916
0.30980392156862746,0.5098039215686274,0.8509803921568627,328.0032167690432,269895
0.2901960784313726,0.5254901960784314,0.8431372549019608,462.004530936884,165482
0.30980392156862746,0.5215686274509804,0.8470588235294118,149.0014612761812,290818
0.6823529411764706,0.5490196078431373,0.5568627450980392,13.000127493895004,602799
0.7215686274509804,0.5215686274509804,0.5490196078431373,6.000058843336156,277039
0.6588235294117647,0.5882352941176471,0.5607843137254902,17.000166722785774,364031
0.7215686274509804,0.6039215686274509,0.5333333333333333,17.000166722785774,346309
0.6313725490196078,0.5529411764705883,0.5882352941176471,41.0004020961304,364971
0.7294117647058823,0.5372549019607843,0.6274509803921569,3.000029421668078,295014
0.6509803921568628,0.5843137254901961,0.6039215686274509,88.00086303559695,565882
0.6941176470588235,0.6274509803921569,0.6274509803921569,5.000049036113463,366881
0.5215686274509804,0.6627450980392157,0.27450980392156865,29.000284409458086,452436
0.592156862745098,0.6470588235294118,0.27058823529411763,12.000117686672311,185919
0.5490196078431373,0.7529411764705882,0.2980392156862745,45.00044132502117,162336
0.5882352941176471,0.6980392156862745,0.3176470588235294,3.000029421668078,217156
0.5215686274509804,0.6588235294117647,0.33725490196078434,16.000156915563082,236161
0.6078431372549019,0.6862745098039216,0.33725490196078434,7.000068650558848,183069
0.5333333333333333,0.7411764705882353,0.36470588235294116,70.00068650558848,150922
0.5647058823529412,0.7490196078431373,0.3803921568627451,6.000058843336156,166137
0.7137254901960784,0.9098039215686274,0.403921568627451,145.00142204729042,121500
0.7254901960784313,0.9058823529411765,0.41568627450980394,21.000205951676545,112080
0.7058823529411765,0.9137254901960784,0.41568627450980394,8.000078457781541,124332
0.7254901960784313,0.9176470588235294,0.4,226.00221643232854,120553
0.7137254901960784,0.8941176470588236,0.42745098039215684,25.000245180567315,113039
0.7333333333333333,0.9098039215686274,0.4470588235294118,27.0002647950127,111139
0.7137254901960784,0.9137254901960784,0.4235294117647059,48.000470746689246,122440
0.7490196078431373,0.9372549019607843,0.43137254901960786,250.00245180567316,112028
0.9686274509803922,0.9568627450980393,0.47058823529411764,23.00022556612193,417605
0.996078431372549,0.9647058823529412,0.4627450980392157,260.0025498779001,439437
0.9490196078431372,0.9921568627450981,0.47843137254901963,2.0000196144453852,178293
0.996078431372549,0.9882352941176471,0.4666666666666667,80.00078457781541,322294
0.9686274509803922,0.9647058823529412,0.5019607843137255,6.000058843336156,319475
0.996078431372549,0.9686274509803922,0.5019607843137255,246.00241257678238,428064
0.9686274509803922,0.984313725490196,0.49411764705882355,1.0000098072226926,315667
0.996078431372549,0.984313725490196,0.5098039215686274,130.00127493895005,339346
0.1568627450980392,0.4117647058823529,0.7058823529411765,133.00130436061812,12014
0.1843137254901961,0.4196078431372549,0.7137254901960784,21.000205951676545,312852
0.16862745098039217,0.42745098039215684,0.7137254901960784,3.000029421668078,14945
0.17647058823529413,0.4392156862745098,0.7019607843137254,19.00018633723116,146662
0.1607843137254902,0.41568627450980394,0.7294117647058823,2537.024880923971,50898
0.17647058823529413,0.4235294117647059,0.7176470588235294,38.00037267446232,50774
0.16470588235294117,0.42745098039215684,0.7176470588235294,127.00124551728196,20442
0.17254901960784313,0.43137254901960786,0.7215686274509804,112.00109840894157,27012
0.6509803921568628,0.15294117647058825,0.5725490196078431,21.000205951676545,497824
0.6431372549019608,0.24313725490196078,0.5176470588235295,1.0000098072226926,153495
0.6901960784313725,0.25098039215686274,0.5137254901960784,3.000029421668078,154445
0.6588235294117647,0.1607843137254902,0.6078431372549019,148.00145146895852,506355
0.6901960784313725,0.16470588235294117,0.596078431372549,9.000088265004234,523461
0.6588235294117647,0.23529411764705882,0.5764705882352941,3.000029421668078,150642
0.7333333333333333,0.22745098039215686,0.611764705882353,1.0000098072226926,16229
0.9098039215686274,0.8823529411764706,0.2901960784313726,1.0000098072226926,465090
0.8823529411764706,0.8941176470588236,0.3176470588235294,38.00037267446232,437584
0.9137254901960784,0.9058823529411765,0.30196078431372547,596.0058451047248,440430
0.9254901960784314,0.9254901960784314,0.3058823529411765,107.0010493728281,392597
0.6470588235294118,0.5333333333333333,0.792156862745098,14.000137301117697,144952
0.6862745098039216,0.5215686274509804,0.7647058823529411,8.000078457781541,245486
0.6313725490196078,0.5490196078431373,0.7725490196078432,7.000068650558848,379488
0.6784313725490196,0.5647058823529412,0.7843137254901961,15.00014710834039,240749
0.6274509803921569,0.5176470588235295,0.8117647058823529,61.00059824058425,311635
0.6627450980392157,0.5098039215686274,0.803921568627451,594.0058254902794,162933
0.6352941176470588,0.5411764705882353,0.8196078431372549,15.00014710834039,312582
0.6627450980392157,0.5490196078431373,0.8196078431372549,26.000254987790008,170516
0.2235294117647059,0.44313725490196076,0.7803921568627451,1159.0113665711008,492970
0.22745098039215686,0.4470588235294118,0.7843137254901961,3873.0379833734887,480628
0.2235294117647059,0.45098039215686275,0.7843137254901961,911.0089343798729,475762
0.23137254901960785,0.45098039215686275,0.7843137254901961,872.008551898188,424930
0.2235294117647059,0.4470588235294118,0.792156862745098,737.0072279231244,445440
0.23137254901960785,0.4470588235294118,0.788235294117647,243.0023831551143,538511
0.2196078431372549,0.4549019607843137,0.792156862745098,1347.013210328967,435010
0.23137254901960785,0.45098039215686275,0.788235294117647,2663.0261166340306,488125
0.23137254901960785,0.4196078431372549,0.7647058823529411,5.000049036113463,306234
0.24313725490196078,0.41568627450980394,0.7647058823529411,12.000117686672311,468440
0.23137254901960785,0.4392156862745098,0.7725490196078432,1501.0147206412616,540536
0.24313725490196078,0.4392156862745098,0.7647058823529411,639.0062668153006,567147
0.2235294117647059,0.4196078431372549,0.792156862745098,1.0000098072226926,373700
0.24313725490196078,0.4196078431372549,0.7803921568627451,5.000049036113463,225457
0.2235294117647059,0.4392156862745098,0.7803921568627451,701.0068748631076,517703
0.24313725490196078,0.43529411764705883,0.788235294117647,80.00078457781541,385835
0.2549019607843137,0.5098039215686274,0.8274509803921568,1307.0128180400593,180712
0.27058823529411763,0.5137254901960784,0.8392156862745098,1030.0101014393733,220232
0.2549019607843137,0.5215686274509804,0.8313725490196079,43.00042171057578,151322
0.26666666666666666,0.5215686274509804,0.8274509803921568,222.00217720343775,114247
0.2627450980392157,0.5176470588235295,0.8470588235294118,68.0006668911431,217379
0.27450980392156865,0.5176470588235295,0.8431372549019608,195.00191240842506,174044
0.2549019607843137,0.5333333333333333,0.8431372549019608,13.000127493895004,139338
0.27450980392156865,0.5215686274509804,0.8549019607843137,57.00055901169348,188332
0.6313725490196078,0.5568627450980392,0.18823529411764706,7.000068650558848,486010
0.7176470588235294,0.5137254901960784,0.19607843137254902,79.00077477059271,249491
0.6392156862745098,0.6196078431372549,0.19607843137254902,11.000107879449619,187815
0.7372549019607844,0.5725490196078431,0.18823529411764706,2.0000196144453852,374490
0.6588235294117647,0.5058823529411764,0.23921568627450981,6.000058843336156,377345
0.7490196078431373,0.5254901960784314,0.22745098039215686,62.00060804780694,242848
0.6666666666666666,0.6,0.2,9.000088265004234,485060
0.7411764705882353,0.5803921568627451,0.20784313725490197,7.000068650558848,379248
0.0,0.043137254901960784,0.47058823529411764,339.0033246484928,493144
0.043137254901960784,0.054901960784313725,0.47843137254901963,35.00034325279424,487423
0.0,0.047058823529411764,0.49019607843137253,249.00244199845045,491249
0.054901960784313725,0.054901960784313725,0.5098039215686274,101.00099052949196,45278
0.403921568627451,0.2823529411764706,0.5294117647058824,79.00077477059271,162817
0.4196078431372549,0.2823529411764706,0.5176470588235295,13.000127493895004,487914
0.4,0.29411764705882354,0.5333333333333333,158.00154954118543,161870
0.41568627450980394,0.2901960784313726,0.5294117647058824,44.000431517798475,170422
0.4,0.2549019607843137,0.5647058823529412,137.00134358950888,357234
0.4235294117647059,0.27058823529411763,0.5647058823529412,101.00099052949196,373394
0.396078431372549,0.3137254901960784,0.5450980392156862,87.00085322837425,233967
0.40784313725490196,0.30196078431372547,0.5529411764705883,99.00097091504657,154269
0.9411764705882353,0.7098039215686275,0.41568627450980394,50.00049036113463,583801
0.9607843137254902,0.7490196078431373,0.4117647058823529,377.00369732295513,590526
0.9490196078431372,0.7176470588235294,0.43529411764705883,28.000274602235393,581900
0.9529411764705882,0.7529411764705882,0.43529411764705883,263.00257929956814,585806
0.9098039215686274,0.9215686274509803,0.9568627450980393,176.0017260711939,428891
0.9294117647058824,0.9176470588235294,0.9647058823529412,19.00018633723116,428854
0.9137254901960784,0.9333333333333333,0.9568627450980393,1560.0152992674005,452803
0.9254901960784314,0.9411764705882353,0.9647058823529412,618.006060863624,391981
0.9176470588235294,0.9254901960784314,0.9686274509803922,40.000392288907705,426956
0.9254901960784314,0.9254901960784314,0.9686274509803922,20.000196144453852,428857
0.9098039215686274,0.9372549019607843,0.9803921568627451,192.00188298675698,52397
0.9294117647058824,0.9411764705882353,0.9686274509803922,243.0023831551143,438404
0.4627450980392157,0.40784313725490196,0.4666666666666667,88.00086303559695,402010
0.4745098039215686,0.403921568627451,0.47058823529411764,100.00098072226926,393453
0.4666666666666667,0.4117647058823529,0.4627450980392157,19.00018633723116,405808
0.49411764705882355,0.41568627450980394,0.4745098039215686,133.00130436061812,387751
0.4470588235294118,0.3843137254901961,0.4823529411764706,1.0000098072226926,423104
0.4627450980392157,0.41568627450980394,0.4980392156862745,111.00108860171888,394419
0.47843137254901963,0.43529411764705883,0.49411764705882355,265.00259891401356,404868
0.9098039215686274,0.9490196078431372,0.996078431372549,753.0073848386876,208042
0.9254901960784314,0.9568627450980393,0.9882352941176471,263.00257929956814,12263
0.9137254901960784,0.9725490196078431,0.996078431372549,720.0070612003387,50621
0.9333333333333333,0.9686274509803922,0.984313725490196,1091.0106996799577,249783
0.9372549019607843,0.9725490196078431,1.0,12.000117686672311,12135
0.9490196078431372,0.9568627450980393,0.5411764705882353,16.000156915563082,415707
0.9921568627450981,0.9568627450980393,0.5294117647058824,266.00260872123624,343138
0.9607843137254902,0.9921568627450981,0.5372549019607843,1.0000098072226926,178294
1.0,0.9803921568627451,0.5333333333333333,136.0013337822862,337449
0.9568627450980393,0.9490196078431372,0.5725490196078431,15.00014710834039,420473
1.0,0.9725490196078431,0.5686274509803921,71.00069631281117,335545
0.9607843137254902,0.9764705882352941,0.5490196078431373,4.0000392288907705,320427
1.0,0.984313725490196,0.5607843137254902,199.00195163731584,338409
0.6588235294117647,0.42745098039215684,0.3176470588235294,13.000127493895004,601994
0.7137254901960784,0.42745098039215684,0.27058823529411763,3.000029421668078,598193
0.6784313725490196,0.4588235294117647,0.2627450980392157,66.00064727669772,339667
0.7450980392156863,0.4823529411764706,0.30980392156862746,33.00032363834886,584889
0.6392156862745098,0.4235294117647059,0.3843137254901961,11.000107879449619,243815
0.7254901960784313,0.4196078431372549,0.34509803921568627,2.0000196144453852,275147
0.6313725490196078,0.4470588235294118,0.33725490196078434,33.00032363834886,238111
0.7372549019607844,0.4823529411764706,0.3254901960784314,14.000137301117697,258064
0.21568627450980393,0.11764705882352941,0.7843137254901961,111.00108860171888,289446
0.23921568627450981,0.12156862745098039,0.788235294117647,487.0047761174513,357012
0.20784313725490197,0.11764705882352941,0.8,41.0004020961304,287550
0.24313725490196078,0.12156862745098039,0.796078431372549,46.00045113224386,279947
0.5843137254901961,0.4588235294117647,0.7725490196078432,154.00151031229467,287053
0.6196078431372549,0.45098039215686275,0.7843137254901961,109.0010689872735,425651
0.592156862745098,0.48627450980392156,0.792156862745098,46.00045113224386,284209
0.611764705882353,0.4980392156862745,0.7843137254901961,54.0005295900254,280405
0.5647058823529412,0.47058823529411764,0.8,56.000549204470786,297527
0.6078431372549019,0.4666666666666667,0.8,15.00014710834039,292742
0.5725490196078431,0.48627450980392156,0.8156862745098039,169.00165742063504,295631
0.615686274509804,0.48627450980392156,0.8156862745098039,74.00072573447926,295635
0.13333333333333333,0.054901960784313725,0.4666666666666667,207.00203009509738,86780
0.16862745098039217,0.06274509803921569,0.47058823529411764,9.000088265004234,12847
0.13333333333333333,0.058823529411764705,0.4823529411764706,434.0042563346486,95341
0.1568627450980392,0.058823529411764705,0.5098039215686274,27.0002647950127,454758
0.9686274509803922,0.8862745098039215,0.9725490196078431,81.0007943850381,123096
0.9803921568627451,0.9098039215686274,0.9803921568627451,3.000029421668078,121195
0.9647058823529412,0.9372549019607843,0.9686274509803922,98.00096110782388,303839
0.9882352941176471,0.9372549019607843,0.9764705882352941,20.000196144453852,135434
0.9607843137254902,0.8862745098039215,0.9921568627450981,67.0006570839204,312294
0.9764705882352941,0.8823529411764706,0.9921568627450981,104.00101995116003,127846
0.9490196078431372,0.9372549019607843,0.9882352941176471,104.00101995116003,298870
0.9882352941176471,0.9294117647058824,0.984313725490196,195.00191240842506,124043
0.26666666666666666,0.40784313725490196,0.7725490196078432,17.000166722785774,469388
0.2823529411764706,0.40784313725490196,0.7725490196078432,17.000166722785774,470332
0.26666666666666666,0.4392156862745098,0.7764705882352941,342.00335407016087,494183
0.2823529411764706,0.43529411764705883,0.7647058823529411,129.00126513172734,521641
0.2549019607843137,0.38823529411764707,0.807843137254902,9.000088265004234,478907
0.30196078431372547,0.40784313725490196,0.807843137254902,11.000107879449619,386030
0.26666666666666666,0.4392156862745098,0.8117647058823529,107.0010493728281,461838
0.2901960784313726,0.4117647058823529,0.803921568627451,36.000353060016934,383192
0.6980392156862745,0.5764705882352941,0.9529411764705882,267.0026185284589,346481
0.7372549019607844,0.596078431372549,0.9607843137254902,130.00127493895005,298087
0.6941176470588235,0.6235294117647059,0.9568627450980393,46.00045113224386,303806
0.7450980392156863,0.615686274509804,0.9647058823529412,219.00214778176968,253321
0.027450980392156862,0.03137254901960784,0.39215686274509803,101.00099052949196,112451
0.0392156862745098,0.03137254901960784,0.396078431372549,9.000088265004234,369209
0.0,0.0392156862745098,0.4117647058823529,210.00205951676546,500729
0.054901960784313725,0.03529411764705882,0.4,44.000431517798475,112448
0.0,0.043137254901960784,0.4392156862745098,251.00246161289584,497883
0.058823529411764705,0.043137254901960784,0.42745098039215684,46.00045113224386,105802
0.6313725490196078,0.5176470588235295,0.8392156862745098,164.0016083845216,295638
0.6784313725490196,0.5294117647058824,0.8352941176470589,220.00215758899236,134455
0.6274509803921569,0.5607843137254902,0.8313725490196079,71.00069631281117,240993
0.6862745098039216,0.5372549019607843,0.8352941176470589,52.000509975580016,135424
0.6352941176470588,0.5333333333333333,0.8823529411764706,22.000215758899238,486947
0.6862745098039216,0.5058823529411764,0.8862745098039215,10.000098072226926,262815
0.6313725490196078,0.5568627450980392,0.8705882352941177,85.00083361392888,320000
0.6588235294117647,0.5411764705882353,0.8666666666666667,34.00033344557155,279477
0.9411764705882353,0.7137254901960784,0.34509803921568627,87.00085322837425,588558
0.9411764705882353,0.7254901960784313,0.34901960784313724,2.0000196144453852,589545
0.9411764705882353,0.7137254901960784,0.37254901960784315,258.0025302634547,593367
0.9450980392156862,0.7411764705882353,0.3803921568627451,309.003030431812,582886
0.7019607843137254,0.44313725490196076,0.15294117647058825,104.00101995116003,399288
0.7215686274509804,0.4588235294117647,0.1568627450980392,111.00108860171888,396440
0.7098039215686275,0.4823529411764706,0.16470588235294117,88.00086303559695,262800
0.7333333333333333,0.4745098039215686,0.16470588235294117,18.000176530008467,395499
0.7058823529411765,0.4666666666666667,0.17254901960784313,31.00030402390347,253312
0.7450980392156863,0.47058823529411764,0.16862745098039217,14.000137301117697,413603
0.7098039215686275,0.49411764705882355,0.18823529411764706,103.00101014393734,400319
0.7372549019607844,0.49019607843137253,0.17254901960784313,183.00179472175276,269442
0.6549019607843137,0.5137254901960784,0.9568627450980393,97.00095130060119,357861
0.6862745098039216,0.5294117647058824,0.9725490196078431,293.00287351624894,307609
0.6392156862745098,0.5568627450980392,0.9725490196078431,19.00018633723116,367021
0.6705882352941176,0.5411764705882353,0.9607843137254902,242.00237334789162,354063
0.8352941176470589,0.984313725490196,0.5803921568627451,34.00033344557155,111961
0.8705882352941177,0.9921568627450981,0.6,460.0045113224386,107215
0.8156862745098039,0.9764705882352941,0.6078431372549019,7.000068650558848,112908
0.8705882352941177,0.9921568627450981,0.611764705882353,148.00145146895852,107211
0.6901960784313725,0.6392156862745098,0.9098039215686274,136.0013337822862,378700
0.7450980392156863,0.6431372549019608,0.9019607843137255,68.0006668911431,332189
0.7098039215686275,0.6823529411764706,0.9176470588235294,27.0002647950127,263571
0.7333333333333333,0.6705882352941176,0.9176470588235294,24.000235373344623,329470
0.7098039215686275,0.6549019607843137,0.9294117647058824,79.00077477059271,311451
0.7411764705882353,0.6431372549019608,0.9294117647058824,119.00116705950042,291432
0.7176470588235294,0.6627450980392157,0.9333333333333333,29.000284409458086,310501
0.7490196078431373,0.6901960784313725,0.9333333333333333,157.00153973396274,319034
0.5254901960784314,0.6941176470588235,0.9137254901960784,10.000098072226926,314982
0.5568627450980392,0.6980392156862745,0.9019607843137255,186.00182414342083,397609
0.5529411764705883,0.7294117647058823,0.9176470588235294,3.000029421668078,418208
0.5254901960784314,0.6980392156862745,0.9254901960784314,29.000284409458086,249612
0.5607843137254902,0.6941176470588235,0.9372549019607843,406.0039817324132,148294
0.5254901960784314,0.7372549019607844,0.9294117647058824,1.0000098072226926,180095
0.5490196078431373,0.7254901960784313,0.9294117647058824,1.0000098072226926,191580
0.1803921568627451,0.4588235294117647,0.7803921568627451,2714.0266168023877,131823
0.1843137254901961,0.4666666666666667,0.7843137254901961,1142.011199848315,153609
0.1803921568627451,0.4627450980392157,0.788235294117647,4543.044554212693,210404
0.1843137254901961,0.47058823529411764,0.792156862745098,1717.0168390013632,213235
0.5725490196078431,0.7764705882352941,0.28627450980392155,130.00127493895005,192844
0.596078431372549,0.7843137254901961,0.27058823529411763,1.0000098072226926,175678
0.5843137254901961,0.8,0.2901960784313726,174.0017064567485,189945
0.596078431372549,0.788235294117647,0.27450980392156865,133.00130436061812,176623
0.5764705882352941,0.7803921568627451,0.3058823529411765,47.00046093946655,193790
0.5843137254901961,0.796078431372549,0.30196078431372547,68.0006668911431,190897
0.6196078431372549,0.807843137254902,0.30980392156862746,70.00068650558848,185186
0.5176470588235295,0.4627450980392157,0.5372549019607843,116.00113763783234,383979
0.5333333333333333,0.44313725490196076,0.5254901960784314,31.00030402390347,411517
0.5215686274509804,0.48627450980392156,0.5411764705882353,96.00094149337849,403934
0.5333333333333333,0.4980392156862745,0.5176470588235295,75.00073554170194,389687
0.5098039215686274,0.47058823529411764,0.5568627450980392,15.00014710834039,398228
0.5333333333333333,0.47058823529411764,0.5490196078431373,4.0000392288907705,381135
0.5019607843137255,0.4745098039215686,0.5490196078431373,159.00155934840814,396336
0.5450980392156862,0.49411764705882355,0.5725490196078431,125.00122590283658,380180
0.38823529411764707,0.3333333333333333,0.7294117647058823,42.00041190335309,211595
0.42745098039215684,0.3215686274509804,0.7254901960784313,50.00049036113463,336153
0.38823529411764707,0.3764705882352941,0.7254901960784313,22.000215758899238,529156
0.40784313725490196,0.3607843137254902,0.7176470588235294,15.00014710834039,213489
0.4,0.3333333333333333,0.7411764705882353,92.00090226448772,327638
0.4117647058823529,0.3254901960784314,0.7529411764705882,342.00335407016087,333333
0.3764705882352941,0.35294117647058826,0.7450980392156863,24.000235373344623,504479
0.4117647058823529,0.3568627450980392,0.7372549019607844,29.000284409458086,517774
0.9686274509803922,0.9450980392156862,0.40784313725490196,26.000254987790008,433770
0.996078431372549,0.9686274509803922,0.39215686274509803,236.00231450455544,330835
1.0,0.984313725490196,0.41568627450980394,40.000392288907705,344111
0.9686274509803922,0.9450980392156862,0.4235294117647059,7.000068650558848,433769
1.0,0.9686274509803922,0.4235294117647059,234.00229489011008,347896
0.9411764705882353,0.9921568627450981,0.4470588235294118,3.000029421668078,179244
0.996078431372549,0.9764705882352941,0.4392156862745098,65.00063746947502,337471
0.1803921568627451,0.4588235294117647,0.796078431372549,6606.064786513108,222758
0.1843137254901961,0.47058823529411764,0.8,2336.02290967221,259716
0.17647058823529413,0.4588235294117647,0.807843137254902,3.000029421668078,182020
0.1843137254901961,0.4588235294117647,0.803921568627451,261.0025596851228,277842
0.1843137254901961,0.47058823529411764,0.807843137254902,549.0053841652582,307282
0.9647058823529412,0.9725490196078431,0.6666666666666666,9.000088265004234,408869
0.9882352941176471,0.9725490196078431,0.6588235294117647,51.00050016835732,309957
0.9686274509803922,0.984313725490196,0.6666666666666666,4.0000392288907705,327945
1.0,0.9882352941176471,0.6470588235294118,155.00152011951735,327959
0.9686274509803922,0.9686274509803922,0.6823529411764706,4.0000392288907705,408870
0.9921568627450981,0.9568627450980393,0.6705882352941176,22.000215758899238,406970
0.9529411764705882,0.9921568627450981,0.6980392156862745,134.0013141678408,73087
1.0,0.9882352941176471,0.6784313725490196,228.00223604677393,321322
0.3176470588235294,0.47843137254901963,0.7764705882352941,109.0010689872735,508939
0.3411764705882353,0.47843137254901963,0.7764705882352941,30.00029421668078,496966
0.3137254901960784,0.49019607843137253,0.7725490196078432,738.0072377303471,611346
0.32941176470588235,0.5019607843137255,0.7764705882352941,298.0029225523624,572244
0.3254901960784314,0.48627450980392156,0.7843137254901961,99.00097091504657,550368
0.33725490196078434,0.4745098039215686,0.792156862745098,12.000117686672311,308808
0.3176470588235294,0.49019607843137253,0.7843137254901961,810.007943850381,607390
0.3333333333333333,0.5019607843137255,0.788235294117647,320.00313831126164,596933
0.9607843137254902,0.8470588235294118,0.6431372549019608,12.000117686672311,550564
0.9725490196078431,0.8392156862745098,0.6392156862745098,10.000098072226926,399349
0.9686274509803922,0.8784313725490196,0.6666666666666666,64.00062766225233,564870
0.984313725490196,0.8784313725490196,0.6431372549019608,460.0045113224386,540152
0.9607843137254902,0.8431372549019608,0.6705882352941176,14.000137301117697,531634
0.9725490196078431,0.8235294117647058,0.6941176470588235,2.0000196144453852,398398
0.9529411764705882,0.8705882352941177,0.6862745098039216,26.000254987790008,532536
0.9725490196078431,0.8745098039215686,0.6745098039215687,14.000137301117697,542025
0.14901960784313725,0.2901960784313726,0.5294117647058824,12.000117686672311,40405
0.19607843137254902,0.2549019607843137,0.5333333333333333,23.00022556612193,87704
0.17254901960784313,0.3215686274509804,0.5333333333333333,2.0000196144453852,401018
0.21568627450980393,0.3411764705882353,0.5686274509803921,24.000235373344623,570007
0.1450980392156863,0.2549019607843137,0.6196078431372549,25.000245180567315,119081
0.23529411764705882,0.29411764705882354,0.611764705882353,18.000176530008467,65023
0.17254901960784313,0.35294117647058826,0.6274509803921569,10.000098072226926,289056
0.2,0.3411764705882353,0.611764705882353,35.00034325279424,109615
0.8196078431372549,0.7803921568627451,0.27058823529411763,65.00063746947502,325236
0.8470588235294118,0.7725490196078432,0.27058823529411763,17.000166722785774,333786
0.8392156862745098,0.788235294117647,0.2627450980392157,289.00283428735816,326195
0.8470588235294118,0.796078431372549,0.26666666666666666,159.00155934840814,326192
0.8313725490196079,0.7725490196078432,0.2980392156862745,10.000098072226926,325253
0.8470588235294118,0.7764705882352941,0.3137254901960784,2.0000196144453852,431678
0.8352941176470589,0.796078431372549,0.2980392156862745,29.000284409458086,330928
0.8705882352941177,0.792156862745098,0.30196078431372547,25.000245180567315,333785
0.25882352941176473,0.4823529411764706,0.8274509803921568,370.00362867239625,299349
0.27058823529411763,0.48627450980392156,0.8274509803921568,285.00279505846737,286969
0.25098039215686274,0.49411764705882355,0.8274509803921568,1173.0115038722183,229156
0.2784313725490196,0.49019607843137253,0.8352941176470589,449.004403442989,283173
0.25882352941176473,0.4745098039215686,0.8509803921568627,18.000176530008467,437319
0.26666666666666666,0.48627450980392156,0.8431372549019608,13.000127493895004,243413
0.25098039215686274,0.49411764705882355,0.8509803921568627,44.000431517798475,171634
0.26666666666666666,0.4980392156862745,0.8431372549019608,30.00029421668078,353865
0.3176470588235294,0.043137254901960784,0.023529411764705882,378.0037071301778,535024
0.35294117647058826,0.050980392156862744,0.027450980392156862,115.00112783060965,523640
0.33725490196078434,0.047058823529411764,0.047058823529411764,42.00041190335309,522686
0.34901960784313724,0.050980392156862744,0.058823529411764705,52.000509975580016,527442
0.7803921568627451,0.8823529411764706,0.9803921568627451,15.00014710834039,352948
0.8,0.8901960784313725,0.9803921568627451,245.0024027695597,154027
0.807843137254902,0.9176470588235294,0.9725490196078431,1.0000098072226926,155667
0.7764705882352941,0.8862745098039215,0.9882352941176471,22.000215758899238,184403
0.807843137254902,0.8823529411764706,0.9882352941176471,298.0029225523624,166121
0.8117647058823529,0.9215686274509803,0.9921568627450981,1.0000098072226926,104643
0.6274509803921569,0.7803921568627451,0.5490196078431373,62.00060804780694,163279
0.7137254901960784,0.8,0.5137254901960784,11.000107879449619,223784
0.6549019607843137,0.8431372549019608,0.5294117647058824,11.000107879449619,172791
0.7176470588235294,0.8235294117647058,0.5137254901960784,3.000029421668078,327120
0.6627450980392157,0.807843137254902,0.5882352941176471,36.000353060016934,185160
0.7450980392156863,0.788235294117647,0.6352941176470588,7.000068650558848,386917
0.6705882352941176,0.8196078431372549,0.6078431372549019,10.000098072226926,181353
0.7176470588235294,0.8274509803921568,0.592156862745098,5.000049036113463,220936
0.5058823529411764,0.5843137254901961,0.1803921568627451,269.0026381429043,471448
0.5529411764705883,0.592156862745098,0.1803921568627451,66.00064727669772,456224
0.5058823529411764,0.6196078431372549,0.18823529411764706,97.00095130060119,470506
0.5607843137254902,0.6196078431372549,0.19215686274509805,142.00139262562234,460994
0.07058823529411765,0.054901960784313725,0.4745098039215686,61.00059824058425,487420
0.11764705882352941,0.050980392156862744,0.4588235294117647,107.0010493728281,99141
0.08235294117647059,0.058823529411764705,0.4823529411764706,106.00103956560542,34714
0.09411764705882353,0.054901960784313725,0.49411764705882355,294.0028833234716,39547
0.4392156862745098,0.5098039215686274,0.15294117647058825,254.00249103456392,482843
0.47843137254901963,0.5294117647058824,0.1607843137254902,25.000245180567315,463821
0.4666666666666667,0.5450980392156862,0.1607843137254902,94.0009218789331,481904
0.47058823529411764,0.5490196078431373,0.16470588235294117,116.00113763783234,476196
0.45098039215686275,0.5333333333333333,0.1803921568627451,3.000029421668078,464756
0.4470588235294118,0.5607843137254902,0.17254901960784313,11.000107879449619,241841
0.4980392156862745,0.5607843137254902,0.16862745098039217,65.00063746947502,459064
0.5176470588235295,0.6392156862745098,0.792156862745098,14.000137301117697,579011
0.5529411764705883,0.6392156862745098,0.792156862745098,32.000313831126164,553339
0.5019607843137255,0.6823529411764706,0.7686274509803922,7.000068650558848,79656
0.5529411764705883,0.6627450980392157,0.7843137254901961,3.000029421668078,481179
0.5215686274509804,0.6352941176470588,0.8117647058823529,195.00191240842506,521126
0.5411764705882353,0.6470588235294118,0.8,257.002520456232,586555
0.5176470588235295,0.6666666666666666,0.8196078431372549,7.000068650558848,310237
0.5607843137254902,0.6666666666666666,0.8235294117647058,52.000509975580016,575132
0.807843137254902,0.7686274509803922,0.6549019607843137,8.000078457781541,542109
0.8745098039215686,0.7803921568627451,0.6549019607843137,14.000137301117697,541157
0.7725490196078432,0.8431372549019608,0.6705882352941176,17.000166722785774,413808
0.8313725490196079,0.8745098039215686,0.6392156862745098,11.000107879449619,414752
0.8117647058823529,0.7725490196078432,0.7411764705882353,18.000176530008467,525908
0.8588235294117647,0.7843137254901961,0.7529411764705882,24.000235373344623,391753
0.7725490196078432,0.8235294117647058,0.7372549019607844,25.000245180567315,454628
0.8705882352941177,0.8196078431372549,0.7019607843137254,23.00022556612193,400296
0.2627450980392157,0.5098039215686274,0.807843137254902,178.0017456856393,128545
0.27450980392156865,0.5058823529411764,0.8,158.00154954118543,319488
0.25882352941176473,0.5254901960784314,0.807843137254902,43.00042171057578,45901
0.27058823529411763,0.5215686274509804,0.807843137254902,56.000549204470786,143728
0.25882352941176473,0.5058823529411764,0.8156862745098039,1075.0105427643946,200275
0.2784313725490196,0.5058823529411764,0.8235294117647058,519.0050899485775,78675
0.2627450980392157,0.5254901960784314,0.8235294117647058,62.00060804780694,316807
0.2784313725490196,0.5215686274509804,0.8117647058823529,148.00145146895852,119929
0.3215686274509804,0.12549019607843137,0.7686274509803922,510.00500168357325,250081
0.3568627450980392,0.12549019607843137,0.7686274509803922,45.00044132502117,430997
0.3137254901960784,0.12549019607843137,0.8,2.0000196144453852,295136
0.3058823529411765,0.5215686274509804,0.5450980392156862,15.00014710834039,170709
0.3411764705882353,0.5176470588235295,0.5725490196078431,39.00038248168501,338547
0.3058823529411765,0.5803921568627451,0.5333333333333333,1.0000098072226926,224765
0.34901960784313724,0.5725490196078431,0.5490196078431373,5.000049036113463,220013
0.29411764705882354,0.5098039215686274,0.5843137254901961,29.000284409458086,178285
0.32941176470588235,0.5411764705882353,0.5764705882352941,43.00042171057578,226631
0.3568627450980392,0.5725490196078431,0.5882352941176471,7.000068650558848,233314
0.39215686274509803,0.3333333333333333,0.5215686274509804,9.000088265004234,55482
0.4196078431372549,0.3176470588235294,0.5372549019607843,33.00032363834886,51683
0.39215686274509803,0.3568627450980392,0.5176470588235295,3.000029421668078,416376
0.396078431372549,0.3176470588235294,0.5607843137254902,128.00125532450465,234922
0.4117647058823529,0.32941176470588235,0.5647058823529412,365.0035796362828,246325
0.3764705882352941,0.3568627450980392,0.5647058823529412,3.000029421668078,63090
0.4196078431372549,0.35294117647058826,0.5725490196078431,12.000117686672311,247279
0.5098039215686274,0.596078431372549,0.8431372549019608,26.000254987790008,54925
0.5490196078431373,0.5686274509803921,0.8470588235294118,15.00014710834039,291788
0.5176470588235295,0.611764705882353,0.8549019607843137,240.00235373344623,82924
0.5529411764705883,0.6274509803921569,0.8509803921568627,22.000215758899238,552294
0.5176470588235295,0.592156862745098,0.8627450980392157,23.00022556612193,395238
0.5490196078431373,0.5686274509803921,0.8705882352941177,18.000176530008467,273773
0.5137254901960784,0.6039215686274509,0.8705882352941177,173.00169664952583,27689
0.5568627450980392,0.611764705882353,0.8627450980392157,33.00032363834886,205802
0.03137254901960784,0.17254901960784313,0.5333333333333333,5.000049036113463,48140
0.07450980392156863,0.1607843137254902,0.5411764705882353,48.000470746689246,103912
0.09411764705882353,0.2,0.5607843137254902,15.00014710834039,11890
0.050980392156862744,0.14901960784313725,0.596078431372549,4.0000392288907705,479856
0.11764705882352941,0.17254901960784313,0.592156862745098,35.00034325279424,44295
0.054901960784313725,0.20392156862745098,0.592156862745098,1.0000098072226926,45290
0.09411764705882353,0.24313725490196078,0.6235294117647059,29.000284409458086,41443
0.2627450980392157,0.10588235294117647,0.5450980392156862,6.000058843336156,234896
0.34509803921568627,0.12549019607843137,0.5647058823529412,2.0000196144453852,274203
0.2549019607843137,0.11764705882352941,0.6235294117647059,126.00123571005926,446196
0.3137254901960784,0.10588235294117647,0.6313725490196078,3.000029421668078,277829
0.7058823529411765,0.8313725490196079,0.8901960784313725,10.000098072226926,374809
0.7372549019607844,0.8235294117647058,0.9137254901960784,129.00126513172734,508918
0.7490196078431373,0.8588235294117647,0.8901960784313725,10.000098072226926,371008
0.7019607843137254,0.8196078431372549,0.9294117647058824,38.00037267446232,207156
0.7450980392156863,0.8274509803921568,0.9450980392156862,346.00339329905165,271831
0.7490196078431373,0.8509803921568627,0.9490196078431372,13.000127493895004,251519
0.9490196078431372,0.9490196078431372,0.5764705882352941,16.000156915563082,437530
1.0,0.9725490196078431,0.596078431372549,112.00109840894157,325125
0.9686274509803922,0.9882352941176471,0.5843137254901961,5.000049036113463,420443
0.996078431372549,0.9803921568627451,0.592156862745098,141.00138281839966,315645
0.9450980392156862,0.9529411764705882,0.6235294117647059,19.00018633723116,312888
1.0,0.9686274509803922,0.6078431372549019,57.00055901169348,311859
0.9647058823529412,0.9803921568627451,0.6313725490196078,5.000049036113463,404125
0.996078431372549,0.9764705882352941,0.611764705882353,191.0018731795343,313747
0.19215686274509805,0.27058823529411763,0.058823529411764705,23.00022556612193,499009
0.21568627450980393,0.3137254901960784,0.15294117647058825,11.000107879449619,499963
0.0,0.00392156862745098,0.16862745098039217,36.000353060016934,39457
0.0784313725490196,0.03137254901960784,0.19607843137254902,3.000029421668078,385755
0.011764705882352941,0.06666666666666667,0.1450980392156863,3.000029421668078,468068
0.11372549019607843,0.07450980392156863,0.18823529411764706,5.000049036113463,119982
0.050980392156862744,0.027450980392156862,0.2549019607843137,71.00069631281117,462362
0.12156862745098039,0.047058823529411764,0.25882352941176473,2.0000196144453852,8028
0.043137254901960784,0.08235294117647059,0.23921568627450981,4.0000392288907705,40406
0.10588235294117647,0.10196078431372549,0.21568627450980393,12.000117686672311,326474
0.4117647058823529,0.5529411764705883,0.4235294117647059,11.000107879449619,460008
0.4470588235294118,0.5568627450980392,0.4392156862745098,8.000078457781541,192569
0.43529411764705883,0.611764705882353,0.4470588235294118,9.000088265004234,173563
0.4823529411764706,0.596078431372549,0.4117647058823529,29.000284409458086,454316
0.396078431372549,0.5411764705882353,0.4549019607843137,23.00022556612193,490467
0.4588235294117647,0.5568627450980392,0.47058823529411764,6.000058843336156,460055
0.43529411764705883,0.5686274509803921,0.4745098039215686,22.000215758899238,329056
0.4470588235294118,0.6039215686274509,0.4666666666666667,28.000274602235393,451473
0.25098039215686274,0.4745098039215686,0.7764705882352941,118.00115725227772,408570
0.27058823529411763,0.4745098039215686,0.7686274509803922,624.0061197069601,576369
0.25098039215686274,0.49019607843137253,0.7764705882352941,41.0004020961304,178376
0.27058823529411763,0.49411764705882355,0.7764705882352941,53.00051978280271,439229
0.2627450980392157,0.4745098039215686,0.7843137254901961,275.0026969862405,507052
0.2784313725490196,0.4745098039215686,0.792156862745098,799.0078359709314,448726
0.2627450980392157,0.5019607843137255,0.792156862745098,133.00130436061812,72508
0.26666666666666666,0.49019607843137253,0.7843137254901961,109.0010689872735,324413
0.6431372549019608,0.8470588235294118,0.2901960784313726,122.0011964811685,127215
0.6470588235294118,0.8509803921568627,0.28627450980392155,111.00108860171888,125334
0.6352941176470588,0.8470588235294118,0.2980392156862745,38.00037267446232,130054
0.6549019607843137,0.8549019607843137,0.2980392156862745,88.00086303559695,122502
0.6666666666666666,0.8666666666666667,0.3176470588235294,175.00171626397122,119664
0.4666666666666667,0.6941176470588235,0.20784313725490197,4.0000392288907705,170999
0.49411764705882355,0.7058823529411765,0.21568627450980393,525.0051487919136,148181
0.4980392156862745,0.7254901960784313,0.2235294117647059,5.000049036113463,179542
0.27058823529411763,0.13725490196078433,0.4235294117647059,18.000176530008467,2314
0.3137254901960784,0.1568627450980392,0.42745098039215684,17.000166722785774,237750
0.2823529411764706,0.2,0.44313725490196076,10.000098072226926,174245
0.3411764705882353,0.21568627450980393,0.38823529411764707,28.000274602235393,508433
0.28627450980392155,0.1843137254901961,0.5019607843137255,4.0000392288907705,117169
0.34509803921568627,0.16470588235294117,0.5098039215686274,15.00014710834039,277991
0.2549019607843137,0.2235294117647059,0.49019607843137253,16.000156915563082,516412
0.3176470588235294,0.23921568627450981,0.4549019607843137,25.000245180567315,66918
0.4666666666666667,0.3254901960784314,0.09803921568627451,48.000470746689246,510464
0.47843137254901963,0.3411764705882353,0.10196078431372549,211.00206932398814,513321
0.4666666666666667,0.3215686274509804,0.12549019607843137,21.000205951676545,359619
0.4823529411764706,0.3411764705882353,0.12549019607843137,163.0015985772989,352974
0.4666666666666667,0.36470588235294116,0.10588235294117647,4.0000392288907705,507626
0.49411764705882355,0.35294117647058826,0.13333333333333333,83.00081399948348,353927
0.8784313725490196,0.9254901960784314,0.9921568627450981,358.00351098572395,245075
0.8941176470588236,0.9254901960784314,0.9921568627450981,96.00094149337849,65646
0.8784313725490196,0.9333333333333333,0.996078431372549,1010.0099052949196,253620
0.9019607843137255,0.9411764705882353,0.9921568627450981,648.0063550803048,208998
0.6274509803921569,0.47058823529411764,0.9137254901960784,3.000029421668078,325623
0.6392156862745098,0.49411764705882355,0.9176470588235294,16.000156915563082,322773
0.6274509803921569,0.47058823529411764,0.9490196078431372,59.00057862613886,358796
0.6392156862745098,0.49019607843137253,0.9411764705882353,443.0043445996528,327518
0.6627450980392157,0.5019607843137255,0.9411764705882353,4.0000392288907705,266614
0.8784313725490196,0.8941176470588236,0.9294117647058824,40.000392288907705,458343
0.8784313725490196,0.8980392156862745,0.9333333333333333,342.00335407016087,457388
0.8941176470588236,0.9098039215686274,0.9215686274509803,22.000215758899238,312160
0.8823529411764706,0.8941176470588236,0.9372549019607843,27.0002647950127,492592
0.8980392156862745,0.8941176470588236,0.9372549019607843,9.000088265004234,439273
0.8862745098039215,0.9098039215686274,0.9411764705882353,1416.0138870273327,505900
0.8941176470588236,0.9058823529411765,0.9411764705882353,221.00216739621507,425997
0.5294117647058824,0.33725490196078434,0.6470588235294118,87.00085322837425,414225
0.5372549019607843,0.3176470588235294,0.6588235294117647,6.000058843336156,535943
0.5215686274509804,0.36470588235294116,0.6666666666666666,106.00103956560542,419936
0.5372549019607843,0.37254901960784315,0.6588235294117647,21.000205951676545,425632
0.5019607843137255,0.3411764705882353,0.6745098039215687,17.000166722785774,302244
0.5333333333333333,0.34509803921568627,0.6705882352941176,8.000078457781541,422782
0.5137254901960784,0.36470588235294116,0.6784313725490196,211.00206932398814,303199
0.5450980392156862,0.34901960784313724,0.6980392156862745,60.00058843336156,407609
0.4470588235294118,0.2784313725490196,0.8274509803921568,7.000068650558848,267377
0.48627450980392156,0.2823529411764706,0.8431372549019608,1.0000098072226926,407228
0.44313725490196076,0.3137254901960784,0.8352941176470589,10.000098072226926,354167
0.4980392156862745,0.3058823529411765,0.8549019607843137,4.0000392288907705,392973
0.44313725490196076,0.27058823529411763,0.8784313725490196,268.0026283356816,240592
0.4745098039215686,0.2784313725490196,0.8823529411764706,106.00103956560542,385429
0.4549019607843137,0.29411764705882354,0.8627450980392157,13.000127493895004,395830
0.48627450980392156,0.30196078431372547,0.8862745098039215,106.00103956560542,375941
0.24313725490196078,0.5058823529411764,0.6235294117647059,3.000029421668078,169757
0.2235294117647059,0.5176470588235295,0.7411764705882353,29.000284409458086,153568
0.7803921568627451,0.807843137254902,0.5450980392156862,19.00018633723116,371732
0.8470588235294118,0.7568627450980392,0.5294117647058824,5.000049036113463,229534
0.807843137254902,0.8470588235294118,0.5450980392156862,20.000196144453852,329935
0.8745098039215686,0.8627450980392157,0.5568627450980392,23.00022556612193,325182
0.7725490196078432,0.807843137254902,0.592156862745098,13.000127493895004,466034
0.8588235294117647,0.803921568627451,0.6235294117647059,14.000137301117697,237118
0.8,0.8392156862745098,0.611764705882353,22.000215758899238,348939
0.8588235294117647,0.8431372549019608,0.615686274509804,12.000117686672311,464184
0.6392156862745098,0.8117647058823529,0.43137254901960786,34.00033344557155,187075
0.7137254901960784,0.7803921568627451,0.38823529411764707,11.000107879449619,339489
0.6666666666666666,0.8784313725490196,0.403921568627451,22.000215758899238,129069
0.6352941176470588,0.803921568627451,0.5098039215686274,34.00033344557155,170889
0.7372549019607844,0.7607843137254902,0.5058823529411764,8.000078457781541,392606
0.6627450980392157,0.8705882352941177,0.4549019607843137,18.000176530008467,128112
0.7450980392156863,0.8235294117647058,0.4980392156862745,1.0000098072226926,221886
0.5254901960784314,0.6352941176470588,0.6745098039215687,19.00018633723116,237116
0.615686274509804,0.6509803921568628,0.6784313725490196,12.000117686672311,541588
0.5019607843137255,0.7137254901960784,0.6549019607843137,7.000068650558848,129056
0.6039215686274509,0.6980392156862745,0.6784313725490196,9.000088265004234,188734
0.5372549019607843,0.6549019607843137,0.7215686274509804,20.000196144453852,412858
0.6,0.6470588235294118,0.7568627450980392,32.000313831126164,561950
0.5294117647058824,0.7372549019607844,0.7372549019607844,7.000068650558848,114802
0.6,0.7137254901960784,0.7568627450980392,22.000215758899238,308063
0.8784313725490196,0.5607843137254902,0.30196078431372547,2.0000196144453852,404024
0.8941176470588236,0.6274509803921569,0.28627450980392155,95.0009316861558,593431
0.8784313725490196,0.5607843137254902,0.36470588235294116,2.0000196144453852,582036
0.8980392156862745,0.6274509803921569,0.34901960784313724,28.000274602235393,584883
0.5372549019607843,0.6823529411764706,0.403921568627451,16.000156915563082,173562
0.615686274509804,0.6745098039215687,0.43529411764705883,9.000088265004234,417441
0.5294117647058824,0.7294117647058823,0.43137254901960786,34.00033344557155,146166
0.5882352941176471,0.7058823529411765,0.4470588235294118,8.000078457781541,197313
0.5607843137254902,0.6352941176470588,0.4627450980392157,18.000176530008467,333802
0.6,0.6666666666666666,0.45098039215686275,16.000156915563082,199210
0.5333333333333333,0.7254901960784313,0.4549019607843137,17.000166722785774,140463
0.5686274509803921,0.7490196078431373,0.48627450980392156,9.000088265004234,150919
0.5019607843137255,0.45098039215686275,0.6588235294117647,41.0004020961304,238131
0.5333333333333333,0.4666666666666667,0.6588235294117647,3.000029421668078,296719
0.5058823529411764,0.4745098039215686,0.6509803921568628,7.000068650558848,291218
0.5333333333333333,0.49411764705882355,0.6666666666666666,3.000029421668078,212481
0.5019607843137255,0.4549019607843137,0.6784313725490196,362.00355021461473,215315
0.5333333333333333,0.44313725490196076,0.6980392156862745,23.00022556612193,208654
0.5176470588235295,0.47843137254901963,0.6980392156862745,54.0005295900254,222948
0.5333333333333333,0.49019607843137253,0.6705882352941176,11.000107879449619,212480
0.6313725490196078,0.5215686274509804,0.9137254901960784,15.00014710834039,265665
0.6588235294117647,0.5176470588235295,0.9176470588235294,2.0000196144453852,265664
0.6352941176470588,0.5607843137254902,0.9176470588235294,19.00018633723116,361333
0.6588235294117647,0.5490196078431373,0.9176470588235294,38.00037267446232,243836
0.6549019607843137,0.5254901960784314,0.9372549019607843,123.00120628839119,356925
0.6588235294117647,0.5137254901960784,0.9411764705882353,132.00129455339544,353092
0.6274509803921569,0.5490196078431373,0.9254901960784314,14.000137301117697,344519
0.6666666666666666,0.5568627450980392,0.9215686274509803,159.00155934840814,243845
0.7647058823529411,0.1803921568627451,0.40784313725490196,5.000049036113463,310974
0.8509803921568627,0.18823529411764706,0.44313725490196076,1.0000098072226926,26602
0.796078431372549,0.19607843137254902,0.4392156862745098,15.00014710834039,368111
0.8705882352941177,0.19215686274509805,0.4,54.0005295900254,62
0.7843137254901961,0.1843137254901961,0.5098039215686274,3.000029421668078,1979
0.8196078431372549,0.18823529411764706,0.49019607843137253,2.0000196144453852,1028
0.7725490196078432,0.24705882352941178,0.4823529411764706,10.000098072226926,300523
0.8313725490196079,0.19215686274509805,0.4666666666666667,35.00034325279424,26601
0.9647058823529412,0.9490196078431372,0.3176470588235294,121.00118667394581,442318
0.9803921568627451,0.9647058823529412,0.3215686274509804,370.00362867239625,334647
0.9098039215686274,0.9529411764705882,0.9647058823529412,86.00084342115156,306805
0.9294117647058824,0.9450980392156862,0.9647058823529412,586.0057470324979,430769
0.9137254901960784,0.9607843137254902,0.9647058823529412,22.000215758899238,287796
0.9372549019607843,0.9607843137254902,0.9568627450980393,39.00038248168501,411928
0.9137254901960784,0.9490196078431372,0.9764705882352941,236.00231450455544,11238
0.9333333333333333,0.9529411764705882,0.9686274509803922,619.0060706708467,384393
0.9098039215686274,0.9647058823529412,0.9764705882352941,158.00154954118543,290661
0.9294117647058824,0.9686274509803922,0.9803921568627451,204.00200067342928,212922
0.9607843137254902,0.7647058823529411,0.5176470588235295,45.00044132502117,384088
0.9647058823529412,0.788235294117647,0.5333333333333333,193.00189279397966,586747
0.9725490196078431,0.8117647058823529,0.5333333333333333,107.0010493728281,573440
0.9490196078431372,0.7725490196078432,0.5490196078431373,16.000156915563082,237132
0.9686274509803922,0.8,0.5450980392156862,61.00059824058425,584843
0.9725490196078431,0.8156862745098039,0.5568627450980392,65.00063746947502,581982
0.8862745098039215,0.9215686274509803,0.9568627450980393,291.0028539018036,415599
0.9019607843137255,0.9215686274509803,0.9529411764705882,479.0046976596698,441417
0.8901960784313725,0.9411764705882353,0.9607843137254902,89.00087284281965,245800
0.9058823529411765,0.9372549019607843,0.9568627450980393,295.0028931306943,392952
0.8862745098039215,0.9215686274509803,0.9725490196078431,150.00147108340389,377115
0.9058823529411765,0.9254901960784314,0.9764705882352941,63.00061785502963,34313
0.8823529411764706,0.9333333333333333,0.9725490196078431,305.00299120292124,373307
0.9019607843137255,0.9333333333333333,0.9686274509803922,259.0025400706774,379962
0.7843137254901961,0.8901960784313725,0.8196078431372549,9.000088265004234,187060
0.8745098039215686,0.9294117647058824,0.7686274509803922,11.000107879449619,401276
0.8274509803921568,0.9568627450980393,0.788235294117647,23.00022556612193,94855
0.792156862745098,0.9137254901960784,0.8784313725490196,33.00032363834886,189916
0.8509803921568627,0.8941176470588236,0.8823529411764706,23.00022556612193,305178
0.788235294117647,0.9529411764705882,0.8549019607843137,7.000068650558848,85356
0.8352941176470589,0.9921568627450981,0.8392156862745098,13.000127493895004,93905
0.44313725490196076,0.33725490196078434,0.7294117647058823,18.000176530008467,340893
0.49019607843137253,0.34509803921568627,0.7098039215686275,3.000029421668078,229201
0.4627450980392157,0.3686274509803922,0.7294117647058823,14.000137301117697,364660
0.47058823529411764,0.35294117647058826,0.7019607843137254,120.00117686672311,375316
0.4470588235294118,0.34509803921568627,0.7607843137254902,207.00203009509738,352322
0.4980392156862745,0.3333333333333333,0.7607843137254902,5.000049036113463,231099
0.4392156862745098,0.3568627450980392,0.7333333333333333,81.0007943850381,511663
0.4745098039215686,0.35294117647058826,0.7450980392156863,28.000274602235393,498349
0.6392156862745098,0.6352941176470588,0.2627450980392157,15.00014710834039,197295
0.7372549019607844,0.6823529411764706,0.2627450980392157,9.000088265004234,196361
0.6862745098039216,0.7372549019607844,0.30196078431372547,20.000196144453852,219989
0.7137254901960784,0.7137254901960784,0.3137254901960784,25.000245180567315,199205
0.6313725490196078,0.6823529411764706,0.34901960784313724,9.000088265004234,431628
0.7215686274509804,0.6549019607843137,0.3333333333333333,8.000078457781541,383993
0.6313725490196078,0.6980392156862745,0.33725490196078434,19.00018633723116,230432
0.7254901960784313,0.7372549019607844,0.36470588235294116,14.000137301117697,395416
0.2549019607843137,0.1411764705882353,0.7843137254901961,55.00053939724809,376020
0.30980392156862746,0.13333333333333333,0.792156862745098,133.00130436061812,371238
0.25882352941176473,0.16862745098039217,0.7843137254901961,12.000117686672311,275768
0.2901960784313726,0.16862745098039217,0.7647058823529411,28.000274602235393,440573
0.27058823529411763,0.12941176470588237,0.8117647058823529,46.00045113224386,351309
0.30196078431372547,0.13333333333333333,0.8,148.00145146895852,421593
0.2784313725490196,0.16862745098039217,0.796078431372549,12.000117686672311,377921
0.29411764705882354,0.17647058823529413,0.8196078431372549,41.0004020961304,383619
0.3803921568627451,0.2823529411764706,0.596078431372549,26.000254987790008,380997
0.4196078431372549,0.27058823529411763,0.5764705882352941,187.00183395064352,371494
0.4,0.29411764705882354,0.5882352941176471,9.000088265004234,362923
0.40784313725490196,0.3137254901960784,0.5764705882352941,128.00125532450465,62170
0.4,0.2784313725490196,0.6274509803921569,13.000127493895004,491704
0.41568627450980394,0.27450980392156865,0.6274509803921569,8.000078457781541,495511
0.3803921568627451,0.29411764705882354,0.615686274509804,7.000068650558848,376237
0.42745098039215684,0.2980392156862745,0.6078431372549019,96.00094149337849,360096
0.5607843137254902,0.7607843137254902,0.9254901960784314,1.0000098072226926,72446
0.6196078431372549,0.7607843137254902,0.9411764705882353,34.00033344557155,397657
0.6196078431372549,0.7647058823529411,0.9607843137254902,83.00081399948348,136953
0.22745098039215686,0.4823529411764706,0.8313725490196079,314.0030794679255,259541
0.23921568627450981,0.48627450980392156,0.8274509803921568,359.00352079294663,248126
0.2196078431372549,0.49019607843137253,0.8274509803921568,139.00136320395427,196898
0.24705882352941178,0.4980392156862745,0.8313725490196079,992.0097287649111,212062
0.2196078431372549,0.47843137254901963,0.8431372549019608,10.000098072226926,202601
0.23529411764705882,0.4745098039215686,0.8549019607843137,6.000058843336156,352744
0.2235294117647059,0.49411764705882355,0.8431372549019608,23.00022556612193,199743
0.23529411764705882,0.4980392156862745,0.8431372549019608,21.000205951676545,301640
0.19215686274509805,0.47843137254901963,0.8,1754.0172018686028,165602
0.2,0.47843137254901963,0.796078431372549,170.00166722785775,139980
0.19215686274509805,0.4823529411764706,0.8,100.00098072226926,216070
0.2,0.4823529411764706,0.796078431372549,346.00339329905165,157519
0.18823529411764706,0.4745098039215686,0.803921568627451,3626.035560989483,239817
0.19607843137254902,0.4745098039215686,0.807843137254902,419.00410922630823,288173
0.19215686274509805,0.4823529411764706,0.803921568627451,184.00180452897544,227466
0.19607843137254902,0.4823529411764706,0.803921568627451,827.0081105731668,162746
0.38823529411764707,0.30980392156862746,0.2784313725490196,5.000049036113463,514242
0.4588235294117647,0.30980392156862746,0.3215686274509804,3.000029421668078,405786
0.4,0.32941176470588235,0.30980392156862746,10.000098072226926,410539
0.49411764705882355,0.3686274509803922,0.27450980392156865,20.000196144453852,510483
0.4196078431372549,0.3058823529411765,0.3411764705882353,3.000029421668078,487907
0.4627450980392157,0.3137254901960784,0.3254901960784314,2.0000196144453852,404836
0.4235294117647059,0.3176470588235294,0.3333333333333333,6.000058843336156,409589
0.4549019607843137,0.33725490196078434,0.36470588235294116,67.0006570839204,404835
0.7803921568627451,0.7803921568627451,0.39215686274509803,12.000117686672311,415491
0.8235294117647058,0.796078431372549,0.4,18.000176530008467,423138
0.8,0.8352941176470589,0.4,3.000029421668078,338541
0.8431372549019608,0.8313725490196079,0.39215686274509803,27.0002647950127,331902
0.7529411764705882,0.7725490196078432,0.49019607843137253,17.000166722785774,422189
0.8392156862745098,0.792156862745098,0.45098039215686275,4.0000392288907705,470829
0.803921568627451,0.8392156862745098,0.4588235294117647,10.000098072226926,330953
0.8745098039215686,0.8784313725490196,0.47843137254901963,24.000235373344623,396379
0.7686274509803922,0.7843137254901961,0.9764705882352941,23.00022556612193,411165
0.8117647058823529,0.7843137254901961,0.9725490196078431,74.00072573447926,305718
0.7568627450980392,0.8156862745098039,0.9803921568627451,183.00179472175276,10263
0.8117647058823529,0.8156862745098039,0.9529411764705882,32.000313831126164,607736
0.7803921568627451,0.7607843137254902,0.984313725490196,15.00014710834039,457600
0.788235294117647,0.7843137254901961,0.984313725490196,25.000245180567315,218259
0.7529411764705882,0.8117647058823529,0.984313725490196,74.00072573447926,252680
0.796078431372549,0.803921568627451,0.984313725490196,31.00030402390347,93603
0.807843137254902,0.18823529411764706,0.5176470588235295,2.0000196144453852,2929
0.7647058823529411,0.21568627450980393,0.5686274509803921,14.000137301117697,19078
0.8274509803921568,0.2,0.5568627450980392,44.000431517798475,14328
0.8117647058823529,0.2235294117647059,0.592156862745098,12.000117686672311,40897
0.8549019607843137,0.20784313725490197,0.5803921568627451,42.00041190335309,40884
0.5137254901960784,0.596078431372549,0.7686274509803922,18.000176530008467,523071
0.5411764705882353,0.5764705882352941,0.7725490196078432,10.000098072226926,604881
0.5254901960784314,0.6078431372549019,0.788235294117647,61.00059824058425,417590
0.5450980392156862,0.6,0.7647058823529411,17.000166722785774,360221
0.5058823529411764,0.5882352941176471,0.796078431372549,22.000215758899238,534423
0.5333333333333333,0.596078431372549,0.796078431372549,10.000098072226926,452344
0.5098039215686274,0.611764705882353,0.8156862745098039,265.00259891401356,504865
0.5333333333333333,0.6274509803921569,0.8156862745098039,51.00050016835732,539952
0.8509803921568627,0.9137254901960784,0.9882352941176471,481.00471727411514,182270
0.8627450980392157,0.9176470588235294,0.9921568627450981,807.007914428713,249823
0.8588235294117647,0.9333333333333333,0.9921568627450981,98.00096110782388,46815
0.8666666666666667,0.9294117647058824,0.9921568627450981,420.0041190335309,47768
0.5137254901960784,0.39215686274509803,0.9137254901960784,23.00022556612193,390126
0.5372549019607843,0.403921568627451,0.8901960784313725,142.00139262562234,377775
0.5019607843137255,0.43137254901960786,0.9176470588235294,6.000058843336156,259057
0.5411764705882353,0.4392156862745098,0.9019607843137255,20.000196144453852,299906
0.5176470588235295,0.38823529411764707,0.9333333333333333,13.000127493895004,307499
0.5450980392156862,0.3803921568627451,0.9372549019607843,228.00223604677393,326594
0.5607843137254902,0.4196078431372549,0.9294117647058824,18.000176530008467,373977
0.3254901960784314,0.2627450980392157,0.7058823529411765,116.00113763783234,497389
0.36470588235294116,0.27058823529411763,0.7019607843137254,85.00083361392888,508807
0.3176470588235294,0.30196078431372547,0.7019607843137254,28.000274602235393,494585
0.3686274509803922,0.28627450980392155,0.7176470588235294,55.00053939724809,494568
0.3411764705882353,0.27450980392156865,0.7333333333333333,73.00071592725656,485078
0.3568627450980392,0.2823529411764706,0.7333333333333333,26.000254987790008,462402
0.32941176470588235,0.2980392156862745,0.7333333333333333,30.00029421668078,500283
0.35294117647058826,0.2901960784313726,0.7568627450980392,36.000353060016934,478433
0.43529411764705883,0.1607843137254902,0.41568627450980394,2.0000196144453852,309059
0.4745098039215686,0.1843137254901961,0.4392156862745098,2.0000196144453852,251193
0.403921568627451,0.20392156862745098,0.403921568627451,14.000137301117697,91493
0.4980392156862745,0.2235294117647059,0.4117647058823529,10.000098072226926,312867
0.4196078431372549,0.17254901960784313,0.5098039215686274,12.000117686672311,317455
0.4588235294117647,0.1607843137254902,0.47058823529411764,7.000068650558848,300528
0.403921568627451,0.23137254901960785,0.4980392156862745,58.00056881891617,365779
0.4823529411764706,0.23529411764705882,0.47843137254901963,6.000058843336156,273253
0.6470588235294118,0.12941176470588237,0.17254901960784313,33.00032363834886,373812
0.6941176470588235,0.15294117647058825,0.1411764705882353,16.000156915563082,301673
0.6862745098039216,0.20784313725490197,0.17647058823529413,3.000029421668078,309275
0.7372549019607844,0.2235294117647059,0.18823529411764706,8.000078457781541,309276
0.6784313725490196,0.1450980392156863,0.2549019607843137,24.000235373344623,374765
0.6941176470588235,0.1411764705882353,0.23921568627450981,10.000098072226926,377611
0.6666666666666666,0.2,0.22745098039215686,3.000029421668078,311176
0.7098039215686275,0.2235294117647059,0.23529411764705882,14.000137301117697,310227
0.2823529411764706,0.5098039215686274,0.796078431372549,171.00167703508043,48215
0.3058823529411765,0.5176470588235295,0.807843137254902,163.0015985772989,317314
0.29411764705882354,0.5215686274509804,0.807843137254902,76.00074534892464,217331
0.30980392156862746,0.5333333333333333,0.807843137254902,96.00094149337849,21168
0.28627450980392155,0.5137254901960784,0.8196078431372549,312.00305985348007,79629
0.2980392156862745,0.5058823529411764,0.8156862745098039,243.0023831551143,409866
0.29411764705882354,0.5294117647058824,0.8235294117647058,478.0046878524471,40126
0.2980392156862745,0.5254901960784314,0.8196078431372549,237.00232431177815,42986
0.8431372549019608,0.8196078431372549,0.27058823529411763,36.000353060016934,469871
0.8627450980392157,0.8235294117647058,0.27450980392156865,262.00256949234546,472710
0.8666666666666667,0.8549019607843137,0.2823529411764706,75.00073554170194,455628
0.8352941176470589,0.8235294117647058,0.3215686274509804,8.000078457781541,319553
0.8588235294117647,0.8235294117647058,0.29411764705882354,45.00044132502117,327130
0.8627450980392157,0.8549019607843137,0.3058823529411765,17.000166722785774,418329
0.3764705882352941,0.2784313725490196,0.6588235294117647,38.00037267446232,371280
0.42745098039215684,0.2823529411764706,0.6392156862745098,4.0000392288907705,361021
0.3764705882352941,0.3137254901960784,0.6431372549019608,4.0000392288907705,357217
0.41568627450980394,0.28627450980392155,0.6509803921568628,8.000078457781541,497411
0.396078431372549,0.26666666666666666,0.6823529411764706,294.0028833234716,489815
0.43137254901960786,0.2549019607843137,0.6862745098039216,7.000068650558848,508278
0.38823529411764707,0.29411764705882354,0.6705882352941176,69.0006766983658,373191
0.41568627450980394,0.30980392156862746,0.6745098039215687,16.000156915563082,415777
0.8862745098039215,0.6588235294117647,0.3254901960784314,57.00055901169348,406951
0.9098039215686274,0.6431372549019608,0.3254901960784314,24.000235373344623,393583
0.8823529411764706,0.6745098039215687,0.34509803921568627,27.0002647950127,251371
0.9294117647058824,0.6823529411764706,0.3411764705882353,208.00203990232006,588674
0.8784313725490196,0.6470588235294118,0.3686274509803922,7.000068650558848,599001
0.9254901960784314,0.6588235294117647,0.3607843137254902,4.0000392288907705,384094
0.8862745098039215,0.6823529411764706,0.37254901960784315,64.00062766225233,251366
0.9176470588235294,0.6823529411764706,0.3568627450980392,49.00048055391194,576325
0.4117647058823529,0.5686274509803921,0.8627450980392157,187.00183395064352,292608
0.4235294117647059,0.5764705882352941,0.8627450980392157,115.00112783060965,249990
0.4117647058823529,0.5843137254901961,0.8666666666666667,369.00361886517356,494730
0.42745098039215684,0.5882352941176471,0.8705882352941177,317.00310888959353,2088
0.4117647058823529,0.5764705882352941,0.8823529411764706,155.00152011951735,295468
0.42745098039215684,0.5686274509803921,0.8784313725490196,62.00060804780694,304964
0.4117647058823529,0.592156862745098,0.8823529411764706,307.00301081736666,189212
0.43529411764705883,0.596078431372549,0.8862745098039215,248.00243219122777,180528
0.9019607843137255,0.7843137254901961,0.9764705882352941,15.00014710834039,221586
0.9333333333333333,0.7803921568627451,0.9568627450980393,5.000049036113463,141136
0.8823529411764706,0.792156862745098,0.9803921568627451,163.0015985772989,300878
0.9176470588235294,0.796078431372549,0.9725490196078431,4.0000392288907705,236934
0.8784313725490196,0.7843137254901961,0.984313725490196,36.000353060016934,328426
0.9098039215686274,0.7843137254901961,0.984313725490196,5.000049036113463,100234
0.8941176470588236,0.807843137254902,0.984313725490196,189.0018535650889,314198
0.9333333333333333,0.8156862745098039,0.9882352941176471,22.000215758899238,220640
0.2823529411764706,0.4823529411764706,0.807843137254902,371.003638479619,431231
0.2980392156862745,0.4823529411764706,0.8,91.00089245726502,545970
0.2901960784313726,0.49411764705882355,0.807843137254902,274.00268717901776,499477
0.2980392156862745,0.49019607843137253,0.796078431372549,193.00189279397966,495654
0.29411764705882354,0.48627450980392156,0.8235294117647058,269.0026381429043,375232
0.2980392156862745,0.48627450980392156,0.8117647058823529,83.00081399948348,396069
0.29411764705882354,0.49411764705882355,0.8117647058823529,286.0028048656901,458679
0.30196078431372547,0.5019607843137255,0.8156862745098039,187.00183395064352,517143
0.15294117647058825,0.15294117647058825,0.43529411764705883,13.000127493895004,384806
0.19607843137254902,0.17254901960784313,0.396078431372549,10.000098072226926,411484
0.12941176470588237,0.19215686274509805,0.39215686274509803,8.000078457781541,435191
0.20392156862745098,0.20392156862745098,0.42745098039215684,14.000137301117697,282405
0.12549019607843137,0.1411764705882353,0.5019607843137255,29.000284409458086,507367
0.21176470588235294,0.13333333333333333,0.5098039215686274,14.000137301117697,513561
0.1411764705882353,0.2,0.49019607843137253,11.000107879449619,232505
0.23137254901960785,0.25098039215686274,0.5098039215686274,10.000098072226926,67869
0.5450980392156862,0.7568627450980392,0.5176470588235295,1.0000098072226926,133809
0.615686274509804,0.788235294117647,0.5450980392156862,74.00072573447926,197587
0.6078431372549019,0.8274509803921568,0.5686274509803921,3.000029421668078,196648
0.5372549019607843,0.7568627450980392,0.5803921568627451,2.0000196144453852,215243
0.596078431372549,0.7725490196078432,0.6274509803921569,28.000274602235393,197556
0.6039215686274509,0.8235294117647058,0.6235294117647059,1.0000098072226926,126206
0.3411764705882353,0.058823529411764705,0.2196078431372549,286.0028048656901,110501
0.34901960784313724,0.054901960784313725,0.21568627450980393,103.00101014393734,118102
0.3254901960784314,0.058823529411764705,0.23137254901960785,24.000235373344623,104801
0.3686274509803922,0.06274509803921569,0.24705882352941178,17.000166722785774,120961
0.8156862745098039,0.8901960784313725,0.9921568627450981,500.0049036113463,230757
0.8392156862745098,0.8941176470588236,0.984313725490196,477.00467804522435,254572
0.8274509803921568,0.8980392156862745,0.9921568627450981,172.00168684230312,61982
0.8431372549019608,0.8980392156862745,0.9921568627450981,566.005550888044,228931
0.2901960784313726,0.43529411764705883,0.4196078431372549,2.0000196144453852,499965
0.36470588235294116,0.43137254901960786,0.38823529411764707,3.000029421668078,486601
0.30196078431372547,0.4627450980392157,0.396078431372549,6.000058843336156,432569
0.35294117647058826,0.4470588235294118,0.42745098039215684,36.000353060016934,509426
0.25882352941176473,0.3843137254901961,0.47058823529411764,1.0000098072226926,503762
0.3411764705882353,0.396078431372549,0.5098039215686274,7.000068650558848,543488
0.30980392156862746,0.4470588235294118,0.5098039215686274,9.000088265004234,504710
0.33725490196078434,0.49019607843137253,0.5058823529411764,43.00042171057578,457203
0.807843137254902,0.1843137254901961,0.1843137254901961,12.000117686672311,298822
0.8588235294117647,0.1843137254901961,0.14901960784313725,35.00034325279424,6657
0.792156862745098,0.21176470588235294,0.1843137254901961,1.0000098072226926,306418
0.8156862745098039,0.19215686274509805,0.1843137254901961,1.0000098072226926,309264
0.7686274509803922,0.18823529411764706,0.23529411764705882,5.000049036113463,309268
0.8705882352941177,0.18823529411764706,0.23921568627450981,22.000215758899238,11400
0.792156862745098,0.24705882352941178,0.24705882352941178,13.000127493895004,302621
0.8196078431372549,0.20784313725490197,0.23921568627450981,18.000176530008467,306413
0.1450980392156863,0.07450980392156863,0.596078431372549,52.000509975580016,457625
0.16862745098039217,0.0784313725490196,0.596078431372549,87.00085322837425,449065
0.14901960784313725,0.09803921568627451,0.5764705882352941,23.00022556612193,351170
0.16470588235294117,0.12549019607843137,0.5764705882352941,85.00083361392888,12896
0.1411764705882353,0.08627450980392157,0.6313725490196078,14.000137301117697,314123
0.16862745098039217,0.08235294117647059,0.6235294117647059,144.00141224006774,463330
0.14901960784313725,0.10980392156862745,0.6078431372549019,9.000088265004234,351172
0.17254901960784313,0.10588235294117647,0.6313725490196078,13.000127493895004,364457
0.34509803921568627,0.5450980392156862,0.8352941176470589,230.0022556612193,461069
0.36470588235294116,0.5450980392156862,0.8274509803921568,271.0026577573497,362426
0.34901960784313724,0.5529411764705883,0.8313725490196079,111.00108860171888,203455
0.3607843137254902,0.5607843137254902,0.8313725490196079,256.0025106490093,154120
0.34901960784313724,0.5411764705882353,0.8509803921568627,222.00217720343775,254634
0.36470588235294116,0.5411764705882353,0.8470588235294118,186.00182414342083,409016
0.34509803921568627,0.5568627450980392,0.8470588235294118,167.00163780618968,302559
0.36470588235294116,0.5647058823529412,0.8549019607843137,264.0025891067909,52486
0.44313725490196076,0.6,0.8588235294117647,260.0025498779001,554315
0.4666666666666667,0.6078431372549019,0.8666666666666667,196.00192221564777,151052
0.4470588235294118,0.6235294117647059,0.8666666666666667,69.0006766983658,66830
0.4549019607843137,0.615686274509804,0.8705882352941177,201.0019712517612,386493
0.4470588235294118,0.611764705882353,0.8784313725490196,309.003030431812,94181
0.4666666666666667,0.6078431372549019,0.8823529411764706,182.00178491453005,391317
0.45098039215686275,0.615686274509804,0.8823529411764706,165.00161819174429,94182
0.4627450980392157,0.615686274509804,0.8862745098039215,315.00308927514817,170063
0.6509803921568628,0.47058823529411764,0.9647058823529412,128.00125532450465,231077
0.6666666666666666,0.4666666666666667,0.9686274509803922,8.000078457781541,216859
0.6509803921568628,0.5019607843137255,0.9568627450980393,261.0025596851228,308537
0.6784313725490196,0.4980392156862745,0.9607843137254902,27.0002647950127,214010
0.6705882352941176,0.6784313725490196,0.38823529411764707,7.000068650558848,395415
0.7058823529411765,0.6509803921568628,0.43529411764705883,8.000078457781541,391604
0.6862745098039216,0.7254901960784313,0.38823529411764707,23.00022556612193,194466
0.6901960784313725,0.7490196078431373,0.396078431372549,18.000176530008467,415541
0.6470588235294118,0.6901960784313725,0.4588235294117647,13.000127493895004,196341
0.7098039215686275,0.6392156862745098,0.45098039215686275,8.000078457781541,371634
0.6392156862745098,0.7019607843137254,0.4627450980392157,21.000205951676545,193488
0.7294117647058823,0.7450980392156863,0.4588235294117647,7.000068650558848,419340
0.403921568627451,0.15294117647058825,0.7764705882352941,8.000078457781541,399618
0.38823529411764707,0.1843137254901961,0.7725490196078432,7.000068650558848,434881
0.4235294117647059,0.17647058823529413,0.7764705882352941,2.0000196144453852,398668
0.3803921568627451,0.13725490196078433,0.803921568627451,263.00257929956814,398766
0.403921568627451,0.16470588235294117,0.8235294117647058,133.00130436061812,387357
0.40784313725490196,0.17647058823529413,0.8235294117647058,6.000058843336156,393990
0.592156862745098,0.5098039215686274,0.8470588235294118,39.00038248168501,316208
0.6078431372549019,0.5176470588235295,0.8509803921568627,136.0013337822862,346567
0.5803921568627451,0.5372549019607843,0.8509803921568627,21.000205951676545,161007
0.6,0.5450980392156862,0.8470588235294118,70.00068650558848,343560
0.5803921568627451,0.5333333333333333,0.8745098039215686,27.0002647950127,168612
0.6039215686274509,0.5176470588235295,0.8745098039215686,55.00053939724809,325697
0.5803921568627451,0.5450980392156862,0.8666666666666667,12.000117686672311,260959
0.615686274509804,0.5372549019607843,0.8588235294117647,58.00056881891617,336130
0.6784313725490196,0.6862745098039216,0.5490196078431373,10.000098072226926,199195
0.7490196078431373,0.6431372549019608,0.5137254901960784,21.000205951676545,403072
0.6862745098039216,0.7137254901960784,0.5647058823529412,7.000068650558848,370783
0.7058823529411765,0.7058823529411765,0.5333333333333333,8.000078457781541,416442
0.6274509803921569,0.6509803921568628,0.6313725490196078,13.000127493895004,228584
0.7058823529411765,0.6470588235294118,0.596078431372549,10.000098072226926,228590
0.6431372549019608,0.7529411764705882,0.6313725490196078,25.000245180567315,313852
0.7254901960784313,0.6941176470588235,0.592156862745098,10.000098072226926,389776
0.8941176470588236,0.6941176470588235,0.34901960784313724,1.0000098072226926,409813
0.9333333333333333,0.6941176470588235,0.33725490196078434,255.00250084178663,598118
0.9058823529411765,0.6980392156862745,0.3803921568627451,6.000058843336156,244730
0.9372549019607843,0.7215686274509804,0.3607843137254902,146.00143185451313,588570
0.9058823529411765,0.7254901960784313,0.3764705882352941,1.0000098072226926,408864
0.9372549019607843,0.7372549019607844,0.3843137254901961,7.000068650558848,586697
0.6549019607843137,0.45098039215686275,0.14901960784313725,14.000137301117697,260873
0.6823529411764706,0.4666666666666667,0.1568627450980392,324.0031775401524,252351
0.6549019607843137,0.4823529411764706,0.1568627450980392,5.000049036113463,375439
0.6784313725490196,0.4745098039215686,0.16470588235294117,14.000137301117697,250446
0.6352941176470588,0.4470588235294118,0.17254901960784313,9.000088265004234,481030
0.6588235294117647,0.44313725490196076,0.19607843137254902,33.00032363834886,253314
0.6352941176470588,0.5019607843137255,0.1803921568627451,1.0000098072226926,378292
0.6862745098039216,0.47843137254901963,0.16862745098039217,15.00014710834039,249496
0.9647058823529412,0.7647058823529411,0.4,84.00082380670618,578113
0.9450980392156862,0.8156862745098039,0.403921568627451,1.0000098072226926,413612
0.9686274509803922,0.7764705882352941,0.43137254901960786,317.00310888959353,576224
0.9686274509803922,0.792156862745098,0.44313725490196076,10.000098072226926,573365
0.9725490196078431,0.796078431372549,0.4470588235294118,2.0000196144453852,573367
0.08627450980392157,0.07058823529411765,0.5254901960784314,36.000353060016934,478877
0.11764705882352941,0.07450980392156863,0.5333333333333333,177.00173587841658,36728
0.07058823529411765,0.12549019607843137,0.5411764705882353,6.000058843336156,503603
0.10196078431372549,0.10588235294117647,0.5372549019607843,12.000117686672311,40494
0.07450980392156863,0.07058823529411765,0.5607843137254902,59.00057862613886,476992
0.09803921568627451,0.06666666666666667,0.5686274509803921,91.00089245726502,362568
0.08235294117647059,0.12549019607843137,0.5647058823529412,5.000049036113463,55726
0.11764705882352941,0.10588235294117647,0.5450980392156862,27.0002647950127,82046
0.4745098039215686,0.6313725490196078,0.9019607843137255,284.0027852512447,172915
0.49411764705882355,0.6352941176470588,0.8901960784313725,262.00256949234546,177726
0.47843137254901963,0.6588235294117647,0.9019607843137255,69.0006766983658,358638
0.49411764705882355,0.6470588235294118,0.9019607843137255,175.00171626397122,131203
0.4745098039215686,0.6431372549019608,0.9058823529411765,278.00272640790854,367178
0.49411764705882355,0.6431372549019608,0.9058823529411765,253.00248122734124,159711
0.4745098039215686,0.6549019607843137,0.9176470588235294,74.00072573447926,250561
0.48627450980392156,0.6509803921568628,0.9176470588235294,257.002520456232,329181
0.3803921568627451,0.43529411764705883,0.30980392156862746,4.0000392288907705,507522
0.4745098039215686,0.4117647058823529,0.2823529411764706,32.000313831126164,365316
0.3803921568627451,0.48627450980392156,0.30196078431372547,13.000127493895004,509445
0.3803921568627451,0.38823529411764707,0.3411764705882353,8.000078457781541,264652
0.4627450980392157,0.3803921568627451,0.3568627450980392,40.000392288907705,605318
0.3803921568627451,0.45098039215686275,0.35294117647058826,4.0000392288907705,505618
0.49019607843137253,0.4470588235294118,0.3686274509803922,2.0000196144453852,357707
0.6470588235294118,0.4117647058823529,0.6901960784313725,6.000058843336156,249286
0.7098039215686275,0.4196078431372549,0.6784313725490196,6.000058843336156,251191
0.6509803921568628,0.44313725490196076,0.6470588235294118,5.000049036113463,388050
0.6941176470588235,0.4588235294117647,0.6705882352941176,9.000088265004234,525506
0.6705882352941176,0.42745098039215684,0.7019607843137254,12.000117686672311,532144
0.7137254901960784,0.4392156862745098,0.7058823529411765,2.0000196144453852,531190
0.6588235294117647,0.4549019607843137,0.7058823529411765,23.00022556612193,531194
0.7098039215686275,0.5019607843137255,0.7450980392156863,39.00038248168501,530247
0.38823529411764707,0.1568627450980392,0.8352941176470589,42.00041190335309,406306
0.4117647058823529,0.1568627450980392,0.8470588235294118,3.000029421668078,404413
0.4,0.18823529411764706,0.8313725490196079,188.0018437578662,409145
0.40784313725490196,0.1803921568627451,0.8274509803921568,99.00097091504657,383557
0.4,0.1843137254901961,0.8745098039215686,22.000215758899238,283735
0.4196078431372549,0.16470588235294117,0.8627450980392157,50.00049036113463,403462
0.7529411764705882,0.7019607843137254,0.9176470588235294,14.000137301117697,130604
0.792156862745098,0.7019607843137254,0.9098039215686274,25.000245180567315,298963
0.7647058823529411,0.7411764705882353,0.9137254901960784,16.000156915563082,285810
0.788235294117647,0.7333333333333333,0.8980392156862745,15.00014710834039,416726
0.7568627450980392,0.6980392156862745,0.9450980392156862,71.00069631281117,317135
0.792156862745098,0.7058823529411765,0.9254901960784314,183.00179472175276,326541
0.7725490196078432,0.7372549019607844,0.9490196078431372,25.000245180567315,427185
0.807843137254902,0.7450980392156863,0.9450980392156862,53.00051978280271,97418
0.8235294117647058,0.8627450980392157,0.9254901960784314,195.00191240842506,473553
0.8313725490196079,0.8627450980392157,0.9215686274509803,76.00074534892464,530498
0.8235294117647058,0.8666666666666667,0.9254901960784314,277.00271660068586,492712
0.8313725490196079,0.8705882352941177,0.9215686274509803,686.0067277547671,509720
0.8196078431372549,0.8588235294117647,0.9490196078431372,57.00055901169348,423150
0.8313725490196079,0.8588235294117647,0.9411764705882353,17.000166722785774,490729
0.8274509803921568,0.8745098039215686,0.9490196078431372,146.00143185451313,483084
0.8392156862745098,0.8784313725490196,0.9372549019607843,141.00138281839966,492492
0.16470588235294117,0.42745098039215684,0.7490196078431373,3957.0388071801945,37527
0.16862745098039217,0.43529411764705883,0.7529411764705882,2169.0212718660205,83148
0.16862745098039217,0.43137254901960786,0.7607843137254902,119.00116705950042,5136
0.16862745098039217,0.43529411764705883,0.7568627450980392,113.00110821616427,5138
0.6313725490196078,0.5529411764705883,0.30196078431372547,15.00014710834039,485056
0.7333333333333333,0.5215686274509804,0.2901960784313726,12.000117686672311,270405
0.6392156862745098,0.6274509803921569,0.27450980392156865,2.0000196144453852,199198
0.7333333333333333,0.6078431372549019,0.2980392156862745,3.000029421668078,378288
0.6588235294117647,0.5490196078431373,0.35294117647058826,42.00041190335309,379238
0.7450980392156863,0.5137254901960784,0.3333333333333333,6.000058843336156,582038
0.6745098039215687,0.5803921568627451,0.36470588235294116,11.000107879449619,333026
0.7254901960784313,0.6039215686274509,0.3764705882352941,7.000068650558848,401271
0.9529411764705882,0.9450980392156862,0.9568627450980393,98.00096110782388,347351
0.9647058823529412,0.9568627450980393,0.9607843137254902,26.000254987790008,338806
0.9490196078431372,0.9607843137254902,0.9607843137254902,47.00046093946655,362535
0.9686274509803922,0.9686274509803922,0.9607843137254902,58.00056881891617,336905
0.9490196078431372,0.9568627450980393,0.9686274509803922,646.0063354658595,423344
0.9568627450980393,0.9568627450980393,0.9686274509803922,49.00048055391194,300086
0.9411764705882353,0.9607843137254902,0.9764705882352941,454.00445247910244,406249
0.9568627450980393,0.9686274509803922,0.9803921568627451,183.00179472175276,417646
0.8823529411764706,0.9568627450980393,0.9882352941176471,303.0029715884759,202330
0.9058823529411765,0.9529411764705882,0.9921568627450981,1056.0103564271635,245977
0.8901960784313725,0.9607843137254902,0.996078431372549,38.00037267446232,205183
0.8980392156862745,0.9607843137254902,0.996078431372549,164.0016083845216,98112
0.5294117647058824,0.5294117647058824,0.4196078431372549,9.000088265004234,333022
0.5647058823529412,0.5098039215686274,0.4196078431372549,16.000156915563082,333971
0.5254901960784314,0.6235294117647059,0.403921568627451,14.000137301117697,451480
0.5686274509803921,0.5882352941176471,0.44313725490196076,4.0000392288907705,200158
0.5215686274509804,0.5137254901960784,0.47843137254901963,10.000098072226926,405949
0.5882352941176471,0.5254901960784314,0.4627450980392157,25.000245180567315,375435
0.5254901960784314,0.5882352941176471,0.49411764705882355,12.000117686672311,419341
0.611764705882353,0.5686274509803921,0.4627450980392157,7.000068650558848,480060
0.4470588235294118,0.2823529411764706,0.5843137254901961,31.00030402390347,342020
0.47058823529411764,0.2549019607843137,0.5882352941176471,4.0000392288907705,309847
0.44313725490196076,0.2901960784313726,0.596078431372549,62.00060804780694,341077
0.47843137254901963,0.30980392156862746,0.5764705882352941,4.0000392288907705,172342
0.4392156862745098,0.2823529411764706,0.6235294117647059,1.0000098072226926,320299
0.4823529411764706,0.2823529411764706,0.611764705882353,6.000058843336156,308898
0.44313725490196076,0.30196078431372547,0.615686274509804,252.00247142011852,370553
0.47058823529411764,0.3058823529411765,0.6313725490196078,27.0002647950127,313657
0.5058823529411764,0.3254901960784314,0.10196078431372549,2.0000196144453852,375448
0.5019607843137255,0.3411764705882353,0.10588235294117647,66.00064727669772,498116
0.5333333333333333,0.34509803921568627,0.10980392156862745,1.0000098072226926,375442
0.5294117647058824,0.3568627450980392,0.11372549019607843,241.0023635406689,494314
0.5450980392156862,0.3764705882352941,0.12156862745098039,77.00075515614733,491475
0.30980392156862746,0.43529411764705883,0.17254901960784313,2.0000196144453852,497114
0.36470588235294116,0.4196078431372549,0.1568627450980392,36.000353060016934,496109
0.37254901960784315,0.45098039215686275,0.16470588235294117,25.000245180567315,480902
0.28627450980392155,0.396078431372549,0.23137254901960785,4.0000392288907705,499964
0.36470588235294116,0.4392156862745098,0.2549019607843137,10.000098072226926,506571
0.3058823529411765,0.45098039215686275,0.21176470588235294,1.0000098072226926,505656
0.3333333333333333,0.4588235294117647,0.22745098039215686,17.000166722785774,506603
0.18823529411764706,0.4627450980392157,0.8,237.00232431177815,281486
0.2,0.4627450980392157,0.796078431372549,53.00051978280271,296682
0.18823529411764706,0.47058823529411764,0.8,1550.0152011951736,252053
0.19607843137254902,0.47058823529411764,0.8,160.00156915563082,295950
0.19215686274509805,0.4627450980392157,0.803921568627451,20.000196144453852,289081
0.19607843137254902,0.4588235294117647,0.807843137254902,21.000205951676545,303347
0.19215686274509805,0.47058823529411764,0.803921568627451,3733.0366103623114,290105
0.19607843137254902,0.47058823529411764,0.807843137254902,268.0026283356816,293898
0.6352941176470588,0.13333333333333333,0.10588235294117647,62.00060804780694,304526
0.7176470588235294,0.1450980392156863,0.12941176470588237,32.000313831126164,298825
0.7725490196078432,0.6470588235294118,0.5411764705882353,11.000107879449619,595198
0.8470588235294118,0.6862745098039216,0.5294117647058824,12.000117686672311,589498
0.788235294117647,0.7450980392156863,0.5176470588235295,13.000127493895004,367833
0.8549019607843137,0.7098039215686275,0.5647058823529412,19.00018633723116,579998
0.7529411764705882,0.6823529411764706,0.596078431372549,8.000078457781541,478395
0.8392156862745098,0.6745098039215687,0.596078431372549,2.0000196144453852,556374
0.7529411764705882,0.6941176470588235,0.596078431372549,12.000117686672311,475542
0.8156862745098039,0.7372549019607844,0.615686274509804,17.000166722785774,232375
0.9490196078431372,0.8941176470588236,0.2980392156862745,366.0035894435055,363111
0.9568627450980393,0.8823529411764706,0.30196078431372547,18.000176530008467,394472
0.9490196078431372,0.9019607843137255,0.30196078431372547,783.0076790553683,384986
0.9568627450980393,0.8980392156862745,0.30196078431372547,281.00275582957664,460337
0.9411764705882353,0.8823529411764706,0.3215686274509804,3.000029421668078,422166
0.9607843137254902,0.8941176470588236,0.3137254901960784,7.000068650558848,337535
0.9490196078431372,0.8980392156862745,0.3176470588235294,14.000137301117697,359385
0.9647058823529412,0.9098039215686274,0.30980392156862746,29.000284409458086,381219
0.2823529411764706,0.4588235294117647,0.7529411764705882,192.00188298675698,554896
0.2901960784313726,0.4627450980392157,0.7529411764705882,234.00229489011008,560687
0.2823529411764706,0.47058823529411764,0.7490196078431373,93.00091207171042,554986
0.29411764705882354,0.4666666666666667,0.7529411764705882,88.00086303559695,598655
0.28627450980392155,0.4627450980392157,0.7607843137254902,2185.0214287815834,582489
0.29411764705882354,0.4627450980392157,0.7607843137254902,1881.0184473858849,592922
0.2823529411764706,0.4666666666666667,0.7607843137254902,422.0041386479763,543536
0.29411764705882354,0.4666666666666667,0.7607843137254902,901.008836307646,584377
0.3176470588235294,0.5137254901960784,0.807843137254902,231.002265468442,181219
0.33725490196078434,0.5058823529411764,0.803921568627451,171.00167703508043,142000
0.3254901960784314,0.5254901960784314,0.803921568627451,116.00113763783234,370100
0.3411764705882353,0.5254901960784314,0.807843137254902,177.00173587841658,406153
0.3176470588235294,0.5137254901960784,0.8196078431372549,205.002010480652,46313
0.3333333333333333,0.5176470588235295,0.8117647058823529,120.00117686672311,479495
0.3215686274509804,0.5333333333333333,0.8196078431372549,239.00234392622355,410910
0.32941176470588235,0.5294117647058824,0.8235294117647058,239.00234392622355,4964
0.8156862745098039,0.8549019607843137,0.9019607843137255,124.00121609561388,337835
0.8392156862745098,0.8627450980392157,0.9019607843137255,21.000205951676545,474575
0.8235294117647058,0.8666666666666667,0.9019607843137255,59.00057862613886,458353
0.8313725490196079,0.8705882352941177,0.9019607843137255,38.00037267446232,483055
0.8235294117647058,0.8588235294117647,0.9098039215686274,431.0042269129805,514396
0.8352941176470589,0.8549019607843137,0.9137254901960784,219.00214778176968,536193
0.8235294117647058,0.8666666666666667,0.9098039215686274,139.00136320395427,496428
0.8392156862745098,0.8784313725490196,0.9176470588235294,465.00456035855206,510747
0.7529411764705882,0.5882352941176471,0.8509803921568627,15.00014710834039,516953
0.796078431372549,0.5843137254901961,0.8470588235294118,4.0000392288907705,530253
0.7607843137254902,0.6196078431372549,0.8470588235294118,11.000107879449619,508412
0.8117647058823529,0.6039215686274509,0.8431372549019608,4.0000392288907705,530254
0.7568627450980392,0.5764705882352941,0.8627450980392157,211.00206932398814,137265
0.796078431372549,0.596078431372549,0.8666666666666667,2.0000196144453852,142093
0.7607843137254902,0.6,0.8705882352941177,120.00117686672311,114469
0.7843137254901961,0.611764705882353,0.8705882352941177,7.000068650558848,140198
0.7568627450980392,0.7647058823529411,0.8313725490196079,2.0000196144453852,551506
0.8,0.7803921568627451,0.8352941176470589,5.000049036113463,340709
0.7647058823529411,0.792156862745098,0.8470588235294118,16.000156915563082,489840
0.788235294117647,0.807843137254902,0.8470588235294118,3.000029421668078,367214
0.7686274509803922,0.7843137254901961,0.8666666666666667,7.000068650558848,205831
0.792156862745098,0.7764705882352941,0.8784313725490196,3.000029421668078,381418
0.7529411764705882,0.8,0.8862745098039215,329.0032265762659,595084
0.8117647058823529,0.8117647058823529,0.8823529411764706,6.000058843336156,401510
0.8509803921568627,0.8862745098039215,0.6588235294117647,15.00014710834039,344085
0.7725490196078432,0.9725490196078431,0.6431372549019608,7.000068650558848,113855
0.8549019607843137,0.9882352941176471,0.6509803921568628,34.00033344557155,107207
0.788235294117647,0.8941176470588236,0.7058823529411765,3.000029421668078,311947
0.8588235294117647,0.8901960784313725,0.7568627450980392,10.000098072226926,411674
0.803921568627451,0.9803921568627451,0.7137254901960784,7.000068650558848,107204
0.8705882352941177,0.9921568627450981,0.7137254901960784,16.000156915563082,101506
0.5607843137254902,0.3843137254901961,0.13333333333333333,42.00041190335309,490518
0.5803921568627451,0.40784313725490196,0.12941176470588237,50.00049036113463,374498
0.5490196078431373,0.1568627450980392,0.2784313725490196,7.000068650558848,308113
0.5725490196078431,0.13725490196078433,0.30980392156862746,32.000313831126164,386151
0.5372549019607843,0.23137254901960785,0.2627450980392157,1.0000098072226926,315918
0.5490196078431373,0.15294117647058825,0.3803921568627451,14.000137301117697,370015
0.592156862745098,0.13333333333333333,0.3411764705882353,28.000274602235393,307159
0.5019607843137255,0.21176470588235294,0.3764705882352941,5.000049036113463,520759
0.5764705882352941,0.24705882352941178,0.3764705882352941,5.000049036113463,309280
0.7568627450980392,0.8196078431372549,0.8980392156862745,355.0034815640559,513613
0.7803921568627451,0.8196078431372549,0.8941176470588236,226.00221643232854,544743
0.7647058823529411,0.8470588235294118,0.8901960784313725,7.000068650558848,467930
0.7803921568627451,0.8431372549019608,0.9019607843137255,91.00089245726502,496535
0.7568627450980392,0.8274509803921568,0.9137254901960784,207.00203009509738,431787
0.7725490196078432,0.8274509803921568,0.9058823529411765,295.0028931306943,480379
0.7647058823529411,0.8392156862745098,0.9137254901960784,35.00034325279424,407064
0.7764705882352941,0.8352941176470589,0.9098039215686274,248.00243219122777,424181
0.7725490196078432,0.8470588235294118,0.8352941176470589,6.000058843336156,444177
0.8,0.8196078431372549,0.8470588235294118,8.000078457781541,367211
0.7647058823529411,0.8549019607843137,0.8313725490196079,5.000049036113463,190870
0.8117647058823529,0.8509803921568627,0.8509803921568627,3.000029421668078,425183
0.7725490196078432,0.8313725490196079,0.8823529411764706,157.00153973396274,557107
0.792156862745098,0.8392156862745098,0.8823529411764706,158.00154954118543,428976
0.7647058823529411,0.8666666666666667,0.8823529411764706,10.000098072226926,371010
0.8117647058823529,0.8549019607843137,0.8862745098039215,18.000176530008467,503979
0.4392156862745098,0.21176470588235294,0.8549019607843137,8.000078457781541,388293
0.4392156862745098,0.22745098039215686,0.8352941176470589,12.000117686672311,395817
0.4470588235294118,0.21176470588235294,0.8627450980392157,45.00044132502117,387345
0.45098039215686275,0.24313725490196078,0.8823529411764706,298.0029225523624,393020
0.4745098039215686,0.24705882352941178,0.8862745098039215,1.0000098072226926,302720
0.41568627450980394,0.5764705882352941,0.8313725490196079,244.002392962337,554314
0.42745098039215684,0.5686274509803921,0.8352941176470589,140.00137301117695,385617
0.4196078431372549,0.5843137254901961,0.8352941176470589,73.00071592725656,136909
0.42745098039215684,0.596078431372549,0.8392156862745098,168.00164761341236,17806
0.4196078431372549,0.5686274509803921,0.8549019607843137,247.0024223840051,414988
0.43137254901960786,0.5803921568627451,0.8509803921568627,137.00134358950888,536471
0.41568627450980394,0.5843137254901961,0.8549019607843137,207.00203009509738,8646
0.43137254901960786,0.596078431372549,0.8549019607843137,234.00229489011008,385542
0.9450980392156862,0.9137254901960784,0.3058823529411765,299.0029323595851,456559
0.9568627450980393,0.9137254901960784,0.3058823529411765,304.00298139569855,367914
0.9490196078431372,0.9254901960784314,0.30980392156862746,94.0009218789331,458443
0.9568627450980393,0.9215686274509803,0.30980392156862746,315.00308927514817,351731
0.9490196078431372,0.9294117647058824,0.30980392156862746,108.0010591800508,448966
0.9607843137254902,0.9333333333333333,0.3137254901960784,320.00313831126164,346986
0.5647058823529412,0.40784313725490196,0.7058823529411765,93.00091207171042,407587
0.5725490196078431,0.4196078431372549,0.7176470588235294,55.00053939724809,424695
0.5882352941176471,0.4,0.7372549019607844,18.000176530008467,417108
0.6235294117647059,0.39215686274509803,0.7568627450980392,3.000029421668078,162987
0.5647058823529412,0.43529411764705883,0.7411764705882353,152.00149069784928,290852
0.6078431372549019,0.4392156862745098,0.7607843137254902,36.000353060016934,402845
0.8431372549019608,0.5686274509803921,0.2,19.00018633723116,610436
0.8588235294117647,0.5803921568627451,0.21176470588235294,132.00129455339544,610414
0.8666666666666667,0.6078431372549019,0.2196078431372549,127.00124551728196,608553
0.8235294117647058,0.5882352941176471,0.25098039215686274,23.00022556612193,256117
0.8745098039215686,0.5843137254901961,0.24705882352941178,44.000431517798475,608508
0.8196078431372549,0.6078431372549019,0.2549019607843137,1.0000098072226926,411698
0.8705882352941177,0.6078431372549019,0.23137254901960785,11.000107879449619,604742
0.19607843137254902,0.13333333333333333,0.6,71.00069631281117,30074
0.23529411764705882,0.15294117647058825,0.5843137254901961,33.00032363834886,526
0.21568627450980393,0.1803921568627451,0.5764705882352941,18.000176530008467,229644
0.24705882352941178,0.1803921568627451,0.5882352941176471,55.00053939724809,362551
0.21568627450980393,0.1568627450980392,0.6078431372549019,43.00042171057578,40433
0.22745098039215686,0.13333333333333333,0.6196078431372549,24.000235373344623,360659
0.21176470588235294,0.16470588235294117,0.6235294117647059,54.0005295900254,472235
0.24313725490196078,0.1803921568627451,0.6196078431372549,57.00055901169348,364452
0.6588235294117647,0.7568627450980392,0.9529411764705882,187.00183395064352,383334
0.6745098039215687,0.7607843137254902,0.9529411764705882,95.0009316861558,110
0.6705882352941176,0.7843137254901961,0.9607843137254902,104.00101995116003,153019
0.6745098039215687,0.7725490196078432,0.9529411764705882,188.0018437578662,22004
0.6627450980392157,0.7686274509803922,0.9803921568627451,266.00260872123624,329213
0.6745098039215687,0.7647058823529411,0.9725490196078431,109.0010689872735,27813
0.6588235294117647,0.7764705882352941,0.9725490196078431,225.00220662510583,197751
0.6784313725490196,0.7725490196078432,0.9686274509803922,243.0023831551143,292592
0.26666666666666666,0.4588235294117647,0.7686274509803922,792.0077673203725,571642
0.2784313725490196,0.4588235294117647,0.7647058823529411,883.0086597776376,538661
0.27058823529411763,0.4666666666666667,0.7647058823529411,396.00388366018626,592537
0.2784313725490196,0.47058823529411764,0.7647058823529411,1458.0142989306858,563578
0.27058823529411763,0.4627450980392157,0.7725490196078432,458.0044917079932,528438
0.27450980392156865,0.4588235294117647,0.7764705882352941,354.00347175683316,535883
0.27058823529411763,0.4666666666666667,0.7725490196078432,887.0086990065283,608738
0.2784313725490196,0.4666666666666667,0.7764705882352941,409.0040111540813,550303
0.24313725490196078,0.16862745098039217,0.7647058823529411,70.00068650558848,290407
0.20392156862745098,0.25098039215686274,0.7803921568627451,2.0000196144453852,279566
0.24705882352941178,0.1568627450980392,0.8431372549019608,16.000156915563082,283758
0.5019607843137255,0.396078431372549,0.7725490196078432,43.00042171057578,339939
0.5411764705882353,0.4,0.7803921568627451,10.000098072226926,226354
0.5098039215686274,0.4117647058823529,0.7647058823529411,50.00049036113463,491164
0.5450980392156862,0.41568627450980394,0.7843137254901961,81.0007943850381,326875
0.5019607843137255,0.3803921568627451,0.796078431372549,36.000353060016934,501203
0.5333333333333333,0.3803921568627451,0.8196078431372549,5.000049036113463,229200
0.5254901960784314,0.43137254901960786,0.803921568627451,94.0009218789331,338987
0.5333333333333333,0.4117647058823529,0.8156862745098039,33.00032363834886,498352
0.07450980392156863,0.06274509803921569,0.5215686274509804,124.00121609561388,42431
0.12156862745098039,0.058823529411764705,0.5176470588235295,218.002137974547,54766
0.06666666666666667,0.06274509803921569,0.5568627450980392,6.000058843336156,477000
0.09803921568627451,0.06274509803921569,0.5450980392156862,4.0000392288907705,475086
0.1568627450980392,0.38823529411764707,0.7058823529411765,35.00034325279424,16752
0.1843137254901961,0.39215686274509803,0.7137254901960784,6.000058843336156,6115
0.1568627450980392,0.403921568627451,0.7098039215686275,439.00430537076204,2497
0.1803921568627451,0.40784313725490196,0.7098039215686275,7.000068650558848,52674
0.1568627450980392,0.3843137254901961,0.7215686274509804,54.0005295900254,55735
0.17647058823529413,0.39215686274509803,0.7215686274509804,8.000078457781541,322412
0.1568627450980392,0.403921568627451,0.7215686274509804,851.0083459465114,19628
0.1803921568627451,0.403921568627451,0.7294117647058823,7.000068650558848,120028
0.3176470588235294,0.5450980392156862,0.8274509803921568,243.0023831551143,122761
0.33725490196078434,0.5450980392156862,0.8274509803921568,208.00203990232006,156018
0.3215686274509804,0.5529411764705883,0.8392156862745098,57.00055901169348,137995
0.3333333333333333,0.5607843137254902,0.8313725490196079,70.00068650558848,38211
0.3254901960784314,0.5450980392156862,0.8509803921568627,348.003412913497,151208
0.32941176470588235,0.5490196078431373,0.8549019607843137,223.00218701066046,159764
0.3254901960784314,0.5529411764705883,0.8431372549019608,117.00114744505504,108545
0.32941176470588235,0.5568627450980392,0.8509803921568627,134.0013141678408,116126
0.27450980392156865,0.4627450980392157,0.6509803921568628,24.000235373344623,449587
0.30980392156862746,0.44313725490196076,0.6666666666666666,67.0006570839204,515190
0.27450980392156865,0.49411764705882355,0.6627450980392157,14.000137301117697,335667
0.3058823529411765,0.4745098039215686,0.6627450980392157,18.000176530008467,269404
0.2784313725490196,0.4470588235294118,0.6941176470588235,84.00082380670618,366038
0.2980392156862745,0.44313725490196076,0.6941176470588235,103.00101014393734,522577
0.27450980392156865,0.48627450980392156,0.6941176470588235,21.000205951676545,383125
0.3058823529411765,0.4980392156862745,0.6980392156862745,18.000176530008467,394506
0.3843137254901961,0.5725490196078431,0.8627450980392157,216.0021183601016,174901
0.39215686274509803,0.5803921568627451,0.8627450980392157,313.0030696607028,151266
0.38823529411764707,0.596078431372549,0.8705882352941177,53.00051978280271,156964
0.39215686274509803,0.596078431372549,0.8666666666666667,212.00207913121085,130369
0.38823529411764707,0.5686274509803921,0.8862745098039215,113.00110821616427,287854
0.4,0.5686274509803921,0.8784313725490196,204.00200067342928,391261
0.3764705882352941,0.5882352941176471,0.8823529411764706,85.00083361392888,323505
0.396078431372549,0.592156862745098,0.8862745098039215,188.0018437578662,112214
0.9686274509803922,0.8901960784313725,0.6666666666666666,10.000098072226926,558210
0.9764705882352941,0.8862745098039215,0.6431372549019608,249.00244199845045,556308
0.9647058823529412,0.9254901960784314,0.6549019607843137,8.000078457781541,425229
0.9921568627450981,0.9372549019607843,0.6588235294117647,2.0000196144453852,403172
0.9686274509803922,0.8941176470588236,0.6784313725490196,9.000088265004234,559161
0.9725490196078431,0.8823529411764706,0.6784313725490196,55.00053939724809,571509
0.9450980392156862,0.9372549019607843,0.6745098039215687,1.0000098072226926,415713
0.984313725490196,0.9137254901960784,0.6980392156862745,11.000107879449619,563901
0.7843137254901961,0.8627450980392157,0.9882352941176471,414.00406019019476,207979
0.803921568627451,0.8588235294117647,0.9882352941176471,232.0022752756647,262172
0.788235294117647,0.8666666666666667,0.9882352941176471,265.00259891401356,325447
0.8,0.8784313725490196,0.9882352941176471,468.00458978022016,272373
0.2901960784313726,0.47843137254901963,0.8313725490196079,97.00095130060119,332509
0.30980392156862746,0.48627450980392156,0.8274509803921568,18.000176530008467,377954
0.2901960784313726,0.4980392156862745,0.8392156862745098,712.0069827425572,279401
0.30980392156862746,0.49019607843137253,0.8274509803921568,335.00328541960204,304985
0.29411764705882354,0.48627450980392156,0.8431372549019608,12.000117686672311,408441
0.30196078431372547,0.48627450980392156,0.8509803921568627,3.000029421668078,410377
0.29411764705882354,0.5019607843137255,0.8431372549019608,101.00099052949196,277473
0.3058823529411765,0.49411764705882355,0.8431372549019608,97.00095130060119,403656
0.5450980392156862,0.7686274509803922,0.23529411764705882,644.006315851414,138605
0.5490196078431373,0.7686274509803922,0.23529411764705882,215.00210855287892,136728
0.5450980392156862,0.7725490196078432,0.23529411764705882,32.000313831126164,137658
0.5568627450980392,0.7803921568627451,0.24313725490196078,178.0017456856393,189036
0.5411764705882353,0.7686274509803922,0.2549019607843137,77.00075515614733,158540
0.5607843137254902,0.7647058823529411,0.25098039215686274,190.0018633723116,172847
0.5450980392156862,0.7803921568627451,0.24705882352941178,11.000107879449619,140479
0.5529411764705883,0.7725490196078432,0.25098039215686274,27.0002647950127,170907
0.23137254901960785,0.4745098039215686,0.7764705882352941,178.0017456856393,338618
0.23921568627450981,0.4745098039215686,0.7725490196078432,179.00175549286197,411646
0.2196078431372549,0.49411764705882355,0.7725490196078432,59.00057862613886,50113
0.24313725490196078,0.49019607843137253,0.7764705882352941,49.00048055391194,345031
0.23137254901960785,0.47843137254901963,0.788235294117647,276.0027067934632,327099
0.24705882352941178,0.48627450980392156,0.788235294117647,312.00305985348007,338598
0.2235294117647059,0.4980392156862745,0.7843137254901961,194.00190260120237,313896
0.23529411764705882,0.49411764705882355,0.7803921568627451,125.00122590283658,226675
0.9019607843137255,0.7058823529411765,0.403921568627451,22.000215758899238,235240
0.9137254901960784,0.7137254901960784,0.40784313725490196,124.00121609561388,244727
0.8823529411764706,0.7490196078431373,0.396078431372549,2.0000196144453852,404118
0.9333333333333333,0.7333333333333333,0.403921568627451,45.00044132502117,597196
0.9058823529411765,0.7137254901960784,0.4196078431372549,13.000127493895004,250412
0.9098039215686274,0.7019607843137254,0.4392156862745098,44.000431517798475,232388
0.8862745098039215,0.7372549019607844,0.4392156862745098,3.000029421668078,401254
0.9254901960784314,0.7333333333333333,0.43529411764705883,90.00088265004234,405047
0.3803921568627451,0.5450980392156862,0.8352941176470589,187.00183395064352,312517
0.396078431372549,0.5450980392156862,0.8313725490196079,53.00051978280271,239470
0.3764705882352941,0.5568627450980392,0.8313725490196079,268.0026283356816,3992
0.4,0.5568627450980392,0.8352941176470589,202.00198105898392,226932
0.38823529411764707,0.5450980392156862,0.8470588235294118,123.00120628839119,360596
0.39215686274509803,0.5490196078431373,0.8549019607843137,39.00038248168501,142640
0.3764705882352941,0.5607843137254902,0.8431372549019608,310.0030402390347,363451
0.39215686274509803,0.5568627450980392,0.8549019607843137,185.00181433619812,236581
0.7568627450980392,0.6745098039215687,0.39215686274509803,4.0000392288907705,488861
0.8392156862745098,0.6627450980392157,0.4196078431372549,25.000245180567315,568731
0.7529411764705882,0.7137254901960784,0.403921568627451,21.000205951676545,473641
0.8745098039215686,0.7333333333333333,0.403921568627451,7.000068650558848,399357
0.7529411764705882,0.6470588235294118,0.5058823529411764,6.000058843336156,402122
0.8392156862745098,0.6823529411764706,0.49411764705882355,14.000137301117697,248508
0.796078431372549,0.7137254901960784,0.4588235294117647,4.0000392288907705,489811
0.8745098039215686,0.6941176470588235,0.4823529411764706,4.0000392288907705,560175
0.5372549019607843,0.2901960784313726,0.5529411764705883,6.000058843336156,275149
0.6039215686274509,0.2627450980392157,0.5529411764705883,4.0000392288907705,299577
0.5490196078431373,0.3411764705882353,0.5490196078431373,4.0000392288907705,328238
0.5803921568627451,0.3411764705882353,0.5568627450980392,4.0000392288907705,272304
0.5019607843137255,0.26666666666666666,0.5764705882352941,3.000029421668078,534988
0.5725490196078431,0.30980392156862746,0.6235294117647059,8.000078457781541,156353
0.5098039215686274,0.35294117647058826,0.6039215686274509,47.00046093946655,418022
0.596078431372549,0.37254901960784315,0.6235294117647059,9.000088265004234,370967
0.8392156862745098,0.7215686274509804,0.9137254901960784,13.000127493895004,242628
0.8549019607843137,0.7137254901960784,0.9019607843137255,5.000049036113463,109792
0.8352941176470589,0.7490196078431373,0.9137254901960784,12.000117686672311,501763
0.8705882352941177,0.7490196078431373,0.8941176470588236,11.000107879449619,526439
0.8196078431372549,0.7058823529411765,0.9333333333333333,245.0024027695597,106896
0.8666666666666667,0.7058823529411765,0.9215686274509803,8.000078457781541,140193
0.8313725490196079,0.7529411764705882,0.9254901960784314,38.00037267446232,322743
0.8588235294117647,0.7450980392156863,0.9254901960784314,8.000078457781541,112564
0.6431372549019608,0.5764705882352941,0.8549019607843137,18.000176530008467,400929
0.6745098039215687,0.5686274509803921,0.8509803921568627,27.0002647950127,180979
0.6549019607843137,0.6078431372549019,0.8549019607843137,13.000127493895004,399034
0.6862745098039216,0.6235294117647059,0.8352941176470589,9.000088265004234,533102
0.6352941176470588,0.5764705882352941,0.8627450980392157,89.00087284281965,330434
0.6588235294117647,0.5803921568627451,0.8784313725490196,102.00100033671464,241942
0.6392156862745098,0.6196078431372549,0.8823529411764706,12.000117686672311,293259
0.6705882352941176,0.6039215686274509,0.8823529411764706,67.0006570839204,325687
0.6549019607843137,0.592156862745098,0.9098039215686274,50.00049036113463,294372
0.6823529411764706,0.5764705882352941,0.8901960784313725,78.00076496337002,343616
0.6352941176470588,0.6235294117647059,0.9098039215686274,17.000166722785774,368117
0.6784313725490196,0.611764705882353,0.8901960784313725,133.00130436061812,337071
0.6509803921568628,0.5882352941176471,0.9411764705882353,9.000088265004234,361332
0.6666666666666666,0.5686274509803921,0.9333333333333333,22.000215758899238,302853
0.6352941176470588,0.6274509803921569,0.9215686274509803,7.000068650558848,273770
0.6862745098039216,0.6274509803921569,0.9333333333333333,21.000205951676545,290561
0.3803921568627451,0.058823529411764705,0.15294117647058825,8.000078457781541,513188
0.4235294117647059,0.09803921568627451,0.19607843137254902,21.000205951676545,524558
0.49019607843137253,0.12156862745098039,0.16470588235294117,21.000205951676545,510324
0.3764705882352941,0.06274509803921569,0.22745098039215686,7.000068650558848,116209
0.41568627450980394,0.10196078431372549,0.21568627450980393,23.00022556612193,509375
0.4588235294117647,0.11764705882352941,0.24705882352941178,4.0000392288907705,509376
0.25098039215686274,0.4470588235294118,0.7647058823529411,493.00483496078743,602146
0.2627450980392157,0.44313725490196076,0.7686274509803922,934.009159945995,611714
0.25098039215686274,0.4549019607843137,0.7647058823529411,1338.0131220639628,439994
0.25882352941176473,0.45098039215686275,0.7686274509803922,683.006698333099,605041
0.2549019607843137,0.4470588235294118,0.7764705882352941,249.00244199845045,586052
0.2627450980392157,0.4470588235294118,0.7725490196078432,79.00077477059271,372256
0.2549019607843137,0.4549019607843137,0.7764705882352941,426.00417787686706,440928
0.2627450980392157,0.45098039215686275,0.7764705882352941,1161.0113861855461,449414
0.5254901960784314,0.4588235294117647,0.7764705882352941,24.000235373344623,363924
0.5529411764705883,0.4549019607843137,0.7803921568627451,129.00126513172734,303225
0.5254901960784314,0.49019607843137253,0.788235294117647,14.000137301117697,307686
0.5490196078431373,0.48627450980392156,0.7764705882352941,17.000166722785774,211497
0.5019607843137255,0.4549019607843137,0.8117647058823529,8.000078457781541,365614
0.5490196078431373,0.4588235294117647,0.8,96.00094149337849,348470
0.5137254901960784,0.4980392156862745,0.8156862745098039,15.00014710834039,535948
0.5607843137254902,0.4980392156862745,0.807843137254902,32.000313831126164,299439
0.2823529411764706,0.4627450980392157,0.7686274509803922,618.006060863624,547420
0.2901960784313726,0.4627450980392157,0.7686274509803922,803.0078751998221,579609
0.28627450980392155,0.47058823529411764,0.7686274509803922,1709.0167605435818,576890
0.2901960784313726,0.4666666666666667,0.7686274509803922,1425.013975292337,573055
0.2823529411764706,0.4588235294117647,0.7764705882352941,153.00150050507196,530212
0.2901960784313726,0.4627450980392157,0.7725490196078432,32.000313831126164,540655
0.28627450980392155,0.4666666666666667,0.7764705882352941,151.0014808906266,558853
0.29411764705882354,0.47058823529411764,0.7725490196078432,467.0045799729975,590184
0.3843137254901961,0.1568627450980392,0.6823529411764706,2.0000196144453852,268510
0.4235294117647059,0.20784313725490197,0.6470588235294118,16.000156915563082,505428
0.4470588235294118,0.22745098039215686,0.6705882352941176,6.000058843336156,506378
0.396078431372549,0.16470588235294117,0.7254901960784313,5.000049036113463,278781
0.38823529411764707,0.25098039215686274,0.7568627450980392,54.0005295900254,442479
0.5568627450980392,0.6705882352941176,0.5568627450980392,12.000117686672311,173540
0.611764705882353,0.6784313725490196,0.5254901960784314,12.000117686672311,365086
0.5529411764705883,0.7254901960784313,0.5450980392156862,11.000107879449619,147115
0.6039215686274509,0.7215686274509804,0.5686274509803921,10.000098072226926,175438
0.5568627450980392,0.6392156862745098,0.6039215686274509,9.000088265004234,420291
0.6,0.6862745098039216,0.5882352941176471,16.000156915563082,330886
0.5411764705882353,0.7333333333333333,0.5764705882352941,7.000068650558848,146164
0.6,0.7372549019607844,0.6078431372549019,6.000058843336156,312901
0.6549019607843137,0.7686274509803922,0.8549019607843137,3.000029421668078,524751
0.6823529411764706,0.7568627450980392,0.8431372549019608,41.0004020961304,520149
0.6470588235294118,0.792156862745098,0.8352941176470589,4.0000392288907705,193730
0.6666666666666666,0.8117647058823529,0.8549019607843137,4.0000392288907705,159471
0.6549019607843137,0.7568627450980392,0.8666666666666667,27.0002647950127,390021
0.6784313725490196,0.7568627450980392,0.8666666666666667,243.0023831551143,412764
0.6470588235294118,0.8,0.8588235294117647,3.000029421668078,71110
0.6666666666666666,0.8,0.8862745098039215,7.000068650558848,160421
0.4470588235294118,0.32941176470588235,0.7725490196078432,58.00056881891617,419584
0.49411764705882355,0.3254901960784314,0.7725490196078432,7.000068650558848,232996
0.4549019607843137,0.34901960784313724,0.7725490196078432,147.0014416617358,491692
0.4823529411764706,0.3764705882352941,0.7764705882352941,82.0008041922608,336147
0.4392156862745098,0.3215686274509804,0.8196078431372549,4.0000392288907705,388205
0.48627450980392156,0.3333333333333333,0.8156862745098039,7.000068650558848,365132
0.4666666666666667,0.35294117647058826,0.803921568627451,10.000098072226926,386304
0.4823529411764706,0.3568627450980392,0.8,17.000166722785774,356069
0.5137254901960784,0.6431372549019608,0.8901960784313725,194.00190260120237,229916
0.5254901960784314,0.6431372549019608,0.8941176470588236,59.00057862613886,210539
0.5098039215686274,0.6588235294117647,0.8901960784313725,243.0023831551143,256637
0.5254901960784314,0.6549019607843137,0.8941176470588236,206.00202028787467,387541
0.5019607843137255,0.6431372549019608,0.9137254901960784,104.00101995116003,247139
0.5294117647058824,0.6392156862745098,0.9058823529411765,34.00033344557155,377140
0.5058823529411764,0.6509803921568628,0.9137254901960784,271.0026577573497,229949
0.5215686274509804,0.6549019607843137,0.9098039215686274,216.0021183601016,147259
0.3803921568627451,0.5450980392156862,0.807843137254902,231.002265468442,216230
0.4,0.5372549019607843,0.807843137254902,136.0013337822862,103070
0.3764705882352941,0.5529411764705883,0.803921568627451,70.00068650558848,536135
0.396078431372549,0.5568627450980392,0.807843137254902,180.00176530008468,534349
0.3843137254901961,0.5411764705882353,0.8156862745098039,216.0021183601016,482327
0.396078431372549,0.5372549019607843,0.8196078431372549,110.00107879449618,418500
0.38823529411764707,0.5529411764705883,0.8235294117647058,155.00152011951735,432405
0.39215686274509803,0.5529411764705883,0.8235294117647058,223.00218701066046,593134
0.8823529411764706,0.6784313725490196,0.8980392156862745,5.000049036113463,497801
0.9490196078431372,0.6431372549019608,0.9176470588235294,13.000127493895004,21928
0.9019607843137255,0.7176470588235294,0.9450980392156862,16.000156915563082,142087
0.9568627450980393,0.7019607843137254,0.9019607843137255,12.000117686672311,31352
0.8901960784313725,0.6862745098039216,0.9529411764705882,5.000049036113463,143036
0.9490196078431372,0.6705882352941176,0.9725490196078431,4.0000392288907705,42796
0.8980392156862745,0.7411764705882353,0.984313725490196,13.000127493895004,208294
0.9529411764705882,0.7019607843137254,0.9803921568627451,14.000137301117697,152543
0.26666666666666666,0.40784313725490196,0.6666666666666666,24.000235373344623,407754
0.2901960784313726,0.4,0.6588235294117647,22.000215758899238,34579
0.25098039215686274,0.43137254901960786,0.6470588235294118,18.000176530008467,385971
0.3058823529411765,0.4235294117647059,0.6666666666666666,25.000245180567315,416381
0.2549019607843137,0.40784313725490196,0.6901960784313725,36.000353060016934,160909
0.2980392156862745,0.396078431372549,0.6823529411764706,28.000274602235393,43126
0.25882352941176473,0.43137254901960786,0.6862745098039216,71.00069631281117,27937
0.3058823529411765,0.43529411764705883,0.6941176470588235,103.00101014393734,397315
0.21568627450980393,0.08235294117647059,0.592156862745098,28.000274602235393,367041
0.23529411764705882,0.08235294117647059,0.5843137254901961,12.000117686672311,371780
0.2,0.10588235294117647,0.596078431372549,21.000205951676545,361610
0.2235294117647059,0.11372549019607843,0.5764705882352941,4.0000392288907705,23405
0.19215686274509805,0.08235294117647059,0.6235294117647059,73.00071592725656,447167
0.23137254901960785,0.09019607843137255,0.6078431372549019,125.00122590283658,274975
0.2,0.11372549019607843,0.6352941176470588,33.00032363834886,296023
0.23137254901960785,0.10588235294117647,0.6313725490196078,30.00029421668078,315049
0.5333333333333333,0.6745098039215687,0.9215686274509803,218.002137974547,153051
0.5607843137254902,0.6745098039215687,0.9333333333333333,78.00076496337002,181558
0.5450980392156862,0.6862745098039216,0.9254901960784314,229.0022458539966,150209
0.5529411764705883,0.6901960784313725,0.9333333333333333,249.00244199845045,147364
0.5450980392156862,0.6745098039215687,0.9372549019607843,83.00081399948348,163492
0.5529411764705883,0.6666666666666666,0.9490196078431372,45.00044132502117,240153
0.5450980392156862,0.6862745098039216,0.9490196078431372,170.00166722785775,181469
0.5607843137254902,0.6901960784313725,0.9411764705882353,227.00222623955122,145466
0.788235294117647,0.8313725490196079,0.8980392156862745,114.00111802338697,522943
0.8,0.8313725490196079,0.8980392156862745,14.000137301117697,518135
0.788235294117647,0.8470588235294118,0.8980392156862745,236.00231450455544,487978
0.8117647058823529,0.8431372549019608,0.8901960784313725,192.00188298675698,522914
0.7843137254901961,0.8313725490196079,0.9137254901960784,63.00061785502963,392342
0.8,0.8313725490196079,0.9058823529411765,5.000049036113463,542844
0.7843137254901961,0.8392156862745098,0.9176470588235294,439.00430537076204,469671
0.807843137254902,0.8470588235294118,0.9058823529411765,231.002265468442,449852
0.5294117647058824,0.38823529411764707,0.6549019607843137,24.000235373344623,426582
0.5450980392156862,0.40784313725490196,0.6392156862745098,4.0000392288907705,220043
0.5019607843137255,0.4392156862745098,0.6666666666666666,34.00033344557155,242872
0.5333333333333333,0.4117647058823529,0.6549019607843137,3.000029421668078,296721
0.5176470588235295,0.3803921568627451,0.6980392156862745,65.00063746947502,324942
0.5450980392156862,0.3843137254901961,0.6784313725490196,142.00139262562234,424687
0.5019607843137255,0.4392156862745098,0.6745098039215687,46.00045113224386,227681
0.5568627450980392,0.4196078431372549,0.6823529411764706,4.0000392288907705,415171
0.5333333333333333,0.6705882352941176,0.8901960784313725,185.00181433619812,141786
0.5490196078431373,0.6745098039215687,0.8980392156862745,137.00134358950888,94188
0.5333333333333333,0.6784313725490196,0.8980392156862745,82.0008041922608,371426
0.5568627450980392,0.6901960784313725,0.8941176470588236,157.00153973396274,64437
0.5333333333333333,0.6627450980392157,0.9176470588235294,206.00202028787467,381771
0.5529411764705883,0.6745098039215687,0.9176470588235294,118.00115725227772,180582
0.5333333333333333,0.6784313725490196,0.9176470588235294,188.0018437578662,175837
0.5529411764705883,0.6862745098039216,0.9098039215686274,210.00205951676546,33984
0.6509803921568628,0.5568627450980392,0.41568627450980394,15.00014710834039,476526
0.7450980392156863,0.5333333333333333,0.40784313725490196,10.000098072226926,606601
0.6313725490196078,0.5686274509803921,0.4235294117647059,6.000058843336156,389699
0.7058823529411765,0.5686274509803921,0.39215686274509803,8.000078457781541,336819
0.6549019607843137,0.5294117647058824,0.49019607843137253,11.000107879449619,609451
0.7137254901960784,0.5058823529411764,0.4549019607843137,9.000088265004234,233356
0.6470588235294118,0.611764705882353,0.5019607843137255,14.000137301117697,353907
0.6980392156862745,0.611764705882353,0.49019607843137253,7.000068650558848,340612
0.6901960784313725,0.8901960784313725,0.3411764705882353,73.00071592725656,119641
0.7098039215686275,0.9058823529411765,0.3764705882352941,240.00235373344623,120561
0.7176470588235294,0.9137254901960784,0.3843137254901961,6.000058843336156,115834
0.7215686274509804,0.9137254901960784,0.3843137254901961,1.0000098072226926,120557
0.8862745098039215,0.9215686274509803,0.9215686274509803,46.00045113224386,333936
0.9058823529411765,0.9137254901960784,0.9294117647058824,65.00063746947502,441285
0.8784313725490196,0.9294117647058824,0.9333333333333333,7.000068650558848,335916
0.9019607843137255,0.9372549019607843,0.9215686274509803,10.000098072226926,22739
0.8901960784313725,0.9137254901960784,0.9450980392156862,492.00482515356475,459273
0.8941176470588236,0.9137254901960784,0.9490196078431372,561.0055018519306,458320
0.8901960784313725,0.9333333333333333,0.9411764705882353,21.000205951676545,385327
0.9058823529411765,0.9294117647058824,0.9490196078431372,77.00075515614733,8685
0.5725490196078431,0.7019607843137254,0.9294117647058824,228.00223604677393,130293
0.5843137254901961,0.6980392156862745,0.9254901960784314,191.0018731795343,226143
0.5764705882352941,0.7176470588235294,0.9333333333333333,90.00088265004234,62058
0.592156862745098,0.7176470588235294,0.9333333333333333,161.0015789628535,397578
0.5686274509803921,0.7019607843137254,0.9450980392156862,201.0019712517612,144493
0.5803921568627451,0.6980392156862745,0.9372549019607843,124.00121609561388,230881
0.5764705882352941,0.7137254901960784,0.9450980392156862,117.00114744505504,167997
0.592156862745098,0.7215686274509804,0.9372549019607843,162.0015887700762,246800
0.788235294117647,0.8627450980392157,0.9529411764705882,124.00121609561388,427074
0.803921568627451,0.8627450980392157,0.9647058823529412,138.0013533967316,308352
0.788235294117647,0.8705882352941177,0.9647058823529412,75.00073554170194,296963
0.807843137254902,0.8745098039215686,0.9568627450980393,150.00147108340389,275441
0.796078431372549,0.8509803921568627,0.9803921568627451,261.0025596851228,120815
0.803921568627451,0.8588235294117647,0.9725490196078431,156.00152992674003,177514
0.788235294117647,0.8666666666666667,0.9803921568627451,106.00103956560542,268979
0.807843137254902,0.8745098039215686,0.9686274509803922,259.0025400706774,403259
0.5019607843137255,0.7254901960784313,0.2196078431372549,252.00247142011852,182393
0.5176470588235295,0.7254901960784313,0.22745098039215686,648.0063550803048,149091
0.5215686274509804,0.7411764705882353,0.22745098039215686,369.00361886517356,146217
0.8823529411764706,0.20392156862745098,0.5411764705882353,45.00044132502117,15277
0.9215686274509803,0.21176470588235294,0.5294117647058824,124.00121609561388,37078
0.9058823529411765,0.21176470588235294,0.5607843137254902,57.00055901169348,30464
0.9098039215686274,0.21176470588235294,0.5529411764705883,91.00089245726502,38977
0.5764705882352941,0.6509803921568628,0.7725490196078432,26.000254987790008,509623
0.6078431372549019,0.6588235294117647,0.7647058823529411,12.000117686672311,529685
0.5686274509803921,0.6705882352941176,0.7764705882352941,7.000068650558848,479462
0.6,0.6627450980392157,0.788235294117647,10.000098072226926,597002
0.592156862745098,0.6431372549019608,0.803921568627451,77.00075515614733,553403
0.6078431372549019,0.6470588235294118,0.8196078431372549,15.00014710834039,535372
0.5843137254901961,0.6627450980392157,0.796078431372549,107.0010493728281,498465
0.596078431372549,0.6666666666666666,0.796078431372549,61.00059824058425,572295
0.3411764705882353,0.44313725490196076,0.6666666666666666,33.00032363834886,485576
0.3607843137254902,0.4549019607843137,0.6509803921568628,35.00034325279424,425005
0.32941176470588235,0.4745098039215686,0.6549019607843137,18.000176530008467,502729
0.36470588235294116,0.5019607843137255,0.6666666666666666,21.000205951676545,305208
0.3215686274509804,0.4588235294117647,0.6823529411764706,89.00087284281965,395572
0.3568627450980392,0.4666666666666667,0.6941176470588235,54.0005295900254,585468
0.3215686274509804,0.4823529411764706,0.6980392156862745,22.000215758899238,493168
0.37254901960784315,0.49019607843137253,0.6941176470588235,41.0004020961304,563983
0.7568627450980392,0.9529411764705882,0.5254901960784314,10.000098072226926,120512
0.8117647058823529,0.9725490196078431,0.5254901960784314,33.00032363834886,98791
0.7803921568627451,0.984313725490196,0.5294117647058824,8.000078457781541,117667
0.8117647058823529,0.9882352941176471,0.5176470588235295,230.0022556612193,98750
0.7686274509803922,0.9529411764705882,0.5647058823529412,3.000029421668078,119559
0.792156862745098,0.9686274509803922,0.5686274509803921,4.0000392288907705,117660
0.8117647058823529,0.9882352941176471,0.5529411764705883,23.00022556612193,113866
0.16470588235294117,0.4235294117647059,0.7647058823529411,18.000176530008467,42302
0.1843137254901961,0.4196078431372549,0.7725490196078432,349.0034227207197,457892
0.16862745098039217,0.4392156862745098,0.7725490196078432,127.00124551728196,108007
0.17254901960784313,0.4392156862745098,0.7647058823529411,683.006698333099,104114
0.16862745098039217,0.41568627450980394,0.788235294117647,4.0000392288907705,73575
0.16470588235294117,0.42745098039215684,0.7803921568627451,13.000127493895004,94529
0.17254901960784313,0.43529411764705883,0.7843137254901961,49.00048055391194,75475
0.23921568627450981,0.44313725490196076,0.7803921568627451,1685.016525170237,532864
0.24313725490196078,0.4470588235294118,0.7843137254901961,77.00075515614733,389617
0.23529411764705882,0.4549019607843137,0.7843137254901961,1251.0122688355884,468259
0.24313725490196078,0.45098039215686275,0.7843137254901961,565.0055410808213,381064
0.23529411764705882,0.4470588235294118,0.788235294117647,335.00328541960204,492876
0.24313725490196078,0.4470588235294118,0.792156862745098,32.000313831126164,431452
0.23529411764705882,0.4549019607843137,0.792156862745098,796.0078065492634,475788
0.24705882352941178,0.4549019607843137,0.792156862745098,227.00222623955122,391521
0.6470588235294118,0.15294117647058825,0.38823529411764707,15.00014710834039,302423
0.7098039215686275,0.17254901960784313,0.43529411764705883,7.000068650558848,301474
0.6392156862745098,0.2,0.403921568627451,15.00014710834039,370966
0.7450980392156863,0.19215686274509805,0.39215686274509803,15.00014710834039,374749
0.6588235294117647,0.17647058823529413,0.4823529411764706,1.0000098072226926,308129
0.7215686274509804,0.1843137254901961,0.4627450980392157,3.000029421668078,310976
0.6862745098039216,0.24313725490196078,0.4588235294117647,10.000098072226926,306212
0.7019607843137254,0.2235294117647059,0.45098039215686275,11.000107879449619,311919
0.4392156862745098,0.3803921568627451,0.596078431372549,16.000156915563082,217835
0.47058823529411764,0.38823529411764707,0.592156862745098,10.000098072226926,32691
0.45098039215686275,0.4392156862745098,0.6039215686274509,3.000029421668078,229562
0.4980392156862745,0.4117647058823529,0.6,5.000049036113463,227650
0.4588235294117647,0.3803921568627451,0.6313725490196078,89.00087284281965,41254
0.4823529411764706,0.40784313725490196,0.6313725490196078,106.00103956560542,221950
0.4627450980392157,0.43137254901960786,0.6313725490196078,26.000254987790008,228613
0.47058823529411764,0.43137254901960786,0.6274509803921569,52.000509975580016,235268
0.5725490196078431,0.403921568627451,0.9686274509803922,93.00091207171042,235840
0.611764705882353,0.40784313725490196,0.9647058823529412,32.000313831126164,236775
0.592156862745098,0.43529411764705883,0.9568627450980393,48.000470746689246,318989
0.6,0.43137254901960786,0.9568627450980393,133.00130436061812,273271
0.27058823529411763,0.2,0.6431372549019608,42.00041190335309,226786
0.2980392156862745,0.20392156862745098,0.6392156862745098,26.000254987790008,508808
0.2627450980392157,0.22745098039215686,0.6588235294117647,19.00018633723116,293169
0.2823529411764706,0.24313725490196078,0.6431372549019608,50.00049036113463,223947
0.2549019607843137,0.2,0.6862745098039216,53.00051978280271,514518
0.2823529411764706,0.19607843137254902,0.6901960784313725,34.00033344557155,313136
0.2627450980392157,0.25098039215686274,0.6941176470588235,16.000156915563082,471288
0.2901960784313726,0.22745098039215686,0.6901960784313725,66.00064727669772,346409
0.3764705882352941,0.5058823529411764,0.7215686274509804,37.00036286723963,538374
0.4196078431372549,0.5294117647058824,0.7137254901960784,20.000196144453852,302335
0.3803921568627451,0.5607843137254902,0.7176470588235294,10.000098072226926,476216
0.4235294117647059,0.5607843137254902,0.7137254901960784,18.000176530008467,302343
0.3764705882352941,0.5176470588235295,0.7490196078431373,86.00084342115156,447647
0.40784313725490196,0.5215686274509804,0.7450980392156863,44.000431517798475,551468
0.4,0.5607843137254902,0.7450980392156863,23.00022556612193,307113
0.40784313725490196,0.5372549019607843,0.7607843137254902,65.00063746947502,611246
0.34509803921568627,0.5098039215686274,0.7647058823529411,187.00183395064352,587450
0.36470588235294116,0.5098039215686274,0.7725490196078432,71.00069631281117,401109
0.35294117647058826,0.5215686274509804,0.7764705882352941,44.000431517798475,605583
0.37254901960784315,0.5294117647058824,0.7647058823529411,114.00111802338697,539130
0.34901960784313724,0.5137254901960784,0.788235294117647,247.0024223840051,609400
0.3607843137254902,0.5176470588235295,0.7803921568627451,86.00084342115156,586514
0.3568627450980392,0.5215686274509804,0.7843137254901961,206.00202028787467,387144
0.3607843137254902,0.5215686274509804,0.788235294117647,234.00229489011008,555257
0.7333333333333333,0.796078431372549,0.8941176470588236,231.002265468442,567546
0.7490196078431373,0.8,0.8941176470588236,171.00167703508043,547581
0.7333333333333333,0.807843137254902,0.8901960784313725,66.00064727669772,381894
0.7490196078431373,0.8117647058823529,0.8941176470588236,287.0028146729128,513511
0.7215686274509804,0.8,0.9098039215686274,125.00122590283658,13392
0.7372549019607844,0.796078431372549,0.9058823529411765,58.00056881891617,493698
0.7215686274509804,0.8117647058823529,0.9058823529411765,71.00069631281117,334945
0.7450980392156863,0.8156862745098039,0.9176470588235294,176.0017260711939,525844
0.19607843137254902,0.4470588235294118,0.7333333333333333,111.00108860171888,183927
0.21176470588235294,0.45098039215686275,0.7411764705882353,108.0010591800508,304333
0.18823529411764706,0.4627450980392157,0.7333333333333333,76.00074534892464,27933
0.21568627450980393,0.4666666666666667,0.7411764705882353,52.000509975580016,39325
0.2,0.44313725490196076,0.7529411764705882,201.0019712517612,294825
0.21568627450980393,0.4549019607843137,0.7490196078431373,127.00124551728196,334709
0.19607843137254902,0.47058823529411764,0.7607843137254902,315.00308927514817,51062
0.20784313725490197,0.4627450980392157,0.7568627450980392,193.00189279397966,312913
0.7568627450980392,0.8235294117647058,0.9607843137254902,147.0014416617358,161652
0.7686274509803922,0.8313725490196079,0.9647058823529412,76.00074534892464,260283
0.7607843137254902,0.8352941176470589,0.9529411764705882,153.00150050507196,263129
0.7725490196078432,0.8431372549019608,0.9607843137254902,177.00173587841658,401369
0.7529411764705882,0.8313725490196079,0.9686274509803922,170.00166722785775,153956
0.7803921568627451,0.8274509803921568,0.9725490196078431,72.00070612003387,229760
0.7647058823529411,0.8392156862745098,0.9764705882352941,181.00177510730737,153950
0.7686274509803922,0.8431372549019608,0.9686274509803922,194.00190260120237,249025
0.5098039215686274,0.29411764705882354,0.8235294117647058,1.0000098072226926,268512
0.5019607843137255,0.3333333333333333,0.8117647058823529,10.000098072226926,268325
0.6235294117647059,0.3215686274509804,0.7686274509803922,1.0000098072226926,494021
0.5019607843137255,0.30980392156862746,0.8823529411764706,9.000088265004234,384464
0.5137254901960784,0.3254901960784314,0.8862745098039215,52.000509975580016,379724
0.25882352941176473,0.11764705882352941,0.7764705882352941,320.00313831126164,377904
0.27058823529411763,0.11764705882352941,0.7764705882352941,416.0040798046401,397851
0.2549019607843137,0.12156862745098039,0.7843137254901961,258.0025302634547,255809
0.27450980392156865,0.12156862745098039,0.7803921568627451,160.00156915563082,399752
0.6549019607843137,0.8470588235294118,0.32941176470588235,10.000098072226926,122548
0.6470588235294118,0.8627450980392157,0.32941176470588235,34.00033344557155,130038
0.6745098039215687,0.8745098039215686,0.32941176470588235,164.0016083845216,119653
0.6352941176470588,0.8196078431372549,0.36470588235294116,4.0000392288907705,187083
0.6352941176470588,0.8549019607843137,0.3686274509803922,18.000176530008467,130970
0.6705882352941176,0.8705882352941177,0.3568627450980392,58.00056881891617,126247
0.45098039215686275,0.6,0.8901960784313725,240.00235373344623,231855
0.4627450980392157,0.611764705882353,0.8901960784313725,121.00118667394581,171969
0.4470588235294118,0.6196078431372549,0.9019607843137255,156.00152992674003,172022
0.4627450980392157,0.6235294117647059,0.8901960784313725,313.0030696607028,219455
0.4470588235294118,0.611764705882353,0.9058823529411765,70.00068650558848,324883
0.4588235294117647,0.611764705882353,0.9137254901960784,49.00048055391194,307812
0.4392156862745098,0.615686274509804,0.9058823529411765,66.00064727669772,323454
0.4588235294117647,0.6235294117647059,0.9098039215686274,137.00134358950888,226924
0.8941176470588236,0.8470588235294118,0.9137254901960784,48.000470746689246,505552
0.9137254901960784,0.8196078431372549,0.9176470588235294,1.0000098072226926,315889
0.8901960784313725,0.8784313725490196,0.9019607843137255,11.000107879449619,337762
0.9137254901960784,0.8588235294117647,0.9176470588235294,5.000049036113463,611539
0.9019607843137255,0.8431372549019608,0.9294117647058824,69.0006766983658,517890
0.9098039215686274,0.8352941176470589,0.9333333333333333,9.000088265004234,501758
0.8901960784313725,0.8705882352941177,0.9254901960784314,60.00058843336156,611535
0.9137254901960784,0.8784313725490196,0.9215686274509803,83.00081399948348,611526
0.17647058823529413,0.44313725490196076,0.7529411764705882,661.0064825741998,25098
0.1843137254901961,0.4470588235294118,0.7529411764705882,88.00086303559695,314859
0.17647058823529413,0.45098039215686275,0.7529411764705882,17.000166722785774,58655
0.1803921568627451,0.4549019607843137,0.7490196078431373,145.00142204729042,30778
0.17647058823529413,0.4470588235294118,0.7607843137254902,2403.0235667561305,74806
0.1803921568627451,0.4470588235294118,0.7568627450980392,141.00138281839966,145003
0.17647058823529413,0.45098039215686275,0.7607843137254902,246.00241257678238,69112
0.1803921568627451,0.4549019607843137,0.7607843137254902,867.0085028620745,68175
0.5098039215686274,0.6509803921568628,0.9568627450980393,25.000245180567315,301169
0.5411764705882353,0.6509803921568628,0.9568627450980393,13.000127493895004,178358
0.5176470588235295,0.6784313725490196,0.9647058823529412,89.00087284281965,210904
0.5372549019607843,0.6901960784313725,0.9568627450980393,158.00154954118543,166319
0.3764705882352941,0.4549019607843137,0.12941176470588237,222.00217720343775,494252
0.40784313725490196,0.47058823529411764,0.13333333333333333,51.00050016835732,476175
0.3843137254901961,0.4745098039215686,0.13333333333333333,6.000058843336156,493312
0.4117647058823529,0.4745098039215686,0.13333333333333333,6.000058843336156,475226
0.1450980392156863,0.06666666666666667,0.47843137254901963,27.0002647950127,77280
0.1568627450980392,0.09411764705882353,0.4588235294117647,15.00014710834039,84861
0.13725490196078433,0.10980392156862745,0.4745098039215686,6.000058843336156,81061
0.1803921568627451,0.11764705882352941,0.47058823529411764,3.000029421668078,515461
0.1411764705882353,0.0784313725490196,0.5019607843137255,151.0014808906266,5266
0.16862745098039217,0.06666666666666667,0.5058823529411764,42.00041190335309,81089
0.15294117647058825,0.11764705882352941,0.5058823529411764,15.00014710834039,118134
0.17647058823529413,0.11372549019607843,0.5058823529411764,25.000245180567315,12851
0.3568627450980392,0.5058823529411764,0.807843137254902,123.00120628839119,523158
0.3686274509803922,0.5137254901960784,0.796078431372549,58.00056881891617,521258
0.34901960784313724,0.5294117647058824,0.8,246.00241257678238,440201
0.3607843137254902,0.5254901960784314,0.807843137254902,258.0025302634547,482003
0.35294117647058826,0.5176470588235295,0.8235294117647058,72.00070612003387,433553
0.3607843137254902,0.5176470588235295,0.8235294117647058,21.000205951676545,394166
0.3568627450980392,0.5215686274509804,0.8156862745098039,222.00217720343775,573314
0.3607843137254902,0.5254901960784314,0.8196078431372549,131.00128474617273,399216
0.5725490196078431,0.7764705882352941,0.35294117647058826,47.00046093946655,194747
0.5882352941176471,0.792156862745098,0.33725490196078434,55.00053939724809,193779
0.615686274509804,0.807843137254902,0.3333333333333333,50.00049036113463,183279
0.592156862745098,0.7843137254901961,0.3803921568627451,31.00030402390347,180410
0.596078431372549,0.7725490196078432,0.3764705882352941,3.000029421668078,195681
0.5882352941176471,0.807843137254902,0.37254901960784315,42.00041190335309,134764
0.6,0.788235294117647,0.3843137254901961,54.0005295900254,181361
0.8901960784313725,0.19607843137254902,0.35294117647058826,76.00074534892464,19951
0.9098039215686274,0.2,0.35294117647058826,19.00018633723116,13313
0.9058823529411765,0.2,0.3803921568627451,64.00062766225233,23753
0.9215686274509803,0.20392156862745098,0.3764705882352941,123.00120628839119,23760
0.5019607843137255,0.12941176470588237,0.396078431372549,11.000107879449619,155402
0.5843137254901961,0.1843137254901961,0.396078431372549,11.000107879449619,387103
0.5294117647058824,0.23529411764705882,0.403921568627451,13.000127493895004,314974
0.5686274509803921,0.2235294117647059,0.4470588235294118,8.000078457781541,383292
0.5019607843137255,0.12941176470588237,0.4823529411764706,8.000078457781541,149688
0.615686274509804,0.17647058823529413,0.47843137254901963,5.000049036113463,312872
0.5215686274509804,0.24705882352941178,0.4588235294117647,8.000078457781541,307157
0.6235294117647059,0.19215686274509805,0.47058823529411764,6.000058843336156,307169
0.9921568627450981,0.9921568627450981,0.984313725490196,136.0013337822862,192011
0.996078431372549,0.9921568627450981,0.9882352941176471,172.00168684230312,40054
0.9882352941176471,1.0,0.9882352941176471,185.00181433619812,242109
1.0,1.0,0.9882352941176471,254.00249103456392,18981
0.9921568627450981,0.9921568627450981,0.9921568627450981,806.0079046214903,273373
0.996078431372549,0.996078431372549,0.996078431372549,1240.0121609561388,249710
0.9921568627450981,1.0,0.9921568627450981,703.0068944775529,122560
1.0,1.0,0.996078431372549,974.0095522349026,197709
0.7647058823529411,0.5725490196078431,0.9137254901960784,6.000058843336156,492109
0.7843137254901961,0.5843137254901961,0.8901960784313725,3.000029421668078,143980
0.7568627450980392,0.615686274509804,0.8941176470588236,260.0025498779001,124021
0.807843137254902,0.6235294117647059,0.8901960784313725,4.0000392288907705,141145
0.7529411764705882,0.6235294117647059,0.9411764705882353,5.000049036113463,254269
0.3803921568627451,0.4588235294117647,0.1568627450980392,17.000166722785774,478052
0.40784313725490196,0.4666666666666667,0.13725490196078433,38.00037267446232,479978
0.396078431372549,0.4823529411764706,0.13725490196078433,28.000274602235393,492355
0.40784313725490196,0.4745098039215686,0.13725490196078433,177.00173587841658,485688
0.3843137254901961,0.4588235294117647,0.19215686274509805,13.000127493895004,476152
0.4235294117647059,0.47058823529411764,0.17254901960784313,1.0000098072226926,472353
0.13725490196078433,0.08627450980392157,0.6431372549019608,22.000215758899238,313185
0.1803921568627451,0.09411764705882353,0.6509803921568628,113.00110821616427,270036
0.1450980392156863,0.10196078431372549,0.6509803921568628,5.000049036113463,315087
0.17647058823529413,0.10196078431372549,0.6509803921568628,29.000284409458086,272887
0.15294117647058825,0.09411764705882353,0.6901960784313725,17.000166722785774,274804
0.17647058823529413,0.09411764705882353,0.6745098039215687,46.00045113224386,266237
0.12941176470588237,0.10196078431372549,0.6823529411764706,5.000049036113463,315071
0.1843137254901961,0.09803921568627451,0.6980392156862745,35.00034325279424,276710
0.44313725490196076,0.40784313725490196,0.7764705882352941,25.000245180567315,352530
0.47843137254901963,0.39215686274509803,0.792156862745098,95.0009316861558,319065
0.45098039215686275,0.4117647058823529,0.7725490196078432,22.000215758899238,211586
0.49411764705882355,0.41568627450980394,0.7764705882352941,20.000196144453852,352529
0.4392156862745098,0.38823529411764707,0.796078431372549,10.000098072226926,293258
0.49019607843137253,0.40784313725490196,0.803921568627451,67.0006570839204,317166
0.4627450980392157,0.4392156862745098,0.8156862745098039,15.00014710834039,263809
0.49411764705882355,0.4196078431372549,0.803921568627451,18.000176530008467,386303
0.34901960784313724,0.5372549019607843,0.8666666666666667,261.0025596851228,269804
0.3607843137254902,0.5450980392156862,0.8627450980392157,176.0017260711939,398904
0.3568627450980392,0.5647058823529412,0.8705882352941177,134.0013141678408,103668
0.37254901960784315,0.5529411764705883,0.8627450980392157,216.0021183601016,191946
0.3568627450980392,0.5450980392156862,0.8784313725490196,85.00083361392888,247023
0.3607843137254902,0.5490196078431373,0.8784313725490196,41.0004020961304,267917
0.3568627450980392,0.5647058823529412,0.8745098039215686,54.0005295900254,359563
0.36470588235294116,0.5568627450980392,0.8784313725490196,117.00114744505504,267978
0.1607843137254902,0.41568627450980394,0.7333333333333333,1397.0137006901016,33919
0.16470588235294117,0.41568627450980394,0.7372549019607844,79.00077477059271,9031
0.1607843137254902,0.4196078431372549,0.7333333333333333,404.00396211796783,57649
0.16470588235294117,0.4235294117647059,0.7372549019607844,1132.011101776088,37727
0.1568627450980392,0.4117647058823529,0.7411764705882353,332.00325599793393,50886
0.16862745098039217,0.41568627450980394,0.7411764705882353,7.000068650558848,90755
0.1607843137254902,0.4235294117647059,0.7450980392156863,658.0064531525318,74656
0.16470588235294117,0.4235294117647059,0.7450980392156863,324.0031775401524,72738
0.25098039215686274,0.4588235294117647,0.7647058823529411,362.00355021461473,545065
0.25882352941176473,0.4588235294117647,0.7647058823529411,1262.012376715038,586889
0.2549019607843137,0.4666666666666667,0.7686274509803922,22.000215758899238,287146
0.25882352941176473,0.4666666666666667,0.7686274509803922,293.00287351624894,505679
0.2549019607843137,0.4588235294117647,0.7725490196078432,772.0075711759187,580225
0.25882352941176473,0.4588235294117647,0.7725490196078432,1268.0124355583741,594499
0.2549019607843137,0.4666666666666667,0.7764705882352941,99.00097091504657,454405
0.2627450980392157,0.47058823529411764,0.7725490196078432,248.00243219122777,558342
0.3137254901960784,0.25882352941176473,0.6470588235294118,37.00036286723963,220143
0.36470588235294116,0.27450980392156865,0.6627450980392157,11.000107879449619,488868
0.3254901960784314,0.2901960784313726,0.6549019607843137,7.000068650558848,493586
0.34509803921568627,0.2901960784313726,0.6392156862745098,10.000098072226926,331218
0.3333333333333333,0.27058823529411763,0.6784313725490196,54.0005295900254,2407
0.3607843137254902,0.2549019607843137,0.6823529411764706,78.00076496337002,506904
0.3254901960784314,0.3058823529411765,0.6862745098039216,32.000313831126164,216355
0.3568627450980392,0.2901960784313726,0.6980392156862745,41.0004020961304,214452
0.6901960784313725,0.788235294117647,0.9607843137254902,141.00138281839966,289735
0.7137254901960784,0.8,0.9568627450980393,168.00164761341236,81045
0.6941176470588235,0.807843137254902,0.9529411764705882,47.00046093946655,97001
0.7176470588235294,0.807843137254902,0.9647058823529412,131.00128474617273,191772
0.7019607843137254,0.8,0.9686274509803922,184.00180452897544,319108
0.7058823529411765,0.788235294117647,0.9764705882352941,155.00152011951735,288799
0.6980392156862745,0.8156862745098039,0.9725490196078431,64.00062766225233,213627
0.7098039215686275,0.807843137254902,0.9686274509803922,189.0018535650889,264212
0.26666666666666666,0.44313725490196076,0.7686274509803922,146.00143185451313,604182
0.2784313725490196,0.4470588235294118,0.7686274509803922,66.00064727669772,532969
0.27058823529411763,0.4549019607843137,0.7647058823529411,558.0054724302624,361164
0.2784313725490196,0.4549019607843137,0.7686274509803922,645.0063256586367,537817
0.27058823529411763,0.44313725490196076,0.7725490196078432,1244.0122001850295,485453
0.27450980392156865,0.4470588235294118,0.7764705882352941,59.00057862613886,486424
0.27058823529411763,0.4549019607843137,0.7725490196078432,776.0076104048095,475048
0.27450980392156865,0.45098039215686275,0.7725490196078432,803.0078751998221,495947
0.058823529411764705,0.16470588235294117,0.39215686274509803,7.000068650558848,8979
0.07450980392156863,0.1803921568627451,0.403921568627451,13.000127493895004,43257
0.054901960784313725,0.19215686274509805,0.38823529411764707,1.0000098072226926,401017
0.09803921568627451,0.21568627450980393,0.44313725490196076,5.000049036113463,52886
0.03529411764705882,0.16470588235294117,0.4588235294117647,10.000098072226926,516873
0.07058823529411765,0.13725490196078433,0.47843137254901963,17.000166722785774,511169
0.050980392156862744,0.19607843137254902,0.4627450980392157,1.0000098072226926,288108
0.10588235294117647,0.2196078431372549,0.5019607843137255,13.000127493895004,108664
0.8274509803921568,0.8862745098039215,0.9647058823529412,108.0010591800508,253552
0.8431372549019608,0.8823529411764706,0.9529411764705882,178.0017456856393,67631
0.8196078431372549,0.9019607843137255,0.9647058823529412,32.000313831126164,134970
0.8392156862745098,0.9098039215686274,0.9568627450980393,74.00072573447926,217625
0.8156862745098039,0.8823529411764706,0.9803921568627451,211.00206932398814,230765
0.8392156862745098,0.8862745098039215,0.9686274509803922,223.00218701066046,387598
0.8156862745098039,0.9058823529411765,0.9803921568627451,75.00073554170194,112281
0.8392156862745098,0.9019607843137255,0.9725490196078431,169.00165742063504,310542
0.28627450980392155,0.1607843137254902,0.26666666666666666,7.000068650558848,536907
0.3411764705882353,0.13333333333333333,0.2901960784313726,4.0000392288907705,534092
0.25882352941176473,0.2,0.2784313725490196,2.0000196144453852,521845
0.36470588235294116,0.24705882352941178,0.26666666666666666,2.0000196144453852,409587
0.2823529411764706,0.16470588235294117,0.3764705882352941,21.000205951676545,530294
0.3254901960784314,0.18823529411764706,0.3803921568627451,20.000196144453852,542635
0.30980392156862746,0.2,0.3333333333333333,5.000049036113463,537857
0.3215686274509804,0.2235294117647059,0.3686274509803922,5.000049036113463,546430
0.8941176470588236,0.9607843137254902,0.7215686274509804,3.000029421668078,419491
0.9098039215686274,0.9529411764705882,0.7137254901960784,4.0000392288907705,348834
0.9019607843137255,0.9921568627450981,0.7176470588235294,12.000117686672311,94860
0.9176470588235294,0.9921568627450981,0.7294117647058823,201.0019712517612,87259
0.9019607843137255,0.9568627450980393,0.7490196078431373,3.000029421668078,336488
0.9372549019607843,0.9529411764705882,0.7372549019607844,3.000029421668078,419524
0.8980392156862745,0.9882352941176471,0.7450980392156863,21.000205951676545,94858
0.9372549019607843,0.996078431372549,0.7607843137254902,15.00014710834039,77763
0.5137254901960784,0.4549019607843137,0.7137254901960784,42.00041190335309,240039
0.5372549019607843,0.4588235294117647,0.7215686274509804,15.00014710834039,212448
0.5176470588235295,0.48627450980392156,0.7215686274509804,40.000392288907705,218190
0.5450980392156862,0.49411764705882355,0.7137254901960784,44.000431517798475,211524
0.5098039215686274,0.47058823529411764,0.7490196078431373,19.00018633723116,426577
0.5372549019607843,0.4588235294117647,0.7607843137254902,82.0008041922608,241936
0.5137254901960784,0.49019607843137253,0.7333333333333333,11.000107879449619,440491
0.5529411764705883,0.4980392156862745,0.7450980392156863,9.000088265004234,240042
0.8235294117647058,0.7568627450980392,0.9137254901960784,18.000176530008467,128802
0.8470588235294118,0.7843137254901961,0.9176470588235294,40.000392288907705,505557
0.8352941176470589,0.8,0.9137254901960784,15.00014710834039,341660
0.8549019607843137,0.796078431372549,0.9098039215686274,41.0004020961304,293268
0.8431372549019608,0.7764705882352941,0.9215686274509803,32.000313831126164,319684
0.8549019607843137,0.7843137254901961,0.9490196078431372,23.00022556612193,127851
0.8392156862745098,0.792156862745098,0.9490196078431372,37.00036286723963,315217
0.8509803921568627,0.807843137254902,0.9372549019607843,54.0005295900254,282869
0.8470588235294118,0.8901960784313725,0.9921568627450981,114.00111802338697,3623
0.8627450980392157,0.8941176470588236,0.9921568627450981,29.000284409458086,229755
0.8509803921568627,0.9058823529411765,0.9882352941176471,676.0066296825402,240342
0.8666666666666667,0.8980392156862745,0.984313725490196,221.00216739621507,18899
0.6274509803921569,0.7372549019607844,0.9215686274509803,155.00152011951735,385167
0.6509803921568628,0.7333333333333333,0.9254901960784314,67.0006570839204,200384
0.6352941176470588,0.7450980392156863,0.9333333333333333,98.00096110782388,22603
0.6549019607843137,0.7450980392156863,0.9294117647058824,132.00129455339544,426110
0.6313725490196078,0.7333333333333333,0.9372549019607843,179.00175549286197,394683
0.6509803921568628,0.7333333333333333,0.9411764705882353,64.00062766225233,218270
0.6352941176470588,0.7490196078431373,0.9490196078431372,172.00168684230312,387453
0.6549019607843137,0.7529411764705882,0.9411764705882353,173.00169664952583,392785
0.3333333333333333,0.5137254901960784,0.7294117647058823,19.00018633723116,307065
0.3686274509803922,0.5058823529411764,0.7215686274509804,13.000127493895004,602963
0.32941176470588235,0.5372549019607843,0.7294117647058823,4.0000392288907705,237115
0.34901960784313724,0.5411764705882353,0.7098039215686275,3.000029421668078,324269
0.3176470588235294,0.5098039215686274,0.7490196078431373,56.000549204470786,497194
0.3607843137254902,0.5215686274509804,0.7333333333333333,143.00140243284505,329937
0.3215686274509804,0.5450980392156862,0.7372549019607844,7.000068650558848,304490
0.34509803921568627,0.5568627450980392,0.7450980392156863,14.000137301117697,80604
0.15294117647058825,0.38823529411764707,0.7019607843137254,8.000078457781541,558
0.15294117647058825,0.403921568627451,0.7137254901960784,189.0018535650889,4399
0.15294117647058825,0.39215686274509803,0.7215686274509804,10.000098072226926,25259
0.15294117647058825,0.40784313725490196,0.7176470588235294,828.0081203803895,13898
0.3411764705882353,0.39215686274509803,0.7254901960784313,13.000127493895004,220702
0.34509803921568627,0.3843137254901961,0.7098039215686275,20.000196144453852,383850
0.3254901960784314,0.4392156862745098,0.7058823529411765,62.00060804780694,602474
0.3568627450980392,0.43137254901960786,0.7058823529411765,22.000215758899238,519941
0.3137254901960784,0.38823529411764707,0.7372549019607844,10.000098072226926,233456
0.36470588235294116,0.3803921568627451,0.7333333333333333,27.0002647950127,495926
0.3137254901960784,0.43529411764705883,0.7372549019607844,75.00073554170194,376233
0.36470588235294116,0.43137254901960786,0.7372549019607844,29.000284409458086,31757
0.29411764705882354,0.11764705882352941,0.7686274509803922,544.0053351291448,418725
0.30980392156862746,0.12549019607843137,0.7647058823529411,254.00249103456392,287511
0.29411764705882354,0.12156862745098039,0.788235294117647,76.00074534892464,278010
0.30196078431372547,0.12156862745098039,0.7803921568627451,155.00152011951735,375988
0.3254901960784314,0.5058823529411764,0.7686274509803922,56.000549204470786,611287
0.3411764705882353,0.5098039215686274,0.7725490196078432,212.00207913121085,518422
0.3254901960784314,0.5294117647058824,0.7686274509803922,21.000205951676545,194407
0.32941176470588235,0.5215686274509804,0.7686274509803922,20.000196144453852,56802
0.3137254901960784,0.5058823529411764,0.7803921568627451,241.0023635406689,579039
0.3411764705882353,0.5098039215686274,0.7843137254901961,324.0031775401524,555122
0.3215686274509804,0.5215686274509804,0.7843137254901961,71.00069631281117,37796
0.3333333333333333,0.5254901960784314,0.788235294117647,78.00076496337002,43505
0.2823529411764706,0.29411764705882354,0.4117647058823529,5.000049036113463,540640
0.33725490196078434,0.2784313725490196,0.4392156862745098,6.000058843336156,274164
0.28627450980392155,0.3333333333333333,0.42745098039215684,6.000058843336156,476612
0.34901960784313724,0.33725490196078434,0.41568627450980394,1.0000098072226926,522796
0.25882352941176473,0.3137254901960784,0.4745098039215686,9.000088265004234,475659
0.37254901960784315,0.27450980392156865,0.4823529411764706,24.000235373344623,243457
0.2980392156862745,0.33725490196078434,0.49411764705882355,4.0000392288907705,471865
0.33725490196078434,0.33725490196078434,0.45098039215686275,8.000078457781541,470912
0.45098039215686275,0.5333333333333333,0.788235294117647,22.000215758899238,604853
0.49411764705882355,0.5294117647058824,0.792156862745098,12.000117686672311,499864
0.4666666666666667,0.5607843137254902,0.7686274509803922,95.0009316861558,591357
0.48627450980392156,0.5372549019607843,0.792156862745098,13.000127493895004,104778
0.4627450980392157,0.5058823529411764,0.796078431372549,18.000176530008467,397156
0.4980392156862745,0.5098039215686274,0.8117647058823529,15.00014710834039,411368
0.4392156862745098,0.5568627450980392,0.8,53.00051978280271,607310
0.47843137254901963,0.5568627450980392,0.796078431372549,23.00022556612193,523549
0.23137254901960785,0.45098039215686275,0.7450980392156863,51.00050016835732,405977
0.24705882352941178,0.4549019607843137,0.7411764705882353,77.00075515614733,456148
0.23137254901960785,0.4666666666666667,0.7450980392156863,40.000392288907705,392615
0.23921568627450981,0.4588235294117647,0.7450980392156863,53.00051978280271,428653
0.2196078431372549,0.4549019607843137,0.7607843137254902,154.00151031229467,331842
0.24705882352941178,0.4549019607843137,0.7607843137254902,343.00336387738355,562175
0.2235294117647059,0.4666666666666667,0.7607843137254902,146.00143185451313,328148
0.23529411764705882,0.4627450980392157,0.7607843137254902,140.00137301117695,419228
0.5058823529411764,0.6313725490196078,0.8627450980392157,139.00136320395427,382406
0.5294117647058824,0.6392156862745098,0.8588235294117647,52.000509975580016,151855
0.5098039215686274,0.6549019607843137,0.8666666666666667,91.00089245726502,537384
0.5254901960784314,0.6470588235294118,0.8627450980392157,99.00097091504657,84844
0.5098039215686274,0.6313725490196078,0.8862745098039215,212.00207913121085,396694
0.5294117647058824,0.6431372549019608,0.8823529411764706,78.00076496337002,389402
0.5137254901960784,0.6470588235294118,0.8862745098039215,144.00141224006774,211488
0.5294117647058824,0.6588235294117647,0.8823529411764706,169.00165742063504,390050
0.9215686274509803,0.9764705882352941,0.996078431372549,102.00100033671464,39082
0.9333333333333333,0.984313725490196,0.9882352941176471,391.0038346240728,282902
0.9215686274509803,0.9921568627450981,0.9882352941176471,2.0000196144453852,104689
0.9294117647058824,1.0,0.9921568627450981,26.000254987790008,104694
0.9176470588235294,0.984313725490196,1.0,28.000274602235393,55389
0.9372549019607843,0.9882352941176471,1.0,371.003638479619,198681
0.9215686274509803,0.996078431372549,1.0,2.0000196144453852,59101
0.9333333333333333,0.9921568627450981,1.0,60.00058843336156,189194
0.3254901960784314,0.14901960784313725,0.8274509803921568,47.00046093946655,275192
0.3686274509803922,0.14901960784313725,0.8509803921568627,22.000215758899238,264374
0.32941176470588235,0.1607843137254902,0.8392156862745098,21.000205951676545,353199
0.36470588235294116,0.1803921568627451,0.8431372549019608,124.00121609561388,354146
0.3215686274509804,0.15294117647058825,0.8588235294117647,4.0000392288907705,272345
0.34509803921568627,0.1450980392156863,0.8588235294117647,1.0000098072226926,305580
0.3411764705882353,0.16470588235294117,0.8627450980392157,9.000088265004234,308410
0.35294117647058826,0.16862745098039217,0.8666666666666667,17.000166722785774,273293
0.39215686274509803,0.5176470588235295,0.29411764705882354,10.000098072226926,490466
0.4627450980392157,0.5529411764705883,0.3137254901960784,2.0000196144453852,187820
0.41568627450980394,0.5803921568627451,0.2823529411764706,1.0000098072226926,236133
0.4745098039215686,0.6,0.2823529411764706,21.000205951676545,465759
0.43529411764705883,0.5490196078431373,0.35294117647058826,6.000058843336156,457162
0.45098039215686275,0.5607843137254902,0.34509803921568627,1.0000098072226926,458111
0.42745098039215684,0.5882352941176471,0.3254901960784314,1.0000098072226926,235182
0.4392156862745098,0.5686274509803921,0.3686274509803922,19.00018633723116,464809
0.44313725490196076,0.2627450980392157,0.0784313725490196,53.00051978280271,376392
0.4588235294117647,0.3137254901960784,0.09411764705882353,103.00101014393734,516162
0.4745098039215686,0.2980392156862745,0.09019607843137255,52.000509975580016,509499
0.44313725490196076,0.2823529411764706,0.10588235294117647,2.0000196144453852,520904
0.4666666666666667,0.30196078431372547,0.12549019607843137,25.000245180567315,511394
0.4823529411764706,0.30980392156862746,0.11764705882352941,9.000088265004234,521855
0.807843137254902,0.40784313725490196,0.803921568627451,8.000078457781541,500654
0.8588235294117647,0.43137254901960786,0.8196078431372549,13.000127493895004,494014
0.7607843137254902,0.48627450980392156,0.8196078431372549,4.0000392288907705,144938
0.8549019607843137,0.4549019607843137,0.8235294117647058,9.000088265004234,494013
0.796078431372549,0.4117647058823529,0.8352941176470589,1.0000098072226926,493067
0.8470588235294118,0.3803921568627451,0.8274509803921568,10.000098072226926,496863
0.7568627450980392,0.49411764705882355,0.8627450980392157,2.0000196144453852,492113
0.8588235294117647,0.5019607843137255,0.8705882352941177,14.000137301117697,496857
0.2549019607843137,0.09411764705882353,0.6392156862745098,6.000058843336156,272131
0.26666666666666666,0.09803921568627451,0.6431372549019608,88.00086303559695,270233
0.29411764705882354,0.09803921568627451,0.6470588235294118,27.0002647950127,375590
0.2549019607843137,0.10196078431372549,0.6980392156862745,106.00103956560542,440516
0.3058823529411765,0.10588235294117647,0.6862745098039216,16.000156915563082,407226
0.7568627450980392,0.8274509803921568,0.984313725490196,237.00232431177815,174661
0.7725490196078432,0.8313725490196079,0.9882352941176471,94.0009218789331,213815
0.7607843137254902,0.8470588235294118,0.9882352941176471,321.0031481184843,80047
0.7725490196078432,0.8470588235294118,0.9882352941176471,317.00310888959353,27754
0.9450980392156862,0.9450980392156862,0.9882352941176471,93.00091207171042,209684
0.9607843137254902,0.9490196078431372,0.996078431372549,56.000549204470786,280948
0.9411764705882353,0.9725490196078431,0.996078431372549,506.00496245468247,254505
0.9607843137254902,0.9725490196078431,0.984313725490196,193.00189279397966,417645
0.9529411764705882,0.9725490196078431,1.0,68.0006668911431,52402
0.9686274509803922,0.9686274509803922,1.0,46.00045113224386,280975
0.5803921568627451,0.45098039215686275,0.9686274509803922,8.000078457781541,216864
0.6039215686274509,0.44313725490196076,0.9686274509803922,211.00206932398814,280868
0.5882352941176471,0.49019607843137253,0.9607843137254902,3.000029421668078,366374
0.6235294117647059,0.4823529411764706,0.9686274509803922,18.000176530008467,242468
0.7058823529411765,0.5137254901960784,0.7725490196078432,5.000049036113463,245484
0.7450980392156863,0.5333333333333333,0.788235294117647,11.000107879449619,532148
0.6901960784313725,0.5372549019607843,0.7686274509803922,45.00044132502117,241695
0.7254901960784313,0.5372549019607843,0.792156862745098,10.000098072226926,528351
0.7019607843137254,0.5294117647058824,0.8235294117647058,83.00081399948348,143920
0.7333333333333333,0.5294117647058824,0.8235294117647058,10.000098072226926,172422
0.6980392156862745,0.5411764705882353,0.8196078431372549,55.00053939724809,169575
0.7254901960784313,0.5568627450980392,0.8117647058823529,19.00018633723116,521702
0.4745098039215686,0.6078431372549019,0.8666666666666667,99.00097091504657,231825
0.49411764705882355,0.6078431372549019,0.8627450980392157,25.000245180567315,71492
0.47058823529411764,0.6274509803921569,0.8666666666666667,204.00200067342928,367172
0.49019607843137253,0.6196078431372549,0.8627450980392157,144.00141224006774,378037
0.4823529411764706,0.6039215686274509,0.8784313725490196,90.00088265004234,392898
0.48627450980392156,0.6078431372549019,0.8823529411764706,37.00036286723963,39140
0.47058823529411764,0.6274509803921569,0.8862745098039215,225.00220662510583,92281
0.48627450980392156,0.6274509803921569,0.8784313725490196,128.00125532450465,411824
0.32941176470588235,0.4,0.6392156862745098,18.000176530008467,554017
0.3686274509803922,0.403921568627451,0.6666666666666666,25.000245180567315,550210
0.3137254901960784,0.43137254901960786,0.6627450980392157,44.000431517798475,475313
0.36470588235294116,0.4117647058823529,0.6431372549019608,26.000254987790008,550133
0.3254901960784314,0.40784313725490196,0.6901960784313725,21.000205951676545,313079
0.34901960784313724,0.40784313725490196,0.6901960784313725,22.000215758899238,372429
0.3176470588235294,0.43529411764705883,0.6823529411764706,52.000509975580016,401982
0.36470588235294116,0.42745098039215684,0.6784313725490196,29.000284409458086,610090
0.3803921568627451,0.5803921568627451,0.8313725490196079,108.0010591800508,48673
0.396078431372549,0.5764705882352941,0.8274509803921568,167.00163780618968,220030
0.3843137254901961,0.596078431372549,0.8274509803921568,23.00022556612193,21179
0.4,0.5843137254901961,0.8313725490196079,31.00030402390347,118876
0.3764705882352941,0.5803921568627451,0.8470588235294118,200.00196144453852,327324
0.39215686274509803,0.5686274509803921,0.8470588235294118,289.00283428735816,96076
0.3764705882352941,0.5843137254901961,0.8470588235294118,37.00036286723963,104751
0.403921568627451,0.592156862745098,0.8509803921568627,92.00090226448772,6895
0.7215686274509804,0.788235294117647,0.9607843137254902,123.00120628839119,398034
0.7372549019607844,0.792156862745098,0.9529411764705882,41.0004020961304,282099
0.7333333333333333,0.803921568627451,0.9568627450980393,153.00150050507196,220307
0.7372549019607844,0.807843137254902,0.9607843137254902,139.00136320395427,17864
0.7294117647058823,0.788235294117647,0.9725490196078431,82.0008041922608,3910
0.7411764705882353,0.8,0.9686274509803922,18.000176530008467,93243
0.7294117647058823,0.8117647058823529,0.9803921568627451,219.00214778176968,183208
0.7411764705882353,0.807843137254902,0.9803921568627451,171.00167703508043,53981
0.2,0.3803921568627451,0.5529411764705883,1.0000098072226926,500916
0.23921568627450981,0.4588235294117647,0.5686274509803921,4.0000392288907705,340426
0.1607843137254902,0.39215686274509803,0.6313725490196078,2.0000196144453852,11829
0.24705882352941178,0.396078431372549,0.6196078431372549,21.000205951676545,122832
0.24313725490196078,0.45098039215686275,0.6,31.00030402390347,175436
0.1411764705882353,0.058823529411764705,0.2901960784313726,1.0000098072226926,384805
0.20784313725490197,0.058823529411764705,0.3176470588235294,3.000029421668078,383855
0.1411764705882353,0.09411764705882353,0.3137254901960784,2.0000196144453852,410533
0.24313725490196078,0.09019607843137255,0.2980392156862745,10.000098072226926,114314
0.12549019607843137,0.054901960784313725,0.36470588235294116,11.000107879449619,460457
0.1607843137254902,0.08627450980392157,0.3607843137254902,7.000068650558848,113365
0.23529411764705882,0.09019607843137255,0.3568627450980392,25.000245180567315,104806
0.5764705882352941,0.5254901960784314,0.6,110.00107879449618,379227
0.596078431372549,0.5137254901960784,0.5764705882352941,20.000196144453852,605796
0.5843137254901961,0.5411764705882353,0.596078431372549,9.000088265004234,407723
0.6078431372549019,0.5372549019607843,0.592156862745098,54.0005295900254,377306
0.5764705882352941,0.5294117647058824,0.6078431372549019,4.0000392288907705,401105
0.6039215686274509,0.5294117647058824,0.6196078431372549,5.000049036113463,373533
0.5764705882352941,0.5372549019607843,0.615686274509804,7.000068650558848,395411
0.611764705882353,0.5607843137254902,0.6313725490196078,25.000245180567315,377304
0.3803921568627451,0.2196078431372549,0.5372549019607843,11.000107879449619,357220
0.43137254901960786,0.2196078431372549,0.5294117647058824,6.000058843336156,381954
0.403921568627451,0.22745098039215686,0.5215686274509804,102.00100033671464,353423
0.40784313725490196,0.23529411764705882,0.5176470588235295,11.000107879449619,365776
0.403921568627451,0.2196078431372549,0.5490196078431373,1.0000098072226926,381957
0.43529411764705883,0.20392156862745098,0.5450980392156862,1.0000098072226926,312695
0.4,0.24705882352941178,0.5529411764705883,87.00085322837425,353426
0.4117647058823529,0.23137254901960785,0.5450980392156862,15.00014710834039,381953
0.2196078431372549,0.4627450980392157,0.796078431372549,468.00458978022016,351868
0.23137254901960785,0.4588235294117647,0.8,486.0047663102286,419775
0.2235294117647059,0.47058823529411764,0.8,976.009571849348,352870
0.22745098039215686,0.47058823529411764,0.8,412.00404057574934,349055
0.2235294117647059,0.4588235294117647,0.803921568627451,262.00256949234546,350455
0.22745098039215686,0.4627450980392157,0.807843137254902,210.00205951676546,352448
0.2235294117647059,0.47058823529411764,0.803921568627451,287.0028146729128,355651
0.23137254901960785,0.47058823529411764,0.803921568627451,619.0060706708467,350038
0.1843137254901961,0.18823529411764706,0.3137254901960784,11.000107879449619,325522
0.23529411764705882,0.16470588235294117,0.2980392156862745,4.0000392288907705,410535
0.16862745098039217,0.19607843137254902,0.29411764705882354,2.0000196144453852,465211
0.2196078431372549,0.20784313725490197,0.3137254901960784,1.0000098072226926,327424
0.1568627450980392,0.18823529411764706,0.3686274509803922,11.000107879449619,522793
0.2,0.18823529411764706,0.3843137254901961,7.000068650558848,285256
0.12549019607843137,0.20392156862745098,0.3411764705882353,16.000156915563082,550054
0.19607843137254902,0.21176470588235294,0.33725490196078434,6.000058843336156,464260
0.8980392156862745,0.5843137254901961,0.2235294117647059,23.00022556612193,609573
0.8784313725490196,0.615686274509804,0.22745098039215686,47.00046093946655,603777
0.9019607843137255,0.596078431372549,0.23137254901960785,9.000088265004234,609571
0.9098039215686274,0.596078431372549,0.23529411764705882,1.0000098072226926,611468
0.8901960784313725,0.6274509803921569,0.24313725490196078,123.00120628839119,604747
0.9137254901960784,0.6196078431372549,0.25098039215686274,28.000274602235393,607674
0.6274509803921569,0.7294117647058823,0.9607843137254902,109.0010689872735,301144
0.6431372549019608,0.7372549019607844,0.9607843137254902,31.00030402390347,319134
0.6392156862745098,0.7490196078431373,0.9607843137254902,205.002010480652,224066
0.6470588235294118,0.7490196078431373,0.9568627450980393,164.0016083845216,207937
0.6313725490196078,0.7333333333333333,0.9803921568627451,42.00041190335309,200481
0.6470588235294118,0.7333333333333333,0.9725490196078431,17.000166722785774,173966
0.6313725490196078,0.7490196078431373,0.9803921568627451,199.00195163731584,162517
0.6431372549019608,0.7411764705882353,0.9764705882352941,156.00152992674003,523170
0.1843137254901961,0.4627450980392157,0.7647058823529411,848.0083165248434,84911
0.1843137254901961,0.4666666666666667,0.7686274509803922,59.00057862613886,179211
0.1843137254901961,0.4627450980392157,0.7725490196078432,2596.02545955011,149842
0.1843137254901961,0.4666666666666667,0.7764705882352941,179.00175549286197,159099
0.6431372549019608,0.403921568627451,0.1411764705882353,23.00022556612193,264661
0.6705882352941176,0.3803921568627451,0.1411764705882353,2.0000196144453852,413527
0.6509803921568628,0.42745098039215684,0.1411764705882353,144.00141224006774,263731
0.6588235294117647,0.43529411764705883,0.1450980392156863,36.000353060016934,263733
0.6352941176470588,0.39215686274509803,0.16862745098039217,1.0000098072226926,273219
0.6705882352941176,0.3843137254901961,0.1803921568627451,6.000058843336156,610544
0.6352941176470588,0.4235294117647059,0.18823529411764706,13.000127493895004,481979
0.6588235294117647,0.43137254901960786,0.16862745098039217,5.000049036113463,273222
0.984313725490196,0.9764705882352941,0.8627450980392157,1.0000098072226926,305185
1.0,0.9882352941176471,0.8627450980392157,3.000029421668078,569613
0.984313725490196,0.996078431372549,0.8588235294117647,23.00022556612193,25600
0.996078431372549,1.0,0.8705882352941177,391.0038346240728,33174
0.9764705882352941,0.9882352941176471,0.8823529411764706,1.0000098072226926,23703
1.0,0.984313725490196,0.8784313725490196,4.0000392288907705,567715
0.984313725490196,1.0,0.8784313725490196,22.000215758899238,26537
1.0,1.0,0.8745098039215686,470.0046093946655,54992
0.5294117647058824,0.7019607843137254,0.9607843137254902,17.000166722785774,132278
0.5490196078431373,0.7176470588235294,0.9568627450980393,207.00203009509738,46759
0.5568627450980392,0.7254901960784313,0.9803921568627451,4.0000392288907705,182560
0.41568627450980394,0.6666666666666666,0.6588235294117647,6.000058843336156,139509
0.4588235294117647,0.6784313725490196,0.6823529411764706,5.000049036113463,128105
0.49411764705882355,0.7098039215686275,0.6666666666666666,6.000058843336156,127155
0.42745098039215684,0.6313725490196078,0.7490196078431373,13.000127493895004,92002
0.4627450980392157,0.6666666666666666,0.7372549019607844,22.000215758899238,93902
0.48627450980392156,0.7098039215686275,0.7098039215686275,5.000049036113463,125254
0.38823529411764707,0.07058823529411765,0.29411764705882354,30.00029421668078,119063
0.4549019607843137,0.08627450980392157,0.2980392156862745,1.0000098072226926,156341
0.396078431372549,0.0784313725490196,0.3803921568627451,15.00014710834039,5181
0.47058823529411764,0.09803921568627451,0.3843137254901961,11.000107879449619,151590
0.6,0.7294117647058823,0.9529411764705882,162.0015887700762,253702
0.6235294117647059,0.7372549019607844,0.9568627450980393,200.00196144453852,30594
0.6039215686274509,0.7411764705882353,0.9529411764705882,29.000284409458086,328265
0.6235294117647059,0.7450980392156863,0.9607843137254902,91.00089245726502,211706
0.6,0.7333333333333333,0.9803921568627451,123.00120628839119,239453
0.6196078431372549,0.7333333333333333,0.9764705882352941,131.00128474617273,226165
0.6,0.7490196078431373,0.9686274509803922,39.00038248168501,169255
0.611764705882353,0.7450980392156863,0.9803921568627451,135.0013239750635,236565
0.09019607843137255,0.13333333333333333,0.30980392156862746,1.0000098072226926,433292
0.11764705882352941,0.13333333333333333,0.30196078431372547,2.0000196144453852,470915
0.11372549019607843,0.1803921568627451,0.30196078431372547,224.00219681788315,565251
0.8941176470588236,0.803921568627451,0.796078431372549,2.0000196144453852,542966
0.9098039215686274,0.8431372549019608,0.8,35.00034325279424,527828
0.9686274509803922,0.8666666666666667,0.7764705882352941,2.0000196144453852,394602
0.9058823529411765,0.796078431372549,0.8274509803921568,3.000029421668078,611497
0.9019607843137255,0.8588235294117647,0.8274509803921568,14.000137301117697,528785
0.6627450980392157,0.40784313725490196,0.403921568627451,2.0000196144453852,276095
0.6588235294117647,0.47058823529411764,0.41568627450980394,20.000196144453852,483855
0.7333333333333333,0.48627450980392156,0.4470588235294118,10.000098072226926,259964
0.6549019607843137,0.4117647058823529,0.49019607843137253,5.000049036113463,512217
0.7490196078431373,0.3843137254901961,0.4666666666666667,3.000029421668078,301661
0.6549019607843137,0.4823529411764706,0.47843137254901963,6.000058843336156,229550
0.7098039215686275,0.5019607843137255,0.47843137254901963,10.000098072226926,277037
0.9607843137254902,0.9019607843137255,0.35294117647058826,36.000353060016934,421218
0.9764705882352941,0.8901960784313725,0.32941176470588235,16.000156915563082,422124
0.9647058823529412,0.9333333333333333,0.3333333333333333,56.000549204470786,445157
0.9882352941176471,0.9137254901960784,0.3254901960784314,33.00032363834886,364986
0.9647058823529412,0.8901960784313725,0.3803921568627451,26.000254987790008,388753
0.9725490196078431,0.9098039215686274,0.3607843137254902,3.000029421668078,424022
0.9529411764705882,0.9137254901960784,0.3843137254901961,20.000196144453852,418326
0.9725490196078431,0.9372549019607843,0.3568627450980392,33.00032363834886,444206
0.35294117647058826,0.5411764705882353,0.803921568627451,73.00071592725656,171158
0.36470588235294116,0.5490196078431373,0.807843137254902,171.00167703508043,598959
0.3568627450980392,0.5529411764705883,0.803921568627451,26.000254987790008,58672
0.37254901960784315,0.5529411764705883,0.796078431372549,24.000235373344623,57756
0.34901960784313724,0.5411764705882353,0.8196078431372549,185.00181433619812,370105
0.3686274509803922,0.5411764705882353,0.8196078431372549,240.00235373344623,535178
0.3568627450980392,0.5529411764705883,0.8156862745098039,83.00081399948348,4945
0.3686274509803922,0.5568627450980392,0.8156862745098039,89.00087284281965,70605
0.592156862745098,0.40784313725490196,0.14901960784313725,52.000509975580016,488609
0.6235294117647059,0.40784313725490196,0.1411764705882353,21.000205951676545,265623
0.5725490196078431,0.4117647058823529,0.16470588235294117,21.000205951676545,486731
0.611764705882353,0.4196078431372549,0.1607843137254902,33.00032363834886,487669
0.5764705882352941,0.40784313725490196,0.16862745098039217,18.000176530008467,493353
0.6235294117647059,0.396078431372549,0.18823529411764706,6.000058843336156,493350
0.5843137254901961,0.4117647058823529,0.1843137254901961,21.000205951676545,484834
0.615686274509804,0.43137254901960786,0.1803921568627451,49.00048055391194,484825
0.00392156862745098,0.023529411764705882,0.35294117647058826,36.000353060016934,112456
0.0392156862745098,0.027450980392156862,0.35294117647058826,7.000068650558848,462365
0.0,0.0392156862745098,0.3254901960784314,17.000166722785774,518783
0.0392156862745098,0.050980392156862744,0.3411764705882353,5.000049036113463,468073
0.00392156862745098,0.027450980392156862,0.3803921568627451,81.0007943850381,508320
0.050980392156862744,0.027450980392156862,0.3568627450980392,43.00042171057578,96257
0.00392156862745098,0.050980392156862744,0.3843137254901961,13.000127493895004,518784
0.050980392156862744,0.043137254901960784,0.3764705882352941,19.00018633723116,41363
0.4117647058823529,0.11372549019607843,0.4392156862745098,15.00014710834039,534992
0.4980392156862745,0.10980392156862745,0.41568627450980394,14.000137301117697,150640
0.4117647058823529,0.10980392156862745,0.4549019607843137,1.0000098072226926,535941
0.47058823529411764,0.11764705882352941,0.4745098039215686,25.000245180567315,159188
0.9764705882352941,0.984313725490196,0.8274509803921568,3.000029421668078,305194
1.0,0.984313725490196,0.8392156862745098,4.0000392288907705,326065
0.9764705882352941,0.996078431372549,0.8274509803921568,27.0002647950127,72067
0.9882352941176471,0.996078431372549,0.8392156862745098,326.0031971545978,27513
0.9803921568627451,0.9803921568627451,0.8431372549019608,6.000058843336156,305191
1.0,0.984313725490196,0.8549019607843137,5.000049036113463,327017
0.984313725490196,0.996078431372549,0.8431372549019608,35.00034325279424,71118
1.0,0.996078431372549,0.8549019607843137,474.0046486235563,36994
0.17254901960784313,0.42745098039215684,0.7490196078431373,21.000205951676545,120994
0.1803921568627451,0.42745098039215684,0.7529411764705882,10.000098072226926,120991
0.17647058823529413,0.4392156862745098,0.7529411764705882,399.00391308185436,6397
0.1803921568627451,0.4392156862745098,0.7490196078431373,26.000254987790008,5199
0.17254901960784313,0.42745098039215684,0.7568627450980392,19.00018633723116,85996
0.1843137254901961,0.43137254901960786,0.7568627450980392,6.000058843336156,151609
0.17254901960784313,0.4392156862745098,0.7568627450980392,3014.0295589691955,90926
0.1843137254901961,0.43529411764705883,0.7607843137254902,17.000166722785774,87757
0.5137254901960784,0.47058823529411764,0.4745098039215686,22.000215758899238,411527
0.5372549019607843,0.44313725490196076,0.47058823529411764,8.000078457781541,594394
0.5215686274509804,0.5019607843137255,0.45098039215686275,10.000098072226926,410693
0.5333333333333333,0.48627450980392156,0.4588235294117647,10.000098072226926,411533
0.5058823529411764,0.4549019607843137,0.5058823529411764,76.00074534892464,390592
0.5333333333333333,0.4627450980392157,0.4823529411764706,20.000196144453852,412475
0.5254901960784314,0.4823529411764706,0.48627450980392156,38.00037267446232,410582
0.5450980392156862,0.49019607843137253,0.5098039215686274,35.00034325279424,416275
0.3411764705882353,0.4627450980392157,0.8470588235294118,7.000068650558848,251016
0.34509803921568627,0.4549019607843137,0.8313725490196079,5.000049036113463,312616
0.3176470588235294,0.4980392156862745,0.8352941176470589,159.00155934840814,424489
0.34901960784313724,0.48627450980392156,0.8313725490196079,26.000254987790008,346636
0.3215686274509804,0.4666666666666667,0.8588235294117647,5.000049036113463,181926
0.37254901960784315,0.4666666666666667,0.8666666666666667,5.000049036113463,250066
0.3137254901960784,0.5019607843137255,0.8627450980392157,7.000068650558848,412719
0.3607843137254902,0.49019607843137253,0.8627450980392157,4.0000392288907705,278913
0.3215686274509804,0.11372549019607843,0.7215686274509804,14.000137301117697,407225
0.3176470588235294,0.12156862745098039,0.7568627450980392,191.0018731795343,411085
0.34509803921568627,0.12549019607843137,0.7372549019607844,13.000127493895004,435746
0.2196078431372549,0.4470588235294118,0.7647058823529411,60.00058843336156,329954
0.22745098039215686,0.4470588235294118,0.7686274509803922,466.00457016577474,445789
0.2235294117647059,0.4549019607843137,0.7647058823529411,23.00022556612193,356581
0.22745098039215686,0.4549019607843137,0.7647058823529411,51.00050016835732,291237
0.2235294117647059,0.44313725490196076,0.7764705882352941,390.0038248168501,503412
0.22745098039215686,0.4470588235294118,0.7764705882352941,2063.020232300415,453096
0.2235294117647059,0.4549019607843137,0.7764705882352941,44.000431517798475,342145
0.23137254901960785,0.4549019607843137,0.7725490196078432,360.00353060016937,452462
0.5803921568627451,0.5058823529411764,0.3176470588235294,5.000049036113463,352958
0.5490196078431373,0.5843137254901961,0.2784313725490196,26.000254987790008,189719
0.615686274509804,0.6274509803921569,0.3137254901960784,2.0000196144453852,197294
0.5254901960784314,0.5058823529411764,0.35294117647058826,1.0000098072226926,364372
0.5843137254901961,0.5098039215686274,0.33725490196078434,10.000098072226926,333973
0.5019607843137255,0.6039215686274509,0.36470588235294116,9.000088265004234,478115
0.6,0.5882352941176471,0.3568627450980392,1.0000098072226926,421211
0.9725490196078431,0.984313725490196,0.9529411764705882,21.000205951676545,298189
1.0,0.9882352941176471,0.9568627450980393,19.00018633723116,55031
0.9725490196078431,0.9921568627450981,0.9647058823529412,49.00048055391194,256264
1.0,1.0,0.9529411764705882,98.00096110782388,22772
0.9764705882352941,0.9882352941176471,0.9803921568627451,78.00076496337002,277163
0.996078431372549,0.9764705882352941,0.9725490196078431,60.00058843336156,131637
0.9725490196078431,0.996078431372549,0.9764705882352941,157.00153973396274,115085
1.0,1.0,0.9725490196078431,367.0035992507282,44823
0.7607843137254902,0.1607843137254902,0.29411764705882354,7.000068650558848,379511
0.8705882352941177,0.18823529411764706,0.26666666666666666,4.0000392288907705,1913
0.7803921568627451,0.24705882352941178,0.2823529411764706,1.0000098072226926,312116
0.8745098039215686,0.19215686274509805,0.3176470588235294,10.000098072226926,14250
0.7803921568627451,0.16862745098039217,0.36470588235294116,21.000205951676545,381410
0.796078431372549,0.20784313725490197,0.3764705882352941,6.000058843336156,377592
0.8352941176470589,0.24705882352941178,0.3411764705882353,4.0000392288907705,293125
0.2980392156862745,0.43529411764705883,0.26666666666666666,1.0000098072226926,504708
0.37254901960784315,0.4392156862745098,0.28627450980392155,3.000029421668078,483751
0.34509803921568627,0.4588235294117647,0.3215686274509804,14.000137301117697,498959
0.36470588235294116,0.43529411764705883,0.3764705882352941,3.000029421668078,267504
0.30980392156862746,0.4549019607843137,0.34509803921568627,1.0000098072226926,506605
0.34901960784313724,0.4549019607843137,0.37254901960784315,31.00030402390347,494266
0.6627450980392157,0.16470588235294117,0.6470588235294118,11.000107879449619,502562
0.6941176470588235,0.1803921568627451,0.6392156862745098,11.000107879449619,495922
0.6470588235294118,0.24705882352941178,0.6392156862745098,2.0000196144453852,160146
0.7411764705882353,0.2,0.6666666666666666,18.000176530008467,504454
0.6745098039215687,0.22745098039215686,0.7019607843137254,1.0000098072226926,494972
0.7294117647058823,0.2196078431372549,0.7176470588235294,10.000098072226926,501610
0.3843137254901961,0.47058823529411764,0.7098039215686275,32.000313831126164,561131
0.43137254901960786,0.4627450980392157,0.7058823529411765,8.000078457781541,506527
0.3803921568627451,0.48627450980392156,0.7098039215686275,44.000431517798475,587367
0.41568627450980394,0.4823529411764706,0.7294117647058823,24.000235373344623,358325
0.3764705882352941,0.47058823529411764,0.7333333333333333,22.000215758899238,496047
0.43137254901960786,0.4470588235294118,0.7607843137254902,17.000166722785774,216357
0.4,0.49019607843137253,0.7333333333333333,40.000392288907705,605837
0.4117647058823529,0.4745098039215686,0.7529411764705882,25.000245180567315,224791
0.803921568627451,0.5058823529411764,0.6745098039215687,8.000078457781541,384263
0.8666666666666667,0.5647058823529412,0.6431372549019608,4.0000392288907705,370944
0.7568627450980392,0.596078431372549,0.6862745098039216,4.0000392288907705,512215
0.8235294117647058,0.596078431372549,0.6431372549019608,3.000029421668078,298618
0.7529411764705882,0.5215686274509804,0.7254901960784313,13.000127493895004,516960
0.8196078431372549,0.5137254901960784,0.7490196078431373,7.000068650558848,157298
0.7529411764705882,0.6235294117647059,0.7137254901960784,11.000107879449619,251417
0.8313725490196079,0.592156862745098,0.7294117647058823,3.000029421668078,369993
0.7764705882352941,0.6823529411764706,0.6627450980392157,17.000166722785774,584747
0.7568627450980392,0.7215686274509804,0.6549019607843137,8.000078457781541,396423
0.8196078431372549,0.7411764705882353,0.6392156862745098,6.000058843336156,567650
0.7568627450980392,0.6705882352941176,0.7529411764705882,9.000088265004234,361180
0.7725490196078432,0.7254901960784313,0.7019607843137254,12.000117686672311,562901
0.8705882352941177,0.7490196078431373,0.7490196078431373,1.0000098072226926,539255
0.7647058823529411,0.47058823529411764,0.16470588235294117,31.00030402390347,404041
0.796078431372549,0.4549019607843137,0.16470588235294117,6.000058843336156,399298
0.7764705882352941,0.4666666666666667,0.17647058823529413,32.000313831126164,398351
0.7843137254901961,0.4627450980392157,0.18823529411764706,27.0002647950127,406875
0.7647058823529411,0.48627450980392156,0.17254901960784313,67.0006570839204,397468
0.796078431372549,0.47843137254901963,0.1803921568627451,49.00048055391194,389795
0.6,0.6980392156862745,0.9333333333333333,98.00096110782388,180614
0.611764705882353,0.6980392156862745,0.9254901960784314,27.0002647950127,205265
0.6039215686274509,0.7215686274509804,0.9215686274509803,188.0018437578662,366284
0.615686274509804,0.7137254901960784,0.9254901960784314,131.00128474617273,199244
0.596078431372549,0.7019607843137254,0.9450980392156862,57.00055901169348,199547
0.615686274509804,0.7019607843137254,0.9450980392156862,15.00014710834039,231668
0.596078431372549,0.7176470588235294,0.9450980392156862,203.0019908662066,322916
0.615686274509804,0.7098039215686275,0.9411764705882353,119.00116705950042,279425
0.6431372549019608,0.2627450980392157,0.6901960784313725,4.0000392288907705,145892
0.6901960784313725,0.28627450980392155,0.6549019607843137,1.0000098072226926,151598
0.6313725490196078,0.36470588235294116,0.6431372549019608,7.000068650558848,532142
0.6274509803921569,0.3137254901960784,0.7098039215686275,5.000049036113463,159183
0.7372549019607844,0.2549019607843137,0.7490196078431373,3.000029421668078,505401
0.6509803921568628,0.3764705882352941,0.7529411764705882,28.000274602235393,148733
0.6941176470588235,0.37254901960784315,0.7176470588235294,4.0000392288907705,151601
0.8549019607843137,0.9137254901960784,0.9607843137254902,44.000431517798475,197283
0.8666666666666667,0.9176470588235294,0.9607843137254902,105.00102975838273,284961
0.8549019607843137,0.9333333333333333,0.9607843137254902,11.000107879449619,62047
0.8705882352941177,0.9294117647058824,0.9568627450980393,21.000205951676545,409898
0.8509803921568627,0.9137254901960784,0.9764705882352941,146.00143185451313,189902
0.8705882352941177,0.9254901960784314,0.9803921568627451,344.00337368460623,173719
0.8549019607843137,0.9294117647058824,0.9803921568627451,34.00033344557155,200136
0.8627450980392157,0.9411764705882353,0.9803921568627451,127.00124551728196,114184
0.8941176470588236,0.6352941176470588,0.23529411764705882,172.00168684230312,603770
0.9098039215686274,0.6549019607843137,0.25882352941176473,33.00032363834886,599975
0.9098039215686274,0.6627450980392157,0.25882352941176473,2.0000196144453852,609526
0.5019607843137255,0.6627450980392157,0.9254901960784314,153.00150050507196,113263
0.5176470588235295,0.6627450980392157,0.9215686274509803,273.0026773717951,185275
0.5098039215686274,0.6784313725490196,0.9215686274509803,26.000254987790008,130323
0.5294117647058824,0.6784313725490196,0.9294117647058824,100.00098072226926,87527
0.5137254901960784,0.6627450980392157,0.9372549019607843,59.00057862613886,212814
0.5215686274509804,0.6666666666666666,0.9450980392156862,125.00122590283658,157354
0.5058823529411764,0.6862745098039216,0.9490196078431372,22.000215758899238,197257
0.5176470588235295,0.6823529411764706,0.9372549019607843,68.0006668911431,228776
0.9058823529411765,0.9450980392156862,0.9098039215686274,6.000058843336156,22741
0.9333333333333333,0.9607843137254902,0.8980392156862745,28.000274602235393,304240
0.9058823529411765,0.9764705882352941,0.8901960784313725,1.0000098072226926,304245
0.9333333333333333,0.9882352941176471,0.9137254901960784,3.000029421668078,312759
0.8980392156862745,0.9450980392156862,0.9411764705882353,36.000353060016934,297916
0.9176470588235294,0.9647058823529412,0.9490196078431372,122.0011964811685,277127
0.9294117647058824,0.9764705882352941,0.9450980392156862,10.000098072226926,232471
0.5294117647058824,0.7568627450980392,0.26666666666666666,2.0000196144453852,142374
0.5411764705882353,0.7686274509803922,0.27058823529411763,143.00140243284505,156635
0.5568627450980392,0.788235294117647,0.27450980392156865,7.000068650558848,139525
0.5607843137254902,0.7803921568627451,0.30980392156862746,54.0005295900254,169946
0.8156862745098039,0.7803921568627451,0.2549019607843137,128.00125532450465,418380
0.8470588235294118,0.7843137254901961,0.25882352941176473,25.000245180567315,323343
0.8235294117647058,0.788235294117647,0.25882352941176473,49.00048055391194,418378
0.8549019607843137,0.788235294117647,0.25882352941176473,3.000029421668078,419336
0.8588235294117647,0.8941176470588236,0.9607843137254902,75.00073554170194,191088
0.8627450980392157,0.8941176470588236,0.9647058823529412,19.00018633723116,205273
0.8549019607843137,0.9098039215686274,0.9607843137254902,97.00095130060119,264939
0.8666666666666667,0.9058823529411765,0.9568627450980393,153.00150050507196,427978
0.8470588235294118,0.8901960784313725,0.9725490196078431,68.0006668911431,57168
0.8627450980392157,0.8862745098039215,0.9686274509803922,12.000117686672311,430844
0.8470588235294118,0.9098039215686274,0.9803921568627451,266.00260872123624,103732
0.8705882352941177,0.9098039215686274,0.9764705882352941,128.00125532450465,11233
0.5215686274509804,0.3803921568627451,0.21176470588235294,55.00053939724809,499089
0.5372549019607843,0.403921568627451,0.2196078431372549,25.000245180567315,338726
0.5215686274509804,0.4117647058823529,0.2235294117647059,10.000098072226926,336832
0.5607843137254902,0.4196078431372549,0.2235294117647059,16.000156915563082,341571
0.5058823529411764,0.39215686274509803,0.23529411764705882,33.00032363834886,497146
0.5529411764705883,0.403921568627451,0.2549019607843137,31.00030402390347,609112
0.5254901960784314,0.4117647058823529,0.23921568627450981,3.000029421668078,354886
0.5490196078431373,0.42745098039215684,0.23921568627450981,30.00029421668078,341585
0.3843137254901961,0.5490196078431373,0.8666666666666667,76.00074534892464,299273
0.39215686274509803,0.5490196078431373,0.8627450980392157,25.000245180567315,409401
0.38823529411764707,0.5647058823529412,0.8588235294117647,256.0025106490093,162131
0.396078431372549,0.5647058823529412,0.8588235294117647,184.00180452897544,250941
0.38823529411764707,0.5450980392156862,0.8745098039215686,18.000176530008467,306873
0.39215686274509803,0.5372549019607843,0.8745098039215686,11.000107879449619,306878
0.3843137254901961,0.5607843137254902,0.8784313725490196,151.0014808906266,259432
0.4,0.5647058823529412,0.8862745098039215,91.00089245726502,241326
0.4745098039215686,0.6313725490196078,0.8705882352941177,92.00090226448772,170612
0.49019607843137253,0.6313725490196078,0.8627450980392157,158.00154954118543,6902
0.4823529411764706,0.6588235294117647,0.8588235294117647,12.000117686672311,457676
0.49411764705882355,0.6509803921568628,0.8588235294117647,35.00034325279424,544836
0.47058823529411764,0.6352941176470588,0.8784313725490196,166.00162799896697,134184
0.49411764705882355,0.6352941176470588,0.8784313725490196,232.0022752756647,406572
0.4745098039215686,0.6588235294117647,0.8862745098039215,28.000274602235393,43909
0.4980392156862745,0.6470588235294118,0.8784313725490196,83.00081399948348,60599
0.4549019607843137,0.3411764705882353,0.14901960784313725,6.000058843336156,364364
0.48627450980392156,0.34509803921568627,0.1411764705882353,18.000176530008467,358673
0.4666666666666667,0.35294117647058826,0.15294117647058825,6.000058843336156,362471
0.47058823529411764,0.35294117647058826,0.15294117647058825,135.0013239750635,521861
0.4470588235294118,0.3568627450980392,0.19607843137254902,6.000058843336156,358658
0.49019607843137253,0.3686274509803922,0.17254901960784313,30.00029421668078,344433
0.6039215686274509,0.7254901960784313,0.9294117647058824,96.00094149337849,24981
0.615686274509804,0.7254901960784313,0.9294117647058824,151.0014808906266,95215
0.6078431372549019,0.7411764705882353,0.9215686274509803,17.000166722785774,419735
0.615686274509804,0.7529411764705882,0.9294117647058824,39.00038248168501,396700
0.6,0.7333333333333333,0.9450980392156862,147.0014416617358,24503
0.611764705882353,0.7294117647058823,0.9450980392156862,244.002392962337,212693
0.596078431372549,0.7411764705882353,0.9411764705882353,27.0002647950127,76785
0.6196078431372549,0.7529411764705882,0.9450980392156862,82.0008041922608,376690
0.7764705882352941,0.5215686274509804,0.4470588235294118,5.000049036113463,269456
0.807843137254902,0.5764705882352941,0.43529411764705883,12.000117686672311,577286
0.8274509803921568,0.611764705882353,0.4235294117647059,20.000196144453852,404973
0.7725490196078432,0.5647058823529412,0.5098039215686274,2.0000196144453852,601849
0.7843137254901961,0.6,0.4549019607843137,7.000068650558848,231452
0.8156862745098039,0.6196078431372549,0.4549019607843137,4.0000392288907705,230499
0.5490196078431373,0.7725490196078432,0.6549019607843137,1.0000098072226926,125255
0.592156862745098,0.7607843137254902,0.6862745098039216,25.000245180567315,198511
0.611764705882353,0.8313725490196079,0.6509803921568628,3.000029421668078,123355
0.5568627450980392,0.7647058823529411,0.7215686274509804,4.0000392288907705,112902
0.592156862745098,0.803921568627451,0.7215686274509804,16.000156915563082,116703
0.615686274509804,0.8235294117647058,0.7176470588235294,1.0000098072226926,115753
0.41568627450980394,0.6039215686274509,0.8588235294117647,90.00088265004234,147874
0.4235294117647059,0.6,0.8705882352941177,187.00183395064352,1998
0.4196078431372549,0.6196078431372549,0.8666666666666667,6.000058843336156,141701
0.43137254901960786,0.6235294117647059,0.8666666666666667,24.000235373344623,381881
0.4117647058823529,0.6,0.8823529411764706,164.0016083845216,68511
0.43137254901960786,0.6039215686274509,0.8784313725490196,255.00250084178663,131336
0.4196078431372549,0.6235294117647059,0.8823529411764706,14.000137301117697,193545
0.42745098039215684,0.6196078431372549,0.8784313725490196,58.00056881891617,24949
0.792156862745098,0.8549019607843137,0.9215686274509803,117.00114744505504,466137
0.807843137254902,0.8588235294117647,0.9254901960784314,208.00203990232006,511614
0.7843137254901961,0.8666666666666667,0.9294117647058824,22.000215758899238,428273
0.807843137254902,0.8666666666666667,0.9294117647058824,88.00086303559695,463288
0.7843137254901961,0.8627450980392157,0.9490196078431372,92.00090226448772,390966
0.803921568627451,0.8549019607843137,0.9490196078431372,128.00125532450465,390447
0.796078431372549,0.8666666666666667,0.9450980392156862,56.000549204470786,400515
0.8117647058823529,0.8666666666666667,0.9372549019607843,86.00084342115156,484035
0.3137254901960784,0.2,0.7254901960784313,18.000176530008467,453863
0.36470588235294116,0.19607843137254902,0.7254901960784313,5.000049036113463,367034
0.3254901960784314,0.25098039215686274,0.7019607843137254,40.000392288907705,498370
0.37254901960784315,0.23529411764705882,0.7294117647058823,12.000117686672311,417684
0.3254901960784314,0.21176470588235294,0.7490196078431373,32.000313831126164,451965
0.35294117647058826,0.19607843137254902,0.7372549019607844,46.00045113224386,316010
0.33725490196078434,0.22745098039215686,0.7568627450980392,26.000254987790008,436786
0.3686274509803922,0.23921568627450981,0.7490196078431373,20.000196144453852,357969
0.28627450980392155,0.4470588235294118,0.7490196078431373,122.0011964811685,477033
0.2901960784313726,0.4470588235294118,0.7490196078431373,18.000176530008467,548244
0.28627450980392155,0.4549019607843137,0.7529411764705882,279.0027362151312,578564
0.29411764705882354,0.4549019607843137,0.7529411764705882,406.0039817324132,598513
0.28627450980392155,0.44313725490196076,0.7568627450980392,115.00112783060965,518728
0.29411764705882354,0.4470588235294118,0.7568627450980392,21.000205951676545,586856
0.2823529411764706,0.4549019607843137,0.7568627450980392,1589.0155836768586,560600
0.29411764705882354,0.4549019607843137,0.7568627450980392,624.0061197069601,589966
0.592156862745098,0.8196078431372549,0.2627450980392157,6.000058843336156,133850
0.6078431372549019,0.8235294117647058,0.28627450980392155,152.00149069784928,132888
0.5882352941176471,0.8196078431372549,0.30980392156862746,2.0000196144453852,135724
0.6235294117647059,0.8392156862745098,0.30980392156862746,38.00037267446232,131934
0.0784313725490196,0.027450980392156862,0.33725490196078434,15.00014710834039,95306
0.10196078431372549,0.027450980392156862,0.3254901960784314,2.0000196144453852,94355
0.07058823529411765,0.03529411764705882,0.33725490196078434,3.000029421668078,461413
0.09411764705882353,0.043137254901960784,0.32941176470588235,8.000078457781541,93405
0.06666666666666667,0.03137254901960784,0.3843137254901961,117.00114744505504,89609
0.09803921568627451,0.03137254901960784,0.3686274509803922,5.000049036113463,109565
0.08627450980392157,0.050980392156862744,0.3843137254901961,33.00032363834886,103858
0.10980392156862745,0.0392156862745098,0.3686274509803922,15.00014710834039,110514
0.9764705882352941,0.9882352941176471,0.803921568627451,3.000029421668078,309919
1.0,0.9882352941176471,0.796078431372549,8.000078457781541,325115
0.9803921568627451,0.996078431372549,0.796078431372549,91.00089245726502,37022
0.9882352941176471,0.996078431372549,0.8,274.00268717901776,42708
0.9764705882352941,0.9803921568627451,0.8235294117647058,1.0000098072226926,310865
1.0,0.9882352941176471,0.8117647058823529,5.000049036113463,306130
0.9803921568627451,0.996078431372549,0.8156862745098039,60.00058843336156,30376
0.9882352941176471,0.996078431372549,0.8117647058823529,344.00337368460623,63589
0.403921568627451,0.33725490196078434,0.788235294117647,41.0004020961304,307684
0.4196078431372549,0.32941176470588235,0.7647058823529411,80.00078457781541,314328
0.38823529411764707,0.3607843137254902,0.7686274509803922,8.000078457781541,315288
0.40784313725490196,0.35294117647058826,0.7686274509803922,10.000098072226926,462403
0.3803921568627451,0.3411764705882353,0.8196078431372549,10.000098072226926,415908
0.4196078431372549,0.34509803921568627,0.8235294117647058,20.000196144453852,469884
0.4,0.34901960784313724,0.796078431372549,13.000127493895004,455763
0.40784313725490196,0.3686274509803922,0.807843137254902,14.000137301117697,442483
0.14901960784313725,0.33725490196078434,0.7019607843137254,8.000078457781541,58573
0.17647058823529413,0.32941176470588235,0.7058823529411765,47.00046093946655,94409
0.13725490196078433,0.3686274509803922,0.7176470588235294,17.000166722785774,43254
0.16862745098039217,0.3764705882352941,0.7176470588235294,118.00115725227772,16768
0.16862745098039217,0.34509803921568627,0.7607843137254902,1.0000098072226926,263590
0.17254901960784313,0.3686274509803922,0.7333333333333333,5.000049036113463,44341
0.2627450980392157,0.20392156862745098,0.592156862745098,25.000245180567315,226792
0.2901960784313726,0.21568627450980393,0.6,10.000098072226926,505943
0.2784313725490196,0.2235294117647059,0.6039215686274509,7.000068650558848,224883
0.28627450980392155,0.23137254901960785,0.5843137254901961,8.000078457781541,326458
0.26666666666666666,0.20392156862745098,0.6352941176470588,49.00048055391194,226785
0.2823529411764706,0.19215686274509805,0.6352941176470588,45.00044132502117,513556
0.27450980392156865,0.23137254901960785,0.6313725490196078,10.000098072226926,24255
0.28627450980392155,0.23529411764705882,0.6196078431372549,42.00041190335309,503090
0.7529411764705882,0.8196078431372549,0.9254901960784314,127.00124551728196,396116
0.7686274509803922,0.8274509803921568,0.9254901960784314,88.00086303559695,474428
0.7529411764705882,0.8392156862745098,0.9294117647058824,73.00071592725656,290499
0.7686274509803922,0.8431372549019608,0.9215686274509803,136.0013337822862,461112
0.7568627450980392,0.8196078431372549,0.9490196078431372,96.00094149337849,303021
0.7725490196078432,0.8313725490196079,0.9372549019607843,67.0006570839204,166397
0.7647058823529411,0.8352941176470589,0.9372549019607843,81.0007943850381,405168
0.7725490196078432,0.8431372549019608,0.9372549019607843,113.00110821616427,426126
0.1411764705882353,0.15294117647058825,0.5843137254901961,35.00034325279424,28101
0.17254901960784313,0.1450980392156863,0.592156862745098,82.0008041922608,34744
0.1450980392156863,0.16862745098039217,0.596078431372549,15.00014710834039,52854
0.17647058823529413,0.18823529411764706,0.6039215686274509,22.000215758899238,318874
0.13333333333333333,0.13725490196078433,0.615686274509804,4.0000392288907705,321736
0.1843137254901961,0.1411764705882353,0.6196078431372549,8.000078457781541,472240
0.12941176470588237,0.17254901960784313,0.615686274509804,5.000049036113463,322685
0.1803921568627451,0.1843137254901961,0.6078431372549019,24.000235373344623,6253
0.6666666666666666,0.7647058823529411,0.9333333333333333,103.00101014393734,161359
0.6745098039215687,0.7686274509803922,0.9294117647058824,90.00088265004234,307765
0.6666666666666666,0.7725490196078432,0.9333333333333333,47.00046093946655,365328
0.6823529411764706,0.7725490196078432,0.9294117647058824,90.00088265004234,422576
0.6588235294117647,0.7647058823529411,0.9372549019607843,164.0016083845216,226953
0.6745098039215687,0.7607843137254902,0.9372549019607843,96.00094149337849,227833
0.6666666666666666,0.7725490196078432,0.9411764705882353,57.00055901169348,371071
0.6745098039215687,0.7843137254901961,0.9372549019607843,120.00117686672311,251880
0.45098039215686275,0.611764705882353,0.8352941176470589,102.00100033671464,217388
0.4588235294117647,0.611764705882353,0.8352941176470589,128.00125532450465,437357
0.45098039215686275,0.615686274509804,0.8274509803921568,15.00014710834039,419462
0.4588235294117647,0.6196078431372549,0.8392156862745098,44.000431517798475,413791
0.4392156862745098,0.6,0.8470588235294118,180.00176530008468,52458
0.4588235294117647,0.6039215686274509,0.8431372549019608,187.00183395064352,80854
0.44313725490196076,0.615686274509804,0.8549019607843137,25.000245180567315,143597
0.4666666666666667,0.6196078431372549,0.8509803921568627,77.00075515614733,86749
0.47058823529411764,0.6,0.8274509803921568,91.00089245726502,597014
0.4980392156862745,0.611764705882353,0.8352941176470589,46.00045113224386,223191
0.4823529411764706,0.6196078431372549,0.8392156862745098,94.0009218789331,577972
0.49411764705882355,0.615686274509804,0.8274509803921568,110.00107879449618,588419
0.47058823529411764,0.6078431372549019,0.8431372549019608,118.00115725227772,597982
0.49019607843137253,0.611764705882353,0.8431372549019608,28.000274602235393,4064
0.47843137254901963,0.615686274509804,0.8509803921568627,143.00140243284505,417535
0.48627450980392156,0.6196078431372549,0.8431372549019608,128.00125532450465,611252
0.9764705882352941,0.9882352941176471,0.7647058823529411,2.0000196144453852,69283
1.0,0.984313725490196,0.7686274509803922,25.000245180567315,307088
0.9764705882352941,0.996078431372549,0.7686274509803922,287.0028146729128,43673
0.9882352941176471,0.996078431372549,0.7764705882352941,28.000274602235393,66398
0.984313725490196,0.9882352941176471,0.7803921568627451,1.0000098072226926,309920
1.0,0.9803921568627451,0.7803921568627451,14.000137301117697,306137
0.9764705882352941,0.996078431372549,0.788235294117647,130.00127493895005,36079
0.9882352941176471,0.996078431372549,0.7843137254901961,270.002647950127,68283
0.796078431372549,0.2784313725490196,0.6666666666666666,3.000029421668078,38059
0.8352941176470589,0.27058823529411763,0.6431372549019608,9.000088265004234,22876
0.792156862745098,0.32941176470588235,0.6901960784313725,2.0000196144453852,34266
0.8745098039215686,0.3411764705882353,0.6470588235294118,4.0000392288907705,41832
0.803921568627451,0.29411764705882354,0.7607843137254902,12.000117686672311,502555
0.8745098039215686,0.2901960784313726,0.7058823529411765,3.000029421668078,41844
0.788235294117647,0.3176470588235294,0.7490196078431373,3.000029421668078,503502
0.8666666666666667,0.37254901960784315,0.7333333333333333,11.000107879449619,41847
0.23137254901960785,0.09803921568627451,0.6745098039215687,149.0014612761812,435783
0.23529411764705882,0.09803921568627451,0.6705882352941176,132.00129455339544,444311
0.2235294117647059,0.12549019607843137,0.6823529411764706,2.0000196144453852,316945
0.23529411764705882,0.12156862745098039,0.6784313725490196,3.000029421668078,309336
0.22745098039215686,0.10196078431372549,0.6980392156862745,243.0023831551143,300802
0.23921568627450981,0.10196078431372549,0.6901960784313725,216.0021183601016,434839
0.23137254901960785,0.11372549019607843,0.6941176470588235,3.000029421668078,265277
0.25098039215686274,0.14901960784313725,0.7254901960784313,11.000107879449619,309386
0.30196078431372547,0.14901960784313725,0.7019607843137254,35.00034325279424,440493
0.27450980392156865,0.16862745098039217,0.7019607843137254,11.000107879449619,262637
0.30196078431372547,0.1843137254901961,0.7254901960784313,18.000176530008467,452914
0.27058823529411763,0.12941176470588237,0.7568627450980392,26.000254987790008,440567
0.3058823529411765,0.1450980392156863,0.7490196078431373,53.00051978280271,459550
0.27450980392156865,0.1803921568627451,0.7372549019607844,9.000088265004234,311285
0.3058823529411765,0.17254901960784313,0.7372549019607844,23.00022556612193,451015
0.39215686274509803,0.47058823529411764,0.792156862745098,27.0002647950127,367513
0.41568627450980394,0.47058823529411764,0.788235294117647,13.000127493895004,301287
0.396078431372549,0.49411764705882355,0.7843137254901961,32.000313831126164,609449
0.4196078431372549,0.4745098039215686,0.7764705882352941,27.0002647950127,373199
0.3803921568627451,0.4627450980392157,0.8235294117647058,29.000284409458086,310713
0.40784313725490196,0.44313725490196076,0.796078431372549,11.000107879449619,209702
0.3764705882352941,0.4745098039215686,0.803921568627451,28.000274602235393,309283
0.43529411764705883,0.49019607843137253,0.803921568627451,19.00018633723116,297487
0.7254901960784313,0.8196078431372549,0.9529411764705882,104.00101995116003,315308
0.7450980392156863,0.8313725490196079,0.9568627450980393,131.00128474617273,251862
0.7294117647058823,0.8352941176470589,0.9647058823529412,13.000127493895004,228813
0.7411764705882353,0.8431372549019608,0.9568627450980393,57.00055901169348,314355
0.7254901960784313,0.8196078431372549,0.9764705882352941,133.00130436061812,217190
0.7411764705882353,0.8235294117647058,0.9725490196078431,203.0019908662066,154905
0.7254901960784313,0.8352941176470589,0.9803921568627451,19.00018633723116,251801
0.7411764705882353,0.8470588235294118,0.9725490196078431,84.00082380670618,187009
0.5843137254901961,0.7803921568627451,0.38823529411764707,27.0002647950127,176602
0.6,0.7843137254901961,0.4117647058823529,9.000088265004234,180408
0.5882352941176471,0.796078431372549,0.4117647058823529,19.00018633723116,195663
0.615686274509804,0.803921568627451,0.396078431372549,35.00034325279424,182322
0.5647058823529412,0.7607843137254902,0.4235294117647059,12.000117686672311,159478
0.6039215686274509,0.7725490196078432,0.43137254901960786,13.000127493895004,165184
0.5725490196078431,0.792156862745098,0.44313725490196076,22.000215758899238,195699
0.596078431372549,0.8,0.42745098039215684,49.00048055391194,171842
0.6941176470588235,0.7568627450980392,0.8666666666666667,110.00107879449618,564708
0.7098039215686275,0.7647058823529411,0.8588235294117647,77.00075515614733,517282
0.6941176470588235,0.7725490196078432,0.8705882352941177,29.000284409458086,381893
0.7058823529411765,0.7725490196078432,0.8627450980392157,87.00085322837425,489628
0.6980392156862745,0.7686274509803922,0.8862745098039215,126.00123571005926,525967
0.7176470588235294,0.7686274509803922,0.8784313725490196,45.00044132502117,550477
0.7019607843137254,0.7725490196078432,0.8823529411764706,97.00095130060119,477547
0.7176470588235294,0.7843137254901961,0.8823529411764706,171.00167703508043,492504
0.6078431372549019,0.6941176470588235,0.8588235294117647,123.00120628839119,595077
0.611764705882353,0.7058823529411765,0.8588235294117647,116.00113763783234,480407
0.6039215686274509,0.7098039215686275,0.8588235294117647,60.00058843336156,457433
0.615686274509804,0.7176470588235294,0.8627450980392157,163.0015985772989,513649
0.6078431372549019,0.7019607843137254,0.8862745098039215,86.00084342115156,320699
0.611764705882353,0.7058823529411765,0.8862745098039215,42.00041190335309,590315
0.6,0.7098039215686275,0.8784313725490196,74.00072573447926,532486
0.6196078431372549,0.7176470588235294,0.8784313725490196,78.00076496337002,501957
0.9725490196078431,0.996078431372549,1.0,435.0042661418713,242067
0.9803921568627451,0.996078431372549,1.0,718.0070415858933,201133
0.9764705882352941,1.0,1.0,741.0072671520152,261002
0.984313725490196,1.0,1.0,1058.0103760416089,12435
0.5686274509803921,0.4588235294117647,0.8392156862745098,14.000137301117697,486943
0.596078431372549,0.4470588235294118,0.8470588235294118,1.0000098072226926,272121
0.5843137254901961,0.4980392156862745,0.8431372549019608,91.00089245726502,338032
0.596078431372549,0.4980392156862745,0.8431372549019608,11.000107879449619,423758
0.5764705882352941,0.4627450980392157,0.8705882352941177,16.000156915563082,349416
0.596078431372549,0.4588235294117647,0.8823529411764706,4.0000392288907705,224452
0.5843137254901961,0.4980392156862745,0.8862745098039215,35.00034325279424,309567
0.6,0.49019607843137253,0.8823529411764706,12.000117686672311,348466
0.4392156862745098,0.39215686274509803,0.7058823529411765,30.00029421668078,152392
0.4980392156862745,0.3803921568627451,0.7137254901960784,30.00029421668078,343026
0.4470588235294118,0.43529411764705883,0.7254901960784313,16.000156915563082,506891
0.48627450980392156,0.43137254901960786,0.7019607843137254,18.000176530008467,226749
0.4549019607843137,0.403921568627451,0.7411764705882353,34.00033344557155,374368
0.47058823529411764,0.3843137254901961,0.7372549019607844,20.000196144453852,406266
0.4392156862745098,0.41568627450980394,0.7490196078431373,21.000205951676545,32708
0.4745098039215686,0.4117647058823529,0.7333333333333333,15.00014710834039,343562
0.8,0.25882352941176473,0.4823529411764706,16.000156915563082,368109
0.8235294117647058,0.2980392156862745,0.48627450980392156,11.000107879449619,370005
0.803921568627451,0.3686274509803922,0.48627450980392156,8.000078457781541,370950
0.8235294117647058,0.3686274509803922,0.5058823529411764,8.000078457781541,370951
0.16470588235294117,0.2549019607843137,0.43137254901960786,8.000078457781541,572856
0.2,0.27450980392156865,0.42745098039215684,5.000049036113463,477561
0.13333333333333333,0.25882352941176473,0.4823529411764706,12.000117686672311,9928
0.2,0.27450980392156865,0.4549019607843137,16.000156915563082,544439
0.23529411764705882,0.3176470588235294,0.5058823529411764,4.0000392288907705,544440
0.2901960784313726,0.5372549019607843,0.8352941176470589,104.00101995116003,143720
0.3058823529411765,0.5411764705882353,0.8392156862745098,267.0026185284589,141823
0.2901960784313726,0.5529411764705883,0.8352941176470589,17.000166722785774,326161
0.3058823529411765,0.5529411764705883,0.8392156862745098,20.000196144453852,318706
0.2901960784313726,0.5411764705882353,0.8431372549019608,76.00074534892464,68737
0.30980392156862746,0.5372549019607843,0.8431372549019608,159.00155934840814,199278
0.2901960784313726,0.5529411764705883,0.8509803921568627,24.000235373344623,316718
0.2980392156862745,0.5568627450980392,0.8509803921568627,66.00064727669772,323390
0.3176470588235294,0.06274509803921569,0.13725490196078433,11.000107879449619,105734
0.34509803921568627,0.050980392156862744,0.16470588235294117,6.000058843336156,102885
0.3254901960784314,0.047058823529411764,0.1843137254901961,153.00150050507196,119036
0.34509803921568627,0.06274509803921569,0.19607843137254902,13.000127493895004,122843
0.16862745098039217,0.43137254901960786,0.7372549019607844,505.0049526474598,28958
0.16862745098039217,0.43529411764705883,0.7333333333333333,15.00014710834039,49995
0.16862745098039217,0.42745098039215684,0.7411764705882353,1811.0177608802962,21348
0.16862745098039217,0.43529411764705883,0.7450980392156863,596.0058451047248,18468
0.5098039215686274,0.6627450980392157,0.8901960784313725,76.00074534892464,247714
0.5215686274509804,0.6627450980392157,0.8901960784313725,159.00155934840814,367234
0.5058823529411764,0.6823529411764706,0.8901960784313725,8.000078457781541,57226
0.5176470588235295,0.6784313725490196,0.8941176470588236,32.000313831126164,72449
0.5137254901960784,0.6705882352941176,0.9176470588235294,137.00134358950888,135003
0.5294117647058824,0.6705882352941176,0.9176470588235294,242.00237334789162,215513
0.5137254901960784,0.6784313725490196,0.9137254901960784,11.000107879449619,371001
0.5215686274509804,0.6901960784313725,0.9098039215686274,66.00064727669772,391887
0.19215686274509805,0.47843137254901963,0.7843137254901961,1018.009983752701,164961
0.2,0.47843137254901963,0.7803921568627451,316.00309908237085,157489
0.19215686274509805,0.4823529411764706,0.7843137254901961,63.00061785502963,176367
0.19607843137254902,0.48627450980392156,0.7803921568627451,137.00134358950888,311005
0.18823529411764706,0.4745098039215686,0.788235294117647,819.0080321153853,165021
0.19607843137254902,0.47843137254901963,0.788235294117647,273.0026773717951,138536
0.19215686274509805,0.4823529411764706,0.788235294117647,74.00072573447926,124774
0.2,0.48627450980392156,0.792156862745098,215.00210855287892,25966
0.6352941176470588,0.6549019607843137,0.22745098039215686,33.00032363834886,194441
0.6862745098039216,0.6431372549019608,0.21176470588235294,110.00107879449618,197298
0.6431372549019608,0.6666666666666666,0.20784313725490197,10.000098072226926,194443
0.6784313725490196,0.6627450980392157,0.21568627450980393,22.000215758899238,193505
0.6588235294117647,0.6392156862745098,0.23529411764705882,2.0000196144453852,197296
0.6313725490196078,0.6666666666666666,0.23921568627450981,2.0000196144453852,227585
0.6588235294117647,0.6784313725490196,0.23529411764705882,2.0000196144453852,191617
0.2784313725490196,0.03137254901960784,0.01568627450980392,5.000049036113463,546414
0.25098039215686274,0.0392156862745098,0.03137254901960784,13.000127493895004,549265
0.30980392156862746,0.043137254901960784,0.023529411764705882,132.00129455339544,540724
0.26666666666666666,0.054901960784313725,0.054901960784313725,5.000049036113463,542610
0.3058823529411765,0.0392156862745098,0.058823529411764705,26.000254987790008,545470
0.6745098039215687,0.403921568627451,0.5254901960784314,5.000049036113463,269457
0.6862745098039216,0.4823529411764706,0.5450980392156862,5.000049036113463,277040
0.7176470588235294,0.4549019607843137,0.5647058823529412,4.0000392288907705,299761
0.6352941176470588,0.3843137254901961,0.596078431372549,15.00014710834039,378539
0.6980392156862745,0.43529411764705883,0.6313725490196078,5.000049036113463,297671
0.6862745098039216,0.4745098039215686,0.615686274509804,7.000068650558848,264712
0.6980392156862745,0.4549019607843137,0.6235294117647059,3.000029421668078,297670
