x0,x1,weight,source_index
-6.686941850174692,22.84702951627953,1.000002000004,977705
17.599808189624742,1.9532739480495624,1.000002000004,96109
24.313394046996308,24.337239423359176,48.000096000192,652296
23.978323319466337,11.893567708917828,52.000104000208,734994
11.945025938716862,-12.13752161665001,1.000002000004,318705
-13.237644437452465,12.318682650778506,1.000002000004,512512
-4.492507852688794,27.37395249606451,9.000018000036,966777
27.328811636008524,21.15422988322493,11.000022000044,772736
26.474482900525206,13.671142945376683,11.000022000044,781497
-5.293643965519511,15.805656706526106,29.000058000116,148606
19.5226531381245,28.2173558363263,29.000058000116,655978
20.6284774541198,27.089991413691056,6.000012000024,803354
18.302586179397306,8.902304416775197,24.000048000096,882795
21.31748256153884,7.740723869089637,3.000006000012,666933
15.04678755965204,6.1623543798875735,33.000066000132,277615
17.389508469850423,27.15486089310926,11.000022000044,815132
-15.80859451230599,-3.149339353063914,20.00004000008,169310
-16.856255091377243,1.978395103849364,32.000064000128,224288
-15.834380516312166,3.269346278360954,10.00002000004,371288
8.18022802074914,17.03733173050746,16.000032000064,729581
5.449610889256951,20.342784649372327,9.000018000036,902815
4.44083838811387,25.789816425069684,118.000236000472,952226
14.467110935287383,-9.828382499465942,1.000002000004,642010
14.69991329334505,-7.553359000777757,23.000046000092,467766
5.981182170229658,-15.480606385483451,19.000038000076,626782
14.91038350034694,25.95406483813221,101.000202000404,883978
15.492796546688249,9.794615988032486,94.000188000376,680394
-5.350204089223721,21.300845907260666,44.000088000176,925090
-5.477147032134521,23.648196650810803,59.000118000236,936190
-1.4242669021479306,-4.056631524156786,155.00031000062,504299
3.9732222136687296,19.252264232837756,22.000044000088,978915
4.969401618788495,13.552776914253542,149.000298000596,587334
-1.1855990869530673,3.939646219072111,142.000284000568,563037
4.382997044616098,-14.019654117444604,144.000288000576,633083
-15.289443281822084,1.3493408658936588,154.000308000616,387261
-15.05232877166454,2.06296932298765,134.00026800053598,281101
-14.308440999124604,-2.995062735038783,115.00023000046,597207
-14.200136265050954,-0.4713581187048516,150.0003000006,394017
-0.2345049023174745,-4.176191575552749,111.000222000444,531389
1.8839871668475865,-3.592430830581672,157.000314000628,550116
9.586686552611626,16.37085216336328,53.000106000212,862279
9.560013132237714,17.535572831383266,87.000174000348,682011
9.549034505718495,18.42289221609805,78.000156000312,822146
8.445522909826822,19.532388680475197,48.000096000192,823475
10.236415029340591,11.786616590625751,83.000166000332,889286
-5.711120109635057,13.623747130087995,104.000208000416,522166
25.225768945814558,21.10063003488806,155.00031000062,779705
25.90788789070037,22.65123522443118,31.000062000124,694835
-0.407036143043915,4.397191072493795,94.000188000376,326603
25.240085660587,13.16705652443067,36.000072000144,735179
25.543841370231657,14.824334667712654,152.000304000608,869324
-10.54237494349978,12.193166721814675,13.000026000052,97815
-9.955684318481405,15.218912952269449,1.000002000004,29830
-7.024776631162183,16.99686433592395,4.000008000016,325967
10.252114624925715,-11.058021135221198,95.00019000038,142020
-5.840628088258685,-14.402328676837971,95.00019000038,371741
-4.453520992904133,-13.66220370005332,158.00031600063198,101630
-10.589521316346037,-12.44555146934472,29.000058000116,181856
21.815262111813933,9.958572564524786,82.000164000328,702708
22.47986024114253,10.402395786776918,24.000048000096,836464
20.487891609461755,25.744169817021486,81.000162000324,818948
23.361377956824867,26.7123194253784,26.000052000104,871394
-0.6094569942166081,28.71443911898543,19.000038000076,970747
1.7284396385030485,28.541586567198134,9.000018000036,905595
-15.706416935720894,6.263609286613689,4.000008000016,597121
-12.881148018662564,9.810650673154734,21.000042000084,128289
3.0342752568352074,-2.536540440622652,146.00029200058398,442065
3.836495157349964,-0.7260189239134035,43.000086000172,287403
3.831020100567621,0.6946799772801541,55.00011000022,311666
3.529078219543923,1.4424020283329548,124.000248000496,578075
-5.491143828064949,24.50311538199991,23.000046000092,959636
-5.557164716481989,25.875346900867655,4.000008000016,960054
-14.316684846714672,-5.422882407353806,41.000082000164,240186
-14.79492247309383,-3.3277347972396703,96.000192000384,241396
-13.174191202330494,-9.677932691728437,19.000038000076,110996
-16.394353827288043,-6.126791262790649,6.000012000024,622445
-15.433286367645138,4.003794864898221,87.000174000348,452970
-14.835420735436372,5.869551705681018,60.000120000239995,638923
3.32847128298111,21.235266013624845,635.00127000254,982952
-3.366426975680484,25.50882734591196,599.001198002396,924043
13.580182346017748,6.979595365381339,109.00021800043599,392426
12.92271356831567,7.589197601782271,40.00008000016,131410
1.4254086020064676,22.83685619748783,661.001322002644,946661
12.03194467684692,17.194190941727946,617.001234002468,823240
11.50940706980193,19.34754332710239,629.001258002516,658049
-5.891140089893955,4.821022919496467,653.001306002612,298068
-9.129323656934254,-6.837693173457215,659.001318002636,79274
14.676702018650698,12.356684713813994,520.00104000208,759524
23.01580519408199,14.210336760906303,551.001102002204,823079
-1.9527347260715275,26.809541786222,498.000996001992,961999
7.773595660098708,-8.961806878657498,619.0012380024759,474593
13.008918884157003,-7.85347825317019,39.000078000156,212513
12.938370595020633,-6.090160351556005,94.000188000376,295310
22.84282507444069,22.32242177903956,544.001088002176,761757
14.697491687874836,23.708609483037733,585.00117000234,889404
3.325286674326545,25.024325185970245,478.00095600191196,993973
-6.668784926878985,-2.02026226329258,656.001312002624,315229
9.60737033289368,-7.251843244284159,592.001184002368,304341
15.88228941082668,17.889982796686407,545.00109000218,821656
-6.036637665795034,-10.548057349486692,588.0011760023519,434739
9.596189210279444,7.160341987041671,635.00127000254,76683
7.621006246802259,-0.6666707753071548,621.001242002484,566471
-1.2200934408210955,23.04060492015766,519.001038002076,989544
-1.3082984970481908,23.464513459547312,563.001126002252,997813
7.072464413402967,0.5693924156593639,655.00131000262,632021
-6.712397727691296,1.6086559022440696,629.001258002516,470364
-1.9336609989884392,-11.910522743053756,592.001184002368,50918
1.1535803624323673,26.37977830899899,609.001218002436,947520
2.005246329506272,26.30737862268033,450.0009000018,959261
1.388991544603022,-11.461587502860716,640.00128000256,57052
1.8860303007714136,-12.062983512952028,621.001242002484,286282
15.857694413076242,18.45116186492109,528.001056002112,664923
6.67874267788593,10.027153989271854,592.001184002368,246118
-3.468424995295086,11.920586588997864,556.001112002224,367317
-2.3892269217373925,11.59676881569654,626.001252002504,159400
2.68806613818123,-6.763853508636978,565.00113000226,123074
-10.599135932412398,5.80329856709384,593.001186002372,31705
5.545933600355,-9.925608987192645,653.001306002612,508794
6.280515792002703,-10.347338481191336,564.001128002256,647087
21.914311901780287,23.742945658075016,462.000924001848,693005
3.314052714336369,11.255850590140795,552.001104002208,195945
-7.003991644359044,0.3622595514407377,591.001182002364,237124
-6.926920161173549,0.9806209301919036,607.001214002428,27935
19.244087995567117,16.07487049266999,442.000884001768,704736
-3.144614880164417,-11.603793209582186,544.001088002176,62294
-2.4694480327699697,-11.468146922527298,617.001234002468,287463
19.1990670929938,19.93376825780102,431.000862001724,750863
-2.2467472567674545,27.740746987229816,146.00029200058398,994949
-2.685168214156268,28.621474270315236,3.000006000012,949327
-1.9519294201968824,28.61652295593675,12.000024000048,989892
24.708977252085152,18.253278662142492,523.001046002092,686713
24.79797607603908,18.849540849474096,481.000962001924,852587
5.621017034315796,13.68461129348752,59.000118000236,418918
7.846132500894358,13.845901099848842,44.000088000176,424217
20.495756916035905,12.634818347724602,644.001288002576,686038
21.27246713547055,12.16312995279541,443.00088600177196,777460
11.464007860709,20.18841140633258,563.001126002252,848371
12.011004466850764,20.344234762614988,442.000884001768,811549
-7.236978418923209,-1.5442466020773986,600.0012000024,244032
-7.355767194045133,-0.5277413977784986,552.001104002208,214458
-3.294378864736428,-6.429695553920482,609.001218002436,263544
-2.82593323901803,-6.299877561056376,516.001032002064,97425
-0.4680381729229136,21.836527722916028,472.000944001888,912739
0.7280196007577326,21.828677011412186,462.000924001848,980534
-10.635740604142526,-5.857963947227075,513.001026002052,104726
-10.6848202120552,-5.116323744674577,598.001196002392,453049
2.500247353284766,-11.881765086143206,578.001156002312,359644
3.3856247821277625,-11.641821151004116,536.0010720021439,236783
24.29071591856166,17.11162844227666,447.00089400178797,763473
24.794968028894147,17.73653823593081,528.001056002112,717910
2.8547544850186357,6.182610362901016,502.00100400200796,205598
3.315812380168547,6.3135285613554855,602.001204002408,184819
11.79579710124808,15.678727186148308,441.000882001764,742683
11.979408902297848,16.477663591101546,561.001122002244,852197
5.667520346043349,-13.991251241888408,56.000112000224,194896
7.440631661721341,-14.421768146257298,28.000056000112,162936
16.215923428647677,16.04284017513541,586.001172002344,747193
17.197687532306347,15.945304302190287,369.000738001476,812851
-3.1274381951750967,6.190616682426586,539.001078002156,74730
-2.650132914977927,6.112987771639977,482.00096400192797,247515
6.120153087601377,-4.549885765867282,620.00124000248,328623
5.610494664416285,-3.18482953702219,412.00082400164797,173853
6.807982690528132,-3.77973501991482,634.001268002536,179599
5.552994793933946,3.626830082571809,473.000946001892,333656
5.599409951461446,4.337142233710401,573.001146002292,393972
11.14864034665476,-5.948156647507648,446.000892001784,389860
10.806194359829078,-4.683884446477604,577.001154002308,329191
16.64705116454042,20.188804542340165,510.00102000204,794683
16.894270261574665,19.714372674051056,366.000732001464,725855
-12.474964325559592,-1.1586206908519283,466.000932001864,304946
-12.615129124003554,-0.7972769625010245,462.000924001848,78721
11.039374576144974,4.52150540910356,519.001038002076,175069
10.38062405070265,5.59977903349137,634.001268002536,140818
10.756724231057586,5.854565661567407,488.000976001952,413832
-12.125394216649925,0.3092629963995086,497.000994001988,523266
-12.44612099525154,1.4355175809908625,447.00089400178797,421242
-11.85879144642152,9.155020308745597,96.000192000384,418737
-11.506742195604904,10.76071266917701,15.000030000059999,301230
-9.668771180699078,10.973380422720767,106.000212000424,343942
-12.365352049821269,1.861772904218918,464.000928001856,501458
-12.128812805574997,2.884466143233884,428.000856001712,202366
4.062096236433704,-5.9236639138275295,597.0011940023879,481321
4.494926165702447,-5.1481420022323325,383.000766001532,563694
4.822604804556449,-5.071129516637055,529.001058002116,258483
-4.819524997759872,10.925859714718372,605.00121000242,609938
-4.555876956073332,11.662394689096752,435.00087000174,105511
-3.926651630270434,11.665130629907752,524.001048002096,626353
-5.326240917033662,-4.46240366142555,517.001034002068,191594
-6.553263829539628,-3.6284983709901937,568.001136002272,466874
-5.638881562779727,-3.3559298205700783,411.000822001644,489790
-3.1424685267700907,19.70701367044644,252.00050400100798,983321
-2.511077761905734,20.063167887632737,552.001104002208,990220
-3.57641925574918,20.440230080452004,488.000976001952,990701
0.9033240942777384,-6.896179315872965,640.00128000256,639172
1.314678545192777,-6.618411038390956,399.00079800159597,393528
1.768764781457943,-6.599659927945425,454.00090800181596,582020
-5.06657184349013,-11.98945304005816,379.000758001516,84680
-4.389232524596068,-11.3759456102845,506.00101200202397,39448
-4.473721525999671,-11.16106420773644,596.001192002384,170205
4.432441032972362,5.065430344485124,346.000692001384,615267
5.003082750314721,4.969076430552172,512.001024002048,12122
4.385973582380539,5.63020624604184,602.001204002408,408234
-12.287545500454318,-3.0260413500277785,365.00073000146,558092
-11.712205155727665,-2.538334809414197,648.001296002592,425122
-12.139600380304811,-1.6333644143109396,453.000906001812,190212
-2.090024511380288,-6.18424589327787,433.000866001732,75216
-0.953244420207548,-6.127123704923861,386.00077200154396,620834
-6.15957818678796,3.279747574990404,571.0011420022839,308220
-5.763032549110017,3.130558762844494,391.000782001564,549355
-5.734705944945362,4.202314616887224,528.001056002112,510611
11.638404129114935,9.01619746275622,75.0001500003,433030
13.042662371733394,10.26352195593534,32.000064000128,807588
12.087094163301648,10.711925179026723,96.000192000384,752683
-9.185735966209046,7.467989073346647,504.00100800201596,576720
-9.39001389719429,8.543915598298927,388.00077600155197,108907
-8.687675643428044,8.227978790768658,522.001044002088,380232
-9.601309426549856,-8.350691688494537,393.000786001572,169913
-8.558773867458813,-8.798288416483674,557.001114002228,634323
-9.550943775770817,-8.048091169859365,500.001000002,65129
4.869045928126684,10.977559464883209,615.00123000246,2603
4.514360857016706,11.275466086308498,490.00098000196,445423
5.06658444350061,11.7621697431639,358.000716001432,248057
12.454755346041834,0.0365197007030993,425.0008500017,144672
12.31039105471419,1.4311149102513063,391.000782001564,559567
24.299460020545432,19.54887983580897,440.00088000176,669629
23.64397753010136,20.46439014560067,590.00118000236,675569
24.758064663314748,20.454513664016293,316.00063200126397,769174
1.4266783738419115,6.120641901689559,405.00081000162,169479
2.106471252739074,6.611158424900482,407.000814001628,487365
1.179652060075362,7.239630929968574,626.001252002504,87072
-4.00388086278402,-5.65259956028748,538.001076002152,347566
-4.415680154727284,-4.93951402696722,486.000972001944,288145
-4.18549719359591,-5.022193190155807,382.000764001528,141685
11.739194686612109,-1.454919890314522,644.001288002576,192700
12.251113795664857,-1.5269716368832948,385.00077000154,540613
11.658030842026529,-0.4416873859989986,648.001296002592,458576
12.223871932693054,-0.8121632308484797,410.00082000163997,414487
-4.983431754920019,4.971519335528471,528.001056002112,220950
-4.016387990369046,4.870997150265815,337.000674001348,544106
-3.833642868968899,5.508430956110489,519.001038002076,500966
23.59660706355804,15.083775138832884,615.00123000246,830649
24.310769033385405,15.293700157747788,328.000656001312,742441
24.44272339150252,16.263161089661008,384.000768001536,810184
-1.730567767075314,6.249832115232821,443.00088600177196,499859
-0.811715186574928,6.212739339879107,367.000734001468,93636
-1.5458503517417526,7.100104474260246,623.0012460024919,471820
-0.8831586575681601,7.370829196462553,601.0012020024039,424505
4.198904070777828,-11.615202414822852,438.000876001752,384908
5.010959287621837,-11.7209869954426,360.00072000144,399320
4.418522126290319,-11.170701461145612,637.001274002548,402907
5.30017194473144,-10.778055623723448,585.00117000234,125667
12.45092512462892,1.48884507469804,415.00083000166,53581
11.943785978156892,2.7963421905123864,578.001156002312,118421
12.821846469482502,2.8231294139779366,339.000678001356,279383
9.383006443525945,7.775437967040017,498.000996001992,206594
8.717558825899877,8.317595509807866,504.00100800201596,134526
9.495672416192468,8.276230958540134,302.000604001208,236210
-7.873412571608261,9.501825912742854,517.001034002068,260143
-6.824486746723288,9.017952680224258,650.0013000026,420810
-7.685014511395501,10.036263086167809,348.000696001392,630256
-6.677018120510866,10.445317548290769,461.000922001844,349449
-11.985689422284205,-11.626173408826604,13.000026000052,275155
-10.226728306815073,-10.7496813437901,93.000186000372,236476
-11.252592847717557,-9.422005326037022,77.000154000308,346754
-0.2251957306081622,-7.041577550862563,569.001138002276,360477
0.2704430458111896,-7.404253136582486,579.001158002316,608015
-0.0852637902186707,-6.690305867146487,385.00077000154,193082
0.4151719467543591,-6.482341364619871,395.00079000158,389520
-7.984510007205658,-10.578310213365889,343.000686001372,541439
-6.852741644282223,-9.89831133357842,419.00083800167596,377522
-7.942635243908416,-9.805130930270783,515.00103000206,206909
-7.013955247499873,-9.098866008723764,635.00127000254,29200
8.483172170237403,-8.546088171078187,473.000946001892,340490
9.202832899040065,-8.731868507752115,337.000674001348,615889
9.009131914774242,-8.167721989106699,638.001276002552,502487
9.533069762054035,-8.227131808121342,456.00091200182396,71489
7.441157216627777,9.10507345753678,641.0012820025639,346210
7.910567098998021,9.450576941648425,465.00093000186,307699
7.058988270697372,10.275391739739415,486.000972001944,148850
8.288622239668337,10.357913247078846,309.000618001236,4614
11.666261832636696,-3.0408372758981272,581.001162002324,111930
12.881092453974686,-2.7041456437222595,347.000694001388,540595
11.48593767134515,-2.208734814142607,597.0011940023879,474805
12.649551615232474,-1.714332985912645,369.000738001476,309666
-0.2213543680236043,6.7018376719370885,341.000682001364,536534
0.2671860516565429,6.200121135351709,360.00072000144,420393
-0.3653884087088123,6.993395778441771,590.00118000236,620879
0.115243709020595,7.027370747001119,600.0012000024,444852
17.68907952505137,15.254227025378777,615.00123000246,875300
18.22885388996155,15.147863193840312,649.001298002596,739565
17.536901697452187,15.80614188388191,284.000568001136,862425
18.33682555302603,16.389167771889127,323.000646001292,859137
-10.52376153746472,6.278978778532913,429.000858001716,616456
-10.01259674038366,6.244102777967323,626.001252002504,522908
-10.959341565216617,7.196045982119015,338.00067600135196,175805
-10.05796829263285,7.000361061042906,472.000944001888,173005
2.9964615079479984,19.636158694009936,472.000944001888,918979
3.52577295477949,19.64797447973273,207.000414000828,946052
3.764828952883184,20.989626301071574,391.000782001564,953127
-11.069325159467478,-7.442623191803851,306.000612001224,438872
-9.821524590628249,-6.971045580186543,526.001052002104,455639
-11.170110640754618,-6.4231028394083,409.000818001636,52366
-10.375918194766747,-6.650353926395829,616.001232002464,151585
17.58585330446704,19.82789237711662,317.000634001268,766568
18.7541470970099,19.64150654500857,326.000652001304,729157
17.961480900038953,20.279933586967548,626.001252002504,829427
18.6064882034114,20.88356819219439,568.001136002272,868526
18.013519818038226,24.4623418114271,605.00121000242,886172
18.713930821188637,24.164723132511224,622.001244002488,896160
17.420900565658243,24.832674729146586,310.00062000124,819685
18.251109201181965,24.92024812008057,297.000594001188,654743
11.94759323220023,24.511831523040836,66.000132000264,715346
12.779744453944126,25.93922042586112,8.000016000032,897062
12.981632069385771,25.71567027702596,31.000062000124,892537
9.646179277465048,12.498662973417154,65.00013000026,116288
11.194166816249956,13.02052320311916,79.00015800031599,785293
9.512303982587673,13.859542388314514,35.00007000014,632956
-12.097453440524124,3.5514809285770554,352.000704001408,61332
-11.74485642505472,3.087738200197836,579.001158002316,142444
-12.492039932585548,4.299135599154508,324.000648001296,339543
-11.878755368592005,4.360120484687788,497.000994001988,567498
7.143346852291543,-10.028451064877013,393.000786001572,282625
7.7480206440367585,-10.226855091178228,310.00062000124,477534
7.317514546032187,-9.8268732802807,579.001158002316,160933
7.79221568644972,-9.368605324719883,453.000906001812,212655
17.80994890957646,11.033527881673562,249.000498000996,810624
18.68814183408894,10.794767451837163,251.00050200100398,668456
17.946596768351636,11.766560951254732,622.001244002488,660596
18.72790902700576,11.31437509335911,588.0011760023519,665817
13.542253134277177,12.32476112146214,192.000384000768,772571
13.699644406137134,12.529015416655596,390.00078000156,850187
13.581071786172425,13.10296860204113,446.000892001784,822080
5.760189913723745,-2.9563278006404605,342.000684001368,163362
6.3133659197813925,-2.554493263183061,589.001178002356,421247
5.63720795689387,-1.6654494053499704,293.000586001172,446936
6.548860039305547,-2.255045809263467,468.000936001872,560170
-0.4156954127694681,18.183564543275217,218.00043600087199,992173
0.1805235634895632,18.70053107802409,219.000438000876,919237
-0.3272774465537454,19.496905670060016,612.001224002448,980116
0.1367619352661545,19.382520128114272,622.001244002488,963100
-12.11182790907241,-4.261693437294819,283.000566001132,362551
-11.206958193025793,-3.84634575787104,490.00098000196,443455
-12.528545662755224,-3.12122471401501,308.000616001232,573880
-11.495486071373014,-3.541248260933451,568.001136002272,302686
0.0017689824021232,23.00091109984968,457.000914001828,982759
0.5164683121893658,22.658089047528268,359.000718001436,943798
-0.56339399062794,23.810238035674278,416.000832001664,978628
0.4226425697300105,23.78511600427676,413.000826001652,933801
13.206769219448848,22.69863166992793,413.000826001652,758352
14.118253995998083,23.24111492391889,634.001268002536,855641
13.595881781017589,23.70095239094671,217.00043400086798,807963
14.149434848869909,23.433718358699583,377.00075400150797,873076
10.457130792035956,6.024774899175763,564.001128002256,383769
11.039544661579896,5.977731504777587,392.000784001568,568297
10.270601443381551,7.371333440050761,414.000828001656,490916
11.336308832651,6.768398489425282,258.000516001032,420440
10.02981475321661,-7.380939084560088,434.00086800173597,212554
11.23833635014532,-7.383062800807682,269.000538001076,317371
9.909853104028992,-6.218605404507424,564.001128002256,483979
10.948449724766109,-6.483389127873203,354.000708001416,458926
-5.692627442758945,19.09255887215874,1.000002000004,906248
-3.762239113315924,19.313524023578687,36.000072000144,987063
-5.306340752316459,20.753223951829725,8.000016000032,965490
5.891032316116451,1.8467901772304451,291.000582001164,242639
6.366902803371322,1.5973480495715535,418.000836001672,459489
6.03088181658061,2.2954007271442127,355.00071000142,517168
6.515176974389542,2.2928746047129134,506.00101200202397,568546
16.571852071157096,24.30991679608884,493.00098600197197,813450
16.905644709977075,24.170091631283636,589.001178002356,873852
16.131829685347167,25.194395305868465,229.00045800091598,813989
17.234932542123044,25.119313100842003,249.000498000996,727850
11.824587661281312,3.3060405657855605,526.001052002104,3276
12.477654318285042,2.966048385886521,315.00063000126,93722
12.125359224541016,4.24023637195927,443.00088600177196,208623
12.680352157551027,4.30175126229568,270.00054000107997,184722
-6.047353392287809,11.170698683589992,411.000822001644,232747
-5.682086451757509,10.66349793174442,554.001108002216,191087
-6.447730956450429,11.55242631099584,258.000516001032,119676
-5.512452059200586,11.76042209279078,325.0006500013,451421
12.04563406780292,14.12121458998202,198.000396000792,793113
12.821967328692136,13.96808665449513,422.000844001688,672511
11.921006863525992,14.92667201367761,317.000634001268,791967
12.844427172916308,14.597577471528927,605.00121000242,701445
16.615318773666807,11.215284987660926,221.000442000884,885056
16.842574660216286,10.945593755488703,255.00051000102,897382
16.162135514869263,11.667865958830395,482.00096400192797,790565
16.815462987687663,11.475229075832846,542.001084002168,883094
19.671473480676276,24.25416088665237,568.001136002272,749153
19.804300434322283,24.2325336250407,463.000926001852,767939
19.662901346390896,25.125780441074216,258.000516001032,839160
19.82506274113701,24.78869744617508,206.00041200082399,653350
-1.750172329660844,12.073711840091892,475.0009500019,6567
-1.2469725717006537,12.451350901976651,493.00098600197197,613223
-1.902251462475368,13.378521551933204,253.00050600101198,95196
-1.2785202509610727,13.42428317607636,272.000544001088,97992
-6.340022621108417,-11.832680476806628,242.000484000968,58325
-5.402804686904838,-11.990982415615807,277.000554001108,410084
-6.326809931005396,-10.942787060731842,423.00084600169197,124876
-5.351735710146003,-10.924226311864876,534.001068002136,56087
9.501743089778568,21.4315799748025,15.000030000059999,818262
9.608831811872056,23.130726663254947,5.00001000002,710336
11.136154352906374,22.964150982365037,53.000106000212,679345
-6.639545831861049,-2.875257450897536,509.001018002036,335766
-5.484996518827995,-2.5290180972783984,285.00057000114,508907
-6.279126862812674,-2.077362929171822,426.000852001704,126672
-5.495122173562241,-1.8057868881486308,236.000472000944,90239
5.948030394509818,11.004701508575806,528.001056002112,539361
6.862450181303657,10.487021973134508,370.00074000148,595600
5.69836832825437,11.580421781282244,310.00062000124,105193
6.73772320014036,11.328998891663725,246.000492000984,392900
-8.691936378950864,12.937788991160804,85.00017000033999,253961
-8.893144514693292,13.55130735442363,13.000026000052,608320
-7.624017515966553,14.359799781105052,25.0000500001,562573
-6.619601479692164,1.8352012459219469,390.00078000156,289461
-5.477007779504711,1.718337921367413,219.000438000876,104059
-6.546651242823573,2.3986616173840103,529.001058002116,27084
-5.549514673191625,2.844097841190285,299.000598001196,404481
11.446001416089748,-4.245030863996424,409.000818001636,570786
12.4559628751125,-3.8906269500986,230.00046000092,256997
12.020548228649746,-3.358123647504621,495.00099000197997,548753
12.167557765967066,-3.588401276233395,295.00059000118,319439
-3.559501152865569,26.05078944724964,293.000586001172,925386
-3.2129763760323047,26.637954307718942,132.000264000528,971512
-2.1681646518192657,26.365351343335348,301.000602001204,961035
11.482985818667736,21.68555210838592,253.00050600101198,704161
12.862476779813152,21.46271954446189,577.001154002308,898077
12.119592413498829,22.221667206344023,185.00037000074,787788
12.557173421839757,22.497818091129623,407.000814001628,762106
-0.0235326996118238,12.415278562194976,485.00097000194,129268
0.8597111610970898,12.14931813655512,452.000904001808,44852
-0.2741537503008712,13.452918451077224,240.00048000095998,361144
0.5468000309148019,13.218224910493912,235.00047000094,12362
-4.88928839097542,23.07602753037572,165.00033000066,956787
-3.6498982920602576,22.702329329207505,547.001094002188,963761
-4.886941307360052,23.61628726966301,159.00031800063599,996282
-3.763265915020361,23.34581359587664,530.00106000212,924647
19.505571144489405,10.676718176664586,246.000492000984,763843
20.41162168612969,11.05749506902064,182.00036400072798,678764
18.96211260754092,11.374332572574133,526.001052002104,844282
19.704108521108218,11.533569708598876,438.000876001752,775538
1.4587967141428635,12.712021818936844,463.000926001852,387892
1.7129095670420864,12.678713677952452,443.00088600177196,28200
0.9431792257323904,13.173485067005773,240.00048000095998,168755
2.251975171251525,12.93769928137261,235.00047000094,347072
22.532897056933827,12.152514261046644,317.000634001268,678101
22.70570375629562,12.481325959675328,163.000326000652,727830
22.65045393715542,13.15621743831,551.001102002204,861523
23.3672878557709,13.409106212039244,316.00063200126397,832411
5.943388240223952,-11.886463146086117,288.000576001152,366714
6.432763570960364,-11.835379874460726,212.000424000848,540296
5.801869404821844,-10.855257843824504,486.000972001944,445629
6.137337941049459,-10.628614534503344,358.000716001432,512083
22.06415933342501,22.73731074688629,561.001122002244,739040
22.7671685008456,22.545419661165116,289.000578001156,810727
22.019431636314973,23.73162330029418,329.00065800131597,807933
22.744290794041312,23.71446185757697,155.00031000062,694852
3.011934147775188,-6.04549091557664,359.000718001436,554640
3.345168728106813,-5.643636308597468,473.000946001892,181805
3.065313017176059,-4.923390240089556,219.000438000876,245769
3.50093775652488,-4.821354460982843,280.00056000112,510563
-0.5384601736697815,-13.355853172864096,242.000484000968,36813
0.8508696193812412,-13.239234021014903,252.00050400100798,587500
-0.287656754599167,-12.684459396753878,414.000828001656,156262
0.4812951269922977,-12.848388213906707,408.00081600163196,414074
-1.952044433146931,-12.941982439350946,211.000422000844,571747
-1.1560888828236846,-13.3703469810696,235.00047000094,637321
-2.053097864221608,-12.6942427925534,416.000832001664,541323
-0.9448914789982956,-12.178501656209528,445.00089000177996,53911
0.8966832900784542,-13.115482622090086,266.000532001064,384318
1.8587005756067403,-13.27950721437345,222.000444000888,302256
1.4695830277626825,-12.155282945301767,427.000854001708,148988
2.2357258964406603,-12.657998128115567,388.00077600155197,284514
5.998112841021956,-1.2089111728486912,244.000488000976,456639
6.660549538702033,-1.1995173472781366,436.00087200174397,589452
5.904575547142868,-0.6911701187433174,234.000468000936,37714
6.396213613910706,-0.6748636931330342,388.00077600155197,619571
19.1288953006522,16.585837719261672,234.000468000936,739124
19.98838779198124,16.662219074868514,473.000946001892,760811
19.437293404581556,17.711825963906495,187.000374000748,821456
20.20841262271941,17.308908925704053,394.000788001576,806409
-8.86808038923877,-14.845894080230948,6.000012000024,97307
-6.694733541663819,-14.504671935826826,45.00009000018,309694
-9.643933641324688,-12.765337889937255,75.0001500003,612280
19.050112235617803,18.671078367125343,159.00031800063599,681349
20.26398358215559,18.10082198345665,368.000736001472,774808
19.152355816314813,18.992168753042563,249.000498000996,674097
20.09863954562561,18.96189915340127,469.00093800187597,874464
5.943582192511599,0.5064449964639974,216.00043200086398,368743
6.293442126607045,0.581468166339992,398.000796001592,567830
6.03029366832499,0.774769533102198,217.00043400086798,92380
6.858811143349532,1.4276967490101822,397.00079400158796,495322
3.035802647870584,5.191490972648943,200.0004000008,275453
3.1431387277784277,4.568408208406206,270.00054000107997,59270
2.776166745761306,5.218110424196232,322.000644001288,392437
3.539994259366304,5.473532847051298,415.00083000166,267787
-12.496490868605196,4.567530263468592,251.00050200100398,303261
-11.765429344614727,5.001529288030105,427.000854001708,211169
-11.966601455892452,5.631158327142469,199.000398000796,289927
-11.388397018403207,5.693060305506536,322.000644001288,289066
-1.9138985008345932,18.40183431120762,113.000226000452,911086
-1.1633365535368614,18.5967628612422,166.000332000664,966932
-1.701206310121142,18.912322551464165,364.00072800145597,992226
-1.0799911035715009,19.24283007125696,545.00109000218,936393
-3.142132610714893,-5.657645874512856,435.00087000174,275354
-2.8831544959523328,-5.543920297979933,320.00064000128,202959
-3.4327037701387635,-4.831135630165187,255.00051000102,114230
-2.3235907871481096,-4.85308316158417,177.000354000708,38637
-3.1228276356388696,12.352326644240335,378.000756001512,483389
-2.7028137668199355,12.455723844272992,385.00077000154,387293
-3.4656673051476763,13.280692753994591,195.00039000078,88898
-2.382416823546156,12.876432988502934,224.000448000896,177208
3.059643133383894,25.700842942816983,574.001148002296,944023
3.738040671064727,25.761580900156808,255.00051000102,959834
2.9633816490254783,26.578038516222996,239.00047800095598,959105
3.1909085288812604,26.96587752131916,95.00019000038,904031
2.8553323765493097,12.29936222087715,385.00077000154,219263
3.230204787781508,12.20613562019586,323.000646001292,355254
2.408714358788301,12.871023928935909,225.0004500009,208585
3.4120208002947296,13.367952314300416,190.00038000076,608965
-12.04593644952438,-5.563034011067625,166.000332000664,350225
-11.314173813108278,-5.716023307064216,335.00067000134,215097
-12.229993697314356,-5.137740955007047,220.00044000088,410073
-11.761920777497798,-5.146121774940895,400.0008000016,143612
4.610465768876433,-4.401076105898908,258.000516001032,546087
4.683931288683483,-4.417583618286759,407.000814001628,382573
4.13671620571583,-3.097158574897927,173.000346000692,566715
5.208135908853023,-3.461465149808618,282.000564001128,564118
-6.590630449063641,0.579772226346965,360.00072000144,641453
-5.607129861384418,0.4451624158255349,198.000396000792,10968
-6.013999886319251,1.1383116790258845,355.00071000142,505505
-5.395301705015562,0.8172445882574738,197.000394000788,421505
-6.073817334149469,-1.0707123588903824,370.00074000148,67485
-5.459352608163325,-1.3709575369406568,221.000442000884,627453
-6.618654195151826,-0.2325947064389787,328.000656001312,316093
-5.8356545636086645,-0.154971109477649,179.000358000716,592668
0.5303517932690037,15.69043648318802,46.000092000184,13321
2.30242528711004,15.029395813650371,51.000102000203995,400834
0.3852436962866576,17.2055376051537,115.00023000046,999745
0.8980810419908737,17.727052872125935,62.000124000248,984013
23.63202386967248,21.590562551320623,426.000852001704,825081
24.673822318576367,21.44154463230875,239.00047800095598,677861
23.53415911319008,21.96186892406982,318.00063600127197,813410
24.373711593649176,22.435571044320103,106.000212000424,883992
-2.918389529624412,-13.00635627335128,186.000372000744,97854
-2.8123034720950963,-13.02799497254718,211.000422000844,537566
-3.1518105226138378,-12.668528768535818,311.000622001244,141524
-2.6829882155975526,-12.274370944232931,371.000742001484,559141
11.653490830408291,4.714985984752445,356.000712001424,595013
12.187285058204836,4.916944327601537,239.00047800095598,440865
11.783060566059564,5.363067523643177,300.0006000012,567215
12.83531657061824,5.88719873322455,162.000324000648,1147
-3.227212572599322,4.721635070507568,213.000426000852,464505
-2.881117898404911,4.961504375440972,181.00036200072398,341992
-3.4343224151756986,5.790415093984933,351.00070200140397,618781
-2.152773337227433,5.444751305284885,311.000622001244,573769
4.171384984933997,3.390915042097093,161.000322000644,562183
5.157143383119053,3.495151708959691,273.000546001092,514490
4.175695114460935,4.018216914832309,231.000462000924,87960
5.331118256772683,4.1846309161871895,389.000778001556,225421
-4.494536932221332,21.247236733765234,113.000226000452,916889
-3.940311034649477,21.004628763770167,316.00063200126397,916658
-4.529330428519574,22.390839591989643,148.000296000592,920433
-4.107372834167539,22.136878167542672,461.000922001844,969298
14.63300755926164,-1.6736648563735594,93.000186000372,449296
16.58904393411995,-3.026282285609108,14.000028000056,554855
15.017145513456343,-1.032715870697973,138.000276000552,171937
16.318811866511037,-0.9679416924668648,14.000028000056,543236
1.1431743040650486,18.73364452428456,171.000342000684,927761
1.9276340312612756,18.69108570533793,76.000152000304,955032
1.005673278354155,19.208418454736844,481.000962001924,912628
1.8473378439376356,19.28023132719409,298.000596001192,951961
23.852212071887983,13.900178595636216,252.00050400100798,684159
24.63769681472669,14.16347387250368,116.000232000464,863575
23.54722278555016,14.319505191332388,456.00091200182396,668292
24.837601105517987,14.37380305839702,200.0004000008,831115
-9.10766942938736,9.225821117375215,244.000488000976,520996
-8.298616391928327,9.4679721852175,386.00077200154396,534728
-9.603033335851894,9.796666332334208,158.00031600063198,114094
-8.2752914713672,10.286109797373967,229.00045800091598,403307
3.0857040265048274,-13.4505361727118,191.000382000764,467907
3.5722077587951038,-13.584638381021293,162.000324000648,519197
3.031203332978876,-12.504496286111786,330.00066000132,258190
3.723510690915716,-12.760916019214877,326.000652001304,575892
4.529637136983608,22.82910825416921,429.000858001716,916537
4.659300079079937,22.752085529822768,97.00019400038799,950118
4.431765902240246,23.76761508377027,373.00074600149196,958074
4.945320916122616,24.004842056623907,104.000208000416,984137
-14.268752318445872,6.267064438833765,27.000054000107998,638448
-14.525165052561505,8.26787390883246,5.00001000002,365323
-13.419729312298694,7.995085495770025,50.0001000002,487964
11.73485911522486,-5.832841686823281,282.000564001128,447806
12.632136770482164,-5.558890289520207,130.00026000052,480753
11.5184559577351,-5.009444585649148,352.000704001408,522388
12.894939372673118,-5.272675573941145,227.00045400090798,225692
-9.596300868283352,-10.322852016029826,137.000274000548,191027
-8.231486218634089,-9.921189460958743,236.000472000944,48978
-9.553413215954484,-9.746720800899398,239.00047800095598,127213
-8.893945772072332,-9.416261606463168,370.00074000148,222639
-10.871009447115815,7.713683686022929,235.00047000094,510609
-9.938751319250732,7.88141465187308,351.00070200140397,267617
-10.72289425281602,8.613092868261432,131.000262000524,50365
-10.375958123690042,8.715343158349372,264.000528001056,317061
14.624823703401011,24.129336622403216,282.000564001128,837916
15.669426974001318,24.20424249479952,406.000812001624,898694
14.892205762123384,24.802015908284183,129.000258000516,799433
15.173194079425688,25.326147603340047,162.000324000648,871203
-4.98286379841899,-4.271492399380702,360.00072000144,420920
-4.293645256387723,-4.36071444001552,222.000444000888,450318
-4.564873615052275,-3.091657156316064,231.000462000924,364777
-4.158314562613829,-3.582085510886478,140.00028000056,151228
8.610658546538176,9.148565626500128,345.00069000138,75345
9.535594807921774,8.973222781311357,217.00043400086798,314125
8.996763760711676,9.784294900818129,213.000426000852,71095
9.1946619205982,10.304885920657078,139.000278000556,426385
15.238413581050803,0.3652130415101855,121.000242000484,191464
16.04659975650589,0.6875522532909141,14.000028000056,307235
14.459141483227253,2.4586790570164263,85.00017000033999,547349
16.846352606176584,1.7808317109866418,6.000012000024,159260
16.123947213970943,18.50650220740683,244.000488000976,691573
17.221927807286686,18.523744774295587,125.0002500005,722459
16.117539512652108,18.79294806129427,349.000698001396,857708
17.148935733853268,19.081552290264764,185.00037000074,705507
10.590300661211618,16.93440132036912,112.000224000448,783003
11.038050452870058,16.692387370226463,311.000622001244,700734
9.923835261646408,17.540632907652082,126.00025200050399,672412
11.202018782002508,17.2788263251912,353.00070600141197,667187
-5.0367291740915086,3.697558948898149,226.000452000904,99959
-4.10105791380237,3.4758938495142853,119.000238000476,19537
-4.628090869734764,3.969915464452007,333.000666001332,339641
-3.8970638678614185,3.7619451776665622,223.000446000892,176084
-10.583504265079243,-9.058580817821577,120.00024000047999,617604
-10.181145011711177,-8.506848391115982,231.000462000924,328080
-10.860903431230772,-8.315694162364116,188.000376000752,169496
-9.751911680529652,-7.969349258097147,360.00072000144,289709
14.7796732928616,11.04803530781856,96.000192000384,716984
15.68951747131868,11.1598004621749,156.000312000624,768291
14.973012382393453,11.96674370989717,249.000498000996,714800
15.585520701994705,11.95555283273942,394.000788001576,675733
10.091571354849794,18.33128601647333,134.00026800053598,848226
10.743857966745354,18.414277660191008,347.000694001388,676100
10.633953571567902,19.11989257198184,112.000224000448,803476
11.33954783575414,19.32111610872751,285.00057000114,883709
-14.659625857947832,-8.007347944738717,6.000012000024,434663
-13.637280051046591,-7.747585828020183,54.000108000215995,570521
-14.350106282401663,-7.204758551975669,15.000030000059999,625290
-13.014349388966467,-6.421714081985951,144.000288000576,441713
16.00462335687637,16.786886930519323,321.000642001284,679046
17.02845583452805,16.839983891037157,198.000396000792,672751
16.411970196665614,17.41817535974013,237.000474000948,838353
17.026421629958936,17.733463894819625,115.00023000046,704451
-4.960837776311345,12.72528869424593,227.00045400090798,201342
-3.984553993421975,12.43207628663196,313.000626001252,531118
-5.088488647202799,12.848984538935674,131.000262000524,621603
-3.822164827796812,13.423021199556134,165.00033000066,46125
-7.825988536528344,10.956074015935188,219.000438000876,307491
-7.340015147184924,11.047865115759176,300.0006000012,611258
-7.450417094396517,11.67188970615366,116.000232000464,558564
-6.697121125479331,11.407106209143558,186.000372000744,437921
-14.02558642534279,-0.9762406436220936,130.00026000052,568913
-12.694129057243554,-1.2126815545654837,275.0005500011,132152
-14.062187517711829,-0.5840045208408225,139.000278000556,230362
-12.887639586748667,-0.0898527310238764,276.000552001104,354819
8.40307321197051,-10.246526567470074,192.000384000768,144236
9.55368139295402,-9.924036761503658,120.00024000047999,341565
9.101080093387774,-9.158904981552064,307.000614001228,165999
9.47191602719524,-9.158468673196827,195.00039000078,580175
10.43495233143459,7.707685479614891,274.000548001096,408529
11.10299935592056,8.050613339101076,216.00043200086398,505150
10.190255558625871,8.408086553245125,222.000444000888,639731
10.945895772659725,8.567342630685843,98.000196000392,138759
-4.507421495913204,24.219788785528152,101.000202000404,943133
-4.051941783216761,24.19055196379738,390.00078000156,906424
-4.660513942239192,24.90059171057582,67.00013400026799,995637
-3.66812211611011,25.02411782841135,250.000500001,982361
20.59021341210419,10.776967259032965,122.000244000488,771839
21.24824115021632,10.619878633240578,91.00018200036399,767836
20.47467698834904,11.397420222053777,362.00072400144796,703984
21.27508352049424,11.297058022162652,226.000452000904,671913
-14.085690973767408,0.1291314646343882,145.00029000058,281979
-12.967063828471993,0.2069070352131394,270.00054000107997,82568
-13.919753001626876,0.785301385741394,134.00026800053598,207707
-13.2759536560421,1.303589032169166,250.000500001,361448
20.936761403196897,24.19263737259205,362.00072400144796,713999
21.30291548963732,24.61642221306764,229.00045800091598,651694
20.887611853222367,25.209339445010485,136.000272000544,800316
21.37758956349471,24.800306298314243,70.00014000028,788060
4.038974098183028,12.459456470859894,263.000526001052,48236
5.022407902399863,12.066539771381851,244.000488000976,544738
4.080719186158157,12.965743313666149,161.000322000644,198465
4.648585322872327,13.353569324885031,114.00022800045599,548642
1.139095083533819,-5.974659989381236,226.000452000904,374963
2.171865930058342,-5.887416421618902,276.000552001104,636121
1.2612004736814608,-5.251738006791065,118.000236000472,190020
1.921410804368029,-5.037936502103944,155.00031000062,430592
-4.574284805489309,-13.46763580112317,125.0002500005,614486
-4.340660660224232,-13.147648415959976,136.000272000544,12762
-4.6412239980078684,-12.829507101013329,210.00042000084,100451
-3.769439686202677,-12.844257830697083,301.000602001204,344790
7.141554474327904,10.545198624266565,279.000558001116,18720
8.264980565093456,10.771451019357276,213.000426000852,294408
7.0249463047553045,11.63517324545868,161.000322000644,216457
8.06219405931999,11.644162649615064,109.00021800043599,246812
-1.9468130690764105,-6.055928367522201,272.000544001088,387323
-1.3333825949845173,-5.586976069854222,252.00050400100798,102744
-1.6804789146464438,-4.924275171585991,134.00026800053598,9652
-0.8595044084640585,-4.704129467061931,102.00020400040799,619686
10.034273229593069,-8.977687638575834,198.000396000792,339230
10.769741928174245,-8.474371022225045,117.000234000468,348124
9.908075174233636,-7.920546804272137,272.000544001088,86119
10.66916761891945,-7.887385498442947,149.000298000596,373722
-13.44795121224119,1.8077346245459975,113.000226000452,338217
-12.86011926415972,1.534136152787876,265.00053000106,556669
-13.501292148807908,2.5862406889007605,122.000244000488,360894
-13.41714695241581,2.6605184985325376,232.000464000928,375408
4.166387567736402,21.58324927020152,226.000452000904,910882
4.804608308618841,21.64997904741422,52.000104000208,994353
4.20713786220319,22.14583504586357,362.00072400144796,950822
4.836558762931001,22.30415615131999,84.000168000336,908146
-7.969027684469277,-11.497593121576235,98.000196000392,24659
-7.004523552543266,-12.012170149760076,158.00031600063198,369541
-7.959810559695335,-10.754613916360928,177.000354000708,214338
-6.686900861476917,-10.811692117788905,284.000568001136,333792
0.9667761261370854,4.590178883755754,101.000202000404,601962
1.6271677982119357,5.066617192753397,134.00026800053598,619132
1.0294472461343689,5.845866137049881,202.000404000808,217622
1.76548315340928,5.699198616716996,274.000548001096,279482
-13.785176046897156,-2.8290975045136397,109.00021800043599,499474
-12.88451238561973,-2.790735380611359,232.000464000928,557690
-13.593042823917372,-1.888447496539392,112.000224000448,632626
-12.981853548381787,-2.2306607911708256,256.000512001024,165276
-3.0424182835748965,1.156438861843866,45.00009000018,416811
-1.8251940421118211,0.7812277511035631,6.000012000024,364513
-2.8077940399812547,2.84800788476634,96.000192000384,252853
-1.4087586174387416,2.9015216155225425,29.000058000116,514527
4.177252879638754,-13.096178455012716,137.000274000548,249752
4.753042737922553,-13.52922353340699,95.00019000038,628177
4.0353815473016965,-12.602994916320574,257.00051400102797,400781
4.942011653522667,-12.372027912315756,209.000418000836,553930
12.943767919453748,-0.0419154353692884,221.000442000884,45112
13.756024445799888,0.5367936265935723,120.00024000047999,81320
13.656351969680347,1.40208045423219,226.000452000904,530146
14.279459815916724,0.826532989709556,105.00021000042,474364
-2.846845114450132,15.045023680861243,34.000068000136,432995
-1.3669230391275349,16.067863527844505,42.000084000168,375294
-2.9653221225934794,17.973624452434326,25.0000500001,958592
-0.9205492345268252,17.51323747697583,66.000132000264,901984
-0.0947231464557414,27.053780578093967,267.000534001068,966021
0.4700464418657289,27.100282732061206,265.00053000106,909054
0.1004258145730977,27.90195988961435,60.000120000239995,987327
0.2442490041723974,27.93498481736214,75.0001500003,994005
7.234731882840515,-11.402355068466624,145.00029000058,630913
8.241205692123312,-11.754064888678013,77.000154000308,136233
7.155221831067404,-10.616174671419891,258.000516001032,369227
7.939018455536011,-11.078215563192924,176.000352000704,138396
-12.19279036649468,6.694080399435349,136.000272000544,591348
-11.62100515188125,6.271135650893003,255.00051000102,148939
-12.413748411943171,6.767977599459843,77.000154000308,344272
-11.258128682919608,7.16516408823402,186.000372000744,605111
13.012119849914589,-1.090999820722766,214.000428000856,405714
14.165607288539954,-1.1913283483630794,106.000212000424,361712
13.336887187405653,-0.7907052501421095,232.000464000928,311906
14.002134858932225,-0.4472386320761887,99.000198000396,401444
-1.7519035424860443,4.714872927317875,117.000234000468,214321
-0.9183497656892116,4.975253689164494,92.000184000368,532979
-1.4839069013407604,5.873519988676191,219.000438000876,578895
-0.8188755230768667,5.598682706026782,205.00041000081998,61428
-0.6381108699908956,-5.484341235345792,205.00041000081998,16475
0.1373259482840506,-5.999738976855828,192.000384000768,5615
-0.3866354364879067,-5.00666219572972,106.000212000424,469168
0.657527632606822,-5.139981006974526,109.00021800043599,334430
-12.354626508234285,-7.043852551973958,83.000166000332,548831
-11.530887329841663,-6.862044903615916,156.000312000624,483160
-12.447207918732753,-6.390075724302422,121.000242000484,480443
-11.897217849071511,-6.610286850640692,250.000500001,183788
10.430959537501558,20.041588652753745,83.000166000332,844168
10.679990555367295,19.900567542279514,267.000534001068,694131
10.608635142361194,20.751650219207896,67.00013400026799,652804
10.972383923116396,20.952616521206004,190.00038000076,704734
10.450212028630425,15.696984301222669,53.000106000212,854946
11.028702371348675,15.128146999891232,168.000336000672,653802
10.13428298487403,16.179126738925255,93.000186000372,806761
10.92259180380039,16.20558940153912,276.000552001104,697873
25.057366194976154,18.03613019793032,227.00045400090798,841285
26.240958266931084,18.431374173152705,64.000128000256,701341
25.42325766669373,19.078317790354426,206.00041200082399,763897
25.960878451339475,18.771773879065893,89.000178000356,862644
-3.5279679650135254,-2.658886691478503,74.000148000296,513800
-0.9985827073080404,-2.083153547313658,28.000056000112,45968
-3.062097455470808,-0.4213139487352138,37.000074000148,246272
-1.9403552342607984,-0.4679689592179852,6.000012000024,286877
13.229234531861817,1.701577491306108,196.000392000784,9657
14.221649473063868,1.9732450231555465,112.000224000448,166857
13.57616875842638,2.569098612499217,185.00037000074,104582
13.694378256648978,2.772371232776845,81.000162000324,97302
0.0862536481969648,4.908189943706655,86.000172000344,19538
0.627809736060016,5.16436424815937,102.00020400040799,348268
-0.2058730968501389,5.569954138926751,199.000398000796,440961
0.1344005449340935,5.852446733954081,178.000356000712,48841
25.316879521065285,17.016647631171193,189.000378000756,722976
25.75840704139643,16.816593881777145,60.000120000239995,865978
25.571367663172147,17.432459851304564,228.00045600091198,884037
26.16665607185579,17.847907780174523,86.000172000344,675493
11.405752755250669,6.022946430436854,204.00040800081598,130444
12.295668545993207,6.447829865017947,119.000238000476,32736
12.066310701345,7.099416373746515,161.000322000644,319873
12.654665055876384,7.2413734925825635,71.000142000284,83064
4.26407857565838,-2.8468626146796243,120.00024000047999,435947
5.128892694712631,-2.5631377856600035,202.000404000808,286042
4.4273640741722895,-1.8990581366275416,76.000152000304,507042
5.2580601215047045,-1.98292916731656,147.00029400058799,107283
4.468181012525744,24.152534749391787,277.000554001108,901865
4.949491315202979,24.33989628267556,74.000148000296,984822
4.176170886778548,25.01892502008441,159.00031800063599,956785
4.72743278058245,24.906206139238154,34.000068000136,904459
-1.8552150123838864,27.513362723180308,187.000374000748,919195
-1.1407897028700102,27.025918840855987,257.00051400102797,965532
-1.9865745418785516,27.78068734169344,30.000060000119998,920009
-1.215569919423399,27.87087723015156,68.000136000272,928413
13.32826855949262,-2.4605857178976387,178.000356000712,209762
13.883276557275265,-2.9713357112122534,94.000188000376,524405
13.552194666397504,-2.246211061809798,190.00038000076,290572
14.057802831807008,-2.246824869788993,73.00014600029199,222930
-13.513917165559238,-4.348849752239629,79.00015800031599,114850
-13.424859788372752,-4.330951279745808,146.00029200058398,90723
-14.068438867478228,-3.4175706481894474,101.000202000404,21677
-12.911356497448596,-3.396956066567636,202.000404000808,429572
4.458923609587236,2.0027905194084807,77.000154000308,251574
4.843199131590376,1.8978448283017304,140.00028000056,30535
3.9826958070141822,2.676391150224751,102.00020400040799,90892
5.048552268188516,2.2351518317192363,190.00038000076,326455
11.913621838260024,12.13236443973317,51.000102000203995,175065
12.900250033498436,12.511283512575153,115.00023000046,662873
11.98305611849148,13.41412385951402,110.00022000044,708121
12.86528348360086,13.285888020968104,225.0004500009,855701
-14.05151832792988,3.1553091197947234,109.00021800043599,150078
-13.198528264492955,3.042563649433749,175.0003500007,425785
-13.609478611829587,4.12951164292128,50.0001000002,536224
-13.230662660132449,3.929674536347111,151.000302000604,215623
17.991349127259575,18.134392140342783,104.000208000416,884176
18.73714861431069,18.12257126126733,85.00017000033999,812885
18.150108721540253,18.91250411380204,136.000272000544,660613
18.761122290073533,19.34330612355993,160.00032000064,743907
12.06696363546266,22.97760332493054,104.000208000416,861796
12.597410719313787,22.628228169339955,218.00043600087199,872520
11.845589203369022,23.551696278717028,45.00009000018,880107
12.57808573749142,23.613530469034192,113.000226000452,742080
17.499342511585887,16.96329178339494,137.000274000548,801218
18.576473095911243,16.747911161711958,173.000346000692,888166
18.012529594508887,17.977144251480407,92.000184000368,892995
18.23786522882464,17.950898906224214,73.00014600029199,842050
-6.049954456988703,12.45187653781955,126.00025200050399,29950
-5.734456677627899,12.679271645944231,178.000356000712,186270
-6.021105457178258,13.134298240212647,73.00014600029199,111644
-5.633648952821015,12.969464543757953,93.000186000372,191350
-4.602741473475095,-2.9500903324991485,166.000332000664,302140
-3.707043262088084,-2.8457281389774427,94.000188000376,606687
-4.640812237311206,-1.6056146234830002,142.000284000568,476617
-4.141659341745022,-1.972644548738833,61.000122000244,236082
11.825387669035578,-7.314343564337203,140.00028000056,226707
12.45371489924123,-7.491715549469578,60.000120000239995,507965
11.584268955945456,-6.240096592629691,187.000374000748,386241
12.776593377467472,-6.393379945991494,75.0001500003,195563
1.2722706758427895,27.628569909014004,215.00043000086,926723
1.8111145894211684,27.328846366998,158.00031600063198,974371
0.9389380198106864,28.205397374768488,47.000094000188,949293
2.160076479027819,28.122475861920652,38.000076000152,959641
15.065813568598642,4.012755509235953,65.00013000026,518001
16.600621590121413,4.032962585027158,9.000018000036,544814
15.40484722405493,4.94107433212996,38.000076000152,193632
16.82436462580931,4.605087916385355,2.000004000008,491139
-4.706367610166255,2.156089166786709,128.000256000512,179899
-4.206006487377423,2.1715722829685533,53.000106000212,638583
-5.115943576149544,2.5778887330405857,175.0003500007,50954
-3.9551861820951904,2.2361429168679225,82.000164000328,38697
13.36810193730562,3.126777480132979,168.000336000672,614229
14.129453999748382,3.08316374874247,83.000166000332,540062
13.05233821236544,4.437983532222596,122.000244000488,58513
13.703750725370575,3.8749791824137607,50.0001000002,126885
2.4145971624032305,28.44660587764597,88.000176000352,985663
3.979978566613138,28.445109754999717,10.00002000004,928523
2.7523387083596305,29.3731686744296,7.000014000028,965346
2.41379961220069,-4.072761679937783,99.000198000396,378823
3.84673998662785,-3.880023597619119,173.000346000692,645138
3.001672397808661,-3.152200575700277,57.000114000227995,94935
3.624113093971143,-3.704851868080935,90.00018000036,45286
5.442607319927324,12.261953685865866,168.000336000672,632038
6.59940132252996,12.694817121543302,107.000214000428,501849
5.647633256461554,13.02059924468657,85.00017000033999,423240
6.483041040865613,13.024092590203592,58.000116000232,66747
14.496952856126097,-5.561021582969183,30.000060000119998,554376
17.02247783148421,-5.733515178430706,4.000008000016,618942
14.504707467201666,-3.87623515708837,64.000128000256,128427
17.06244289066242,-3.3688638833720894,6.000012000024,272579
13.058404058307149,-3.838739063067449,126.00025200050399,150456
13.875669149021512,-4.141253322282977,48.000096000192,21270
12.90871472970984,-3.658244903306529,163.000326000652,78886
13.774693513248286,-3.3063434579966464,72.000144000288,196598
-3.3962444184180973,18.29815783058745,24.000048000096,944408
-2.222009327160829,18.587259050558675,62.000124000248,996910
-3.037872354126258,18.847894103857563,77.000154000308,918041
-2.733090492368182,19.210355837265222,239.00047800095598,921643
25.6769343332983,15.656892651062645,137.000274000548,681325
25.951986614721147,15.732392473204069,36.000072000144,738731
24.998965410151747,16.25413316528199,165.00033000066,747996
25.75411667875048,16.231199873302465,50.0001000002,707622
-6.216426301507694,-13.588373939763349,45.00009000018,583923
-5.166567345527921,-13.231163255762674,71.000142000284,311586
-6.175459971958802,-12.494598068880316,111.000222000444,428848
-5.227011704255475,-12.122714025722194,159.00031800063599,643314
6.036019195572895,-12.875635204937195,76.000152000304,366944
6.685871164104192,-13.179513538606546,53.000106000212,548755
5.707698900696038,-12.685246141543182,148.000296000592,587619
6.654072038062707,-12.633729920233192,106.000212000424,225087
2.9983903666221345,3.160594397649581,49.000098000196,25250
3.776766435853765,3.228137286241477,74.000148000296,179451
2.636701955462122,4.3308773319987965,102.00020400040799,256354
3.483821479269093,4.335240678257577,157.000314000628,571739
0.0936925157541677,14.102291779701602,142.000284000568,306281
0.3677549491672439,13.554749740896618,135.00027000053998,133220
-0.0676054821028107,14.2467833992571,50.0001000002,528877
0.2888958680028696,14.34541704009122,50.0001000002,481678
-10.884560526169093,9.515477290943624,93.000186000372,479246
-10.210805838092476,9.246727071880656,162.000324000648,101776
-10.540410346563297,10.30403846683802,45.00009000018,488765
-10.16715118031503,10.409961058858512,72.000144000288,581594
25.596472255461418,19.90295800289921,167.000334000668,827194
25.96743815490774,20.1067225155649,40.00008000016,829698
25.081202468757063,20.646472335027347,124.000248000496,796971
26.392529063078783,20.380435588811142,39.000078000156,822401
6.06551162188131,24.09445613895294,13.000026000052,963551
11.01061677625908,24.46958726045044,10.00002000004,702975
-3.091323004831162,-4.555321538506463,146.00029200058398,250524
-2.784330588934196,-4.194811674976502,93.000186000372,289477
-3.4606203391692096,-3.652833398200654,79.00015800031599,548045
-2.860838949071738,-3.560550167825797,49.000098000196,448491
12.258766391220217,-10.859897939696214,11.000022000044,527701
13.919020304288216,-11.033335977889465,1.000002000004,325386
11.877458919038506,-9.460621884878256,62.000124000248,113647
13.48351602399727,-9.361196998992725,17.000034000068,215908
0.0845963174246648,-17.18794703229965,3.000006000012,480937
2.0724987850617422,-16.817957559368764,3.000006000012,434638
0.4498583289246265,-15.38298951836306,39.000078000156,521454
0.8656491571816425,-15.821679746872569,45.00009000018,443057
-4.699628754973712,19.67922088783197,17.000034000068,975390
-3.7094563443847695,20.09689204482589,82.000164000328,975879
-4.615018103487485,20.99795759984125,48.000096000192,912563
-4.1528619806575975,20.90809653224572,210.00042000084,999693
8.744696033715021,-13.849481632536532,15.000030000059999,503153
10.261559784478886,-14.262204087235563,2.000004000008,417326
8.533491906072747,-12.137770791417198,57.000114000227995,344481
9.952415785415727,-12.454733574276846,14.000028000056,616442
19.170979517208732,13.625491201744737,316.00063200126397,854767
19.40942790650803,13.721490335944004,371.000742001484,856012
19.031446598074663,14.071009044542723,344.000688001376,708757
19.566499372560937,14.145361052740672,372.000744001488,781040
13.20157319195905,17.461940404997414,339.000678001356,699539
13.619013174238791,17.395501179043258,386.00077200154396,688123
12.957330958405052,17.667512036649576,316.00063200126397,828041
13.45346125513556,17.642912020919827,353.00070600141197,777300
14.450191196245012,21.14026316266282,324.000648001296,876578
14.802386849189574,21.27136144577288,362.00072400144796,715535
14.54754088446068,21.698657499622584,350.0007000014,864316
15.081827245198872,21.580594711731727,357.000714001428,679711
13.4330426747314,24.45741857991534,83.000166000332,826703
13.769786757197268,24.664684435087278,171.000342000684,896233
13.557987074147007,24.931972013658047,26.000052000104,821155
13.762514510547833,25.064841399634297,66.000132000264,832365
-1.4676480440039903,13.778009259874224,113.000226000452,112893
-0.6875949762431134,13.995164308714363,110.00022000044,343933
-1.9605574127378984,14.248772484975555,55.00011000022,101355
-1.2446478837446044,14.24343145085273,66.000132000264,617598
21.5184946519744,15.266749456700946,368.000736001472,784817
21.86275877087411,15.325447975695544,321.000642001284,732258
21.34617735406285,15.646450349828116,346.000692001384,765185
21.620925845954662,15.625732511136995,335.00067000134,842861
14.020426886272045,20.550061480416336,335.00067000134,775222
14.344429101256097,20.271933968283463,367.000734001468,860011
13.956610940263593,20.82988077340042,334.000668001336,852687
14.197235721269845,20.9920890639509,332.000664001328,824614
19.067562997615443,22.116892414093595,349.000698001396,667844
19.54590685219348,22.088259095129537,329.00065800131597,861582
19.09515622791876,22.35524411977907,336.000672001344,841127
19.67035434376037,22.148982667585805,353.00070600141197,810696
18.30615132655202,22.560682011298876,350.0007000014,877797
18.62565622510844,22.62885948712212,365.00073000146,725416
18.259486358332893,23.11972836505975,316.00063200126397,700284
18.60962435916913,22.94025582451112,334.000668001336,776765
-13.603093605522412,-5.439128964997715,42.000084000168,393003
-12.770249538575724,-5.645209256301432,102.00020400040799,466171
-13.641052506831484,-5.236407689157725,61.000122000244,71313
-13.248345294470916,-4.871088935310478,136.000272000544,381595
13.197052353290143,19.04438238018269,337.000674001348,848966
13.648335488661443,18.82891812625263,330.00066000132,844194
13.050065993235432,19.27426276561404,348.000696001392,789858
13.405848829066624,19.42526355437492,346.000692001384,849631
13.289280103361977,11.181296684863993,29.000058000116,807599
13.72766310288219,11.15420089444594,55.00011000022,704015
13.171218260440638,11.6984746892357,95.00019000038,713260
14.365388885328018,11.901520989339222,160.00032000064,671024
16.257639030561005,13.561799030930551,346.000692001384,705537
16.30643171916315,13.499594822223909,329.00065800131597,700668
16.178698835626417,13.908408688072855,342.000684001368,877865
16.590767892217386,14.044564948446244,333.000666001332,816740
22.09066292753119,19.05098012088938,341.000682001364,814599
22.6105182775443,18.903738027197026,316.00063200126397,800799
21.99923753642336,19.19277303628954,325.0006500013,723523
22.584566102200984,19.49602005833617,365.00073000146,842208
26.51168356230568,18.946684528858768,62.000124000248,786008
28.160187494943884,18.73469840963596,1.000002000004,880407
26.5703355768318,20.86376218901718,21.000042000084,847462
10.031954570401473,9.177312843257,147.00029400058799,626975
10.942310915086775,9.322694870273406,68.000136000272,332114
10.32160230918686,10.289523067616184,80.00016000032,65381
10.747811465993276,9.747206654457454,41.000082000164,408423
21.37699367060243,20.42479705814549,348.000696001392,667619
21.570497189231887,20.49808546266553,330.00066000132,883820
21.281139417253403,20.91764556040298,313.000626001252,848292
21.86613943921714,20.6827864049746,349.000698001396,808261
19.975301884946017,13.727571403805172,335.00067000134,737962
20.36772099025537,13.612668120732213,333.000666001332,742522
20.01989425440953,13.931401090027052,340.00068000135997,660568
20.103577882161204,14.214248868613137,328.000656001312,652436
20.54494522522983,21.295140526810503,328.000656001312,896785
21.12895142892834,21.058894639983343,333.000666001332,824599
20.7020343764612,21.480667663335275,328.000656001312,770163
21.02207439098301,21.60007513813001,344.000688001376,668572
13.727090350354072,16.586750931895466,351.00070200140397,800737
14.405238085963388,16.632098660299594,321.000642001284,784146
13.96784596655297,16.89151443518121,354.000708001416,704755
14.282477421970686,17.16363386783206,304.000608001216,738172
13.911370866010884,15.069386583020218,315.00063000126,832448
14.16730724964852,15.029565569810808,336.000672001344,759252
14.02259500769293,15.489886700500186,339.000678001356,760382
14.384770477593069,15.56280305798143,338.00067600135196,889653
4.388343856867495,-1.2750198759414446,62.000124000248,296760
5.090875757474952,-0.8266168143664623,125.0002500005,370944
4.538598187460953,-0.8071474106933386,47.000094000188,81354
5.010416659069866,-0.4173881959436946,98.000196000392,146748
22.233827214581176,19.59600857321107,336.000672001344,686068
22.460028479728187,19.82178310011409,327.00065400130796,727006
22.172607662160797,19.964139045284668,337.000674001348,657284
22.47597458264933,20.197342399942137,328.000656001312,724661
14.02254196460462,16.057897613821773,327.00065400130796,711563
14.344575222140792,15.799452719585164,335.00067000134,671410
13.695932963643337,16.350001445048107,321.000642001284,756009
14.227733630069734,16.212851128248374,343.000686001372,872131
22.26714204402572,17.29497189929832,341.000682001364,678912
22.60464987852341,17.490446209488308,348.000696001392,746014
22.065135014543504,17.670674890017498,310.00062000124,653589
22.566376456323265,17.992403875496677,326.000652001304,889843
14.51811988412416,20.429270657465217,378.000756001512,663611
14.964343410623592,20.50280767835464,288.000576001152,678855
14.414171478435,20.733270601792867,335.00067000134,750178
15.116850969874545,20.94832962608313,324.000648001296,834248
1.0919293205012215,13.982291358352754,132.000264000528,248304
1.757289663060288,13.645507462166917,110.00022000044,348171
1.1076653880674994,14.282008063068526,47.000094000188,264508
1.837751345402337,14.491792527757283,42.000084000168,25178
-2.617273426324032,22.112322381570998,326.000652001304,949879
-2.360386368024129,22.062887801763186,368.000736001472,936641
-2.5454509698201724,22.16410820747243,328.000656001312,909879
-2.266416136098092,22.26343660648149,301.000602001204,925680
19.77594206712618,21.976986607967195,324.000648001296,838165
20.38015779242654,21.7948324651377,320.00064000128,838624
20.039393241384563,22.492702958890177,347.000694001388,809889
20.39774200300844,22.16979848299535,331.000662001324,835685
20.70714320311898,13.536127581482402,328.000656001312,797518
20.967940862217286,13.73293765529462,285.00057000114,725010
20.522883539676517,13.85993833425755,365.00073000146,670403
20.8779428474692,13.980293528203608,344.000688001376,854556
17.50941472832737,22.657039969778705,348.000696001392,828315
18.14994717460891,22.871141712045613,335.00067000134,844893
17.473073021857594,23.14584210378821,326.000652001304,872986
18.0570091251053,23.036411148335223,307.000614001228,707232
20.71580192109033,14.458124681100166,321.000642001284,677367
21.021702243231484,14.483236692529523,316.00063200126397,715293
20.702820599993508,14.70395468200897,358.000716001432,737314
20.844934220477956,14.836286794632173,316.00063200126397,821790
-2.0173650080561383,24.25010810807352,328.000656001312,937408
-1.4201147986227842,24.299982578059467,318.00063600127197,999696
-1.900763277731484,24.47236551979094,336.000672001344,906415
-1.7214468696676717,24.461861849627,327.00065400130796,988956
20.739939692144404,22.008828019115636,333.000666001332,839784
20.99423294884328,21.972251196990044,343.000686001372,757409
20.571529454998743,22.296663533907157,328.000656001312,887714
20.942510266146243,22.37798161521263,304.000608001216,668821
21.986392419772656,15.817788488698806,348.000696001392,853461
22.61078774583617,15.849498448245402,325.0006500013,694985
22.006016058986308,16.239150112461353,340.00068000135997,724970
22.6245506706782,16.34839149388956,294.00058800117597,754135
14.667024166364085,15.00876835030617,352.000704001408,673371
14.972639782495104,15.3131613429398,298.000596001192,732752
14.755865183814809,15.556723613794215,337.000674001348,824164
14.908024901026698,15.668886938414635,318.00063600127197,681874
2.375264403220601,23.398610555182664,325.0006500013,947953
2.972179873828049,23.430942735807253,312.000624001248,944618
2.5193963475569525,23.98534429078829,347.000694001388,960096
2.814877511506836,23.790570605405787,319.000638001276,972187
17.78724150131462,12.741197625202798,310.00062000124,798617
17.96562394513156,12.79780746723591,318.00063600127197,869679
17.791716323228943,13.158575618263162,354.000708001416,861301
18.08439830539818,13.164003839346355,320.00064000128,891181
4.161265584670772,-0.0026717565160391,49.000098000196,364373
4.727125205053824,0.1950347033315182,102.00020400040799,184276
3.922244624048208,0.8832360366568912,62.000124000248,40925
5.00843970811225,0.8155139140800617,112.000224000448,382485
15.441598014814948,22.01969560149289,334.000668001336,790425
15.65224149474439,21.836034818880627,342.000684001368,886878
15.36136441106235,22.20667544927643,318.00063600127197,662091
15.581126865149155,22.28434933337055,301.000602001204,751968
17.456381390783037,13.633594024808936,337.000674001348,708503
17.968139852417792,13.48159923785818,331.000662001324,825862
17.67701712651319,14.025902801202264,298.000596001192,755180
17.962072768838794,13.957145476739196,327.00065400130796,862700
15.23205997356764,13.517878983751627,303.00060600121196,847070
15.771393674068118,13.555587977256923,322.000644001288,691266
15.338574844412724,14.140432766580131,318.00063600127197,844944
15.90081198592462,14.131211543718496,349.000698001396,771130
-0.608926159605782,-14.400833534385328,51.000102000203995,150785
0.2362209257344038,-14.436425221242809,46.000092000184,576645
-0.5831854164829553,-14.059224055870136,116.000232000464,285726
0.7838918528070161,-13.796726087638897,110.00022000044,589193
19.01762118432149,12.96097888941122,313.000626001252,843183
19.373614263759134,13.066744854867334,320.00064000128,722856
19.233430059515,13.397235225382277,343.000686001372,852192
19.47358662746763,13.256651639912636,315.00063000126,896551
15.351912654697296,14.547254439342511,342.000684001368,819823
15.659697142715611,14.371781964973474,289.000578001156,686928
15.282446559670538,14.642023340523355,336.000672001344,656477
15.707230158675278,14.878293731534493,322.000644001288,707004
-2.874003616272128,23.62851534684332,325.0006500013,925180
-2.261134801233086,23.58257721932842,312.000624001248,958924
-2.6329228088680416,23.721840141260284,339.000678001356,940888
-2.2614064948213457,23.84067947611427,310.00062000124,965587
22.12328653157269,16.643086169782958,310.00062000124,879538
22.539856678215116,16.6398350556451,322.000644001288,892265
22.095594492310447,16.99399936007466,313.000626001252,848190
22.470114330144828,17.10331790963479,340.00068000135997,699651
16.988064305414557,21.88909152022543,301.000602001204,799116
17.163045201348186,21.978242292310043,319.000638001276,890225
16.9492259924977,22.446907262104567,322.000644001288,698317
17.282437793593868,22.265487699881827,343.000686001372,719634
22.924442421343517,18.74781261478857,316.00063200126397,816732
23.26073581508158,18.84664969067718,341.000682001364,822586
23.032093235331697,19.410289170903813,346.000692001384,744953
23.08178020209037,19.195407375189863,278.000556001112,836757
21.196917406977,14.383391292583736,325.0006500013,740212
21.7333716911452,14.490371701179743,290.00058000116,670539
21.43793956496712,14.916614798082234,334.000668001336,847649
21.8719418825465,14.639285889748592,331.000662001324,697223
-1.9893238434183145,-14.733791151694277,45.00009000018,41505
-1.0375811101254202,-14.52166111983489,51.000102000203995,268339
-1.964031736356308,-13.775181910605731,112.000224000448,284632
-0.9520924254055206,-13.945635885355918,112.000224000448,275320
-9.52842562380073,10.750609046482088,76.000152000304,562379
-8.538223448631738,10.90303701302345,142.000284000568,378934
-9.328705360592052,11.599894615256789,34.000068000136,494845
-8.883977876603184,11.340434681642328,68.000136000272,224055
-14.025060129387905,4.550650994451662,66.000132000264,180098
-13.00916798486539,4.81213121146314,132.000264000528,403187
-13.58428023346911,5.344912847165332,33.000066000132,40070
-12.881956958095204,5.421537874267666,89.000178000356,366124
13.734936908402869,17.286721502640287,360.00072000144,816386
14.297396513321631,17.615495447085625,291.000582001164,664369
13.76500073177985,17.65930037526706,349.000698001396,782451
14.364414926788164,17.62167626329113,278.000556001112,651970
16.048302695524296,22.024399562411283,339.000678001356,714735
16.491863708186525,22.03275093217131,312.000624001248,697400
16.175449901367095,22.39132185397656,307.000614001228,661621
16.451790113145858,22.36611735017868,320.00064000128,820806
16.93329217340003,13.064844066611585,288.000576001152,792647
17.06827081434654,12.932479633053592,327.00065400130796,806840
16.76747488947445,13.187244633457034,328.000656001312,898774
17.15226465713351,13.219474072361342,335.00067000134,881662
22.19299995775225,15.10850293314097,317.000634001268,721163
22.627557410938145,15.036184738881238,269.000538001076,849629
22.010253729007594,15.692080758688196,360.00072000144,808607
22.3190246734599,15.726098535982974,331.000662001324,710624
13.11566166175897,16.843327251164073,317.000634001268,727499
13.390340924519943,16.755429500044343,320.00064000128,763277
13.194359424119988,16.997031437724047,299.000598001196,696973
13.291257423827853,16.948923365425916,340.00068000135997,814003
13.079749697863104,18.35982097155716,291.000582001164,652990
13.485640015942687,18.311193754201184,328.000656001312,796055
13.177972236875538,18.49538758087274,335.00067000134,898100
13.538137130175343,18.537400963225277,319.000638001276,827879
16.12458517723922,12.729917015326048,298.000596001192,778819
16.544324958383857,13.017040463605332,312.000624001248,701862
16.016421400031586,13.327870417765972,326.000652001304,896996
16.611678229698725,13.44102213653969,337.000674001348,880334
1.150205848463306,20.621004678983947,326.000652001304,985929
1.600229643200549,20.4746590686893,317.000634001268,921454
1.07809095079077,20.833332194068404,314.000628001256,993167
1.4571039513717443,20.959916960004367,316.00063200126397,946997
23.71684729534494,22.84367412183561,145.00029000058,816682
24.225910784431363,22.732298434419043,76.000152000304,813163
24.008924069203616,23.8513688508633,76.000152000304,847017
24.46371035199202,23.56828208036111,21.000042000084,654154
18.48481846373472,21.88204884623024,291.000582001164,660352
18.578738710581515,21.812627074257787,294.00058800117597,680400
18.27232422437977,22.467790743439576,347.000694001388,669053
18.77817350636509,22.477392495783132,340.00068000135997,789525
4.7861148675585925,-8.305103944366808,329.00065800131597,207627
5.132684453048462,-8.164756851327352,338.00067600135196,489023
4.680083047809879,-7.808548641724526,314.000628001256,28061
5.078572234239658,-7.678935046434356,290.00058000116,88910
14.511823136184226,14.36519808433134,308.000616001232,826525
14.801921822834746,14.316270070893982,312.000624001248,713213
14.761158217156572,14.619663619459924,328.000656001312,724933
15.088390634175935,14.842926466198238,322.000644001288,893940
18.45926837326093,13.487892814104976,339.000678001356,787248
18.658167263157047,13.521995417649553,309.000618001236,798583
18.43093488396426,14.035126462125266,298.000596001192,872018
18.851197102329117,14.018757304680245,324.000648001296,718440
16.85417249439642,22.620531999493124,331.000662001324,696028
17.34205946100511,22.50993514521868,355.00071000142,866737
16.782105424535484,23.04993699589993,303.00060600121196,874135
17.151444882324437,22.887381484594552,277.000554001108,862879
1.2052742980491211,-14.917420858628883,47.000094000188,328707
1.747530992585877,-15.049549093821058,49.000098000196,34537
1.3217358128911687,-13.626753366538516,116.000232000464,90360
1.868465630462008,-14.262412590503295,104.000208000416,545351
21.934756847606536,20.291309091262903,315.00063000126,805287
22.52423084418732,20.39637705922869,325.0006500013,771381
22.140445281779243,20.83506875435358,315.00063000126,666285
22.591132477988225,20.655062668699628,305.00061000121997,819598
8.527354208832678,-4.39949331476605,329.00065800131597,282620
9.114019300279162,-4.36423707822845,292.00058400116797,136911
8.50020341481857,-3.920887932617761,318.00063600127197,254293
8.789321741949811,-4.172854652543127,319.000638001276,259485
21.207998102990647,21.23797670666847,333.000666001332,660594
21.745363986768197,21.19375523778564,304.000608001216,699406
21.376847229408607,21.695524533578197,325.0006500013,870379
21.889668721418857,21.688923902502022,295.00059000118,684996
13.82039697247975,19.07707887756808,328.000656001312,783444
14.239740508555156,18.74890571977508,289.000578001156,853943
13.859573725044385,19.17267344313848,332.000664001328,820626
14.166733291721789,19.37471630637159,306.000612001224,683664
-1.0253374109706734,24.775402968017804,328.000656001312,947794
-0.8969689207955728,25.127799600777795,304.000608001216,901750
-1.34561256635555,25.452353990513718,313.000626001252,993677
-0.8103709635626237,25.50528137400584,310.00062000124,939420
0.9701931227128684,24.816574039438542,308.000616001232,988468
1.5628754850673048,25.07771967744633,316.00063200126397,912017
0.9499335939361206,25.373724706749304,324.000648001296,911873
1.412625356685411,25.333534249158564,306.000612001224,944523
-1.0353889499187785,20.559798868633564,310.00062000124,997097
-1.0140130151921365,20.36925471103646,314.000628001256,954276
-1.1773638382120817,20.7080781465099,314.000628001256,982735
-0.9791697883554936,20.88271990931732,316.00063200126397,937459
18.928999380016386,22.509242122689805,329.00065800131597,724539
19.66437186772569,22.69170358780864,332.000664001328,767556
19.137561510297477,23.218874627628047,294.00058800117597,800882
19.345190213379688,23.25940721610034,298.000596001192,884449
21.245319403114586,15.911078439088817,294.00058800117597,726517
21.739434256612164,16.03450660537837,337.000674001348,687752
21.31886846145876,16.303891169758504,308.000616001232,870169
21.671350816772502,16.39278093076244,312.000624001248,736141
17.58841033907988,21.794754234636127,306.000612001224,762459
17.85501738186367,22.104151024679545,294.00058800117597,693101
17.55029820893652,22.177714801130893,325.0006500013,761123
18.113727302861346,22.166347634332823,326.000652001304,806146
14.01105296263547,19.528815392663617,313.000626001252,752278
14.265626570995506,19.810695299041424,314.000628001256,861684
13.953702264627935,19.910857014111496,320.00064000128,691515
14.0834504155528,20.186607077802996,303.00060600121196,812574
21.97173705198378,18.048224924932303,312.000624001248,707422
22.654774151377534,18.102192266625025,339.000678001356,877242
22.222940033738787,18.51128056070281,291.000582001164,665089
22.432961403777792,18.603822752809773,308.000616001232,786907
0.0326559984978639,-3.0550140767820277,23.000046000092,633632
1.6499906766920125,-2.7824475880738024,35.00007000014,23245
0.3216350834100455,-1.3127814877856077,2.000004000008,615323
1.389242822083115,-0.6928545979434825,18.000036000072,65771
1.813835263839386,24.180132267528943,293.000586001172,982949
2.24757760574515,24.20002640992288,312.000624001248,958559
1.8410853122572548,24.502910458343084,331.000662001324,962645
2.057553515080684,24.57481927209053,312.000624001248,907444
27.23236090900684,15.885975733180974,27.000054000107998,774213
26.826546094925845,17.537154719166175,49.000098000196,724626
28.617567597339423,16.992490310732904,2.000004000008,787295
0.1789329637678704,25.86926867384389,320.00064000128,969794
0.623200694426258,25.592121449691607,329.00065800131597,933710
0.3861184075584257,26.26250787236797,303.00060600121196,996529
0.7271734210423085,25.92667242107403,292.00058400116797,967745
21.264271428198956,19.857470094941583,299.000598001196,826929
21.734762720478333,19.72228132689479,307.000614001228,768683
21.471190067680087,19.89680479072232,296.000592001184,827225
21.644393840783604,19.995331528035184,340.00068000135997,781766
-8.135916130651418,5.556482999608842,300.0006000012,107626
-7.533177062188347,5.3682262345258405,325.0006500013,347792
-7.834502054515686,5.703075579781878,289.000578001156,548125
-7.581991163420761,5.841724608896118,324.000648001296,574067
13.083103053316286,16.055639771913615,275.0005500011,895950
13.4431656675861,15.835643530536275,331.000662001324,736189
13.17847592834226,16.4267077384989,306.000612001224,865228
13.393760712676702,16.29437600249198,324.000648001296,662021
8.501762263942084,-3.816106343455131,325.0006500013,263928
8.821015318244712,-3.8035331596238313,287.000574001148,406485
8.68004643832041,-3.430752248275713,283.000566001132,382107
8.93706670674021,-3.1720982851651085,341.000682001364,59380
3.382095697252653,8.53415290771815,291.000582001164,389488
3.7940009081749313,8.442122986077974,301.000602001204,60409
3.4065631097516222,8.939201293250342,325.0006500013,295901
3.779998564550279,8.83310014524049,319.000638001276,608398
0.9486952384789636,-9.527260178385893,320.00064000128,289290
1.2955300236616445,-9.527765775772576,295.00059000118,270886
1.2286848281764498,-9.247803683676803,304.000608001216,327431
1.61458249436826,-9.285852028211444,317.000634001268,233738
-0.59932415331553,25.712699611543155,332.000664001328,996176
-0.0115011345887678,25.66737533616288,333.000666001332,953229
-0.3071022100110002,26.204803365849017,273.000546001092,975237
-0.004989083616889,26.044665579544287,297.000594001188,930593
22.830179375847663,18.08358820394829,339.000678001356,835089
23.23455602247072,18.24918419094683,305.00061000121997,732518
22.74278390055029,18.70410500851037,301.000602001204,699009
23.228590214139,18.492315042177975,289.000578001156,701369
19.9265133086908,21.22922677457882,292.00058400116797,683734
20.376738162634588,21.107593372803574,284.000568001136,714195
19.967907507949825,21.46508822988981,312.000624001248,699213
20.12031768502045,21.70166725509944,346.000692001384,862955
18.46492403994312,12.8196122435452,305.00061000121997,885291
18.89926776518688,12.921373947145131,288.000576001152,798649
18.456058549361742,13.339603380692736,330.00066000132,656994
18.608441301185213,13.190782163059248,311.000622001244,869939
-9.366499422609603,0.7022271036020057,306.000612001224,333186
-9.168958700961962,0.7885746971472307,308.000616001232,452489
-9.54464778737167,1.423383563153486,312.000624001248,422357
-8.917597870518984,1.2482287160041587,306.000612001224,14446
9.224984904607153,-2.921458832929765,330.00066000132,453881
9.845709689412882,-2.984695024299102,294.00058800117597,204724
9.42368088509375,-2.3484567678451054,298.000596001192,467963
9.726067657615973,-2.3301939155015807,309.000618001236,316083
1.625349157565838,21.06066388881633,326.000652001304,910197
1.9990835162267977,21.3592224517798,308.000616001232,911144
1.8268084523969592,21.43741940282701,278.000556001112,929858
2.064427274674778,21.465682537678184,318.00063600127197,998383
-1.8852551502734327,25.06091338334365,318.00063600127197,993751
-1.43961418068401,25.05768135448405,328.000656001312,968418
-2.0209217942088964,25.25749525576093,305.00061000121997,920092
-1.4412176789294884,25.360616865961383,278.000556001112,915436
-9.52399210931362,-11.933440685478793,37.000074000148,282399
-8.460261477928277,-11.529856035690884,65.00013000026,522377
-9.175737862068948,-10.678158599646782,85.00017000033999,596838
-8.51278681140647,-10.692422155817267,120.00024000047999,288631
5.710368523806581,-8.022426724499438,284.000568001136,66153
5.828164282238778,-8.238056242731721,287.000574001148,539337
5.448663849361397,-7.679170951100919,335.00067000134,277843
5.950704481174727,-7.788444665552806,322.000644001288,76410
-7.374966910029099,6.8790317041909415,318.00063600127197,260011
-6.96273361872263,6.770984395294192,313.000626001252,237023
-7.37701971644987,7.364532865415233,290.00058000116,54515
-6.934139719543511,7.38749081845311,306.000612001224,303741
-9.38472059344387,-2.3048493894890987,305.00061000121997,149277
-8.98647487808729,-2.223998562449544,308.000616001232,272109
-9.64602728972053,-1.818348137256552,293.000586001172,597394
-9.28767430520402,-1.8753180659953688,320.00064000128,483023
-1.9943471883503243,21.30251295542503,304.000608001216,949097
-1.4438269115742235,21.29750605791149,309.000618001236,949243
-1.9197669192124025,21.38487577189752,326.000652001304,993281
-1.4215079123055367,21.58130172430743,286.000572001144,907108
1.674743302813751,24.840868112174384,339.000678001356,987684
2.000985408953494,24.806024212768875,323.000646001292,995674
1.7222898399716131,25.499832911521032,298.000596001192,976171
2.2639188369600727,25.236829109520784,263.000526001052,906255
7.927858293756225,6.0248489854199,313.000626001252,412725
8.07399106393565,6.1355821889569,309.000618001236,615800
7.846293581417803,6.462464158464756,345.00069000138,50648
8.02418042751911,6.360259575571042,255.00051000102,127961
20.017780700876155,14.252492417828504,313.000626001252,802344
20.41814830092941,14.51644655268914,343.000686001372,884555
19.930841884885137,14.836267116923793,294.00058800117597,857832
20.425776257958884,14.64460912160203,271.000542001084,749922
16.72346400660031,13.800394544027668,323.000646001292,815532
17.282797314432635,13.669455969702724,321.000642001284,858156
16.988090012964065,13.9847417118656,292.00058400116797,875995
17.09968914679028,13.890447707157795,285.00057000114,667724
8.646230123842225,3.244393512919201,287.000574001148,5182
8.880965851720372,3.046553436548994,298.000596001192,344099
8.544359745385782,3.410203345369723,298.000596001192,536301
8.988684036281816,3.324257103586858,337.000674001348,33099
-6.600900253942814,7.044551641301362,308.000616001232,7498
-5.995039928958006,6.792408013394836,293.000586001172,198636
-6.296890549455842,7.205097718166378,304.000608001216,158234
-6.106680460054403,7.196015109045754,315.00063000126,582829
23.46322846026499,12.203427989680293,62.000124000248,728783
24.860313483908392,12.678685763554553,27.000054000107998,871848
23.883626138611305,12.929696253579266,156.000312000624,693518
24.823423725024035,12.986371267394436,59.000118000236,744522
9.352097591814578,-1.374891413058331,275.0005500011,55669
9.523472614840838,-1.4091371586334962,331.000662001324,264499
9.3841597978996,-0.879776112601103,311.000622001244,87797
9.549720984808754,-1.1825721604123072,299.000598001196,114027
-9.424116674272105,-3.03620494235675,332.000664001328,153968
-8.990365206748178,-2.7385591154435365,305.00061000121997,428989
-9.635174350164869,-2.4153101003754998,273.000546001092,383209
-8.967787641364028,-2.3536359271696736,306.000612001224,339042
9.275728683805571,0.2460328298164192,322.000644001288,596897
9.846637914759048,0.3043847714724328,302.000604001208,15695
9.452211069846465,0.5127160399360471,327.00065400130796,202387
9.674045690347311,0.3206140649983548,264.000528001056,636992
19.968500802255395,22.880039580844183,347.000694001388,846297
20.340436647826817,22.77547472936938,306.000612001224,888774
19.915510222769885,22.96233242860229,292.00058400116797,805494
20.137567638483155,22.95299870301888,269.000538001076,793573
15.42234964536795,21.089232444104265,278.000556001112,674151
15.567845478918144,21.301458502455887,305.00061000121997,714753
15.312729926692189,21.61778864897593,322.000644001288,884976
15.611565129284696,21.63630300743132,308.000616001232,825181
-2.065036660667059,9.02302571962027,295.00059000118,189240
-1.7060282775877162,9.334566176288975,304.000608001216,583816
-1.8251452543750264,9.625901694368038,322.000644001288,312859
-1.7488105319851202,9.4461838007001,292.00058400116797,631369
-1.8783595059228009,20.2931840240904,283.000566001132,980947
-1.712788128460466,20.41154472232997,335.00067000134,996194
-1.9243621782495413,20.919936335035644,294.00058800117597,919834
-1.4442141056874809,20.708097659605635,301.000602001204,979564
-4.213904145710172,8.286849821738016,279.000558001116,573881
-3.7826435675114913,8.244286546560984,286.000572001144,54702
-4.172755438247092,8.614955912214175,305.00061000121997,354592
-3.886699145148285,8.7515912025767,343.000686001372,505576
7.937102016538679,4.733192236571539,307.000614001228,63351
8.04308051447898,4.794616256524115,318.00063600127197,611912
7.64577197044391,5.181739300128465,307.000614001228,338049
8.310092769590105,5.018626047405711,281.00056200112397,152974
2.5339095901751665,22.538798804667465,310.00062000124,901437
2.888463668541809,22.808165582395272,291.000582001164,953485
2.611462102019768,23.17146505896285,296.000592001184,988844
2.902203366118058,23.13296724626279,316.00063200126397,967166
22.70651248502197,17.248030220570616,300.0006000012,861091
23.335815400749876,17.30961814950777,288.000576001152,658096
22.94924924810833,17.746314301718677,321.000642001284,888679
23.076955286684747,17.740112456654064,304.000608001216,684561
-2.8327912194573144,-9.048363299059355,315.00063000126,545433
-2.4619275114751864,-8.9104342549334,276.000552001104,256301
-2.712323423965186,-8.448208628077873,328.000656001312,175954
-2.5095400310201743,-8.34242034311291,293.000586001172,179336
8.012661905433758,5.493538604301474,323.000646001292,335922
8.061216566323795,5.219383270151604,286.000572001144,433109
7.7248661115802815,5.72331774313248,324.000648001296,236069
8.061286731236939,5.763299728751101,279.000558001116,161661
6.190687141925323,-6.62951951985364,297.000594001188,285864
6.757564974906927,-6.463782808783325,318.00063600127197,241731
6.355711611149645,-6.323931123235428,280.00056000112,247126
6.680244589164492,-6.3109830647584335,317.000634001268,303683
9.517670275974169,-2.081578664351996,288.000576001152,302130
9.690110336022157,-2.1352737702936926,294.00058800117597,371365
9.407229767332272,-1.735602083213583,316.00063200126397,275219
9.729170527721587,-1.7664126668887012,313.000626001252,571173
7.055478862002072,-6.033520263839697,294.00058800117597,128782
7.540707757555392,-5.829187745966641,319.000638001276,639156
6.922408043310795,-5.678618986156767,283.000566001132,485825
7.377216446085611,-5.353798064204727,315.00063000126,19198
-7.872524181005466,-6.015881750920433,298.000596001192,563
-7.52374751797364,-6.028907242796648,309.000618001236,496845
-8.119146460067938,-5.540959534311651,307.000614001228,200664
-7.516554000092985,-5.672700419692168,297.000594001188,558232
16.15400967454616,22.606428967277264,306.000612001224,713923
16.637208042240804,22.584391653300685,299.000598001196,832284
16.284911496402163,22.89598592392101,289.000578001156,760134
16.42427380390691,23.232242108365217,315.00063000126,757410
-1.9545629485403195,-9.503308018696096,319.000638001276,161605
-1.5279458280760927,-9.75927914447248,299.000598001196,588575
-1.9692194601129795,-9.233834944343595,291.000582001164,388985
-1.620849244651724,-9.250085858374526,300.0006000012,503713
-5.636112712506118,-8.282471957093879,316.00063200126397,363328
-5.49889195464216,-8.054367569425823,298.000596001192,107165
-5.839532350976081,-7.89604944123787,294.00058800117597,320323
-5.455973173793917,-7.930513291599371,301.000602001204,159517
14.437061011837676,13.570733576909072,284.000568001136,704786
14.879154704625426,13.772148774923169,302.000604001208,789441
14.557115487231924,13.979465129179868,313.000626001252,868706
14.840663057571302,14.040998137651304,309.000618001236,791064
13.071379905444358,19.59280673699508,322.000644001288,858389
13.568186603207227,19.7172518852736,315.00063000126,749214
13.24537691273386,20.133828494713686,273.000546001092,740105
13.581940120485854,20.198658732860707,297.000594001188,778594
-0.4400105654238668,-9.786263675131808,296.000592001184,346137
-0.2131383852401625,-9.529523802674817,282.000564001128,441614
-0.4958134968406477,-9.364750521496632,281.00056200112397,191726
0.0265249260439732,-9.349202951062,348.000696001392,379334
-2.870455079702434,24.025885170436307,311.000622001244,915257
-2.2387326828859395,24.097590866590323,303.00060600121196,902977
-2.77159075047209,24.59245060607046,288.000576001152,907233
-2.445324213155908,24.517128744010225,303.00060600121196,928305
9.191542789734022,-0.5365998928490086,309.000618001236,506211
9.809158770624917,-0.4960365351529507,278.000556001112,246596
9.258253437210168,-0.2609034810919853,324.000648001296,231778
9.668617410409755,-0.3421857209098,293.000586001172,119580
1.9315511731967097,9.25463154768701,281.00056200112397,331350
2.208164045968931,9.153118465471572,327.00065400130796,365514
1.9071051886560368,9.419721827338028,314.000628001256,25455
2.1954655381314474,9.499949842357031,282.000564001128,602778
20.688327286726885,15.053236212554488,320.00064000128,786731
21.05609813636221,15.035549673091792,317.000634001268,899531
20.48754181471312,15.638561185184972,270.00054000107997,747680
21.111985480446243,15.603839718681414,297.000594001188,681689
-2.735039374118638,22.870704912901825,324.000648001296,930923
-2.454460400166236,22.67537196727747,305.00061000121997,962194
-2.52136538403313,22.89106190691632,301.000602001204,950389
-2.2143183098943013,23.043033749253716,272.000544001088,991545
-2.643254620091219,9.017312078636612,275.0005500011,617556
-2.271040217710122,9.233799209710028,301.000602001204,314644
-2.608667974299129,9.527065256966656,315.00063000126,176238
-2.3624043605654106,9.535365689667458,311.000622001244,283237
-0.3670768425166436,20.40293462720604,282.000564001128,933123
0.0962358845750159,20.56291669224179,306.000612001224,960927
-0.4362757433727736,20.72668016921027,296.000592001184,932638
-0.1972511490477878,20.787112607662625,317.000634001268,977458
2.903910996797894,15.795186952151033,41.000082000164,539214
4.136502342421541,16.004329866490576,22.000044000088,600438
2.6058785006460257,17.99113718856978,12.000024000048,900529
7.755039147771998,-5.317388692731302,295.00059000118,426121
8.281348135818687,-5.219393066482392,298.000596001192,312454
7.658564483290664,-4.757287848159149,303.00060600121196,464494
8.331126129795038,-4.920502432567574,303.00060600121196,436033
2.521619789044634,21.96982923567512,308.000616001232,948733
3.106317558115826,21.788193238402503,277.000554001108,961887
2.534405641728117,22.30853430915801,318.00063600127197,925570
2.8181170768796435,22.463651258783692,296.000592001184,929891
13.721397374728404,18.168507390693247,298.000596001192,842749
14.323006818470994,18.235664804820708,298.000596001192,869059
13.867552402615216,18.528552339278207,320.00064000128,785127
14.265727721192134,18.49983669516186,282.000564001128,793824
22.70023201600924,16.557547544365484,319.000638001276,732275
23.159418014205063,16.820678128640363,269.000538001076,705456
22.808888792235997,17.2207585566972,317.000634001268,767203
23.432326606137828,17.043830286227905,293.000586001172,793312
-9.52260182741558,-3.507966743125295,289.000578001156,90375
-9.10830440788873,-3.755608072517433,302.000604001208,472146
-9.432235536722214,-3.3490235335180345,290.00058000116,629244
-8.955127637663889,-3.424347881962981,317.000634001268,56914
-2.8946622624213463,-10.412649154732827,297.000594001188,392226
-2.509839272453273,-10.275055709455009,270.00054000107997,401596
-2.723523218491753,-9.927441260386912,319.000638001276,343551
-2.409276242286676,-10.180886604037893,311.000622001244,337581
-2.8144258995906024,21.286069806573284,253.00050600101198,920115
-2.4036911383252333,21.174458516931228,323.000646001292,943658
-2.566084872863236,21.615518028821405,318.00063600127197,919189
-2.237705332048732,21.61652362765865,303.00060600121196,949627
-10.555441792572807,-10.212332847774595,28.000056000112,2549
-9.852321743850204,-10.284280024119877,82.000164000328,534155
-11.020282973272815,-9.79395599310904,75.0001500003,141747
-9.771833458791928,-9.531481111689333,114.00022800045599,412202
8.429976870180969,3.780637892091853,276.000552001104,270738
8.846657670692249,3.801988535438479,315.00063000126,122076
8.717397156901146,4.219645867233659,308.000616001232,363468
8.971843901680462,4.221173003593721,296.000592001184,649704
8.63841036957799,2.29683143109364,272.000544001088,611945
9.046986246563662,2.2601022718105903,311.000622001244,459929
8.392166517031228,2.84900862949598,292.00058400116797,141205
9.01020325582725,2.6104307022036672,318.00063600127197,588146
1.2246908365772633,9.074368444083504,300.0006000012,402671
1.2868210811026397,8.972566079326699,273.000546001092,314778
1.2386878666552716,9.551961764492646,290.00058000116,89830
1.3342936069990672,9.479763281865583,330.00066000132,411178
6.183762472854877,-7.475469339719336,326.000652001304,38722
6.692982320206935,-7.312414197032127,281.00056200112397,156547
6.442970645591333,-7.148934066261826,284.000568001136,989
6.669761153674446,-7.117852877118443,302.000604001208,500886
-9.603177358909091,3.973883549583414,289.000578001156,638425
-9.118551458694627,4.033276293557008,323.000646001292,220372
-9.456362438381358,4.107090188740742,287.000574001148,574985
-9.233156295604244,4.13875731118419,294.00058800117597,591478
6.9558923261234895,6.876448507018092,299.000598001196,311538
7.458780601559503,6.888896031547529,314.000628001256,170684
7.253137840559641,7.277366840808171,281.00056200112397,524612
7.451441179851815,7.385501757202986,298.000596001192,259229
7.072404746657816,-6.544526607124291,324.000648001296,293761
7.474387102322895,-6.619520866043127,276.000552001104,622955
7.19570330704738,-6.158071050300052,293.000586001172,431224
7.455935312887277,-6.330315046988318,299.000598001196,640300
9.474243881281645,0.7579269402636999,281.00056200112397,259731
9.85401131986146,1.0165124322531411,301.000602001204,132843
9.337223307180034,1.144743990230573,306.000612001224,344756
9.799381869588617,1.3209978864151752,303.00060600121196,592663
-9.333951404843978,0.2048814224244908,301.000602001204,41901
-9.042147682437689,0.2856084239468911,296.000592001184,22535
-9.518867938598571,0.4368547994822033,307.000614001228,75419
-9.178754422275489,0.3548991159386255,286.000572001144,298509
7.718630465972756,-5.893033420776853,287.000574001148,544652
8.306074963179439,-5.888967254819393,323.000646001292,464636
7.68980372062103,-5.686049511228023,306.000612001224,103281
8.021238007541896,-5.6655603504792,273.000546001092,273854
-8.087615996205695,-5.288261200734249,299.000598001196,163980
-7.765425813952805,-5.197934832409904,303.00060600121196,576994
-8.147030768539429,-4.652553512010568,287.000574001148,558017
-7.760123957762688,-4.634073198368781,300.0006000012,568501
-8.691371103311855,4.681168792417003,268.00053600107196,128335
-8.212255574935556,4.641252083465358,310.00062000124,75993
-8.710228143110692,4.950122539192431,306.000612001224,308341
-8.462064542749985,5.0612000831325625,304.000608001216,597308
3.1462938498459025,-9.069530215178403,282.000564001128,565937
3.819447564085021,-8.826857571546212,296.000592001184,281017
3.478634692575606,-8.420811743110333,300.0006000012,109892
3.868577423475044,-8.466039542395576,310.00062000124,372532
13.695292385054604,14.382338694731748,294.00058800117597,828363
14.394743856594184,14.317498400644531,298.000596001192,833997
13.815139322827156,14.756188017022238,296.000592001184,859507
14.11837154568818,14.69438303844495,299.000598001196,861560
14.488464750538782,21.88717899296244,299.000598001196,651039
14.94678447112663,21.97727846263106,334.000668001336,745717
14.59430284396595,22.412349668226437,277.000554001108,884175
15.083830337259808,22.3437564256402,277.000554001108,731692
-9.437751799893974,2.409711401408713,308.000616001232,623519
-9.005187311431042,2.566643234483674,278.000556001112,158784
-9.331593895609632,2.634247696728768,305.00061000121997,572535
-9.284133999301863,2.937375476572353,296.000592001184,313560
-1.331193884424427,-10.302779718491246,304.000608001216,411790
-0.7306086177846136,-10.43206716400163,279.000558001116,183204
-1.1700826939145514,-9.941089060207968,294.00058800117597,399283
-0.7663544416769359,-10.183384884996704,309.000618001236,122355
-7.805432962618471,6.30735179995627,314.000628001256,228912
-7.676701997720656,6.263587386985697,280.00056000112,173046
-7.799691415741323,6.370907248521008,305.00061000121997,488385
-7.615974857996302,6.628654302034877,287.000574001148,29677
-8.143915621528386,-6.753879507836466,280.00056000112,193668
-7.4485101847224735,-6.787173038937874,287.000574001148,518448
-8.04236409501198,-6.165283823649066,302.000604001208,244800
-7.545360527905511,-6.344453890015729,317.000634001268,556287
13.94127682331021,21.138412920125145,309.000618001236,741552
14.131355491354917,21.142377323293783,329.00065800131597,804247
13.798340157085889,21.73134516000275,244.000488000976,865576
14.283474600715822,21.69522350628038,303.00060600121196,792074
-8.78948697578825,-3.69075099144425,315.00063000126,406312
-8.236043044827277,-3.653670292501271,282.000564001128,619106
-8.557678045893676,-3.1971909798906206,295.00059000118,167468
-8.396100117087219,-3.286436960043029,292.00058400116797,485089
9.260582919428687,2.446442116054362,285.00057000114,281224
9.80811365661804,2.2022640471772643,298.000596001192,201099
9.432388644205764,2.8899733809795123,285.00057000114,479001
9.56190578091421,2.669876397616036,315.00063000126,521622
4.131748694817273,-8.728625553944926,314.000628001256,618762
4.5230581196686215,-8.978906718243106,271.000542001084,393841
4.035496777563199,-8.45127090779412,304.000608001216,635037
4.466922213934714,-8.70435278528696,293.000586001172,95370
-1.0456744262362276,9.302654075996148,280.00056000112,453309
-0.9574179173135065,9.086384397235536,288.000576001152,248889
-1.335512242566837,9.653928636239316,300.0006000012,572446
-0.7621488208224237,9.6011634903653,313.000626001252,318414
2.681738743815402,-9.689203475154343,289.000578001156,103288
2.870781896685397,-9.579558176009806,289.000578001156,408807
2.5263843752020216,-9.295918171684493,318.00063600127197,116490
2.825665844814811,-9.216767829124612,284.000568001136,21091
-2.543172360554898,-9.674038559996708,263.000526001052,93254
-2.3719266817388225,-9.704287642955295,298.000596001192,545438
-2.608994580916832,-9.346724933905447,299.000598001196,438396
-2.4707799829016777,-9.446860211542964,318.00063600127197,579135
1.9667851137561363,-9.556093769600205,304.000608001216,547059
2.066903420505824,-9.767854844584049,289.000578001156,649584
1.822317299826668,-9.206661221204325,311.000622001244,139314
2.238003384569,-9.384937185183194,274.000548001096,624720
-9.434672839620076,1.5418805750083044,275.0005500011,562777
-9.163356781861095,1.499493306987711,303.00060600121196,105349
-9.622280324770482,2.16208975168152,294.00058800117597,461298
-9.220039196038682,2.045881595902309,306.000612001224,322892
-6.393460230037904,8.292931864150956,301.000602001204,491099
-6.134142961589358,8.37369131919885,322.000644001288,5824
-6.473652852848411,8.689969795030898,254.000508001016,520596
-6.182210825675671,8.740217335755558,300.0006000012,402411
21.298039967834924,18.822279979348625,259.00051800103597,736030
21.852122599600843,18.941690289822507,317.000634001268,801314
21.470141307306715,19.18278724212236,276.000552001104,682092
21.83723417049511,19.219062087256454,324.000648001296,701706
8.685794150146249,4.75311666052312,322.000644001288,24565
8.811509442414051,4.800514500043555,294.00058800117597,359547
8.474804382735202,5.045852751590592,290.00058000116,58837
8.782236466769195,5.161007667251655,269.000538001076,548046
1.7165883657231646,-8.765436898026636,299.000598001196,540885
2.286327532770684,-8.883755313437101,301.000602001204,283204
1.9236227415810565,-8.605630685339793,290.00058000116,221563
2.222424830262909,-8.698579896626512,285.00057000114,234714
0.1936942640418875,-8.799578058369429,296.000592001184,52470
0.5277904195010638,-9.012982856744848,295.00059000118,381153
0.1879836895585734,-8.493512325990514,291.000582001164,55193
0.8504929504101463,-8.371938797834733,292.00058400116797,37582
-7.35617842910741,-6.814155904965962,303.00060600121196,303059
-6.663385585165579,-6.648439703987467,282.000564001128,51427
-7.2680576411683875,-6.30876838612111,309.000618001236,351747
-6.944505908507724,-6.450825110356673,280.00056000112,524155
-9.396626311550142,2.9686979905466417,308.000616001232,594739
-9.290472284489429,3.2268662009452997,281.00056200112397,216271
-9.40523074483261,3.4666306228352344,284.000568001136,133912
-9.048869573885383,3.6506652843776655,301.000602001204,93367
1.8080039055280803,23.39538829300675,249.000498000996,918615
2.3521926041562846,23.34856116485445,316.00063200126397,955954
1.6256247597359748,23.726166337745145,314.000628001256,917900
2.0764289185978773,23.73447468357786,294.00058800117597,997964
7.04056809618095,6.212356975066434,311.000622001244,400893
7.430559797463581,6.196948850288988,310.00062000124,344210
6.97149077067545,6.429962183671158,287.000574001148,141029
7.375838765176307,6.674430319988649,264.000528001056,329032
10.638081646293886,21.31340019331738,44.000088000176,731243
10.904466864050118,21.279787303525904,154.000308000616,843019
10.432479526853356,21.805174081658645,22.000044000088,659647
10.901392635643134,22.112919427171647,73.00014600029199,776007
4.858956367554862,7.556831310245588,294.00058800117597,424642
5.1575296497117735,7.659169252702061,314.000628001256,101310
4.639532564417966,8.149968826496746,279.000558001116,254754
5.376082482486297,8.066729082182716,284.000568001136,603138
-8.733869181158848,3.812329563203533,315.00063000126,558248
-8.391740968743267,3.7164882788184266,303.00060600121196,160552
-8.555918356850295,4.157828879347232,280.00056000112,185720
-8.418697947980245,4.366111254255283,272.000544001088,614752
0.4482623147446447,20.607552706598085,269.000538001076,910672
0.6776542532274474,20.403038124598343,336.000672001344,977376
0.4717364021376417,20.76578987226234,297.000594001188,920929
0.5357638294369196,20.76668099363646,268.00053600107196,956401
8.486039581413749,-5.272928883596507,300.0006000012,110764
9.088002893491396,-5.20387234842402,304.000608001216,118550
8.549833616931025,-4.888495919500167,280.00056000112,537939
9.09066036669265,-4.824738259523171,285.00057000114,231873
5.60866409555316,-7.465412903757778,282.000564001128,630492
5.766408432441015,-7.314623889523012,322.000644001288,374083
5.396787145985157,-7.134822265297525,264.000528001056,564848
5.823067324187512,-6.836996002032166,301.000602001204,80423
5.391888770121221,7.8077977921131,298.000596001192,599512
5.92296749240855,7.605004314447821,300.0006000012,7154
5.56138521494241,8.061522751273358,302.000604001208,638338
5.892928778289676,8.200022787098998,268.00053600107196,429909
-4.179431288847944,7.755246108291924,270.00054000107997,243493
-3.980394700480624,7.78665850607165,253.00050600101198,215409
-4.352962208863926,8.01994081466004,325.0006500013,179273
-3.692161182147875,7.841771047335906,319.000638001276,237681
-8.552080312139148,-4.206098650233352,278.000556001112,362624
-8.411890191564387,-4.356656768268835,299.000598001196,569842
-8.6084381778744,-4.127762541948476,294.00058800117597,260540
-8.257271177333966,-4.013688181278486,295.00059000118,362274
-4.781615266162016,-8.132734030137552,321.000642001284,496353
-4.673024874902757,-8.12055948101561,303.00060600121196,462175
-4.872354106360995,-7.698495789515313,272.000544001088,390710
-4.434594404980392,-7.907843296123957,270.00054000107997,171705
-4.234716157981606,-8.836208790292366,309.000618001236,635223
-3.7178813912686217,-8.773329144482181,266.000532001064,101744
-4.240650241301743,-8.521223488988888,294.00058800117597,84532
-3.682023943025164,-8.47288751226334,297.000594001188,214185
-3.47267202231012,-9.579594502132696,282.000564001128,425718
-2.935128749479915,-9.7401060315665,291.000582001164,610390
-3.5779992654165533,-9.399427221048224,294.00058800117597,13915
-2.962715986929908,-9.377340156721049,299.000598001196,243989
-10.296732124321332,1.794580260595694,274.000548001096,261180
-9.790072299702462,1.6349560007619204,283.000566001132,620545
-10.247611826028145,1.926192185922752,296.000592001184,425854
-9.70601862818301,2.1159282076617414,312.000624001248,16031
-5.614695521623768,8.56252262456828,310.00062000124,28436
-5.215305017716354,8.588348157562178,289.000578001156,224088
-5.850463329986734,8.915720823743918,278.000556001112,180552
-5.4552123345676575,8.848936452225779,288.000576001152,414394
-6.3669642824355215,-7.229127404759875,305.00061000121997,281939
-6.23101161140732,-7.296809284004205,286.000572001144,510989
-6.455826032434475,-7.103133341860957,302.000604001208,510947
-6.244232866049273,-6.9510913751171,272.000544001088,537269
4.7143116068508135,8.578698279097773,262.000524001048,85443
5.281024234639927,8.49695038344074,291.000582001164,288587
4.634895181530622,8.961488134452866,319.000638001276,210677
5.020779205399007,8.938281557973024,292.00058400116797,294620
2.7231388030880903,-8.99988534552262,282.000564001128,310168
2.982553528017316,-8.904251121381277,317.000634001268,1140
2.4151615699016986,-8.349716571715971,273.000546001092,434049
2.975895900419158,-8.494626698354434,292.00058400116797,264666
7.880777116441991,-4.293782541836642,252.00050400100798,177677
8.33462905504098,-4.487290412306408,318.00063600127197,416046
7.788749182594991,-4.037925787864973,298.000596001192,455437
8.132667423292002,-4.081611066961765,296.000592001184,409698
-1.2221064960340648,25.751038238588947,308.000616001232,926509
-0.8514745983024649,25.546261767192878,319.000638001276,914745
-1.347083144508895,26.253045028325207,266.000532001064,913774
-0.9599806442126304,26.05097482510405,270.00054000107997,918101
-7.953362365123906,4.073742673311919,310.00062000124,593927
-7.546849879026362,3.863137860373144,292.00058400116797,203963
-7.945287739873642,4.182016817254745,279.000558001116,163603
-7.758893770052836,4.232485055659523,282.000564001128,646995
-4.921891110174149,7.724512867395936,277.000554001108,170087
-4.510113070039871,7.804558930114252,255.00051000102,403404
-4.931116222863919,8.112519501905966,311.000622001244,374477
-4.634943200982097,8.10829207321869,318.00063600127197,192125
-10.1176326405222,0.2147910006891836,301.000602001204,217836
-9.984822643510926,0.3068387610633044,274.000548001096,619369
-10.240043341513545,0.3823740994064521,297.000594001188,420113
-9.781914799363475,0.4611243615533789,289.000578001156,21321
-1.345720296158629,9.997858495515912,313.000626001252,352400
-0.7439174174430009,9.931115315520511,272.000544001088,610606
-1.1643812048116051,10.167703093439,303.00060600121196,137076
-0.7235245766440954,10.384162422278417,272.000544001088,308178
-0.5872387706081349,9.718235774488226,289.000578001156,339765
0.1109262502395636,9.91288121393611,294.00058800117597,251330
-0.3771803998634597,10.32229760137147,284.000568001136,287904
-0.0325497844349335,10.260319455135486,293.000586001172,59134
15.979329496914284,21.245186514537934,309.000618001236,810372
16.38570963902636,21.34935192341244,253.00050600101198,676157
16.20911788595879,21.46101652706806,307.000614001228,769577
16.52716558277047,21.61476511778038,290.00058000116,886553
-6.512647945880195,-6.696108062031823,313.000626001252,377941
-5.907551879043448,-6.49443413364307,296.000592001184,269838
-6.392879141672918,-6.207905032092316,290.00058000116,173440
-6.242528632777326,-6.245314676339123,260.00052000104,31649
8.542909178961136,-1.468000826810536,294.00058800117597,387474
9.06286687788467,-1.3021304626894636,301.000602001204,544929
8.587930725879012,-1.0376115287510057,268.00053600107196,556076
8.987904978330997,-1.0722526491456514,294.00058800117597,362954
-5.58921336874974,6.959723515567739,291.000582001164,400854
-5.453563380286188,6.9680995279965945,284.000568001136,477382
-5.604127576395302,7.103555977530753,306.000612001224,187877
-5.261541959642849,7.276750629731611,276.000552001104,323432
-4.784275177595855,8.541411905570975,295.00059000118,382189
-4.486465677756642,8.237339820902978,289.000578001156,275553
-4.79728814825256,8.893394047602161,266.000532001064,480738
-4.6597096909877385,8.66055949029021,306.000612001224,591460
4.033719553465854,9.144008850114757,280.00056000112,435197
4.396754038330818,9.258116922896289,326.000652001304,469720
3.901907322980704,9.575182919120852,271.000542001084,649401
4.568100599348917,9.635439290623578,278.000556001112,83077
5.54367784402708,7.001164573830561,246.000492000984,280304
5.991100625201744,6.83651204693307,295.00059000118,211117
5.677087462212663,7.384815055560655,333.000666001332,265462
5.962489716891317,7.112290855432931,281.00056200112397,158436
13.03580073016811,15.344133052433795,259.00051800103597,821603
13.609173558425216,15.03838167613517,296.000592001184,898124
13.008642907630858,15.499508647573345,266.000532001064,666639
13.385196098653717,15.64024938507152,333.000666001332,863682
-4.853249611349564,-8.836795002045038,279.000558001116,372713
-4.531770011922968,-8.954518959486366,288.000576001152,307082
-4.782964286724915,-8.70925646553887,274.000548001096,380658
-4.494299241327491,-8.647205168857381,313.000626001252,371108
8.631300569555737,5.525314167381256,319.000638001276,216983
9.123370740788271,5.290962816313525,291.000582001164,394381
8.499733186817883,5.951055189222648,260.00052000104,611013
8.914750050673769,5.7729517178878185,283.000566001132,642513
7.211130646388401,-5.152548594256476,282.000564001128,169821
7.347837525873571,-5.008590273629259,304.000608001216,407952
6.920183327953993,-4.850930370869007,271.000542001084,362084
7.5445354318620765,-4.607187322139096,296.000592001184,576883
7.736172812789205,-6.703175302539147,303.00060600121196,76417
8.053506858135501,-6.696408992837712,231.000462000924,209920
7.953789033462344,-6.446916420122244,317.000634001268,427010
8.30655782776461,-6.154705861018844,302.000604001208,648305
-3.5899950905660223,-8.730197486566288,288.000576001152,620254
-2.899554884749981,-8.809091817335572,290.00058000116,443265
-3.337667505210313,-8.490011186209692,272.000544001088,496047
-2.951423792081063,-8.340966304778782,303.00060600121196,350086
-2.5631258484461257,-17.03799363761925,4.000008000016,339
-1.837050930859558,-17.223086221783277,2.000004000008,517070
-3.374716041911152,-15.910223942598584,31.000062000124,493875
-1.0004354912423912,-15.662465616429667,35.00007000014,473078
-5.851061435266339,-7.558550877028702,302.000604001208,328544
-5.312602644420927,-7.2659252427376515,286.000572001144,113529
-5.835156677208031,-7.175864324074963,293.000586001172,327970
-5.521104269620186,-7.1825296832812064,271.000542001084,231117
-6.504606892257766,7.583247919640359,277.000554001108,252191
-6.06183740803844,7.800048216727395,315.00063000126,515045
-6.406310721838018,7.856951479480849,285.00057000114,33365
-6.217950443563963,8.190624762047573,274.000548001096,380757
5.466405174902931,8.460975111701904,310.00062000124,277736
5.8330608643661535,8.260735919526308,269.000538001076,473196
5.5077171647674135,8.766587253759814,287.000574001148,181034
6.113222700269808,8.66181863173672,285.00057000114,527204
-6.446901780234074,6.301244522296232,333.000666001332,73729
-6.126037658013855,5.966644714844096,238.000476000952,640732
-6.3095066247471765,6.389941340240921,312.000624001248,537373
-6.156239207734988,6.6246799251685164,267.000534001068,41531
14.421982138878874,19.833797874111674,299.000598001196,733166
14.974677630273792,19.676466429782398,246.000492000984,827059
14.601708869823804,20.111327381350197,320.00064000128,825923
14.871084215763837,19.938796812888693,285.00057000114,792170
1.845971770636012,20.54736407509104,288.000576001152,965383
2.2409425930426554,20.508168429616703,265.00053000106,976765
1.984250760439919,20.90250630281435,308.000616001232,985944
2.0665084783162677,20.637847298167703,287.000574001148,982596
7.839164754544996,4.036026891327728,262.000524001048,51210
8.089727071084543,3.969967329465059,308.000616001232,401052
7.772385886504329,4.342233601769946,256.000512001024,369199
8.047621491779173,4.28116044608926,322.000644001288,266472
22.20794259439611,11.162417537691937,63.000126000251996,870224
22.71091503016268,11.027833454255829,26.000052000104,842212
22.44953488282536,11.481037310031226,130.00026000052,775264
22.931222505877383,11.519531605764904,68.000136000272,839063
-0.5441079156591089,9.012581910018962,275.0005500011,116456
-0.1321359287116927,9.290491265319837,280.00056000112,211857
-0.5608420298100323,9.37572541324514,286.000572001144,200421
-0.1591048140377745,9.67255017192113,306.000612001224,223228
20.025595365331032,13.034687063177008,284.000568001136,848055
20.359666711353576,13.018232615972206,264.000528001056,693352
19.87832636664365,13.42548502024692,314.000628001256,679833
20.269855207232464,13.345436199030113,285.00057000114,720102
8.682840519698392,-2.874846637628748,291.000582001164,130916
9.094433950277017,-2.774709469678636,291.000582001164,234485
8.541471851572306,-2.613638475670014,280.00056000112,556599
8.903261129982148,-2.465448034204291,284.000568001136,340539
8.653111406956603,-2.312146741563389,263.000526001052,497716
8.959199930694961,-2.078834036871824,311.000622001244,304140
8.628544980546815,-1.797836292147037,295.00059000118,574545
9.128657448062397,-1.7995387719954925,277.000554001108,259797
-8.561821569288307,-4.996621913598873,292.00058400116797,240235
-8.33204405739664,-4.988002644982898,286.000572001144,332257
-8.741687693391158,-4.6902229446196335,287.000574001148,103915
-8.539672898473787,-4.8612308696298,281.00056200112397,618597
20.79631601632841,20.47321862552541,272.000544001088,765372
20.878048857414942,20.602170899540216,280.00056000112,789219
20.5739191363598,20.676406165009663,286.000572001144,713887
21.07669800620604,20.952002896185306,308.000616001232,791259
9.958164303571856,0.8960885468559748,298.000596001192,140512
10.377844749355749,0.9972589985059171,266.000532001064,566223
10.084355077839811,1.3118750923106364,277.000554001108,362352
10.499317494908505,1.0987350073213071,304.000608001216,81472
-8.651100566777865,-2.9652698050564235,297.000594001188,401330
-8.199561350841568,-2.699892482139518,272.000544001088,301954
-8.705600142413054,-2.689610537400162,319.000638001276,95405
-8.513279594120654,-2.3692428980285927,256.000512001024,222538
-9.363349835291348,-4.535698685998847,300.0006000012,108891
-8.948586358069326,-4.259244765798544,290.00058000116,290766
-9.584195657509392,-4.095155566466438,265.00053000106,379487
-9.281096514057554,-3.845925412780633,289.000578001156,418492
-9.333786257537284,-1.4788608509617258,273.000546001092,228686
-9.029884866003512,-1.554625496197381,288.000576001152,265475
-9.614628322435792,-1.0292633342112738,292.00058400116797,544331
-8.973442241522381,-1.0612669931038885,291.000582001164,303902
4.228638289038731,-8.10713553513059,306.000612001224,416398
4.488140716519281,-8.067723473487188,297.000594001188,576095
3.892965805644769,-7.6237397445410435,248.000496000992,68903
4.433217373463732,-7.654149216852325,292.00058400116797,254446
6.265646777088267,6.172449524126591,266.000532001064,269295
6.739214574181636,6.042593337626109,288.000576001152,54598
6.160921319054976,6.494710939804075,287.000574001148,424119
6.536096767720864,6.605235019882231,302.000604001208,133706
6.922868440827248,-7.514321573937553,276.000552001104,9317
7.465174128208978,-7.385337068805781,287.000574001148,613776
6.931899691428485,-7.041633954753007,277.000554001108,476432
7.544502199310441,-7.076844940324235,302.000604001208,2571
6.201231802536976,-8.07276361385421,317.000634001268,165776
6.6344353380608485,-8.127287537581434,279.000558001116,152536
6.368902513649712,-7.623278726331026,286.000572001144,549638
6.735789186262779,-7.893180888949936,259.00051800103597,564091
2.7590789582044004,18.073965856249,42.000084000168,948539
3.1853232461055985,18.59745661028102,18.000036000072,976659
2.4699270946051697,19.207138067842543,159.00031800063599,910923
3.158261432241874,19.065261741048275,66.000132000264,945609
-12.371439771354911,-8.895789080529047,36.000072000144,470186
-11.833484020545226,-8.798636647666308,60.000120000239995,82704
-12.136678194575982,-8.028440356073835,59.000118000236,474647
-11.814582445454652,-7.938769374340883,130.00026000052,533370
-1.8084542138861848,9.730214353760106,295.00059000118,475942
-1.5025318128564409,9.987089632737632,305.00061000121997,341657
-1.7814079862153105,10.354645235750814,267.000534001068,474355
-1.69492426507799,10.45239825879706,271.000542001084,387139
2.3725147514781217,8.242843669515953,274.000548001096,385948
2.962049881493821,8.396467643357356,289.000578001156,490299
2.7335245881526338,8.876675646361758,290.00058000116,601234
3.0796909900946647,8.788209734562562,284.000568001136,511627
4.176954325240862,7.688006326363451,275.0005500011,601032
4.5424746087847785,7.778933400337585,258.000516001032,629097
3.9488529524033673,8.026143048248866,292.00058400116797,581990
4.589001869256812,7.984876380205772,311.000622001244,236382
-7.137345072193367,-5.9505803480379775,276.000552001104,119055
-6.7888482161735935,-5.941513344523992,297.000594001188,555913
-7.333861963210173,-5.521921506599044,302.000604001208,456429
-6.988811002884193,-5.5181997224197055,261.000522001044,443849
-7.9336631299068445,4.53074169062095,299.000598001196,8836
-7.416123054464847,4.549880982400988,258.000516001032,190474
-7.993397852084049,5.135706352800938,301.000602001204,61100
-7.74430971100842,5.1201877075291655,278.000556001112,516447
9.491331966098064,-3.65090327522159,286.000572001144,378476
9.651940284551069,-3.742620029518863,280.00056000112,157003
9.349197331116676,-3.3697296459164026,278.000556001112,570701
9.877845398484096,-3.389800253339049,291.000582001164,21018
4.184657430912681,8.302334485254818,282.000564001128,121107
4.3049050866790335,8.328887512861325,288.000576001152,273674
4.1516335097018935,8.94203646123734,309.000618001236,440628
4.6174652635932185,8.806270061856313,256.000512001024,528438
3.1601671832047757,9.012781063880317,279.000558001116,598640
3.633565243881019,9.025847470950003,258.000516001032,309448
3.2038300679119027,9.50632477941481,313.000626001252,503734
3.59167806562114,9.346579521416317,285.00057000114,434869
1.1003860211181753,-10.288457075221745,298.000596001192,420194
1.4918907901880836,-10.403668778267209,281.00056200112397,201477
0.9260595748060474,-9.85516544600852,283.000566001132,304188
1.492907461102918,-10.08282688494535,273.000546001092,149774
7.192183005236264,5.43934543325605,290.00058000116,239918
7.571861390944393,5.42820406258206,294.00058800117597,406218
7.17171882807512,5.947476538815691,279.000558001116,630327
7.580689454112298,5.629169410150896,272.000544001088,61605
-8.904379249449473,2.4151185985882675,285.00057000114,454465
-8.22322746070417,2.552409229433749,294.00058800117597,516697
-8.61524858447361,2.773547348692972,277.000554001108,37231
-8.503785301331762,2.6134949774682754,278.000556001112,442408
2.447136703103137,9.179530217121345,277.000554001108,204164
3.0331100823609884,9.282278008841883,289.000578001156,79237
2.64072148236612,9.664448925336297,265.00053000106,318797
3.020073344537385,9.699820600186596,303.00060600121196,399787
-1.3418603976783228,-9.474069682963194,278.000556001112,482940
-0.8038932659333734,-9.584595679930525,306.000612001224,423234
-1.0278961536765374,-9.388174684624104,277.000554001108,621298
-0.9551876068695684,-9.12523125293276,272.000544001088,418831
0.28906776356547,9.32019101265756,292.00058400116797,431575
0.5720655247944162,9.291787110938444,295.00059000118,63312
0.4658794782806136,9.574639934618151,270.00054000107997,485662
0.7082975716065484,9.37644214435552,275.0005500011,357142
10.26583565174813,-9.876853198620951,71.000142000284,30559
11.215264331426198,-10.05796995581589,34.000068000136,234878
10.027081946994048,-9.251136733121724,120.00024000047999,467013
11.278155422433596,-9.35846079602237,58.000116000232,265672
4.9518292167660825,-8.886765965599453,273.000546001092,226291
5.171140011727176,-9.04269716949206,287.000574001148,588904
4.691299039901146,-8.579032953913831,272.000544001088,489297
5.204355863190297,-8.594695804811964,300.0006000012,221088
22.98967010617569,15.758555223589948,298.000596001192,725743
23.29591834083183,15.847516677334008,261.000522001044,813452
22.708633118108587,16.2197040803437,307.000614001228,831126
23.18886731650485,16.379055104112613,266.000532001064,779509
9.91242931531968,0.0342980419387696,299.000598001196,599303
10.40421423412981,0.1112000207023408,248.000496000992,199956
10.04498057969341,0.6856146405157034,297.000594001188,30441
10.373640599847926,0.6308782220845157,288.000576001152,568503
14.663775876580123,15.808348154214624,323.000646001292,693454
14.812367624959366,16.044886244247397,272.000544001088,790952
14.498761049927875,16.121136035658072,301.000602001204,698411
14.981426831236952,16.11663519521798,235.00047000094,855597
8.547651892683698,0.2361767017337319,281.00056200112397,451828
8.941489847583371,0.198365763877137,315.00063000126,535064
8.48477729559094,0.6854985795433848,256.000512001024,295433
8.83073842189447,0.4793175372717299,278.000556001112,312262
-0.3644383194626558,19.578750985765,284.000568001136,900209
-0.2114946097198198,19.6563334417715,246.000492000984,901173
-0.2648408625992262,20.179778718387947,286.000572001144,983801
-0.2255258271032294,20.133602343582403,314.000628001256,946302
-3.319590379899673,9.312905018424273,281.00056200112397,140333
-3.173806226599952,9.306247548318265,283.000566001132,71720
-3.411179901617245,9.46960420592761,284.000568001136,296477
-3.015096335229537,9.560646466768034,282.000564001128,171136
1.7350453322700368,22.0089615288553,289.000578001156,905055
2.305247296996513,21.984366737339396,297.000594001188,900924
1.9098156294154125,22.27150647907347,238.000476000952,971785
2.0899451987921114,22.319047512113222,305.00061000121997,970617
-7.128637132355287,6.283146793542636,276.000552001104,329746
-6.937220702324824,6.121267714151708,281.00056200112397,403563
-7.086138532950485,6.4590179353639,283.000566001132,594708
-6.787604685462285,6.423872596654871,289.000578001156,477904
-3.344335421438954,3.179428003331692,61.000122000244,90358
-2.6412727564638216,3.419801832095562,42.000084000168,325332
-3.2750369825855143,3.965163268075051,104.000208000416,257685
-2.3163608140792804,3.775476233809992,75.0001500003,367945
16.969326630283533,21.28540083321752,265.00053000106,753264
17.311741105640397,21.17106568963852,256.000512001024,870197
16.898109995084805,21.571755121991814,306.000612001224,899116
17.407783718429148,21.580477998025103,301.000602001204,684698
-10.250653350875032,-2.248398573393102,290.00058000116,102245
-9.881782171908467,-2.0869789289254075,279.000558001116,218934
-10.10876931644675,-1.9135632721626383,285.00057000114,176909
-9.799381614630844,-1.9316924096505947,273.000546001092,578893
0.3908409799018308,25.053551166257854,280.00056000112,953297
0.5490347727622004,25.046516440905005,271.000542001084,938272
0.2993887001278116,25.211884485208948,309.000618001236,934351
0.8605742734776531,25.4118575295171,265.00053000106,925506
21.458637846184217,16.614299358011916,255.00051000102,748547
21.856954574360685,16.817686144616435,307.000614001228,890478
21.45285044534546,17.013901732959514,242.000484000968,693999
21.751749484759884,16.928020453682336,319.000638001276,890695
-6.472838884919769,-8.00701374100896,249.000498000996,585601
-6.241077691341367,-8.151527025057293,308.000616001232,426660
-6.579413233724208,-7.622569478539215,264.000528001056,441113
-5.976230805917451,-7.847784783459614,302.000604001208,288149
-4.328389207712889,8.991322399189956,264.000528001056,455625
-3.765786122259576,9.25525948597048,288.000576001152,571075
-4.062811727819279,9.628234179596337,284.000568001136,89020
-3.8426219104087034,9.518629464266434,286.000572001144,142653
-2.5608901173028764,9.7652703486957,285.00057000114,516227
-2.3445847746899773,9.730577268297491,307.000614001228,189843
-2.52966272824639,10.413951479160357,269.000538001076,566050
-2.4195658735911576,10.384215164804257,260.00052000104,111433
9.241550318806471,3.211020326552765,277.000554001108,463356
9.8746996233843,3.320763724259703,275.0005500011,569392
9.482697570573656,3.612879184320286,289.000578001156,108981
9.86055975553105,3.492956427615025,279.000558001116,137669
15.473658858694018,20.42867358973417,289.000578001156,841816
15.539274278536489,20.532702388986905,257.00051400102797,711948
15.174891725323162,20.63415021752764,292.00058400116797,778892
15.632152490522786,20.991598908236583,282.000564001128,698020
15.288398029169253,12.746927951548546,247.000494000988,880192
15.83463860223987,13.068138512847874,288.000576001152,862486
15.469037652774729,13.28283816399204,275.0005500011,792311
15.72834213952239,13.44807806138532,310.00062000124,814158
-7.281582743392496,-7.334891535263783,259.00051800103597,109552
-6.779715102947828,-7.241590724987669,276.000552001104,209780
-7.079515134729483,-6.962968663605169,299.000598001196,40800
-6.980662554469567,-6.883574495317983,286.000572001144,180385
-8.022998917517928,-4.371072680421592,295.00059000118,643104
-7.732170117656548,-4.539645063611149,290.00058000116,372314
-7.950778387399267,-3.9839639671021136,279.000558001116,271324
-7.699585600205958,-3.9109208529109023,256.000512001024,145884
-7.285233728843059,5.265879278421853,277.000554001108,305382
-6.984121724010959,5.276218217781414,266.000532001064,435735
-7.19550562327998,5.854943043989431,301.000602001204,587765
-6.931989513209574,5.7859097075676935,275.0005500011,387267
2.662678330500682,24.238073067588115,319.000638001276,937056
2.8122371542818225,24.28652496304337,283.000566001132,972626
2.735116849222661,24.630126876355572,270.00054000107997,988705
3.0601719734049126,24.753756838307226,247.000494000988,969361
-8.869933321124169,6.20577733537715,279.000558001116,338067
-8.217259606361042,6.1857747012575945,288.000576001152,365885
-8.795995056246243,6.6572275076935625,273.000546001092,68124
-8.349657782441776,6.664656639438437,278.000556001112,125516
1.890853559541724,8.280700085887112,257.00051400102797,82970
2.2935218632719283,8.475117168330778,263.000526001052,363910
1.8903828536348817,8.833187661241395,318.00063600127197,472191
2.339616788915376,8.862544700595697,280.00056000112,287615
8.485375719010436,1.703547842441151,288.000576001152,111206
9.098180543961911,1.7573438482196686,279.000558001116,405297
8.608477947180145,2.045727001808209,272.000544001088,373668
9.017625012360972,1.9327098580710484,278.000556001112,91989
-10.318877053676465,-0.5038097347584654,282.000564001128,460461
-9.715656457167103,-0.4698003537115219,279.000558001116,449521
-10.408604814654426,-0.34825775162169,272.000544001088,209882
-10.030788134774218,-0.4259965386638879,284.000568001136,158065
0.9183451856394688,25.60843140362549,305.00061000121997,903187
1.3090665908421455,25.7777754429388,284.000568001136,982460
0.9374937944981624,26.06891434634271,274.000548001096,998195
1.3865067993746043,25.92658905280898,253.00050600101198,923193
12.323932435756952,18.074822452337425,243.000486000972,822037
12.727856198921868,18.189067705597743,303.00060600121196,701941
12.168066469307108,18.719387957965143,256.000512001024,849245
12.57760624021092,18.60610891699767,314.000628001256,806164
9.3334385597759,1.6541969661972595,257.00051400102797,55771
9.84656379987612,1.6206932406938428,292.00058400116797,629019
9.167021412286624,2.1016653296351366,277.000554001108,90366
9.52710176824446,2.055223892215117,289.000578001156,49982
-8.803618427105144,-5.892721975349731,272.000544001088,313080
-8.219142556498872,-5.881164613410753,289.000578001156,455623
-8.575163489314589,-5.455209831657739,266.000532001064,642275
-8.25275742762939,-5.70609271744756,288.000576001152,98097
-8.660451711015721,-2.0217315122938597,285.00057000114,103977
-8.312073649128836,-2.248484065064316,290.00058000116,20940
-8.720532485287062,-1.7481054891859618,291.000582001164,603579
-8.415431525245143,-1.6746961853056737,248.000496000992,109470
-0.3548650941013859,24.88623456941795,243.000486000972,946769
-0.093661191704764,24.784524197534687,267.000534001068,972899
-0.5883507085209224,25.18946280299813,291.000582001164,944331
-0.0937182988101061,25.40536686920334,313.000626001252,945651
7.688117936352813,-3.583081424355099,272.000544001088,268405
8.188737401276871,-3.469595353249988,287.000574001148,277688
7.864919722838579,-3.140915483677692,260.00052000104,62339
8.35023192452864,-3.1958006497030707,293.000586001172,82273
-10.171127713136212,-1.210334584319859,266.000532001064,549152
-9.728174612790912,-1.5448895671871476,286.000572001144,200567
-10.196427241813774,-1.1259803763604197,255.00051000102,548203
-9.875468739683924,-0.8935610657802592,304.000608001216,353718
0.3053678376248144,10.067254149115868,291.000582001164,113130
0.6912457468982397,10.00154573905139,283.000566001132,227850
0.3304230399551254,10.332082359538289,285.00057000114,638415
0.8531214545841566,10.183314931922713,252.00050400100798,430983
-9.607517474420597,-0.806512553459441,273.000546001092,88881
-8.94409930717614,-0.6625850570974947,271.000542001084,322171
-9.486040770250934,-0.0849056442253966,298.000596001192,140253
-9.20435715886452,-0.2266874466290485,269.000538001076,309179
-10.114377617574824,1.006565893932315,260.00052000104,88621
-9.866868579675236,0.7114723225995025,291.000582001164,627942
-10.384959849769048,1.434662091437025,268.00053600107196,168550
-9.963973719135346,1.1945442202518166,291.000582001164,499311
3.3833123145284443,-9.660302999426198,260.00052000104,61638
3.7364212554568974,-9.64618866894004,277.000554001108,516433
3.183904797594965,-9.313888326030966,297.000594001188,63011
3.667540632286483,-9.358536673772432,276.000552001104,630668
1.088096164502641,21.27933914580801,294.00058800117597,944613
1.398346951026129,21.03670789986472,316.00063200126397,981838
0.9122549465429874,21.508068404717235,231.000462000924,999482
1.3754824518325817,21.691556636091526,269.000538001076,907345
-4.140570569942836,-9.679800134886973,295.00059000118,178181
-3.9315525638228728,-9.78833113743864,263.000526001052,263643
-4.361475181195068,-9.414357343317125,277.000554001108,637248
-3.8232096870643777,-9.3500389288369,275.0005500011,647140
-8.68607673974699,1.574945064014989,258.000516001032,424590
-8.37038811437252,1.756939595624067,283.000566001132,443286
-8.82901526994477,2.184912321767864,288.000576001152,211434
-8.246417912945116,1.9266183330490447,280.00056000112,269095
0.3704092517346285,-9.707027378079482,261.000522001044,555576
0.628533113352687,-9.769245881964164,290.00058000116,382783
0.285241834374048,-9.137085179647745,288.000576001152,188766
0.709541454957626,-9.133905686932945,269.000538001076,456806
6.411863159120717,6.7117848311247394,267.000534001068,310829
6.649131996557485,7.022722210265075,282.000564001128,451960
6.357073477806433,7.403443792367301,283.000566001132,27755
6.859280313588017,7.248983234320554,275.0005500011,301144
13.183932762674406,20.56151794681964,254.000508001016,827006
13.606480731628537,20.44753968323745,307.000614001228,770787
13.133747552213954,20.984157899414438,264.000528001056,695104
13.330195711273994,20.76645520531172,281.00056200112397,753861
-8.757650426996321,3.262170071575466,301.000602001204,407235
-8.444524261598309,3.053486556453009,277.000554001108,620426
-8.564576523430556,3.476632019874811,271.000542001084,393129
-8.354140315701144,3.5731548007993923,257.00051400102797,552095
8.69126341015287,-6.038776960957859,286.000572001144,212588
8.857164006905851,-6.070933227831342,252.00050400100798,43043
8.739390006078626,-5.539152614379885,287.000574001148,92218
8.877203470136074,-5.495436124071196,281.00056200112397,559707
-10.306996625061728,-2.844876221278544,287.000574001148,559761
-9.722018663154062,-2.8172061154997534,268.00053600107196,582921
-10.404629614876312,-2.693319475745764,284.000568001136,499406
-9.760954007056748,-2.446627718363006,267.000534001068,72539
0.2410444111345742,-10.272149156003266,274.000548001096,144995
0.7315048658218674,-10.39606749569332,269.000538001076,358502
0.2702110707636181,-9.87715282188022,278.000556001112,34965
0.8557091435406899,-9.987137046802678,285.00057000114,92818
-5.842733004402956,-8.753246780842606,245.00049000098,541067
-5.513666353852582,-9.010799108453064,274.000548001096,273
-5.544797387959337,-8.51810317584991,301.000602001204,43400
-5.236618205161994,-8.672307190448878,286.000572001144,374914
22.087345018038967,14.245093854837556,286.000572001144,895733
22.526399988441845,14.573104523701804,233.000466000932,807350
22.224388623752034,14.700631617555793,339.000678001356,892224
22.35064489368805,14.948142947894766,248.000496000992,825920
0.9640261606327316,9.8969687274399,275.0005500011,549318
1.5249744663694844,9.846831475388656,291.000582001164,137507
1.0412824967404417,10.12354749174784,254.000508001016,68021
1.2614835963294946,10.317070763952277,285.00057000114,594738
19.23309395036169,21.23263773644046,245.00049000098,857895
19.584926038674112,21.104931735971487,270.00054000107997,771791
19.111043901300505,21.686181019217862,301.000602001204,665156
19.52002083833288,21.443909227026754,288.000576001152,768621
-1.9545886337456824,21.910962643484208,285.00057000114,994215
-1.6116722827354577,21.976981361893507,265.00053000106,944535
-1.938869773426983,22.255287843510796,299.000598001196,927190
-1.5246407878723558,22.44261441165364,254.000508001016,957134
16.250488676529955,14.578928856667186,325.0006500013,691896
16.38206601962259,14.32098540719681,289.000578001156,766192
16.134009956638057,14.744173872437006,275.0005500011,786606
16.541231567730538,14.84968113816181,213.000426000852,854189
1.827156425634844,9.854273843098342,282.000564001128,10648
2.3646657640566238,9.910466579765574,282.000564001128,26007
1.885247367109092,10.200909471193278,253.00050600101198,81308
2.348221671160602,10.18841610808466,284.000568001136,569992
22.989271318483848,19.55431341413759,268.00053600107196,747712
23.323388557328425,19.542023281792577,282.000564001128,744859
23.045592438732385,20.13947289011452,312.000624001248,829523
23.434325956058583,20.15971678154418,239.00047800095598,745307
8.84869398045237,10.693272430923235,111.000222000444,153835
9.37690749037373,10.950822085017318,75.0001500003,468051
8.658035277540495,11.64507002514819,52.000104000208,311529
9.71632091241954,11.372335781249658,37.000074000148,561474
22.278037781678808,21.37434667563772,318.00063600127197,678994
22.572442346805552,21.193529360943508,283.000566001132,731760
21.971465015807937,21.615964224660495,263.000526001052,815280
22.60939870306948,21.737476336358537,236.000472000944,676208
-3.295503425412375,9.891896081545054,273.000546001092,437080
-3.1253018547233298,9.737303455489132,317.000634001268,355392
-3.5182946905955745,10.397831494632731,235.00047000094,4392
-3.250225032762545,10.196130116663031,274.000548001096,628527
10.1853137234359,1.4917168843958557,306.000612001224,601490
10.581857406611908,1.6384289348619685,240.00048000095998,15870
10.0420718273775,1.886605455778449,273.000546001092,45209
10.631735197870718,2.175373186927376,280.00056000112,291335
7.07328652522054,4.636221251909696,253.00050600101198,515143
7.342161945991876,4.811953301199194,255.00051000102,200820
6.889154527500453,5.112896772926845,288.000576001152,550412
7.498826264302572,5.084246717656982,302.000604001208,337672
-3.477403110783274,8.54917925423193,282.000564001128,389167
-3.17721325508368,8.586737403999411,257.00051400102797,410532
-3.618850406802245,8.695255119256137,300.0006000012,358092
-3.214567099573919,8.899253575300275,259.00051800103597,354574
-0.5172513834934792,-10.439760703351611,248.000496000992,186650
-0.0699791759581527,-10.40326901360144,280.00056000112,421198
-0.3364408010051927,-10.091267172123594,279.000558001116,619056
-0.0611658587974021,-10.209001837171536,290.00058000116,37852
-4.355413500306822,-7.978065345776785,258.000516001032,513707
-3.879057975625139,-8.091931428730783,298.000596001192,607308
-4.342146281651434,-7.9271932975681745,284.000568001136,212972
-3.847264501187033,-7.722948461761047,257.00051400102797,401315
21.514825351379955,21.998560584750475,289.000578001156,797376
21.577885777574966,22.082977616371007,281.00056200112397,897364
21.1936224700846,22.27846919657336,275.0005500011,766395
21.63758360663549,22.267870591451928,251.00050200100398,773738
-2.046800297898603,-8.926062791809905,259.00051800103597,457213
-1.6212517286117654,-8.979371991668836,271.000542001084,590625
-1.964504097214285,-8.412237125323028,290.00058000116,277737
-1.5234790889599432,-8.600195475430121,276.000552001104,291077
8.453844425065542,-0.5456176602393571,257.00051400102797,361397
8.873548476421533,-0.5447388180686187,302.000604001208,314977
8.432429045592107,-0.3572454037061299,251.00050200100398,496934
8.773635247551843,-0.1730749055377235,285.00057000114,274498
-5.627803566664834,7.75990192614311,274.000548001096,315652
-5.275998335081763,7.484904180439303,278.000556001112,47355
-5.798616003094756,8.089625285025821,254.000508001016,212958
-5.45996983553632,8.109313826378038,289.000578001156,570411
-8.815855333964112,0.1575111035140492,301.000602001204,87897
-8.538733383335865,-0.0255206301599186,279.000558001116,291951
-8.821984098698014,0.6276115182059719,291.000582001164,209441
-8.472232036042646,0.3970018990419033,223.000446000892,343131
3.372434964304275,-8.094029591533223,273.000546001092,156219
3.761330953964257,-8.259664018928666,274.000548001096,178022
3.407370673095752,-7.658697748007801,273.000546001092,451809
3.788311923722579,-7.917741380525239,272.000544001088,148808
6.284894392804634,7.721899779084752,287.000574001148,119980
6.811360343023633,7.776131140884299,268.00053600107196,493028
6.17449044156076,7.956618166913238,246.000492000984,3458
6.735763216380841,8.165689932463442,291.000582001164,526096
2.679901757462744,-10.402322331544068,277.000554001108,248389
3.1002195907753225,-10.283650033190016,249.000498000996,140209
2.463661321162056,-10.014811294648036,286.000572001144,17265
3.0372115647869187,-10.036181710441898,279.000558001116,590153
-4.89633243027927,9.005461335733774,277.000554001108,327382
-4.42309826478706,9.208989503372406,290.00058000116,316619
-5.038280675378209,9.424518124540269,261.000522001044,188531
-4.477323767725791,9.64487572780152,262.000524001048,493081
9.98641974463077,-1.3368575255273945,275.0005500011,111751
10.376670615673657,-1.5419317819274432,273.000546001092,118881
10.125842715304236,-1.032967249588958,272.000544001088,384143
10.6271390808694,-1.055763373939374,270.00054000107997,187212
9.143006450015427,-4.5757021282521135,271.000542001084,153197
9.719074487748264,-4.341304461539477,268.00053600107196,420854
9.282277360285004,-3.88213207808377,302.000604001208,373465
9.70649510123053,-3.8638345325133137,247.000494000988,475652
-8.608820326168177,-0.7962820043010153,268.00053600107196,235678
-8.18826623028895,-0.7439805708905993,252.00050400100798,230034
-8.771656934861229,-0.3284551766012868,303.00060600121196,346212
-8.340774435687218,-0.3725935674974808,265.00053000106,396893
-8.749390452435179,5.275093853243464,265.00053000106,554198
-8.387688484222474,5.470305271591126,298.000596001192,544988
-8.585363732142657,5.642681529701548,235.00047000094,442042
-8.412676758168462,5.654840037846203,289.000578001156,18351
0.2217163028146997,19.754971865593024,278.000556001112,910860
0.5229998220959686,19.714510389263207,231.000462000924,917848
0.2312785246799471,20.087357505674422,295.00059000118,966102
0.5724052275891308,20.20679479262474,282.000564001128,992748
21.19933551436785,18.232073479349392,265.00053000106,878370
21.823389134957672,18.209059071003438,286.000572001144,733015
21.400854230382144,18.446656581932253,241.00048200096398,797525
21.62284854427196,18.58091715731351,293.000586001172,719877
0.2298576182551596,8.21351546626986,248.000496000992,28806
0.7116058912871724,8.327666162616557,273.000546001092,81153
0.4482619201752761,8.76938581828033,271.000542001084,168051
0.7382183680382879,8.652718232291083,292.00058400116797,285746
-12.319746278973064,7.472539091231035,69.000138000276,314709
-11.25051195858858,7.957424112763887,112.000224000448,414322
-12.345779256685791,8.686575203538451,29.000058000116,644877
-11.646020586140123,8.689024972656528,61.000122000244,436326
17.76296614303451,9.41873450350422,25.0000500001,852497
18.8946556957674,9.284821511784765,26.000052000104,822226
17.600215524697795,10.197295585435525,116.000232000464,899112
18.355170956216288,10.44358727414637,104.000208000416,875097
1.818813736622271,22.53827202905658,245.00049000098,998136
2.081730485135789,22.81156054069697,302.000604001208,927908
1.8220069054145205,23.140267228974484,264.000528001056,920485
2.12978367971762,22.97250551445122,272.000544001088,913494
-7.149851871010632,-5.257869409893346,252.00050400100798,120700
-6.875789725640235,-5.217432359420404,279.000558001116,491198
-7.227930736563221,-4.725175539323002,283.000566001132,403319
-6.889232840513652,-4.624374265329318,269.000538001076,337267
-1.1930258478915243,-8.834984248327412,246.000492000984,184768
-0.7589664807100702,-9.012624143145572,289.000578001156,400920
-1.0747967399431164,-8.369202660140969,285.00057000114,58927
-0.6919830151699,-8.66798590768305,262.000524001048,565054
-7.256871204240815,7.783280354916786,272.000544001088,60074
-6.704474286884263,7.836236819579745,300.0006000012,255651
-7.227959342880058,8.127744774232928,251.00050200100398,399770
-6.815156627117555,8.09831561182704,258.000516001032,255793
-1.8781906840669964,8.377419482803147,267.000534001068,586858
-1.7075082054225907,8.30484946878057,250.000500001,452556
-1.7717187907871368,8.822304222983876,271.000542001084,604263
-1.55016165630813,8.950698377848305,292.00058400116797,376962
-2.0458713260061043,-10.381121371642006,244.000488000976,496586
-1.738556613890058,-10.509684738631012,260.00052000104,414305
-1.9893102915215084,-10.073803280731056,285.00057000114,523930
-1.5978715369855492,-9.905769406404334,290.00058000116,307603
1.1816322530923664,8.220963902964773,269.000538001076,593891
1.3295878764892703,8.471858369910324,248.000496000992,608338
1.2056931559656487,8.954704841017492,292.00058400116797,129649
1.5906025032980942,8.792579117951677,269.000538001076,398218
-7.889753612847081,-3.463126333467525,248.000496000992,401360
-7.688988812872233,-3.745889303071252,295.00059000118,188396
-7.897304780651321,-3.20219016976456,307.000614001228,219691
-7.440491919166931,-3.0951159637767782,228.00045600091198,132553
6.35787723963742,5.359389430387089,241.00048200096398,357288
6.651403127517511,5.427832069383504,259.00051800103597,160718
6.239396770368159,5.913280935076973,291.000582001164,144107
6.664961110768763,5.788237926235779,287.000574001148,164888
21.303685499239837,13.481339314373969,266.000532001064,753040
21.88318297847751,13.835305719042683,227.00045400090798,837375
21.39227287006385,14.196835749972209,312.000624001248,817195
21.633718988109564,14.1374216566294,271.000542001084,739643
5.49734401137519,-6.693965383414591,278.000556001112,262488
5.838228540615571,-6.685941751367388,273.000546001092,543143
5.720580270711396,-6.365250787424326,267.000534001068,391925
6.051716338372914,-6.21194325023208,258.000516001032,218890
7.704525130565418,3.284379424636868,263.000526001052,203121
8.286883029728116,3.0253064867812927,288.000576001152,64750
7.99312102251444,3.437068793255423,257.00051400102797,94117
8.017771810540966,3.56157621454986,268.00053600107196,270462
-3.441625717553309,7.804130034377531,245.00049000098,249974
-3.2525394765209086,7.616105992914012,250.000500001,523441
-3.475839095250671,8.121304381198572,288.000576001152,237742
-3.0163422553204917,8.129197564276721,291.000582001164,384223
10.216664119700472,-3.07149684273568,276.000552001104,469206
10.530160955101334,-2.8870640319708416,234.000468000936,635850
9.925772556380853,-2.5673520285098164,321.000642001284,333530
10.290202838886696,-2.3718732557893576,243.000486000972,135543
8.68367496175228,0.8072584493695032,244.000488000976,52713
9.013424427357654,1.0179492610551752,284.000568001136,416784
8.441878459263402,1.2984545819961757,271.000542001084,197049
9.00183773245174,1.1612930976010585,272.000544001088,581804
-10.174440153773338,2.4200017997344,267.000534001068,434690
-9.965066059800344,2.5658834013562326,300.0006000012,174150
-10.155106901524384,2.787360698334468,245.00049000098,423305
-9.866991242173302,2.680692975607512,259.00051800103597,62820
4.780335721297001,-7.507067250296229,266.000532001064,389545
5.241304540553274,-7.457957545017971,274.000548001096,127256
4.737036902765917,-6.838685005920899,249.000498000996,426431
5.358625874356714,-7.089289278208646,281.00056200112397,600352
21.35365528228589,17.560894938519002,254.000508001016,893279
21.578885296713487,17.368126838702075,324.000648001296,750504
21.277825474230077,17.68346103835825,200.0004000008,871601
21.658475553915917,17.67954864427386,291.000582001164,879473
2.666096164226935,10.011771511441554,270.00054000107997,62887
3.1098507782865985,9.943076685514889,284.000568001136,256185
2.3812670967712104,10.3260584678975,241.00048200096398,207641
3.117654078106025,10.227434808990994,274.000548001096,641910
9.980858855961934,-1.990402749143486,284.000568001136,87395
10.613002710292374,-2.045378580010599,267.000534001068,619430
10.019522086800494,-1.727509589582075,245.00049000098,369094
10.517642299625232,-1.6943445382786273,273.000546001092,165238
5.496277876392646,-8.780213493588569,280.00056000112,313098
5.872833577976502,-9.069792254666684,245.00049000098,248377
5.715148143630903,-8.58946954045664,286.000572001144,447905
5.903413129986871,-8.548592441343281,257.00051400102797,554127
15.286698048710251,22.640235625045644,294.00058800117597,729769
15.563068957350684,22.51486610392339,297.000594001188,685495
15.373625956221758,23.19100168054921,241.00048200096398,844741
15.852120901485652,22.89431350425744,234.000468000936,867608
-3.5232258746094294,-8.253391572537565,286.000572001144,392848
-2.977195586107978,-8.141741930743406,256.000512001024,452290
-3.530809949105635,-7.80679106445586,261.000522001044,469573
-2.916892727906284,-7.667961393721083,263.000526001052,528874
7.022921829979143,7.608462650340907,300.0006000012,83859
7.402806376064043,7.61293682891329,265.00053000106,41827
6.905049247118028,7.9875964781105875,284.000568001136,423957
7.338805337494714,7.887409603741007,216.00043200086398,295145
-2.789477619967032,8.375657397983035,235.00047000094,355713
-2.225730560814966,8.481141432060165,251.00050200100398,436270
-2.6790526612249206,8.882138058385017,290.00058000116,54048
-2.3355412920429472,8.827564664573732,288.000576001152,541518
6.231410692482575,-5.924815334655812,270.00054000107997,102250
6.7056049988010935,-5.880172387911928,293.000586001172,583044
6.35715199857844,-5.57074381703476,250.000500001,545240
6.808126822452499,-5.364963280049048,249.000498000996,311891
18.42317503098789,12.212259695819776,236.000472000944,859278
18.76021148375261,12.058260983324274,222.000444000888,889432
18.20327280501179,12.684369511195593,298.000596001192,807359
18.88041111564428,12.418101149677744,305.00061000121997,784293
-4.8069491627854495,-7.580885480644706,275.0005500011,592879
-4.419582776719098,-7.58673791250856,262.000524001048,580970
-5.088503987110614,-7.093951254411,282.000564001128,7207
-4.5291029662266284,-7.056272283040947,241.00048200096398,339227
4.232209774676488,-9.731234380877986,244.000488000976,266610
4.581600559444642,-9.823643744273696,244.000488000976,336750
3.953544143556862,-9.144035272051353,265.00053000106,401096
4.464599024257202,-9.174522591943404,306.000612001224,307621
1.165565264225924,-8.758585302902752,276.000552001104,300636
1.5796794862549897,-8.847717038395071,275.0005500011,576557
0.9311215554770188,-8.699061533915973,241.00048200096398,266656
1.5282458417322076,-8.59787048724295,267.000534001068,316720
-9.358864061678466,-5.1296635599010445,240.00048000095998,217510
-9.190340164104748,-5.153245637326919,255.00051000102,150058
-9.337006335850946,-4.670947297815233,294.00058800117597,598368
-9.029041984339514,-4.9326235740478745,267.000534001068,202578
-9.420883112914693,4.50968132255088,267.000534001068,56504
-9.009642818599762,4.609299338934368,263.000526001052,264517
-9.439973686484826,4.911615014915334,244.000488000976,81768
-9.200331776814412,4.944744985439352,281.00056200112397,377569
12.285319591315435,17.550553755808373,255.00051000102,703846
12.804190518282317,17.42171765385358,292.00058400116797,736402
12.179103186431888,17.80743230888015,209.000418000836,883904
12.56617416516776,17.88974974126892,298.000596001192,737494
4.718432414437979,6.814638749409195,224.000448000896,136933
5.187805781978546,6.945929654200661,275.0005500011,642115
5.0005845357019885,7.260106383970845,276.000552001104,224920
5.11903614498644,7.227400880993728,278.000556001112,529899
-2.7660165040965192,24.79896510742453,261.000522001044,920182
-2.366535963051512,25.00785361054796,305.00061000121997,951645
-2.78814248021987,25.432033006390093,226.000452000904,957693
-2.3723959511923,25.414102612288225,258.000516001032,986627
-0.634087261336434,8.365111152697379,262.000524001048,496032
-0.0210766278741779,8.420006151632862,247.000494000988,164766
-0.508005302961875,8.87190391298897,258.000516001032,102333
-0.0379235934978076,8.6878476542628,283.000566001132,543077
-3.459490656689911,23.62726753865549,253.00050600101198,964016
-3.0993630747458343,23.33832532736401,279.000558001116,910984
-3.64287284085841,23.64919683425666,236.000472000944,975795
-3.0776487758414044,23.93353209089484,282.000564001128,910830
10.24221558601234,-0.739300425063735,235.00047000094,287736
10.590653957220582,-0.5136623492860657,264.000528001056,567854
9.973162464585467,-0.4155334761564703,264.000528001056,292956
10.272901596747438,-0.2377166093035829,287.000574001148,77380
-3.5211614595568506,22.598589587390837,246.000492000984,967759
-3.030951406049784,22.722604668104,291.000582001164,921935
-3.42829269793594,23.17367432384348,231.000462000924,973902
-3.0466322121931837,23.10774643019474,281.00056200112397,968063
4.8029448739992056,9.115510995436852,280.00056000112,161116
5.286565827224155,9.025603818651774,271.000542001084,486919
4.84995794875166,9.509518658160053,264.000528001056,163986
5.1215815427527405,9.344574880296165,233.000466000932,215661
-8.54238758326882,-1.5254457025813186,297.000594001188,505856
-8.225045552330872,-1.2265547791761648,228.00045600091198,599818
-8.548358975756596,-1.0135679839720482,293.000586001172,484763
-8.412581168314857,-0.9289107864594636,229.00045800091598,145849
-8.060702025217724,-7.500642777220813,243.000486000972,2076
-7.522800031458468,-7.230961695148177,252.00050400100798,174663
-7.798088317256292,-7.173045686210152,265.00053000106,309361
-7.639585032067263,-7.052437149622829,286.000572001144,631427
18.97027616685778,14.427632695410406,280.00056000112,682889
19.4392734041628,14.498125517615716,278.000556001112,720939
19.288044926814685,14.906017419143405,223.000446000892,800257
19.429036683855745,14.942803970691406,264.000528001056,810688
2.650944368705902,-8.215691847532485,260.00052000104,203797
2.9542285971093616,-8.253987926079715,286.000572001144,168292
2.6902730870366924,-7.836454406400503,245.00049000098,171501
2.879458567547053,-7.623393614573445,253.00050600101198,173240
2.504308172737965,21.18714228711406,277.000554001108,929036
2.825628599132158,21.29620920978153,227.00045400090798,993990
2.5197106268055234,21.60926728956119,267.000534001068,995247
3.02267104869184,21.57314131738241,273.000546001092,943358
1.7894718678134498,-10.46466851226709,254.000508001016,391073
2.351457292916132,-10.252456053441325,240.00048000095998,292402
1.6559693846148995,-10.031382054449614,276.000552001104,34094
2.0124395788500347,-10.21563453045546,270.00054000107997,384543
-4.941645471619811,6.9030417775404604,263.000526001052,217311
-4.587732114140342,6.747448860017355,243.000486000972,162761
-5.071142587682532,7.252486711884136,273.000546001092,411895
-4.738479108893235,7.390938965944416,260.00052000104,321925
3.462625239945465,10.078550092453636,232.000464000928,577606
3.688500268061113,9.959237602227764,285.00057000114,90611
3.231393866086941,10.109271521899776,281.00056200112397,98745
3.853690129993119,10.143589625140669,241.00048200096398,205806
9.160875006198,-5.0870584673634704,265.00053000106,127377
9.674389490211656,-5.004951010630762,251.00050200100398,355225
9.162725738418644,-4.6740962652446205,288.000576001152,255132
9.749011293964342,-4.946902497451605,234.000468000936,125091
-7.98991993062057,3.213740476931808,290.00058000116,303996
-7.484572803946931,3.1803477283326824,244.000488000976,536017
-8.05092490346257,3.41384001421018,266.000532001064,232973
-7.7713967758672515,3.5064268517078867,236.000472000944,532911
10.290620857445546,13.854608138250326,25.0000500001,655090
11.124769872457705,14.136798110531451,84.000168000336,685782
10.57931549724074,14.839340706374466,37.000074000148,808296
11.299414331670391,14.956083704801053,113.000226000452,857673
-6.608974959974907,5.329036275000945,252.00050400100798,588107
-5.919033996156937,5.26834274823599,246.000492000984,110025
-6.529592992588285,5.719145178325797,267.000534001068,362149
-6.276253477841703,5.586428958762407,270.00054000107997,295512
-7.311884135989366,4.750442325329887,278.000556001112,633791
-6.76042633816281,4.62239113032891,228.00045600091198,521874
-7.390775204177269,5.021820784471023,278.000556001112,45241
-6.85375278547926,5.107685359454925,250.000500001,127200
15.245441783997078,15.16860605603345,304.000608001216,813314
15.74588739349307,15.266349069790214,273.000546001092,697148
15.354811702183875,15.660681693275205,254.000508001016,838739
15.59303369290653,15.638037585048284,202.000404000808,720263
-1.28921528140011,8.480543705641344,238.000476000952,310259
-0.8924732882785534,8.519457067778166,229.00045800091598,252866
-1.340306686602528,8.65387069165848,281.00056200112397,581132
-1.014227550824194,8.73207207500646,285.00057000114,359255
13.01188605411068,5.002480366592561,109.00021800043599,511559
13.850740619313273,5.1718086610405685,42.000084000168,306349
13.079476549985692,5.401362483034193,80.00016000032,156446
14.292653120216524,5.665480702107009,27.000054000107998,518435
-10.3661850158187,-3.6169137015319497,280.00056000112,267024
-9.751412506540577,-3.7922606345132577,267.000534001068,25088
-10.380904262931814,-3.3731592072280274,235.00047000094,287595
-9.885932664304397,-3.3879361048708208,250.000500001,309112
12.518287115445489,19.08312905487305,281.00056200112397,789430
12.705861547103094,18.923339536735615,261.000522001044,845404
12.195438846249967,19.433177793177745,214.000428000856,855193
12.656423972616068,19.22805129787137,275.0005500011,809436
9.301785674014791,4.558765476567233,295.00059000118,90750
9.766257545104052,4.659134875470789,250.000500001,591190
9.398443725680927,4.843508613579775,264.000528001056,399960
9.844449342016471,4.939932678703571,221.000442000884,230369
5.402972049869496,6.040091959132005,261.000522001044,632351
6.017728745086513,6.305241177308875,276.000552001104,188547
5.751752822263891,6.70332507098893,221.000442000884,444963
5.794020838602484,6.420831247635692,272.000544001088,428745
12.196526345694064,16.589742727893043,227.00045400090798,857148
12.813710602825036,16.712407546648897,272.000544001088,756528
12.237276908686743,17.130032953156388,234.000468000936,733004
12.903828890779277,16.961017765774073,296.000592001184,769948
-2.9872518035650453,13.691756561588274,74.000148000296,224153
-2.5371858148140025,13.499016094788905,116.000232000464,142519
-3.3523789206206454,14.270941110686788,31.000062000124,443936
-2.7965321666330127,14.644967924060564,36.000072000144,16288
-4.128142904559633,9.90834158346918,277.000554001108,524417
-3.784972694372715,10.009062838522372,279.000558001116,15641
-4.3809575426282805,10.23568741055265,225.0004500009,372171
-3.8177429579346778,10.383722521645502,247.000494000988,59701
18.20756321338848,23.416653843275085,283.000566001132,719871
18.91398102947153,23.43263440260455,274.000548001096,824445
18.329242302323856,23.696945951402952,219.000438000876,782838
18.780146740876543,23.739516219001164,252.00050400100798,735971
22.333080119691186,24.38870731955827,128.000256000512,819919
22.883663228742925,24.23183572298496,69.000138000276,658456
22.65125985759503,24.98128454611692,43.000086000172,898180
22.9227341146012,25.038852738528472,17.000034000068,683784
3.1524106216936163,7.76203131522434,242.000484000968,633784
3.700724035062652,7.819292568858307,261.000522001044,490745
3.4693835971896165,8.161251565414995,240.00048000095998,181583
3.5788645886060944,8.13229780175268,283.000566001132,564159
-2.119032107113825,23.45937599758221,290.00058000116,934175
-1.714035916857304,23.46164704273785,226.000452000904,997862
-1.908612872831125,23.771234317709794,273.000546001092,953174
-1.6924933144618617,23.79981778139865,236.000472000944,928153
-6.342096936819418,-6.044428381926345,258.000516001032,330384
-6.230572224843302,-5.882986060164876,282.000564001128,292894
-6.574624359161628,-5.660617838471495,248.000496000992,358079
-6.223130649040087,-5.536169734629093,237.000474000948,479184
6.195966508109761,-5.295511436763928,263.000526001052,32825
6.840812386016493,-5.249951532386222,273.000546001092,353867
6.438365905991001,-4.751422949642253,248.000496000992,522718
6.718628027210878,-4.638443401696888,240.00048000095998,396377
-8.820028432545094,-6.646915866633704,226.000452000904,453410
-8.178802617591106,-6.499151865546975,269.000538001076,33394
-8.85760313727424,-6.196866384095824,246.000492000984,634823
-8.194306793858388,-6.173993140335976,282.000564001128,233432
16.80085607115737,14.337274765445253,289.000578001156,696221
17.224186235741115,14.536371554649625,253.00050600101198,734480
16.932259908884145,14.924055268618227,254.000508001016,698451
17.3983340460616,14.89139547226201,224.000448000896,768732
1.1469960575353635,24.311257360961868,230.00046000092,926374
1.4479133869322829,24.386127011151505,241.00048200096398,935547
0.9684187793951942,24.640777780571742,240.00048000095998,965726
1.5524322458234614,24.416047101131188,306.000612001224,985049
-8.007371343987218,6.997718982976821,241.00048200096398,169492
-7.5242737643731,6.999482879437775,291.000582001164,549023
-7.904236589018233,7.243202588248146,226.000452000904,473795
-7.772389356694526,7.21288004103581,259.00051800103597,181506
9.289034680462388,4.022536664546351,266.000532001064,191250
9.663688887408322,3.905742034642636,243.000486000972,605818
9.47237196207946,4.214612869097323,269.000538001076,126096
9.88968083282312,4.2697808766741305,236.000472000944,20213
-10.289605718450964,3.2473502013366256,236.000472000944,161429
-9.753531944612796,2.953369097841642,268.00053600107196,601348
-10.245799816061217,3.597798131115433,236.000472000944,649121
-9.842906810369394,3.336311431294857,274.000548001096,111942
-6.62697478014959,-9.0921877010162,220.00044000088,376331
-6.017875214154743,-8.894887106148019,245.00049000098,135874
-6.481927860174603,-8.374529374560266,284.000568001136,547275
-5.9510374112209865,-8.478757358817626,265.00053000106,349013
8.478087353352702,-11.585674185148116,58.000116000232,76446
9.715096823254353,-11.771212371934617,28.000056000112,450899
8.469752329831266,-10.963029885461228,100.0002000004,389829
9.773688519271598,-11.099172371411848,67.00013400026799,496486
-4.258696066724398,-7.260613962949665,290.00058000116,607257
-3.875715910312845,-7.346899877316358,252.00050400100798,105031
-4.117225823424499,-6.954030590069529,253.00050600101198,200300
-3.8435789569486607,-6.967824316975065,217.00043400086798,164762
10.014536177758952,2.3465907060797773,285.00057000114,161048
10.500253559868248,2.283387247124653,224.000448000896,362202
9.939447012451884,2.6633056898886496,241.00048200096398,270445
10.402886664423203,2.8039883914922377,261.000522001044,129515
6.242288918560769,8.379800817515575,260.00052000104,117118
6.611094126246095,8.349818628598385,254.000508001016,644091
6.483735180590284,8.89708799603456,261.000522001044,552229
6.614745721980663,8.904828739571276,234.000468000936,281372
-5.059562446461701,-1.1665263613853354,87.000174000348,329957
-3.7592316694227663,-1.081493772008881,35.00007000014,299443
-4.790924468407095,-0.1459172501619971,99.000198000396,517426
-4.378558099040458,-0.1272315922209327,31.000062000124,313996
17.72078947125967,23.561321971257343,277.000554001108,777890
18.08090271171645,23.467637129527574,283.000566001132,856506
17.60617971805644,24.01073953406909,218.00043600087199,779394
18.08591179010701,23.734122876403784,229.00045800091598,750035
-9.362356473455328,5.416180196446766,252.00050400100798,578630
-9.046720227704844,5.537777336758242,265.00053000106,442016
-9.5108382088726,5.628563195346256,228.00045600091198,552970
-9.05197266688258,5.753548799440711,262.000524001048,579421
-8.665321354168404,1.0459353723745746,269.000538001076,94416
-8.300675784376741,0.7646444073273588,238.000476000952,536142
-8.885661611454504,1.20389010182359,270.00054000107997,99854
-8.514618060066102,1.4184561433560312,229.00045800091598,582979
-11.168043529680077,0.98081143724088,243.000486000972,106890
-10.440234539175332,0.8356296558055197,250.000500001,265811
-10.932284874201388,1.1833746160835346,226.000452000904,635774
-10.4551061061366,1.1515928305138456,287.000574001148,264592
18.386093828667725,14.502683796065996,255.00051000102,889929
18.699988092903407,14.42853491101156,299.000598001196,888103
18.402702908647363,14.628904093811371,220.00044000088,796670
18.914542754299667,14.86107850441385,232.000464000928,851304
-4.825959600028459,-9.499513781756264,240.00048000095998,37604
-4.754741340329493,-9.842481065124815,229.00045800091598,95167
-4.873973912873387,-9.12376587515221,258.000516001032,321191
-4.439080319372016,-9.222741237067554,277.000554001108,80452
-2.866000193251008,-8.24955714701475,263.000526001052,283912
-2.4312111998788533,-8.338954848901281,250.000500001,117935
-2.606493309709098,-7.775530146961065,252.00050400100798,225961
-2.198144164242359,-7.612505623605328,238.000476000952,136029
3.9569493634396258,-7.2503415979807535,278.000556001112,260737
4.565881838805542,-7.4505888625212195,255.00051000102,543545
4.118205311224727,-7.18357563724991,234.000468000936,141811
4.402093950395412,-7.082675365214849,236.000472000944,330842
-10.888612540884148,0.0091354470338756,232.000464000928,474778
-10.770962032735872,0.152660915720452,265.00053000106,422619
-11.043665615096842,0.42390227154193,243.000486000972,283852
-10.621097712923447,0.6847876444712642,261.000522001044,644654
-5.621596311559874,5.956814074059437,230.00046000092,341519
-5.276278525910721,6.087572647809021,250.000500001,163626
-5.586654956669945,6.531931024822841,271.000542001084,192221
-5.312028244100645,6.438668782187545,250.000500001,266265
7.73817933733868,-7.304315785064903,245.00049000098,597942
8.385887717978695,-7.472739628952205,247.000494000988,472020
7.854238448849232,-7.127471557067447,258.000516001032,426407
8.377050851916934,-6.942013179869728,251.00050200100398,114682
14.62474739907922,16.598823286639664,304.000608001216,890742
15.141948622300626,16.775393760858513,201.000402000804,665246
14.725211105122304,16.934267944376785,277.000554001108,653903
14.819937352469722,17.20701063592256,216.00043200086398,704007
-1.2467497668788496,19.57296446452797,214.000428000856,917802
-0.7499542505028038,19.562900775591054,212.000424000848,953379
-1.1005230083845938,20.208500944712533,292.00058400116797,909499
-0.9821973504605606,19.949581693073323,279.000558001116,910914
7.803949615675947,2.3059988318507743,249.000498000996,444981
8.377784996973656,2.315910173501915,263.000526001052,603299
7.649942107605349,2.86251118238497,223.000446000892,415447
8.335622342722935,2.815027262174162,261.000522001044,372360
20.498972301266964,22.6587783037556,274.000548001096,852788
21.064082646949984,22.51732043051283,253.00050600101198,659119
20.786523345324323,23.19394073436515,241.00048200096398,885968
21.00438053912129,23.16900814009663,228.00045600091198,766755
2.631345879516973,7.531396133725222,225.0004500009,341032
2.788019447619708,7.735348865648382,237.000474000948,454915
2.573024799866527,7.89216838546895,273.000546001092,45339
2.954673736276447,8.009128311788992,260.00052000104,436257
-10.19569938128829,-4.248354785365291,233.000466000932,394630
-10.024600711691944,-4.331335781984275,251.00050200100398,266290
-10.189980348751783,-3.839594897269332,221.000442000884,556625
-9.912306180120304,-4.002399651316682,288.000576001152,474836
-5.855966575733245,-6.50906198200562,257.00051400102797,7399
-5.167390010692203,-6.593815474708661,266.000532001064,85492
-5.748970429965347,-6.27130829735536,230.00046000092,604716
-5.286704660082061,-6.331855559519728,240.00048000095998,432449
2.386850529319372,13.545554383748472,84.000168000336,425182
3.4420190418922605,14.001127413676237,85.00017000033999,243121
2.892857980359336,14.60061705347024,48.000096000192,400076
3.289999216843806,14.402287979068264,31.000062000124,46275
7.920848312689046,6.919207000452893,243.000486000972,334353
8.191624860583204,7.008943982025548,267.000534001068,531600
7.816700423174333,7.370014242791565,237.000474000948,494093
8.352065488452233,7.339573416920456,244.000488000976,217624
-10.077963717001138,4.028553909075402,218.00043600087199,115783
-9.819421229028274,4.037047352813432,284.000568001136,6875
-10.38007223637556,4.186335185651496,205.00041000081998,201328
-9.67143217221197,4.4084704184418015,282.000564001128,97293
7.252941604485535,-4.209491274782836,238.000476000952,301232
7.271958892870504,-4.436128607442616,288.000576001152,224737
6.989512763919311,-4.07668824625483,227.00045400090798,49731
7.375854295378517,-3.9617754726723753,236.000472000944,313835
16.767764256407858,23.54391208585424,264.000528001056,709609
17.390162443711706,23.52647003397134,275.0005500011,773921
16.899601301771686,23.72154805948142,225.0004500009,806328
17.291323924403493,23.81510802108332,225.0004500009,893893
-1.3543347275914004,24.02390263139703,245.00049000098,995742
-0.7059776525310616,24.01870599563889,198.000396000792,901623
-1.098784301367608,24.40107047135772,294.00058800117597,950616
-1.009760936720632,24.658181576787214,250.000500001,933341
13.891562136785357,21.760177196132275,230.00046000092,830935
14.184061534615717,21.89325473051722,292.00058400116797,715174
13.991557369841347,22.2521735867587,216.00043200086398,849397
14.167826706337143,22.480943476331568,248.000496000992,819952
-7.880450470713728,-2.9502702272729464,244.000488000976,602058
-7.516694226937387,-2.9483662295645696,245.00049000098,62023
-8.068847365923967,-2.6918156606117,260.00052000104,406071
-7.44132208298991,-2.3923939284671154,237.000474000948,344643
-0.5865235186998781,-9.037659487867604,249.000498000996,631678
-0.1755179920361807,-8.959898360582223,268.00053600107196,189768
-0.4243646628065738,-8.421417985437522,247.000494000988,63448
-0.1727312121492806,-8.554039176931022,221.000442000884,319536
7.1793892770823176,-8.048249199509492,249.000498000996,599993
7.390936812437833,-7.985679821478231,231.000462000924,459051
6.908981964600998,-7.942962322672881,256.000512001024,245723
7.464257957098653,-7.8643385102687855,248.000496000992,551086
0.1688220425287377,10.518198118900976,257.00051400102797,637249
0.6490758805658462,10.549962552589683,265.00053000106,561544
0.3933335314972127,10.910840743229366,212.000424000848,260702
0.7391053000835363,11.153339174586447,249.000498000996,180710
0.4320615389867491,21.171892517034436,288.000576001152,946034
0.6650910667412887,21.23016163633845,270.00054000107997,944382
0.3261689606678136,21.45067393594907,195.00039000078,936413
0.6397084176925746,21.61562433867837,229.00045800091598,973308
4.714913679752684,-9.495035110821654,211.000422000844,536350
5.06028225982659,-9.81798239079033,257.00051400102797,323538
4.791809571156891,-9.320549151198213,271.000542001084,41428
5.270467276511067,-9.113050383583976,242.000484000968,370544
-3.27343955595007,22.030992097274588,195.00039000078,957268
-2.9150952533700445,22.01874548483071,280.00056000112,924114
-3.631179813399767,22.15268151082254,228.00045600091198,985645
-3.0688234914569392,22.38563548908026,277.000554001108,939858
7.972421214607485,-2.774253064207862,220.00044000088,214512
8.14929499209981,-2.698638394718756,275.0005500011,441930
7.685366202097657,-2.4718048551338097,243.000486000972,185208
8.124872282253222,-2.36171841444102,242.000484000968,572436
-2.0432243990396826,22.78746275376319,282.000564001128,943188
-1.4107855434186634,22.51301762475686,213.000426000852,927967
-1.7888232919576303,23.25233104768283,281.00056200112397,959970
-1.4084161665698485,22.89921796885721,203.000406000812,956237
5.42500263401006,21.029983977310263,21.000042000084,920041
5.572001908234091,23.866774499339872,40.00008000016,936097
10.085200716106543,3.002880177789403,267.000534001068,377104
10.411413946768038,3.1434268127685,234.000468000936,365282
10.22654472015376,3.621749414285336,245.00049000098,556849
10.522200198572818,3.3440776348008323,230.00046000092,422223
8.597070018250193,-6.60766607287597,250.000500001,417282
8.963959375522673,-6.517906122453819,228.00045600091198,131773
8.65657368612172,-6.403724093815705,249.000498000996,458058
9.117343679319346,-6.168263531606355,248.000496000992,6186
4.086735681386065,9.72761891532256,274.000548001096,81650
4.606316057869735,9.858841504865902,249.000498000996,571833
3.933330659113744,10.337438865213509,244.000488000976,265697
4.344808967475229,10.348005702585423,208.000416000832,631577
17.588084679045014,14.331872636249736,268.00053600107196,835814
17.826618615326947,14.601028883299698,266.000532001064,898708
17.47713030756216,14.66540409065346,211.000422000844,837858
17.804964355268417,14.69796306833528,230.00046000092,679350
-10.84851368218119,-0.5828706245211507,210.00042000084,337056
-10.621011415850637,-0.6347533535694504,282.000564001128,368588
-10.8331760851843,-0.1496254851139805,223.000446000892,590178
-10.752980408314947,-0.1694479407264363,258.000516001032,128359
-1.2415294601063218,21.199899581431826,286.000572001144,936087
-0.8846761375374429,21.170224138114964,242.000484000968,993575
-1.3838478302051054,21.581390459560485,247.000494000988,908325
-0.7595406055849496,21.44070031350659,198.000396000792,956588
17.007875477377706,11.990494515115078,212.000424000848,828671
17.323928085704516,12.281671564477053,220.00044000088,875039
16.76425550608438,12.52184546872862,256.000512001024,785550
17.299099734105592,12.413222916419343,285.00057000114,842623
-10.899662657467315,-1.3325869029620696,218.00043600087199,111361
-10.631609624062476,-1.461937728656422,254.000508001016,391296
-11.04650852398563,-1.035587172437722,227.00045400090798,159674
-10.517108458240246,-0.9894394433805116,272.000544001088,183801
1.175104484097598,10.478053899444957,248.000496000992,188478
1.3709175000280611,10.49673215481695,255.00051000102,229819
0.9932255391693522,11.171191850584746,230.00046000092,334432
1.3019428759572609,11.148311640123568,238.000476000952,119922
-5.711156992626973,-9.543663578773415,208.000416000832,408035
-5.223773512978351,-9.504774332723215,240.00048000095998,592391
-5.5443626440649165,-9.36477678016088,225.0004500009,610529
-5.184186208150968,-9.24789040163274,297.000594001188,118022
12.169862964079767,19.75732580877291,215.00043000086,826919
12.682964714773684,19.50429395458909,283.000566001132,839119
12.505199544819906,20.22256550620093,215.00043000086,763588
12.803447183433498,20.13444315875552,257.00051400102797,723464
-2.0028636857789355,25.76156464574599,241.00048200096398,939403
-1.530082333698959,25.63914660566597,269.000538001076,901068
-1.769556122680063,25.950220242577355,203.000406000812,933294
-1.7429254317122742,26.08058944463002,256.000512001024,985163
20.49857021638379,12.771651331664486,255.00051000102,788526
20.95279215955859,12.996497734036682,221.000442000884,841077
20.58678402805043,13.22506797164414,267.000534001068,778416
20.925239013384736,13.179438087451206,226.000452000904,677295
-10.861443200967164,1.5510605749815805,218.00043600087199,139547
-10.730567339091866,1.6964017857808358,257.00051400102797,268182
-10.817630550804338,1.878399862218998,235.00047000094,477891
-10.71662484555909,1.974328186907353,258.000516001032,73458
4.147233995951678,6.765843205895347,203.000406000812,108743
4.324292174081929,6.968686620936546,260.00052000104,364922
3.913956245387323,7.214786668037534,245.00049000098,335690
4.285391805921622,7.308406478154084,260.00052000104,647509
0.9912380946001268,19.6966442331352,210.00042000084,990312
1.558641223803336,19.518338002912564,190.00038000076,980781
0.9346962767931676,20.09286242245181,302.000604001208,904165
1.3441527852029758,20.214384945761168,261.000522001044,955169
18.451222347527324,21.08726174188728,191.000382000764,664731
18.58133415169023,21.12375408250944,230.00046000092,784049
18.20088661126393,21.515307559829225,261.000522001044,819279
18.88436751536371,21.745622241671008,281.00056200112397,861513
20.04041122376642,20.56702836688642,182.00036400072798,875977
20.33027368498729,20.414282117020043,252.00050400100798,800223
19.93515133754458,20.805009000746367,233.000466000932,714111
20.105007474402527,20.935798413810083,296.000592001184,719291
-4.191775079693089,-10.48570785928298,240.00048000095998,32808
-3.957881445382631,-10.322129187616838,200.0004000008,249351
-4.351933678790767,-10.10456828586289,248.000496000992,572083
-3.7133088568397774,-10.017525356734373,274.000548001096,44781
10.237884750197749,-3.660780744212816,250.000500001,54260
10.52180325902266,-3.5905886103187274,216.00043200086398,304754
9.93067033432567,-3.136209634466184,258.000516001032,349705
10.610318997750394,-3.073680163594573,238.000476000952,384435
9.446900034330818,5.410132081453733,242.000484000968,19791
9.868649964081785,5.385302544469973,239.00047800095598,644313
9.496526639847808,5.745318399908657,258.000516001032,411173
9.881983350273162,5.643767133595197,222.000444000888,166030
4.908513216004957,-6.607312050518114,242.000484000968,167016
5.372829741253418,-6.685352597423485,245.00049000098,216195
4.683027136506679,-6.266422335783899,210.00042000084,554022
5.178375935584128,-6.161360640111127,263.000526001052,59580
-3.300229187168799,-10.42290044017312,229.00045800091598,258863
-3.112379924543877,-10.2381117535898,242.000484000968,244477
-3.4731389237671064,-9.904864601274744,232.000464000928,39893
-2.9613775005279592,-9.93616518213606,255.00051000102,479459
17.57401774317268,12.34586755364487,220.00044000088,887047
18.084476795414105,12.021437465129832,232.000464000928,688850
17.551017767600246,12.579343130230296,245.00049000098,781802
17.929874041410017,12.648595683919776,261.000522001044,846766
13.98890840558244,13.821533118591116,197.000394000788,829217
14.105812044550053,13.708507459756134,246.000492000984,779434
13.956291146793744,14.168115226061335,244.000488000976,789336
14.148342833844438,14.088556476369078,270.00054000107997,671689
17.442321920683067,25.75058722275209,100.0002000004,750240
18.58136991361576,25.592557179135493,90.00018000036,757604
17.93144680969376,26.65218412395777,24.000048000096,751417
18.6187769684022,26.30867858800223,25.0000500001,714319
8.568837875866535,6.184650363555921,255.00051000102,414039
8.784854042980434,6.152886518476787,230.00046000092,94298
8.722491631078162,6.358994737830733,236.000472000944,647114
8.786315992089264,6.705373698071031,234.000468000936,216906
-0.556066619866035,10.655641363397624,261.000522001044,609364
0.0878806095951508,10.764679557666136,244.000488000976,156714
-0.370106571902454,10.913931162604436,224.000448000896,246469
-0.2493613110730769,10.913761740753186,225.0004500009,235652
3.227461248893065,-10.30035126239016,223.000446000892,576228
3.5660287318642747,-10.3547495219722,219.000438000876,614274
3.2967079744776813,-9.968571257540972,258.000516001032,137889
3.62286595584817,-9.968768408725891,253.00050600101198,99530
14.525506340047407,17.252887622020907,268.00053600107196,794772
14.99807113939891,17.31196158529275,239.00047800095598,850095
14.774121634169967,17.628026588795585,231.000462000924,888403
15.026286288136042,17.866466523485332,215.00043000086,849719
-7.835075840927284,12.16645043889559,60.000120000239995,50514
-7.090752698934198,12.155003292616692,104.000208000416,173893
-7.654587688614834,12.831775289012334,25.0000500001,308812
-7.321912036099038,13.123966125706296,49.000098000196,455300
17.608207227340802,21.092468962043725,221.000442000884,703586
18.17069367696588,21.34652259938782,191.000382000764,836153
17.793590522744402,21.50943904133326,278.000556001112,731579
17.938818027211237,21.476601329982103,262.000524001048,844547
7.977433453507249,-1.3462383487064618,237.000474000948,256626
8.367720250908086,-1.264942117262633,251.00050200100398,184898
7.807360495604295,-1.1270813480363864,225.0004500009,46289
8.050215933734746,-1.093642615657914,238.000476000952,470343
-2.721020446806449,20.559364686511987,174.000348000696,969291
-2.406694069525685,20.52320709898197,261.000522001044,916474
-2.838699085195138,20.98392477967413,221.000442000884,934548
-2.3892083641022364,20.734783886281548,288.000576001152,900281
13.181558691338353,14.312586570104193,203.000406000812,688735
13.634465893839955,14.57510436934547,265.00053000106,888811
13.220473935621827,14.811774998466609,235.00047000094,741617
13.634476569840082,14.692443607925613,240.00048000095998,725447
-2.5263607119026026,7.545417352726976,233.000466000932,605412
-2.3016338229898827,7.726640268032461,221.000442000884,200187
-2.8961763118496617,8.02668729954448,239.00047800095598,641115
-2.214385879615305,8.103101212774396,250.000500001,38914
1.880250854461742,10.683579296072969,276.000552001104,102304
2.089250615070623,10.722085613982305,228.00045600091198,504838
1.97141618876829,11.219668114853416,240.00048000095998,196239
2.286686084897388,11.195644370944374,197.000394000788,156483
-8.060188130935805,7.739407917875947,220.00044000088,341616
-7.5024572778669665,7.5361190500856,261.000522001044,615508
-8.099380915605115,8.122916400847028,210.00042000084,346384
-7.441821787512316,7.989679852643372,250.000500001,376292
-5.701185666558964,9.283906342160478,219.000438000876,155794
-5.160809686649074,9.222447552197554,252.00050400100798,457684
-5.784815496519826,9.392847724025144,232.000464000928,585218
-5.289077948570149,9.501871798149606,238.000476000952,486221
20.72852778214652,19.636417744766515,210.00042000084,832377
21.00888089583378,19.80207030900216,240.00048000095998,691444
20.535638923640125,20.033657277651866,220.00044000088,707539
21.03151533845432,19.92248226531132,271.000542001084,727446
14.738931379758824,12.974547344845536,198.000396000792,731307
15.047911613800688,12.732223711190404,220.00044000088,874016
14.563059846468454,13.20424407282885,255.00051000102,726894
14.967271057666286,13.389675603772726,267.000534001068,806743
7.800203040867901,-2.205372493713168,234.000468000936,88402
8.085940084251327,-2.1472245292340784,240.00048000095998,80355
7.760371645076346,-1.5727782471677576,218.00043600087199,171076
8.1003923963753,-1.7166572269583806,247.000494000988,309259
20.48735290212696,15.780839901499592,220.00044000088,893425
20.919114160224822,15.76351943208591,236.000472000944,868358
20.785674131701366,16.195262162468246,225.0004500009,813394
21.042882381147464,16.274027721448302,256.000512001024,847302
7.140161224491194,3.794007695198329,215.00043000086,235123
7.3707901096148465,3.986953526796993,247.000494000988,510279
6.930606947642596,4.086211213476009,225.0004500009,183706
7.389555693251334,4.290746573151766,249.000498000996,42397
5.495447513053831,9.184535704439936,287.000574001148,451365
5.898856769974412,9.029934837288849,229.00045800091598,347955
5.7293313493888975,9.686401359770947,196.000392000784,496547
5.923394882697798,9.449623877359524,224.000448000896,267662
22.992885289873747,20.59988165860875,284.000568001136,721500
23.06714136119661,20.281874143780115,216.00043200086398,743050
22.87910947001433,20.697677035434445,233.000466000932,729588
23.305193933602272,20.64868617666614,203.000406000812,772044
6.508309193530816,-8.986785549519801,242.000484000968,648901
6.626981547828776,-8.878723846537945,192.000384000768,645933
6.1482173852521855,-8.398609885497564,248.000496000992,548044
6.758831427957232,-8.348701385056419,253.00050600101198,517010
-7.105119955659996,-4.347930202468437,253.00050600101198,545901
-6.948478452761097,-4.264305235986644,221.000442000884,466031
-7.1386785630715766,-3.8304600345971047,232.000464000928,448830
-6.854509897912073,-4.132601931946914,229.00045800091598,540729
-7.948921147612577,-8.064647316929225,229.00045800091598,335843
-7.525029847774408,-8.113619080535969,219.000438000876,383151
-8.136974364432847,-7.710160247752375,241.00048200096398,424708
-7.526679811237526,-7.76191939148855,245.00049000098,593934
22.85287855355639,15.333433579919946,249.000498000996,880605
23.299906560447997,15.12741169791096,186.000372000744,805150
22.761756772467947,15.39553660097626,269.000538001076,726380
23.159912207801742,15.391155915250575,229.00045800091598,774613
19.844881701592108,15.214642994276264,222.000444000888,731320
20.121985322079052,15.10903529954196,273.000546001092,709738
20.05222315871769,15.727170919886078,200.0004000008,718253
20.13421109029792,15.552719796416996,238.000476000952,715308
10.738374587272984,-1.3165601301816243,258.000516001032,84649
11.141301320996895,-1.3703073073251946,191.000382000764,408212
10.794472688695173,-1.0503523742053928,258.000516001032,30139
11.17753344787778,-0.9034231361968516,225.0004500009,99522
-7.338461826639738,-8.289249015899285,190.00038000076,532642
-6.676609903524829,-8.315695068152115,255.00051000102,292980
-7.389082357993244,-7.655225063616461,243.000486000972,52162
-6.764907028865437,-7.924516530358153,244.000488000976,209110
0.3284595641007126,-11.191505922818369,241.00048200096398,357625
0.6561823980755505,-11.01158645967649,203.000406000812,513253
0.4468566895466214,-10.742553892378556,255.00051000102,456837
0.6320306660878917,-10.924535091653414,232.000464000928,256620
5.6629101431904525,-9.69162968399772,232.000464000928,437773
5.873592077647356,-9.560767627436023,205.00041000081998,360717
5.465398871165517,-9.278555609482757,237.000474000948,413777
6.07925979312334,-9.13140410888263,255.00051000102,266090
14.704542167943355,18.8257892316539,245.00049000098,710996
14.87534919404758,18.83060746644637,204.00040800081598,702512
14.740621518004456,19.19912430879973,276.000552001104,660728
14.798769042802428,19.401426609648567,203.000406000812,803604
23.560808601985663,18.22189730314102,249.000498000996,689632
23.87553298024953,18.345119267530293,220.00044000088,723322
23.666462180290456,18.456182526707316,231.000462000924,659925
24.06817897528827,18.44749240425709,227.00045400090798,898829
7.678874553480141,1.7345065686288388,224.000448000896,6675
8.28541088811561,1.816252133003058,244.000488000976,152893
7.887503350924447,1.9775885722410496,222.000444000888,370844
8.09967947628254,2.0052051606624937,235.00047000094,531428
-10.868217863251765,-1.9658527677529056,208.000416000832,337592
-10.448603840599484,-2.083897321812899,246.000492000984,150030
-10.950923543522958,-1.6724686292021425,222.000444000888,394898
-10.530985915014831,-1.7728740325947383,248.000496000992,53519
-4.235190605974909,6.8272963817338495,228.00045600091198,606022
-3.859764323643155,6.787413734154692,231.000462000924,435770
-4.327587820048522,7.435931233178422,225.0004500009,555958
-3.835489911207471,7.29573590646093,239.00047800095598,254245
13.14244914465025,21.112001751473677,218.00043600087199,666878
13.298247582825676,21.21547523090505,257.00051400102797,792962
13.170374657060758,21.453235353406324,200.0004000008,864685
13.57140507099044,21.439868397364208,246.000492000984,867417
6.347598276223082,4.743900535500697,201.000402000804,547033
6.790616248461046,4.7596858848353145,268.00053600107196,194676
6.260285575147396,5.094069287083993,201.000402000804,518978
6.842894589632276,4.86144184481231,251.00050200100398,201818
10.114545464321694,3.898198981439948,248.000496000992,232692
10.280492164565912,4.035111733760186,246.000492000984,530574
9.997662570837193,4.34121607520214,222.000444000888,293808
10.371548533070104,4.3805518035584985,205.00041000081998,613158
16.464922175817915,9.587292882554877,23.000046000092,750882
16.873507487235777,9.532071727377462,33.000066000132,779475
16.15762964301215,10.02020657600707,61.000122000244,894143
17.40213465111704,10.38132903201662,113.000226000452,790367
-11.172926883215268,-2.7148564732105296,215.00043000086,368473
-10.739634929750444,-3.065173341317827,268.00053600107196,229145
-11.070686561346204,-2.380348534844855,206.00041200082399,17903
-10.689461350960004,-2.622952748518969,229.00045800091598,94609
-2.8096413668737745,10.55585284626156,240.00048000095998,289160
-2.1661618897279604,10.561386544529158,245.00049000098,458195
-2.7113754460335056,10.977405440435929,204.00040800081598,135649
-2.467354894224875,10.86970953913829,229.00045800091598,319412
-1.9591717864638012,-8.163138395376333,217.00043400086798,317361
-1.4152614269247703,-7.969450489751849,272.000544001088,186995
-2.1427883685354696,-7.844833885335722,226.000452000904,558539
-1.4967950002816974,-7.625284265910438,203.000406000812,562853
0.9812533599319728,-11.158039249783362,235.00047000094,247988
1.5294859340436464,-11.051666943199493,214.000428000856,415002
1.1211206160491136,-10.970029938916982,252.00050400100798,385847
1.5404926660346747,-10.674296225356638,217.00043400086798,385343
5.452665586720928,5.225248991958903,207.000414000828,540937
5.781327888717488,5.320356144614369,211.000422000844,622299
5.475410286466654,5.8200301483911385,244.000488000976,594483
5.905252464356055,5.602637589785733,256.000512001024,530280
-0.3507590091251115,-11.004145478552816,203.000406000812,411868
-0.0840774260340678,-11.256478445379717,216.00043200086398,508384
-0.5935206082371857,-10.664630332060243,242.000484000968,511634
0.1062165807150691,-10.615630622930452,256.000512001024,260166
-1.2238892846989031,10.84586652034908,256.000512001024,645331
-0.7711622969726104,10.812731197906114,250.000500001,298236
-1.211974071757599,10.9273872705263,193.00038600077198,11672
-0.9062064171415792,11.132197409342346,218.00043600087199,30407
-5.146172826355818,-6.552192303248042,234.000468000936,585090
-4.502813019084908,-6.517477320127296,258.000516001032,523452
-5.100919279586626,-6.384674250842233,229.00045800091598,649313
-4.745190074284542,-6.4317209186426325,195.00039000078,115820
-1.0843755976847125,-11.29878253910267,208.000416000832,423403
-0.6828928231325517,-11.289233994843784,231.000462000924,203115
-1.1127317052850778,-10.613381425794458,227.00045400090798,554894
-0.9550133918025344,-10.738378420894488,250.000500001,36249
10.750143952204573,0.255580614818595,255.00051000102,83280
11.040040292623408,0.1176822579195087,226.000452000904,177551
10.827063520429158,0.3843633714084143,216.00043200086398,482533
11.183119842769369,0.4325880468949319,218.00043600087199,377226
-9.403980868421469,-6.005996467667402,229.00045800091598,179007
-9.042562388026225,-5.935415542674052,226.000452000904,430912
-9.554588616164034,-5.592196841472153,229.00045800091598,569874
-9.22257209747341,-5.584241233224164,230.00046000092,194747
11.020873546554094,0.9487087460989344,244.000488000976,380458
11.177995374637169,0.9402446388099768,201.000402000804,144767
11.005219647191444,1.3367119485431345,246.000492000984,31883
11.324757588770622,1.4238354345770603,222.000444000888,198500
-4.564258947093305,0.4731904155902009,67.00013400026799,550997
-4.230520438125641,0.0251270995637005,29.000058000116,395832
-4.417517938912511,1.0904151122418908,91.00018200036399,350852
-4.3060261044289305,0.9621560431653476,41.000082000164,504656
19.26632746063408,23.494758907429716,269.000538001076,708106
19.45021508923155,23.330054176608936,231.000462000924,652871
19.252991841495643,23.966677122949104,221.000442000884,830460
19.372767926718183,23.67866293007777,190.00038000076,880999
-3.2805251555931902,-14.878144821623252,35.00007000014,507983
-2.543938819764328,-14.444932024983194,41.000082000164,427368
-3.420531422563956,-13.865417994248777,71.000142000284,701
-2.663007745906675,-14.126700369298424,80.00016000032,51570
12.387566070164524,15.755239008800483,203.000406000812,672082
12.897002930483229,16.08450202828173,254.000508001016,679357
12.37498492622817,16.31998914775009,207.000414000828,692877
12.573940257499276,16.308204727260417,244.000488000976,877621
19.041006651450704,12.202475874110975,229.00045800091598,721705
19.383505372537908,12.08066716214132,185.00037000074,777475
19.04560559641027,12.529501017586252,280.00056000112,695052
19.411929639766655,12.706401354284871,213.000426000852,696990
-7.2363582754967055,8.259853607987967,242.000484000968,352312
-6.875404136099864,8.378341256852364,237.000474000948,208402
-7.276689124546997,8.869018265774608,209.000418000836,433644
-6.712126046731367,8.62423133256057,216.00043200086398,2902
11.522068028998865,-8.352886389203595,71.000142000284,126234
12.636881130805682,-8.564885247500886,30.000060000119998,242367
11.487150949653678,-8.150143315982936,81.000162000324,207061
12.794398641016697,-8.24959295246064,44.000088000176,517912
-8.580284241539974,7.023568597750533,197.000394000788,348677
-8.52195460128725,6.948441123864369,257.00051400102797,479833
-8.754669843204365,7.307483148066925,235.00047000094,351779
-8.482925157922429,7.24398866065951,211.000422000844,333403
-8.779379720001417,-7.573875065104621,194.00038800077598,221871
-8.28949094006332,-7.437787312023876,214.000428000856,606996
-8.744533017763443,-6.878887451429975,220.00044000088,131900
-8.335189128481119,-7.041127062935937,270.00054000107997,187134
16.11806510558578,23.543151530714024,235.00047000094,681165
16.402385005643815,23.346284510784,272.000544001088,871922
15.96095997564108,23.92125593851624,198.000396000792,702644
16.649557388334586,23.732748837312904,192.000384000768,878750
-7.261150697191061,4.053275527203944,235.00047000094,20697
-6.971534205597674,3.880990846403803,192.000384000768,460439
-7.326830846932995,4.194937427411299,247.000494000988,637062
-6.72606882389373,4.386820617474556,223.000446000892,571918
2.6588706416913626,25.03572010813903,266.000532001064,982201
2.9434011214553046,24.99292781100416,230.00046000092,921488
2.711265437457909,25.15650394353845,234.000468000936,972207
2.7953773379704674,25.284289156310955,167.000334000668,924886
-10.335574526794272,4.656195946803391,211.000422000844,444361
-9.82741113403523,4.502179235585874,247.000494000988,264804
-10.2055321455955,4.892836331967327,200.0004000008,188144
-9.923944625456228,4.915467255436062,237.000474000948,223788
3.3920357559272016,-7.237444392696155,229.00045800091598,438657
3.540903042557278,-7.21683997480779,237.000474000948,468644
3.329690502805972,-6.956014776148087,216.00043200086398,496745
3.8281504405375353,-6.861015299271791,213.000426000852,105239
-2.0105639846580656,7.569801007864539,234.000468000936,17854
-1.753184045588814,7.701592283118851,200.0004000008,637956
-1.7684954125050916,8.148895600844945,220.00044000088,373707
-1.6472147271613369,7.841819522416431,239.00047800095598,616979
5.688109136766148,-5.784074627090151,260.00052000104,8409
5.757857763680156,-5.787301122437401,241.00048200096398,154602
5.623370012549407,-5.362508981128228,195.00039000078,632896
5.951280381142123,-5.3884756823046045,197.000394000788,473494
14.561572173502189,18.23638383336137,241.00048200096398,783754
15.011239067751418,18.32056989790242,205.00041000081998,822365
14.755339764031984,18.73838939021345,248.000496000992,693622
15.130719360167555,18.535665121469098,199.000398000796,761640
23.51307696087749,17.55717960506808,252.00050400100798,702195
23.966506524018847,17.29905085764574,210.00042000084,788577
23.62521652293575,17.98652385434694,232.000464000928,754970
24.08630706342661,17.749292972102634,198.000396000792,823998
16.248710972395788,15.097457457330377,276.000552001104,781312
16.607486724054098,15.229929407734392,225.0004500009,842916
16.043284446664074,15.470807440336234,194.00038800077598,867543
16.626694533318272,15.55816474704764,197.000394000788,864599
1.1845632906718109,-8.112246500790581,248.000496000992,164879
1.4758781141238284,-8.01527407093232,219.000438000876,638723
1.0498088718427132,-7.685018462428838,206.00041200082399,391839
1.398501172510997,-7.768157845806501,219.000438000876,370288
1.0081010624313016,7.600070593009436,208.000416000832,591411
1.5368596331050708,7.517799706876951,230.00046000092,122593
1.010810276152161,7.9927583764582275,217.00043400086798,557881
1.382445726658732,7.931137525488957,236.000472000944,3716
3.3284337700218143,22.68275130983696,251.00050200100398,900830
3.639937995689819,22.551235627318327,210.00042000084,943076
3.278062031925226,23.20880516143909,234.000468000936,979842
3.763603342314741,23.120403997696197,195.00039000078,907055
-7.78868563699652,2.306214344833723,214.000428000856,518981
-7.469154850028612,2.504146776187108,232.000464000928,555280
-8.069493466492126,2.7000249720624416,250.000500001,258510
-7.418967138159589,2.6653008003751903,194.00038800077598,82816
6.947522580685453,-3.5599159782508565,200.0004000008,272345
7.342086500682004,-3.4679867787520235,246.000492000984,520876
7.156256281329909,-3.317510138546516,197.000394000788,385575
7.46216947448223,-3.126774536139172,245.00049000098,74533
-1.051822301833899,-8.318464056292749,254.000508001016,599432
-0.974122500727367,-8.12498580162835,216.00043200086398,144369
-1.127788303329851,-7.891010344005947,201.000402000804,260486
-0.8995256626219387,-7.822573972000377,216.00043200086398,30957
-7.326755989241743,-3.618700115438627,240.00048000095998,611208
-7.01188179075201,-3.620357141215083,234.000468000936,599423
-7.352209134455925,-3.270670494492137,210.00042000084,243072
-6.849194692298736,-3.3788434967654943,202.000404000808,190165
-7.093446505761386,-8.994260878195155,197.000394000788,141357
-6.832383808313046,-8.919043027256857,220.00044000088,265485
-7.294064500090325,-8.626075338962035,211.000422000844,524683
-6.900075623838642,-8.465775867926002,257.00051400102797,411463
-8.12099344270417,1.661140540955366,237.000474000948,449761
-7.517700570506951,1.5882777642941377,200.0004000008,201863
-8.054847113384035,2.1426346587566254,239.00047800095598,410574
-7.650491578985672,1.9386752930665616,209.000418000836,201041
10.903571961659251,-0.5534494552880641,226.000452000904,439121
11.155537623947495,-0.6007338305695209,202.000404000808,355736
11.015451071128052,-0.1869976562937473,279.000558001116,279881
11.35828833599204,-0.2286277179403786,177.000354000708,211711
-10.09000011741302,-5.190423500273875,196.000392000784,1480
-9.90941227960546,-5.078871035545754,224.000448000896,344311
-10.292648817043396,-4.733880744764792,230.00046000092,567139
-10.043356840056898,-4.5831871133361135,234.000468000936,297809
14.499552702197208,22.786117887571976,257.00051400102797,713463
14.798065789716052,22.79037785442012,251.00050200100398,658314
14.528784714303114,22.969559748261744,178.000356000712,711921
14.933392550719132,23.000047112886275,198.000396000792,812152
-1.7855267084232345,10.624749375640304,230.00046000092,144606
-1.669392079720513,10.55171097038902,226.000452000904,16713
-2.0494939563908514,11.00980874682124,215.00043000086,624400
-1.6816315715166494,11.110730759617311,212.000424000848,339577
7.797043174416991,0.0884839050494597,195.00039000078,158515
8.090388811147601,0.2319138930123155,250.000500001,391453
7.769531109801855,0.4745651342042407,216.00043200086398,165251
8.214035247938643,0.4120750369210589,222.000444000888,432627
1.645465364858597,-8.1210955046154,214.000428000856,182511
2.1703857806343136,-8.233509312284832,251.00050200100398,94444
1.905496606606199,-7.599423781340041,198.000396000792,149893
2.2203139800647342,-7.788251702754917,218.00043600087199,210367
6.940187028772356,8.406980174994427,247.000494000988,429138
7.411509177065411,8.230226055835534,219.000438000876,643327
6.963656247764498,8.943708417435108,213.000426000852,400821
7.35652424687371,8.591850200539696,200.0004000008,246012
10.25457020188294,-4.493536824175669,229.00045800091598,645035
10.630083474649206,-4.454613571304245,197.000394000788,139765
10.089906277737455,-4.163213933510613,233.000466000932,351839
10.305557714128438,-4.114171454951482,220.00044000088,335425
-2.093387130430658,-11.254061631820605,193.00038600077198,362540
-1.7244691023091254,-11.02857462339388,192.000384000768,66883
-1.9534009613343604,-10.83917430887302,242.000484000968,32113
-1.7558937855763297,-10.658594913349546,250.000500001,183776
1.915629049049252,25.519045570187203,270.00054000107997,951248
2.140130525209987,25.87937097071563,212.000424000848,983674
1.669213194371569,25.94140842031321,210.00042000084,991076
2.145742870650773,25.957035489707632,183.000366000732,939597
-3.3384127672433985,-7.471187278147272,232.000464000928,388368
-2.957135535555574,-7.469823716375326,233.000466000932,595927
-3.3658645717467857,-7.066888400748886,211.000422000844,381470
-3.231894916153437,-6.989293822846475,199.000398000796,498874
23.47058515940665,19.0667508409712,250.000500001,795508
24.108323612635512,18.759953538223787,187.000374000748,729046
23.609445040623083,19.268000174956278,230.00046000092,794739
23.88599137365214,19.25199370732853,207.000414000828,881765
7.703619940925759,7.471224009060452,227.00045400090798,319336
8.24708946072489,7.661487523644142,213.000426000852,153161
7.782225473245172,7.849109016972499,235.00047000094,496880
8.07156996274297,8.14015456599285,199.000398000796,415131
-3.3346082924937237,10.57427674700648,217.00043400086798,153046
-2.96168479785153,10.554281202449694,230.00046000092,625668
-3.335109618098209,10.95929211994892,194.00038800077598,453282
-3.123477344196617,10.850262695694369,232.000464000928,521446
4.8341938398139455,6.310410919412576,203.000406000812,154467
5.174849092992,5.978548594076581,209.000418000836,39942
4.689840716771369,6.346474018829526,218.00043600087199,326130
5.310823323727131,6.699072985497004,241.00048200096398,4600
-5.545033642553205,-5.911850567235959,242.000484000968,622334
-5.171817846807095,-5.721924483882956,201.000402000804,403725
-5.703497794990686,-5.455585076179972,219.000438000876,414314
-5.399267253105858,-5.542307380551625,208.000416000832,550324
-2.812229571160038,-11.235350582464823,179.000358000716,232898
-2.4258773081708527,-11.032862340547895,206.00041200082399,444308
-2.7268257861604246,-10.637015832742112,238.000476000952,247422
-2.222201087043857,-10.811277555048315,245.00049000098,457691
1.7471858510591614,7.485274101982383,181.00036200072398,404834
2.299666046886539,7.670803130483552,223.000446000892,34644
1.9580859518815492,8.066530670958509,227.00045400090798,237851
2.2619613032034382,7.9560056115028335,237.000474000948,89976
-5.558110871821429,5.5561413214294495,217.00043400086798,460700
-5.341281634476096,5.540351082369787,205.00041000081998,35407
-5.820676342020349,5.606949959592313,240.00048000095998,463990
-5.213998218532094,5.876840854378445,206.00041200082399,255014
-0.394248513568683,-8.18447561585307,225.0004500009,466885
-0.2380307485145046,-8.217138069519725,223.000446000892,608485
-0.3582678049394755,-7.958666646021341,201.000402000804,632959
0.0761378506777119,-7.710550670169198,218.00043600087199,435382
-9.666919009919283,6.054866663590474,219.000438000876,576187
-9.20648203019359,6.258661733713307,237.000474000948,442619
-9.377864679316888,6.512198748033036,177.000354000708,531848
-9.012667728894492,6.575774766647136,234.000468000936,467192
10.961102369877407,2.436079611175419,228.00045600091198,369138
11.328837166374592,2.299095093152392,199.000398000796,187039
11.019838888164807,2.819586392240621,233.000466000932,221786
11.075494981547331,2.6870532180756577,205.00041000081998,355678
0.2162091804244458,7.599869927303185,182.00036400072798,646723
0.7226096322984816,7.570095380105968,196.000392000784,65405
0.430666482976949,8.010538152750696,216.00043200086398,42075
0.7159086838166895,8.008720819943214,271.000542001084,67933
-0.3113554210106342,21.37229875579134,248.000496000992,959848
-0.1072498844964435,21.28134985308169,240.00048000095998,968523
-0.6170572578626058,21.474381930328445,182.00036400072798,964127
-0.0030424074165844,21.4388033493126,193.00038600077198,990094
4.819926018661792,10.032509322655256,239.00047800095598,169696
5.163190743389815,9.833288138034684,230.00046000092,137019
4.732781347657439,10.236443194258367,199.000398000796,430094
5.147739765901036,10.178733665562318,195.00039000078,600302
0.2342158808234073,-8.293779118924993,237.000474000948,234721
0.5326699848834878,-8.202207299340484,231.000462000924,444638
0.4638981747427434,-7.830418970551253,186.000372000744,246499
0.6090187172284492,-7.636101964119096,208.000416000832,615758
-7.8273076513707665,-1.992628886192632,234.000468000936,395309
-7.665570482444924,-2.008620910804951,210.00042000084,571566
-8.144515963651367,-1.879077214806995,226.000452000904,43991
-7.653908561419727,-1.818355372013638,192.000384000768,598132
13.549932411583812,-5.498655018329809,69.000138000276,275437
13.728429156115324,-5.98233926580842,31.000062000124,150508
13.101753129663068,-5.136604263745607,82.000164000328,161625
13.758680152412436,-5.316927784642387,33.000066000132,302950
8.69303109144065,-7.427640807050107,224.000448000896,576329
9.06743151832364,-7.336373263895663,189.000378000756,288300
8.726366731258546,-6.948995368978792,241.00048200096398,262867
8.842617015794877,-7.123499529227345,206.00041200082399,167561
11.621503378891656,8.023616839332714,89.000178000356,306792
12.688896953422493,7.619388097526706,42.000084000168,247934
11.544439802727831,8.740525824903404,55.00011000022,611581
12.363564347821326,8.51943797515255,29.000058000116,591840
10.732126003203009,1.5129066805779838,227.00045400090798,456942
11.122020468752332,1.5648036806604178,179.000358000716,428101
10.657382252314935,1.8880513917777892,241.00048200096398,542632
11.326757857341017,2.129477550839113,212.000424000848,516454
7.812333299834274,0.9919627737323872,217.00043400086798,187061
8.28958974738044,0.7987744148138987,234.000468000936,113070
7.832260522074936,1.157343650600661,192.000384000768,131631
8.318420165365536,1.1737949611353526,215.00043000086,544198
-10.996714550166978,2.431587566673753,229.00045800091598,469172
-10.673109003812469,2.2388380967015293,227.00045400090798,430058
-11.121757825383725,2.94375171987292,180.00036000072,464514
-10.716729928869034,2.7001611403674866,220.00044000088,75041
-4.946246664130877,-10.484441156465298,191.000382000764,225333
-4.599933768919351,-10.48612744380076,212.000424000848,9959
-4.979626844267048,-10.037257701138442,235.00047000094,258423
-4.712781180562562,-10.152553823881188,218.00043600087199,554786
3.957983234407679,-10.451675297012862,217.00043400086798,509538
4.568387638599301,-10.556996140532336,172.000344000688,370218
4.194755249727988,-10.024948501818502,236.000472000944,587369
4.424086343337255,-10.092922748655509,230.00046000092,63470
9.482013734603662,-5.992776679301175,230.00046000092,22246
9.544998503247058,-5.910188837797045,180.00036000072,273726
9.262757700165183,-5.397668926193441,247.000494000988,335983
9.556930398455298,-5.500822171143372,197.000394000788,643158
-3.551137695072883,24.09403882117715,182.00036400072798,917101
-2.927698160984665,24.02841979860952,269.000538001076,987541
-3.571548682176182,24.5302944008462,153.000306000612,977165
-3.2457518610517084,24.43366447391874,249.000498000996,995838
7.835441015241243,-8.200538115154552,219.000438000876,521692
8.320549916327176,-8.050826622931693,190.00038000076,138259
7.849569377576523,-7.711570654684505,231.000462000924,392733
8.17143065879421,-7.861411616217111,212.000424000848,428777
10.910702655899184,-2.0192545002761757,212.000424000848,346716
11.311964192040426,-2.209508274831202,201.000402000804,236496
10.936839860760449,-1.9334775774916824,234.000468000936,212109
11.267891095397964,-1.7951432549548392,203.000406000812,84470
16.039854198290286,20.5502808917598,207.000414000828,866036
16.66470464956994,20.394415244831077,168.000336000672,689637
16.164826812109784,20.791458864222943,267.000534001068,752277
16.5064919652917,20.99245956482421,207.000414000828,864281
-6.348907311836936,-9.479564157598046,193.00038600077198,402770
-5.973717270011766,-9.586521326943892,214.000428000856,455785
-6.421691272845732,-9.128245937222632,209.000418000836,475991
-6.081705878514673,-9.281836635371816,233.000466000932,269033
-0.344737448454777,7.609283070988996,205.00041000081998,532309
-0.1224192663500489,7.618839022070858,188.000376000752,603051
-0.3772633181153772,7.998409831302763,223.000446000892,564381
-0.1755726554113598,8.039534985378385,232.000464000928,8292
-4.847559790715901,6.323324830013132,213.000426000852,563587
-4.586830408219293,6.328793316925708,187.000374000748,303051
-5.075708370765435,6.524511443662084,236.000472000944,194446
-4.74638580586569,6.362768356231858,210.00042000084,609844
-1.119480763804303,7.793318300100462,194.00038800077598,283260
-1.0093811679210554,7.536547202703445,204.00040800081598,273546
-1.2263433229172995,7.919673496874661,225.0004500009,359415
-0.7584810770628461,8.116973654208277,223.000446000892,268241
1.8041279735536,-11.105411894611498,206.00041200082399,634171
2.172101011525033,-11.183288803863912,183.000366000732,576019
1.8650280583769117,-10.914508489656846,222.000444000888,546642
2.2269593306094966,-10.793736535356048,234.000468000936,373050
7.235543393762762,-8.785222869306518,240.00048000095998,181906
7.559351896693975,-8.774373484880597,170.00034000067998,150654
7.026347229465704,-8.523636482944328,235.00047000094,369828
7.536383594399548,-8.516601451540964,200.0004000008,150087
-6.304893556834821,4.7926414574580205,207.000414000828,50382
-6.238294315771197,4.600390309550447,200.0004000008,520806
-6.284513755601144,4.9602385005614815,227.00045400090798,93540
-6.073358769967753,5.100494169319415,210.00042000084,22643
-5.088772243978547,9.819687331393425,191.000382000764,444520
-4.425351241834151,10.026024816677484,252.00050400100798,403193
-5.116568751923493,10.152111451497346,179.000358000716,307998
-4.479872315334126,10.152773574307398,221.000442000884,299110
3.2963135626418967,7.046111368598127,193.00038600077198,231650
3.68399055287849,6.984431494171959,174.000348000696,592385
3.48578834549762,7.454252230080828,229.00045800091598,213940
3.672910818828504,7.363290884387222,247.000494000988,470329
3.168293012758311,22.0272000715172,239.00047800095598,979960
3.6674913854791007,22.097876587566727,175.0003500007,907198
3.4098932760113247,22.23143289240349,238.000476000952,972905
3.562305963649349,22.466934132188108,190.00038000076,964663
7.105044093619992,3.196240377202386,184.000368000736,26199
7.325605323823253,3.164560743306481,214.000428000856,248355
7.140816062265288,3.343810453467934,200.0004000008,406902
7.583991356417819,3.65557021746189,244.000488000976,229068
-6.463146785073114,-5.318235596078557,222.000444000888,88060
-5.916250271492884,-4.958207646445616,232.000464000928,252054
-6.382576641455181,-4.601005928794845,207.000414000828,326205
-6.06247717501014,-4.619364874468121,181.00036200072398,304441
8.474396203191677,6.743140429129464,208.000416000832,496817
8.984888612886312,6.76767834111483,233.000466000932,585290
8.756647174448139,7.332153474385828,209.000418000836,189299
8.787239695985912,7.218453812533125,191.000382000764,145456
3.172384912001211,23.368680798330665,254.000508001016,924762
3.7364708568346496,23.38346647652345,184.000368000736,992873
3.179134983677206,23.67868680933707,243.000486000972,936882
3.566885646620155,23.988959528483964,159.00031800063599,989315
15.962471743464617,12.106346078042936,160.00032000064,776229
16.43712978706568,11.978689809496252,183.000366000732,764608
16.053414487013804,12.689579426430726,233.000466000932,764218
16.614397365369417,12.629277780244436,262.000524001048,878055
7.862191776413096,-0.7927828220777398,191.000382000764,365836
8.048349838234417,-0.6559537416670702,229.00045800091598,143079
7.655703639749118,-0.262508228873968,194.00038800077598,387987
8.239891245188337,-0.0784989465962255,222.000444000888,179188
23.46099947256346,16.63482377336203,226.000452000904,674400
24.0024802654585,16.78211541591623,192.000384000768,714302
23.604393198334645,17.140916959573786,215.00043000086,656065
23.93763164359667,16.97046102933417,202.000404000808,748405
-7.999430994244093,-0.5219008480295669,228.00045600091198,248982
-7.6852802516378524,-0.445660763433402,204.00040800081598,426434
-8.108965806552025,-0.1914190604481299,223.000446000892,151494
-7.698624167433642,-0.1165407453192396,179.000358000716,83903
22.18273252971866,13.821413273364543,214.000428000856,898328
22.31008149381504,13.562701012183362,171.000342000684,693077
22.29964848416104,14.110839756225444,229.00045800091598,855784
22.502609226882758,14.118950678260775,218.00043600087199,847018
2.595815975212878,10.797124725783462,230.00046000092,530605
2.7842383112397333,10.714215262566205,198.000396000792,397866
2.370686502001269,11.17367348828219,189.000378000756,364904
2.9742477878059645,11.055860716049771,214.000428000856,571627
2.628591860089609,-11.086033738098246,191.000382000764,68210
2.947984105768396,-11.326321527874562,195.00039000078,404155
2.678847695496433,-10.600399454605236,232.000464000928,546106
2.792811718425108,-10.63044834826006,212.000424000848,432787
15.335590146496884,15.855116680414676,233.000466000932,682404
15.614112368821472,15.932607665315404,195.00039000078,657900
15.27059670920788,16.25434119370295,222.000444000888,715913
15.907021522392364,16.17637327859852,179.000358000716,736347
-1.7900713973714215,19.689903446186364,166.000332000664,902526
-1.6378118191943185,19.592440407729693,201.000402000804,986966
-2.0199731615966177,20.19169596350671,213.000426000852,963814
-1.722071768176006,20.09441698898122,249.000498000996,913180
-8.113238715882002,0.8228682677817851,213.000426000852,153383
-7.521741873679372,0.9134131152396384,220.00044000088,606604
-7.826155838813597,1.0673245942429723,202.000404000808,83037
-7.456708524297987,1.2368495590807156,194.00038800077598,81131
2.570994566614629,-14.925281338346808,36.000072000144,36787
3.2972518193955898,-14.483667508678373,29.000058000116,607906
2.508069639032572,-14.144803024290892,91.00018200036399,206602
3.5019788616315743,-14.35050661092271,51.000102000203995,563361
22.29343222919869,21.815879858301845,241.00048200096398,681723
22.4052378014296,21.79825778137327,194.00038800077598,693964
21.93648555564505,22.147226060038115,224.000448000896,771276
22.683515388071683,22.36508864639973,169.00033800067598,874055
-10.885074531537263,3.04092735869416,180.00036000072,22903
-10.610682442285537,3.22013390141127,229.00045800091598,334068
-11.11376455905014,3.3585906188776957,193.00038600077198,176883
-10.642759801431726,3.553645659639002,224.000448000896,134435
12.492376288187913,20.332601298034657,196.000392000784,816444
12.848194691932196,20.34935914823137,257.00051400102797,790833
12.381291426753736,20.817870861236894,147.00029400058799,670740
12.546497460596324,20.71117449404582,221.000442000884,734856
16.52148143035082,26.21687252400865,67.00013400026799,729298
17.033278010743306,25.759917131962105,95.00019000038,767905
16.309058921755373,26.623050649292143,21.000042000084,763038
17.025157127869964,26.39063037804491,22.000044000088,886056
3.886118139474327,19.78934353361743,49.000098000196,948990
4.637832141782448,20.24101039173646,14.000028000056,970008
4.238479512057768,20.693045262958933,120.00024000047999,988927
4.7234208982789845,20.84664298980692,21.000042000084,988707
22.762053043921576,14.578839492682947,239.00047800095598,836332
23.11193336935246,14.298515870570814,161.000322000644,797656
22.88715534157176,14.792688946428308,231.000462000924,685462
23.41189791641576,14.721742208752628,185.00037000074,714101
15.454203777509017,19.69556678358914,230.00046000092,786348
15.54257088227004,19.528086400251784,173.000346000692,751078
15.242173392691443,20.09388733576765,224.000448000896,706645
15.709346882495137,20.1834629042712,188.000376000752,680527
6.425453866883028,-4.388547336483706,189.000378000756,222093
6.535672483709108,-4.376807793884755,223.000446000892,217124
6.147598485808774,-3.839062304927305,175.0003500007,168391
6.777370775002014,-4.1295139797074345,227.00045400090798,484369
4.638006539892505,-10.309603109130713,189.000378000756,150573
5.18995021614962,-10.541063772941806,182.00036400072798,85285
4.7717746474460805,-10.152205754057237,227.00045400090798,76976
5.316745135564218,-10.067381669436136,215.00043000086,1782
-6.571698882260899,9.280147875345856,203.000406000812,566443
-5.912122876289715,9.126061771346736,216.00043200086398,197624
-6.483879027427651,9.662527639050872,179.000358000716,580887
-6.2466026834672,9.593148095897806,215.00043000086,202345
-0.2842809518755401,26.599782663801182,222.000444000888,950782
-0.2050983837245805,26.57844312378621,254.000508001016,921442
-0.2912565139199921,27.0090919857903,159.00031800063599,933572
0.0022169942621187,26.914974646273052,177.000354000708,960642
-8.079178569761261,0.0940955895447388,217.00043400086798,523193
-7.492841705532527,0.0199817891447963,193.00038600077198,599689
-8.086793681551162,0.5726919070819647,217.00043400086798,260667
-7.490629116889932,0.3772513124109055,185.00037000074,118068
-7.880988578246746,-1.5491876277084615,249.000498000996,88662
-7.4740767862549475,-1.4543946898627005,181.00036200072398,105907
-8.01514622535901,-1.076911822571217,195.00039000078,289800
-7.508672008321082,-0.835182029305166,185.00037000074,66647
19.68101132203801,23.44089889138864,241.00048200096398,897215
20.27980709040192,23.317558370365752,210.00042000084,859459
19.74491767244996,23.73178485727381,191.000382000764,760440
20.093375930566054,23.84714204145643,168.000336000672,791814
7.251806452211469,-2.984565532868081,181.00036200072398,270778
7.618230874194815,-2.953293685286931,222.000444000888,360131
6.908386941897083,-2.5154618703624574,177.000354000708,134890
7.608093600680301,-2.5270440928664626,228.00045600091198,485942
-3.61143452541214,6.910374185820007,202.000404000808,114051
-3.038548718703176,6.930320042562227,182.00036400072798,27249
-3.520476180930165,7.292014641772154,207.000414000828,312700
-3.029835233737327,7.372334011715028,216.00043200086398,30184
-3.4166707916285795,21.145451251895228,159.00031800063599,900050
-3.1071612978066683,21.06736736011053,227.00045400090798,937331
-3.4645848168531104,21.51142912858098,180.00036000072,992774
-2.98572958146651,21.419123179516568,239.00047800095598,966719
19.951137128116457,12.11045552051765,171.000342000684,713716
20.15321235643003,12.05582336478822,177.000354000708,894725
19.764350710728912,12.59328099574666,232.000464000928,741469
20.12154827297114,12.503815275018084,224.000448000896,755539
-9.412263021268146,-6.537177907161673,182.00036400072798,488811
-9.230550593614632,-6.789738197797907,202.000404000808,360206
-9.460839918084144,-6.183621753666459,206.00041200082399,591333
-9.040583937003602,-6.436760425505327,211.000422000844,532751
10.873400032084858,-2.95992019134824,199.000398000796,271942
11.247772182877666,-2.7930814703377047,183.000366000732,428039
10.78748714985507,-2.4472487841034067,239.00047800095598,483579
11.095915729269995,-2.554104453245999,177.000354000708,235444
3.3368108518095614,10.844134528938444,214.000428000856,452026
3.604797767384643,10.636215884383386,207.000414000828,70466
3.494224292119857,11.141016690206897,202.000404000808,491715
3.576297633169829,11.050097454202165,175.0003500007,521735
23.700061013479,19.759423586175288,232.000464000928,760995
23.88437240707208,19.5499872253608,177.000354000708,886765
23.62311199766289,19.93876567723895,230.00046000092,706363
24.067874906521705,19.928879603047807,157.000314000628,687566
4.052869350527551,6.309141416878929,191.000382000764,55415
4.601040117087643,5.981488636184704,190.00038000076,501093
4.106488659794126,6.564810965959274,194.00038800077598,289892
4.57557387180889,6.687266674505757,220.00044000088,106187
-3.3972261061382745,-11.197068710233472,180.00036000072,633324
-3.122859220409072,-11.30363386085452,181.00036200072398,639771
-3.2980819086364943,-10.813402604391175,213.000426000852,88772
-2.9241522204298254,-10.648995073443864,221.000442000884,155147
2.688499083596845,20.615202662023083,192.000384000768,975780
2.826018902346325,20.51587181794848,155.00031000062,980457
2.6094894952887686,20.98671275162864,237.000474000948,968150
2.9711058825769774,20.8904925292163,211.000422000844,949037
-4.108748786575988,-6.794670334900333,213.000426000852,457222
-3.732800963842699,-6.690189408248395,217.00043400086798,91042
-4.188971347099798,-6.21502962731374,192.000384000768,154661
-3.817267872464592,-6.361049007927713,170.00034000067998,180799
2.5512253072420834,-7.52837194749305,189.000378000756,592912
2.9890454607386068,-7.412458313848883,244.000488000976,70801
2.66654410372469,-7.0413498724565065,173.000346000692,135434
2.946427429698496,-7.188729841079652,186.000372000744,276430
4.202345321991662,-6.830584462214588,190.00038000076,358928
4.557512922470282,-6.547518407788204,220.00044000088,193818
3.9449721492809977,-6.371754542908478,183.000366000732,412927
4.27926108672734,-6.371815194112484,198.000396000792,312540
-10.928233084201088,-3.65498400763342,191.000382000764,212037
-10.580395546430305,-3.4665218422286705,200.0004000008,197829
-10.923328173257064,-3.211768698592289,181.00036200072398,115162
-10.671161499808548,-3.1325711806455194,218.00043600087199,550477
-7.339227096499337,3.24412815437066,199.000398000796,359681
-6.689197057665541,3.310717300428637,179.000358000716,45476
-7.284650030522006,3.601153369493644,242.000484000968,482083
-6.821732995241489,3.58989275596342,169.00033800067598,79212
-2.779669503920533,-7.358668791649491,211.000422000844,432443
-2.486711602507162,-7.351366687132647,205.00041000081998,19497
-2.583279484723325,-7.0971392214248565,191.000382000764,97311
-2.3273498395185026,-6.914689784532181,181.00036200072398,60863
10.66710749445182,-3.7443792883427696,197.000394000788,344476
11.273149722491764,-3.643819794519027,178.000356000712,484818
10.71620549567756,-3.074868187864303,227.00045400090798,325249
11.16484675852136,-3.076239963055148,183.000366000732,515442
5.667591631335997,-5.267328305037902,182.00036400072798,224909
5.833274800230637,-5.143413221413767,232.000464000928,325812
5.381370852652759,-4.696067950708598,172.000344000688,585355
5.928930843548338,-4.851863547133847,198.000396000792,500653
7.254303805770611,2.219843401738412,180.00036000072,207963
7.481194343101729,2.3095863119759503,214.000428000856,54159
7.078815547189293,2.9045101484444023,196.000392000784,366721
7.554201481643573,2.7734684775929868,194.00038800077598,361155
20.54858952269468,16.73454044728867,188.000376000752,848257
20.89231103209472,16.666581829070864,240.00048000095998,729960
20.5115485045,17.158178381750176,147.00029400058799,863143
20.934858429656924,16.989527722488383,209.000418000836,700838
3.184302052437107,-11.180909993916956,168.000336000672,145926
3.532533231867009,-11.305320092388806,178.000356000712,210459
3.385584267716826,-10.931406066887678,224.000448000896,275185
3.5802987031068416,-10.761308215770628,212.000424000848,189792
22.918321242557468,21.2457290312082,252.00050400100798,789629
23.107096307409364,21.208925868830608,176.000352000704,722977
22.812618377944275,21.40670678221562,191.000382000764,789399
23.176946285930526,21.41416976460967,162.000324000648,746323
20.595063628312136,19.009839427424588,156.000312000624,813745
20.87588557568082,19.088798924547923,205.00041000081998,668346
20.69498232548006,19.44444971581977,180.00036000072,752821
21.01665529728235,19.24812453121092,239.00047800095598,823321
6.2094173173662695,-9.634479105014517,191.000382000764,176649
6.597686827669752,-9.765255308690962,169.00033800067598,587408
6.357185475518769,-9.43377252138034,213.000426000852,477388
6.682490484187732,-9.285791100373537,205.00041000081998,104836
-11.875367587815774,-1.24071597760276,159.00031800063599,489955
-11.38105644942,-1.4590676198331662,220.00044000088,324992
-11.779484664916476,-1.0120560559065386,169.00033800067598,268229
-11.368998524350095,-1.039226433324881,227.00045400090798,4867
1.1937358982646384,21.869725835684434,165.00033000066,970291
1.5937841850194332,21.930104958754274,246.000492000984,907304
1.1911465123455147,22.200737725209983,169.00033800067598,998308
1.491512084929852,22.31321089124225,191.000382000764,907276
21.51605468691944,22.546166428809965,220.00044000088,859995
21.624214855138057,22.82193321823835,205.00041000081998,795164
21.32057057564237,22.97483803583839,191.000382000764,894593
21.580252154570243,22.99769476286324,153.000306000612,839200
-0.0995441205151233,0.8103882233164008,6.000012000024,129461
1.3687342927835051,1.2134886192038834,2.000004000008,189027
-0.4139644621832239,1.7551620875304998,12.000024000048,329534
1.8236409662506723,1.4610427780747,28.000056000112,523432
-16.472264649050736,-2.364840763513787,22.000044000088,640190
-17.46647755063206,-0.8483139002972983,2.000004000008,413981
-16.022763051453975,-1.2700883063570008,23.000046000092,82606
19.09526979184791,15.06705854152013,218.00043600087199,686066
19.37652038623058,15.29343868923053,214.000428000856,855539
19.12792549653465,15.678110804022328,150.0003000006,754034
19.464931570043458,15.64045373663576,185.00037000074,873976
10.19234068462486,4.787534546567589,208.000416000832,583775
10.494242816653273,4.555136403067754,186.000372000744,191416
10.16803280754546,4.86716678419275,208.000416000832,219688
10.580754328670078,4.872651625580275,165.00033000066,447757
-10.886659498799933,3.742556440807831,175.0003500007,340054
-10.708862069684736,3.811309822283641,215.00043000086,635170
-10.847003082767127,4.431412482827969,166.000332000664,45945
-10.624750862194306,4.393912438422332,210.00042000084,512790
-10.40734622763344,5.230731450600837,194.00038800077598,444829
-9.834383282765057,5.230539404138169,195.00039000078,643384
-10.151839067236397,5.840136496708904,190.00038000076,84124
-9.736936743257804,5.768905133137661,187.000374000748,189412
4.636722691602326,-6.031495634751376,198.000396000792,472637
5.149157917454506,-5.724842754757289,203.000406000812,82478
4.748022870397176,-5.405288267406904,164.000328000656,436483
5.065582180624374,-5.662531712044426,201.000402000804,192338
10.026519771754364,-5.009499703049785,185.00037000074,346263
10.388333236405094,-5.1635045895329865,193.00038600077198,334025
10.201835972948029,-4.586869479783868,208.000416000832,440861
10.353973243106164,-4.835149396788839,179.000358000716,328660
1.8026414268662916,19.80437995609871,163.000326000652,922632
2.3446594749637555,19.735769415580556,146.00029200058398,998708
1.8428157512804608,20.22026021507486,265.00053000106,956167
2.272970285243468,20.2225687188153,190.00038000076,935050
-7.659147200758644,-13.393878182834484,20.00004000008,298615
-7.28468759316624,-13.461857193192207,26.000052000104,241068
-7.845800364366744,-12.657189837387364,57.000114000227995,285756
-7.021558158856838,-12.331959127774134,88.000176000352,393765
19.17835724309,25.732267430911385,82.000164000328,726145
20.003401702367835,25.97406106785913,67.00013400026799,694020
19.228933685522115,26.376505143769897,23.000046000092,701634
19.71931893580588,26.622728277049447,18.000036000072,841310
-5.684954334191173,-10.418653929497092,151.000302000604,477007
-5.428828577203387,-10.540294905654696,190.00038000076,611598
-5.605292449511994,-9.979063249806408,202.000404000808,65438
-5.477620623729217,-10.122263796084916,216.00043200086398,433581
-6.300995846974032,-4.369565070229656,225.0004500009,7778
-6.083775791836901,-4.238875318294396,168.000336000672,637629
-6.349242885887884,-4.029258273202625,188.000376000752,525428
-6.259827828003409,-4.028483828155842,177.000354000708,215560
19.168868481160168,20.35529675335046,163.000326000652,803204
19.309368403288296,20.580963698623336,167.000334000668,683115
19.070028845239065,20.68082051169192,200.0004000008,708396
19.54287079136588,20.950190148428483,227.00045400090798,759369
11.53653681676295,17.305570627077508,164.000328000656,891844
12.068464465168915,17.31349942329258,209.000418000836,813436
11.692448827864736,17.989679641260576,158.00031600063198,849939
12.076110967183542,17.989851164018297,224.000448000896,712913
9.430725083345722,-6.563699048485992,220.00044000088,21055
9.68020632673002,-6.785326950436185,162.000324000648,522117
9.416067492945665,-6.359651772843566,193.00038600077198,271263
9.641609481898,-6.116834336520835,180.00036000072,25655
7.161315344514409,-1.945865438747874,169.00033800067598,101346
7.537552994990049,-2.1138776792199727,212.000424000848,412722
6.898383706942956,-1.6897253078546464,163.000326000652,226460
7.627046350206596,-1.6769158517345646,210.00042000084,628401
0.227463623769541,26.37250432600087,227.00045400090798,965191
0.7778777906546783,26.48889533079304,221.000442000884,966083
0.3269044536631042,26.84532357848379,159.00031800063599,973734
0.5223806612105164,27.02270749417883,146.00029200058398,993507
6.3223937702654815,3.753395744497517,182.00036400072798,611761
6.513187304783521,3.8779918752538505,195.00039000078,427289
6.172061415948173,4.208535903549028,165.00033000066,226763
6.786850088312654,4.296507892127679,211.000422000844,393510
-8.558182821812437,7.589661395687906,180.00036000072,325114
-8.248863693239187,7.632052898766428,234.000468000936,566030
-8.609929377709527,8.039151325513895,152.000304000608,317216
-8.375122382739209,8.069941147557628,186.000372000744,404865
6.202062809863488,9.188935150686312,206.00041200082399,571334
6.555723348943546,8.985361794674231,210.00042000084,373361
6.1817023682796695,9.471181027606752,193.00038600077198,555575
6.560931920536756,9.52265326292775,141.000282000564,370282
0.2209806687741654,24.01726356685911,140.00028000056,934979
0.6045046098807897,24.045194638338533,170.00034000067998,915154
0.2326130617580496,24.42237265594741,226.000452000904,993738
0.7649870414032304,24.39156875729316,213.000426000852,955044
2.6977935661204024,6.871141440274986,170.00034000067998,231232
2.9118147198814044,6.8912130397611655,174.000348000696,639415
2.602043594029379,7.196106484327132,195.00039000078,15827
2.961319831022984,7.089367665319873,210.00042000084,222648
18.932830596615545,9.286761883628436,26.000052000104,720425
19.750192348938207,9.594236254520458,12.000024000048,780153
19.10727770350517,9.871225571919522,87.000174000348,652528
20.18009749543369,10.093272389101346,62.000124000248,656109
-4.54012102528678,13.619297380568383,71.000142000284,173881
-4.099064902573032,14.158077080487832,61.000122000244,583844
-4.79143044172136,14.556817232540418,21.000042000084,192770
-4.255866191758914,14.71810378161704,34.000068000136,149610
-8.004822363194883,8.375212986904739,182.00036400072798,621481
-7.60938393731585,8.355992127429657,198.000396000792,307702
-7.795569923200055,8.923170192399658,154.000308000616,118371
-7.424596545175807,8.781193278984695,213.000426000852,345106
15.496294157907386,12.305143794834771,163.000326000652,899520
15.542342167682223,12.217070982808782,173.000346000692,746155
15.501398780059208,12.62809911089759,199.000398000796,806264
15.912186386159718,12.352163085065644,210.00042000084,876868
4.756863898570606,5.528617861044182,174.000348000696,510108
5.336490059652594,5.339958564902974,163.000326000652,576303
4.797474565762956,5.942356689480672,205.00041000081998,154876
5.254168712458159,5.895246914386712,201.000402000804,227362
21.29035329841601,12.988653468884504,163.000326000652,730547
21.809233624924754,12.775977619666254,148.000296000592,889436
21.2206091934819,13.466170584738666,222.000444000888,888511
21.83255881326956,13.383371953926993,208.000416000832,895856
5.38919983348689,4.680318839553295,148.000296000592,425220
5.801669774586252,4.555882426958188,177.000354000708,398302
5.563193453326015,4.956542803786287,186.000372000744,3271
6.091197117309094,5.060966006114599,228.00045600091198,41375
12.285396966691154,15.175487364975908,153.000306000612,669323
12.781365118357217,15.247735648802545,190.00038000076,733586
12.205963712867009,15.689507968628815,185.00037000074,868773
12.625935373197692,15.562856165122078,211.000422000844,680003
-5.773668468973099,10.073023642432265,182.00036400072798,143740
-5.524958642365562,9.86482038215246,197.000394000788,146563
-5.868029665906353,10.441500500683365,176.000352000704,114189
-5.522152239167151,10.430384124500796,182.00036400072798,522029
3.2694247208183587,24.26781210494734,193.00038600077198,901684
3.6679213910254327,24.150097181420747,169.00033800067598,928285
3.368887361030049,24.66248330865271,236.000472000944,941613
3.529985709483432,24.72877771006633,138.000276000552,939692
10.73776110777083,3.1597907456524474,185.00037000074,52839
11.09077681925148,2.9567857830367625,186.000372000744,135325
10.79851724606409,3.462668538817661,220.00044000088,35486
11.340354017643012,3.34710562748862,144.000288000576,541337
1.2062247631482788,23.44086591029928,161.000322000644,975448
1.5751176321889455,23.34978897937015,195.00039000078,963789
0.9641010334313586,23.737614618691435,171.000342000684,924383
1.3643107127677627,23.90069826910419,208.000416000832,942198
1.642735076066388,-7.4077347492956305,227.00045400090798,304617
2.105430445933112,-7.296339241154053,172.000344000688,362722
1.985352650788616,-7.028907014147402,175.0003500007,539512
2.343169704102863,-7.047493631555142,161.000322000644,4391
-4.169952038916411,-11.271229373767468,166.000332000664,114337
-3.7766302654993673,-11.071105774648467,169.00033800067598,250856
-4.14062397267309,-10.696275554055712,183.000366000732,61347
-3.749187257914057,-10.859723191971126,217.00043400086798,402468
-0.6062723839692112,24.227950024104413,177.000354000708,915925
0.0837132702835789,24.30372719109137,137.000274000548,962087
-0.550140630104791,24.66353525306605,213.000426000852,937251
-0.0796356390520077,24.607306168728737,207.000414000828,945778
-10.092902286860127,-5.792183613695099,156.000312000624,49876
-9.897472246124016,-5.898766383227028,203.000406000812,52205
-10.171753944372362,-5.5266767716564775,162.000324000648,195706
-9.778729341899751,-5.6921071024828,212.000424000848,159135
-4.256156480724611,6.220631399975194,181.00036200072398,126373
-3.93014438015294,6.223137383677522,146.00029200058398,536468
-4.082036760425034,6.701739708349925,213.000426000852,368685
-4.009960313209848,6.490393247409415,185.00037000074,133587
-10.973353531005888,-4.31363454981563,152.000304000608,455469
-10.590224318680407,-4.329543567585114,193.00038600077198,443117
-10.934843898846212,-4.056754922720751,186.000372000744,474261
-10.460564718679509,-3.906218983629128,193.00038600077198,402383
-11.59395305717006,-1.9608871088158204,147.00029400058799,567809
-11.472856692618691,-1.9897473389003528,205.00041000081998,455886
-11.716049962433432,-1.6292700513266112,168.000336000672,30109
-11.470398768473997,-1.7754215347475688,204.00040800081598,117794
1.088030011435537,11.45667845903608,210.00042000084,626542
1.4281129433906046,11.327926040562703,182.00036400072798,441705
1.0234866522880963,11.710010414197235,142.000284000568,532844
1.3187969906508683,11.697294231433538,188.000376000752,358048
7.081188914702173,-1.4911083498261382,159.00031800063599,221507
7.624746143673154,-1.3063819673607588,192.000384000768,26034
7.166604131848007,-1.019605866323629,167.000334000668,400633
7.269339224613163,-1.0460177701243034,204.00040800081598,468601
9.362171442697129,6.033788258899081,200.0004000008,24597
9.544167149211424,6.112751405678477,183.000366000732,80214
9.21292734317216,6.503051922604051,177.000354000708,304032
9.872109328374489,6.463545457575584,161.000322000644,619747
-11.552687733995846,0.0275553243011726,167.000334000668,71504
-11.444718789341929,0.2068600177857081,205.00041000081998,433352
-11.827215865449862,0.4544767233151956,173.000346000692,158840
-11.221934566122428,0.655112341953097,175.0003500007,38530
-9.344674404447716,6.985915186951296,178.000356000712,639772
-9.132614410401724,6.902880311683383,205.00041000081998,97331
-9.483123542684703,7.2592366094588145,145.00029000058,624787
-9.23414098782863,7.152044545062579,191.000382000764,265163
3.138892220317812,-6.813613466140663,197.000394000788,484223
3.684738230906157,-6.720599402779974,206.00041200082399,212101
3.3884490444132087,-6.210168551820366,158.00031600063198,475312
3.805097084602124,-6.30102296213617,157.000314000628,139057
-11.656959619955874,1.6246428663216157,150.0003000006,177799
-11.180281444406864,1.7310220916194556,215.00043000086,179913
-11.576814055734264,1.9524835407197352,174.000348000696,208983
-11.250835171236464,1.8441331548316608,178.000356000712,94502
1.3384593246721723,3.6754356386859137,20.00004000008,471711
1.7294877742479902,3.687839079741489,44.000088000176,344824
1.5359309618032244,4.325460493212122,51.000102000203995,129127
2.306433717405848,3.8711934989444328,64.000128000256,526757
7.542504418747488,11.984633898103954,80.00016000032,49416
8.344350922047566,12.050395129272967,45.00009000018,129423
7.436215500290445,12.87928530895208,32.000064000128,595853
8.245879518244601,12.908855922581685,22.000044000088,261932
7.565899880901673,-13.17660587662456,26.000052000104,548917
7.854814219826343,-13.045130477962523,27.000054000107998,166815
7.016022553927269,-12.119025329750118,75.0001500003,245614
7.912494226571837,-12.199554456646114,51.000102000203995,110077
-2.7968797312585703,7.00407980607824,161.000322000644,32618
-2.5120288218895443,7.026872038798531,162.000324000648,563609
-2.53966362639599,7.4503730223081055,212.000424000848,185503
-2.2816571823445075,7.338553062527904,180.00036000072,362218
5.484047282551179,9.768629612288793,204.00040800081598,586968
6.008163595720005,10.006331272206172,176.000352000704,289432
5.485060329226613,10.416896682726886,157.000314000628,214253
5.828413039588121,10.119884811808724,178.000356000712,648285
-8.746512630296229,-8.147003770093031,174.000348000696,617984
-8.325134799316627,-7.96924501268702,165.00033000066,633760
-8.592621116541595,-7.663912983852516,180.00036000072,191607
-8.526161729333086,-7.896570270007459,195.00039000078,75382
-11.623155178378491,-0.5288402799610115,171.000342000684,351852
-11.476916410301792,-0.5658838600806765,188.000376000752,618423
-11.638345824140073,-0.081215030492758,171.000342000684,410775
-11.460654501066347,-0.0720084233686103,184.000368000736,140971
-0.486865593943007,11.393971866488071,197.000394000788,543385
0.0499205218995865,11.41124344023513,202.000404000808,506389
-0.2837245752700988,11.811316944925217,156.000312000624,364749
0.0290762317806659,11.71831205333946,157.000314000628,329762
23.525832119490968,15.874322599151537,197.000394000788,813740
24.14503664349815,15.811059708799927,143.000286000572,823585
23.45742989538338,16.244471202115797,199.000398000796,739914
24.0622432446743,16.278665517868177,172.000344000688,699480
-0.4439235882535632,-12.06291729623249,148.000296000592,539992
-0.1337685107644194,-11.94009056867103,193.00038600077198,107535
-0.5398496515083427,-11.43100309309796,163.000326000652,123274
-0.0456349536160154,-11.352850850011825,207.000414000828,448089
-1.0488274579425607,11.424681692919362,177.000354000708,570188
-1.000350143880955,11.531322415246672,196.000392000784,280457
-1.258826618111208,11.63783199314057,161.000322000644,228084
-0.708897311786049,11.894572021453246,177.000354000708,177292
20.72381003363009,17.46976878001847,160.00032000064,682891
21.058852932304,17.32627025675561,193.00038600077198,748144
20.538423923416875,17.974545167800812,152.000304000608,815863
21.03984793892178,17.78170653282005,205.00041000081998,872635
16.8665694515834,20.26818592620105,153.000306000612,795451
17.380182857088688,20.27171978655217,138.000276000552,721523
16.986201550513005,20.631744648777225,213.000426000852,757675
17.31921893239052,20.86397370067655,206.00041200082399,859465
-11.664830853166931,2.3125162949486726,168.000336000672,468425
-11.353228726517774,2.4390635259827302,219.000438000876,159677
-11.618679782179628,2.5773504915541885,152.000304000608,16316
-11.260015860772912,2.7846573487431177,170.00034000067998,289423
16.827693559643343,15.01213085757476,224.000448000896,840202
17.30224036169796,15.062859578937609,203.000406000812,796869
16.869891466712446,15.411179074299913,146.00029200058398,663992
17.135033609163425,15.465202785955864,134.00026800053598,770497
-7.163922078063184,-2.772456014084866,202.000404000808,638162
-7.01802789860415,-2.826021746560849,167.000334000668,175486
-7.167974619069508,-2.374186280684832,197.000394000788,39859
-7.021458851113073,-2.3426391665797057,140.00028000056,433658
13.15562436770649,13.68713996467607,157.000314000628,882493
13.332105748642164,13.530158270863373,179.000358000716,869104
13.146503194748204,14.188272611529085,153.000306000612,789314
13.56008037374512,14.22710382467636,216.00043200086398,729731
-4.937360444415063,-6.082027702512128,192.000384000768,78698
-4.7640691591280415,-5.873028434335228,185.00037000074,265988
-4.845198920931493,-5.357406640073628,188.000376000752,134037
-4.470145231585269,-5.640369924173585,140.00028000056,251994
13.028483767235752,21.9208198858414,180.00036000072,682111
13.555375242696597,21.90305652475222,201.000402000804,853332
13.053161338549964,22.50379230026732,154.000308000616,716517
13.42303773436803,22.344503057331305,169.00033800067598,846481
0.4465346241666421,-11.851299206655384,161.000322000644,73224
0.6888909478967643,-11.959703529448433,159.00031800063599,421565
0.3193016147143718,-11.71921935791536,184.000368000736,288978
0.5117162086851655,-11.667884811988149,200.0004000008,120037
1.962389079543442,6.709403629551697,151.000302000604,507003
2.307689572300564,6.924233206865865,164.000328000656,285659
1.7145733476600096,7.27623152484324,210.00042000084,589356
2.333354810430878,7.365923975156733,179.000358000716,141821
-4.303303617416582,10.82023826611469,178.000356000712,121079
-3.847406306280327,10.606299619572942,213.000426000852,5532
-4.259891942230994,10.967663249770462,165.00033000066,647554
-3.6809884451987194,11.047043417393054,147.00029400058799,362468
15.310949589862483,23.27006622664038,178.000356000712,895406
15.71852917818475,23.384640109198088,184.000368000736,882776
15.471185305780104,23.735811201772112,171.000342000684,718590
15.890882911668598,23.79863767749407,169.00033800067598,879657
-4.896491723591794,25.638950428106373,16.000032000064,996276
-4.330726383256178,25.98528014610993,102.00020400040799,966112
-4.407496258524036,26.469238847786748,10.00002000004,976089
-3.8982227373661273,26.60195699667405,47.000094000188,941681
-2.837786718363676,25.82352110843436,192.000384000768,969515
-2.389411801344033,25.72300244759994,217.00043400086798,969995
-2.65487498197582,26.184888215233308,118.000236000472,997999
-2.4481954250107805,26.1396166834449,172.000344000688,984792
-11.698217428635466,1.0068469475801225,163.000326000652,207565
-11.547380438956768,0.7446350178614357,183.000366000732,172916
-11.710590553685664,1.366788627427693,151.000302000604,289049
-11.225241975801026,1.3937168216212286,202.000404000808,624213
0.4793662830257603,11.530644129297537,205.00041000081998,83997
0.5743249295157307,11.262357212684536,166.000332000664,453856
0.4285175216602275,11.62035722417334,155.00031000062,10062
0.5454150120949213,11.879684439639648,171.000342000684,481709
20.428875520779933,18.3102717055482,157.000314000628,805429
21.06311271782886,18.28578461671245,185.00037000074,741817
20.458161666162244,18.73979003144262,152.000304000608,826449
21.06271585647635,18.614628132011585,203.000406000812,811248
-1.93165690820352,-7.500469132657527,183.000366000732,7986
-1.4606903890158092,-7.584134361535355,182.00036400072798,350418
-2.047663498689097,-7.172881668386368,168.000336000672,44725
-1.61001296593812,-7.19934792929999,161.000322000644,578824
-1.045783383240406,21.774757034301143,221.000442000884,942750
-0.9697479774057354,22.094706906783887,153.000306000612,974176
-1.0778409000289606,22.32393041558516,192.000384000768,903482
-0.9742107400921178,22.34484497041865,125.0002500005,978542
19.977136274053365,15.866124052191235,168.000336000672,829934
20.13231788275526,15.765251043432114,204.00040800081598,783969
20.026633913818408,16.361318205992536,152.000304000608,810125
20.369451959791203,16.161848572291422,167.000334000668,822889
10.727534089041963,3.931855953241061,196.000392000784,297281
11.111721822643563,3.948501625299888,162.000324000648,366767
10.766065623682636,4.094765017474684,177.000354000708,488793
11.18819180863836,4.148851364674046,155.00031000062,474500
7.065392425692743,0.8443895210724258,148.000296000592,292100
7.57354881196187,0.8871568919993424,195.00039000078,119422
6.943440567440065,1.184777204451401,160.00032000064,275039
7.379178753959199,1.3624038070014133,187.000374000748,159810
10.850392106589894,-4.35033528885847,196.000392000784,37573
11.147386931153225,-4.418814517374342,136.000272000544,587896
10.750704057695687,-4.128499633015927,194.00038800077598,527950
11.196642783999922,-4.065820071174311,163.000326000652,106398
-6.014587232377991,-17.48436363945518,2.000004000008,93984
-4.226836622481154,-16.956865179339513,2.000004000008,452115
-5.655058462508791,-15.464824668279563,9.000018000036,201009
-3.729724191801003,-15.660038721520388,30.000060000119998,16977
-11.07324496141523,4.655078204230693,160.00032000064,321830
-10.669348304133884,4.701958013726803,191.000382000764,639113
-10.919659390731384,4.857498498833781,126.00025200050399,492909
-10.427877160687128,4.905706608894073,210.00042000084,425849
-8.026448863077704,-8.894829068716557,157.000314000628,216284
-7.498334528707559,-8.969860371005272,165.00033000066,355670
-7.846756820066429,-8.701962036045433,183.000366000732,190667
-7.7295521443812785,-8.631684769613814,182.00036400072798,500521
-6.448431176658947,4.036514613300531,169.00033800067598,456996
-6.061125699824318,3.94000097358742,150.0003000006,120374
-6.44527698176184,4.407220762197129,194.00038800077598,464468
-6.24445569540173,4.341193803989192,173.000346000692,170389
2.6551727086308587,11.46758980738245,198.000396000792,580036
3.090602016016063,11.36048039828182,166.000332000664,332340
2.4863963515179464,11.840635623824666,176.000352000704,424272
2.863760108793587,11.94203644637236,143.000286000572,243969
3.965057911485273,10.668193293577778,172.000344000688,69593
4.444191658721257,10.832989613917798,196.000392000784,315010
3.898690129376527,11.133074992592933,174.000348000696,27542
4.351955836494936,11.20073069085366,140.00028000056,55646
-6.557086177157779,9.847002059835626,178.000356000712,560337
-6.255957638041352,9.810221011112429,201.000402000804,450847
-6.387839321219166,10.195457191642728,137.000274000548,133027
-6.090519684814006,10.440956468772573,164.000328000656,592826
-1.8211659827038145,11.325891802859774,182.00036400072798,167257
-1.6004150942793909,11.257750110634085,187.000374000748,469153
-2.0007905072177072,11.951224459167326,159.00031800063599,617463
-1.5053461276820486,11.784345466212311,151.000302000604,516963
8.51036024483103,7.670745815754422,182.00036400072798,128892
8.766281268502379,7.789315709728377,176.000352000704,477597
8.753163808760767,7.84142042524894,182.00036400072798,267635
8.787196283557789,8.05806755683111,138.000276000552,556806
7.778191825512622,8.486953596305804,224.000448000896,371888
8.022224495483615,8.368257717239402,152.000304000608,322425
7.792982920748702,8.95883877461626,169.00033800067598,28425
8.146543345498845,8.594086140931063,131.000262000524,322186
6.172675226635706,3.1267103365607025,133.000266000532,285854
6.846145038294835,3.1750997393981075,180.00036000072,485327
6.381056163532455,3.569792598564314,156.000312000624,9635
6.777813780314804,3.5122785900507414,205.00041000081998,384770
1.8689184938020025,11.523054920200469,195.00039000078,641157
2.0535892903000885,11.388193902801914,167.000334000668,454304
1.8484161970940371,11.750039823102844,152.000304000608,366515
2.1116121018502465,11.636071213667329,159.00031800063599,88656
11.600765974551177,1.7617183201253972,193.00038600077198,524905
12.116517627317249,1.611034986625261,148.000296000592,579088
11.60584164124932,1.821084706184006,184.000368000736,628337
11.862647995221192,2.106576755292707,147.00029400058799,307882
3.0072566026640914,-16.643420101238906,3.000006000012,28722
2.577996717559419,-15.161917208670248,21.000042000084,239876
5.310203807146525,-15.197953758229124,17.000034000068,296728
-1.2801283628278164,26.351395007097643,191.000382000764,963149
-0.8299773561261675,26.438400228835132,195.00039000078,910777
-1.310966472119408,26.955223490885786,125.0002500005,962602
-0.7861222081362417,26.69205344567525,160.00032000064,975947
-5.835008760990778,-4.959497680411189,186.000372000744,118596
-5.284638948474085,-5.0267158391784905,170.00034000067998,430327
-5.774236051388228,-4.852832349297391,173.000346000692,398253
-5.444571310904975,-4.919775689526713,142.000284000568,299424
9.974896411450644,-6.072331541804706,174.000348000696,597298
10.515837115215112,-5.959358519719256,145.00029000058,283383
10.095732552932814,-5.661362080594403,182.00036400072798,120229
10.322470969751429,-5.519974333926334,170.00034000067998,571762
15.293800592754202,16.69874428146494,199.000398000796,725136
15.90130280331423,16.782859575768107,164.000328000656,779070
15.237311491467638,17.174356053456524,183.000366000732,799717
15.805073859456105,16.97583091632817,124.000248000496,770026
13.669758614513714,13.065528755235473,141.000282000564,848217
14.208126680905776,12.897061179663744,169.00033800067598,732035
14.000117762936016,13.20742561157116,168.000336000672,652131
14.369617812514504,13.372905681718809,192.000384000768,727343
-1.1227381288601683,-12.055132523615882,155.00031000062,34453
-0.9459861900215562,-12.098575762158989,172.000344000688,473027
-1.1351076840046102,-11.619714151908664,165.00033000066,89560
-0.9076020285858946,-11.380963679034622,177.000354000708,348020
20.70247966926632,23.520120744723474,193.00038600077198,728081
21.139061764898717,23.28293655230629,176.000352000704,773143
20.798002398765785,23.77901243512523,155.00031000062,894894
21.070049759621604,23.86108061811666,145.00029000058,852785
11.589000675448675,1.0192273865810513,196.000392000784,442174
11.85864233454414,0.9159501515812872,159.00031800063599,644762
11.734458541472012,1.4326281903572873,164.000328000656,106350
12.13229336483759,1.1907365017385132,148.000296000592,134147
-5.012815834578232,5.237880932865106,153.000306000612,514610
-4.7374019091858806,5.307746349781062,137.000274000548,463154
-5.016635672545807,5.79298811469171,205.00041000081998,405960
-4.505157797211503,5.609291089468936,172.000344000688,71491
-7.073098634743531,2.340974339787221,181.00036200072398,397859
-6.840744903772676,2.507479330511315,147.00029400058799,142880
-7.067685752939731,2.809593750318349,203.000406000812,265591
-6.746924283863225,2.5809069444516086,136.000272000544,132073
11.428134082682336,18.01190281925091,137.000274000548,711652
11.839405697540268,18.045725231988364,187.000374000748,740950
11.470345090195671,18.59892647048634,132.000264000528,746608
11.977104781935749,18.700982398268074,210.00042000084,779309
6.929684001913721,1.545683877857887,138.000276000552,387446
7.419041735041515,1.7625161550575628,169.00033800067598,618874
6.963266597257089,2.003281159221393,178.000356000712,374661
7.345985111071786,2.046676914599383,180.00036000072,268460
-13.73052487071753,6.427905179283131,34.000068000136,265520
-13.059093715192462,6.354530142420696,76.000152000304,471190
-13.868560490360702,6.803240102417154,15.000030000059999,551589
-12.820337612104034,6.811828580180274,41.000082000164,438411
19.736857077161176,19.781184739278068,145.00029000058,815091
20.112668921433464,19.640309006204333,156.000312000624,670010
19.882410561669413,19.91797439061851,175.0003500007,737732
20.13420405914357,19.984538608418024,188.000376000752,751649
-1.3001779440594745,-7.465957833894159,184.000368000736,574165
-0.939509124610459,-7.537288866168251,153.000306000612,414590
-1.1590693737909767,-7.1276796741146615,174.000348000696,183435
-0.6725244026654392,-7.0436627527299285,152.000304000608,315209
15.427386644280412,19.029991672761813,172.000344000688,895267
15.619144346593089,18.761367625906797,143.000286000572,669334
15.475405332925902,19.2845100892014,198.000396000792,729839
15.833647725485662,19.363873093095982,149.000298000596,737772
11.597472357196054,0.0707366060318001,197.000394000788,250573
11.87214477407504,0.0059741283267699,150.0003000006,578840
11.698905853050274,0.4583493777378009,169.00033800067598,104431
11.926369438463723,0.6393640398946173,146.00029200058398,239343
