x0,x1,x2,weight,source_index
0.5137254901960784,0.49019607843137253,0.5372549019607843,812.0046463278561,840848
0.7490196078431373,0.7254901960784313,0.7568627450980392,1104.006317174819,1029634
0.796078431372549,0.5333333333333333,0.24313725490196078,39.00022316106698,821912
0.7568627450980392,0.49411764705882355,0.2235294117647059,7.0000400545504835,827035
0.24705882352941178,0.3803921568627451,0.12156862745098039,4.000022888314562,456703
0.09411764705882353,0.25098039215686274,0.17647058823529413,17.000097275336888,180763
0.49411764705882355,0.3058823529411765,0.12156862745098039,44.00025177146018,150768
0.2627450980392157,0.3764705882352941,0.12156862745098039,343.00196267297366,527354
0.41568627450980394,0.39215686274509803,0.12156862745098039,4.000022888314562,919516
0.611764705882353,0.6274509803921569,0.3686274509803922,1.0000057220786405,907195
0.6980392156862745,0.6274509803921569,0.3568627450980392,8.000045776629124,773900
0.8784313725490196,0.8705882352941177,0.8745098039215686,2.000011444157281,888985
0.6274509803921569,0.37254901960784315,0.2901960784313726,4.000022888314562,1015010
0.24705882352941178,0.5098039215686274,0.6352941176470588,2.000011444157281,931830
0.4823529411764706,0.6470588235294118,0.7490196078431373,13.000074387022327,904107
0.49019607843137253,0.5019607843137255,0.23529411764705882,1.0000057220786405,906169
0.16862745098039217,0.3137254901960784,0.17254901960784313,2385.0136471575574,95115
0.25098039215686274,0.11764705882352941,0.1803921568627451,25.000143051966013,835838
0.6078431372549019,0.7647058823529411,0.7803921568627451,8.000045776629124,158197
0.7450980392156863,0.8705882352941177,0.8901960784313725,16.000091553258248,870899
0.7333333333333333,0.9019607843137255,0.9215686274509803,2.000011444157281,854363
0.5725490196078431,0.611764705882353,0.7490196078431373,2.000011444157281,902986
0.27058823529411763,0.30980392156862746,0.17647058823529413,129.00073814814462,558317
0.32941176470588235,0.3333333333333333,0.14901960784313725,156.0008926442679,705275
0.30980392156862746,0.4470588235294118,0.1843137254901961,110.00062942865046,429909
0.2980392156862745,0.4392156862745098,0.2,91.00052070915628,405309
0.8117647058823529,0.8,0.8431372549019608,156.0008926442679,903438
0.11764705882352941,0.2784313725490196,0.2784313725490196,17.000097275336888,110005
0.24313725490196078,0.3764705882352941,0.35294117647058826,18.000102997415528,103841
0.09411764705882353,0.25098039215686274,0.4117647058823529,6.000034332471843,152862
0.4823529411764706,0.6392156862745098,0.5764705882352941,6.000034332471843,708311
0.34509803921568627,0.5058823529411764,0.4470588235294118,12.000068664943687,211509
0.058823529411764705,0.06274509803921569,0.058823529411764705,2.000011444157281,836007
0.2627450980392157,0.3686274509803922,0.5019607843137255,37.000211716909696,505467
0.43137254901960786,0.37254901960784315,0.5058823529411764,2.000011444157281,934757
0.32941176470588235,0.49411764705882355,0.6392156862745098,24.000137329887373,165152
0.4627450980392157,0.48627450980392156,0.6274509803921569,16.000091553258248,957350
0.1450980392156863,0.09803921568627451,0.25098039215686274,4.000022888314562,946056
0.11764705882352941,0.2235294117647059,0.38823529411764707,20.00011444157281,149770
0.7450980392156863,0.5607843137254902,0.43529411764705883,80.00045776629123,868169
0.6784313725490196,0.7490196078431373,0.788235294117647,211.00120735859315,917374
0.6823529411764706,0.8117647058823529,0.7803921568627451,2.000011444157281,236108
0.7411764705882353,0.8274509803921568,0.807843137254902,21.00012016365145,126421
0.6823529411764706,0.7490196078431373,0.8117647058823529,72.00041198966211,861524
0.6666666666666666,0.8274509803921568,0.8431372549019608,2.000011444157281,162300
0.7137254901960784,0.8431372549019608,0.8588235294117647,119.00068092735822,870896
0.30196078431372547,0.1803921568627451,0.18823529411764706,135.00077248061646,936669
0.3568627450980392,0.1843137254901961,0.19215686274509805,70.00040054550483,900233
0.8901960784313725,0.7058823529411765,0.6352941176470588,10.000057220786404,953483
0.6549019607843137,0.6823529411764706,0.7490196078431373,23.00013160780873,961876
0.6941176470588235,0.6470588235294118,0.7529411764705882,1.0000057220786405,901963
0.6470588235294118,0.7411764705882353,0.8196078431372549,27.000154496123294,883572
0.6901960784313725,0.7411764705882353,0.8156862745098039,7.0000400545504835,858425
0.5803921568627451,0.47843137254901963,0.2901960784313726,202.0011558598854,873314
0.5411764705882353,0.5607843137254902,0.30196078431372547,18.000102997415528,214183
0.5607843137254902,0.5607843137254902,0.3058823529411765,24.000137329887373,204964
0.12549019607843137,0.058823529411764705,0.0196078431372549,52.00029754808931,718546
0.2235294117647059,0.054901960784313725,0.058823529411764705,1.0000057220786405,1005684
0.13333333333333333,0.054901960784313725,0.08627450980392157,8.000045776629124,876083
0.14901960784313725,0.28627450980392155,0.15294117647058825,277.0015850157834,76686
0.050980392156862744,0.13725490196078433,0.1843137254901961,1.0000057220786405,201110
0.058823529411764705,0.13333333333333333,0.20392156862745098,8.000045776629124,859608
0.050980392156862744,0.19215686274509805,0.19607843137254902,2.000011444157281,164354
0.07450980392156863,0.19215686274509805,0.20392156862745098,28.000160218201934,124373
0.5529411764705883,0.7019607843137254,0.6705882352941176,4.000022888314562,174612
0.611764705882353,0.6862745098039216,0.6823529411764706,57.00032615848251,597152
0.5568627450980392,0.6941176470588235,0.6941176470588235,11.000062942865044,257633
0.5843137254901961,0.43137254901960786,0.4392156862745098,148.00084686763878,975071
0.6313725490196078,0.3333333333333333,0.06274509803921569,5.000028610393202,791306
0.6313725490196078,0.3568627450980392,0.17254901960784313,44.00025177146018,853628
0.3803921568627451,0.37254901960784315,0.17254901960784313,10.000057220786404,734953
0.44313725490196076,0.3176470588235294,0.1843137254901961,21.00012016365145,751242
0.24705882352941178,0.12941176470588237,0.054901960784313725,156.0008926442679,877373
0.2196078431372549,0.24313725490196078,0.058823529411764705,1.0000057220786405,922599
0.16862745098039217,0.24313725490196078,0.09411764705882353,22.00012588573009,697325
0.23921568627450981,0.24705882352941178,0.06274509803921569,3.0000171662359216,929786
0.2901960784313726,0.3333333333333333,0.13333333333333333,101.0005779299427,790302
0.2823529411764706,0.3607843137254902,0.14901960784313725,449.0025692133096,560032
0.2980392156862745,0.3333333333333333,0.16862745098039217,34.000194550673775,350878
0.6352941176470588,0.5450980392156862,0.5764705882352941,132.00075531438054,1022594
0.6980392156862745,0.5490196078431373,0.5607843137254902,3.0000171662359216,913531
0.42745098039215684,0.5686274509803921,0.5372549019607843,6.000034332471843,113087
0.4666666666666667,0.5607843137254902,0.5019607843137255,73.00041771174075,508623
0.4235294117647059,0.5607843137254902,0.615686274509804,73.00041771174075,450146
0.5764705882352941,0.5490196078431373,0.6274509803921569,17.000097275336888,848023
0.5215686274509804,0.5529411764705883,0.6901960784313725,1.0000057220786405,857420
0.5725490196078431,0.5529411764705883,0.6862745098039216,1.0000057220786405,902984
0.5333333333333333,0.5764705882352941,0.6941176470588235,158.0009040884252,931673
0.5725490196078431,0.6196078431372549,0.6862745098039216,98.00056076370677,1013465
0.40784313725490196,0.5176470588235295,0.3058823529411765,51.00029182601067,252515
0.43529411764705883,0.5058823529411764,0.3333333333333333,74.00042343381939,320623
0.4980392156862745,0.5607843137254902,0.3686274509803922,1.0000057220786405,300189
0.5607843137254902,0.30980392156862746,0.25098039215686274,5.000028610393202,1016042
0.5137254901960784,0.3058823529411765,0.3333333333333333,13.000074387022327,966926
0.12941176470588237,0.17647058823529413,0.25098039215686274,216.00123596898635,485962
0.21568627450980393,0.1843137254901961,0.27450980392156865,24.000137329887373,858457
0.15294117647058825,0.1803921568627451,0.3254901960784314,9.000051498707764,150821
0.19215686274509805,0.16862745098039217,0.33725490196078434,7.0000400545504835,942975
0.21568627450980393,0.3176470588235294,0.1411764705882353,123.00070381567278,637951
0.21176470588235294,0.34509803921568627,0.17647058823529413,178.001018529998,141294
0.30980392156862746,0.4588235294117647,0.4196078431372549,11.000062942865044,829725
0.3686274509803922,0.4588235294117647,0.4196078431372549,70.00040054550483,318935
0.30980392156862746,0.4392156862745098,0.48627450980392156,30.000171662359215,570996
0.1607843137254902,0.2627450980392157,0.29411764705882354,66.00037765719027,100754
0.17647058823529413,0.33725490196078434,0.30980392156862746,8.000045776629124,171534
0.24313725490196078,0.3568627450980392,0.2549019607843137,52.00029754808931,315018
0.16862745098039217,0.3176470588235294,0.36470588235294116,16.000091553258248,234998
0.23529411764705882,0.3254901960784314,0.36470588235294116,190.00108719494168,613040
0.8,0.7568627450980392,0.611764705882353,8.000045776629124,706254
0.8823529411764706,0.7686274509803922,0.6078431372549019,1.0000057220786405,148720
0.8823529411764706,0.8117647058823529,0.6901960784313725,34.000194550673775,148717
0.6901960784313725,0.48627450980392156,0.4117647058823529,179.00102425207663,949355
0.6431372549019608,0.43137254901960786,0.4392156862745098,1.0000057220786405,1042558
0.6901960784313725,0.4980392156862745,0.4549019607843137,33.000188828595135,986165
0.1607843137254902,0.21568627450980393,0.13725490196078433,8.000045776629124,135655
0.12941176470588237,0.21568627450980393,0.1568627450980392,63.00036049095435,135905
0.17647058823529413,0.18823529411764706,0.1607843137254902,65.00037193511163,422173
0.1568627450980392,0.24313725490196078,0.1568627450980392,860.0049209876308,295685
0.3176470588235294,0.30980392156862746,0.39215686274509803,85.00048637668444,935788
0.25882352941176473,0.2980392156862745,0.4823529411764706,12.000068664943687,950162
0.3137254901960784,0.30196078431372547,0.4588235294117647,1.0000057220786405,856382
0.7529411764705882,0.7764705882352941,0.8156862745098039,293.00167656904165,879791
0.788235294117647,0.7725490196078432,0.8235294117647058,29.000165940280574,842881
0.7686274509803922,0.807843137254902,0.8431372549019608,118.00067520527958,574489
0.807843137254902,0.807843137254902,0.8431372549019608,87.00049782084172,907527
0.2784313725490196,0.40784313725490196,0.14901960784313725,3.0000171662359216,422902
0.30196078431372547,0.4117647058823529,0.15294117647058825,481.0027523198261,441247
0.27450980392156865,0.40784313725490196,0.16862745098039217,265.0015163508397,435001
0.09019607843137255,0.09411764705882353,0.09019607843137255,3.0000171662359216,458175
0.0784313725490196,0.10196078431372549,0.12156862745098039,885.0050640395968,164227
0.30980392156862746,0.4470588235294118,0.27058823529411763,1.0000057220786405,203315
0.2627450980392157,0.3843137254901961,0.37254901960784315,41.00023460522426,100744
0.3058823529411765,0.4588235294117647,0.36470588235294116,12.000068664943687,311944
0.3568627450980392,0.4470588235294118,0.36470588235294116,79.0004520442126,286961
0.18823529411764706,0.25882352941176473,0.14901960784313725,172.00098419752615,286648
0.2235294117647059,0.27450980392156865,0.15294117647058825,5.000028610393202,612609
0.24705882352941178,0.2784313725490196,0.16862745098039217,51.00029182601067,634616
0.2196078431372549,0.30980392156862746,0.1568627450980392,533.0030498679154,318438
0.3764705882352941,0.38823529411764707,0.16470588235294117,64.00036621303299,773902
0.44313725490196076,0.42745098039215684,0.14901960784313725,4.000022888314562,898984
0.43137254901960786,0.4392156862745098,0.16862745098039217,1.0000057220786405,875372
0.44313725490196076,0.44313725490196076,0.16862745098039217,20.00011444157281,876399
0.45098039215686275,0.3843137254901961,0.24705882352941178,88.00050354292036,79883
0.20392156862745098,0.35294117647058826,0.19607843137254902,196.00112152741355,143253
0.21568627450980393,0.3333333333333333,0.2196078431372549,84.0004806546058,139846
0.23921568627450981,0.3254901960784314,0.2196078431372549,550.0031471432522,489179
0.2,0.34901960784313724,0.2235294117647059,4.000022888314562,87858
0.4745098039215686,0.43529411764705883,0.5019607843137255,169.00096703129023,926531
0.3803921568627451,0.43137254901960786,0.5843137254901961,9.000051498707764,972754
0.27058823529411763,0.43137254901960786,0.5607843137254902,35.000200272752416,446002
0.3607843137254902,0.41568627450980394,0.5725490196078431,16.000091553258248,844318
0.30196078431372547,0.4666666666666667,0.5803921568627451,100.00057220786405,452131
0.35294117647058826,0.18823529411764706,0.03137254901960784,3.0000171662359216,735966
0.30980392156862746,0.18823529411764706,0.10980392156862745,153.000875478032,775828
0.6392156862745098,0.6941176470588235,0.5490196078431373,11.000062942865044,241240
0.6941176470588235,0.6862745098039216,0.5450980392156862,19.00010871949417,169216
0.6784313725490196,0.6941176470588235,0.6,125.00071525983006,588521
0.1843137254901961,0.3215686274509804,0.42745098039215684,15.000085831179607,527986
0.1843137254901961,0.28627450980392155,0.44313725490196076,58.00033188056115,153867
0.19607843137254902,0.2901960784313726,0.4666666666666667,79.0004520442126,977889
0.17254901960784313,0.32941176470588235,0.4470588235294118,15.000085831179607,457315
0.28627450980392155,0.3411764705882353,0.19607843137254902,134.00076675853782,668418
0.2823529411764706,0.3411764705882353,0.2196078431372549,74.00042343381939,626426
0.2901960784313726,0.37254901960784315,0.2235294117647059,795.0045490525192,567065
0.7647058823529411,0.8431372549019608,0.8352941176470589,24.000137329887373,944008
0.788235294117647,0.8470588235294118,0.8196078431372549,82.00046921044851,295548
0.7764705882352941,0.8156862745098039,0.8431372549019608,318.00181962100766,778332
0.7686274509803922,0.8588235294117647,0.8470588235294118,60.00034332471843,196133
0.807843137254902,0.8549019607843137,0.8549019607843137,279.0015964599407,854459
0.7137254901960784,0.7490196078431373,0.7725490196078432,472.0027008211183,1004316
0.7098039215686275,0.792156862745098,0.7490196078431373,10.000057220786404,221758
0.7411764705882353,0.7843137254901961,0.7764705882352941,66.00037765719027,405032
0.6941176470588235,0.8,0.788235294117647,48.000274659774746,235082
0.7411764705882353,0.803921568627451,0.807843137254902,718.0041084524638,952223
0.13725490196078433,0.1568627450980392,0.15294117647058825,43.00024604938154,582206
0.1568627450980392,0.14901960784313725,0.1843137254901961,411.00235177432126,227763
0.6509803921568628,0.592156862745098,0.4627450980392157,796.0045547745979,112934
0.6313725490196078,0.5607843137254902,0.47058823529411764,306.001750956064,782918
0.6509803921568628,0.6039215686274509,0.47843137254901963,230.0013160780873,132383
0.8196078431372549,0.6745098039215687,0.6392156862745098,36.000205994831056,970851
0.8352941176470589,0.7411764705882353,0.6627450980392157,166.0009498650543,845466
0.7607843137254902,0.6823529411764706,0.6901960784313725,41.00023460522426,942348
0.8235294117647058,0.7254901960784313,0.7019607843137254,117.00066948320094,1044629
0.050980392156862744,0.054901960784313725,0.1803921568627451,4.000022888314562,863676
0.10588235294117647,0.054901960784313725,0.13725490196078433,6.000034332471843,828690
0.058823529411764705,0.09803921568627451,0.13333333333333333,98.00056076370677,167394
0.0,0.047058823529411764,0.23921568627450981,25.000143051966013,983026
0.054901960784313725,0.06274509803921569,0.24705882352941178,12.000068664943687,951191
0.11764705882352941,0.11372549019607843,0.24313725490196078,35.000200272752416,863491
0.7372549019607844,0.7137254901960784,0.7607843137254902,320.00183106516494,861352
0.6901960784313725,0.7137254901960784,0.796078431372549,3.0000171662359216,870964
0.2784313725490196,0.41568627450980394,0.18823529411764706,54.00030899224659,406328
0.28627450980392155,0.4117647058823529,0.19607843137254902,760.0043487797667,374638
0.2784313725490196,0.40784313725490196,0.2235294117647059,13.000074387022327,249480
0.4117647058823529,0.5490196078431373,0.41568627450980394,76.00043487797667,494298
0.43529411764705883,0.5607843137254902,0.39215686274509803,1.0000057220786405,709339
0.44313725490196076,0.5607843137254902,0.4235294117647059,25.000143051966013,703196
0.43529411764705883,0.5529411764705883,0.4588235294117647,68.00038910134755,685786
0.42745098039215684,0.5607843137254902,0.4588235294117647,2.000011444157281,298624
0.49411764705882355,0.5686274509803921,0.48627450980392156,41.00023460522426,296171
0.3764705882352941,0.17254901960784313,0.13725490196078433,38.00021743898834,1032359
0.44313725490196076,0.23529411764705882,0.12549019607843137,160.00091553258247,810644
0.3843137254901961,0.1843137254901961,0.18823529411764706,3.0000171662359216,934109
0.2235294117647059,0.13725490196078433,0.12941176470588237,272.0015564053902,932544
0.19215686274509805,0.1450980392156863,0.16470588235294117,51.00029182601067,184617
0.2196078431372549,0.12941176470588237,0.17254901960784313,40.00022888314562,949457
0.2196078431372549,0.1568627450980392,0.16862745098039217,636.0036392420153,896481
0.14901960784313725,0.0784313725490196,0.07058823529411765,745.0042629485871,917246
0.17254901960784313,0.0784313725490196,0.06274509803921569,250.00143051966012,728770
0.13725490196078433,0.08627450980392157,0.10588235294117647,54.00030899224659,853297
0.1843137254901961,0.0784313725490196,0.12156862745098039,11.000062942865044,891443
0.1607843137254902,0.12156862745098039,0.09803921568627451,661.0037822939813,639358
0.09019607843137255,0.18823529411764706,0.13725490196078433,1.0000057220786405,103082
0.0784313725490196,0.18823529411764706,0.17254901960784313,3.0000171662359216,160252
0.11764705882352941,0.21176470588235294,0.1568627450980392,602.0034446913415,94946
0.43529411764705883,0.5529411764705883,0.6274509803921569,183.0010471403912,942044
0.4196078431372549,0.5803921568627451,0.6549019607843137,166.0009498650543,895897
0.4823529411764706,0.5529411764705883,0.6941176470588235,3.0000171662359216,858431
0.396078431372549,0.5843137254901961,0.6980392156862745,55.00031471432523,889734
0.4627450980392157,0.596078431372549,0.7019607843137254,47.0002689376961,148750
0.403921568627451,0.47058823529411764,0.2627450980392157,119.00068092735822,286841
0.4196078431372549,0.47843137254901963,0.2627450980392157,689.0039425121832,271469
0.403921568627451,0.47058823529411764,0.30196078431372547,85.00048637668444,331859
0.6078431372549019,0.7490196078431373,0.6901960784313725,1.0000057220786405,828702
0.6313725490196078,0.7019607843137254,0.7098039215686275,571.0032673069037,577642
0.6549019607843137,0.7019607843137254,0.7019607843137254,663.0037937381386,542384
0.6313725490196078,0.7294117647058823,0.7019607843137254,20.00011444157281,822553
0.6705882352941176,0.7254901960784313,0.7058823529411765,117.00066948320094,603835
0.6509803921568628,0.7176470588235294,0.7450980392156863,85.00048637668444,516758
0.6823529411764706,0.7176470588235294,0.7254901960784313,537.0030727562299,287343
0.7607843137254902,0.8901960784313725,0.9058823529411765,74.00042343381939,257632
0.8666666666666667,0.9372549019607843,0.9254901960784314,7.0000400545504835,224678
0.8470588235294118,0.9176470588235294,0.9411764705882353,4.000022888314562,257629
0.8627450980392157,0.9529411764705882,0.9490196078431372,15.000085831179607,200230
0.6980392156862745,0.7607843137254902,0.8117647058823529,352.0020141716814,561185
0.7137254901960784,0.803921568627451,0.8274509803921568,64.00036621303299,217654
0.6862745098039216,0.7725490196078432,0.8509803921568627,3.0000171662359216,150801
0.7019607843137254,0.7843137254901961,0.8431372549019608,26.000148774044654,153897
0.7215686274509804,0.807843137254902,0.8431372549019608,58.00033188056115,145681
0.6,0.30980392156862746,0.12549019607843137,52.00029754808931,835189
0.5411764705882353,0.3137254901960784,0.1843137254901961,117.00066948320094,803431
0.5647058823529412,0.3333333333333333,0.1843137254901961,208.00119019235723,859824
0.5647058823529412,0.30196078431372547,0.22745098039215686,18.000102997415528,1022199
0.07058823529411765,0.023529411764705882,0.011764705882352941,38.00021743898834,784775
0.09803921568627451,0.027450980392156862,0.023529411764705882,4.000022888314562,851379
0.09411764705882353,0.050980392156862744,0.023529411764705882,693.0039654004978,763601
0.07058823529411765,0.027450980392156862,0.03529411764705882,4.000022888314562,616152
0.11372549019607843,0.027450980392156862,0.0392156862745098,3.0000171662359216,829697
0.7803921568627451,0.7607843137254902,0.7607843137254902,539.0030842003872,897174
0.7490196078431373,0.7803921568627451,0.7764705882352941,255.00145913005332,482956
0.8,0.807843137254902,0.7490196078431373,283.00161934825525,533207
0.7843137254901961,0.7725490196078432,0.7843137254901961,376.0021515015688,1046005
0.6549019607843137,0.6470588235294118,0.6941176470588235,563.0032215302746,900416
0.6274509803921569,0.6509803921568628,0.7215686274509804,6.000034332471843,795183
0.6588235294117647,0.6509803921568628,0.7372549019607844,1.0000057220786405,815656
0.6352941176470588,0.43137254901960786,0.2784313725490196,158.0009040884252,895820
0.6705882352941176,0.44313725490196076,0.2980392156862745,145.00082970140286,854697
0.6901960784313725,0.4745098039215686,0.27058823529411763,69.00039482342619,840297
0.6901960784313725,0.4745098039215686,0.37254901960784315,18.000102997415528,919593
0.29411764705882354,0.20784313725490197,0.15294117647058825,582.0033302497687,739737
0.25098039215686274,0.2235294117647059,0.1411764705882353,5.000028610393202,659156
0.2980392156862745,0.2196078431372549,0.15294117647058825,16.000091553258248,614119
0.27450980392156865,0.2235294117647059,0.1803921568627451,612.003501912128,611754
0.7019607843137254,0.7058823529411765,0.7019607843137254,586.0033531380833,713017
0.7411764705882353,0.6901960784313725,0.7058823529411765,858.0049095434736,943538
0.6941176470588235,0.7294117647058823,0.7098039215686275,363.00207711454647,108881
0.7372549019607844,0.7254901960784313,0.6862745098039216,401.00229455353485,303352
0.7333333333333333,0.7254901960784313,0.7333333333333333,685.0039196238687,808052
0.9529411764705882,0.9098039215686274,0.8745098039215686,1.0000057220786405,1006716
0.8980392156862745,0.9411764705882353,0.9176470588235294,122.00069809359414,132573
0.9411764705882353,0.9568627450980393,0.9254901960784314,20.00011444157281,373259
0.9058823529411765,0.9254901960784314,0.9450980392156862,8.000045776629124,829988
0.8823529411764706,0.9450980392156862,0.9450980392156862,44.00025177146018,104803
0.9372549019607843,0.9490196078431372,0.9450980392156862,9.000051498707764,178693
0.6196078431372549,0.5647058823529412,0.4470588235294118,175.00100136376207,710312
0.596078431372549,0.6078431372549019,0.4549019607843137,790.004520442126,228596
0.5882352941176471,0.5686274509803921,0.4823529411764706,209.00119591443587,687769
0.596078431372549,0.5803921568627451,0.49411764705882355,187.00107002870575,679589
0.592156862745098,0.6078431372549019,0.49019607843137253,781.0044689434183,329934
0.5882352941176471,0.6666666666666666,0.6980392156862745,497.0028438730843,486022
0.5647058823529412,0.6235294117647059,0.7254901960784313,39.00022316106698,857399
0.592156862745098,0.6352941176470588,0.7372549019607844,33.000188828595135,856351
0.5686274509803921,0.6666666666666666,0.7215686274509804,125.00071525983006,434740
0.45098039215686275,0.4666666666666667,0.3176470588235294,358.00204850415327,628468
0.49019607843137253,0.44313725490196076,0.3254901960784314,94.0005378753922,623887
0.49411764705882355,0.49411764705882355,0.3254901960784314,894.0051155383046,464090
0.44313725490196076,0.4392156862745098,0.35294117647058826,83.00047493252715,636649
0.47843137254901963,0.44313725490196076,0.37254901960784315,185.00105858454847,435503
0.4823529411764706,0.4980392156862745,0.3607843137254902,639.0036564082512,456811
0.8431372549019608,0.8235294117647058,0.8313725490196079,216.00123596898635,892061
0.8274509803921568,0.8470588235294118,0.8313725490196079,202.0011558598854,909875
0.8627450980392157,0.8509803921568627,0.8392156862745098,169.00096703129023,818313
0.8431372549019608,0.8274509803921568,0.8588235294117647,67.00038337926891,856716
0.7803921568627451,0.807843137254902,0.8823529411764706,1.0000057220786405,827940
0.8,0.8549019607843137,0.8784313725490196,107.00061226241453,878023
0.20784313725490197,0.2196078431372549,0.20784313725490197,99.00056648578541,456146
0.24705882352941178,0.2196078431372549,0.20392156862745098,660.0037765719027,670302
0.23137254901960785,0.19215686274509805,0.2196078431372549,182.00104141831255,170261
0.21176470588235294,0.23137254901960785,0.24705882352941178,773.0044231667891,252305
0.12941176470588237,0.12549019607843137,0.0784313725490196,2.000011444157281,678623
0.17647058823529413,0.12549019607843137,0.09019607843137255,102.00058365202133,756178
0.14901960784313725,0.16862745098039217,0.10980392156862745,1.0000057220786405,677596
0.1843137254901961,0.1568627450980392,0.12156862745098039,11.000062942865044,740897
0.7647058823529411,0.7568627450980392,0.6705882352941176,154.00088120011063,650960
0.8352941176470589,0.8,0.6549019607843137,27.000154496123294,222560
0.8431372549019608,0.8235294117647058,0.6784313725490196,1.0000057220786405,229737
0.8,0.8117647058823529,0.7450980392156863,13.000074387022327,478918
0.8196078431372549,0.8235294117647058,0.7254901960784313,37.000211716909696,214362
0.5137254901960784,0.5254901960784314,0.3764705882352941,538.0030784783086,437430
0.5411764705882353,0.5137254901960784,0.39215686274509803,99.00056648578541,697976
0.5058823529411764,0.5176470588235295,0.43137254901960786,76.00043487797667,557763
0.5372549019607843,0.5254901960784314,0.4196078431372549,174.00099564168343,687772
0.5372549019607843,0.5568627450980392,0.4196078431372549,859.0049152655522,432224
0.3137254901960784,0.4,0.1450980392156863,128.00073242606598,495514
0.3568627450980392,0.3803921568627451,0.1450980392156863,2.000011444157281,878455
0.3176470588235294,0.4196078431372549,0.15294117647058825,498.00284959516296,456593
0.34509803921568627,0.3803921568627451,0.17647058823529413,14.000080109100967,825150
0.34509803921568627,0.43137254901960786,0.1803921568627451,132.00075531438054,514918
0.45098039215686275,0.5137254901960784,0.3137254901960784,760.0043487797667,296072
0.47843137254901963,0.5019607843137255,0.3215686274509804,625.0035762991503,97669
0.4666666666666667,0.5294117647058824,0.3215686274509804,31.000177384437855,280738
0.47843137254901963,0.5333333333333333,0.3254901960784314,414.0023689405572,283803
0.4666666666666667,0.5294117647058824,0.34901960784313724,44.00025177146018,321661
0.47843137254901963,0.5372549019607843,0.3568627450980392,604.0034561354988,312466
0.3411764705882353,0.2823529411764706,0.19607843137254902,163.0009326988184,65
0.3607843137254902,0.2823529411764706,0.21176470588235294,468.00267793280375,793109
0.3333333333333333,0.27058823529411763,0.22745098039215686,638.0036506861726,554338
0.3686274509803922,0.26666666666666666,0.2196078431372549,487.0027866522979,253221
0.3176470588235294,0.2901960784313726,0.2196078431372549,503.00287820555616,656986
0.6274509803921569,0.5411764705882353,0.6549019607843137,2.000011444157281,902983
0.6862745098039216,0.611764705882353,0.6313725490196078,107.00061226241453,1002040
0.6235294117647059,0.6078431372549019,0.6862745098039216,5.000028610393202,812585
0.6980392156862745,0.6078431372549019,0.6980392156862745,1.0000057220786405,901962
0.5568627450980392,0.6274509803921569,0.5450980392156862,18.000102997415528,577653
0.592156862745098,0.6941176470588235,0.5529411764705883,4.000022888314562,677594
0.5019607843137255,0.6431372549019608,0.615686274509804,59.00033760263979,143851
0.5764705882352941,0.6862745098039216,0.5686274509803921,13.000074387022327,709334
0.6313725490196078,0.6980392156862745,0.7529411764705882,739.0042286161153,577619
0.6392156862745098,0.7176470588235294,0.7647058823529411,236.00135041055916,919501
0.6392156862745098,0.7137254901960784,0.7803921568627451,19.00010871949417,866703
0.6588235294117647,0.7058823529411765,0.792156862745098,8.000045776629124,866745
0.6274509803921569,0.7254901960784313,0.7803921568627451,48.000274659774746,918476
0.6705882352941176,0.7294117647058823,0.7843137254901961,694.0039711225764,600205
0.403921568627451,0.1843137254901961,0.054901960784313725,166.0009498650543,803438
0.3803921568627451,0.1843137254901961,0.08235294117647059,46.00026321561746,814718
0.5803921568627451,0.5254901960784314,0.3254901960784314,867.0049610421813,147550
0.592156862745098,0.5254901960784314,0.33725490196078434,32.000183106516495,2373
0.6039215686274509,0.5529411764705883,0.3411764705882353,227.0012989118514,166028
0.5764705882352941,0.5098039215686274,0.3686274509803922,270.0015449612329,156934
0.6,0.5254901960784314,0.36470588235294116,684.00391390179,105533
0.5882352941176471,0.5450980392156862,0.34901960784313724,729.0041713953289,72031
0.6823529411764706,0.5607843137254902,0.3803921568627451,13.000074387022327,227682
0.6235294117647059,0.592156862745098,0.3803921568627451,346.0019798392096,176314
0.6745098039215687,0.6039215686274509,0.38823529411764707,3.0000171662359216,841546
0.6549019607843137,0.5647058823529412,0.43137254901960786,102.00058365202133,758404
0.6549019607843137,0.615686274509804,0.43137254901960786,19.00010871949417,177356
0.21568627450980393,0.25098039215686274,0.0784313725490196,1.0000057220786405,927733
0.23529411764705882,0.2627450980392157,0.08235294117647059,7.0000400545504835,926706
0.2,0.3058823529411765,0.09019607843137255,4.000022888314562,443357
0.19607843137254902,0.2784313725490196,0.12156862745098039,830.0047493252716,910322
0.23529411764705882,0.2784313725490196,0.11764705882352941,22.00012588573009,925682
0.2627450980392157,0.2823529411764706,0.0784313725490196,109.00062370657182,922598
0.3137254901960784,0.3058823529411765,0.0784313725490196,3.0000171662359216,924651
0.33725490196078434,0.3333333333333333,0.09803921568627451,74.00042343381939,925677
0.8392156862745098,0.6235294117647059,0.36470588235294116,1.0000057220786405,841376
0.5882352941176471,0.5254901960784314,0.403921568627451,196.00112152741355,518394
0.5843137254901961,0.5333333333333333,0.3803921568627451,50.00028610393203,705185
0.5647058823529412,0.5058823529411764,0.40784313725490196,241.00137902095236,441575
0.6039215686274509,0.5176470588235295,0.40784313725490196,771.0044117226319,3286
0.5803921568627451,0.5490196078431373,0.4196078431372549,159.00090981050383,629008
0.6196078431372549,0.5294117647058824,0.42745098039215684,667.0038166264532,885395
0.7647058823529411,0.792156862745098,0.8156862745098039,869.0049724863386,846291
0.7568627450980392,0.796078431372549,0.8235294117647058,1397.0079937438607,659518
0.7529411764705882,0.788235294117647,0.8274509803921568,503.00287820555616,620632
0.7647058823529411,0.7843137254901961,0.8352941176470589,102.00058365202133,860291
0.7568627450980392,0.796078431372549,0.8274509803921568,2137.0122280820547,745629
0.4588235294117647,0.4549019607843137,0.25098039215686274,488.00279237437655,187413
0.4745098039215686,0.4666666666666667,0.25098039215686274,317.001813898929,180288
0.4392156862745098,0.4627450980392157,0.2980392156862745,765.0043773901599,511155
0.4745098039215686,0.44313725490196076,0.3058823529411765,10.000057220786404,672447
0.4745098039215686,0.49019607843137253,0.2980392156862745,320.00183106516494,66961
0.3764705882352941,0.3058823529411765,0.3803921568627451,20.00011444157281,937735
0.4823529411764706,0.30196078431372547,0.40784313725490196,1.0000057220786405,928564
0.38823529411764707,0.3686274509803922,0.4666666666666667,216.00123596898635,957139
0.4549019607843137,0.34901960784313724,0.4549019607843137,32.000183106516495,934697
0.6274509803921569,0.6509803921568628,0.6431372549019608,478.00273515359015,117182
0.6745098039215687,0.6235294117647059,0.6431372549019608,446.00255204707366,1006135
0.6470588235294118,0.6666666666666666,0.6431372549019608,373.00213433533287,543417
0.6627450980392157,0.6627450980392157,0.6313725490196078,460.0026321561746,378511
0.6431372549019608,0.6745098039215687,0.6627450980392157,541.0030956445445,350764
0.6784313725490196,0.6627450980392157,0.6784313725490196,554.0031700315668,859327
0.1411764705882353,0.1450980392156863,0.18823529411764706,335.00191689634454,256426
0.1568627450980392,0.15294117647058825,0.21568627450980393,47.0002689376961,320031
0.15294117647058825,0.1450980392156863,0.23921568627450981,25.000143051966013,873922
0.17254901960784313,0.14901960784313725,0.2196078431372549,10.000057220786404,816678
0.12549019607843137,0.17647058823529413,0.23921568627450981,759.0043430576881,880118
0.1607843137254902,0.1803921568627451,0.23529411764705882,354.0020256158387,312710
0.3764705882352941,0.27450980392156865,0.20392156862745098,404.0023117197708,765337
0.4117647058823529,0.27058823529411763,0.2,150.00085831179607,203076
0.403921568627451,0.29411764705882354,0.21568627450980393,602.0034446913415,715131
0.43137254901960786,0.30196078431372547,0.20392156862745098,232.0013275222446,725674
0.4117647058823529,0.27450980392156865,0.23921568627450981,430.0024604938154,905602
0.40784313725490196,0.28627450980392155,0.24313725490196078,600.0034332471843,939518
0.5254901960784314,0.5686274509803921,0.39215686274509803,389.00222588859117,304303
0.5411764705882353,0.5803921568627451,0.39215686274509803,754.0043144472949,273605
0.5529411764705883,0.592156862745098,0.4,4.000022888314562,256200
0.5058823529411764,0.5607843137254902,0.40784313725490196,702.0040168992056,588952
0.5215686274509804,0.592156862745098,0.43529411764705883,1.0000057220786405,476875
0.5568627450980392,0.592156862745098,0.43529411764705883,77.00044060005531,283863
0.0196078431372549,0.0196078431372549,0.027450980392156862,312.0017852885358,188827
0.043137254901960784,0.027450980392156862,0.023529411764705882,460.0026321561746,846566
0.023529411764705882,0.023529411764705882,0.03529411764705882,437.0025005483659,220564
0.03529411764705882,0.027450980392156862,0.03137254901960784,78.00044632213395,656104
0.027450980392156862,0.03137254901960784,0.03529411764705882,104.00059509617861,211363
0.5098039215686274,0.5803921568627451,0.6274509803921569,782.0044746654969,983955
0.5333333333333333,0.5882352941176471,0.6470588235294118,472.0027008211183,227862
0.5254901960784314,0.6078431372549019,0.6509803921568628,514.0029411484212,302568
0.5529411764705883,0.6196078431372549,0.6274509803921569,581.0033245276901,842162
0.5215686274509804,0.5882352941176471,0.6588235294117647,216.00123596898635,991989
0.5372549019607843,0.5882352941176471,0.6549019607843137,157.00089836634655,1012435
0.5215686274509804,0.6078431372549019,0.6666666666666666,648.003707906959,935893
0.3137254901960784,0.21568627450980393,0.12549019607843137,616.0035248004425,794294
0.3607843137254902,0.18823529411764706,0.12941176470588237,300.00171662359213,1046592
0.3215686274509804,0.2235294117647059,0.12941176470588237,99.00056648578541,765619
0.36470588235294116,0.23921568627450981,0.1450980392156863,171.0009784754475,738984
0.34509803921568627,0.20784313725490197,0.1843137254901961,692.0039596784192,944613
0.35294117647058826,0.2235294117647059,0.1568627450980392,324.0018539534795,745135
0.4392156862745098,0.33725490196078434,0.25882352941176473,539.0030842003872,771477
0.49019607843137253,0.33725490196078434,0.27450980392156865,82.00046921044851,929356
0.4745098039215686,0.3607843137254902,0.25882352941176473,697.0039882888124,21593
0.4549019607843137,0.3215686274509804,0.2823529411764706,446.00255204707366,963122
0.49411764705882355,0.32941176470588235,0.29411764705882354,332.0018997301086,1016908
0.4549019607843137,0.37254901960784315,0.30980392156862746,625.0035762991503,786849
0.4823529411764706,0.37254901960784315,0.2901960784313726,450.0025749353882,691566
0.5725490196078431,0.3843137254901961,0.3411764705882353,788.0045089979687,1005830
0.5686274509803921,0.40784313725490196,0.33725490196078434,36.000205994831056,1026096
0.615686274509804,0.41568627450980394,0.32941176470588235,256.00146485213196,908337
0.6078431372549019,0.403921568627451,0.34901960784313724,438.00250627044454,1001526
0.5843137254901961,0.40784313725490196,0.34509803921568627,239.00136757679508,881738
0.3411764705882353,0.39215686274509803,0.25098039215686274,138.00078964685238,541754
0.3333333333333333,0.4235294117647059,0.2549019607843137,694.0039711225764,63945
0.33725490196078434,0.403921568627451,0.2901960784313726,18.000102997415528,103844
0.37254901960784315,0.4,0.2901960784313726,31.000177384437855,426660
0.3215686274509804,0.43529411764705883,0.2901960784313726,26.000148774044654,263785
0.37254901960784315,0.43529411764705883,0.28627450980392155,97.00055504162813,380938
0.5764705882352941,0.5882352941176471,0.396078431372549,444.0025406029164,222428
0.5764705882352941,0.596078431372549,0.403921568627451,103.00058937409997,232660
0.615686274509804,0.592156862745098,0.3803921568627451,290.0016594028057,194763
0.5882352941176471,0.5843137254901961,0.4117647058823529,544.0031128107804,188684
0.6196078431372549,0.5882352941176471,0.4117647058823529,288.00164795864845,171258
0.5686274509803921,0.592156862745098,0.42745098039215684,569.0032558627464,249056
0.6,0.596078431372549,0.43529411764705883,893.005109816226,197902
0.20784313725490197,0.20784313725490197,0.15294117647058825,20.00011444157281,585450
0.24705882352941178,0.19215686274509805,0.15294117647058825,488.00279237437655,624940
0.21176470588235294,0.23529411764705882,0.15294117647058825,8.000045776629124,598767
0.22745098039215686,0.24313725490196078,0.12941176470588237,9.000051498707764,556773
0.21568627450980393,0.19215686274509805,0.16470588235294117,856.0048980993163,667214
0.20392156862745098,0.24705882352941178,0.1607843137254902,15.000085831179607,555754
0.23529411764705882,0.2196078431372549,0.16862745098039217,73.00041771174075,655970
0.25882352941176473,0.21568627450980393,0.19215686274509805,323.00184823140086,787858
0.30196078431372547,0.21568627450980393,0.19607843137254902,152.00086975595335,892358
0.25098039215686274,0.20392156862745098,0.24313725490196078,55.00031471432523,799277
0.28627450980392155,0.20784313725490197,0.23921568627450981,64.00036621303299,929542
0.25098039215686274,0.23529411764705882,0.22745098039215686,671.0038395147677,387345
0.2823529411764706,0.23529411764705882,0.2196078431372549,181.0010356962339,474375
0.3843137254901961,0.4,0.25882352941176473,74.00042343381939,552005
0.43137254901960786,0.3803921568627451,0.2627450980392157,25.000143051966013,581341
0.4117647058823529,0.43137254901960786,0.26666666666666666,352.0020141716814,525538
0.4,0.38823529411764707,0.29411764705882354,44.00025177146018,658171
0.42745098039215684,0.3764705882352941,0.2901960784313726,180.00102997415527,703115
0.4196078431372549,0.43529411764705883,0.2823529411764706,102.00058365202133,563297
0.2,0.27450980392156865,0.2,23.00013160780873,146925
0.24313725490196078,0.26666666666666666,0.18823529411764706,28.000160218201934,596719
0.23137254901960785,0.29411764705882354,0.20784313725490197,544.0031128107804,471750
0.20392156862745098,0.25098039215686274,0.23529411764705882,11.000062942865044,365036
0.24705882352941178,0.25098039215686274,0.24313725490196078,114.00065231696502,553507
0.21568627450980393,0.30196078431372547,0.2196078431372549,11.000062942865044,154100
0.24705882352941178,0.30980392156862746,0.2235294117647059,53.00030327016795,561895
0.21568627450980393,0.12549019607843137,0.09019607843137255,355.00203133791734,905855
0.24705882352941178,0.1411764705882353,0.09019607843137255,555.0031757536455,878274
0.21176470588235294,0.17647058823529413,0.08235294117647059,2.000011444157281,834972
0.23921568627450981,0.16470588235294117,0.09019607843137255,40.00022888314562,797371
0.24705882352941178,0.13725490196078433,0.09411764705882353,515.0029468704998,910968
0.21568627450980393,0.1568627450980392,0.11764705882352941,452.0025863795455,680354
0.22745098039215686,0.16470588235294117,0.11372549019607843,719.0041141745425,737738
0.17254901960784313,0.2627450980392157,0.1607843137254902,1181.0067577748744,334574
0.16862745098039217,0.2784313725490196,0.16470588235294117,2265.0129605081206,317228
0.17647058823529413,0.27450980392156865,0.1607843137254902,2599.0148716823865,311096
0.1607843137254902,0.2627450980392157,0.17254901960784313,1386.0079308009956,192192
0.17254901960784313,0.2627450980392157,0.17254901960784313,74.00042343381939,113245
0.1568627450980392,0.27058823529411763,0.17254901960784313,3209.0183621503575,162617
0.1843137254901961,0.2784313725490196,0.1803921568627451,2346.0134239964905,235345
0.5686274509803921,0.3843137254901961,0.4,628.0035934653862,854038
0.596078431372549,0.403921568627451,0.396078431372549,52.00029754808931,997597
0.5725490196078431,0.403921568627451,0.4196078431372549,87.00049782084172,988721
0.596078431372549,0.396078431372549,0.4117647058823529,9.000051498707764,917896
0.596078431372549,0.43529411764705883,0.4117647058823529,380.00217438988335,968953
0.22745098039215686,0.27058823529411763,0.3411764705882353,689.0039425121832,212457
0.19607843137254902,0.28627450980392155,0.32941176470588235,96.00054931954949,626311
0.23137254901960785,0.29411764705882354,0.3333333333333333,550.0031471432522,220619
0.20784313725490197,0.26666666666666666,0.3568627450980392,547.0031299770163,417320
0.23529411764705882,0.2549019607843137,0.37254901960784315,224.00128174561547,831010
0.21176470588235294,0.3058823529411765,0.36470588235294116,338.00193406258046,203265
0.22745098039215686,0.2823529411764706,0.3686274509803922,889.0050869279114,201206
0.20392156862745098,0.3176470588235294,0.09019607843137255,16.000091553258248,450544
0.23137254901960785,0.33725490196078434,0.09019607843137255,8.000045776629124,463869
0.21176470588235294,0.3215686274509804,0.10588235294117647,102.00058365202133,423903
0.3176470588235294,0.2,0.18823529411764706,684.00391390179,924179
0.34509803921568627,0.21568627450980393,0.21176470588235294,350.00200272752414,958971
0.3254901960784314,0.21176470588235294,0.2196078431372549,99.00056648578541,902665
0.36470588235294116,0.20392156862745098,0.2196078431372549,57.00032615848251,926877
0.3411764705882353,0.23137254901960785,0.23137254901960785,124.00070953775142,940742
0.36470588235294116,0.23529411764705882,0.22745098039215686,377.00215722364743,942763
0.4,0.4549019607843137,0.3137254901960784,61.00034904679707,401419
0.38823529411764707,0.49019607843137253,0.3254901960784314,26.000148774044654,464581
0.4,0.44313725490196076,0.34901960784313724,13.000074387022327,616155
0.41568627450980394,0.4470588235294118,0.34509803921568627,28.000160218201934,578277
0.3843137254901961,0.49411764705882355,0.3686274509803922,8.000045776629124,552684
0.42745098039215684,0.4980392156862745,0.3607843137254902,27.000154496123294,415404
0.5019607843137255,0.5215686274509804,0.27058823529411763,385.0022030002766,217244
0.5490196078431373,0.5137254901960784,0.2784313725490196,46.00026321561746,170098
0.5098039215686274,0.5333333333333333,0.2784313725490196,57.00032615848251,222377
0.5333333333333333,0.5372549019607843,0.25882352941176473,10.000057220786404,873318
0.5058823529411764,0.5058823529411764,0.2901960784313726,730.0041771174075,31097
0.5019607843137255,0.5411764705882353,0.3058823529411765,422.0024147171863,253090
0.5568627450980392,0.5529411764705883,0.3058823529411765,841.0048122681367,198800
0.615686274509804,0.4470588235294118,0.3254901960784314,38.00021743898834,802398
0.5764705882352941,0.4823529411764706,0.3333333333333333,799.0045719408338,760435
0.6039215686274509,0.49019607843137253,0.3333333333333333,108.00061798449318,763538
0.5843137254901961,0.4666666666666667,0.34901960784313724,285.0016307924125,36991
0.6196078431372549,0.4392156862745098,0.36470588235294116,35.000200272752416,989219
0.596078431372549,0.4980392156862745,0.36470588235294116,590.0033760263979,775773
0.6588235294117647,0.4549019607843137,0.396078431372549,262.0014991846038,913482
0.6431372549019608,0.47058823529411764,0.39215686274509803,47.0002689376961,869414
0.6627450980392157,0.4823529411764706,0.403921568627451,337.0019283405018,981015
0.6235294117647059,0.4392156862745098,0.42745098039215684,881.0050411512823,968891
0.6588235294117647,0.4549019607843137,0.43529411764705883,63.00036049095435,946315
0.6470588235294118,0.47058823529411764,0.43137254901960786,553.0031643094882,911367
0.6705882352941176,0.48627450980392156,0.41568627450980394,709.004056953756,1029368
0.6470588235294118,0.5019607843137255,0.4627450980392157,159.00090981050383,978119
0.6784313725490196,0.5098039215686274,0.4549019607843137,510.00291826010664,1047951
0.6549019607843137,0.5568627450980392,0.4549019607843137,39.00022316106698,35037
0.6509803921568628,0.5215686274509804,0.4980392156862745,461.00263787825327,1036719
0.6352941176470588,0.5411764705882353,0.4823529411764706,135.00077248061646,897467
0.6745098039215687,0.5372549019607843,0.49411764705882355,258.00147629628924,995901
0.0784313725490196,0.08627450980392157,0.13333333333333333,84.0004806546058,173365
0.10588235294117647,0.09019607843137255,0.12941176470588237,22.00012588573009,865718
0.08235294117647059,0.10980392156862745,0.12941176470588237,559.00319864196,368056
0.07058823529411765,0.07058823529411765,0.17254901960784313,2.000011444157281,830724
0.09803921568627451,0.09019607843137255,0.1607843137254902,5.000028610393202,866742
0.09019607843137255,0.10980392156862745,0.16470588235294117,131.0007495923019,377369
0.09411764705882353,0.10196078431372549,0.17254901960784313,198.00113297157083,868813
0.45098039215686275,0.3803921568627451,0.25882352941176473,433.00247766005134,46087
0.4627450980392157,0.4117647058823529,0.25098039215686274,10.000057220786404,104449
0.47843137254901963,0.4117647058823529,0.2627450980392157,465.00266076656783,86017
0.4666666666666667,0.396078431372549,0.29411764705882354,415.0023746626358,715404
0.49019607843137253,0.3843137254901961,0.2901960784313726,885.0050640395968,743805
0.4588235294117647,0.40784313725490196,0.2980392156862745,53.00030327016795,153858
0.49411764705882355,0.4235294117647059,0.2823529411764706,198.00113297157083,700097
0.25882352941176473,0.35294117647058826,0.16470588235294117,2283.013063505536,365489
0.27058823529411763,0.34509803921568627,0.1607843137254902,2946.0168572436746,625529
0.25882352941176473,0.36470588235294116,0.1568627450980392,908.0051956474056,370661
0.2549019607843137,0.35294117647058826,0.17647058823529413,878.0050239850464,312318
0.27058823529411763,0.34509803921568627,0.1803921568627451,1508.0086288945897,600889
0.25882352941176473,0.37254901960784315,0.17647058823529413,615.0035190783639,377692
0.26666666666666666,0.3607843137254902,0.17647058823529413,1968.0112610507645,355267
0.16470588235294117,0.29411764705882354,0.16470588235294117,3465.0198270024894,71615
0.17647058823529413,0.2901960784313726,0.1607843137254902,1899.0108662273383,365332
0.1607843137254902,0.2980392156862745,0.16470588235294117,1901.0108776714956,61330
0.17647058823529413,0.30196078431372547,0.1568627450980392,2403.013750154973,109563
0.16470588235294117,0.29411764705882354,0.1843137254901961,1396.007988021782,115517
0.1803921568627451,0.2901960784313726,0.1803921568627451,2320.013275222446,223931
0.16862745098039217,0.2980392156862745,0.17254901960784313,842.0048179902153,34663
0.17254901960784313,0.2980392156862745,0.17254901960784313,884.0050583175182,140125
0.30196078431372547,0.2784313725490196,0.25882352941176473,399.0022831093776,360857
0.27450980392156865,0.30196078431372547,0.2784313725490196,109.00062370657182,304398
0.3058823529411765,0.2823529411764706,0.27450980392156865,433.00247766005134,380260
0.27058823529411763,0.27058823529411763,0.2980392156862745,584.003341693926,270755
0.30196078431372547,0.27450980392156865,0.2901960784313726,94.0005378753922,347601
0.27450980392156865,0.2823529411764706,0.3058823529411765,577.0033016393755,316851
0.2901960784313726,0.29411764705882354,0.30196078431372547,634.003627797858,364833
0.5882352941176471,0.6274509803921569,0.6352941176470588,313.00179101061445,527028
0.615686274509804,0.6470588235294118,0.6313725490196078,486.0027809302193,504502
0.5686274509803921,0.6549019607843137,0.6470588235294118,10.000057220786404,182808
0.596078431372549,0.6549019607843137,0.6470588235294118,262.0014991846038,208388
0.6196078431372549,0.6509803921568628,0.6823529411764706,855.0048923772376,954240
0.5843137254901961,0.6549019607843137,0.6784313725490196,152.00086975595335,539650
0.6196078431372549,0.6588235294117647,0.6627450980392157,474.0027122652756,307466
0.8,0.6705882352941176,0.5333333333333333,79.0004520442126,845467
0.8156862745098039,0.6666666666666666,0.5098039215686274,9.000051498707764,877392
0.7529411764705882,0.6941176470588235,0.5019607843137255,7.0000400545504835,229736
0.8352941176470589,0.6862745098039216,0.5294117647058824,7.0000400545504835,848546
0.8117647058823529,0.6392156862745098,0.5607843137254902,62.00035476887571,947315
0.7607843137254902,0.6941176470588235,0.5843137254901961,148.00084686763878,728408
0.8117647058823529,0.6901960784313725,0.5686274509803921,28.000160218201934,846492
0.23137254901960785,0.3176470588235294,0.12941176470588237,2110.0120735859314,735190
0.22745098039215686,0.3411764705882353,0.13725490196078433,120.00068664943686,404359
0.24705882352941178,0.3333333333333333,0.13725490196078433,2382.0136299913215,798582
0.23137254901960785,0.3137254901960784,0.1411764705882353,1526.0087318920052,682927
0.23529411764705882,0.3215686274509804,0.1450980392156863,1317.0075359775694,607166
0.22745098039215686,0.3333333333333333,0.14901960784313725,81.00046348836987,375702
0.24313725490196078,0.3333333333333333,0.15294117647058825,2035.0116444300334,642958
0.2,0.21568627450980393,0.2784313725490196,302.0017280677494,305715
0.22745098039215686,0.2,0.2784313725490196,31.000177384437855,817539
0.2235294117647059,0.24313725490196078,0.2627450980392157,833.0047664915076,144750
0.20392156862745098,0.21568627450980393,0.28627450980392155,44.00025177146018,238029
0.24313725490196078,0.19607843137254902,0.2980392156862745,12.000068664943687,894514
0.2,0.24705882352941178,0.2823529411764706,856.0048980993163,158126
0.24313725490196078,0.23921568627450981,0.2901960784313726,254.00145340797468,338522
0.5647058823529412,0.4470588235294118,0.4,179.00102425207663,939569
0.6196078431372549,0.4470588235294118,0.403921568627451,418.00239182887174,985105
0.5843137254901961,0.49019607843137253,0.38823529411764707,384.00219727819797,429288
0.6,0.49411764705882355,0.3843137254901961,309.0017681222999,43137
0.5843137254901961,0.4588235294117647,0.42745098039215684,335.00191689634454,1013100
0.5647058823529412,0.49019607843137253,0.43137254901960786,223.00127602353683,801294
0.6196078431372549,0.47058823529411764,0.4235294117647059,137.00078392477374,984363
0.396078431372549,0.33725490196078434,0.26666666666666666,665.0038051822959,736861
0.38823529411764707,0.34509803921568627,0.25882352941176473,160.00091553258247,686698
0.43137254901960786,0.34901960784313724,0.26666666666666666,513.0029354263426,587048
0.39215686274509803,0.3215686274509804,0.3058823529411765,217.001241691065,346387
0.4196078431372549,0.3215686274509804,0.2823529411764706,205.0011730261213,889280
0.4,0.35294117647058826,0.2901960784313726,300.00171662359213,400743
0.41568627450980394,0.3568627450980392,0.29411764705882354,428.00244904965814,489786
0.12549019607843137,0.22745098039215686,0.16862745098039217,3022.0172921216513,98025
0.1411764705882353,0.23137254901960785,0.1607843137254902,224.00128174561547,151216
0.12549019607843137,0.23137254901960785,0.17254901960784313,36.000205994831056,89833
0.13725490196078433,0.24705882352941178,0.17254901960784313,773.0044231667891,124677
0.1450980392156863,0.24705882352941178,0.17254901960784313,380.00217438988335,147126
0.6470588235294118,0.5058823529411764,0.3803921568627451,94.0005378753922,890509
0.6823529411764706,0.5019607843137255,0.4,10.000057220786404,907288
0.6235294117647059,0.5529411764705883,0.403921568627451,334.0019111742659,124040
0.6549019607843137,0.5372549019607843,0.4,52.00029754808931,719190
0.6235294117647059,0.5215686274509804,0.43529411764705883,81.00046348836987,880265
0.6823529411764706,0.5215686274509804,0.43529411764705883,51.00029182601067,865318
0.6588235294117647,0.5529411764705883,0.40784313725490196,55.00031471432523,703163
0.1411764705882353,0.26666666666666666,0.19215686274509805,499.0028553172416,71436
0.17647058823529413,0.27450980392156865,0.18823529411764706,550.0031471432522,148106
0.15294117647058825,0.2823529411764706,0.19215686274509805,110.00062942865046,71454
0.13333333333333333,0.2784313725490196,0.24313725490196078,13.000074387022327,201260
0.17254901960784313,0.27450980392156865,0.23529411764705882,7.0000400545504835,147949
0.15294117647058825,0.2823529411764706,0.2235294117647059,4.000022888314562,144876
0.1803921568627451,0.30980392156862746,0.23921568627450981,9.000051498707764,217658
0.2784313725490196,0.3215686274509804,0.38823529411764707,694.0039711225764,258470
0.2823529411764706,0.3411764705882353,0.39215686274509803,314.0017967326931,259454
0.25882352941176473,0.34509803921568627,0.4,213.00121880275043,589434
0.2901960784313726,0.34901960784313724,0.396078431372549,463.00264932241055,611961
0.27450980392156865,0.3411764705882353,0.4117647058823529,395.002260221063,288138
0.2901960784313726,0.3333333333333333,0.43529411764705883,90.00051498707764,274880
0.25882352941176473,0.3607843137254902,0.4196078431372549,568.0032501406678,577141
0.29411764705882354,0.35294117647058826,0.4235294117647059,561.0032100861173,257446
0.5098039215686274,0.5215686274509804,0.3176470588235294,532.0030441458367,50574
0.5372549019607843,0.5215686274509804,0.3254901960784314,169.00096703129023,89461
0.5098039215686274,0.5568627450980392,0.3176470588235294,330.00188828595134,251056
0.5450980392156862,0.5529411764705883,0.3137254901960784,575.0032901952183,215232
0.5137254901960784,0.5176470588235295,0.34901960784313724,799.0045719408338,467154
0.5333333333333333,0.5098039215686274,0.37254901960784315,35.000200272752416,703192
0.5019607843137255,0.5450980392156862,0.3686274509803922,507.0029010938707,308390
0.5411764705882353,0.5450980392156862,0.35294117647058826,345.00197411713094,74113
0.5647058823529412,0.5843137254901961,0.6235294117647059,403.00230599769213,844906
0.592156862745098,0.5843137254901961,0.6274509803921569,229.00131035600867,917345
0.5607843137254902,0.615686274509804,0.6509803921568628,472.0027008211183,930727
0.615686274509804,0.596078431372549,0.6470588235294118,558.0031929198814,801837
0.5725490196078431,0.5764705882352941,0.6588235294117647,26.000148774044654,938793
0.6,0.5843137254901961,0.6627450980392157,11.000062942865044,906802
0.5647058823529412,0.615686274509804,0.6784313725490196,781.0044689434183,1010395
0.6196078431372549,0.6078431372549019,0.6627450980392157,781.0044689434183,965088
0.5019607843137255,0.38823529411764707,0.27058823529411763,248.00141907550284,666959
0.5568627450980392,0.4,0.26666666666666666,82.00046921044851,888473
0.5058823529411764,0.42745098039215684,0.2784313725490196,103.00058937409997,80933
0.5372549019607843,0.4117647058823529,0.27450980392156865,47.0002689376961,704845
0.5019607843137255,0.39215686274509803,0.2980392156862745,709.004056953756,745852
0.5294117647058824,0.396078431372549,0.30196078431372547,47.0002689376961,718525
0.15294117647058825,0.2,0.25882352941176473,440.0025177146018,496173
0.1450980392156863,0.2196078431372549,0.27058823529411763,26.000148774044654,379377
0.1803921568627451,0.2196078431372549,0.2627450980392157,445.002546324995,173506
0.12941176470588237,0.18823529411764706,0.28627450980392155,249.00142479758148,400930
0.1843137254901961,0.21176470588235294,0.30980392156862746,234.00133896640187,839198
0.15294117647058825,0.22745098039215686,0.30980392156862746,128.00073242606598,426570
0.1803921568627451,0.2196078431372549,0.28627450980392155,781.0044689434183,524870
0.3843137254901961,0.3137254901960784,0.21568627450980393,58.00033188056115,7229
0.43137254901960786,0.3333333333333333,0.21568627450980393,48.000274659774746,746121
0.3803921568627451,0.3568627450980392,0.21568627450980393,1.0000057220786405,612080
0.41568627450980394,0.34509803921568627,0.20784313725490197,2.000011444157281,702167
0.4,0.35294117647058826,0.23921568627450981,68.00038910134755,12300
0.43529411764705883,0.35294117647058826,0.24313725490196078,564.0032272523532,55319
0.2196078431372549,0.09019607843137255,0.12549019607843137,36.000205994831056,908455
0.16470588235294117,0.10980392156862745,0.18823529411764706,10.000057220786404,872881
0.13333333333333333,0.2549019607843137,0.1568627450980392,1458.0083427906577,12094
0.15294117647058825,0.25098039215686274,0.1568627450980392,3421.019575231029,251621
0.13725490196078433,0.26666666666666666,0.1568627450980392,105.00060081825725,4951
0.1450980392156863,0.2784313725490196,0.1607843137254902,1982.0113411598654,59221
0.13725490196078433,0.25882352941176473,0.17254901960784313,1362.0077934711082,68385
0.1450980392156863,0.2549019607843137,0.1803921568627451,2387.0136586017147,123677
0.13725490196078433,0.26666666666666666,0.17254901960784313,146.0008354234815,8979
0.15294117647058825,0.2784313725490196,0.1803921568627451,1847.010568679249,104244
0.2,0.2901960784313726,0.1568627450980392,1279.007318538581,288738
0.20392156862745098,0.29411764705882354,0.1607843137254902,269.0015392391543,292826
0.19607843137254902,0.30980392156862746,0.1607843137254902,1199.0068607722899,190423
0.20392156862745098,0.30196078431372547,0.16862745098039217,1292.0073929256034,290777
0.18823529411764706,0.29411764705882354,0.17254901960784313,2963.0169545190115,396021
0.20784313725490197,0.29411764705882354,0.17254901960784313,398.00227738729893,306895
0.19215686274509805,0.30980392156862746,0.1803921568627451,2716.0155411655874,191411
0.20784313725490197,0.30196078431372547,0.17647058823529413,2492.014259419972,282532
0.788235294117647,0.8235294117647058,0.8196078431372549,128.00073242606598,973776
0.796078431372549,0.8117647058823529,0.8117647058823529,193.00110436117762,876946
0.788235294117647,0.8274509803921568,0.8235294117647058,20.00011444157281,253507
0.8,0.8274509803921568,0.8196078431372549,54.00030899224659,964551
0.807843137254902,0.8235294117647058,0.8352941176470589,2799.0160160981145,713978
0.7803921568627451,0.8352941176470589,0.8352941176470589,72.00041198966211,228927
0.807843137254902,0.8274509803921568,0.8352941176470589,522.0029869250503,712939
0.45098039215686275,0.5215686274509804,0.5764705882352941,264.0015106287611,917408
0.4980392156862745,0.5254901960784314,0.5764705882352941,282.0016136261766,916385
0.4549019607843137,0.5529411764705883,0.5764705882352941,463.00264932241055,343567
0.4980392156862745,0.5568627450980392,0.5686274509803921,395.002260221063,482965
0.4666666666666667,0.5176470588235295,0.615686274509804,241.00137902095236,957185
0.47843137254901963,0.5254901960784314,0.6039215686274509,260.0014877404465,1000130
0.4588235294117647,0.5372549019607843,0.615686274509804,594.0033989147124,997089
0.4980392156862745,0.5333333333333333,0.6196078431372549,521.0029812029717,970478
0.5843137254901961,0.5882352941176471,0.5647058823529412,445.002546324995,803337
0.611764705882353,0.5764705882352941,0.5803921568627451,301.00172234567077,137527
0.5882352941176471,0.6039215686274509,0.5686274509803921,287.0016422365698,609996
0.6078431372549019,0.596078431372549,0.5647058823529412,371.0021228911756,317939
0.5882352941176471,0.5647058823529412,0.615686274509804,303.00173378982805,985609
0.6196078431372549,0.5803921568627451,0.596078431372549,274.0015678495475,886026
0.5803921568627451,0.592156862745098,0.6,499.0028553172416,303578
0.6039215686274509,0.6196078431372549,0.615686274509804,489.0027980964552,308862
0.5019607843137255,0.45098039215686275,0.26666666666666666,251.00143624173876,119812
0.5333333333333333,0.4392156862745098,0.27450980392156865,1.0000057220786405,153841
0.5098039215686274,0.49411764705882355,0.27450980392156865,767.0043888343172,182371
0.5294117647058824,0.49411764705882355,0.2784313725490196,57.00032615848251,151587
0.5215686274509804,0.4666666666666667,0.28627450980392155,340.00194550673774,115713
0.5411764705882353,0.4392156862745098,0.3058823529411765,582.0033302497687,151
0.5254901960784314,0.49411764705882355,0.28627450980392155,207.0011844702786,154647
0.5294117647058824,0.49411764705882355,0.2823529411764706,761.0043545018453,146452
0.06666666666666667,0.12549019607843137,0.1450980392156863,9.000051498707764,225673
0.09019607843137255,0.1843137254901961,0.13725490196078433,78.00044632213395,109238
0.09411764705882353,0.1803921568627451,0.13333333333333333,436.00249482628726,124602
0.09019607843137255,0.12941176470588237,0.17254901960784313,95.00054359747084,342486
0.0784313725490196,0.1568627450980392,0.17647058823529413,1.0000057220786405,379445
0.12156862745098039,0.1568627450980392,0.1803921568627451,24.000137329887373,545336
0.24705882352941178,0.49411764705882355,0.6352941176470588,2.000011444157281,913348
0.14901960784313725,0.18823529411764706,0.21568627450980393,36.000205994831056,340421
0.1411764705882353,0.24313725490196078,0.20392156862745098,7.0000400545504835,148974
0.17647058823529413,0.2235294117647059,0.20784313725490197,3.0000171662359216,670454
0.13333333333333333,0.2,0.24313725490196078,354.0020256158387,339403
0.12549019607843137,0.23529411764705882,0.22745098039215686,2.000011444157281,146924
0.1803921568627451,0.2196078431372549,0.23921568627450981,43.00024604938154,886253
0.5254901960784314,0.3254901960784314,0.2627450980392157,309.0017681222999,967721
0.5450980392156862,0.3254901960784314,0.2627450980392157,768.0043945563959,901165
0.5019607843137255,0.37254901960784315,0.27058823529411763,48.000274659774746,739996
0.5333333333333333,0.34901960784313724,0.25098039215686274,110.00062942865046,855077
0.5176470588235295,0.33725490196078434,0.29411764705882354,510.00291826010664,959650
0.5411764705882353,0.3333333333333333,0.2823529411764706,541.0030956445445,940037
0.5058823529411764,0.37254901960784315,0.3058823529411765,89.000509264999,910769
0.5294117647058824,0.34901960784313724,0.30980392156862746,507.0029010938707,998663
0.14901960784313725,0.07450980392156863,0.01568627450980392,142.00081253516694,722644
0.1568627450980392,0.08235294117647059,0.027450980392156862,174.00099564168343,718543
0.1843137254901961,0.09411764705882353,0.027450980392156862,6.000034332471843,734928
0.1803921568627451,0.08627450980392157,0.0392156862745098,592.0033874705551,597737
0.15294117647058825,0.09411764705882353,0.054901960784313725,77.00044060005531,756414
0.17254901960784313,0.10588235294117647,0.050980392156862744,352.0020141716814,771778
0.2627450980392157,0.3568627450980392,0.13725490196078433,757.0043316135308,539582
0.26666666666666666,0.3568627450980392,0.13725490196078433,79.0004520442126,538550
0.2627450980392157,0.3686274509803922,0.12549019607843137,1180.0067520527957,466899
0.27450980392156865,0.36470588235294116,0.13333333333333333,895.0051212603832,514965
0.27450980392156865,0.35294117647058826,0.15294117647058825,2109.0120678638527,748408
0.2627450980392157,0.3607843137254902,0.15294117647058825,1118.00639728392,801619
0.26666666666666666,0.3607843137254902,0.1411764705882353,1547.008852055657,545738
0.4666666666666667,0.5098039215686274,0.3843137254901961,21.00012016365145,683726
0.45098039215686275,0.5333333333333333,0.3764705882352941,18.000102997415528,496345
0.4666666666666667,0.5137254901960784,0.4235294117647059,14.000080109100967,278775
0.4980392156862745,0.5058823529411764,0.41568627450980394,44.00025177146018,721681
0.45098039215686275,0.5450980392156862,0.41568627450980394,9.000051498707764,501456
0.4745098039215686,0.5568627450980392,0.41568627450980394,26.000148774044654,706262
0.6901960784313725,0.6470588235294118,0.6862745098039216,103.00058937409997,991760
0.7215686274509804,0.6509803921568628,0.6862745098039216,1.0000057220786405,944428
0.7254901960784313,0.6823529411764706,0.7058823529411765,540.0030899224658,1027639
0.7058823529411765,0.6823529411764706,0.7215686274509804,415.0023746626358,808040
0.7215686274509804,0.6823529411764706,0.7176470588235294,19.00010871949417,1017365
0.7137254901960784,0.5686274509803921,0.5215686274509804,145.00082970140286,1029176
0.7450980392156863,0.5725490196078431,0.5137254901960784,258.00147629628924,1030408
0.7176470588235294,0.611764705882353,0.5215686274509804,23.00013160780873,863291
0.6901960784313725,0.5725490196078431,0.5568627450980392,523.002992647129,978237
0.7176470588235294,0.5764705882352941,0.5450980392156862,333.00190545218726,997610
0.7137254901960784,0.592156862745098,0.5568627450980392,82.00046921044851,998674
0.7294117647058823,0.6078431372549019,0.5529411764705883,108.00061798449318,1039467
0.5176470588235295,0.3176470588235294,0.33725490196078434,443.00253488083774,920753
0.5294117647058824,0.3411764705882353,0.3254901960784314,127.00072670398734,988331
0.5058823529411764,0.37254901960784315,0.3254901960784314,345.00197411713094,949813
0.5411764705882353,0.35294117647058826,0.3137254901960784,754.0043144472949,934949
0.5098039215686274,0.33725490196078434,0.3568627450980392,110.00062942865046,1028404
0.5490196078431373,0.3411764705882353,0.36470588235294116,23.00013160780873,948368
0.5254901960784314,0.3607843137254902,0.37254901960784315,333.00190545218726,1001049
0.5294117647058824,0.3607843137254902,0.36470588235294116,573.003278751061,1006877
0.5137254901960784,0.3803921568627451,0.3215686274509804,293.00167656904165,673065
0.5568627450980392,0.3764705882352941,0.3411764705882353,150.00085831179607,1036526
0.5215686274509804,0.4117647058823529,0.3215686274509804,486.0027809302193,749944
0.5568627450980392,0.43529411764705883,0.3254901960784314,447.0025577691523,26740
0.5176470588235295,0.38823529411764707,0.35294117647058826,138.00078964685238,902588
0.5490196078431373,0.39215686274509803,0.3568627450980392,669.0038280706104,1018933
0.5058823529411764,0.4235294117647059,0.35294117647058826,240.00137329887372,467250
0.5568627450980392,0.43137254901960786,0.37254901960784315,228.00130463393003,919035
0.5803921568627451,0.5725490196078431,0.3411764705882353,549.0031414211736,206030
0.592156862745098,0.5725490196078431,0.3333333333333333,312.0017852885358,195767
0.5725490196078431,0.592156862745098,0.3411764705882353,1.0000057220786405,911301
0.615686274509804,0.6,0.3137254901960784,5.000028610393202,901036
0.5882352941176471,0.5843137254901961,0.3568627450980392,354.0020256158387,207055
0.5725490196078431,0.6039215686274509,0.34509803921568627,3.0000171662359216,873317
0.615686274509804,0.592156862745098,0.37254901960784315,38.00021743898834,186562
0.7098039215686275,0.6274509803921569,0.6470588235294118,341.0019512288164,955672
0.7333333333333333,0.6235294117647059,0.6235294117647059,214.00122452482907,935153
0.7098039215686275,0.6823529411764706,0.6313725490196078,304.0017395119067,385251
0.7333333333333333,0.6588235294117647,0.6352941176470588,203.00116158196403,960781
0.6901960784313725,0.6470588235294118,0.6823529411764706,528.0030212575222,1017371
0.7294117647058823,0.6509803921568628,0.6627450980392157,52.00029754808931,831583
0.7137254901960784,0.6627450980392157,0.6666666666666666,549.0031414211736,895287
0.7372549019607844,0.6705882352941176,0.6745098039215687,390.0022316106698,924914
0.7254901960784313,0.7568627450980392,0.7803921568627451,1529.0087490582412,1046316
0.7372549019607844,0.7607843137254902,0.7803921568627451,919.0052585902706,1017655
0.7254901960784313,0.7647058823529411,0.7843137254901961,257.0014705742106,861665
0.7411764705882353,0.7647058823529411,0.7843137254901961,1189.0068035515035,1029987
0.7176470588235294,0.7607843137254902,0.8,723.004137062857,716894
0.7372549019607844,0.7529411764705882,0.803921568627451,289.0016536807271,825365
0.7254901960784313,0.7686274509803922,0.807843137254902,3087.0176640567634,715880
0.7450980392156863,0.7764705882352941,0.796078431372549,2303.013177947109,858610
0.12941176470588237,0.23137254901960785,0.12941176470588237,282.0016136261766,1946
0.1450980392156863,0.2196078431372549,0.13725490196078433,132.00075531438054,302828
0.13333333333333333,0.24705882352941178,0.13333333333333333,739.0042286161153,15268
0.1450980392156863,0.24313725490196078,0.13333333333333333,38.00021743898834,350995
0.13725490196078433,0.23137254901960785,0.15294117647058825,2736.01565560716,193310
0.1411764705882353,0.23137254901960785,0.1411764705882353,2353.013464051041,315166
0.13725490196078433,0.23529411764705882,0.15294117647058825,1448.0082855698713,182065
0.15294117647058825,0.24705882352941178,0.15294117647058825,2499.0142994745224,329473
0.27450980392156865,0.2627450980392157,0.21176470588235294,104.00059509617861,430431
0.3058823529411765,0.25098039215686274,0.2,582.0033302497687,728592
0.25098039215686274,0.3058823529411765,0.21176470588235294,246.00140763134556,545508
0.29411764705882354,0.30196078431372547,0.2,36.000205994831056,717586
0.2549019607843137,0.25098039215686274,0.24313725490196078,511.0029239821853,402885
0.30196078431372547,0.27450980392156865,0.24705882352941178,855.0048923772376,693889
0.25098039215686274,0.30196078431372547,0.2235294117647059,71.00040626758347,567015
0.3058823529411765,0.28627450980392155,0.24313725490196078,117.00066948320094,595469
0.6627450980392157,0.7529411764705882,0.6705882352941176,2.000011444157281,717578
0.7137254901960784,0.7529411764705882,0.6823529411764706,35.000200272752416,522963
0.6784313725490196,0.7764705882352941,0.7098039215686275,44.00025177146018,706304
0.7372549019607844,0.8196078431372549,0.7411764705882353,2.000011444157281,712453
0.3764705882352941,0.4588235294117647,0.20784313725490197,4.000022888314562,526154
0.396078431372549,0.49411764705882355,0.21568627450980393,1.0000057220786405,483149
0.43137254901960786,0.47058823529411764,0.24313725490196078,169.00096703129023,229495
0.3176470588235294,0.4,0.4470588235294118,432.0024719379727,263619
0.34509803921568627,0.403921568627451,0.4549019607843137,206.00117874819995,268739
0.3411764705882353,0.4117647058823529,0.4549019607843137,354.0020256158387,253503
0.35294117647058826,0.41568627450980394,0.4549019607843137,420.002403273029,480785
0.33725490196078434,0.396078431372549,0.4980392156862745,152.00086975595335,293350
0.34901960784313724,0.3764705882352941,0.49411764705882355,70.00040054550483,957175
0.3215686274509804,0.41568627450980394,0.49411764705882355,523.002992647129,552586
0.34901960784313724,0.4117647058823529,0.4980392156862745,344.0019683950523,241132
0.3176470588235294,0.3215686274509804,0.3215686274509804,429.0024547717368,138606
0.34901960784313724,0.3333333333333333,0.3215686274509804,209.00119591443587,352614
0.32941176470588235,0.34509803921568627,0.32941176470588235,158.0009040884252,319774
0.34509803921568627,0.34901960784313724,0.3333333333333333,340.00194550673774,626235
0.3254901960784314,0.3411764705882353,0.34901960784313724,383.00219155611927,541208
0.3568627450980392,0.3176470588235294,0.37254901960784315,101.0005779299427,877108
0.3176470588235294,0.34901960784313724,0.3568627450980392,447.0025577691523,356666
0.3568627450980392,0.37254901960784315,0.3686274509803922,422.0024147171863,610883
0.6352941176470588,0.4470588235294118,0.44313725490196076,154.00088120011063,996661
0.6588235294117647,0.4549019607843137,0.4392156862745098,4.000022888314562,929192
0.6549019607843137,0.49019607843137253,0.44313725490196076,513.0029354263426,952380
0.6235294117647059,0.4588235294117647,0.47058823529411764,15.000085831179607,927922
0.6274509803921569,0.48627450980392156,0.4823529411764706,406.00232316392805,999755
0.6588235294117647,0.49411764705882355,0.47058823529411764,80.00045776629123,950503
0.2627450980392157,0.13725490196078433,0.15294117647058825,154.00088120011063,1021084
0.28627450980392155,0.14901960784313725,0.12941176470588237,98.00056076370677,920359
0.25882352941176473,0.1843137254901961,0.13333333333333333,649.0037136290376,718238
0.3058823529411765,0.16470588235294117,0.1411764705882353,682.0039024576328,945308
0.2627450980392157,0.12549019607843137,0.1568627450980392,30.000171662359215,910506
0.2980392156862745,0.15294117647058825,0.1568627450980392,24.000137329887373,988315
0.27450980392156865,0.1803921568627451,0.17254901960784313,235.00134468848051,925175
0.30980392156862746,0.1803921568627451,0.17647058823529413,592.0033874705551,967179
0.25882352941176473,0.17254901960784313,0.25882352941176473,4.000022888314562,929624
0.2627450980392157,0.23529411764705882,0.34509803921568627,37.000211716909696,816679
0.3215686274509804,0.24313725490196078,0.32941176470588235,4.000022888314562,932706
0.403921568627451,0.27450980392156865,0.27058823529411763,336.0019226184232,986695
0.40784313725490196,0.26666666666666666,0.25098039215686274,496.0028381510057,976510
0.4,0.2901960784313726,0.2549019607843137,258.00147629628924,958006
0.4196078431372549,0.28627450980392155,0.25882352941176473,782.0044746654969,966190
0.3843137254901961,0.27058823529411763,0.2901960784313726,152.00086975595335,946879
0.40784313725490196,0.27450980392156865,0.2823529411764706,87.00049782084172,978574
0.3764705882352941,0.2823529411764706,0.3058823529411765,101.0005779299427,976540
0.43529411764705883,0.29411764705882354,0.28627450980392155,219.00125313522227,992870
0.21176470588235294,0.25098039215686274,0.27450980392156865,53.00030327016795,548409
0.23529411764705882,0.25882352941176473,0.25882352941176473,681.0038967355541,195946
0.20784313725490197,0.30196078431372547,0.2627450980392157,5.000028610393202,193057
0.24705882352941178,0.2823529411764706,0.27450980392156865,25.000143051966013,337374
0.21568627450980393,0.2549019607843137,0.3058823529411765,538.0030784783086,356818
0.20784313725490197,0.28627450980392155,0.3058823529411765,9.000051498707764,309621
0.24313725490196078,0.2823529411764706,0.28627450980392155,119.00068092735822,540201
0.8274509803921568,0.8941176470588236,0.8823529411764706,208.00119019235723,208429
0.8352941176470589,0.9098039215686274,0.8745098039215686,14.000080109100967,137703
0.8627450980392157,0.9137254901960784,0.8980392156862745,72.00041198966211,847373
0.8117647058823529,0.8941176470588236,0.9058823529411765,27.000154496123294,212529
0.8705882352941177,0.8901960784313725,0.9058823529411765,209.00119591443587,774495
0.8235294117647058,0.9098039215686274,0.9215686274509803,31.000177384437855,171527
0.8627450980392157,0.9098039215686274,0.9058823529411765,119.00068092735822,103791
0.5254901960784314,0.5686274509803921,0.4392156862745098,19.00010871949417,331963
0.5176470588235295,0.592156862745098,0.4666666666666667,5.000028610393202,187943
0.5529411764705883,0.596078431372549,0.4627450980392157,288.00164795864845,378541
0.5254901960784314,0.5686274509803921,0.47843137254901963,19.00010871949417,395724
0.5372549019607843,0.5882352941176471,0.49019607843137253,77.00044060005531,534535
0.5058823529411764,0.592156862745098,0.49019607843137253,7.0000400545504835,267884
0.5568627450980392,0.6039215686274509,0.49019607843137253,81.00046348836987,932861
0.7607843137254902,0.7019607843137254,0.7137254901960784,468.00267793280375,954663
0.792156862745098,0.7019607843137254,0.7019607843137254,101.0005779299427,937214
0.7607843137254902,0.7294117647058823,0.7098039215686275,286.00163651449117,751958
0.8,0.7215686274509804,0.7098039215686275,233.00133324432323,946434
0.7764705882352941,0.7137254901960784,0.7254901960784313,244.00139618718828,938411
0.792156862745098,0.7019607843137254,0.7176470588235294,10.000057220786404,927970
0.7764705882352941,0.7215686274509804,0.7254901960784313,689.0039425121832,919934
0.7803921568627451,0.7294117647058823,0.7372549019607844,258.00147629628924,850109
0.2549019607843137,0.3803921568627451,0.4549019607843137,248.00141907550284,497244
0.3058823529411765,0.3843137254901961,0.4588235294117647,596.0034103588697,244201
0.27450980392156865,0.40784313725490196,0.4627450980392157,8.000045776629124,178580
0.2980392156862745,0.4117647058823529,0.4627450980392157,111.0006351507291,405109
0.2784313725490196,0.403921568627451,0.49411764705882355,441.00252343668046,460328
0.30196078431372547,0.3843137254901961,0.4823529411764706,438.00250627044454,370214
0.27450980392156865,0.42745098039215684,0.4823529411764706,57.00032615848251,875018
0.30980392156862746,0.41568627450980394,0.47843137254901963,356.002037059996,301656
0.3411764705882353,0.4666666666666667,0.5019607843137255,367.002100002861,619182
0.35294117647058826,0.4627450980392157,0.5215686274509804,419.0023975509504,576104
0.3254901960784314,0.47058823529411764,0.5254901960784314,30.000171662359215,574086
0.3686274509803922,0.47058823529411764,0.5176470588235295,142.00081253516694,162068
0.3176470588235294,0.45098039215686275,0.5333333333333333,431.00246621589406,483970
0.3686274509803922,0.4549019607843137,0.5294117647058824,276.00157929370476,965521
0.3137254901960784,0.47058823529411764,0.5294117647058824,147.00084114556014,236016
0.3607843137254902,0.47843137254901963,0.5333333333333333,442.0025291587591,498315
0.7490196078431373,0.5490196078431373,0.5019607843137255,1.0000057220786405,1005682
0.8156862745098039,0.611764705882353,0.5490196078431373,1.0000057220786405,956561
0.7843137254901961,0.615686274509804,0.5647058823529412,218.00124741314363,1027231
0.8274509803921568,0.615686274509804,0.5647058823529412,1.0000057220786405,956562
0.4,0.5019607843137255,0.5607843137254902,468.00267793280375,271927
0.42745098039215684,0.5215686274509804,0.5882352941176471,489.0027980964552,952254
0.38823529411764707,0.5294117647058824,0.5764705882352941,72.00041198966211,574085
0.43137254901960786,0.5372549019607843,0.5725490196078431,284.0016250703339,475660
0.403921568627451,0.5254901960784314,0.596078431372549,172.00098419752615,528023
0.41568627450980394,0.5254901960784314,0.6196078431372549,156.0008926442679,241172
0.4,0.5372549019607843,0.6,179.00102425207663,402953
0.4196078431372549,0.5490196078431373,0.6039215686274509,424.0024261613436,401947
0.5176470588235295,0.5607843137254902,0.5607843137254902,304.0017395119067,319033
0.5568627450980392,0.5882352941176471,0.5686274509803921,464.0026550444892,646813
0.5215686274509804,0.596078431372549,0.5764705882352941,35.000200272752416,361743
0.5490196078431373,0.615686274509804,0.5882352941176471,128.00073242606598,514576
0.5254901960784314,0.5686274509803921,0.596078431372549,438.00250627044454,805379
0.5490196078431373,0.5686274509803921,0.6196078431372549,327.0018711197154,863433
0.5176470588235295,0.592156862745098,0.6078431372549019,165.00094414297567,608918
0.5568627450980392,0.592156862745098,0.6,372.00212861325423,198164
0.26666666666666666,0.1450980392156863,0.0784313725490196,460.0026321561746,812820
0.2823529411764706,0.14901960784313725,0.06666666666666667,183.0010471403912,879426
0.25882352941176473,0.16862745098039217,0.09019607843137255,56.00032043640387,772775
0.2823529411764706,0.1607843137254902,0.09019607843137255,189.00108147286304,875209
0.2627450980392157,0.15294117647058825,0.10196078431372549,349.0019970054455,900710
0.2901960784313726,0.14901960784313725,0.09411764705882353,53.00030327016795,894587
0.27450980392156865,0.1568627450980392,0.10588235294117647,427.0024433275795,903786
0.28627450980392155,0.1843137254901961,0.10588235294117647,464.0026550444892,788143
0.5058823529411764,0.45098039215686275,0.3254901960784314,141.0008068130883,715413
0.5411764705882353,0.4392156862745098,0.3254901960784314,829.004743603193,674138
0.5254901960784314,0.49019607843137253,0.3411764705882353,15.000085831179607,329164
0.5411764705882353,0.4745098039215686,0.3254901960784314,181.0010356962339,726673
0.5176470588235295,0.44313725490196076,0.34509803921568627,268.00153351707564,605463
0.5294117647058824,0.4470588235294118,0.3607843137254902,424.0024261613436,449779
0.5215686274509804,0.47058823529411764,0.3568627450980392,95.00054359747084,710274
0.5490196078431373,0.4823529411764706,0.37254901960784315,188.0010757507844,756387
0.396078431372549,0.4,0.3764705882352941,353.00201989376006,294147
0.40784313725490196,0.38823529411764707,0.38823529411764707,166.0009498650543,358878
0.403921568627451,0.4196078431372549,0.38823529411764707,179.00102425207663,185712
0.42745098039215684,0.41568627450980394,0.39215686274509803,269.0015392391543,352624
0.39215686274509803,0.403921568627451,0.4196078431372549,304.0017395119067,373353
0.43529411764705883,0.4,0.4235294117647059,110.00062942865046,140594
0.39215686274509803,0.4235294117647059,0.4117647058823529,417.0023861067931,634514
0.4117647058823529,0.41568627450980394,0.43137254901960786,335.00191689634454,123266
0.2235294117647059,0.3137254901960784,0.19215686274509805,1569.008977941387,362197
0.23921568627450981,0.3254901960784314,0.19215686274509805,341.0019512288164,317133
0.22745098039215686,0.32941176470588235,0.19607843137254902,2048.0117188170557,283538
0.24313725490196078,0.3333333333333333,0.18823529411764706,863.0049381538668,300728
0.23137254901960785,0.3254901960784314,0.20784313725490197,301.00172234567077,504571
0.24313725490196078,0.3254901960784314,0.21176470588235294,337.0019283405018,500449
0.2235294117647059,0.33725490196078434,0.21568627450980393,1780.01018529998,141891
0.23529411764705882,0.33725490196078434,0.20784313725490197,1266.0072441515588,433876
0.38823529411764707,0.4666666666666667,0.5176470588235295,278.00159073786205,211491
0.4235294117647059,0.4627450980392157,0.5215686274509804,123.00070381567278,210473
0.4,0.49019607843137253,0.5254901960784314,285.0016307924125,547505
0.42745098039215684,0.49411764705882355,0.5098039215686274,330.00188828595134,456319
0.3803921568627451,0.44313725490196076,0.5450980392156862,145.00082970140286,945946
0.42745098039215684,0.4627450980392157,0.5529411764705883,192.00109863909898,984770
0.3843137254901961,0.47843137254901963,0.5529411764705883,466.00266648864647,267843
0.43137254901960786,0.48627450980392156,0.5450980392156862,287.0016422365698,876892
0.28627450980392155,0.3803921568627451,0.16862745098039217,2073.0118618690217,750379
0.30196078431372547,0.3803921568627451,0.16470588235294117,611.0034961900493,563038
0.2823529411764706,0.396078431372549,0.16470588235294117,650.0037193511163,462646
0.30196078431372547,0.396078431372549,0.1568627450980392,744.0042572265085,517038
0.28627450980392155,0.3803921568627451,0.17647058823529413,1748.0100021934636,746264
0.3058823529411765,0.3803921568627451,0.17647058823529413,1304.007461590547,572232
0.29411764705882354,0.396078431372549,0.17254901960784313,719.0041141745425,783153
0.30196078431372547,0.396078431372549,0.1803921568627451,539.0030842003872,742186
0.45098039215686275,0.4470588235294118,0.4666666666666667,320.00183106516494,380518
0.4980392156862745,0.4392156862745098,0.4588235294117647,175.00100136376207,882063
0.4627450980392157,0.48627450980392156,0.4588235294117647,194.00111008325626,669336
0.4980392156862745,0.47843137254901963,0.45098039215686275,230.0013160780873,349491
0.4549019607843137,0.4666666666666667,0.47843137254901963,260.0014877404465,385655
0.4745098039215686,0.44313725490196076,0.48627450980392156,122.00069809359414,867703
0.4392156862745098,0.4823529411764706,0.49411764705882355,429.0024547717368,296216
0.4745098039215686,0.48627450980392156,0.49411764705882355,341.0019512288164,374395
0.0784313725490196,0.06666666666666667,0.023529411764705882,2.000011444157281,672469
0.12156862745098039,0.06274509803921569,0.027450980392156862,5.000028610393202,880428
0.08235294117647059,0.06274509803921569,0.054901960784313725,516.0029525925785,534865
0.5215686274509804,0.5254901960784314,0.5098039215686274,255.00145913005332,327209
0.5333333333333333,0.5019607843137255,0.5098039215686274,182.00104141831255,343681
0.5098039215686274,0.5450980392156862,0.5215686274509804,216.00123596898635,375392
0.5411764705882353,0.5372549019607843,0.5254901960784314,278.00159073786205,441001
0.5098039215686274,0.5176470588235295,0.5294117647058824,165.00094414297567,337203
0.5450980392156862,0.5137254901960784,0.5450980392156862,118.00067520527958,902503
0.5254901960784314,0.5490196078431373,0.5450980392156862,419.0023975509504,353910
0.5411764705882353,0.5529411764705883,0.5529411764705883,422.0024147171863,109980
0.25098039215686274,0.26666666666666666,0.3215686274509804,176.0010070858407,596669
0.28627450980392155,0.2784313725490196,0.3137254901960784,45.00025749353882,293174
0.27450980392156865,0.2823529411764706,0.3254901960784314,748.004280114823,189793
0.2901960784313726,0.3058823529411765,0.3215686274509804,427.0024433275795,354866
0.25882352941176473,0.27450980392156865,0.34509803921568627,28.000160218201934,261542
0.30196078431372547,0.27058823529411763,0.3568627450980392,19.00010871949417,907813
0.25882352941176473,0.30196078431372547,0.3607843137254902,445.002546324995,341471
0.2901960784313726,0.3058823529411765,0.3607843137254902,147.00084114556014,284271
0.396078431372549,0.403921568627451,0.21176470588235294,33.000188828595135,183300
0.40784313725490196,0.396078431372549,0.19215686274509805,8.000045776629124,719579
0.3843137254901961,0.40784313725490196,0.21568627450980393,178.001018529998,203838
0.41568627450980394,0.40784313725490196,0.21176470588235294,14.000080109100967,180287
0.3764705882352941,0.3843137254901961,0.23137254901960785,48.000274659774746,511199
0.4196078431372549,0.3803921568627451,0.2235294117647059,2.000011444157281,611055
0.42745098039215684,0.43529411764705883,0.23529411764705882,314.0017967326931,188438
0.6862745098039216,0.5803921568627451,0.4470588235294118,21.00012016365145,787046
0.7411764705882353,0.5686274509803921,0.4392156862745098,9.000051498707764,859772
0.7019607843137254,0.6,0.4549019607843137,48.000274659774746,700745
0.7450980392156863,0.615686274509804,0.4549019607843137,12.000068664943687,793195
0.7137254901960784,0.5607843137254902,0.4980392156862745,24.000137329887373,956577
0.7333333333333333,0.5647058823529412,0.4980392156862745,76.00043487797667,983232
0.7176470588235294,0.611764705882353,0.48627450980392156,13.000074387022327,709966
0.2784313725490196,0.3176470588235294,0.33725490196078434,153.000875478032,457206
0.2980392156862745,0.3254901960784314,0.3176470588235294,507.0029010938707,656003
0.26666666666666666,0.35294117647058826,0.3333333333333333,4.000022888314562,650988
0.29411764705882354,0.34509803921568627,0.3411764705882353,44.00025177146018,536115
0.2627450980392157,0.32941176470588235,0.37254901960784315,490.00280381853383,435798
0.28627450980392155,0.3333333333333333,0.3568627450980392,628.0035934653862,621193
0.27058823529411763,0.34901960784313724,0.3686274509803922,26.000148774044654,437878
0.30196078431372547,0.35294117647058826,0.3568627450980392,166.0009498650543,356700
0.4666666666666667,0.5098039215686274,0.27058823529411763,227.0012989118514,240790
0.48627450980392156,0.5098039215686274,0.26666666666666666,516.0029525925785,222360
0.4980392156862745,0.5294117647058824,0.2784313725490196,7.0000400545504835,228514
0.45098039215686275,0.5058823529411764,0.2980392156862745,493.00282098476976,283789
0.49019607843137253,0.5019607843137255,0.30980392156862746,485.00277520814063,95631
0.48627450980392156,0.5294117647058824,0.3058823529411765,257.0014705742106,265377
0.5843137254901961,0.4392156862745098,0.4627450980392157,112.00064087280774,942259
0.596078431372549,0.4549019607843137,0.44313725490196076,803.0045948291483,1038793
0.5725490196078431,0.49411764705882355,0.4627450980392157,104.00059509617861,239919
0.6196078431372549,0.47058823529411764,0.4470588235294118,537.0030727562299,1046992
0.5882352941176471,0.4470588235294118,0.47058823529411764,63.00036049095435,988473
0.596078431372549,0.4666666666666667,0.4745098039215686,55.00031471432523,975163
0.5686274509803921,0.4980392156862745,0.48627450980392156,87.00049782084172,912896
0.592156862745098,0.47058823529411764,0.48627450980392156,191.00109291702032,950545
0.45098039215686275,0.4,0.3254901960784314,306.001750956064,661006
0.47843137254901963,0.3764705882352941,0.32941176470588235,442.0025291587591,410887
0.4392156862745098,0.43529411764705883,0.3176470588235294,187.00107002870575,651002
0.47058823529411764,0.43137254901960786,0.3176470588235294,377.00215722364743,698991
0.44313725490196076,0.403921568627451,0.37254901960784315,140.00080109100966,355555
0.4823529411764706,0.3843137254901961,0.34509803921568627,111.0006351507291,593629
0.4470588235294118,0.4235294117647059,0.34509803921568627,188.0010757507844,673403
0.4745098039215686,0.4196078431372549,0.37254901960784315,194.00111008325626,396550
0.6392156862745098,0.5725490196078431,0.5607843137254902,204.00116730404267,810020
0.6745098039215687,0.5686274509803921,0.5607843137254902,227.0012989118514,959761
0.6274509803921569,0.592156862745098,0.5607843137254902,254.00145340797468,320092
0.6549019607843137,0.6196078431372549,0.5803921568627451,204.00116730404267,291060
0.6274509803921569,0.5843137254901961,0.6039215686274509,217.001241691065,858291
0.6549019607843137,0.5725490196078431,0.6078431372549019,129.00073814814462,860383
0.6235294117647059,0.615686274509804,0.6039215686274509,345.00197411713094,334461
0.6705882352941176,0.6196078431372549,0.611764705882353,364.0020828366251,1039027
0.39215686274509803,0.4588235294117647,0.4666666666666667,241.00137902095236,326942
0.43529411764705883,0.4392156862745098,0.45098039215686275,410.0023460522426,139691
0.396078431372549,0.4823529411764706,0.4627450980392157,20.00011444157281,277753
0.43529411764705883,0.4823529411764706,0.4549019607843137,102.00058365202133,597712
0.3843137254901961,0.44313725490196076,0.48627450980392156,442.0025291587591,403954
0.43137254901960786,0.4470588235294118,0.49019607843137253,339.0019397846591,300663
0.4,0.48627450980392156,0.49411764705882355,106.0006065403359,417384
0.43137254901960786,0.48627450980392156,0.49411764705882355,280.0016021820193,435816
0.13333333333333333,0.2549019607843137,0.13725490196078433,298.00170517943485,100210
0.1411764705882353,0.2549019607843137,0.13725490196078433,141.0008068130883,11154
0.13725490196078433,0.26666666666666666,0.13725490196078433,1.0000057220786405,102307
0.14901960784313725,0.27058823529411763,0.13725490196078433,24.000137329887373,112567
0.13725490196078433,0.2549019607843137,0.14901960784313725,1280.0073242606597,14180
0.1411764705882353,0.2627450980392157,0.1450980392156863,2385.0136471575574,12149
0.13725490196078433,0.26666666666666666,0.1450980392156863,144.00082397932422,67473
0.14901960784313725,0.26666666666666666,0.1450980392156863,3361.019231906311,75719
0.4470588235294118,0.5254901960784314,0.5254901960784314,239.00136757679508,627330
0.48627450980392156,0.5215686274509804,0.5215686274509804,366.0020942807824,422530
0.44313725490196076,0.5294117647058824,0.5176470588235295,27.000154496123294,484893
0.4980392156862745,0.5372549019607843,0.5137254901960784,130.00074387022326,512706
0.4470588235294118,0.5215686274509804,0.5529411764705883,353.00201989376006,464513
0.4745098039215686,0.5254901960784314,0.5568627450980392,273.00156212746884,269738
0.4627450980392157,0.5372549019607843,0.5568627450980392,164.00093842089703,338370
0.49411764705882355,0.5333333333333333,0.5490196078431373,337.0019283405018,507569
0.6235294117647059,0.5215686274509804,0.3058823529411765,58.00033188056115,853844
0.6980392156862745,0.5098039215686274,0.3058823529411765,37.000211716909696,850546
0.6352941176470588,0.5764705882352941,0.30980392156862746,9.000051498707764,778000
0.6274509803921569,0.5254901960784314,0.36470588235294116,161.0009212546611,775831
0.7176470588235294,0.5450980392156862,0.3568627450980392,92.00052643123492,804452
0.6705882352941176,0.5843137254901961,0.3686274509803922,87.00049782084172,847695
0.7019607843137254,0.5764705882352941,0.32941176470588235,28.000160218201934,772874
0.4392156862745098,0.2627450980392157,0.26666666666666666,298.00170517943485,904324
0.47843137254901963,0.2784313725490196,0.25882352941176473,92.00052643123492,1005740
0.4549019607843137,0.30980392156862746,0.27450980392156865,306.001750956064,919119
0.4823529411764706,0.3058823529411765,0.2784313725490196,393.00224877690573,1030279
0.45098039215686275,0.26666666666666666,0.29411764705882354,85.00048637668444,969954
0.47058823529411764,0.27058823529411763,0.2901960784313726,14.000080109100967,909473
0.44313725490196076,0.30980392156862746,0.2823529411764706,312.0017852885358,917000
0.49019607843137253,0.2980392156862745,0.28627450980392155,371.0021228911756,1002673
0.396078431372549,0.20784313725490197,0.2,141.0008068130883,894070
0.4235294117647059,0.21568627450980393,0.20392156862745098,20.00011444157281,952559
0.3764705882352941,0.23137254901960785,0.21176470588235294,605.0034618575775,965261
0.41568627450980394,0.22745098039215686,0.18823529411764706,249.00142479758148,962563
0.3764705882352941,0.20392156862745098,0.2196078431372549,31.000177384437855,923823
0.4196078431372549,0.21568627450980393,0.23137254901960785,11.000062942865044,970003
0.3764705882352941,0.24705882352941178,0.22745098039215686,560.0032043640387,922118
0.43137254901960786,0.23529411764705882,0.23529411764705882,237.0013561326378,942315
0.32941176470588235,0.38823529411764707,0.396078431372549,206.00117874819995,589375
0.3607843137254902,0.3803921568627451,0.403921568627451,428.00244904965814,336497
0.32941176470588235,0.40784313725490196,0.403921568627451,4.000022888314562,414312
0.37254901960784315,0.4117647058823529,0.38823529411764707,61.00034904679707,652975
0.33725490196078434,0.39215686274509803,0.43529411764705883,418.00239182887174,316865
0.3607843137254902,0.3764705882352941,0.4117647058823529,473.00270654319695,343659
0.3333333333333333,0.40784313725490196,0.41568627450980394,50.00028610393203,475796
0.3607843137254902,0.4117647058823529,0.43529411764705883,211.00120735859315,578140
0.12941176470588237,0.10588235294117647,0.09411764705882353,889.0050869279114,566692
0.15294117647058825,0.09803921568627451,0.09411764705882353,48.000274659774746,922339
0.13725490196078433,0.11372549019607843,0.09803921568627451,2177.0124569652003,545139
0.1450980392156863,0.11764705882352941,0.10588235294117647,1808.010345518182,605592
0.12549019607843137,0.10588235294117647,0.12156862745098039,93.00053215331356,335108
0.15294117647058825,0.10588235294117647,0.10980392156862745,30.000171662359215,899598
0.13333333333333333,0.11764705882352941,0.11372549019607843,1466.0083885672868,457140
0.14901960784313725,0.12156862745098039,0.10980392156862745,724.0041427849357,585129
0.2235294117647059,0.3176470588235294,0.1568627450980392,1222.0069923800986,313334
0.23529411764705882,0.3215686274509804,0.16470588235294117,174.00099564168343,320485
0.2235294117647059,0.32941176470588235,0.16470588235294117,470.00268937696103,200703
0.23921568627450981,0.3333333333333333,0.1607843137254902,1074.0061455124599,343006
0.2235294117647059,0.3176470588235294,0.17647058823529413,1614.0092354349258,240584
0.23921568627450981,0.3176470588235294,0.1843137254901961,90.00051498707764,316101
0.2196078431372549,0.3411764705882353,0.17647058823529413,1322.0075645879626,437011
0.23529411764705882,0.33725490196078434,0.17647058823529413,1158.0066261670656,273009
0.8862745098039215,0.9019607843137255,0.9019607843137255,487.0027866522979,884480
0.9019607843137255,0.9058823529411765,0.9019607843137255,120.00068664943686,819755
0.9137254901960784,0.9176470588235294,0.9019607843137255,28.000160218201934,117096
0.8823529411764706,0.8941176470588236,0.9058823529411765,333.00190545218726,821596
0.9019607843137255,0.9333333333333333,0.9294117647058824,703.0040226212842,818537
0.9058823529411765,0.9294117647058824,0.9215686274509803,99.00056648578541,853346
0.8117647058823529,0.8352941176470589,0.8745098039215686,9.000051498707764,871607
0.8588235294117647,0.8352941176470589,0.8745098039215686,1.0000057220786405,840339
0.8431372549019608,0.8666666666666667,0.8784313725490196,743.0042515044298,822793
0.8274509803921568,0.8666666666666667,0.9215686274509803,3.0000171662359216,835106
0.8431372549019608,0.8666666666666667,0.9137254901960784,3.0000171662359216,822822
0.19215686274509805,0.3137254901960784,0.16862745098039217,1110.006351507291,176052
0.21568627450980393,0.3215686274509804,0.16470588235294117,732.0041885615648,200681
0.19215686274509805,0.32941176470588235,0.16862745098039217,50.00028610393203,146404
0.21568627450980393,0.3333333333333333,0.16470588235294117,403.00230599769213,172028
0.2,0.3137254901960784,0.1843137254901961,1150.0065803904365,379639
0.20784313725490197,0.3254901960784314,0.1803921568627451,2008.01148993391,331582
0.18823529411764706,0.32941176470588235,0.17254901960784313,701.0040111771269,134074
0.21568627450980393,0.33725490196078434,0.1803921568627451,862.0049324317881,344894
0.32941176470588235,0.26666666666666666,0.26666666666666666,107.00061226241453,784946
0.37254901960784315,0.2549019607843137,0.25098039215686274,127.00072670398734,972318
0.3215686274509804,0.2980392156862745,0.25098039215686274,566.0032386965105,650829
0.34901960784313724,0.29411764705882354,0.2549019607843137,362.0020713924678,725601
0.32941176470588235,0.25098039215686274,0.2901960784313726,51.00029182601067,948923
0.3686274509803922,0.27058823529411763,0.2901960784313726,131.0007495923019,938704
0.3411764705882353,0.30196078431372547,0.29411764705882354,268.00153351707564,320770
0.34901960784313724,0.30196078431372547,0.30196078431372547,104.00059509617861,336340
0.043137254901960784,0.13725490196078433,0.30196078431372547,4.000022888314562,967624
0.10196078431372549,0.1803921568627451,0.2627450980392157,168.0009613092116,256514
0.054901960784313725,0.19607843137254902,0.2980392156862745,3.0000171662359216,371211
0.11764705882352941,0.23137254901960785,0.3058823529411765,135.00077248061646,447080
0.027450980392156862,0.13333333333333333,0.3333333333333333,11.000062942865044,985078
0.10196078431372549,0.1568627450980392,0.3137254901960784,17.000097275336888,870860
0.11372549019607843,0.23529411764705882,0.34901960784313724,84.0004806546058,493180
0.09411764705882353,0.09411764705882353,0.10196078431372549,1205.0068951047617,237902
0.12156862745098039,0.10196078431372549,0.09411764705882353,1864.0106659545859,685572
0.10588235294117647,0.10980392156862745,0.10588235294117647,5.000028610393202,392561
0.12156862745098039,0.10980392156862745,0.10588235294117647,242.001384743031,479691
0.10196078431372549,0.10588235294117647,0.11372549019607843,1419.0081196295907,232789
0.10980392156862745,0.10196078431372549,0.10980392156862745,581.0033245276901,157049
0.10588235294117647,0.10980392156862745,0.11372549019607843,278.00159073786205,541130
0.12156862745098039,0.11372549019607843,0.12156862745098039,1138.0065117254928,526811
0.4470588235294118,0.25098039215686274,0.19607843137254902,252.0014419638174,907329
0.47843137254901963,0.26666666666666666,0.18823529411764706,200.0011444157281,901141
0.44313725490196076,0.2980392156862745,0.19215686274509805,110.00062942865046,175397
0.47058823529411764,0.28627450980392155,0.19215686274509805,107.00061226241453,888602
0.4588235294117647,0.26666666666666666,0.24313725490196078,335.00191689634454,948382
0.48627450980392156,0.27450980392156865,0.23137254901960785,236.00135041055916,955398
0.4627450980392157,0.28627450980392155,0.24313725490196078,88.00050354292036,985181
0.49019607843137253,0.29411764705882354,0.23921568627450981,348.00199128336686,927837
0.4666666666666667,0.5764705882352941,0.6392156862745098,345.00197411713094,278047
0.47843137254901963,0.5725490196078431,0.6431372549019608,729.0041713953289,279073
0.44313725490196076,0.6,0.6352941176470588,42.0002403273029,240153
0.4980392156862745,0.596078431372549,0.6509803921568628,208.00119019235723,937941
0.4666666666666667,0.5764705882352941,0.6549019607843137,41.00023460522426,946159
0.48627450980392156,0.5843137254901961,0.6588235294117647,68.00038910134755,262660
0.4666666666666667,0.6078431372549019,0.6627450980392157,36.000205994831056,514664
0.4980392156862745,0.611764705882353,0.6666666666666666,194.00111008325626,567969
0.4666666666666667,0.44313725490196076,0.5058823529411764,195.0011158053349,993953
0.4980392156862745,0.45098039215686275,0.5215686274509804,150.00085831179607,929607
0.45098039215686275,0.49411764705882355,0.5176470588235295,312.0017852885358,307767
0.47058823529411764,0.49411764705882355,0.5137254901960784,219.00125313522227,256589
0.4588235294117647,0.4588235294117647,0.5333333333333333,203.00116158196403,1009306
0.48627450980392156,0.4666666666666667,0.5372549019607843,107.00061226241453,896279
0.45098039215686275,0.4745098039215686,0.5333333333333333,231.00132180016595,300599
0.4980392156862745,0.4745098039215686,0.5529411764705883,234.00133896640187,1024663
0.5843137254901961,0.3411764705882353,0.27058823529411763,158.0009040884252,906273
0.596078431372549,0.3411764705882353,0.2784313725490196,7.0000400545504835,1030306
0.5607843137254902,0.34509803921568627,0.27450980392156865,200.0011444157281,958483
0.6,0.3568627450980392,0.2627450980392157,115.00065803904366,930881
0.5607843137254902,0.3333333333333333,0.28627450980392155,53.00030327016795,1001511
0.6039215686274509,0.37254901960784315,0.2823529411764706,144.00082397932422,1010804
0.06666666666666667,0.06274509803921569,0.06274509803921569,1092.0062485098754,854541
0.08235294117647059,0.06666666666666667,0.06666666666666667,1735.0099278064413,655094
0.07058823529411765,0.0784313725490196,0.07450980392156863,2.000011444157281,424235
0.09019607843137255,0.0784313725490196,0.07058823529411765,280.0016021820193,559516
0.06666666666666667,0.06274509803921569,0.0784313725490196,1208.0069122709976,380235
0.0784313725490196,0.07058823529411765,0.0784313725490196,644.0036850186444,172348
0.07058823529411765,0.0784313725490196,0.09019607843137255,215.0012302469077,165194
0.0784313725490196,0.0784313725490196,0.08627450980392157,1340.0076675853782,161109
0.19607843137254902,0.09019607843137255,0.023529411764705882,47.0002689376961,752369
0.20784313725490197,0.09803921568627451,0.0196078431372549,165.00094414297567,770818
0.2196078431372549,0.10588235294117647,0.00784313725490196,143.00081825724558,758510
0.19215686274509805,0.09019607843137255,0.03137254901960784,77.00044060005531,814860
0.21568627450980393,0.10196078431372549,0.03137254901960784,662.00378801606,808713
0.23137254901960785,0.11764705882352941,0.03529411764705882,513.0029354263426,760548
0.25882352941176473,0.3568627450980392,0.19215686274509805,751.0042972810589,328595
0.2784313725490196,0.34509803921568627,0.19215686274509805,675.0038624030823,648985
0.2549019607843137,0.36470588235294116,0.2,879.005029707125,281259
0.2784313725490196,0.37254901960784315,0.19215686274509805,830.0047493252716,288404
0.2549019607843137,0.35294117647058826,0.21176470588235294,952.0054474188657,146941
0.27450980392156865,0.34901960784313724,0.21176470588235294,745.0042629485871,632590
0.2549019607843137,0.37254901960784315,0.20392156862745098,1018.005825076056,246426
0.26666666666666666,0.37254901960784315,0.20392156862745098,473.00270654319695,477966
0.19607843137254902,0.27058823529411763,0.39215686274509803,140.00080109100966,257584
0.2235294117647059,0.2784313725490196,0.3843137254901961,35.000200272752416,870856
0.20392156862745098,0.2901960784313726,0.3803921568627451,511.0029239821853,545395
0.2235294117647059,0.2901960784313726,0.3803921568627451,509.002912538028,223706
0.19607843137254902,0.27058823529411763,0.43137254901960786,21.00012016365145,872904
0.23921568627450981,0.2784313725490196,0.43529411764705883,6.000034332471843,143611
0.21176470588235294,0.29411764705882354,0.41568627450980394,239.00136757679508,494151
0.2235294117647059,0.30980392156862746,0.40784313725490196,109.00062370657182,549471
0.6862745098039216,0.7215686274509804,0.7490196078431373,1207.006906548919,1016612
0.7019607843137254,0.7254901960784313,0.7568627450980392,557.0031871978027,717108
0.6980392156862745,0.7333333333333333,0.7607843137254902,297.0016994573562,1037159
0.7019607843137254,0.7333333333333333,0.7607843137254902,800.0045776629124,1046391
0.6901960784313725,0.7294117647058823,0.7647058823529411,481.0027523198261,844024
0.7058823529411765,0.7176470588235294,0.7647058823529411,580.0033188056115,840761
0.6862745098039216,0.7372549019607844,0.7764705882352941,840.004806546058,893831
0.7058823529411765,0.7411764705882353,0.7686274509803922,1491.0085316192528,1048413
0.6392156862745098,0.6431372549019608,0.5882352941176471,199.00113869364947,658096
0.6705882352941176,0.6313725490196078,0.5607843137254902,192.00109863909898,324022
0.6352941176470588,0.6745098039215687,0.5607843137254902,79.0004520442126,920539
0.6705882352941176,0.6549019607843137,0.5803921568627451,114.00065231696502,435873
0.6313725490196078,0.6313725490196078,0.6039215686274509,417.0023861067931,427669
0.6627450980392157,0.6509803921568628,0.6,271.00155068331156,419488
0.6235294117647059,0.6823529411764706,0.6196078431372549,98.00056076370677,631031
0.6705882352941176,0.6666666666666666,0.615686274509804,192.00109863909898,108877
0.20784313725490197,0.3215686274509804,0.403921568627451,55.00031471432523,495184
0.24705882352941178,0.3333333333333333,0.38823529411764707,496.0028381510057,479747
0.2,0.36470588235294116,0.39215686274509803,4.000022888314562,195108
0.23529411764705882,0.3568627450980392,0.396078431372549,19.00010871949417,213503
0.21176470588235294,0.3137254901960784,0.42745098039215684,211.00120735859315,274974
0.23921568627450981,0.3137254901960784,0.42745098039215684,614.0035133562852,251369
0.21568627450980393,0.35294117647058826,0.43529411764705883,9.000051498707764,477768
0.23921568627450981,0.34901960784313724,0.43529411764705883,144.00082397932422,414228
0.6196078431372549,0.6235294117647059,0.403921568627451,4.000022888314562,896928
0.5529411764705883,0.6274509803921569,0.49411764705882355,4.000022888314562,475852
0.6901960784313725,0.5215686274509804,0.4392156862745098,416.00238038471446,975020
0.7333333333333333,0.5098039215686274,0.45098039215686275,21.00012016365145,942199
0.7137254901960784,0.5294117647058824,0.44313725490196076,107.00061226241453,901135
0.7411764705882353,0.5411764705882353,0.4666666666666667,107.00061226241453,914478
0.7098039215686275,0.5215686274509804,0.47058823529411764,194.00111008325626,917571
0.7333333333333333,0.5215686274509804,0.48627450980392156,2.000011444157281,960669
0.6980392156862745,0.5333333333333333,0.48627450980392156,474.0027122652756,986170
0.7254901960784313,0.5568627450980392,0.4980392156862745,226.00129318977275,1027216
0.33725490196078434,0.3215686274509804,0.27450980392156865,129.00073814814462,455034
0.3607843137254902,0.3176470588235294,0.2627450980392157,397.0022716652203,479720
0.3215686274509804,0.3607843137254902,0.27058823529411763,25.000143051966013,586476
0.3568627450980392,0.3607843137254902,0.2784313725490196,36.000205994831056,844164
0.3411764705882353,0.32941176470588235,0.2901960784313726,381.002180111962,799269
0.3607843137254902,0.32941176470588235,0.29411764705882354,404.0023117197708,622119
0.32941176470588235,0.3686274509803922,0.28627450980392155,29.000165940280574,528088
0.36470588235294116,0.3568627450980392,0.30196078431372547,137.00078392477374,364941
0.6392156862745098,0.38823529411764707,0.1803921568627451,41.00023460522426,816742
0.6862745098039216,0.40784313725490196,0.1843137254901961,1.0000057220786405,849532
0.6941176470588235,0.43529411764705883,0.20784313725490197,14.000080109100967,827036
0.6784313725490196,0.4470588235294118,0.23529411764705882,38.00021743898834,785153
0.7294117647058823,0.47058823529411764,0.22745098039215686,47.0002689376961,827031
0.7294117647058823,0.7803921568627451,0.8235294117647058,379.0021686678047,713731
0.7294117647058823,0.803921568627451,0.8156862745098039,21.00012016365145,934765
0.7450980392156863,0.8,0.8196078431372549,57.00032615848251,907088
0.7294117647058823,0.7843137254901961,0.8274509803921568,100.00057220786405,599164
0.7411764705882353,0.788235294117647,0.8274509803921568,462.0026436003319,578600
0.7294117647058823,0.803921568627451,0.8313725490196079,12.000068664943687,898968
0.7450980392156863,0.796078431372549,0.8313725490196079,103.00058937409997,756771
0.3137254901960784,0.33725490196078434,0.20392156862745098,54.00030899224659,420520
0.3607843137254902,0.3254901960784314,0.21176470588235294,200.0011444157281,2084
0.3176470588235294,0.37254901960784315,0.21176470588235294,548.003135699095,581848
0.3568627450980392,0.35294117647058826,0.21176470588235294,9.000051498707764,407203
0.3137254901960784,0.3411764705882353,0.24705882352941178,25.000143051966013,471748
0.3607843137254902,0.33725490196078434,0.2235294117647059,179.00102425207663,8197
0.3215686274509804,0.37254901960784315,0.23137254901960785,477.0027294315115,538700
0.36470588235294116,0.37254901960784315,0.22745098039215686,28.000160218201934,404129
0.3254901960784314,0.3137254901960784,0.3764705882352941,86.00049209876308,225714
0.34509803921568627,0.3411764705882353,0.3764705882352941,87.00049782084172,296567
0.33725490196078434,0.34509803921568627,0.3843137254901961,547.0031299770163,293464
0.34901960784313724,0.34509803921568627,0.38823529411764707,316.0018081768504,876907
0.3333333333333333,0.3254901960784314,0.41568627450980394,37.000211716909696,890019
0.35294117647058826,0.33725490196078434,0.43529411764705883,104.00059509617861,955105
0.32941176470588235,0.3607843137254902,0.4117647058823529,257.0014705742106,261553
0.37254901960784315,0.36470588235294116,0.41568627450980394,83.00047493252715,272829
0.37254901960784315,0.5058823529411764,0.5098039215686274,57.00032615848251,417377
0.2980392156862745,0.5058823529411764,0.615686274509804,2.000011444157281,915404
0.3686274509803922,0.5647058823529412,0.5725490196078431,1.0000057220786405,163327
0.19607843137254902,0.2901960784313726,0.12941176470588237,1175.0067234424025,669681
0.20392156862745098,0.2901960784313726,0.12549019607843137,1463.008371401051,901112
0.2,0.2980392156862745,0.13333333333333333,19.00010871949417,653275
0.21176470588235294,0.3058823529411765,0.12941176470588237,2412.0138016536807,602099
0.19215686274509805,0.2901960784313726,0.15294117647058825,265.0015163508397,193500
0.20784313725490197,0.2901960784313726,0.14901960784313725,92.00052643123492,304107
0.19215686274509805,0.30980392156862746,0.15294117647058825,226.00129318977275,397083
0.20784313725490197,0.3058823529411765,0.14901960784313725,377.00215722364743,327658
0.6235294117647059,0.5843137254901961,0.6313725490196078,40.00022888314562,984586
0.6588235294117647,0.5882352941176471,0.6313725490196078,4.000022888314562,953766
0.6274509803921569,0.6039215686274509,0.6509803921568628,524.0029983692076,828472
0.6666666666666666,0.611764705882353,0.6235294117647059,534.003055589994,969204
0.6352941176470588,0.5882352941176471,0.6745098039215687,2.000011444157281,932681
0.6549019607843137,0.5843137254901961,0.6666666666666666,1.0000057220786405,929590
0.6274509803921569,0.6078431372549019,0.6666666666666666,343.00196267297366,996755
0.6549019607843137,0.6196078431372549,0.6588235294117647,55.00031471432523,989711
0.5882352941176471,0.5725490196078431,0.5058823529411764,119.00068092735822,599611
0.592156862745098,0.5882352941176471,0.5254901960784314,125.00071525983006,588483
0.5882352941176471,0.6039215686274509,0.5019607843137255,116.0006637611223,356571
0.6039215686274509,0.615686274509804,0.5137254901960784,249.00142479758148,351450
0.5725490196078431,0.5803921568627451,0.5450980392156862,320.00183106516494,443011
0.615686274509804,0.5803921568627451,0.5294117647058824,257.0014705742106,828770
0.5686274509803921,0.596078431372549,0.5333333333333333,99.00056648578541,694993
0.6078431372549019,0.6,0.5490196078431373,196.00112152741355,312789
0.6941176470588235,0.7058823529411765,0.6313725490196078,229.00131035600867,377049
0.7411764705882353,0.7098039215686275,0.6352941176470588,169.00096703129023,447710
0.7098039215686275,0.7176470588235294,0.6352941176470588,35.000200272752416,556752
0.7450980392156863,0.7254901960784313,0.6431372549019608,76.00043487797667,692948
0.6901960784313725,0.6862745098039216,0.6705882352941176,433.00247766005134,430734
0.7176470588235294,0.7098039215686275,0.6784313725490196,280.0016021820193,303348
0.7058823529411765,0.7294117647058823,0.6666666666666666,97.00055504162813,696016
0.7215686274509804,0.7254901960784313,0.6823529411764706,147.00084114556014,451223
0.6901960784313725,0.5803921568627451,0.5764705882352941,224.00128174561547,1005136
0.7254901960784313,0.5843137254901961,0.5647058823529412,87.00049782084172,1020010
0.6862745098039216,0.6196078431372549,0.5607843137254902,258.00147629628924,229665
0.7411764705882353,0.6078431372549019,0.5803921568627451,402.0023002756135,983179
0.6901960784313725,0.5764705882352941,0.592156862745098,15.000085831179607,966951
0.7254901960784313,0.5882352941176471,0.592156862745098,1.0000057220786405,915583
0.6862745098039216,0.596078431372549,0.6039215686274509,288.00164795864845,975362
0.7176470588235294,0.611764705882353,0.592156862745098,177.00101280791935,960790
0.6274509803921569,0.5725490196078431,0.5098039215686274,193.00110436117762,429726
0.6784313725490196,0.5607843137254902,0.5215686274509804,109.00062370657182,1027245
0.6470588235294118,0.592156862745098,0.5098039215686274,180.00102997415527,880282
0.6705882352941176,0.6039215686274509,0.5098039215686274,263.00150490668244,433382
0.6392156862745098,0.5882352941176471,0.5333333333333333,163.0009326988184,370926
0.6666666666666666,0.5647058823529412,0.5333333333333333,151.0008640338747,849071
0.6274509803921569,0.6,0.5568627450980392,163.0009326988184,528076
0.6784313725490196,0.6039215686274509,0.5450980392156862,228.00130463393003,345321
0.10588235294117647,0.19607843137254902,0.13725490196078433,523.002992647129,67268
0.11372549019607843,0.19215686274509805,0.13725490196078433,231.00132180016595,107161
0.09803921568627451,0.20784313725490197,0.13725490196078433,38.00021743898834,3818
0.10980392156862745,0.21176470588235294,0.12549019607843137,179.00102425207663,2015
0.10588235294117647,0.19607843137254902,0.1411764705882353,901.0051555928551,85661
0.11764705882352941,0.2,0.1411764705882353,652.0037307952736,132787
0.10196078431372549,0.20392156862745098,0.1411764705882353,213.00121880275043,70378
0.12156862745098039,0.20784313725490197,0.1450980392156863,2974.0170174618765,92811
0.2,0.3137254901960784,0.2,518.0029640367358,178833
0.20784313725490197,0.3254901960784314,0.19607843137254902,2764.015815825362,30219
0.18823529411764706,0.3411764705882353,0.18823529411764706,102.00058365202133,106395
0.21176470588235294,0.3333333333333333,0.19607843137254902,968.005538972124,494
0.2,0.3137254901960784,0.20392156862745098,67.00038337926891,141912
0.20784313725490197,0.3137254901960784,0.20392156862745098,841.0048122681367,151128
0.2,0.3333333333333333,0.20392156862745098,17.000097275336888,4641
0.21568627450980393,0.3333333333333333,0.20392156862745098,408.00233460808533,197269
0.0196078431372549,0.027450980392156862,0.06274509803921569,1.0000057220786405,295302
0.058823529411764705,0.027450980392156862,0.06666666666666667,3.0000171662359216,867841
0.023529411764705882,0.0392156862745098,0.06274509803921569,81.00046348836987,194965
0.023529411764705882,0.027450980392156862,0.09411764705882353,1.0000057220786405,862653
0.01568627450980392,0.050980392156862744,0.10196078431372549,4.000022888314562,297346
0.058823529411764705,0.054901960784313725,0.10196078431372549,23.00013160780873,856531
0.22745098039215686,0.34509803921568627,0.18823529411764706,434.00248338213,439052
0.24313725490196078,0.34509803921568627,0.19215686274509805,1128.0064545047064,244701
0.22745098039215686,0.36470588235294116,0.18823529411764706,35.000200272752416,396060
0.24705882352941178,0.36470588235294116,0.19215686274509805,266.00152207291836,343891
0.2235294117647059,0.34509803921568627,0.21176470588235294,955.0054645851017,13849
0.24313725490196078,0.34901960784313724,0.21176470588235294,2068.0118332586285,100844
0.23137254901960785,0.3607843137254902,0.21568627450980393,26.000148774044654,6677
0.24705882352941178,0.3607843137254902,0.21568627450980393,735.0042057278007,183879
0.25098039215686274,0.3254901960784314,0.13333333333333333,249.00142479758148,765874
0.27058823529411763,0.3215686274509804,0.13333333333333333,34.000194550673775,828226
0.25098039215686274,0.33725490196078434,0.13725490196078433,1934.0110665000907,780168
0.2784313725490196,0.3333333333333333,0.13333333333333333,34.000194550673775,886672
0.25098039215686274,0.3254901960784314,0.14901960784313725,26.000148774044654,622491
0.27450980392156865,0.3176470588235294,0.1450980392156863,6.000034332471843,711423
0.25882352941176473,0.3411764705882353,0.1411764705882353,3227.018465147773,824208
0.26666666666666666,0.3411764705882353,0.1450980392156863,123.00070381567278,752512
0.403921568627451,0.38823529411764707,0.4627450980392157,93.00053215331356,964294
0.4117647058823529,0.3803921568627451,0.4627450980392157,92.00052643123492,976565
0.403921568627451,0.43529411764705883,0.44313725490196076,392.0022430548271,394739
0.42745098039215684,0.43529411764705883,0.4392156862745098,267.001527794997,651904
0.39215686274509803,0.3764705882352941,0.47058823529411764,134.00076675853782,956120
0.41568627450980394,0.3843137254901961,0.47843137254901963,138.00078964685238,980661
0.3764705882352941,0.42745098039215684,0.48627450980392156,133.00076103645918,255553
0.43529411764705883,0.4196078431372549,0.47843137254901963,126.0007209819087,862662
0.7019607843137254,0.6431372549019608,0.5843137254901961,189.00108147286304,448737
0.7176470588235294,0.6392156862745098,0.5647058823529412,87.00049782084172,797268
0.7098039215686275,0.6823529411764706,0.5647058823529412,160.00091553258247,648506
0.7254901960784313,0.6745098039215687,0.5882352941176471,169.00096703129023,760164
0.6980392156862745,0.6392156862745098,0.615686274509804,197.00112724949219,111018
0.7372549019607844,0.6313725490196078,0.6,185.00105858454847,951763
0.7019607843137254,0.6627450980392157,0.6,213.00121880275043,350441
0.7176470588235294,0.6549019607843137,0.6039215686274509,174.00099564168343,924222
0.5058823529411764,0.5215686274509804,0.5843137254901961,189.00108147286304,1009319
0.5372549019607843,0.5019607843137255,0.5843137254901961,99.00056648578541,947970
0.5058823529411764,0.5450980392156862,0.5843137254901961,246.00140763134556,133450
0.5411764705882353,0.5450980392156862,0.5882352941176471,204.00116730404267,986456
0.5058823529411764,0.5098039215686274,0.6,57.00032615848251,950027
0.5372549019607843,0.5254901960784314,0.6078431372549019,20.00011444157281,944912
0.5215686274509804,0.5372549019607843,0.6078431372549019,336.0019226184232,1018533
0.5294117647058824,0.5372549019607843,0.6,212.0012130806718,1019553
0.6313725490196078,0.6392156862745098,0.38823529411764707,25.000143051966013,892822
0.7098039215686275,0.6392156862745098,0.40784313725490196,10.000057220786404,821048
0.6784313725490196,0.6235294117647059,0.48627450980392156,217.001241691065,139462
0.7019607843137254,0.6274509803921569,0.47058823529411764,83.00047493252715,872062
0.6784313725490196,0.6862745098039216,0.4980392156862745,3.0000171662359216,895901
0.2901960784313726,0.3568627450980392,0.1568627450980392,105.00060081825725,839501
0.3058823529411765,0.3568627450980392,0.1607843137254902,16.000091553258248,725773
0.2823529411764706,0.36470588235294116,0.1568627450980392,2024.0115814871683,579452
0.2980392156862745,0.3607843137254902,0.16862745098039217,75.00042915589803,739055
0.2823529411764706,0.34901960784313724,0.17254901960784313,370.00211716909695,649026
0.30196078431372547,0.3568627450980392,0.1843137254901961,74.00042343381939,282627
0.28627450980392155,0.37254901960784315,0.1803921568627451,2336.013366775704,701238
0.3058823529411765,0.36470588235294116,0.1803921568627451,368.00210572493967,265255
0.6666666666666666,0.6,0.4745098039215686,815.004663494092,120007
0.6745098039215687,0.6,0.47843137254901963,2155.01233107947,111796
0.6549019607843137,0.611764705882353,0.4823529411764706,179.00102425207663,138527
0.6705882352941176,0.6078431372549019,0.4823529411764706,359.0020542262319,125166
0.6627450980392157,0.6,0.48627450980392156,43.00024604938154,138482
0.6823529411764706,0.6,0.48627450980392156,1097.0062771202686,103597
0.6666666666666666,0.611764705882353,0.49019607843137253,72.00041198966211,130324
0.6705882352941176,0.611764705882353,0.4980392156862745,642.0036735744872,654653
0.5254901960784314,0.4588235294117647,0.396078431372549,154.00088120011063,374036
0.5333333333333333,0.4627450980392157,0.4,244.00139618718828,342255
0.5098039215686274,0.4823529411764706,0.403921568627451,153.000875478032,649806
0.5568627450980392,0.47058823529411764,0.3843137254901961,277.0015850157834,254260
0.5215686274509804,0.4666666666666667,0.41568627450980394,131.0007495923019,344311
0.5372549019607843,0.4627450980392157,0.42745098039215684,109.00062370657182,926240
0.5176470588235295,0.47843137254901963,0.41568627450980394,116.0006637611223,367890
0.5411764705882353,0.48627450980392156,0.4117647058823529,155.00088692218927,184737
0.6509803921568628,0.5176470588235295,0.5098039215686274,163.0009326988184,1006167
0.6705882352941176,0.5215686274509804,0.5098039215686274,176.0010070858407,1027124
0.6392156862745098,0.5411764705882353,0.5058823529411764,106.0006065403359,1005864
0.6823529411764706,0.5490196078431373,0.5098039215686274,437.0025005483659,1037387
0.6313725490196078,0.5254901960784314,0.5294117647058824,32.000183106516495,1033556
0.6627450980392157,0.5215686274509804,0.5372549019607843,12.000068664943687,951558
0.6274509803921569,0.5411764705882353,0.5490196078431373,129.00073814814462,847026
0.6666666666666666,0.5372549019607843,0.5294117647058824,247.0014133534242,1003809
0.5058823529411764,0.24705882352941178,0.1803921568627451,1.0000057220786405,1046720
0.592156862745098,0.3686274509803922,0.4,12.000068664943687,926516
0.3215686274509804,0.3764705882352941,0.19607843137254902,1243.00711254375,253963
0.3333333333333333,0.3803921568627451,0.2,552.0031585874095,244744
0.3176470588235294,0.39215686274509803,0.19215686274509805,575.0032901952183,588621
0.33725490196078434,0.396078431372549,0.2,301.00172234567077,249931
0.3176470588235294,0.3803921568627451,0.20392156862745098,580.0033188056115,302110
0.32941176470588235,0.38823529411764707,0.20784313725490197,206.00117874819995,308237
0.3215686274509804,0.396078431372549,0.20784313725490197,314.0017967326931,575281
0.3333333333333333,0.396078431372549,0.20784313725490197,1320.0075531438054,280623
0.5686274509803921,0.5176470588235295,0.4588235294117647,158.0009040884252,276053
0.6078431372549019,0.5215686274509804,0.4470588235294118,161.0009212546611,674092
0.5764705882352941,0.5411764705882353,0.45098039215686275,165.00094414297567,527603
0.611764705882353,0.5372549019607843,0.4392156862745098,276.00157929370476,570615
0.5725490196078431,0.5098039215686274,0.47843137254901963,124.00070953775142,892327
0.615686274509804,0.5215686274509804,0.4980392156862745,77.00044060005531,913997
0.5843137254901961,0.5333333333333333,0.48627450980392156,139.00079536893102,323830
0.6078431372549019,0.5372549019607843,0.4823529411764706,172.00098419752615,796167
0.3764705882352941,0.3764705882352941,0.3411764705882353,146.0008354234815,611019
0.4235294117647059,0.396078431372549,0.3215686274509804,254.00145340797468,636511
0.39215686274509803,0.41568627450980394,0.3333333333333333,23.00013160780873,168193
0.42745098039215684,0.42745098039215684,0.3254901960784314,67.00038337926891,478431
0.3803921568627451,0.3764705882352941,0.36470588235294116,306.001750956064,404789
0.43137254901960786,0.38823529411764707,0.34509803921568627,285.0016307924125,427248
0.396078431372549,0.40784313725490196,0.35294117647058826,44.00025177146018,599601
0.41568627450980394,0.4235294117647059,0.3607843137254902,145.00082970140286,637649
0.1568627450980392,0.12941176470588237,0.10588235294117647,620.0035476887571,602439
0.17647058823529413,0.12941176470588237,0.10588235294117647,494.0028267068484,675218
0.16862745098039217,0.1450980392156863,0.10588235294117647,2.000011444157281,748079
0.1843137254901961,0.1411764705882353,0.10588235294117647,44.00025177146018,672156
0.16470588235294117,0.13333333333333333,0.12156862745098039,2075.011873313179,585030
0.1803921568627451,0.13725490196078433,0.11372549019607843,558.0031929198814,592159
0.16862745098039217,0.1450980392156863,0.11764705882352941,312.0017852885358,493977
0.17254901960784313,0.1450980392156863,0.12156862745098039,971.0055561383599,737830
0.32941176470588235,0.45098039215686275,0.18823529411764706,270.0015449612329,439133
0.34901960784313724,0.4392156862745098,0.19607843137254902,177.00101280791935,518979
0.3254901960784314,0.47058823529411764,0.20784313725490197,7.0000400545504835,421694
0.3568627450980392,0.47843137254901963,0.2,9.000051498707764,446315
0.3333333333333333,0.44313725490196076,0.23529411764705882,251.00143624173876,249448
0.34509803921568627,0.44313725490196076,0.23137254901960785,552.0031585874095,282237
0.09411764705882353,0.07058823529411765,0.06274509803921569,347.0019855612882,571759
0.10980392156862745,0.07058823529411765,0.06274509803921569,193.00110436117762,915167
0.10588235294117647,0.08627450980392157,0.06666666666666667,1273.0072842061093,649671
0.10980392156862745,0.08235294117647059,0.07058823529411765,329.0018825638727,645553
0.09411764705882353,0.07450980392156863,0.0784313725490196,132.00075531438054,466215
0.11372549019607843,0.07450980392156863,0.08627450980392157,22.00012588573009,854342
0.09803921568627451,0.08235294117647059,0.08235294117647059,2078.011890479415,666116
0.11372549019607843,0.09019607843137255,0.08235294117647059,671.0038395147677,582032
0.19607843137254902,0.1568627450980392,0.12941176470588237,1047.0059910163366,674528
0.20784313725490197,0.16862745098039217,0.13725490196078433,976.0055847487531,589137
0.18823529411764706,0.17647058823529413,0.13333333333333333,16.000091553258248,619222
0.21176470588235294,0.17254901960784313,0.13725490196078433,92.00052643123492,758261
0.2,0.16470588235294117,0.1450980392156863,1142.0065346138074,671241
0.20392156862745098,0.16470588235294117,0.1450980392156863,620.0035476887571,472317
0.2,0.17647058823529413,0.15294117647058825,224.00128174561547,600557
0.20784313725490197,0.17254901960784313,0.1450980392156863,919.0052585902706,564652
0.30980392156862746,0.3137254901960784,0.09019607843137255,1.0000057220786405,915411
0.2549019607843137,0.33725490196078434,0.12156862745098039,20.00011444157281,528284
0.3058823529411765,0.3176470588235294,0.10980392156862745,42.0002403273029,894881
0.44313725490196076,0.3176470588235294,0.3411764705882353,111.0006351507291,945357
0.47058823529411764,0.3215686274509804,0.3176470588235294,306.001750956064,987767
0.4470588235294118,0.3686274509803922,0.3411764705882353,129.00073814814462,228799
0.47058823529411764,0.37254901960784315,0.33725490196078434,281.00160790409797,920046
0.4588235294117647,0.3411764705882353,0.3568627450980392,101.0005779299427,981650
0.49019607843137253,0.3333333333333333,0.3568627450980392,137.00078392477374,986677
0.4549019607843137,0.3686274509803922,0.35294117647058826,81.00046348836987,397533
0.4745098039215686,0.34509803921568627,0.34509803921568627,105.00060081825725,850027
0.25098039215686274,0.3333333333333333,0.4549019607843137,84.0004806546058,251370
0.30196078431372547,0.3215686274509804,0.45098039215686275,20.00011444157281,930626
0.25882352941176473,0.3568627450980392,0.4470588235294118,600.0034332471843,276880
0.28627450980392155,0.34901960784313724,0.4549019607843137,232.0013275222446,358961
0.25882352941176473,0.33725490196078434,0.47843137254901963,10.000057220786404,392735
0.2980392156862745,0.3411764705882353,0.47058823529411764,2.000011444157281,938784
0.25098039215686274,0.3568627450980392,0.47843137254901963,258.00147629628924,463474
0.2901960784313726,0.36470588235294116,0.47058823529411764,44.00025177146018,217622
0.792156862745098,0.8235294117647058,0.8431372549019608,1070.0061226241453,636054
0.803921568627451,0.8235294117647058,0.8431372549019608,1101.0063000085831,640100
0.792156862745098,0.8274509803921568,0.8470588235294118,196.00112152741355,840148
0.796078431372549,0.8313725490196079,0.8549019607843137,2396.0137101004225,777295
0.792156862745098,0.8196078431372549,0.8588235294117647,9.000051498707764,865441
0.803921568627451,0.8156862745098039,0.8627450980392157,21.00012016365145,869536
0.7803921568627451,0.8352941176470589,0.8666666666666667,25.000143051966013,864594
0.803921568627451,0.8313725490196079,0.8627450980392157,143.00081825724558,880068
0.5019607843137255,0.3803921568627451,0.1607843137254902,1.0000057220786405,231784
0.615686274509804,0.3764705882352941,0.17647058823529413,2.000011444157281,832109
0.5058823529411764,0.3764705882352941,0.24313725490196078,74.00042343381939,781925
0.5882352941176471,0.42745098039215684,0.23137254901960785,187.00107002870575,872048
0.5019607843137255,0.4470588235294118,0.22745098039215686,33.000188828595135,870241
0.5764705882352941,0.4549019607843137,0.24313725490196078,13.000074387022327,867166
0.2549019607843137,0.3803921568627451,0.16470588235294117,383.00219155611927,432938
0.27450980392156865,0.3764705882352941,0.1607843137254902,1583.009058050488,803643
0.2627450980392157,0.4,0.16862745098039217,37.000211716909696,413504
0.27058823529411763,0.39215686274509803,0.16862745098039217,717.0041027303852,393083
0.25098039215686274,0.3803921568627451,0.17647058823529413,501.0028667613989,394031
0.27450980392156865,0.3843137254901961,0.17254901960784313,892.0051040941473,385926
0.2627450980392157,0.39215686274509803,0.1803921568627451,54.00030899224659,396083
0.27450980392156865,0.4,0.1803921568627451,691.0039539563405,391998
0.5254901960784314,0.4,0.396078431372549,65.00037193511163,825476
0.5568627450980392,0.3803921568627451,0.4,572.0032730289823,920730
0.5254901960784314,0.40784313725490196,0.3843137254901961,81.00046348836987,900544
0.5490196078431373,0.4117647058823529,0.3803921568627451,149.00085258971743,897471
0.5215686274509804,0.38823529411764707,0.40784313725490196,54.00030899224659,988807
0.5568627450980392,0.396078431372549,0.4235294117647059,154.00088120011063,959710
0.5254901960784314,0.40784313725490196,0.4235294117647059,50.00028610393203,997742
0.5372549019607843,0.40784313725490196,0.4196078431372549,83.00047493252715,921419
0.5529411764705883,0.26666666666666666,0.047058823529411764,83.00047493252715,805658
0.5647058823529412,0.2823529411764706,0.043137254901960784,45.00025749353882,785156
0.615686274509804,0.3137254901960784,0.03529411764705882,5.000028610393202,789257
0.5333333333333333,0.27450980392156865,0.12156862745098039,98.00056076370677,830066
0.592156862745098,0.30196078431372547,0.12156862745098039,58.00033188056115,843385
0.5764705882352941,0.3176470588235294,0.11372549019607843,13.000074387022327,788229
0.27058823529411763,0.396078431372549,0.5058823529411764,196.00112152741355,461349
0.29411764705882354,0.403921568627451,0.5137254901960784,127.00072670398734,269844
0.27450980392156865,0.4196078431372549,0.5137254901960784,108.00061798449318,566920
0.30196078431372547,0.40784313725490196,0.5254901960784314,456.00260926786007,299518
0.27058823529411763,0.403921568627451,0.5411764705882353,25.000143051966013,480882
0.28627450980392155,0.403921568627451,0.5294117647058824,14.000080109100967,459316
0.26666666666666666,0.4196078431372549,0.5411764705882353,65.00037193511163,457318
0.2901960784313726,0.42745098039215684,0.5372549019607843,201.00115013780675,436768
0.7764705882352941,0.7490196078431373,0.7098039215686275,143.00081825724558,106901
0.807843137254902,0.7529411764705882,0.7058823529411765,141.0008068130883,216355
0.7764705882352941,0.7843137254901961,0.7098039215686275,13.000074387022327,474820
0.8,0.7843137254901961,0.7098039215686275,36.000205994831056,485062
0.7529411764705882,0.7607843137254902,0.7372549019607844,381.002180111962,263777
0.7803921568627451,0.7490196078431373,0.7215686274509804,287.0016422365698,921142
0.7647058823529411,0.788235294117647,0.7294117647058823,70.00040054550483,862644
0.7843137254901961,0.807843137254902,0.7372549019607844,118.00067520527958,482526
0.13725490196078433,0.13333333333333333,0.13725490196078433,1025.0058651306065,204232
0.1450980392156863,0.13333333333333333,0.13725490196078433,1040.005950961786,482754
0.13333333333333333,0.1411764705882353,0.13333333333333333,12.000068664943687,418079
0.15294117647058825,0.14901960784313725,0.12941176470588237,208.00119019235723,695027
0.12549019607843137,0.12941176470588237,0.1450980392156863,1025.0058651306065,516575
0.1411764705882353,0.13725490196078433,0.15294117647058825,318.00181962100766,407909
0.13725490196078433,0.1411764705882353,0.1450980392156863,322.0018425093222,451018
0.14901960784313725,0.1411764705882353,0.14901960784313725,792.0045318862833,392493
0.1568627450980392,0.13725490196078433,0.12549019607843137,524.0029983692076,489867
0.1843137254901961,0.13725490196078433,0.12941176470588237,71.00040626758347,431351
0.16862745098039217,0.1450980392156863,0.12941176470588237,1078.0061684007744,473436
0.1803921568627451,0.15294117647058825,0.13725490196078433,1791.0102482428451,730671
0.16470588235294117,0.13725490196078433,0.1411764705882353,54.00030899224659,374011
0.1803921568627451,0.13725490196078433,0.15294117647058825,13.000074387022327,192813
0.1607843137254902,0.1450980392156863,0.1411764705882353,802.0045891070697,397683
0.17254901960784313,0.14901960784313725,0.14901960784313725,356.002037059996,677454
0.4666666666666667,0.33725490196078434,0.21568627450980393,81.00046348836987,757387
0.49411764705882355,0.3411764705882353,0.20784313725490197,61.00034904679707,771695
0.4549019607843137,0.34901960784313724,0.20392156862745098,3.0000171662359216,717495
0.4980392156862745,0.34509803921568627,0.21176470588235294,10.000057220786404,777861
0.4392156862745098,0.3176470588235294,0.23529411764705882,400.0022888314562,688476
0.49019607843137253,0.3333333333333333,0.24705882352941178,64.00036621303299,894565
0.4392156862745098,0.34901960784313724,0.24313725490196078,386.00220872235525,17485
0.4745098039215686,0.34509803921568627,0.23137254901960785,137.00078392477374,767619
0.6941176470588235,0.7490196078431373,0.7803921568627451,407.0023288860067,891778
0.7098039215686275,0.7490196078431373,0.7803921568627451,1227.0070209904918,876875
0.6901960784313725,0.7764705882352941,0.788235294117647,27.000154496123294,396830
0.7137254901960784,0.7725490196078432,0.7803921568627451,47.0002689376961,277103
0.6941176470588235,0.7529411764705882,0.796078431372549,422.0024147171863,738327
0.7058823529411765,0.7529411764705882,0.796078431372549,1855.010614455878,592986
0.6941176470588235,0.7647058823529411,0.803921568627451,34.000194550673775,964534
0.7137254901960784,0.7686274509803922,0.803921568627451,533.0030498679154,940943
0.39215686274509803,0.3411764705882353,0.3254901960784314,83.00047493252715,209257
0.4196078431372549,0.33725490196078434,0.3215686274509804,77.00044060005531,882029
0.3803921568627451,0.35294117647058826,0.3215686274509804,310.00177384437853,427307
0.42745098039215684,0.37254901960784315,0.3254901960784314,161.0009212546611,370051
0.403921568627451,0.3254901960784314,0.37254901960784315,80.00045776629123,996988
0.4117647058823529,0.32941176470588235,0.3686274509803922,151.0008640338747,995959
0.3843137254901961,0.36470588235294116,0.3568627450980392,182.00104141831255,313598
0.4235294117647059,0.3686274509803922,0.35294117647058826,90.00051498707764,195963
0.8549019607843137,0.8745098039215686,0.803921568627451,10.000057220786404,488670
0.803921568627451,0.8784313725490196,0.8705882352941177,20.00011444157281,858552
0.4666666666666667,0.4666666666666667,0.38823529411764707,157.00089836634655,594633
0.47058823529411764,0.44313725490196076,0.396078431372549,174.00099564168343,346576
0.44313725490196076,0.48627450980392156,0.3803921568627451,42.0002403273029,468674
0.48627450980392156,0.47058823529411764,0.3803921568627451,83.00047493252715,433378
0.4666666666666667,0.4627450980392157,0.43529411764705883,240.00137329887372,632516
0.47843137254901963,0.4666666666666667,0.41568627450980394,199.00113869364947,460058
0.4549019607843137,0.4823529411764706,0.41568627450980394,82.00046921044851,647792
0.4980392156862745,0.47058823529411764,0.42745098039215684,145.00082970140286,338168
0.2901960784313726,0.3764705882352941,0.13333333333333333,663.0037937381386,492458
0.2980392156862745,0.3803921568627451,0.13725490196078433,36.000205994831056,502670
0.29411764705882354,0.39215686274509803,0.13725490196078433,203.00116158196403,465812
0.2980392156862745,0.39215686274509803,0.13725490196078433,34.000194550673775,481171
0.29411764705882354,0.3843137254901961,0.15294117647058825,987.0056476916182,525195
0.30196078431372547,0.3843137254901961,0.15294117647058825,273.00156212746884,541544
0.29411764705882354,0.396078431372549,0.15294117647058825,919.0052585902706,484175
0.3058823529411765,0.4,0.1450980392156863,1372.0078506918946,485275
0.20392156862745098,0.3254901960784314,0.4627450980392157,151.0008640338747,451118
0.22745098039215686,0.33725490196078434,0.45098039215686275,290.0016594028057,228831
0.21176470588235294,0.34901960784313724,0.4666666666666667,19.00010871949417,500331
0.23921568627450981,0.3686274509803922,0.4470588235294118,338.00193406258046,547449
0.19607843137254902,0.32941176470588235,0.4745098039215686,39.00022316106698,528015
0.2235294117647059,0.3411764705882353,0.4745098039215686,33.000188828595135,542340
0.21176470588235294,0.35294117647058826,0.4745098039215686,21.00012016365145,462432
0.24313725490196078,0.3686274509803922,0.47058823529411764,217.001241691065,579217
0.5803921568627451,0.5176470588235295,0.5019607843137255,104.00059509617861,885096
0.6039215686274509,0.5215686274509804,0.5176470588235295,65.00037193511163,851151
0.5686274509803921,0.5529411764705883,0.5176470588235295,212.0012130806718,447148
0.6196078431372549,0.5490196078431373,0.5019607843137255,130.00074387022326,372969
0.5803921568627451,0.5019607843137255,0.5490196078431373,122.00069809359414,1020551
0.596078431372549,0.5019607843137255,0.5333333333333333,86.00049209876308,1015416
0.5803921568627451,0.5490196078431373,0.5529411764705883,255.00145913005332,318072
0.592156862745098,0.5568627450980392,0.5490196078431373,131.0007495923019,921133
0.7254901960784313,0.7215686274509804,0.7568627450980392,763.0043659460026,1002962
0.7372549019607844,0.7294117647058823,0.7529411764705882,452.0025863795455,1019328
0.7294117647058823,0.7450980392156863,0.7490196078431373,283.00161934825525,991215
0.7372549019607844,0.7372549019607844,0.7607843137254902,129.00073814814462,919783
0.7254901960784313,0.7254901960784313,0.7725490196078432,562.0032158081959,1027562
0.7333333333333333,0.7254901960784313,0.7647058823529411,272.0015564053902,1002930
0.7176470588235294,0.7411764705882353,0.7647058823529411,868.00496676426,820756
0.7372549019607844,0.7411764705882353,0.7764705882352941,1057.006048237123,1026519
0.5215686274509804,0.5647058823529412,0.3411764705882353,100.00057220786405,246972
0.5372549019607843,0.5686274509803921,0.3411764705882353,257.0014705742106,239802
0.5254901960784314,0.5686274509803921,0.3686274509803922,271.00155068331156,271550
0.5333333333333333,0.5686274509803921,0.34901960784313724,459.002626434096,248004
0.6549019607843137,0.6941176470588235,0.7254901960784313,496.0028381510057,999218
0.6823529411764706,0.6862745098039216,0.7294117647058823,300.00171662359213,913682
0.6666666666666666,0.7098039215686275,0.7176470588235294,163.0009326988184,441974
0.6784313725490196,0.7019607843137254,0.7254901960784313,220.0012588573009,1035253
0.6666666666666666,0.6941176470588235,0.7333333333333333,676.0038681251609,599113
0.6784313725490196,0.6901960784313725,0.7333333333333333,639.0036564082512,945526
0.6627450980392157,0.7098039215686275,0.7411764705882353,1066.0060997358307,1019804
0.6705882352941176,0.7098039215686275,0.7450980392156863,773.0044231667891,701736
0.4549019607843137,0.5607843137254902,0.5843137254901961,54.00030899224659,418383
0.49411764705882355,0.5725490196078431,0.5882352941176471,158.0009040884252,436844
0.45098039215686275,0.6196078431372549,0.5803921568627451,1.0000057220786405,180760
0.49411764705882355,0.6,0.5843137254901961,5.000028610393202,343534
0.4666666666666667,0.5607843137254902,0.611764705882353,281.00160790409797,213537
0.4980392156862745,0.5647058823529412,0.6,518.0029640367358,288288
0.4549019607843137,0.592156862745098,0.6196078431372549,10.000057220786404,198181
0.4823529411764706,0.592156862745098,0.611764705882353,55.00031471432523,289159
0.5411764705882353,0.6745098039215687,0.7607843137254902,32.000183106516495,883573
0.6078431372549019,0.6823529411764706,0.7568627450980392,59.00033760263979,935779
0.5254901960784314,0.6980392156862745,0.7803921568627451,25.000143051966013,911292
0.615686274509804,0.6901960784313725,0.7490196078431373,149.00085258971743,860484
0.6196078431372549,0.7450980392156863,0.8117647058823529,5.000028610393202,917451
0.3137254901960784,0.4196078431372549,0.1607843137254902,1165.0066662216161,453528
0.32941176470588235,0.41568627450980394,0.16862745098039217,207.0011844702786,513883
0.3137254901960784,0.42745098039215684,0.16862745098039217,517.0029583146571,449396
0.32941176470588235,0.42745098039215684,0.1607843137254902,560.0032043640387,473990
0.3215686274509804,0.40784313725490196,0.17254901960784313,513.0029354263426,554873
0.32941176470588235,0.4196078431372549,0.17254901960784313,495.00283242892704,508752
0.3137254901960784,0.42745098039215684,0.17254901960784313,344.0019683950523,452423
0.3411764705882353,0.43529411764705883,0.17254901960784313,504.0028839276348,495496
0.0784313725490196,0.1411764705882353,0.19215686274509805,86.00049209876308,223651
0.10196078431372549,0.13333333333333333,0.18823529411764706,425.0024318834222,461342
0.06666666666666667,0.1568627450980392,0.21568627450980393,6.000034332471843,365070
0.11764705882352941,0.1568627450980392,0.20392156862745098,207.0011844702786,846359
0.08627450980392157,0.14901960784313725,0.24313725490196078,25.000143051966013,179513
0.11372549019607843,0.12549019607843137,0.2235294117647059,45.00025749353882,873924
0.09019607843137255,0.1568627450980392,0.22745098039215686,22.00012588573009,461368
0.12156862745098039,0.1607843137254902,0.22745098039215686,250.00143051966012,510527
0.2823529411764706,0.34901960784313724,0.2,677.0038738472396,596771
0.2980392156862745,0.34901960784313724,0.19607843137254902,19.00010871949417,394920
0.28627450980392155,0.3607843137254902,0.19215686274509805,944.0054016422366,612150
0.3058823529411765,0.37254901960784315,0.19215686274509805,669.0038280706104,292880
0.2823529411764706,0.35294117647058826,0.20784313725490197,381.002180111962,578332
0.3058823529411765,0.3568627450980392,0.20784313725490197,76.00043487797667,588979
0.28627450980392155,0.3686274509803922,0.20784313725490197,699.0039997329696,317108
0.3058823529411765,0.37254901960784315,0.21176470588235294,785.0044918317328,601313
0.19215686274509805,0.0784313725490196,0.08627450980392157,19.00010871949417,1010848
0.2235294117647059,0.09019607843137255,0.06666666666666667,5.000028610393202,1028158
0.21568627450980393,0.11372549019607843,0.08235294117647059,599.0034275251056,909108
0.2196078431372549,0.11764705882352941,0.08235294117647059,85.00048637668444,900744
0.20784313725490197,0.09019607843137255,0.09803921568627451,12.000068664943687,902269
0.23529411764705882,0.09019607843137255,0.10196078431372549,1.0000057220786405,1021083
0.19215686274509805,0.11372549019607843,0.11372549019607843,260.0014877404465,929512
0.2235294117647059,0.12156862745098039,0.11372549019607843,73.00041771174075,924428
0.6235294117647059,0.39215686274509803,0.3176470588235294,82.00046921044851,1041675
0.6313725490196078,0.40784313725490196,0.3215686274509804,315.00180245477173,937043
0.6549019607843137,0.42745098039215684,0.3411764705882353,15.000085831179607,1020140
0.6235294117647059,0.403921568627451,0.34509803921568627,17.000097275336888,919575
0.6313725490196078,0.4196078431372549,0.3568627450980392,592.0033874705551,1003737
0.6549019607843137,0.43137254901960786,0.3568627450980392,19.00010871949417,1034502
0.38823529411764707,0.21568627450980393,0.12941176470588237,79.0004520442126,889672
0.4196078431372549,0.20392156862745098,0.14901960784313725,17.000097275336888,1043544
0.3843137254901961,0.2196078431372549,0.1450980392156863,172.00098419752615,721607
0.40784313725490196,0.23137254901960785,0.12941176470588237,153.000875478032,722649
0.403921568627451,0.21176470588235294,0.17647058823529413,159.00090981050383,1012803
0.43137254901960786,0.19607843137254902,0.1607843137254902,63.00036049095435,1013887
0.38823529411764707,0.24313725490196078,0.17647058823529413,263.00150490668244,897635
0.4117647058823529,0.24705882352941178,0.17254901960784313,127.00072670398734,892571
0.5254901960784314,0.5019607843137255,0.4392156862745098,109.00062370657182,392837
0.5568627450980392,0.5058823529411764,0.4666666666666667,121.0006923715155,796136
0.5019607843137255,0.5450980392156862,0.44313725490196076,59.00033760263979,571106
0.5490196078431373,0.5411764705882353,0.4588235294117647,132.00075531438054,657074
0.5137254901960784,0.5176470588235295,0.49019607843137253,181.0010356962339,409183
0.5411764705882353,0.5098039215686274,0.49019607843137253,172.00098419752615,125289
0.5215686274509804,0.5450980392156862,0.4980392156862745,91.00052070915628,629447
0.5490196078431373,0.5333333333333333,0.4823529411764706,155.00088692218927,372961
0.06274509803921569,0.03529411764705882,0.00784313725490196,1.0000057220786405,684752
0.08235294117647059,0.03137254901960784,0.011764705882352941,9.000051498707764,733890
0.07058823529411765,0.047058823529411764,0.00784313725490196,1.0000057220786405,684751
0.06274509803921569,0.03529411764705882,0.023529411764705882,2725.015592664295,797403
0.0784313725490196,0.0392156862745098,0.023529411764705882,1099.0062885644259,833286
0.07450980392156863,0.047058823529411764,0.027450980392156862,14.000080109100967,813759
0.08235294117647059,0.047058823529411764,0.023529411764705882,195.0011158053349,786124
0.2627450980392157,0.12941176470588237,0.027450980392156862,54.00030899224659,750317
0.3058823529411765,0.15294117647058825,0.0196078431372549,42.0002403273029,752365
0.30980392156862746,0.1607843137254902,0.023529411764705882,4.000022888314562,738017
0.27450980392156865,0.1411764705882353,0.054901960784313725,569.0032558627464,820845
0.30980392156862746,0.14901960784313725,0.054901960784313725,322.0018425093222,825141
0.30196078431372547,0.1568627450980392,0.054901960784313725,6.000034332471843,787196
0.2901960784313726,0.38823529411764707,0.18823529411764706,608.0034790238134,355237
0.3058823529411765,0.3764705882352941,0.19607843137254902,866.0049553201027,629568
0.29411764705882354,0.39215686274509803,0.19215686274509805,340.00194550673774,358311
0.3058823529411765,0.39215686274509803,0.2,304.0017395119067,527146
0.29411764705882354,0.38823529411764707,0.21176470588235294,483.00276376398335,333722
0.30980392156862746,0.3803921568627451,0.21568627450980393,706.0040397875201,613629
0.29411764705882354,0.4,0.21176470588235294,340.00194550673774,280210
0.2980392156862745,0.403921568627451,0.21176470588235294,290.0016594028057,260724
0.4666666666666667,0.403921568627451,0.3764705882352941,82.00046921044851,344334
0.4823529411764706,0.4,0.3803921568627451,61.00034904679707,938184
0.4588235294117647,0.43529411764705883,0.4,233.00133324432323,610855
0.47843137254901963,0.4235294117647059,0.3843137254901961,154.00088120011063,132452
0.4588235294117647,0.403921568627451,0.43529411764705883,87.00049782084172,838790
0.4745098039215686,0.3764705882352941,0.41568627450980394,98.00056076370677,978593
0.4627450980392157,0.43529411764705883,0.4117647058823529,177.00101280791935,280874
0.47843137254901963,0.43529411764705883,0.41568627450980394,90.00051498707764,896596
0.3254901960784314,0.38823529411764707,0.2196078431372549,807.0046177174629,581865
0.33725490196078434,0.38823529411764707,0.22745098039215686,564.0032272523532,562375
0.3137254901960784,0.39215686274509803,0.2235294117647059,294.0016822911203,615672
0.32941176470588235,0.39215686274509803,0.2235294117647059,558.0031929198814,334851
0.3176470588235294,0.38823529411764707,0.24313725490196078,224.00128174561547,430775
0.32941176470588235,0.3803921568627451,0.23529411764705882,726.0041542290929,552024
0.3137254901960784,0.403921568627451,0.24313725490196078,312.0017852885358,100820
0.3411764705882353,0.4,0.23921568627450981,439.0025119925232,584883
0.3215686274509804,0.15294117647058825,0.12549019607843137,22.00012588573009,991302
0.34901960784313724,0.1450980392156863,0.12941176470588237,1.0000057220786405,1019121
0.3137254901960784,0.17647058823529413,0.1411764705882353,576.0032959172969,929428
0.3686274509803922,0.1803921568627451,0.13725490196078433,57.00032615848251,1047601
0.3176470588235294,0.15294117647058825,0.16470588235294117,12.000068664943687,954551
0.3568627450980392,0.15294117647058825,0.1568627450980392,1.0000057220786405,995521
0.33725490196078434,0.1843137254901961,0.1803921568627451,211.00120735859315,985228
0.35294117647058826,0.1843137254901961,0.1568627450980392,78.00044632213395,975946
0.5137254901960784,0.6313725490196078,0.6392156862745098,34.000194550673775,904112
0.5411764705882353,0.6235294117647059,0.6470588235294118,157.00089836634655,609953
0.5568627450980392,0.6549019607843137,0.6313725490196078,9.000051498707764,911298
0.5215686274509804,0.6235294117647059,0.6588235294117647,127.00072670398734,529057
0.5568627450980392,0.6313725490196078,0.6784313725490196,600.0034332471843,977824
0.5137254901960784,0.6627450980392157,0.6666666666666666,3.0000171662359216,828693
0.5450980392156862,0.6549019607843137,0.6745098039215687,24.000137329887373,493164
0.5882352941176471,0.6392156862745098,0.5647058823529412,113.00064659488638,719630
0.592156862745098,0.6509803921568628,0.5803921568627451,142.00081253516694,654020
0.5843137254901961,0.6549019607843137,0.5764705882352941,8.000045776629124,627953
0.592156862745098,0.6549019607843137,0.5803921568627451,70.00040054550483,559172
0.5843137254901961,0.6392156862745098,0.6039215686274509,165.00094414297567,535556
0.596078431372549,0.6235294117647059,0.6078431372549019,336.0019226184232,484010
0.5882352941176471,0.6549019607843137,0.6,17.000097275336888,561224
0.6196078431372549,0.6588235294117647,0.6039215686274509,103.00058937409997,649930
0.33725490196078434,0.4470588235294118,0.1803921568627451,677.0038738472396,466766
0.3568627450980392,0.44313725490196076,0.1843137254901961,269.0015392391543,512879
0.2196078431372549,0.29411764705882354,0.12549019607843137,59.00033760263979,724922
0.23921568627450981,0.29411764705882354,0.12941176470588237,6.000034332471843,922605
0.2196078431372549,0.30196078431372547,0.12941176470588237,3108.017784220415,911345
0.23921568627450981,0.3058823529411765,0.12549019607843137,148.00084686763878,733104
0.22745098039215686,0.2823529411764706,0.15294117647058825,1.0000057220786405,596218
0.22745098039215686,0.30980392156862746,0.1411764705882353,391.00223733274845,688062
0.23921568627450981,0.3058823529411765,0.15294117647058825,1.0000057220786405,678695
0.2,0.2901960784313726,0.19607843137254902,584.003341693926,153199
0.20784313725490197,0.29411764705882354,0.2,13.000074387022327,490204
0.19215686274509805,0.2980392156862745,0.19215686274509805,1575.0090122738588,130628
0.20392156862745098,0.30980392156862746,0.2,1052.0060196267298,130631
0.19215686274509805,0.29411764705882354,0.20392156862745098,14.000080109100967,126578
0.19607843137254902,0.30196078431372547,0.20784313725490197,288.00164795864845,151165
0.20392156862745098,0.30980392156862746,0.20784313725490197,151.0008640338747,156278
0.13333333333333333,0.20392156862745098,0.3137254901960784,47.0002689376961,255528
0.1607843137254902,0.21176470588235294,0.32941176470588235,17.000097275336888,290271
0.15294117647058825,0.23921568627450981,0.3176470588235294,165.00094414297567,502370
0.16862745098039217,0.23921568627450981,0.3411764705882353,451.00258065746686,232981
0.1450980392156863,0.21176470588235294,0.3568627450980392,6.000034332471843,961463
0.1607843137254902,0.20784313725490197,0.3607843137254902,4.000022888314562,370187
0.13333333333333333,0.2235294117647059,0.34509803921568627,88.00050354292036,242211
0.16862745098039217,0.24313725490196078,0.3686274509803922,115.00065803904366,440884
0.6352941176470588,0.6862745098039216,0.7176470588235294,447.0025577691523,999249
0.6470588235294118,0.6941176470588235,0.7294117647058823,792.0045318862833,1018840
0.6235294117647059,0.7137254901960784,0.7294117647058823,68.00038910134755,576173
0.6470588235294118,0.7019607843137254,0.7215686274509804,129.00073814814462,445043
0.6352941176470588,0.6901960784313725,0.7333333333333333,540.0030899224658,1009596
0.6392156862745098,0.6862745098039216,0.7333333333333333,1041.0059566838647,1035147
0.6313725490196078,0.7019607843137254,0.7450980392156863,135.00077248061646,907117
0.6392156862745098,0.7098039215686275,0.7450980392156863,349.0019970054455,905067
0.6274509803921569,0.5607843137254902,0.4196078431372549,976.0055847487531,46387
0.6392156862745098,0.5647058823529412,0.4196078431372549,38.00021743898834,123041
0.6352941176470588,0.5764705882352941,0.41568627450980394,281.00160790409797,145570
0.6392156862745098,0.5764705882352941,0.41568627450980394,139.00079536893102,138384
0.6352941176470588,0.5647058823529412,0.4235294117647059,602.0034446913415,47411
0.6431372549019608,0.5725490196078431,0.43529411764705883,667.0038166264532,124076
0.6352941176470588,0.5764705882352941,0.42745098039215684,169.00096703129023,66880
0.6431372549019608,0.5843137254901961,0.4235294117647059,573.003278751061,146593
0.7803921568627451,0.7803921568627451,0.8235294117647058,144.00082397932422,839808
0.796078431372549,0.788235294117647,0.8117647058823529,49.000280381853386,913627
0.7803921568627451,0.8,0.8235294117647058,608.0034790238134,768025
0.8,0.807843137254902,0.8196078431372549,149.00085258971743,791633
0.7843137254901961,0.792156862745098,0.8352941176470589,52.00029754808931,898279
0.796078431372549,0.792156862745098,0.8274509803921568,13.000074387022327,895233
0.7843137254901961,0.807843137254902,0.8313725490196079,2328.013320999075,741611
0.807843137254902,0.8,0.8352941176470589,91.00052070915628,894117
0.7019607843137254,0.6235294117647059,0.5137254901960784,396.00226594314165,91316
0.7411764705882353,0.6392156862745098,0.5215686274509804,33.000188828595135,810584
0.7137254901960784,0.6588235294117647,0.5098039215686274,12.000068664943687,734903
0.7372549019607844,0.6627450980392157,0.5215686274509804,12.000068664943687,186682
0.6862745098039216,0.6392156862745098,0.5568627450980392,204.00116730404267,588030
0.7294117647058823,0.6431372549019608,0.5490196078431373,66.00037765719027,61647
0.7019607843137254,0.6549019607843137,0.5333333333333333,77.00044060005531,771722
0.7176470588235294,0.6784313725490196,0.5529411764705883,53.00030327016795,727706
0.2627450980392157,0.3764705882352941,0.13725490196078433,313.00179101061445,440260
0.27450980392156865,0.3803921568627451,0.13333333333333333,1136.0065002813355,439193
0.2627450980392157,0.39215686274509803,0.13333333333333333,7.0000400545504835,438259
0.2784313725490196,0.39215686274509803,0.12549019607843137,145.00082970140286,517118
0.25882352941176473,0.3764705882352941,0.1450980392156863,414.0023689405572,422779
0.26666666666666666,0.3803921568627451,0.1450980392156863,1031.0058994630783,421800
0.2627450980392157,0.396078431372549,0.1450980392156863,11.000062942865044,414707
0.27450980392156865,0.396078431372549,0.14901960784313725,336.0019226184232,427965
0.6549019607843137,0.5686274509803921,0.4470588235294118,171.0009784754475,707909
0.6705882352941176,0.5725490196078431,0.45098039215686275,8.000045776629124,706888
0.6549019607843137,0.5882352941176471,0.45098039215686275,280.0016021820193,127187
0.6784313725490196,0.5764705882352941,0.4392156862745098,22.00012588573009,883357
0.6588235294117647,0.5686274509803921,0.4666666666666667,838.0047951019008,38104
0.6705882352941176,0.5725490196078431,0.4588235294117647,8.000045776629124,699711
0.6627450980392157,0.5882352941176471,0.4627450980392157,1858.010631622114,110755
0.6705882352941176,0.5803921568627451,0.4588235294117647,204.00116730404267,74998
0.4666666666666667,0.4549019607843137,0.19215686274509805,8.000045776629124,925676
0.49019607843137253,0.4666666666666667,0.19607843137254902,4.000022888314562,919515
0.4666666666666667,0.47058823529411764,0.19215686274509805,1.0000057220786405,905143
0.4980392156862745,0.49411764705882355,0.19607843137254902,11.000062942865044,890771
0.4470588235294118,0.4588235294117647,0.23921568627450981,611.0034961900493,825149
0.47058823529411764,0.44313725490196076,0.24705882352941178,22.00012588573009,154625
0.4470588235294118,0.4745098039215686,0.24705882352941178,165.00094414297567,216179
0.4823529411764706,0.47058823529411764,0.24705882352941178,19.00010871949417,188522
0.2901960784313726,0.40784313725490196,0.16862745098039217,677.0038738472396,415652
0.30196078431372547,0.4196078431372549,0.1607843137254902,628.0035934653862,451412
0.28627450980392155,0.4235294117647059,0.16862745098039217,23.00013160780873,430939
0.3058823529411765,0.4235294117647059,0.16862745098039217,184.00105286246983,434076
0.2823529411764706,0.41568627450980394,0.17647058823529413,628.0035934653862,407381
0.30980392156862746,0.41568627450980394,0.17647058823529413,311.0017795664572,486199
0.29411764705882354,0.4235294117647059,0.17254901960784313,272.0015564053902,441148
0.30196078431372547,0.43137254901960786,0.17254901960784313,598.003421803027,434012
0.5019607843137255,0.44313725490196076,0.4549019607843137,72.00041198966211,911906
0.5333333333333333,0.45098039215686275,0.4549019607843137,68.00038910134755,913908
0.5176470588235295,0.4745098039215686,0.4588235294117647,161.0009212546611,320771
0.5372549019607843,0.4980392156862745,0.4627450980392157,134.00076675853782,289042
0.5215686274509804,0.45098039215686275,0.47843137254901963,62.00035476887571,912925
0.5568627450980392,0.4627450980392157,0.48627450980392156,65.00037193511163,889154
0.5058823529411764,0.47058823529411764,0.48627450980392156,157.00089836634655,124270
0.5450980392156862,0.49019607843137253,0.47843137254901963,111.0006351507291,910847
0.6352941176470588,0.5607843137254902,0.4470588235294118,57.00032615848251,474344
0.6509803921568628,0.5647058823529412,0.45098039215686275,1047.0059910163366,77969
0.6352941176470588,0.5803921568627451,0.45098039215686275,157.00089836634655,132379
0.6470588235294118,0.5764705882352941,0.4392156862745098,1160.006637611223,20782
0.6313725490196078,0.5725490196078431,0.4627450980392157,34.000194550673775,689852
0.6470588235294118,0.5607843137254902,0.4549019607843137,499.0028553172416,56479
0.6235294117647059,0.5843137254901961,0.4549019607843137,39.00022316106698,143642
0.6509803921568628,0.5843137254901961,0.4549019607843137,282.0016136261766,38190
0.4588235294117647,0.3803921568627451,0.4392156862745098,145.00082970140286,970415
0.4823529411764706,0.39215686274509803,0.44313725490196076,91.00052070915628,980645
0.4588235294117647,0.4196078431372549,0.4666666666666667,112.00064087280774,829553
0.4980392156862745,0.41568627450980394,0.4627450980392157,116.0006637611223,888214
0.4666666666666667,0.4,0.49019607843137253,48.000274659774746,944898
0.47843137254901963,0.396078431372549,0.4745098039215686,13.000074387022327,943873
0.4588235294117647,0.40784313725490196,0.47058823529411764,166.0009498650543,972466
0.47843137254901963,0.4196078431372549,0.4745098039215686,122.00069809359414,991892
0.5764705882352941,0.3803921568627451,0.26666666666666666,59.00033760263979,825122
0.6078431372549019,0.3803921568627451,0.25882352941176473,66.00037765719027,904205
0.5686274509803921,0.42745098039215684,0.2784313725490196,53.00030327016795,789139
0.6039215686274509,0.40784313725490196,0.2549019607843137,35.000200272752416,814684
0.5803921568627451,0.39215686274509803,0.28627450980392155,176.0010070858407,866340
0.615686274509804,0.39215686274509803,0.29411764705882354,306.001750956064,935003
0.5607843137254902,0.4235294117647059,0.2823529411764706,58.00033188056115,177449
0.611764705882353,0.40784313725490196,0.2901960784313726,58.00033188056115,835371
0.7607843137254902,0.7019607843137254,0.6470588235294118,119.00068092735822,801364
0.788235294117647,0.6901960784313725,0.6431372549019608,30.000171662359215,1026223
0.7764705882352941,0.7294117647058823,0.6274509803921569,99.00056648578541,728407
0.792156862745098,0.7294117647058823,0.6392156862745098,28.000160218201934,594664
0.7725490196078432,0.6941176470588235,0.6705882352941176,199.00113869364947,878881
0.807843137254902,0.6941176470588235,0.6745098039215687,94.0005378753922,912546
0.7686274509803922,0.7372549019607844,0.6745098039215687,167.00095558713295,775531
0.792156862745098,0.7450980392156863,0.6549019607843137,71.00040626758347,731480
0.29411764705882354,0.38823529411764707,0.2196078431372549,464.0026550444892,315059
0.30196078431372547,0.3843137254901961,0.22745098039215686,404.0023117197708,108992
0.28627450980392155,0.39215686274509803,0.2235294117647059,703.0040226212842,10668
0.3058823529411765,0.39215686274509803,0.23137254901960785,294.0016822911203,92617
0.2823529411764706,0.3843137254901961,0.23529411764705882,235.00134468848051,114153
0.30196078431372547,0.3843137254901961,0.23529411764705882,192.00109863909898,417473
0.2901960784313726,0.4,0.23921568627450981,484.002769486062,171550
0.2980392156862745,0.403921568627451,0.23921568627450981,442.0025291587591,28113
0.25882352941176473,0.3215686274509804,0.2,293.00167656904165,635645
0.27058823529411763,0.3254901960784314,0.19607843137254902,49.000280381853386,654079
0.2549019607843137,0.33725490196078434,0.2,443.00253488083774,339656
0.2784313725490196,0.3411764705882353,0.19607843137254902,582.0033302497687,633627
0.2549019607843137,0.3137254901960784,0.20392156862745098,608.0034790238134,616187
0.27058823529411763,0.3254901960784314,0.20784313725490197,109.00062370657182,601864
0.2627450980392157,0.33725490196078434,0.20392156862745098,499.0028553172416,589592
0.27450980392156865,0.3333333333333333,0.20392156862745098,608.0034790238134,631558
0.3176470588235294,0.44313725490196076,0.5607843137254902,101.0005779299427,480893
0.36470588235294116,0.44313725490196076,0.5607843137254902,45.00025749353882,943909
0.32941176470588235,0.47843137254901963,0.5803921568627451,199.00113869364947,462431
0.34901960784313724,0.4745098039215686,0.5725490196078431,376.0021515015688,945136
0.3215686274509804,0.44313725490196076,0.596078431372549,6.000034332471843,150799
0.3568627450980392,0.44313725490196076,0.6,7.0000400545504835,967619
0.3254901960784314,0.47843137254901963,0.592156862745098,27.000154496123294,169251
0.34509803921568627,0.48627450980392156,0.615686274509804,35.000200272752416,984057
0.09019607843137255,0.027450980392156862,0.08627450980392157,1.0000057220786405,871857
0.06666666666666667,0.058823529411764705,0.06274509803921569,718.0041084524638,398599
0.11372549019607843,0.054901960784313725,0.06666666666666667,50.00028610393203,842142
0.08235294117647059,0.054901960784313725,0.11372549019607843,12.000068664943687,849248
0.10196078431372549,0.058823529411764705,0.12156862745098039,5.000028610393202,829701
0.6431372549019608,0.6980392156862745,0.6431372549019608,39.00022316106698,273658
0.6588235294117647,0.6862745098039216,0.6274509803921569,109.00062370657182,661190
0.6352941176470588,0.7294117647058823,0.6470588235294118,5.000028610393202,705237
0.6745098039215687,0.7176470588235294,0.6431372549019608,16.000091553258248,894873
0.6470588235294118,0.6901960784313725,0.6784313725490196,227.0012989118514,508576
0.6784313725490196,0.7058823529411765,0.6745098039215687,357.0020427820746,498345
0.6470588235294118,0.7294117647058823,0.6823529411764706,10.000057220786404,672466
0.6784313725490196,0.7176470588235294,0.6627450980392157,21.00012016365145,654013
0.33725490196078434,0.4392156862745098,0.25098039215686274,125.00071525983006,208444
0.37254901960784315,0.4392156862745098,0.26666666666666666,579.0033130835328,57792
0.34901960784313724,0.47058823529411764,0.2549019607843137,13.000074387022327,252519
0.3254901960784314,0.4470588235294118,0.2980392156862745,18.000102997415528,183848
0.37254901960784315,0.4392156862745098,0.2823529411764706,32.000183106516495,428720
0.3686274509803922,0.47843137254901963,0.30980392156862746,3.0000171662359216,257636
0.16470588235294117,0.1607843137254902,0.16862745098039217,659.003770849824,420199
0.17254901960784313,0.1607843137254902,0.16862745098039217,534.003055589994,386523
0.16862745098039217,0.17254901960784313,0.16470588235294117,35.000200272752416,488885
0.17647058823529413,0.17254901960784313,0.1607843137254902,231.00132180016595,471399
0.1607843137254902,0.1607843137254902,0.1803921568627451,640.0036621303299,403861
0.1803921568627451,0.16862745098039217,0.17647058823529413,181.0010356962339,567785
0.16862745098039217,0.17647058823529413,0.1843137254901961,275.0015735716261,176462
0.17647058823529413,0.17647058823529413,0.1803921568627451,519.0029697588144,530887
0.4,0.5137254901960784,0.5176470588235295,34.000194550673775,385522
0.41568627450980394,0.5019607843137255,0.5176470588235295,106.0006065403359,547396
0.38823529411764707,0.5333333333333333,0.5254901960784314,3.0000171662359216,138725
0.4117647058823529,0.5294117647058824,0.5058823529411764,6.000034332471843,404041
0.4,0.5058823529411764,0.5450980392156862,205.0011730261213,351743
0.43529411764705883,0.5215686274509804,0.5568627450980392,354.0020256158387,141779
0.3843137254901961,0.5529411764705883,0.5372549019607843,8.000045776629124,115139
0.40784313725490196,0.5294117647058824,0.5450980392156862,52.00029754808931,369142
0.22745098039215686,0.18823529411764706,0.16862745098039217,693.0039654004978,483624
0.24705882352941178,0.19607843137254902,0.16862745098039217,826.0047264369571,545051
0.2196078431372549,0.20392156862745098,0.16862745098039217,28.000160218201934,693795
0.23921568627450981,0.20392156862745098,0.1568627450980392,147.00084114556014,728586
0.22745098039215686,0.19215686274509805,0.17254901960784313,452.0025863795455,383227
0.23921568627450981,0.2,0.1843137254901961,260.0014877404465,862579
0.23137254901960785,0.21568627450980393,0.1803921568627451,169.00096703129023,680519
0.24705882352941178,0.20784313725490197,0.17254901960784313,485.00277520814063,689762
0.5372549019607843,0.5607843137254902,0.4196078431372549,329.0018825638727,435284
0.5490196078431373,0.5647058823529412,0.40784313725490196,344.0019683950523,430284
0.5294117647058824,0.5764705882352941,0.41568627450980394,150.00085831179607,321705
0.5568627450980392,0.5882352941176471,0.4196078431372549,251.00143624173876,281809
0.5333333333333333,0.5686274509803921,0.42745098039215684,754.0043144472949,371846
0.5529411764705883,0.5647058823529412,0.42745098039215684,685.0039196238687,216342
0.5411764705882353,0.5843137254901961,0.43137254901960786,209.00119591443587,308417
0.5568627450980392,0.5882352941176471,0.43137254901960786,328.00187684179406,290004
0.5607843137254902,0.3215686274509804,0.3215686274509804,15.000085831179607,933082
0.5686274509803921,0.36470588235294116,0.3176470588235294,605.0034618575775,955886
0.592156862745098,0.3607843137254902,0.3333333333333333,50.00028610393203,953498
0.5882352941176471,0.3686274509803922,0.34509803921568627,78.00044632213395,1026395
0.6039215686274509,0.37254901960784315,0.34509803921568627,6.000034332471843,928974
0.13725490196078433,0.08627450980392157,0.13725490196078433,9.000051498707764,829700
0.12941176470588237,0.11372549019607843,0.12941176470588237,629.0035991874648,167224
0.1568627450980392,0.11764705882352941,0.12549019607843137,55.00031471432523,680654
0.12941176470588237,0.08235294117647059,0.1568627450980392,1.0000057220786405,880063
0.12549019607843137,0.11764705882352941,0.16862745098039217,46.00026321561746,228777
0.1607843137254902,0.11764705882352941,0.16470588235294117,12.000068664943687,862724
0.23137254901960785,0.1568627450980392,0.12941176470588237,478.00273515359015,652600
0.23529411764705882,0.16862745098039217,0.13333333333333333,65.00037193511163,650558
0.23137254901960785,0.17647058823529413,0.12549019607843137,320.00183106516494,753081
0.23921568627450981,0.17254901960784313,0.12549019607843137,546.0031242549377,748978
0.22745098039215686,0.16862745098039217,0.1411764705882353,102.00058365202133,634163
0.24313725490196078,0.16862745098039217,0.1411764705882353,42.0002403273029,452833
0.23137254901960785,0.1803921568627451,0.1450980392156863,934.0053444214502,565609
0.23529411764705882,0.1803921568627451,0.1450980392156863,519.0029697588144,769553
0.6862745098039216,0.5254901960784314,0.5254901960784314,18.000102997415528,929947
0.7176470588235294,0.5254901960784314,0.5176470588235295,1.0000057220786405,905371
0.6980392156862745,0.5529411764705883,0.5254901960784314,510.00291826010664,1034331
0.7294117647058823,0.5568627450980392,0.5254901960784314,67.00038337926891,1007689
0.6862745098039216,0.5215686274509804,0.5372549019607843,1.0000057220786405,925886
0.6901960784313725,0.5529411764705883,0.5294117647058824,143.00081825724558,935085
0.7176470588235294,0.5568627450980392,0.5294117647058824,8.000045776629124,1003579
0.3176470588235294,0.15294117647058825,0.06274509803921569,10.000057220786404,821889
0.3176470588235294,0.16862745098039217,0.09019607843137255,261.00149346252516,887622
0.3686274509803922,0.1843137254901961,0.07058823529411765,201.00115013780675,844417
0.32941176470588235,0.13725490196078433,0.09803921568627451,9.000051498707764,995415
0.3686274509803922,0.14901960784313725,0.10980392156862745,1.0000057220786405,1010801
0.32941176470588235,0.17254901960784313,0.10588235294117647,233.00133324432323,892538
0.34509803921568627,0.1843137254901961,0.09803921568627451,32.000183106516495,857917
0.5764705882352941,0.6862745098039216,0.7019607843137254,18.000102997415528,417311
0.6196078431372549,0.6980392156862745,0.7019607843137254,258.00147629628924,594070
0.5686274509803921,0.7176470588235294,0.7137254901960784,1.0000057220786405,839015
0.6039215686274509,0.7372549019607844,0.7137254901960784,5.000028610393202,834865
0.5882352941176471,0.6862745098039216,0.7333333333333333,18.000102997415528,425516
0.6078431372549019,0.7019607843137254,0.7294117647058823,419.0023975509504,242206
0.5764705882352941,0.7333333333333333,0.7411764705882353,8.000045776629124,163326
0.611764705882353,0.7294117647058823,0.7333333333333333,15.000085831179607,125402
0.34901960784313724,0.4117647058823529,0.2196078431372549,661.0037822939813,291886
0.3607843137254902,0.40784313725490196,0.23137254901960785,236.00135041055916,557276
0.34901960784313724,0.43137254901960786,0.22745098039215686,183.0010471403912,297604
0.3607843137254902,0.42745098039215684,0.22745098039215686,484.002769486062,277610
0.35294117647058826,0.4117647058823529,0.23529411764705882,345.00197411713094,327696
0.3607843137254902,0.40784313725490196,0.24313725490196078,344.0019683950523,554183
0.34901960784313724,0.43529411764705883,0.23529411764705882,248.00141907550284,314012
0.3607843137254902,0.4235294117647059,0.24705882352941178,462.0026436003319,338960
0.2,0.2901960784313726,0.10588235294117647,12.000068664943687,765944
0.21176470588235294,0.2901960784313726,0.10588235294117647,28.000160218201934,762846
0.19607843137254902,0.3058823529411765,0.09803921568627451,1.0000057220786405,417763
0.21176470588235294,0.30196078431372547,0.10588235294117647,10.000057220786404,791548
0.19215686274509805,0.2823529411764706,0.12156862745098039,794.0045433304406,693227
0.20784313725490197,0.29411764705882354,0.12156862745098039,1072.0061340683026,591827
0.2,0.2980392156862745,0.11764705882352941,1.0000057220786405,593917
0.20392156862745098,0.2980392156862745,0.12156862745098039,1036.0059280734715,714751
0.2627450980392157,0.3843137254901961,0.2235294117647059,762.004360223924,201307
0.27058823529411763,0.3803921568627451,0.2196078431372549,1148.0065689462792,27084
0.2627450980392157,0.39215686274509803,0.23137254901960785,14.000080109100967,195152
0.27450980392156865,0.396078431372549,0.23137254901960785,529.0030269796008,23007
0.25882352941176473,0.3843137254901961,0.23529411764705882,63.00036049095435,202375
0.26666666666666666,0.3803921568627451,0.23529411764705882,201.00115013780675,155135
0.2627450980392157,0.39215686274509803,0.23529411764705882,11.000062942865044,206470
0.27450980392156865,0.396078431372549,0.23921568627450981,200.0011444157281,177693
0.8156862745098039,0.7764705882352941,0.7568627450980392,132.00075531438054,850534
0.8666666666666667,0.7764705882352941,0.7529411764705882,6.000034332471843,1046655
0.8274509803921568,0.7843137254901961,0.7607843137254902,184.00105286246983,907437
0.8431372549019608,0.796078431372549,0.7490196078431373,57.00032615848251,239900
0.8156862745098039,0.7725490196078432,0.792156862745098,23.00013160780873,832660
0.8313725490196079,0.788235294117647,0.7803921568627451,299.0017109015135,1017265
0.8588235294117647,0.8,0.7843137254901961,30.000171662359215,861821
0.5058823529411764,0.5294117647058824,0.38823529411764707,132.00075531438054,470111
0.5137254901960784,0.5294117647058824,0.3843137254901961,347.0019855612882,461980
0.5019607843137255,0.5568627450980392,0.3843137254901961,96.00054931954949,314534
0.5254901960784314,0.5490196078431373,0.3843137254901961,37.000211716909696,576638
0.5019607843137255,0.5333333333333333,0.39215686274509803,846.0048408785299,406620
0.5137254901960784,0.5411764705882353,0.403921568627451,721.0041256186997,423000
0.5058823529411764,0.5450980392156862,0.4,387.0022144444339,365694
0.5254901960784314,0.5490196078431373,0.403921568627451,332.0018997301086,445575
0.6509803921568628,0.45098039215686275,0.3333333333333333,53.00030327016795,900103
0.6588235294117647,0.4666666666666667,0.32941176470588235,23.00013160780873,879346
0.6235294117647059,0.47058823529411764,0.3176470588235294,35.000200272752416,785002
0.6823529411764706,0.47843137254901963,0.33725490196078434,35.000200272752416,888661
0.6470588235294118,0.44313725490196076,0.34509803921568627,292.001670846963,992305
0.6588235294117647,0.4470588235294118,0.36470588235294116,214.00122452482907,912424
0.6431372549019608,0.49019607843137253,0.34901960784313724,26.000148774044654,800350
0.6588235294117647,0.4980392156862745,0.3607843137254902,41.00023460522426,810587
0.6666666666666666,0.7215686274509804,0.7568627450980392,275.0015735716261,983878
0.6705882352941176,0.7176470588235294,0.7607843137254902,1071.006128346224,585788
0.6666666666666666,0.7372549019607844,0.7490196078431373,30.000171662359215,560806
0.6823529411764706,0.7372549019607844,0.7568627450980392,92.00052643123492,576179
0.6549019607843137,0.7215686274509804,0.7647058823529411,382.00218583404063,608424
0.6784313725490196,0.7254901960784313,0.7686274509803922,703.0040226212842,609357
0.6627450980392157,0.7372549019607844,0.7764705882352941,40.00022888314562,606370
0.6823529411764706,0.7333333333333333,0.7764705882352941,274.0015678495475,700466
0.3215686274509804,0.44313725490196076,0.4666666666666667,14.000080109100967,627336
0.34509803921568627,0.4549019607843137,0.4627450980392157,76.00043487797667,403016
0.3215686274509804,0.47058823529411764,0.4392156862745098,5.000028610393202,679637
0.3568627450980392,0.48627450980392156,0.4627450980392157,6.000034332471843,678613
0.33725490196078434,0.4392156862745098,0.49019607843137253,167.00095558713295,397873
0.37254901960784315,0.4627450980392157,0.49019607843137253,395.002260221063,500257
0.3215686274509804,0.48627450980392156,0.49019607843137253,7.0000400545504835,119243
0.3607843137254902,0.4823529411764706,0.47843137254901963,42.0002403273029,513557
0.10588235294117647,0.10588235294117647,0.12941176470588237,262.0014991846038,450013
0.10980392156862745,0.10588235294117647,0.12549019607843137,88.00050354292036,841010
0.09803921568627451,0.12156862745098039,0.13333333333333333,600.0034332471843,351575
0.10980392156862745,0.12156862745098039,0.12549019607843137,1195.0068378839753,358829
0.09411764705882353,0.09803921568627451,0.1411764705882353,50.00028610393203,365129
0.10980392156862745,0.10588235294117647,0.1411764705882353,9.000051498707764,358672
0.10196078431372549,0.11764705882352941,0.14901960784313725,337.0019283405018,494086
0.10980392156862745,0.12156862745098039,0.1411764705882353,307.0017566781426,597599
0.7294117647058823,0.7607843137254902,0.8117647058823529,11.000062942865044,839774
0.7333333333333333,0.7607843137254902,0.8117647058823529,27.000154496123294,871575
0.7254901960784313,0.7725490196078432,0.8156862745098039,1692.0096817570598,731154
0.7333333333333333,0.7764705882352941,0.8117647058823529,1086.0062141774035,757875
0.7176470588235294,0.7607843137254902,0.8274509803921568,2.000011444157281,869940
0.7333333333333333,0.7490196078431373,0.8313725490196079,2.000011444157281,821798
0.7254901960784313,0.7725490196078432,0.8352941176470589,19.00010871949417,860497
0.7411764705882353,0.7764705882352941,0.8274509803921568,8.000045776629124,804942
0.25882352941176473,0.34509803921568627,0.2235294117647059,493.00282098476976,506584
0.2784313725490196,0.34901960784313724,0.2235294117647059,270.0015449612329,543491
0.25882352941176473,0.37254901960784315,0.22745098039215686,1196.006843606054,157192
0.2784313725490196,0.3686274509803922,0.2235294117647059,706.0040397875201,446142
0.25882352941176473,0.34901960784313724,0.23529411764705882,46.00026321561746,485069
0.27450980392156865,0.34901960784313724,0.23529411764705882,47.0002689376961,492245
0.2627450980392157,0.3607843137254902,0.23921568627450981,38.00021743898834,686812
0.2784313725490196,0.37254901960784315,0.23529411764705882,29.000165940280574,139756
0.5215686274509804,0.26666666666666666,0.20392156862745098,44.00025177146018,1024252
0.5450980392156862,0.27450980392156865,0.21176470588235294,10.000057220786404,1020143
0.5058823529411764,0.28627450980392155,0.21568627450980393,63.00036049095435,851990
0.5333333333333333,0.3058823529411765,0.2,44.00025177146018,1034254
0.5176470588235295,0.2784313725490196,0.23137254901960785,37.000211716909696,944252
0.5294117647058824,0.2784313725490196,0.23137254901960785,6.000034332471843,1017068
0.5137254901960784,0.2901960784313726,0.23137254901960785,376.0021515015688,944207
0.5333333333333333,0.28627450980392155,0.2196078431372549,126.0007209819087,996429
0.45098039215686275,0.47058823529411764,0.3215686274509804,285.0016307924125,489604
0.4549019607843137,0.4745098039215686,0.3176470588235294,353.00201989376006,476315
0.45098039215686275,0.49411764705882355,0.3137254901960784,62.00035476887571,620781
0.4627450980392157,0.49411764705882355,0.3137254901960784,69.00039482342619,613594
0.4392156862745098,0.4823529411764706,0.3411764705882353,945.0054073643153,431119
0.4666666666666667,0.4823529411764706,0.3411764705882353,355.00203133791734,467084
0.44313725490196076,0.49411764705882355,0.33725490196078434,548.003135699095,352337
0.4549019607843137,0.48627450980392156,0.3411764705882353,203.00116158196403,416816
0.403921568627451,0.23921568627450981,0.27058823529411763,156.0008926442679,959717
0.4470588235294118,0.24313725490196078,0.25098039215686274,14.000080109100967,945391
0.3764705882352941,0.24705882352941178,0.3137254901960784,2.000011444157281,932032
0.45098039215686275,0.4823529411764706,0.34901960784313724,414.0023689405572,455683
0.4549019607843137,0.4823529411764706,0.34509803921568627,74.00042343381939,443402
0.45098039215686275,0.4980392156862745,0.35294117647058826,698.003994010891,414720
0.4627450980392157,0.49019607843137253,0.3568627450980392,1248.0071411541433,461877
0.4470588235294118,0.47843137254901963,0.3686274509803922,4.000022888314562,648937
0.4549019607843137,0.47843137254901963,0.37254901960784315,5.000028610393202,470723
0.44313725490196076,0.48627450980392156,0.3607843137254902,3.0000171662359216,389795
0.4627450980392157,0.49411764705882355,0.3607843137254902,306.001750956064,468021
0.7529411764705882,0.7490196078431373,0.7843137254901961,586.0033531380833,905428
0.7647058823529411,0.7529411764705882,0.7803921568627451,219.00125313522227,919837
0.7568627450980392,0.7725490196078432,0.7843137254901961,524.0029983692076,807033
0.7686274509803922,0.7647058823529411,0.788235294117647,240.00137329887372,854083
0.7490196078431373,0.7529411764705882,0.796078431372549,210.0012016365145,1031649
0.7647058823529411,0.7529411764705882,0.8,32.000183106516495,854136
0.7490196078431373,0.7725490196078432,0.803921568627451,602.0034446913415,722225
0.7647058823529411,0.7647058823529411,0.796078431372549,302.0017280677494,854085
0.6941176470588235,0.6941176470588235,0.7254901960784313,330.00188828595134,1043969
0.7058823529411765,0.6980392156862745,0.7254901960784313,293.00167656904165,892197
0.6941176470588235,0.7098039215686275,0.7254901960784313,120.00068664943686,714038
0.7058823529411765,0.7137254901960784,0.7176470588235294,65.00037193511163,149989
0.6901960784313725,0.6980392156862745,0.7411764705882353,745.0042629485871,775170
0.7019607843137254,0.6941176470588235,0.7372549019607844,256.00146485213196,1003007
0.6862745098039216,0.7137254901960784,0.7411764705882353,379.0021686678047,957412
0.7019607843137254,0.7019607843137254,0.7333333333333333,522.0029869250503,904497
0.5882352941176471,0.5137254901960784,0.2549019607843137,4.000022888314562,768775
0.615686274509804,0.5254901960784314,0.27450980392156865,4.000022888314562,759550
0.5843137254901961,0.5333333333333333,0.2784313725490196,3.0000171662359216,798499
0.615686274509804,0.5411764705882353,0.2784313725490196,2.000011444157281,769800
0.5647058823529412,0.5019607843137255,0.30980392156862746,265.0015163508397,128046
0.6,0.5019607843137255,0.2823529411764706,2.000011444157281,859993
0.5647058823529412,0.5411764705882353,0.2980392156862745,381.002180111962,189607
0.592156862745098,0.5490196078431373,0.30980392156862746,12.000068664943687,825148
0.6039215686274509,0.6627450980392157,0.6941176470588235,270.0015449612329,1005458
0.6078431372549019,0.6588235294117647,0.6941176470588235,227.0012989118514,985985
0.6,0.6745098039215687,0.6901960784313725,126.0007209819087,596121
0.6078431372549019,0.6705882352941176,0.6901960784313725,143.00081825724558,246309
0.6039215686274509,0.6627450980392157,0.7058823529411765,645.0036907407231,1000302
0.6078431372549019,0.6666666666666666,0.7137254901960784,629.0035991874648,1039281
0.596078431372549,0.6745098039215687,0.7098039215686275,188.0010757507844,517779
0.615686274509804,0.6705882352941176,0.7058823529411765,438.00250627044454,283099
0.22745098039215686,0.34901960784313724,0.16470588235294117,134.00076675853782,406311
0.24313725490196078,0.35294117647058826,0.16470588235294117,326.0018653976368,377694
0.23137254901960785,0.3607843137254902,0.16862745098039217,5.000028610393202,395051
0.24705882352941178,0.3607843137254902,0.16862745098039217,168.0009613092116,375660
0.2235294117647059,0.34509803921568627,0.1843137254901961,593.0033931926338,434961
0.24705882352941178,0.3568627450980392,0.1843137254901961,936.0053558656075,339832
0.23137254901960785,0.3607843137254902,0.17254901960784313,37.000211716909696,407332
0.24705882352941178,0.3607843137254902,0.17254901960784313,455.0026035457814,367444
0.6274509803921569,0.5411764705882353,0.4196078431372549,465.00266076656783,82049
0.6392156862745098,0.5411764705882353,0.40784313725490196,12.000068664943687,762527
0.6313725490196078,0.5529411764705883,0.4196078431372549,604.0034561354988,284
0.6470588235294118,0.5490196078431373,0.40784313725490196,32.000183106516495,681297
0.6352941176470588,0.5411764705882353,0.43137254901960786,665.0038051822959,54416
0.6431372549019608,0.5411764705882353,0.42745098039215684,18.000102997415528,739679
0.6274509803921569,0.5450980392156862,0.4235294117647059,539.0030842003872,9478
0.6392156862745098,0.5490196078431373,0.43137254901960786,298.00170517943485,9476
0.38823529411764707,0.33725490196078434,0.396078431372549,96.00054931954949,1006201
0.42745098039215684,0.3333333333333333,0.403921568627451,88.00050354292036,985400
0.3764705882352941,0.37254901960784315,0.38823529411764707,105.00060081825725,348760
0.4235294117647059,0.34509803921568627,0.396078431372549,84.0004806546058,983709
0.3803921568627451,0.3254901960784314,0.4117647058823529,49.000280381853386,949974
0.40784313725490196,0.3333333333333333,0.40784313725490196,21.00012016365145,934661
0.39215686274509803,0.3686274509803922,0.40784313725490196,100.00057220786405,119160
0.41568627450980394,0.3568627450980392,0.4235294117647059,110.00062942865046,1006205
0.4823529411764706,0.5058823529411764,0.35294117647058826,103.00058937409997,465052
0.48627450980392156,0.5019607843137255,0.35294117647058826,241.00137902095236,480398
0.4745098039215686,0.5176470588235295,0.34509803921568627,32.000183106516495,359081
0.49019607843137253,0.5137254901960784,0.35294117647058826,74.00042343381939,475311
0.47058823529411764,0.5019607843137255,0.3607843137254902,1027.0058765747638,474178
0.49019607843137253,0.5098039215686274,0.3686274509803922,360.00205994831055,470129
0.4745098039215686,0.5176470588235295,0.3686274509803922,557.0031871978027,398399
0.4980392156862745,0.5137254901960784,0.37254901960784315,216.00123596898635,451725
0.23137254901960785,0.3176470588235294,0.09411764705882353,20.00011444157281,499611
0.23137254901960785,0.33725490196078434,0.09411764705882353,147.00084114556014,495607
0.23529411764705882,0.3411764705882353,0.09411764705882353,54.00030899224659,478199
0.22745098039215686,0.3176470588235294,0.12156862745098039,1380.0078964685238,778232
0.23529411764705882,0.3176470588235294,0.11764705882352941,563.0032215302746,803818
0.23137254901960785,0.3333333333333333,0.10980392156862745,246.00140763134556,525283
0.23529411764705882,0.3333333333333333,0.11764705882352941,188.0010757507844,544754
0.8745098039215686,0.7725490196078432,0.7568627450980392,25.000143051966013,1023077
0.8862745098039215,0.8666666666666667,0.7843137254901961,55.00031471432523,461029
0.9372549019607843,0.8196078431372549,0.792156862745098,4.000022888314562,1047717
0.8784313725490196,0.8666666666666667,0.8705882352941177,77.00044060005531,863315
0.9529411764705882,0.8666666666666667,0.8156862745098039,1.0000057220786405,1007732
0.15294117647058825,0.2627450980392157,0.32941176470588235,10.000057220786404,518753
0.16470588235294117,0.2549019607843137,0.32941176470588235,214.00122452482907,386576
0.14901960784313725,0.3058823529411765,0.3137254901960784,5.000028610393202,201259
0.1803921568627451,0.28627450980392155,0.33725490196078434,6.000034332471843,450137
0.15294117647058825,0.25098039215686274,0.35294117647058826,43.00024604938154,536186
0.1803921568627451,0.27058823529411763,0.34509803921568627,322.0018425093222,621234
0.1450980392156863,0.28627450980392155,0.34901960784313724,2.000011444157281,234996
0.16862745098039217,0.2823529411764706,0.35294117647058826,43.00024604938154,387600
0.027450980392156862,0.06274509803921569,0.08627450980392157,1.0000057220786405,225671
0.058823529411764705,0.06666666666666667,0.08627450980392157,454.0025978237028,328051
0.01568627450980392,0.06274509803921569,0.09803921568627451,4.000022888314562,338382
0.043137254901960784,0.06666666666666667,0.09803921568627451,182.00104141831255,855490
0.058823529411764705,0.09803921568627451,0.12156862745098039,3.0000171662359216,855489
0.25098039215686274,0.19607843137254902,0.1607843137254902,490.00280381853383,534904
0.27450980392156865,0.2,0.1607843137254902,154.00088120011063,534784
0.25098039215686274,0.20392156862745098,0.1568627450980392,355.00203133791734,455936
0.27058823529411763,0.20392156862745098,0.1568627450980392,545.003118532859,602399
0.25098039215686274,0.19215686274509805,0.1803921568627451,47.0002689376961,789039
0.26666666666666666,0.18823529411764706,0.1803921568627451,28.000160218201934,890310
0.2549019607843137,0.20784313725490197,0.17254901960784313,575.0032901952183,620031
0.27058823529411763,0.21176470588235294,0.17254901960784313,374.0021400574115,545043
0.8862745098039215,0.8745098039215686,0.803921568627451,20.00011444157281,209234
0.9764705882352941,0.9137254901960784,0.8,2.000011444157281,147696
0.8784313725490196,0.8784313725490196,0.8509803921568627,132.00075531438054,873136
0.9568627450980393,0.9215686274509803,0.8627450980392157,2.000011444157281,146673
0.9098039215686274,0.9490196078431372,0.8666666666666667,1.0000057220786405,232854
0.9529411764705882,0.9490196078431372,0.8705882352941177,2.000011444157281,505543
0.38823529411764707,0.4117647058823529,0.25098039215686274,401.00229455353485,529608
0.396078431372549,0.4196078431372549,0.25098039215686274,114.00065231696502,532702
0.3764705882352941,0.43529411764705883,0.25882352941176473,231.00132180016595,77243
0.396078431372549,0.4235294117647059,0.25882352941176473,328.00187684179406,522420
0.38823529411764707,0.4196078431372549,0.2784313725490196,479.0027408756688,534561
0.39215686274509803,0.4196078431372549,0.2784313725490196,60.00034332471843,530450
0.3764705882352941,0.43529411764705883,0.26666666666666666,439.0025119925232,334892
0.403921568627451,0.42745098039215684,0.2784313725490196,487.0027866522979,545845
0.6352941176470588,0.6274509803921569,0.5176470588235295,83.00047493252715,600634
0.6705882352941176,0.6235294117647059,0.5019607843137255,112.00064087280774,133377
0.6313725490196078,0.6588235294117647,0.5137254901960784,9.000051498707764,601838
0.6823529411764706,0.6627450980392157,0.5098039215686274,21.00012016365145,159988
0.6313725490196078,0.6274509803921569,0.5411764705882353,157.00089836634655,246182
0.6823529411764706,0.6235294117647059,0.5372549019607843,169.00096703129023,714057
0.6431372549019608,0.6549019607843137,0.5450980392156862,49.000280381853386,256259
0.6745098039215687,0.6745098039215687,0.5568627450980392,34.000194550673775,599295
0.7294117647058823,0.7529411764705882,0.7568627450980392,110.00062942865046,946126
0.7450980392156863,0.7529411764705882,0.7568627450980392,242.001384743031,973749
0.7254901960784313,0.7725490196078432,0.7529411764705882,37.000211716909696,585402
0.7372549019607844,0.7686274509803922,0.7529411764705882,84.0004806546058,478868
0.7176470588235294,0.7529411764705882,0.7725490196078432,1386.0079308009956,819690
0.7372549019607844,0.7568627450980392,0.7647058823529411,504.0028839276348,864508
0.7254901960784313,0.7647058823529411,0.7725490196078432,48.000274659774746,361990
0.7450980392156863,0.7647058823529411,0.7686274509803922,125.00071525983006,250450
0.07450980392156863,0.043137254901960784,0.0392156862745098,448.00256349123094,900814
0.08235294117647059,0.043137254901960784,0.03529411764705882,65.00037193511163,614118
0.07450980392156863,0.047058823529411764,0.03529411764705882,118.00067520527958,854775
0.08627450980392157,0.054901960784313725,0.0392156862745098,760.0043487797667,811732
0.06274509803921569,0.043137254901960784,0.050980392156862744,52.00029754808931,859524
0.08627450980392157,0.03529411764705882,0.047058823529411764,7.0000400545504835,840099
0.07058823529411765,0.058823529411764705,0.058823529411764705,789.0045147200474,509339
0.0784313725490196,0.054901960784313725,0.058823529411764705,274.0015678495475,515374
0.7647058823529411,0.6392156862745098,0.6313725490196078,93.00053215331356,890972
0.796078431372549,0.6431372549019608,0.6274509803921569,11.000062942865044,1038423
0.7764705882352941,0.6588235294117647,0.6509803921568628,149.00085258971743,904317
0.796078431372549,0.6588235294117647,0.6352941176470588,106.0006065403359,1046693
0.7490196078431373,0.6509803921568628,0.6588235294117647,4.000022888314562,936188
0.7647058823529411,0.6823529411764706,0.6823529411764706,226.00129318977275,939273
0.8,0.6705882352941176,0.6549019607843137,38.00021743898834,1028133
0.8235294117647058,0.8470588235294118,0.8549019607843137,281.00160790409797,854489
0.8313725490196079,0.8431372549019608,0.8549019607843137,436.00249482628726,824777
0.8156862745098039,0.8588235294117647,0.8549019607843137,41.00023460522426,882118
0.8313725490196079,0.8588235294117647,0.8509803921568627,54.00030899224659,269920
0.8235294117647058,0.8470588235294118,0.8666666666666667,795.0045490525192,819668
0.8274509803921568,0.8431372549019608,0.8627450980392157,659.003770849824,821704
0.8235294117647058,0.8705882352941177,0.8588235294117647,68.00038910134755,821512
0.8352941176470589,0.8666666666666667,0.8666666666666667,166.0009498650543,822560
0.3254901960784314,0.4,0.5176470588235295,27.000154496123294,945950
0.34509803921568627,0.39215686274509803,0.5019607843137255,34.000194550673775,254415
0.3176470588235294,0.43529411764705883,0.5019607843137255,313.00179101061445,289329
0.3686274509803922,0.40784313725490196,0.5215686274509804,113.00064659488638,968412
0.3176470588235294,0.4,0.5294117647058824,3.0000171662359216,370185
0.3686274509803922,0.38823529411764707,0.5411764705882353,6.000034332471843,947080
0.32941176470588235,0.41568627450980394,0.5294117647058824,84.0004806546058,250340
0.36470588235294116,0.42745098039215684,0.5333333333333333,39.00022316106698,963312
0.13333333333333333,0.13725490196078433,0.1568627450980392,273.00156212746884,586444
0.1450980392156863,0.13725490196078433,0.16862745098039217,53.00030327016795,265642
0.13333333333333333,0.1411764705882353,0.16470588235294117,621.0035534108357,361923
0.15294117647058825,0.1450980392156863,0.1607843137254902,788.0045089979687,163133
0.13333333333333333,0.13725490196078433,0.1803921568627451,60.00034332471843,216555
0.14901960784313725,0.12549019607843137,0.17254901960784313,16.000091553258248,884131
0.13333333333333333,0.15294117647058825,0.1803921568627451,408.00233460808533,189924
0.1411764705882353,0.15294117647058825,0.1843137254901961,249.00142479758148,330012
0.06666666666666667,0.07450980392156863,0.09411764705882353,151.0008640338747,875007
0.08627450980392157,0.07450980392156863,0.09411764705882353,63.00036049095435,865837
0.07450980392156863,0.08235294117647059,0.10588235294117647,426.00243760550086,408034
0.08235294117647059,0.08235294117647059,0.09803921568627451,1413.008085297119,426320
0.07450980392156863,0.07450980392156863,0.11372549019607843,15.000085831179607,303480
0.08627450980392157,0.07450980392156863,0.11372549019607843,9.000051498707764,347606
0.07450980392156863,0.09019607843137255,0.10980392156862745,147.00084114556014,320854
0.09019607843137255,0.09019607843137255,0.10980392156862745,222.0012703014582,408008
0.7568627450980392,0.7803921568627451,0.788235294117647,162.00092697673975,793970
0.7725490196078432,0.7803921568627451,0.7803921568627451,354.0020256158387,987099
0.7529411764705882,0.8,0.7803921568627451,24.000137329887373,334049
0.7725490196078432,0.803921568627451,0.7803921568627451,60.00034332471843,540345
0.7529411764705882,0.7843137254901961,0.807843137254902,1310.007495923019,784693
0.7686274509803922,0.792156862745098,0.807843137254902,337.0019283405018,1004334
0.7607843137254902,0.8,0.8,66.00037765719027,300666
0.7686274509803922,0.803921568627451,0.807843137254902,124.00070953775142,244284
0.3843137254901961,0.4470588235294118,0.2627450980392157,549.0031414211736,337934
0.39215686274509803,0.4470588235294118,0.25882352941176473,73.00041771174075,21909
0.3843137254901961,0.4549019607843137,0.2549019607843137,97.00055504162813,292976
0.4,0.4588235294117647,0.2549019607843137,158.0009040884252,279661
0.3843137254901961,0.44313725490196076,0.27450980392156865,632.0036163537007,102838
0.39215686274509803,0.45098039215686275,0.27450980392156865,196.00112152741355,57788
0.3803921568627451,0.4549019607843137,0.26666666666666666,168.0009613092116,301160
0.4,0.4588235294117647,0.27450980392156865,560.0032043640387,321599
0.40784313725490196,0.4392156862745098,0.28627450980392155,458.00262071201735,517253
0.42745098039215684,0.4392156862745098,0.29411764705882354,199.00113869364947,532498
0.4196078431372549,0.4666666666666667,0.28627450980392155,197.00112724949219,83367
0.42745098039215684,0.4666666666666667,0.28627450980392155,171.0009784754475,94634
0.41568627450980394,0.45098039215686275,0.30980392156862746,514.0029411484212,493621
0.4235294117647059,0.4392156862745098,0.2980392156862745,179.00102425207663,500839
0.40784313725490196,0.4666666666666667,0.3058823529411765,283.00161934825525,368665
0.43529411764705883,0.4588235294117647,0.30196078431372547,419.0023975509504,493727
0.7490196078431373,0.5450980392156862,0.4117647058823529,3.0000171662359216,879446
0.803921568627451,0.6196078431372549,0.40784313725490196,58.00033188056115,839319
0.8156862745098039,0.6196078431372549,0.38823529411764707,1.0000057220786405,844445
0.7490196078431373,0.5411764705882353,0.47058823529411764,8.000045776629124,1031329
0.7647058823529411,0.6039215686274509,0.44313725490196076,81.00046348836987,856690
0.1843137254901961,0.2901960784313726,0.08627450980392157,1.0000057220786405,414691
0.1843137254901961,0.26666666666666666,0.11372549019607843,598.003421803027,695286
0.1843137254901961,0.2823529411764706,0.12156862745098039,3.0000171662359216,644080
0.35294117647058826,0.40784313725490196,0.25882352941176473,199.00113869364947,550030
0.3607843137254902,0.40784313725490196,0.2627450980392157,628.0035934653862,536711
0.35294117647058826,0.43137254901960786,0.2627450980392157,298.00170517943485,98746
0.3686274509803922,0.43137254901960786,0.2549019607843137,510.00291826010664,347148
0.3568627450980392,0.40784313725490196,0.27058823529411763,26.000148774044654,522278
0.3607843137254902,0.40784313725490196,0.27058823529411763,532.0030441458367,523307
0.34901960784313724,0.43529411764705883,0.26666666666666666,39.00022316106698,91588
0.3686274509803922,0.4235294117647059,0.26666666666666666,166.0009498650543,400038
0.5882352941176471,0.5215686274509804,0.5686274509803921,57.00032615848251,899244
0.596078431372549,0.5176470588235295,0.5647058823529412,19.00010871949417,950697
0.5725490196078431,0.5529411764705883,0.5647058823529412,181.0010356962339,802273
0.611764705882353,0.5490196078431373,0.5725490196078431,154.00088120011063,967987
0.5686274509803921,0.5254901960784314,0.592156862745098,4.000022888314562,963043
0.611764705882353,0.5254901960784314,0.615686274509804,3.0000171662359216,929589
0.5607843137254902,0.5450980392156862,0.6039215686274509,128.00073242606598,857201
0.596078431372549,0.5450980392156862,0.6196078431372549,51.00029182601067,930600
0.7725490196078432,0.6352941176470588,0.5843137254901961,72.00041198966211,963704
0.796078431372549,0.6274509803921569,0.5882352941176471,67.00038337926891,939072
0.7607843137254902,0.6666666666666666,0.5803921568627451,18.000102997415528,214358
0.796078431372549,0.6666666666666666,0.5647058823529412,18.000102997415528,882514
0.7568627450980392,0.6352941176470588,0.596078431372549,245.00140190926692,921775
0.796078431372549,0.6470588235294118,0.6196078431372549,85.00048637668444,961619
0.7490196078431373,0.6549019607843137,0.6196078431372549,41.00023460522426,924852
0.7803921568627451,0.6588235294117647,0.6078431372549019,48.000274659774746,1025201
0.5098039215686274,0.3137254901960784,0.21568627450980393,90.00051498707764,835370
0.5333333333333333,0.32941176470588235,0.21176470588235294,74.00042343381939,784126
0.5215686274509804,0.34509803921568627,0.21568627450980393,21.00012016365145,864318
0.5529411764705883,0.3568627450980392,0.19607843137254902,33.000188828595135,757498
0.5058823529411764,0.32941176470588235,0.23137254901960785,104.00059509617861,884498
0.5333333333333333,0.3137254901960784,0.24313725490196078,107.00061226241453,889882
0.5098039215686274,0.3607843137254902,0.23921568627450981,77.00044060005531,769644
0.5294117647058824,0.34509803921568627,0.2196078431372549,82.00046921044851,876243
0.39215686274509803,0.19215686274509805,0.07058823529411765,142.00081253516694,841342
0.40784313725490196,0.21568627450980393,0.08235294117647059,120.00068664943686,832319
0.3843137254901961,0.2235294117647059,0.08627450980392157,1.0000057220786405,182576
0.42745098039215684,0.2196078431372549,0.09019607843137255,6.000034332471843,846667
0.39215686274509803,0.21176470588235294,0.10196078431372549,148.00084686763878,844428
0.40784313725490196,0.20784313725490197,0.10196078431372549,41.00023460522426,815770
0.39215686274509803,0.2196078431372549,0.10588235294117647,40.00022888314562,762622
0.4196078431372549,0.22745098039215686,0.12156862745098039,88.00050354292036,785148
0.10588235294117647,0.09411764705882353,0.07450980392156863,5.000028610393202,525711
0.11372549019607843,0.09411764705882353,0.07450980392156863,52.00029754808931,613801
0.12156862745098039,0.11372549019607843,0.07058823529411765,2.000011444157281,838989
0.10196078431372549,0.09411764705882353,0.09019607843137255,254.00145340797468,649724
0.11372549019607843,0.09803921568627451,0.09019607843137255,2017.0115414326178,568733
0.09803921568627451,0.10980392156862745,0.08627450980392157,1.0000057220786405,417035
0.12156862745098039,0.12156862745098039,0.09019607843137255,6.000034332471843,661238
0.10588235294117647,0.2196078431372549,0.1607843137254902,3.0000171662359216,63224
0.12156862745098039,0.2196078431372549,0.1568627450980392,1415.0080967412762,107172
0.12156862745098039,0.23529411764705882,0.16862745098039217,827.0047321590357,76549
0.12156862745098039,0.23137254901960785,0.17254901960784313,12.000068664943687,64246
0.12156862745098039,0.24313725490196078,0.1803921568627451,59.00033760263979,60163
0.5098039215686274,0.27450980392156865,0.25882352941176473,7.0000400545504835,992445
0.5176470588235295,0.30980392156862746,0.2627450980392157,348.00199128336686,954373
0.5294117647058824,0.3058823529411765,0.2627450980392157,83.00047493252715,926729
0.5019607843137255,0.2784313725490196,0.28627450980392155,2.000011444157281,928979
0.5411764705882353,0.2784313725490196,0.2901960784313726,1.0000057220786405,996547
0.5254901960784314,0.2980392156862745,0.28627450980392155,111.0006351507291,1032550
0.5490196078431373,0.3058823529411765,0.28627450980392155,21.00012016365145,931027
0.0392156862745098,0.03529411764705882,0.043137254901960784,219.00125313522227,463232
0.050980392156862744,0.03529411764705882,0.043137254901960784,391.00223733274845,552291
0.043137254901960784,0.047058823529411764,0.0392156862745098,1.0000057220786405,668397
0.058823529411764705,0.047058823529411764,0.043137254901960784,42.0002403273029,656892
0.03529411764705882,0.043137254901960784,0.058823529411764705,424.0024261613436,376260
0.050980392156862744,0.043137254901960784,0.050980392156862744,299.0017109015135,819739
0.043137254901960784,0.047058823529411764,0.058823529411764705,110.00062942865046,411046
0.058823529411764705,0.050980392156862744,0.050980392156862744,798.0045662187551,462256
0.5215686274509804,0.6235294117647059,0.6901960784313725,56.00032043640387,941020
0.5411764705882353,0.6431372549019608,0.6980392156862745,377.00215722364743,517773
0.5098039215686274,0.6588235294117647,0.7098039215686275,1.0000057220786405,153891
0.5490196078431373,0.6549019607843137,0.6901960784313725,65.00037193511163,436812
0.5058823529411764,0.6509803921568628,0.7333333333333333,12.000068664943687,147730
0.5294117647058824,0.6392156862745098,0.7254901960784313,30.000171662359215,864643
0.5058823529411764,0.6588235294117647,0.7411764705882353,2.000011444157281,879467
0.5372549019607843,0.6745098039215687,0.7215686274509804,25.000143051966013,862684
0.8156862745098039,0.8156862745098039,0.7490196078431373,82.00046921044851,472770
0.8431372549019608,0.8196078431372549,0.7490196078431373,34.000194550673775,350445
0.8235294117647058,0.8431372549019608,0.7607843137254902,4.000022888314562,212312
0.8705882352941177,0.8588235294117647,0.7529411764705882,17.000097275336888,789889
0.8313725490196079,0.8156862745098039,0.7803921568627451,230.0013160780873,106897
0.8470588235294118,0.8235294117647058,0.7803921568627451,118.00067520527958,263608
0.8392156862745098,0.8666666666666667,0.807843137254902,45.00025749353882,545499
0.8705882352941177,0.8705882352941177,0.7803921568627451,36.000205994831056,874165
0.39215686274509803,0.4627450980392157,0.5725490196078431,36.000205994831056,942883
0.4196078431372549,0.4627450980392157,0.5607843137254902,45.00025749353882,968416
0.39215686274509803,0.4980392156862745,0.5725490196078431,256.00146485213196,965591
0.43137254901960786,0.48627450980392156,0.5647058823529412,188.0010757507844,862465
0.396078431372549,0.4627450980392157,0.611764705882353,5.000028610393202,977888
0.4235294117647059,0.4588235294117647,0.611764705882353,4.000022888314562,859479
0.4,0.4980392156862745,0.6039215686274509,9.000051498707764,267735
0.42745098039215684,0.4980392156862745,0.596078431372549,22.00012588573009,946980
0.2549019607843137,0.12156862745098039,0.027450980392156862,103.00058937409997,784143
0.26666666666666666,0.11372549019607843,0.12156862745098039,38.00021743898834,1020056
0.5098039215686274,0.5803921568627451,0.5098039215686274,20.00011444157281,621265
0.5490196078431373,0.5686274509803921,0.5098039215686274,89.000509264999,665250
0.5098039215686274,0.615686274509804,0.5254901960784314,6.000034332471843,273007
0.5450980392156862,0.611764705882353,0.5137254901960784,29.000165940280574,543774
0.5254901960784314,0.5647058823529412,0.5372549019607843,105.00060081825725,601797
0.5450980392156862,0.5803921568627451,0.5294117647058824,251.00143624173876,513743
0.5215686274509804,0.611764705882353,0.5333333333333333,19.00010871949417,668375
0.5568627450980392,0.615686274509804,0.5529411764705883,44.00025177146018,537612
0.3215686274509804,0.1450980392156863,0.027450980392156862,9.000051498707764,797302
0.34509803921568627,0.14901960784313725,0.027450980392156862,1.0000057220786405,801394
0.3333333333333333,0.1607843137254902,0.023529411764705882,20.00011444157281,798489
0.37254901960784315,0.1803921568627451,0.023529411764705882,33.000188828595135,777990
0.3137254901960784,0.1450980392156863,0.0392156862745098,116.0006637611223,806519
0.34509803921568627,0.15294117647058825,0.0392156862745098,6.000034332471843,811639
0.33725490196078434,0.1607843137254902,0.050980392156862744,139.00079536893102,836416
0.3568627450980392,0.16862745098039217,0.054901960784313725,233.00133324432323,839484
0.4117647058823529,0.47843137254901963,0.3176470588235294,372.00212861325423,364582
0.4235294117647059,0.47843137254901963,0.3254901960784314,445.002546324995,380986
0.4196078431372549,0.48627450980392156,0.3176470588235294,20.00011444157281,332893
0.42745098039215684,0.49019607843137253,0.3176470588235294,306.001750956064,326755
0.41568627450980394,0.4823529411764706,0.32941176470588235,9.000051498707764,437937
0.42745098039215684,0.47058823529411764,0.32941176470588235,709.004056953756,419850
0.4117647058823529,0.49019607843137253,0.3333333333333333,5.000028610393202,623879
0.43529411764705883,0.49411764705882355,0.32941176470588235,344.0019683950523,325755
0.08235294117647059,0.16470588235294117,0.11764705882352941,38.00021743898834,105122
0.11764705882352941,0.2196078431372549,0.12156862745098039,100.00057220786405,56319
0.2627450980392157,0.3215686274509804,0.16862745098039217,49.000280381853386,672548
0.25098039215686274,0.3411764705882353,0.1607843137254902,1099.0062885644259,668570
0.26666666666666666,0.3411764705882353,0.16862745098039217,63.00036049095435,665414
0.2549019607843137,0.3215686274509804,0.1843137254901961,167.00095558713295,607488
0.27058823529411763,0.3137254901960784,0.1843137254901961,18.000102997415528,705293
0.2627450980392157,0.3333333333333333,0.17647058823529413,358.00204850415327,662305
0.27058823529411763,0.33725490196078434,0.1843137254901961,452.0025863795455,617266
0.7098039215686275,0.7490196078431373,0.7019607843137254,20.00011444157281,562885
0.7294117647058823,0.7490196078431373,0.7098039215686275,87.00049782084172,656043
0.6901960784313725,0.7803921568627451,0.7137254901960784,2.000011444157281,715528
0.7411764705882353,0.7843137254901961,0.7058823529411765,2.000011444157281,843141
0.7098039215686275,0.7568627450980392,0.7333333333333333,83.00047493252715,521909
0.7372549019607844,0.7725490196078432,0.7176470588235294,334.0019111742659,882107
0.7137254901960784,0.7803921568627451,0.7333333333333333,4.000022888314562,593622
0.7450980392156863,0.803921568627451,0.7294117647058823,14.000080109100967,843140
0.4549019607843137,0.25098039215686274,0.1411764705882353,94.0005378753922,898894
0.4823529411764706,0.25098039215686274,0.14901960784313725,71.00040626758347,851772
0.4666666666666667,0.2823529411764706,0.1450980392156863,1.0000057220786405,857942
0.4980392156862745,0.3058823529411765,0.1450980392156863,22.00012588573009,841360
0.4392156862745098,0.25098039215686274,0.1568627450980392,133.00076103645918,882491
0.4823529411764706,0.27058823529411763,0.16470588235294117,48.000274659774746,747233
0.45098039215686275,0.3058823529411765,0.1803921568627451,60.00034332471843,881381
0.4980392156862745,0.29411764705882354,0.1607843137254902,112.00064087280774,743148
0.44313725490196076,0.4666666666666667,0.5725490196078431,11.000062942865044,939806
0.48627450980392156,0.4666666666666667,0.5843137254901961,2.000011444157281,926539
0.4588235294117647,0.48627450980392156,0.5647058823529412,296.00169373527757,995001
0.4823529411764706,0.4980392156862745,0.5647058823529412,192.00109863909898,996021
0.4588235294117647,0.4627450980392157,0.596078431372549,2.000011444157281,862657
0.48627450980392156,0.4666666666666667,0.596078431372549,1.0000057220786405,934756
0.4666666666666667,0.49411764705882355,0.592156862745098,27.000154496123294,939819
0.4823529411764706,0.4980392156862745,0.6,10.000057220786404,944919
0.7843137254901961,0.8117647058823529,0.8313725490196079,1713.0098019207112,626758
0.788235294117647,0.8156862745098039,0.8313725490196079,1079.006174122853,743697
0.7803921568627451,0.8196078431372549,0.8313725490196079,17.000097275336888,879176
0.792156862745098,0.8196078431372549,0.8274509803921568,44.00025177146018,926595
0.7803921568627451,0.8117647058823529,0.8392156862745098,1835.0105000143053,822565
0.788235294117647,0.8117647058823529,0.8352941176470589,2089.01195342228,621612
0.7843137254901961,0.8196078431372549,0.8352941176470589,111.0006351507291,882516
0.792156862745098,0.8196078431372549,0.8392156862745098,1584.0090637725666,701639
0.16470588235294117,0.28627450980392155,0.18823529411764706,613.0035076342066,119595
0.1843137254901961,0.29411764705882354,0.18823529411764706,797.0045604966765,174739
0.16862745098039217,0.3058823529411765,0.18823529411764706,189.00108147286304,85818
0.17254901960784313,0.3058823529411765,0.18823529411764706,453.00259210162415,74562
0.1607843137254902,0.2823529411764706,0.20392156862745098,11.000062942865044,103185
0.1843137254901961,0.29411764705882354,0.20392156862745098,3.0000171662359216,122488
0.16470588235294117,0.2980392156862745,0.20392156862745098,15.000085831179607,123675
0.17647058823529413,0.3058823529411765,0.20392156862745098,32.000183106516495,110379
0.5764705882352941,0.6235294117647059,0.5137254901960784,93.00053215331356,554043
0.6078431372549019,0.6313725490196078,0.5058823529411764,155.00088692218927,249092
0.5764705882352941,0.6666666666666666,0.5176470588235295,6.000034332471843,702203
0.6,0.6588235294117647,0.5254901960784314,8.000045776629124,596220
0.5843137254901961,0.6313725490196078,0.5294117647058824,118.00067520527958,609479
0.6039215686274509,0.6235294117647059,0.5568627450980392,121.0006923715155,654010
0.5843137254901961,0.6666666666666666,0.5411764705882353,3.0000171662359216,188970
0.6078431372549019,0.6784313725490196,0.5450980392156862,20.00011444157281,613635
0.4470588235294118,0.5215686274509804,0.4549019607843137,25.000143051966013,412928
0.47058823529411764,0.5137254901960784,0.4549019607843137,84.0004806546058,385697
0.44313725490196076,0.5411764705882353,0.45098039215686275,11.000062942865044,519900
0.4980392156862745,0.5333333333333333,0.4627450980392157,20.00011444157281,405998
0.4666666666666667,0.5019607843137255,0.4980392156862745,115.00065803904366,260473
0.49411764705882355,0.5254901960784314,0.49019607843137253,220.0012588573009,403074
0.4666666666666667,0.5372549019607843,0.49411764705882355,10.000057220786404,514581
0.49411764705882355,0.5294117647058824,0.4980392156862745,38.00021743898834,385515
0.5725490196078431,0.592156862745098,0.47058823529411764,477.0027294315115,383165
0.5803921568627451,0.6039215686274509,0.4823529411764706,841.0048122681367,372908
0.5725490196078431,0.6078431372549019,0.47058823529411764,47.0002689376961,258303
0.5803921568627451,0.611764705882353,0.47058823529411764,280.0016021820193,276711
0.5607843137254902,0.592156862745098,0.49019607843137253,18.000102997415528,436908
0.5882352941176471,0.6,0.48627450980392156,190.00108719494168,353494
0.5607843137254902,0.611764705882353,0.48627450980392156,35.000200272752416,547885
0.5882352941176471,0.611764705882353,0.49019607843137253,198.00113297157083,274678
0.8117647058823529,0.8235294117647058,0.8431372549019608,63.00036049095435,828971
0.8313725490196079,0.8196078431372549,0.8470588235294118,16.000091553258248,888972
0.8117647058823529,0.8392156862745098,0.8549019607843137,1565.0089550530724,824768
0.8274509803921568,0.8352941176470589,0.8509803921568627,206.00117874819995,880798
0.8196078431372549,0.8235294117647058,0.8666666666666667,10.000057220786404,840869
0.8274509803921568,0.8235294117647058,0.8627450980392157,4.000022888314562,919863
0.8156862745098039,0.8392156862745098,0.8627450980392157,200.0011444157281,816605
0.8392156862745098,0.8352941176470589,0.8627450980392157,21.00012016365145,859218
0.6588235294117647,0.5725490196078431,0.4745098039215686,157.00089836634655,25793
0.6705882352941176,0.5607843137254902,0.4823529411764706,4.000022888314562,896395
0.6666666666666666,0.5843137254901961,0.47058823529411764,715.0040912862279,567545
0.6705882352941176,0.5882352941176471,0.47843137254901963,998.0057106344832,26865
0.6666666666666666,0.5725490196078431,0.49019607843137253,14.000080109100967,252183
0.6705882352941176,0.5725490196078431,0.49411764705882355,7.0000400545504835,950415
0.6666666666666666,0.5882352941176471,0.49019607843137253,49.000280381853386,713029
0.6745098039215687,0.5882352941176471,0.49019607843137253,134.00076675853782,19692
0.3254901960784314,0.4117647058823529,0.2235294117647059,250.00143051966012,305822
0.3411764705882353,0.40784313725490196,0.23137254901960785,261.00149346252516,330758
0.3215686274509804,0.42745098039215684,0.2235294117647059,245.00140190926692,271999
0.32941176470588235,0.43529411764705883,0.23137254901960785,249.00142479758148,257648
0.3137254901960784,0.41568627450980394,0.24313725490196078,405.0023174418494,1438
0.32941176470588235,0.4117647058823529,0.24313725490196078,243.00139046510964,85438
0.3176470588235294,0.43137254901960786,0.23921568627450981,303.00173378982805,220749
0.3411764705882353,0.4235294117647059,0.23529411764705882,119.00068092735822,336550
0.7568627450980392,0.5215686274509804,0.27058823529411763,47.0002689376961,836255
0.8117647058823529,0.5529411764705883,0.2549019607843137,1.0000057220786405,824984
0.807843137254902,0.5647058823529412,0.27450980392156865,18.000102997415528,832153
0.8156862745098039,0.5764705882352941,0.2901960784313726,12.000068664943687,838302
0.7686274509803922,0.5372549019607843,0.3176470588235294,9.000051498707764,834198
0.7490196078431373,0.5647058823529412,0.3607843137254902,31.000177384437855,866999
0.8196078431372549,0.6,0.32941176470588235,11.000062942865044,840352
0.13725490196078433,0.12549019607843137,0.10588235294117647,9.000051498707764,735753
0.1450980392156863,0.12549019607843137,0.10588235294117647,235.00134468848051,583069
0.1450980392156863,0.1450980392156863,0.09411764705882353,4.000022888314562,832936
0.12941176470588237,0.12941176470588237,0.12156862745098039,219.00125313522227,503220
0.1450980392156863,0.12549019607843137,0.12156862745098039,1566.008960775151,592392
0.13725490196078433,0.1411764705882353,0.12156862745098039,2.000011444157281,664313
0.1450980392156863,0.1450980392156863,0.11372549019607843,18.000102997415528,696057
0.18823529411764706,0.1568627450980392,0.1568627450980392,238.00136185471644,847136
0.20784313725490197,0.16862745098039217,0.1568627450980392,54.00030899224659,498995
0.19215686274509805,0.17254901960784313,0.1568627450980392,445.002546324995,419135
0.20784313725490197,0.1803921568627451,0.16862745098039217,697.0039882888124,667177
0.19215686274509805,0.16862745098039217,0.1843137254901961,37.000211716909696,290121
0.20392156862745098,0.16862745098039217,0.17254901960784313,15.000085831179607,647881
0.19215686274509805,0.17647058823529413,0.1843137254901961,395.002260221063,149876
0.21568627450980393,0.1803921568627451,0.17254901960784313,161.0009212546611,451818
0.24313725490196078,0.2823529411764706,0.09803921568627451,2.000011444157281,927734
0.2196078431372549,0.30980392156862746,0.09803921568627451,1.0000057220786405,501710
0.2196078431372549,0.29411764705882354,0.11372549019607843,48.000274659774746,737230
0.23921568627450981,0.2823529411764706,0.11372549019607843,21.00012016365145,927735
0.22745098039215686,0.30980392156862746,0.11764705882352941,1861.01064878835,806884
0.23921568627450981,0.30980392156862746,0.12156862745098039,89.000509264999,755643
0.24705882352941178,0.3843137254901961,0.1843137254901961,51.00029182601067,401191
0.24705882352941178,0.3843137254901961,0.2235294117647059,75.00042915589803,222880
0.3843137254901961,0.4392156862745098,0.2901960784313726,313.00179101061445,381967
0.403921568627451,0.44313725490196076,0.2901960784313726,314.0017967326931,520321
0.38823529411764707,0.4549019607843137,0.28627450980392155,50.00028610393203,346155
0.4,0.4588235294117647,0.29411764705882354,474.0027122652756,363545
0.38823529411764707,0.45098039215686275,0.2980392156862745,30.000171662359215,374820
0.396078431372549,0.4392156862745098,0.30196078431372547,436.00249482628726,505877
0.3843137254901961,0.4549019607843137,0.3058823529411765,10.000057220786404,601342
0.4,0.4588235294117647,0.30196078431372547,373.00213433533287,382980
0.6039215686274509,0.5372549019607843,0.3764705882352941,87.00049782084172,38215
0.6078431372549019,0.5333333333333333,0.3764705882352941,231.00132180016595,117854
0.596078431372549,0.5568627450980392,0.3764705882352941,100.00057220786405,43364
0.6078431372549019,0.5450980392156862,0.3764705882352941,656.0037536835881,5434
0.6,0.5294117647058824,0.39215686274509803,23.00013160780873,753259
0.6196078431372549,0.5333333333333333,0.403921568627451,352.0020141716814,274
0.596078431372549,0.5490196078431373,0.403921568627451,15.000085831179607,102741
0.615686274509804,0.5490196078431373,0.39215686274509803,526.0030098133649,117852
0.22745098039215686,0.3764705882352941,0.3764705882352941,18.000102997415528,142826
0.24705882352941178,0.3803921568627451,0.4588235294117647,106.0006065403359,537192
0.19215686274509805,0.18823529411764706,0.18823529411764706,397.0022716652203,152961
0.21176470588235294,0.19607843137254902,0.18823529411764706,315.00180245477173,394513
0.19607843137254902,0.20392156862745098,0.18823529411764706,45.00025749353882,689901
0.21568627450980393,0.20784313725490197,0.19607843137254902,180.00102997415527,474576
0.2,0.2,0.21568627450980393,375.00214577949015,331086
0.20392156862745098,0.2,0.20784313725490197,104.00059509617861,393685
0.19215686274509805,0.20392156862745098,0.20784313725490197,264.0015106287611,418211
0.21176470588235294,0.20392156862745098,0.20784313725490197,301.00172234567077,450951
0.25098039215686274,0.3764705882352941,0.19607843137254902,222.0012703014582,434963
0.2784313725490196,0.3843137254901961,0.18823529411764706,532.0030441458367,361353
0.2627450980392157,0.396078431372549,0.19215686274509805,24.000137329887373,391981
0.27058823529411763,0.4,0.18823529411764706,203.00116158196403,411436
0.2627450980392157,0.3764705882352941,0.20392156862745098,258.00147629628924,266911
0.2784313725490196,0.3764705882352941,0.21176470588235294,596.0034103588697,35273
0.2627450980392157,0.396078431372549,0.20392156862745098,1.0000057220786405,412446
0.27058823529411763,0.39215686274509803,0.21568627450980393,128.00073242606598,257689
0.1568627450980392,0.25882352941176473,0.13725490196078433,5.000028610393202,360213
0.17254901960784313,0.25882352941176473,0.13725490196078433,3.0000171662359216,299987
0.1607843137254902,0.27058823529411763,0.13333333333333333,17.000097275336888,175062
0.1843137254901961,0.27450980392156865,0.12549019607843137,13.000074387022327,656347
0.16470588235294117,0.25098039215686274,0.15294117647058825,632.0036163537007,230281
0.17254901960784313,0.25098039215686274,0.15294117647058825,93.00053215331356,226200
0.1607843137254902,0.2784313725490196,0.1450980392156863,1020.0058365202133,125927
0.17254901960784313,0.27058823529411763,0.1411764705882353,168.0009613092116,237140
0.10588235294117647,0.2196078431372549,0.13725490196078433,2.000011444157281,13099
0.12156862745098039,0.2235294117647059,0.13333333333333333,587.0033588601619,20441
0.12156862745098039,0.23529411764705882,0.12941176470588237,66.00037765719027,42935
0.10588235294117647,0.2196078431372549,0.14901960784313725,33.000188828595135,14063
0.12156862745098039,0.2235294117647059,0.1450980392156863,1100.0062942865045,24213
0.11764705882352941,0.23529411764705882,0.1411764705882353,160.00091553258247,36678
0.5686274509803921,0.596078431372549,0.45098039215686275,400.0022888314562,309460
0.5843137254901961,0.6039215686274509,0.4470588235294118,253.00144768589604,243947
0.5607843137254902,0.6078431372549019,0.4470588235294118,12.000068664943687,357032
0.5882352941176471,0.611764705882353,0.45098039215686275,58.00033188056115,244961
0.5725490196078431,0.6039215686274509,0.4627450980392157,579.0033130835328,270580
0.5882352941176471,0.592156862745098,0.4666666666666667,318.00181962100766,390358
0.5725490196078431,0.6078431372549019,0.4666666666666667,41.00023460522426,295141
0.5843137254901961,0.6078431372549019,0.4549019607843137,272.0015564053902,238831
0.4,0.27058823529411763,0.3176470588235294,29.000165940280574,942266
0.42745098039215684,0.2627450980392157,0.3137254901960784,15.000085831179607,1023304
0.403921568627451,0.3058823529411765,0.3254901960784314,149.00085258971743,968354
0.43529411764705883,0.30980392156862746,0.3215686274509804,202.0011558598854,980625
0.4196078431372549,0.26666666666666666,0.34509803921568627,1.0000057220786405,931657
0.396078431372549,0.30196078431372547,0.3607843137254902,52.00029754808931,931613
0.42745098039215684,0.2901960784313726,0.3568627450980392,28.000160218201934,988478
0.1607843137254902,0.16470588235294117,0.19607843137254902,237.0013561326378,398940
0.1803921568627451,0.16862745098039217,0.18823529411764706,53.00030327016795,173386
0.1607843137254902,0.17647058823529413,0.19215686274509805,509.002912538028,580168
0.1843137254901961,0.17254901960784313,0.19607843137254902,457.0026149899387,343330
0.16470588235294117,0.1607843137254902,0.21176470588235294,60.00034332471843,306534
0.17647058823529413,0.1568627450980392,0.21176470588235294,17.000097275336888,861571
0.16862745098039217,0.1803921568627451,0.20784313725490197,378.00216294572607,187827
0.17254901960784313,0.1843137254901961,0.21176470588235294,180.00102997415527,187849
0.30196078431372547,0.5529411764705883,0.6627450980392157,21.00012016365145,905136
0.3254901960784314,0.5098039215686274,0.6627450980392157,74.00042343381939,923615
0.32941176470588235,0.5686274509803921,0.6784313725490196,11.000062942865044,929775
0.37254901960784315,0.5450980392156862,0.6862745098039216,2.000011444157281,175409
0.3686274509803922,0.5686274509803921,0.6862745098039216,10.000057220786404,173355
0.592156862745098,0.5333333333333333,0.35294117647058826,363.00207711454647,123971
0.6078431372549019,0.5294117647058824,0.3568627450980392,2.000011444157281,308
0.596078431372549,0.5529411764705883,0.34509803921568627,334.0019111742659,150614
0.6078431372549019,0.5568627450980392,0.3568627450980392,12.000068664943687,154742
0.596078431372549,0.5333333333333333,0.3607843137254902,335.00191689634454,115778
0.611764705882353,0.5294117647058824,0.36470588235294116,67.00038337926891,735904
0.6039215686274509,0.5450980392156862,0.37254901960784315,585.0033474160047,119873
0.6078431372549019,0.5568627450980392,0.37254901960784315,186.00106430662711,141395
0.5725490196078431,0.6313725490196078,0.6862745098039216,417.0023861067931,915351
0.5803921568627451,0.6274509803921569,0.6941176470588235,243.00139046510964,1014481
0.5647058823529412,0.6392156862745098,0.6901960784313725,221.00126457937955,977821
0.5803921568627451,0.6470588235294118,0.6941176470588235,478.00273515359015,1001448
0.5725490196078431,0.6352941176470588,0.7098039215686275,37.000211716909696,967438
0.5803921568627451,0.6274509803921569,0.7019607843137254,24.000137329887373,957212
0.5725490196078431,0.6470588235294118,0.7098039215686275,108.00061798449318,971553
0.5803921568627451,0.6509803921568628,0.7058823529411765,349.0019970054455,961338
0.3333333333333333,0.19215686274509805,0.08627450980392157,2.000011444157281,187704
0.3568627450980392,0.18823529411764706,0.08627450980392157,35.000200272752416,760571
0.3411764705882353,0.19215686274509805,0.10980392156862745,141.0008068130883,880459
0.34901960784313724,0.19215686274509805,0.11372549019607843,283.00161934825525,879416
0.3137254901960784,0.22745098039215686,0.12156862745098039,4.000022888314562,736937
0.35294117647058826,0.2235294117647059,0.12156862745098039,4.000022888314562,880305
0.4392156862745098,0.5019607843137255,0.6431372549019608,11.000062942865044,974807
0.4823529411764706,0.5176470588235295,0.6352941176470588,3.0000171662359216,857497
0.4588235294117647,0.5372549019607843,0.6235294117647059,154.00088120011063,956184
0.4745098039215686,0.5411764705882353,0.6274509803921569,282.0016136261766,968446
0.45098039215686275,0.5215686274509804,0.6705882352941176,1.0000057220786405,973780
0.47843137254901963,0.5215686274509804,0.6705882352941176,1.0000057220786405,857409
0.4588235294117647,0.5490196078431373,0.6705882352941176,4.000022888314562,865687
0.48627450980392156,0.5490196078431373,0.6745098039215687,12.000068664943687,961457
0.2823529411764706,0.2196078431372549,0.16470588235294117,150.00085831179607,729553
0.30980392156862746,0.2235294117647059,0.16862745098039217,399.0022831093776,728477
0.2823529411764706,0.23921568627450981,0.16862745098039217,2.000011444157281,758313
0.30980392156862746,0.24313725490196078,0.1568627450980392,6.000034332471843,703148
0.28627450980392155,0.2235294117647059,0.17647058823529413,480.00274659774743,639307
0.2980392156862745,0.2235294117647059,0.17647058823529413,518.0029640367358,602465
0.28627450980392155,0.23529411764705882,0.1843137254901961,96.00054931954949,460045
0.2980392156862745,0.23529411764705882,0.1843137254901961,216.00123596898635,625981
0.6352941176470588,0.6588235294117647,0.6862745098039216,158.0009040884252,828912
0.6509803921568628,0.6549019607843137,0.6980392156862745,100.00057220786405,847999
0.6274509803921569,0.6705882352941176,0.6862745098039216,93.00053215331356,240193
0.6509803921568628,0.6784313725490196,0.6980392156862745,85.00048637668444,1036278
0.6313725490196078,0.6627450980392157,0.7019607843137254,319.0018253430863,898944
0.6392156862745098,0.6627450980392157,0.7137254901960784,403.00230599769213,977372
0.6274509803921569,0.6784313725490196,0.7098039215686275,457.0026149899387,1044442
0.6431372549019608,0.6784313725490196,0.7058823529411765,249.00142479758148,824815
0.6862745098039216,0.6,0.4823529411764706,52.00029754808931,82162
0.7019607843137254,0.6039215686274509,0.47843137254901963,7.0000400545504835,793183
0.6941176470588235,0.611764705882353,0.47058823529411764,9.000051498707764,672078
0.7019607843137254,0.611764705882353,0.4745098039215686,10.000057220786404,781945
0.6862745098039216,0.6,0.49019607843137253,908.0051956474056,74952
0.7019607843137254,0.6039215686274509,0.48627450980392156,3.0000171662359216,703812
0.6941176470588235,0.6078431372549019,0.4980392156862745,832.0047607694289,86225
0.7058823529411765,0.615686274509804,0.4980392156862745,8.000045776629124,704836
0.6627450980392157,0.6588235294117647,0.6862745098039216,190.00108719494168,844375
0.6784313725490196,0.6666666666666666,0.6980392156862745,274.0015678495475,769025
0.6627450980392157,0.6784313725490196,0.6941176470588235,61.00034904679707,293475
0.6823529411764706,0.6823529411764706,0.6901960784313725,47.0002689376961,729416
0.6588235294117647,0.6588235294117647,0.7058823529411765,529.0030269796008,893114
0.6745098039215687,0.6588235294117647,0.7019607843137254,303.00173378982805,853090
0.6549019607843137,0.6745098039215687,0.7137254901960784,171.0009784754475,868558
0.6784313725490196,0.6705882352941176,0.7019607843137254,246.00140763134556,800206
0.15294117647058825,0.2627450980392157,0.403921568627451,27.000154496123294,445996
0.17647058823529413,0.27450980392156865,0.39215686274509803,164.00093842089703,496236
0.14901960784313725,0.29411764705882354,0.4,5.000028610393202,439875
0.1803921568627451,0.29411764705882354,0.403921568627451,100.00057220786405,452130
0.13725490196078433,0.2627450980392157,0.42745098039215684,15.000085831179607,154896
0.17647058823529413,0.2784313725490196,0.4196078431372549,38.00021743898834,535158
0.14901960784313725,0.30980392156862746,0.40784313725490196,2.000011444157281,370194
0.16470588235294117,0.2823529411764706,0.4117647058823529,99.00056648578541,535169
0.18823529411764706,0.13725490196078433,0.09803921568627451,135.00077248061646,711085
0.20784313725490197,0.12549019607843137,0.10588235294117647,90.00051498707764,926376
0.19215686274509805,0.1450980392156863,0.10196078431372549,220.0012588573009,708005
0.20392156862745098,0.14901960784313725,0.10588235294117647,109.00062370657182,696718
0.18823529411764706,0.13333333333333333,0.10980392156862745,59.00033760263979,901884
0.21568627450980393,0.13333333333333333,0.12156862745098039,77.00044060005531,933564
0.18823529411764706,0.15294117647058825,0.12156862745098039,805.0046062733056,682421
0.20392156862745098,0.15294117647058825,0.11764705882352941,304.0017395119067,742874
0.5294117647058824,0.5725490196078431,0.4392156862745098,96.00054931954949,337073
0.5568627450980392,0.5725490196078431,0.44313725490196076,267.001527794997,409771
0.5372549019607843,0.5764705882352941,0.44313725490196076,286.00163651449117,348328
0.5490196078431373,0.5764705882352941,0.4470588235294118,763.0043659460026,377013
0.5411764705882353,0.5725490196078431,0.4627450980392157,7.0000400545504835,313570
0.5568627450980392,0.5725490196078431,0.4666666666666667,11.000062942865044,563936
0.5411764705882353,0.5882352941176471,0.4549019607843137,14.000080109100967,331955
0.5568627450980392,0.5843137254901961,0.4549019607843137,353.00201989376006,366754
0.6235294117647059,0.6588235294117647,0.7176470588235294,69.00039482342619,810055
0.6470588235294118,0.6627450980392157,0.7176470588235294,197.00112724949219,816142
0.6235294117647059,0.6784313725490196,0.7254901960784313,871.0049839304959,971086
0.6392156862745098,0.6823529411764706,0.7176470588235294,444.0025406029164,1004435
0.6313725490196078,0.6666666666666666,0.7333333333333333,1.0000057220786405,943943
0.6392156862745098,0.6666666666666666,0.7333333333333333,7.0000400545504835,800779
0.6235294117647059,0.6784313725490196,0.7333333333333333,109.00062370657182,992005
0.6509803921568628,0.6823529411764706,0.7372549019607844,74.00042343381939,1006317
0.26666666666666666,0.3803921568627451,0.403921568627451,12.000068664943687,380401
0.30980392156862746,0.3764705882352941,0.403921568627451,42.0002403273029,342470
0.25882352941176473,0.4196078431372549,0.3764705882352941,1.0000057220786405,104868
0.28627450980392155,0.4117647058823529,0.4,7.0000400545504835,226695
0.2549019607843137,0.3803921568627451,0.43137254901960786,61.00034904679707,408131
0.30980392156862746,0.396078431372549,0.43137254901960786,296.00169373527757,577118
0.27058823529411763,0.43529411764705883,0.4196078431372549,6.000034332471843,113086
0.3058823529411765,0.4235294117647059,0.43529411764705883,10.000057220786404,343512
0.38823529411764707,0.2627450980392157,0.13725490196078433,13.000074387022327,711378
0.43529411764705883,0.25098039215686274,0.14901960784313725,36.000205994831056,882289
0.40784313725490196,0.2901960784313726,0.15294117647058825,2.000011444157281,712403
0.3843137254901961,0.27058823529411763,0.1568627450980392,166.0009498650543,736927
0.41568627450980394,0.25098039215686274,0.17254901960784313,128.00073242606598,892572
0.4,0.2823529411764706,0.1843137254901961,38.00021743898834,769728
0.4196078431372549,0.2823529411764706,0.1803921568627451,51.00029182601067,788134
0.10196078431372549,0.043137254901960784,0.043137254901960784,8.000045776629124,826629
0.10196078431372549,0.054901960784313725,0.0392156862745098,917.0052471461133,744129
0.11372549019607843,0.054901960784313725,0.03137254901960784,438.00250627044454,881447
0.10196078431372549,0.0392156862745098,0.054901960784313725,3.0000171662359216,859691
0.09411764705882353,0.058823529411764705,0.047058823529411764,336.0019226184232,907960
0.11764705882352941,0.058823529411764705,0.054901960784313725,32.000183106516495,841130
0.13725490196078433,0.10196078431372549,0.07058823529411765,73.00041771174075,713135
0.14901960784313725,0.09803921568627451,0.07450980392156863,106.0006065403359,900871
0.1450980392156863,0.11764705882352941,0.07450980392156863,1.0000057220786405,670424
0.12549019607843137,0.10196078431372549,0.08627450980392157,987.0056476916182,530749
0.1411764705882353,0.10588235294117647,0.08235294117647059,146.0008354234815,680327
0.13333333333333333,0.10980392156862745,0.09019607843137255,142.00081253516694,649638
0.1450980392156863,0.11372549019607843,0.09019607843137255,274.0015678495475,756214
0.4,0.44313725490196076,0.403921568627451,20.00011444157281,636650
0.42745098039215684,0.4392156862745098,0.396078431372549,57.00032615848251,631355
0.4,0.49411764705882355,0.38823529411764707,11.000062942865044,461503
0.43137254901960786,0.4745098039215686,0.38823529411764707,16.000091553258248,379551
0.3764705882352941,0.4470588235294118,0.43529411764705883,84.0004806546058,636578
0.42745098039215684,0.4470588235294118,0.43137254901960786,201.00115013780675,538146
0.38823529411764707,0.4980392156862745,0.4196078431372549,12.000068664943687,656110
0.4117647058823529,0.47058823529411764,0.4235294117647059,25.000143051966013,366042
0.4470588235294118,0.3411764705882353,0.39215686274509803,25.000143051966013,906613
0.49019607843137253,0.3411764705882353,0.3843137254901961,28.000160218201934,944327
0.44313725490196076,0.34901960784313724,0.396078431372549,134.00076675853782,989839
0.47843137254901963,0.34509803921568627,0.3803921568627451,90.00051498707764,961743
0.44313725490196076,0.3411764705882353,0.4117647058823529,3.0000171662359216,980277
0.4392156862745098,0.35294117647058826,0.4117647058823529,113.00064659488638,977574
0.47058823529411764,0.3686274509803922,0.40784313725490196,33.000188828595135,841912
0.5607843137254902,0.5725490196078431,0.4392156862745098,25.000143051966013,402627
0.5843137254901961,0.5686274509803921,0.4392156862745098,10.000057220786404,192938
0.5686274509803921,0.5843137254901961,0.45098039215686275,633.0036220757794,405708
0.5803921568627451,0.5843137254901961,0.45098039215686275,58.00033188056115,409814
0.5607843137254902,0.5686274509803921,0.4627450980392157,14.000080109100967,372953
0.5882352941176471,0.5607843137254902,0.4666666666666667,18.000102997415528,673464
0.5647058823529412,0.5882352941176471,0.4588235294117647,882.0050468733609,317658
0.5764705882352941,0.5882352941176471,0.4549019607843137,56.00032043640387,224532
0.6588235294117647,0.6666666666666666,0.7215686274509804,116.0006637611223,948608
0.6705882352941176,0.6666666666666666,0.7176470588235294,30.000171662359215,967127
0.6666666666666666,0.6745098039215687,0.7176470588235294,636.0036392420153,899264
0.6705882352941176,0.6784313725490196,0.7294117647058823,613.0035076342066,792616
0.6627450980392157,0.6666666666666666,0.7333333333333333,1.0000057220786405,804308
0.6549019607843137,0.6745098039215687,0.7333333333333333,175.00100136376207,882895
0.6705882352941176,0.6784313725490196,0.7333333333333333,123.00070381567278,893120
0.4196078431372549,0.45098039215686275,0.3176470588235294,164.00093842089703,455681
0.43529411764705883,0.45098039215686275,0.3137254901960784,16.000091553258248,491620
0.4117647058823529,0.4627450980392157,0.3137254901960784,566.0032386965105,388135
0.43529411764705883,0.4627450980392157,0.3215686274509804,556.0031814757241,490592
0.43137254901960786,0.44313725490196076,0.33725490196078434,6.000034332471843,658172
0.4196078431372549,0.4588235294117647,0.32941176470588235,22.00012588573009,483337
0.42745098039215684,0.4666666666666667,0.3333333333333333,343.00196267297366,465924
0.8431372549019608,0.8862745098039215,0.8862745098039215,182.00104141831255,874953
0.8666666666666667,0.8784313725490196,0.8823529411764706,144.00082397932422,832086
0.8549019607843137,0.8980392156862745,0.8862745098039215,43.00024604938154,852423
0.8588235294117647,0.8941176470588236,0.8823529411764706,40.00022888314562,846251
0.8509803921568627,0.8745098039215686,0.8901960784313725,440.0025177146018,804186
0.8627450980392157,0.8823529411764706,0.8901960784313725,547.0031299770163,864933
0.8509803921568627,0.8901960784313725,0.8901960784313725,72.00041198966211,336418
0.8705882352941177,0.8901960784313725,0.8941176470588236,201.00115013780675,789878
0.3333333333333333,0.25098039215686274,0.3411764705882353,45.00025749353882,926541
0.3607843137254902,0.27058823529411763,0.3137254901960784,45.00025749353882,987711
0.3176470588235294,0.30980392156862746,0.3215686274509804,107.00061226241453,549577
0.37254901960784315,0.29411764705882354,0.3333333333333333,71.00040626758347,948930
0.32941176470588235,0.2784313725490196,0.36470588235294116,18.000102997415528,908841
0.34509803921568627,0.2549019607843137,0.34509803921568627,9.000051498707764,838826
0.3215686274509804,0.30196078431372547,0.3607843137254902,67.00038337926891,287065
0.36470588235294116,0.30980392156862746,0.3686274509803922,54.00030899224659,951997
0.15294117647058825,0.2823529411764706,0.1568627450980392,1312.0075073671762,98172
0.15294117647058825,0.30196078431372547,0.16862745098039217,24.000137329887373,70503
0.15294117647058825,0.2823529411764706,0.1803921568627451,324.0018539534795,66358
0.15294117647058825,0.2980392156862745,0.1843137254901961,2.000011444157281,37700
0.6901960784313725,0.6588235294117647,0.6980392156862745,492.0028152626911,1010211
0.7058823529411765,0.6627450980392157,0.6980392156862745,221.00126457937955,1018402
0.6901960784313725,0.6784313725490196,0.6862745098039216,65.00037193511163,845404
0.7019607843137254,0.6784313725490196,0.6980392156862745,109.00062370657182,855137
0.6941176470588235,0.6627450980392157,0.7019607843137254,130.00074387022326,1013277
0.7019607843137254,0.6627450980392157,0.7019607843137254,49.000280381853386,1033836
0.6980392156862745,0.6745098039215687,0.7058823529411765,261.00149346252516,892081
0.7098039215686275,0.6823529411764706,0.7137254901960784,335.00191689634454,1014285
0.6980392156862745,0.7294117647058823,0.7803921568627451,29.000165940280574,964950
0.7058823529411765,0.7254901960784313,0.7803921568627451,75.00042915589803,839785
0.6901960784313725,0.7450980392156863,0.788235294117647,1040.005950961786,724997
0.7098039215686275,0.7333333333333333,0.7843137254901961,430.0024604938154,811069
0.6941176470588235,0.7294117647058823,0.796078431372549,3.0000171662359216,975832
0.7098039215686275,0.7294117647058823,0.796078431372549,2.000011444157281,801859
0.6862745098039216,0.7450980392156863,0.796078431372549,60.00034332471843,599173
0.7098039215686275,0.7450980392156863,0.796078431372549,19.00010871949417,970059
0.3568627450980392,0.25882352941176473,0.19607843137254902,348.00199128336686,658807
0.3607843137254902,0.2549019607843137,0.18823529411764706,161.0009212546611,749968
0.3568627450980392,0.26666666666666666,0.19215686274509805,101.0005779299427,764321
0.3686274509803922,0.26666666666666666,0.19607843137254902,178.001018529998,767393
0.34901960784313724,0.25882352941176473,0.20784313725490197,154.00088120011063,621845
0.37254901960784315,0.25098039215686274,0.21568627450980393,38.00021743898834,942585
0.34901960784313724,0.2784313725490196,0.21176470588235294,337.0019283405018,643438
0.36470588235294116,0.2784313725490196,0.21176470588235294,337.0019283405018,777633
0.6549019607843137,0.592156862745098,0.4392156862745098,273.00156212746884,133263
0.6745098039215687,0.592156862745098,0.4392156862745098,14.000080109100967,767623
0.6549019607843137,0.615686274509804,0.45098039215686275,57.00032615848251,168168
0.6705882352941176,0.615686274509804,0.44313725490196076,3.0000171662359216,152813
0.6549019607843137,0.592156862745098,0.4666666666666667,1006.0057564111123,112915
0.6705882352941176,0.592156862745098,0.4666666666666667,62.00035476887571,108764
0.6627450980392157,0.611764705882353,0.4627450980392157,229.00131035600867,154848
0.6705882352941176,0.6078431372549019,0.4627450980392157,9.000051498707764,770697
0.4392156862745098,0.34901960784313724,0.25882352941176473,208.00119019235723,727685
0.4627450980392157,0.3568627450980392,0.25882352941176473,228.00130463393003,677228
0.45098039215686275,0.3607843137254902,0.25882352941176473,281.00160790409797,33831
0.4549019607843137,0.3686274509803922,0.2627450980392157,396.00226594314165,32806
0.4470588235294118,0.34509803921568627,0.27058823529411763,160.00091553258247,647458
0.4627450980392157,0.3568627450980392,0.26666666666666666,126.0007209819087,648490
0.44313725490196076,0.3607843137254902,0.2784313725490196,80.00045776629123,389363
0.4627450980392157,0.3607843137254902,0.27450980392156865,163.0009326988184,743797
0.2,0.15294117647058825,0.2,9.000051498707764,827680
0.24705882352941178,0.15294117647058825,0.18823529411764706,2.000011444157281,924489
0.19607843137254902,0.1803921568627451,0.18823529411764706,272.0015564053902,148816
0.23137254901960785,0.1803921568627451,0.21568627450980393,44.00025177146018,873008
0.21176470588235294,0.12549019607843137,0.2196078431372549,3.0000171662359216,930651
0.23921568627450981,0.15294117647058825,0.23921568627450981,2.000011444157281,833792
0.21568627450980393,0.1803921568627451,0.2196078431372549,52.00029754808931,191791
0.2196078431372549,0.1803921568627451,0.2196078431372549,22.00012588573009,191792
0.13725490196078433,0.1607843137254902,0.18823529411764706,245.00140190926692,163243
0.15294117647058825,0.16470588235294117,0.2,437.0025005483659,383560
0.13725490196078433,0.17254901960784313,0.19215686274509805,20.00011444157281,162192
0.15294117647058825,0.1803921568627451,0.19215686274509805,167.00095558713295,807463
0.12549019607843137,0.16470588235294117,0.21568627450980393,188.0010757507844,847383
0.14901960784313725,0.1607843137254902,0.20392156862745098,180.00102997415527,321883
0.13725490196078433,0.17647058823529413,0.20392156862745098,78.00044632213395,163247
0.1450980392156863,0.17647058823529413,0.21568627450980393,309.0017681222999,344518
0.25882352941176473,0.18823529411764706,0.12941176470588237,198.00113297157083,693659
0.27058823529411763,0.2,0.13725490196078433,161.0009212546611,762313
0.27450980392156865,0.20784313725490197,0.13725490196078433,2.000011444157281,568027
0.2549019607843137,0.18823529411764706,0.1450980392156863,613.0035076342066,604446
0.26666666666666666,0.19607843137254902,0.1450980392156863,451.00258065746686,731551
0.2627450980392157,0.20392156862745098,0.15294117647058825,38.00021743898834,720508
0.27058823529411763,0.20392156862745098,0.15294117647058825,158.0009040884252,581979
0.6666666666666666,0.6941176470588235,0.7490196078431373,63.00036049095435,861321
0.6784313725490196,0.6980392156862745,0.7568627450980392,119.00068092735822,817223
0.6588235294117647,0.7058823529411765,0.7529411764705882,736.0042114498793,598033
0.6705882352941176,0.7137254901960784,0.7568627450980392,606.0034675796561,609371
0.6627450980392157,0.6980392156862745,0.7647058823529411,4.000022888314562,799810
0.6745098039215687,0.6980392156862745,0.7647058823529411,4.000022888314562,839779
0.6549019607843137,0.7137254901960784,0.7764705882352941,38.00021743898834,857371
0.6705882352941176,0.7137254901960784,0.7647058823529411,44.00025177146018,602131
0.7725490196078432,0.8196078431372549,0.7647058823529411,10.000057220786404,521939
0.796078431372549,0.8196078431372549,0.7568627450980392,63.00036049095435,481991
0.792156862745098,0.8549019607843137,0.7686274509803922,2.000011444157281,133606
0.7764705882352941,0.8156862745098039,0.788235294117647,76.00043487797667,572090
0.807843137254902,0.8392156862745098,0.792156862745098,230.0013160780873,405722
0.7764705882352941,0.8509803921568627,0.803921568627451,2.000011444157281,229772
0.796078431372549,0.8588235294117647,0.803921568627451,19.00010871949417,230815
0.5333333333333333,0.6,0.6549019607843137,253.00144768589604,926674
0.5529411764705883,0.6,0.6627450980392157,180.00102997415527,1004243
0.5411764705882353,0.615686274509804,0.6666666666666666,152.00086975595335,1047549
0.5568627450980392,0.6196078431372549,0.6666666666666666,212.0012130806718,998358
0.5411764705882353,0.6,0.6745098039215687,129.00073814814462,980733
0.5490196078431373,0.6039215686274509,0.6705882352941176,98.00056076370677,929746
0.5411764705882353,0.6196078431372549,0.6784313725490196,241.00137902095236,256604
0.5568627450980392,0.615686274509804,0.6745098039215687,331.00189400803,961324
0.34901960784313724,0.38823529411764707,0.23137254901960785,80.00045776629123,560318
0.3686274509803922,0.3843137254901961,0.2235294117647059,8.000045776629124,402079
0.34509803921568627,0.403921568627451,0.22745098039215686,309.0017681222999,325645
0.3607843137254902,0.39215686274509803,0.23137254901960785,40.00022888314562,385708
0.34509803921568627,0.38823529411764707,0.24313725490196078,198.00113297157083,545904
0.36470588235294116,0.3843137254901961,0.24705882352941178,14.000080109100967,555088
0.34901960784313724,0.39215686274509803,0.24705882352941178,691.0039539563405,554072
0.3686274509803922,0.4,0.23529411764705882,244.00139618718828,549076
0.7254901960784313,0.6980392156862745,0.7294117647058823,305.00174523398533,1010181
0.7333333333333333,0.6980392156862745,0.7176470588235294,150.00085831179607,946610
0.7254901960784313,0.7058823529411765,0.7254901960784313,121.0006923715155,1038867
0.7411764705882353,0.7058823529411765,0.7294117647058823,227.0012989118514,1024537
0.7215686274509804,0.6980392156862745,0.7411764705882353,65.00037193511163,831558
0.7450980392156863,0.6901960784313725,0.7411764705882353,6.000034332471843,836756
0.7215686274509804,0.7058823529411765,0.7372549019607844,384.00219727819797,937260
0.7450980392156863,0.7058823529411765,0.7450980392156863,324.0018539534795,815160
0.23137254901960785,0.34901960784313724,0.12941176470588237,43.00024604938154,406509
0.24705882352941178,0.3568627450980392,0.13725490196078433,660.0037765719027,405463
0.24705882352941178,0.36470588235294116,0.12549019607843137,314.0017967326931,411636
0.23137254901960785,0.34901960784313724,0.1450980392156863,4.000022888314562,394110
0.24313725490196078,0.34901960784313724,0.1450980392156863,413.00236321847854,388043
0.24705882352941178,0.37254901960784315,0.15294117647058825,143.00081825724558,424758
0.6039215686274509,0.44313725490196076,0.4196078431372549,272.0015564053902,1042671
0.611764705882353,0.44313725490196076,0.40784313725490196,203.00116158196403,978057
0.6039215686274509,0.4549019607843137,0.4196078431372549,43.00024604938154,982315
0.6078431372549019,0.4549019607843137,0.41568627450980394,112.00064087280774,1018944
0.592156862745098,0.4470588235294118,0.42745098039215684,400.0022888314562,841729
0.611764705882353,0.45098039215686275,0.43137254901960786,123.00070381567278,998583
0.596078431372549,0.4588235294117647,0.43137254901960786,164.00093842089703,1047994
0.6078431372549019,0.4549019607843137,0.43529411764705883,258.00147629628924,968939
0.2627450980392157,0.22745098039215686,0.2,361.0020656703892,630314
0.2784313725490196,0.22745098039215686,0.18823529411764706,346.0019798392096,686615
0.2627450980392157,0.24313725490196078,0.19607843137254902,46.00026321561746,700986
0.27058823529411763,0.24705882352941178,0.2,169.00096703129023,388554
0.25882352941176473,0.23137254901960785,0.20784313725490197,206.00117874819995,652818
0.26666666666666666,0.22745098039215686,0.20784313725490197,104.00059509617861,380175
0.2627450980392157,0.24313725490196078,0.20392156862745098,114.00065231696502,648779
0.26666666666666666,0.23529411764705882,0.21176470588235294,224.00128174561547,644817
0.12549019607843137,0.19215686274509805,0.12549019607843137,47.0002689376961,244482
0.13333333333333333,0.21568627450980393,0.13725490196078433,651.0037250731949,279317
0.1411764705882353,0.21568627450980393,0.13725490196078433,78.00044632213395,261910
0.12549019607843137,0.2,0.1411764705882353,1.0000057220786405,120465
0.12549019607843137,0.21568627450980393,0.15294117647058825,758.0043373356094,117396
0.1411764705882353,0.21568627450980393,0.1411764705882353,34.000194550673775,248584
0.3137254901960784,0.2549019607843137,0.19607843137254902,218.00124741314363,747064
0.33725490196078434,0.25882352941176473,0.19607843137254902,441.00252343668046,782837
0.3254901960784314,0.26666666666666666,0.2,17.000097275336888,550167
0.33725490196078434,0.26666666666666666,0.19607843137254902,46.00026321561746,745061
0.3254901960784314,0.25882352941176473,0.21176470588235294,294.0016822911203,585041
0.32941176470588235,0.2549019607843137,0.20784313725490197,238.00136185471644,629138
0.3215686274509804,0.26666666666666666,0.20392156862745098,97.00055504162813,703093
0.33725490196078434,0.27058823529411763,0.20784313725490197,208.00119019235723,629059
0.41568627450980394,0.4745098039215686,0.2901960784313726,383.00219155611927,64937
0.43137254901960786,0.47843137254901963,0.2901960784313726,242.001384743031,61861
0.41568627450980394,0.48627450980392156,0.29411764705882354,39.00022316106698,305264
0.4235294117647059,0.48627450980392156,0.28627450980392155,130.00074387022326,290951
0.41568627450980394,0.4745098039215686,0.30196078431372547,362.0020713924678,344110
0.4235294117647059,0.4745098039215686,0.30980392156862746,129.00073814814462,338000
0.41568627450980394,0.48627450980392156,0.30196078431372547,50.00028610393203,311413
0.43529411764705883,0.48627450980392156,0.3058823529411765,216.00123596898635,79270
0.7490196078431373,0.7843137254901961,0.8117647058823529,946.0054130863939,687224
0.7568627450980392,0.7803921568627451,0.8156862745098039,205.0011730261213,975221
0.7490196078431373,0.792156862745098,0.8117647058823529,844.0048294343726,919431
0.7607843137254902,0.792156862745098,0.8156862745098039,1278.0073128165025,835016
0.7490196078431373,0.7843137254901961,0.8235294117647058,113.00064659488638,618557
0.7568627450980392,0.7843137254901961,0.8196078431372549,37.000211716909696,807482
0.7490196078431373,0.788235294117647,0.8235294117647058,1604.0091782141394,758934
0.7607843137254902,0.792156862745098,0.8196078431372549,1151.0065861125152,691325
0.6,0.5019607843137255,0.3843137254901961,267.001527794997,47222
0.6078431372549019,0.5098039215686274,0.38823529411764707,69.00039482342619,58474
0.6039215686274509,0.5254901960784314,0.3764705882352941,141.0008068130883,107624
0.6196078431372549,0.5215686274509804,0.3803921568627451,153.000875478032,768654
0.6039215686274509,0.5098039215686274,0.396078431372549,172.00098419752615,17576
0.611764705882353,0.5098039215686274,0.403921568627451,170.00097275336887,19632
0.6039215686274509,0.5254901960784314,0.403921568627451,133.00076103645918,14500
0.6196078431372549,0.5254901960784314,0.403921568627451,438.00250627044454,66686
0.10588235294117647,0.06274509803921569,0.0392156862745098,83.00047493252715,885442
0.11372549019607843,0.06274509803921569,0.0392156862745098,485.00277520814063,896814
0.10588235294117647,0.08235294117647059,0.03137254901960784,1.0000057220786405,684750
0.12156862745098039,0.0784313725490196,0.0392156862745098,6.000034332471843,802477
0.09411764705882353,0.06274509803921569,0.054901960784313725,344.0019683950523,911075
0.11764705882352941,0.06666666666666667,0.050980392156862744,569.0032558627464,913069
0.10196078431372549,0.0784313725490196,0.050980392156862744,10.000057220786404,667388
0.11764705882352941,0.0784313725490196,0.050980392156862744,42.0002403273029,813748
0.29411764705882354,0.40784313725490196,0.23137254901960785,250.00143051966012,217686
0.30196078431372547,0.40784313725490196,0.22745098039215686,380.00217438988335,216643
0.30980392156862746,0.42745098039215684,0.2235294117647059,74.00042343381939,270966
0.2901960784313726,0.4117647058823529,0.23529411764705882,226.00129318977275,224878
0.30980392156862746,0.41568627450980394,0.24313725490196078,488.00279237437655,206391
0.29411764705882354,0.4235294117647059,0.23529411764705882,2.000011444157281,239239
0.3058823529411765,0.4235294117647059,0.23921568627450981,114.00065231696502,225890
0.6980392156862745,0.6941176470588235,0.7490196078431373,77.00044060005531,803887
0.7098039215686275,0.6941176470588235,0.7490196078431373,14.000080109100967,827474
0.6941176470588235,0.7019607843137254,0.7490196078431373,600.0034332471843,944482
0.7019607843137254,0.7098039215686275,0.7490196078431373,695.0039768446551,977326
0.6941176470588235,0.6941176470588235,0.7647058823529411,2.000011444157281,815167
0.7098039215686275,0.6980392156862745,0.7647058823529411,1.0000057220786405,847992
0.6862745098039216,0.7137254901960784,0.7647058823529411,86.00049209876308,811010
0.7098039215686275,0.7098039215686275,0.7686274509803922,45.00025749353882,802882
0.5882352941176471,0.6274509803921569,0.4627450980392157,4.000022888314562,608458
0.596078431372549,0.6392156862745098,0.4627450980392157,11.000062942865044,711427
0.5882352941176471,0.6235294117647059,0.49019607843137253,34.000194550673775,259326
0.592156862745098,0.6235294117647059,0.4823529411764706,329.0018825638727,279778
0.615686274509804,0.6627450980392157,0.47843137254901963,1.0000057220786405,906167
0.12941176470588237,0.07450980392156863,0.043137254901960784,442.0025291587591,763599
0.1411764705882353,0.07058823529411765,0.03529411764705882,171.0009784754475,808704
0.12941176470588237,0.0784313725490196,0.0392156862745098,58.00033188056115,880343
0.1450980392156863,0.0784313725490196,0.043137254901960784,114.00065231696502,721604
0.12549019607843137,0.07058823529411765,0.054901960784313725,280.0016021820193,912154
0.1411764705882353,0.07450980392156863,0.058823529411764705,35.000200272752416,913155
0.13333333333333333,0.08235294117647059,0.054901960784313725,174.00099564168343,804540
0.1411764705882353,0.08627450980392157,0.058823529411764705,241.00137902095236,774873
0.29411764705882354,0.23137254901960785,0.18823529411764706,268.00153351707564,745972
0.2980392156862745,0.23137254901960785,0.18823529411764706,98.00056076370677,596311
0.2823529411764706,0.23921568627450981,0.18823529411764706,269.0015392391543,726568
0.3058823529411765,0.24313725490196078,0.2,377.00215722364743,539941
0.2901960784313726,0.23137254901960785,0.21176470588235294,29.000165940280574,441767
0.30196078431372547,0.23137254901960785,0.21176470588235294,13.000074387022327,210236
0.2823529411764706,0.24313725490196078,0.21176470588235294,269.0015392391543,576991
0.2980392156862745,0.23529411764705882,0.20392156862745098,184.00105286246983,573823
0.3176470588235294,0.38823529411764707,0.16862745098039217,15.000085831179607,569199
0.32941176470588235,0.3764705882352941,0.16862745098039217,4.000022888314562,723723
0.3176470588235294,0.403921568627451,0.16470588235294117,439.0025119925232,528230
0.3137254901960784,0.3843137254901961,0.17254901960784313,143.00081825724558,574314
0.32941176470588235,0.3803921568627451,0.17254901960784313,6.000034332471843,730899
0.3176470588235294,0.4,0.17254901960784313,868.00496676426,547669
0.32941176470588235,0.403921568627451,0.1803921568627451,31.000177384437855,556873
0.3568627450980392,0.2196078431372549,0.18823529411764706,358.00204850415327,967280
0.3607843137254902,0.22745098039215686,0.19607843137254902,275.0015735716261,932312
0.34509803921568627,0.24705882352941178,0.19215686274509805,41.00023460522426,708989
0.36470588235294116,0.23529411764705882,0.19607843137254902,39.00022316106698,944777
0.35294117647058826,0.2235294117647059,0.20392156862745098,187.00107002870575,972420
0.36470588235294116,0.2235294117647059,0.20392156862745098,225.0012874676941,970348
0.35294117647058826,0.24313725490196078,0.20784313725490197,83.00047493252715,171290
0.3686274509803922,0.24313725490196078,0.20784313725490197,289.0016536807271,965185
0.16862745098039217,0.19215686274509805,0.2196078431372549,289.0016536807271,539187
0.1803921568627451,0.18823529411764706,0.2235294117647059,320.00183106516494,333143
0.16862745098039217,0.20392156862745098,0.2235294117647059,29.000165940280574,172458
0.1803921568627451,0.20784313725490197,0.2196078431372549,132.00075531438054,504310
0.16470588235294117,0.19215686274509805,0.23921568627450981,219.00125313522227,301410
0.17254901960784313,0.19215686274509805,0.23529411764705882,149.00085258971743,316822
0.16862745098039217,0.21176470588235294,0.24705882352941178,99.00056648578541,358860
0.17254901960784313,0.21176470588235294,0.24705882352941178,257.0014705742106,496122
0.1843137254901961,0.28627450980392155,0.13725490196078433,12.000068664943687,181246
0.1607843137254902,0.2901960784313726,0.15294117647058825,921.0052700344279,140190
0.1843137254901961,0.28627450980392155,0.15294117647058825,331.00189400803,189393
0.16470588235294117,0.2980392156862745,0.15294117647058825,42.0002403273029,138179
0.17647058823529413,0.2980392156862745,0.14901960784313725,184.00105286246983,155620
0.34509803921568627,0.4196078431372549,0.2,22.00012588573009,563009
0.37254901960784315,0.4117647058823529,0.19607843137254902,4.000022888314562,728850
0.35294117647058826,0.43529411764705883,0.2,130.00074387022326,568175
0.3607843137254902,0.43137254901960786,0.2,1.0000057220786405,557893
0.34509803921568627,0.40784313725490196,0.21176470588235294,738.0042228940366,268379
0.36470588235294116,0.41568627450980394,0.21176470588235294,455.0026035457814,241753
0.3568627450980392,0.43137254901960786,0.20392156862745098,30.000171662359215,565066
0.36470588235294116,0.4235294117647059,0.21568627450980393,103.00058937409997,248920
0.4823529411764706,0.5098039215686274,0.3764705882352941,46.00026321561746,462915
0.48627450980392156,0.5098039215686274,0.3764705882352941,36.000205994831056,460884
0.4823529411764706,0.5137254901960784,0.3764705882352941,297.0016994573562,446506
0.48627450980392156,0.5137254901960784,0.3803921568627451,1059.0060596812802,458828
0.47843137254901963,0.5098039215686274,0.4,2.000011444157281,668378
0.4980392156862745,0.5058823529411764,0.403921568627451,5.000028610393202,587462
0.47058823529411764,0.5176470588235295,0.4,6.000034332471843,423588
0.4980392156862745,0.5215686274509804,0.39215686274509803,21.00012016365145,452677
0.4470588235294118,0.5019607843137255,0.34901960784313724,204.00116730404267,374835
0.4588235294117647,0.5098039215686274,0.3568627450980392,429.0024547717368,351319
0.45098039215686275,0.5137254901960784,0.34901960784313724,20.00011444157281,326777
0.4549019607843137,0.5137254901960784,0.35294117647058826,240.00137329887372,334955
0.4470588235294118,0.5098039215686274,0.3607843137254902,1.0000057220786405,376893
0.4666666666666667,0.5098039215686274,0.36470588235294116,339.0019397846591,392260
0.45098039215686275,0.5215686274509804,0.3607843137254902,7.0000400545504835,522975
0.4627450980392157,0.5137254901960784,0.3607843137254902,230.0013160780873,346218
0.596078431372549,0.6588235294117647,0.7176470588235294,259.0014820183679,964571
0.6196078431372549,0.6666666666666666,0.7176470588235294,214.00122452482907,1011431
0.6039215686274509,0.6705882352941176,0.7176470588235294,146.0008354234815,925543
0.6196078431372549,0.6745098039215687,0.7215686274509804,679.0038852913968,986020
0.6039215686274509,0.6549019607843137,0.7372549019607844,7.0000400545504835,969672
0.6196078431372549,0.6666666666666666,0.7411764705882353,9.000051498707764,861533
0.6039215686274509,0.6784313725490196,0.7450980392156863,21.00012016365145,857382
0.6196078431372549,0.6823529411764706,0.7333333333333333,126.0007209819087,965457
0.5372549019607843,0.5098039215686274,0.2901960784313726,279.0015964599407,164913
0.5529411764705883,0.5098039215686274,0.29411764705882354,124.00070953775142,140321
0.5294117647058824,0.5137254901960784,0.28627450980392155,205.0011730261213,186471
0.5529411764705883,0.5215686274509804,0.2901960784313726,94.0005378753922,170091
0.5411764705882353,0.5058823529411764,0.2980392156862745,16.000091553258248,135176
0.5568627450980392,0.5098039215686274,0.2980392156862745,176.0010070858407,152635
0.5333333333333333,0.5137254901960784,0.2980392156862745,175.00100136376207,169014
0.5490196078431373,0.5137254901960784,0.30196078431372547,385.0022030002766,138251
0.6235294117647059,0.5372549019607843,0.4470588235294118,93.00053215331356,235827
0.6509803921568628,0.5333333333333333,0.4392156862745098,12.000068664943687,847890
0.6352941176470588,0.5490196078431373,0.4392156862745098,356.002037059996,54425
0.6392156862745098,0.5490196078431373,0.44313725490196076,753.0043087252162,23778
0.6274509803921569,0.5333333333333333,0.4666666666666667,31.000177384437855,683313
0.6392156862745098,0.5294117647058824,0.4627450980392157,8.000045776629124,933439
0.6352941176470588,0.5529411764705883,0.4549019607843137,44.00025177146018,23751
0.6431372549019608,0.5529411764705883,0.4549019607843137,144.00082397932422,30928
0.1607843137254902,0.30980392156862746,0.5058823529411764,1.0000057220786405,162075
0.24705882352941178,0.30196078431372547,0.5058823529411764,3.0000171662359216,965566
0.1843137254901961,0.3215686274509804,0.5137254901960784,7.0000400545504835,162077
0.2235294117647059,0.36470588235294116,0.5568627450980392,76.00043487797667,161051
0.22745098039215686,0.37254901960784315,0.5607843137254902,3.0000171662359216,161052
0.23529411764705882,0.3764705882352941,0.5019607843137255,66.00037765719027,457317
0.23921568627450981,0.4470588235294118,0.5411764705882353,2.000011444157281,201107
0.23921568627450981,0.4117647058823529,0.5647058823529412,9.000051498707764,158995
0.20392156862745098,0.4627450980392157,0.596078431372549,13.000074387022327,930803
0.3803921568627451,0.4117647058823529,0.2196078431372549,217.001241691065,212007
0.39215686274509803,0.4196078431372549,0.2235294117647059,75.00042915589803,207873
0.38823529411764707,0.43529411764705883,0.2235294117647059,453.00259210162415,221251
0.4,0.42745098039215684,0.22745098039215686,364.0020828366251,205827
0.3764705882352941,0.4117647058823529,0.24313725490196078,220.0012588573009,549083
0.39215686274509803,0.41568627450980394,0.24705882352941178,21.00012016365145,536802
0.3803921568627451,0.43137254901960786,0.23921568627450981,60.00034332471843,3460
0.403921568627451,0.43529411764705883,0.23529411764705882,28.000160218201934,209953
0.6,0.5607843137254902,0.3843137254901961,180.00102997415527,89429
0.6196078431372549,0.5725490196078431,0.3803921568627451,450.0025749353882,162976
0.6,0.5803921568627451,0.3764705882352941,47.0002689376961,199897
0.615686274509804,0.5882352941176471,0.38823529411764707,160.00091553258247,186589
0.6039215686274509,0.5725490196078431,0.39215686274509803,20.00011444157281,66913
0.6196078431372549,0.5725490196078431,0.403921568627451,422.0024147171863,52567
0.6039215686274509,0.5882352941176471,0.403921568627451,77.00044060005531,188661
0.6078431372549019,0.5843137254901961,0.39215686274509803,80.00045776629123,185578
0.7647058823529411,0.796078431372549,0.8274509803921568,833.0047664915076,715920
0.7725490196078432,0.8,0.8274509803921568,240.00137329887372,613390
0.7647058823529411,0.803921568627451,0.8313725490196079,870.0049782084172,641069
0.7725490196078432,0.807843137254902,0.8313725490196079,2839.01624498126,733370
0.7647058823529411,0.8,0.8352941176470589,37.000211716909696,741487
0.7725490196078432,0.796078431372549,0.8352941176470589,17.000097275336888,891097
0.7647058823529411,0.807843137254902,0.8352941176470589,448.00256349123094,738403
0.7725490196078432,0.807843137254902,0.8352941176470589,442.0025291587591,620599
0.2549019607843137,0.3254901960784314,0.22745098039215686,397.0022716652203,563957
0.26666666666666666,0.3254901960784314,0.2196078431372549,145.00082970140286,591612
0.25098039215686274,0.3411764705882353,0.2235294117647059,309.0017681222999,154101
0.27450980392156865,0.33725490196078434,0.23137254901960785,467.0026722107251,572154
0.25882352941176473,0.3254901960784314,0.24313725490196078,14.000080109100967,455354
0.26666666666666666,0.3176470588235294,0.23529411764705882,9.000051498707764,573159
0.2627450980392157,0.3411764705882353,0.23529411764705882,16.000091553258248,675541
0.26666666666666666,0.33725490196078434,0.24313725490196078,73.00041771174075,571121
0.22745098039215686,0.34509803921568627,0.22745098039215686,227.0012989118514,174719
0.24313725490196078,0.3568627450980392,0.22745098039215686,540.0030899224658,181865
0.23137254901960785,0.3607843137254902,0.2196078431372549,7.0000400545504835,196255
0.23921568627450981,0.3607843137254902,0.2196078431372549,609.003484745892,188002
0.2235294117647059,0.34509803921568627,0.23529411764705882,7.0000400545504835,163449
0.24705882352941178,0.34901960784313724,0.23529411764705882,15.000085831179607,508628
0.2235294117647059,0.36470588235294116,0.24313725490196078,2.000011444157281,179739
0.24705882352941178,0.3686274509803922,0.23529411764705882,20.00011444157281,182882
0.3803921568627451,0.28627450980392155,0.2196078431372549,286.00163651449117,781765
0.396078431372549,0.29411764705882354,0.2196078431372549,122.00069809359414,672085
0.3764705882352941,0.3058823529411765,0.22745098039215686,184.00105286246983,596276
0.396078431372549,0.3058823529411765,0.23137254901960785,246.00140763134556,591124
0.38823529411764707,0.28627450980392155,0.23921568627450981,80.00045776629123,275727
0.4,0.2823529411764706,0.24705882352941178,66.00037765719027,961077
0.3843137254901961,0.30196078431372547,0.23529411764705882,202.0011558598854,586072
0.403921568627451,0.30196078431372547,0.23921568627450981,219.00125313522227,786894
0.3843137254901961,0.3764705882352941,0.5098039215686274,24.000137329887373,931653
0.4196078431372549,0.403921568627451,0.5019607843137255,3.0000171662359216,964302
0.38823529411764707,0.4196078431372549,0.5215686274509804,71.00040626758347,961253
0.43137254901960786,0.41568627450980394,0.5058823529411764,168.0009613092116,987823
0.38823529411764707,0.396078431372549,0.5372549019607843,4.000022888314562,856387
0.4,0.43529411764705883,0.5294117647058824,51.00029182601067,983744
0.4196078431372549,0.43137254901960786,0.5294117647058824,29.000165940280574,960220
0.6627450980392157,0.6235294117647059,0.6549019607843137,218.00124741314363,1023603
0.6823529411764706,0.6313725490196078,0.6549019607843137,249.00142479758148,1019495
0.6666666666666666,0.6431372549019608,0.6627450980392157,38.00021743898834,1038010
0.6823529411764706,0.6392156862745098,0.6666666666666666,102.00058365202133,976371
0.6666666666666666,0.6352941176470588,0.6784313725490196,128.00073242606598,990731
0.6784313725490196,0.6352941176470588,0.6745098039215687,81.00046348836987,1010220
0.6666666666666666,0.6392156862745098,0.6823529411764706,142.00081253516694,1041012
0.6745098039215687,0.6392156862745098,0.6784313725490196,436.00249482628726,1030756
0.3215686274509804,0.19607843137254902,0.16862745098039217,219.00125313522227,934349
0.32941176470588235,0.19607843137254902,0.1568627450980392,254.00145340797468,958068
0.3215686274509804,0.20784313725490197,0.16862745098039217,16.000091553258248,572125
0.3411764705882353,0.20392156862745098,0.16470588235294117,60.00034332471843,961123
0.3176470588235294,0.2,0.1803921568627451,316.0018081768504,941544
0.3411764705882353,0.2,0.1803921568627451,121.0006923715155,949743
0.3254901960784314,0.20784313725490197,0.1803921568627451,112.00064087280774,936413
0.3333333333333333,0.20392156862745098,0.1803921568627451,295.00168801319893,945650
0.21176470588235294,0.20784313725490197,0.3176470588235294,6.000034332471843,942977
0.24313725490196078,0.2,0.32941176470588235,2.000011444157281,937840
0.21568627450980393,0.24705882352941178,0.3176470588235294,256.00146485213196,254388
0.2196078431372549,0.24705882352941178,0.32941176470588235,48.000274659774746,882219
0.21568627450980393,0.20392156862745098,0.3607843137254902,4.000022888314562,937839
0.24313725490196078,0.19607843137254902,0.3607843137254902,1.0000057220786405,940920
0.20392156862745098,0.23921568627450981,0.34901960784313724,26.000148774044654,146679
0.24313725490196078,0.24313725490196078,0.3568627450980392,5.000028610393202,884186
0.4745098039215686,0.3764705882352941,0.25882352941176473,97.00055504162813,657734
0.49411764705882355,0.3803921568627451,0.2549019607843137,41.00023460522426,776802
0.47058823529411764,0.39215686274509803,0.2627450980392157,81.00046348836987,65538
0.49019607843137253,0.39215686274509803,0.2627450980392157,12.000068664943687,744068
0.4823529411764706,0.3764705882352941,0.2784313725490196,428.00244904965814,740718
0.4980392156862745,0.3843137254901961,0.2784313725490196,334.0019111742659,719198
0.47843137254901963,0.39215686274509803,0.2784313725490196,185.00105858454847,48162
0.48627450980392156,0.4,0.2784313725490196,210.0012016365145,5244
0.23137254901960785,0.35294117647058826,0.10588235294117647,89.000509264999,457724
0.23529411764705882,0.35294117647058826,0.10588235294117647,169.00096703129023,445439
0.24313725490196078,0.3607843137254902,0.10588235294117647,31.000177384437855,466935
0.23137254901960785,0.35294117647058826,0.10980392156862745,118.00067520527958,452579
0.24313725490196078,0.34509803921568627,0.11764705882352941,697.0039882888124,534512
0.23137254901960785,0.3607843137254902,0.10980392156862745,1.0000057220786405,453630
0.24313725490196078,0.36470588235294116,0.12156862745098039,272.0015564053902,453595
0.8117647058823529,0.7529411764705882,0.6980392156862745,47.0002689376961,410848
0.8588235294117647,0.7686274509803922,0.6901960784313725,17.000097275336888,851620
0.8117647058823529,0.796078431372549,0.7137254901960784,22.00012588573009,474818
0.8509803921568627,0.7843137254901961,0.7019607843137254,1.0000057220786405,194849
0.8117647058823529,0.7529411764705882,0.7411764705882353,124.00070953775142,945444
0.8666666666666667,0.7607843137254902,0.7176470588235294,35.000200272752416,873730
0.8235294117647058,0.788235294117647,0.7411764705882353,81.00046348836987,231711
0.8431372549019608,0.7803921568627451,0.7372549019607844,16.000091553258248,874753
0.5686274509803921,0.5294117647058824,0.3137254901960784,258.00147629628924,158781
0.5764705882352941,0.5294117647058824,0.3254901960784314,198.00113297157083,134181
0.5725490196078431,0.5450980392156862,0.3137254901960784,102.00058365202133,169059
0.5843137254901961,0.5490196078431373,0.3215686274509804,225.0012874676941,174211
0.5686274509803921,0.5372549019607843,0.3411764705882353,76.00043487797667,83302
0.5843137254901961,0.5333333333333333,0.33725490196078434,323.00184823140086,47453
0.5725490196078431,0.5450980392156862,0.3333333333333333,50.00028610393203,15714
0.5882352941176471,0.5490196078431373,0.3411764705882353,138.00078964685238,153671
0.4745098039215686,0.47058823529411764,0.2627450980392157,353.00201989376006,184357
0.49411764705882355,0.4745098039215686,0.25882352941176473,128.00073242606598,162851
0.4745098039215686,0.48627450980392156,0.25098039215686274,123.00070381567278,814900
0.49019607843137253,0.48627450980392156,0.25882352941176473,47.0002689376961,192618
0.4745098039215686,0.47843137254901963,0.26666666666666666,90.00051498707764,187449
0.49019607843137253,0.4823529411764706,0.26666666666666666,180.00102997415527,173080
0.4745098039215686,0.48627450980392156,0.27058823529411763,146.0008354234815,21882
0.49411764705882355,0.4980392156862745,0.27058823529411763,299.0017109015135,198764
0.7647058823529411,0.5764705882352941,0.5254901960784314,71.00040626758347,976057
0.7803921568627451,0.5882352941176471,0.5215686274509804,2.000011444157281,1030303
0.7490196078431373,0.592156862745098,0.5254901960784314,42.0002403273029,959981
0.788235294117647,0.6078431372549019,0.5176470588235295,5.000028610393202,955532
0.7568627450980392,0.5882352941176471,0.5372549019607843,40.00022888314562,960655
0.7607843137254902,0.6039215686274509,0.5450980392156862,142.00081253516694,957926
0.7803921568627451,0.611764705882353,0.5450980392156862,38.00021743898834,968873
0.6,0.5725490196078431,0.34509803921568627,157.00089836634655,188610
0.6078431372549019,0.5647058823529412,0.3568627450980392,136.0007782026951,167054
0.596078431372549,0.5803921568627451,0.3568627450980392,155.00088692218927,199883
0.611764705882353,0.5764705882352941,0.3568627450980392,102.00058365202133,177318
0.6039215686274509,0.5607843137254902,0.37254901960784315,162.00092697673975,92508
0.615686274509804,0.5686274509803921,0.3686274509803922,224.00128174561547,168094
0.596078431372549,0.5843137254901961,0.3686274509803922,121.0006923715155,205015
0.6078431372549019,0.5803921568627451,0.3607843137254902,283.00161934825525,192714
0.5647058823529412,0.3411764705882353,0.20784313725490197,39.00022316106698,829223
0.6,0.32941176470588235,0.2,2.000011444157281,841523
0.5607843137254902,0.34901960784313724,0.21568627450980393,49.000280381853386,794241
0.6196078431372549,0.36470588235294116,0.19215686274509805,66.00037765719027,803450
0.5843137254901961,0.3333333333333333,0.24705882352941178,72.00041198966211,896006
0.592156862745098,0.32941176470588235,0.24705882352941178,5.000028610393202,997451
0.5686274509803921,0.3686274509803922,0.24313725490196078,65.00037193511163,889669
0.6078431372549019,0.37254901960784315,0.24313725490196078,33.000188828595135,838447
0.3176470588235294,0.23137254901960785,0.1607843137254902,241.00137902095236,712026
0.32941176470588235,0.23137254901960785,0.16862745098039217,42.0002403273029,733571
0.3215686274509804,0.23529411764705882,0.16862745098039217,49.000280381853386,697738
0.32941176470588235,0.23529411764705882,0.16470588235294117,29.000165940280574,728448
0.3137254901960784,0.23137254901960785,0.1803921568627451,177.00101280791935,639319
0.32941176470588235,0.23137254901960785,0.1803921568627451,22.00012588573009,537851
0.3176470588235294,0.23529411764705882,0.17647058823529413,404.0023117197708,683359
0.32941176470588235,0.23529411764705882,0.17254901960784313,354.0020256158387,683427
0.2196078431372549,0.2196078431372549,0.23137254901960785,257.0014705742106,239957
0.23529411764705882,0.22745098039215686,0.2235294117647059,183.0010471403912,277782
0.23137254901960785,0.23529411764705882,0.22745098039215686,63.00036049095435,621158
0.24705882352941178,0.24705882352941178,0.23137254901960785,140.00080109100966,404829
0.22745098039215686,0.23137254901960785,0.23529411764705882,204.00116730404267,446939
0.24705882352941178,0.23137254901960785,0.23529411764705882,82.00046921044851,391564
0.2196078431372549,0.23921568627450981,0.23921568627450981,196.00112152741355,361813
0.23529411764705882,0.24313725490196078,0.24705882352941178,192.00109863909898,397754
0.3176470588235294,0.3803921568627451,0.3137254901960784,11.000062942865044,550625
0.3568627450980392,0.38823529411764707,0.33725490196078434,36.000205994831056,452238
0.3137254901960784,0.41568627450980394,0.33725490196078434,14.000080109100967,496330
0.35294117647058826,0.40784313725490196,0.3254901960784314,11.000062942865044,687874
0.3411764705882353,0.39215686274509803,0.3686274509803922,59.00033760263979,634480
0.3607843137254902,0.38823529411764707,0.3568627450980392,164.00093842089703,533026
0.3176470588235294,0.4235294117647059,0.35294117647058826,12.000068664943687,289008
0.34901960784313724,0.4196078431372549,0.3607843137254902,22.00012588573009,833820
0.8117647058823529,0.8156862745098039,0.8196078431372549,173.0009899196048,825507
0.8352941176470589,0.8235294117647058,0.8196078431372549,81.00046348836987,895127
0.8196078431372549,0.8352941176470589,0.8235294117647058,81.00046348836987,987095
0.8352941176470589,0.8274509803921568,0.8196078431372549,56.00032043640387,868434
0.8117647058823529,0.8196078431372549,0.8352941176470589,151.0008640338747,881806
0.8274509803921568,0.8156862745098039,0.8352941176470589,53.00030327016795,914648
0.8235294117647058,0.8313725490196079,0.8392156862745098,516.0029525925785,718090
0.8313725490196079,0.8313725490196079,0.8313725490196079,203.00116158196403,868629
0.03529411764705882,0.03137254901960784,0.06274509803921569,34.000194550673775,861623
0.047058823529411764,0.0392156862745098,0.06666666666666667,17.000097275336888,859586
0.043137254901960784,0.054901960784313725,0.06274509803921569,103.00058937409997,169320
0.050980392156862744,0.054901960784313725,0.06274509803921569,1017.0058193539774,195925
0.043137254901960784,0.0392156862745098,0.08235294117647059,6.000034332471843,144782
0.054901960784313725,0.0392156862745098,0.09019607843137255,1.0000057220786405,862652
0.043137254901960784,0.054901960784313725,0.08235294117647059,39.00022316106698,369125
0.047058823529411764,0.058823529411764705,0.09019607843137255,91.00052070915628,338378
0.6274509803921569,0.47058823529411764,0.45098039215686275,260.0014877404465,1012937
0.6470588235294118,0.4745098039215686,0.4470588235294118,186.00106430662711,1032384
0.6235294117647059,0.49411764705882355,0.45098039215686275,57.00032615848251,1021223
0.6470588235294118,0.4980392156862745,0.45098039215686275,161.0009212546611,992480
0.6274509803921569,0.47843137254901963,0.4549019607843137,195.0011158053349,967922
0.6509803921568628,0.4745098039215686,0.4588235294117647,58.00033188056115,896120
0.6274509803921569,0.48627450980392156,0.4627450980392157,169.00096703129023,1018249
0.6392156862745098,0.48627450980392156,0.4549019607843137,219.00125313522227,1001662
0.3215686274509804,0.25882352941176473,0.14901960784313725,4.000022888314562,734906
0.3568627450980392,0.2549019607843137,0.13725490196078433,13.000074387022327,232806
0.33725490196078434,0.27058823529411763,0.1843137254901961,101.0005779299427,732806
0.3607843137254902,0.2549019607843137,0.1803921568627451,199.00113869364947,756389
0.33725490196078434,0.2901960784313726,0.1803921568627451,2.000011444157281,599778
0.3607843137254902,0.2823529411764706,0.1843137254901961,6.000034332471843,711333
0.18823529411764706,0.2196078431372549,0.2627450980392157,230.0013160780873,154026
0.21568627450980393,0.22745098039215686,0.2627450980392157,245.00140190926692,336171
0.2,0.23529411764705882,0.25882352941176473,33.000188828595135,372303
0.21176470588235294,0.23529411764705882,0.2627450980392157,149.00085258971743,207336
0.19607843137254902,0.22745098039215686,0.27058823529411763,197.00112724949219,175475
0.21176470588235294,0.2235294117647059,0.27058823529411763,125.00071525983006,294193
0.19607843137254902,0.23529411764705882,0.2784313725490196,128.00073242606598,496123
0.20392156862745098,0.23921568627450981,0.2784313725490196,190.00108719494168,210407
0.03529411764705882,0.03137254901960784,0.027450980392156862,19.00010871949417,664300
0.054901960784313725,0.03529411764705882,0.027450980392156862,1272.0072784840306,851670
0.054901960784313725,0.047058823529411764,0.023529411764705882,1.0000057220786405,677599
0.34509803921568627,0.38823529411764707,0.2549019607843137,41.00023460522426,532516
0.36470588235294116,0.38823529411764707,0.25882352941176473,11.000062942865044,524294
0.34901960784313724,0.396078431372549,0.25098039215686274,718.0041084524638,547928
0.3607843137254902,0.403921568627451,0.25882352941176473,372.00212861325423,533563
0.34509803921568627,0.3803921568627451,0.27450980392156865,6.000034332471843,569057
0.3607843137254902,0.3803921568627451,0.26666666666666666,5.000028610393202,550124
0.35294117647058826,0.39215686274509803,0.26666666666666666,44.00025177146018,522261
0.36470588235294116,0.403921568627451,0.26666666666666666,90.00051498707764,523328
0.49411764705882355,0.6235294117647059,0.6588235294117647,29.000165940280574,257576
0.43137254901960786,0.6274509803921569,0.7294117647058823,5.000028610393202,919506
0.4980392156862745,0.6235294117647059,0.7254901960784313,46.00026321561746,154904
0.5098039215686274,0.23529411764705882,0.054901960784313725,73.00041771174075,823080
0.5058823529411764,0.23921568627450981,0.08627450980392157,7.0000400545504835,832118
0.7647058823529411,0.796078431372549,0.8156862745098039,355.00203133791734,797001
0.7725490196078432,0.796078431372549,0.8156862745098039,131.0007495923019,642122
0.7647058823529411,0.807843137254902,0.8117647058823529,12.000068664943687,920453
0.7764705882352941,0.803921568627451,0.8156862745098039,21.00012016365145,977832
0.7686274509803922,0.8,0.8196078431372549,2506.014339529073,745700
0.7725490196078432,0.8,0.8235294117647058,1042.0059624059434,677142
0.7686274509803922,0.803921568627451,0.8235294117647058,180.00102997415527,761088
0.7725490196078432,0.803921568627451,0.8235294117647058,873.0049953746532,623756
0.41568627450980394,0.45098039215686275,0.23137254901960785,138.00078964685238,221298
0.4235294117647059,0.4470588235294118,0.2235294117647059,28.000160218201934,817975
0.41568627450980394,0.4588235294117647,0.23137254901960785,45.00025749353882,228464
0.42745098039215684,0.4588235294117647,0.22745098039215686,4.000022888314562,220288
0.4196078431372549,0.4392156862745098,0.23529411764705882,253.00144768589604,199723
0.4235294117647059,0.45098039215686275,0.23921568627450981,317.001813898929,204887
0.41568627450980394,0.4627450980392157,0.23921568627450981,250.00143051966012,241782
0.4235294117647059,0.4666666666666667,0.23921568627450981,243.00139046510964,235639
0.3176470588235294,0.5019607843137255,0.5803921568627451,8.000045776629124,450078
0.36470588235294116,0.5098039215686274,0.5803921568627451,155.00088692218927,558750
0.3686274509803922,0.5450980392156862,0.5725490196078431,6.000034332471843,871949
0.3411764705882353,0.5176470588235295,0.592156862745098,13.000074387022327,385561
0.3686274509803922,0.5058823529411764,0.615686274509804,124.00070953775142,521847
0.3686274509803922,0.5372549019607843,0.596078431372549,12.000068664943687,874981
0.27450980392156865,0.4392156862745098,0.5137254901960784,5.000028610393202,221607
0.2823529411764706,0.4392156862745098,0.5137254901960784,78.00044632213395,494189
0.27450980392156865,0.45098039215686275,0.5450980392156862,4.000022888314562,456226
0.30980392156862746,0.4470588235294118,0.5411764705882353,221.00126457937955,474726
0.30980392156862746,0.47058823529411764,0.5372549019607843,8.000045776629124,370196
0.40784313725490196,0.3215686274509804,0.2196078431372549,93.00053215331356,736893
0.43137254901960786,0.3176470588235294,0.2235294117647059,93.00053215331356,716129
0.40784313725490196,0.32941176470588235,0.22745098039215686,129.00073814814462,12357
0.42745098039215684,0.33725490196078434,0.22745098039215686,35.000200272752416,748145
0.40784313725490196,0.3137254901960784,0.23921568627450981,244.00139618718828,637263
0.42745098039215684,0.3137254901960784,0.23529411764705882,160.00091553258247,723308
0.40784313725490196,0.3333333333333333,0.23921568627450981,270.0015449612329,28709
0.43137254901960786,0.3411764705882353,0.24313725490196078,235.00134468848051,22576
0.6941176470588235,0.6039215686274509,0.5019607843137255,82.00046921044851,59600
0.7019607843137254,0.6039215686274509,0.5058823529411764,2.000011444157281,877233
0.6941176470588235,0.615686274509804,0.5019607843137255,847.0048466006085,70929
0.7019607843137254,0.6196078431372549,0.5098039215686274,115.00065803904366,50419
0.6862745098039216,0.6039215686274509,0.5137254901960784,5.000028610393202,733521
0.7019607843137254,0.596078431372549,0.5254901960784314,3.0000171662359216,853024
0.6941176470588235,0.6078431372549019,0.5215686274509804,60.00034332471843,471281
0.7137254901960784,0.6196078431372549,0.5137254901960784,133.00076103645918,806493
0.6862745098039216,0.6901960784313725,0.5764705882352941,20.00011444157281,624906
0.7411764705882353,0.7058823529411765,0.5764705882352941,36.000205994831056,891668
0.7098039215686275,0.7215686274509804,0.5803921568627451,5.000028610393202,880501
0.7019607843137254,0.6941176470588235,0.611764705882353,104.00059509617861,427226
0.7254901960784313,0.6980392156862745,0.592156862745098,118.00067520527958,195903
0.6901960784313725,0.7254901960784313,0.6078431372549019,17.000097275336888,618758
0.7254901960784313,0.7176470588235294,0.6196078431372549,10.000057220786404,627980
0.5137254901960784,0.3411764705882353,0.3764705882352941,10.000057220786404,1017128
0.5098039215686274,0.37254901960784315,0.4,144.00082397932422,1001059
0.5490196078431373,0.3686274509803922,0.3803921568627451,129.00073814814462,1034561
0.5215686274509804,0.3568627450980392,0.40784313725490196,24.000137329887373,1028532
0.5490196078431373,0.3686274509803922,0.4117647058823529,3.0000171662359216,928945
0.7372549019607844,0.7843137254901961,0.8117647058823529,844.0048294343726,805028
0.7450980392156863,0.7843137254901961,0.8156862745098039,1470.0084114556014,640026
0.7372549019607844,0.792156862745098,0.8156862745098039,16.000091553258248,863540
0.7411764705882353,0.788235294117647,0.8156862745098039,119.00068092735822,754848
0.7372549019607844,0.7843137254901961,0.8196078431372549,741.0042400602725,740492
0.7411764705882353,0.7843137254901961,0.8235294117647058,744.0042572265085,713741
0.7372549019607844,0.788235294117647,0.8235294117647058,115.00065803904366,741444
0.7450980392156863,0.792156862745098,0.8196078431372549,902.0051613149337,791690
0.23529411764705882,0.3137254901960784,0.12549019607843137,853.0048809330804,740279
0.24313725490196078,0.3137254901960784,0.12549019607843137,169.00096703129023,778175
0.23529411764705882,0.3254901960784314,0.12549019607843137,1175.0067234424025,829409
0.24313725490196078,0.3215686274509804,0.12941176470588237,805.0046062733056,753611
0.23529411764705882,0.3176470588235294,0.13725490196078433,437.0025005483659,708530
0.24313725490196078,0.3176470588235294,0.13333333333333333,70.00040054550483,727985
0.23921568627450981,0.3254901960784314,0.13725490196078433,602.0034446913415,848801
0.24313725490196078,0.3215686274509804,0.13333333333333333,837.0047893798221,733115
0.5686274509803921,0.40784313725490196,0.38823529411764707,145.00082970140286,1039768
0.5843137254901961,0.4117647058823529,0.3803921568627451,185.00105858454847,1009840
0.5686274509803921,0.43529411764705883,0.3803921568627451,26.000148774044654,943668
0.5882352941176471,0.4235294117647059,0.38823529411764707,54.00030899224659,1014030
0.5647058823529412,0.40784313725490196,0.39215686274509803,278.00159073786205,1005902
0.5843137254901961,0.4196078431372549,0.403921568627451,274.0015678495475,964849
0.5725490196078431,0.4235294117647059,0.4,46.00026321561746,1022360
0.5882352941176471,0.42745098039215684,0.396078431372549,226.00129318977275,856088
0.15294117647058825,0.16470588235294117,0.3843137254901961,3.0000171662359216,951190
0.17254901960784313,0.24705882352941178,0.3803921568627451,61.00034904679707,368149
0.2196078431372549,0.23529411764705882,0.4235294117647059,11.000062942865044,952216
0.1843137254901961,0.23137254901960785,0.4392156862745098,2.000011444157281,959405
0.7490196078431373,0.7607843137254902,0.7490196078431373,164.00093842089703,411277
0.7725490196078432,0.7529411764705882,0.7568627450980392,54.00030899224659,850988
0.7607843137254902,0.7725490196078432,0.7607843137254902,92.00052643123492,489138
0.7686274509803922,0.7725490196078432,0.7529411764705882,61.00034904679707,304411
0.7529411764705882,0.7607843137254902,0.7686274509803922,214.00122452482907,951149
0.7725490196078432,0.7529411764705882,0.7764705882352941,183.0010471403912,932204
0.7490196078431373,0.7686274509803922,0.7764705882352941,295.00168801319893,1012606
0.7725490196078432,0.7725490196078432,0.7764705882352941,169.00096703129023,810107
0.16470588235294117,0.1568627450980392,0.13725490196078433,18.000102997415528,719461
0.17254901960784313,0.1568627450980392,0.13333333333333333,270.0015449612329,685654
0.1607843137254902,0.17254901960784313,0.13725490196078433,1.0000057220786405,664312
0.1568627450980392,0.1568627450980392,0.14901960784313725,214.00122452482907,447941
0.17647058823529413,0.1568627450980392,0.1450980392156863,700.0040054550483,518546
0.16470588235294117,0.1803921568627451,0.1450980392156863,4.000022888314562,662263
0.1803921568627451,0.17647058823529413,0.14901960784313725,18.000102997415528,551390
0.19607843137254902,0.19215686274509805,0.2196078431372549,154.00088120011063,366854
0.20784313725490197,0.19607843137254902,0.2196078431372549,26.000148774044654,247195
0.2,0.21568627450980393,0.2196078431372549,323.00184823140086,458207
0.21176470588235294,0.21568627450980393,0.23137254901960785,283.00161934825525,324187
0.18823529411764706,0.2,0.23921568627450981,48.000274659774746,350673
0.20392156862745098,0.2,0.23921568627450981,16.000091553258248,255403
0.18823529411764706,0.20784313725490197,0.23921568627450981,264.0015106287611,882081
0.20392156862745098,0.20392156862745098,0.23529411764705882,105.00060081825725,288092
0.4823529411764706,0.5333333333333333,0.3843137254901961,183.0010471403912,345215
0.48627450980392156,0.5411764705882353,0.38823529411764707,505.00288964971344,344186
0.4823529411764706,0.5450980392156862,0.3843137254901961,3.0000171662359216,331919
0.49411764705882355,0.5450980392156862,0.3764705882352941,147.00084114556014,320664
0.4823529411764706,0.5411764705882353,0.396078431372549,5.000028610393202,429737
0.4980392156862745,0.5372549019607843,0.39215686274509803,209.00119591443587,357508
0.4823529411764706,0.5529411764705883,0.4,4.000022888314562,503505
0.48627450980392156,0.5450980392156862,0.396078431372549,153.000875478032,428713
0.3764705882352941,0.3215686274509804,0.2196078431372549,263.00150490668244,6177
0.396078431372549,0.3254901960784314,0.2235294117647059,227.0012989118514,16407
0.38823529411764707,0.3333333333333333,0.22745098039215686,81.00046348836987,16389
0.396078431372549,0.3333333333333333,0.23137254901960785,220.0012588573009,25604
0.3843137254901961,0.3176470588235294,0.23921568627450981,108.00061798449318,720519
0.39215686274509803,0.3215686274509804,0.24313725490196078,182.00104141831255,585003
0.3843137254901961,0.32941176470588235,0.24705882352941178,10.000057220786404,699037
0.39215686274509803,0.33725490196078434,0.24705882352941178,115.00065803904366,702104
0.10588235294117647,0.13725490196078433,0.16862745098039217,154.00088120011063,518677
0.11764705882352941,0.12549019607843137,0.16862745098039217,429.0024547717368,382527
0.10588235294117647,0.1411764705882353,0.16470588235294117,7.0000400545504835,174444
0.11372549019607843,0.1411764705882353,0.16470588235294117,123.00070381567278,333168
0.10588235294117647,0.12549019607843137,0.17647058823529413,92.00052643123492,396789
0.10980392156862745,0.12549019607843137,0.17254901960784313,136.0007782026951,226803
0.10196078431372549,0.1411764705882353,0.1803921568627451,44.00025177146018,499249
0.11764705882352941,0.1450980392156863,0.17254901960784313,217.001241691065,169338
0.0,0.050980392156862744,0.2549019607843137,6.000034332471843,972757
0.0,0.07058823529411765,0.26666666666666666,46.00026321561746,988159
0.10980392156862745,0.11764705882352941,0.2627450980392157,18.000102997415528,865721
0.058823529411764705,0.10980392156862745,0.3176470588235294,3.0000171662359216,965567
0.07058823529411765,0.10980392156862745,0.3137254901960784,2.000011444157281,956325
0.2901960784313726,0.18823529411764706,0.16862745098039217,22.00012588573009,933393
0.30980392156862746,0.18823529411764706,0.1607843137254902,115.00065803904366,932487
0.2823529411764706,0.21568627450980393,0.16862745098039217,520.002975480893,632138
0.2980392156862745,0.21176470588235294,0.1607843137254902,172.00098419752615,724381
0.2823529411764706,0.19215686274509805,0.1843137254901961,23.00013160780873,890312
0.2980392156862745,0.19215686274509805,0.1803921568627451,173.0009899196048,942608
0.2823529411764706,0.21176470588235294,0.17254901960784313,137.00078392477374,594320
0.3058823529411765,0.21176470588235294,0.1803921568627451,36.000205994831056,426208
0.25098039215686274,0.35294117647058826,0.10588235294117647,3.0000171662359216,503794
0.25882352941176473,0.3686274509803922,0.10588235294117647,19.00010871949417,472053
0.25882352941176473,0.34509803921568627,0.11764705882352941,322.0018425093222,509855
0.27058823529411763,0.3568627450980392,0.12156862745098039,13.000074387022327,469904
0.2549019607843137,0.37254901960784315,0.11372549019607843,746.0042686706657,470010
0.26666666666666666,0.3607843137254902,0.12156862745098039,91.00052070915628,484292
0.1450980392156863,0.23529411764705882,0.1607843137254902,809.0046291616202,98934
0.14901960784313725,0.23529411764705882,0.1568627450980392,263.00150490668244,222996
0.1450980392156863,0.24313725490196078,0.1607843137254902,886.0050697616755,37456
0.14901960784313725,0.24313725490196078,0.1568627450980392,943.005395920158,275214
0.1411764705882353,0.23921568627450981,0.16862745098039217,398.00227738729893,93828
0.14901960784313725,0.23921568627450981,0.16862745098039217,101.0005779299427,113286
0.1411764705882353,0.24313725490196078,0.16862745098039217,940.0053787539221,156407
0.14901960784313725,0.24313725490196078,0.16470588235294117,412.0023574963999,165571
0.5725490196078431,0.6274509803921569,0.6666666666666666,112.00064087280774,963427
0.5764705882352941,0.6235294117647059,0.6549019607843137,96.00054931954949,209447
0.5607843137254902,0.6431372549019608,0.6627450980392157,70.00040054550483,611003
0.5803921568627451,0.6431372549019608,0.6627450980392157,65.00037193511163,616104
0.5725490196078431,0.6352941176470588,0.6745098039215687,346.0019798392096,996317
0.5843137254901961,0.6352941176470588,0.6705882352941176,229.00131035600867,961402
0.5607843137254902,0.6431372549019608,0.6784313725490196,102.00058365202133,523936
0.5764705882352941,0.6392156862745098,0.6784313725490196,167.00095558713295,996318
0.7647058823529411,0.6235294117647059,0.43529411764705883,2.000011444157281,800356
0.8392156862745098,0.6313725490196078,0.3803921568627451,12.000068664943687,843424
0.7607843137254902,0.6666666666666666,0.47058823529411764,42.0002403273029,875189
0.8196078431372549,0.6627450980392157,0.47843137254901963,18.000102997415528,848547
0.6352941176470588,0.592156862745098,0.4196078431372549,248.00141907550284,164046
0.6392156862745098,0.592156862745098,0.4117647058823529,210.0012016365145,163997
0.6352941176470588,0.6078431372549019,0.41568627450980394,17.000097275336888,186581
0.6470588235294118,0.6078431372549019,0.4196078431372549,17.000097275336888,177360
0.6313725490196078,0.6039215686274509,0.43137254901960786,120.00068664943686,173307
0.6392156862745098,0.596078431372549,0.43137254901960786,421.00240899510766,150761
0.6352941176470588,0.6078431372549019,0.4235294117647059,55.00031471432523,176356
0.6470588235294118,0.611764705882353,0.4235294117647059,91.00052070915628,176339
0.6,0.41568627450980394,0.35294117647058826,189.00108147286304,990214
0.6196078431372549,0.40784313725490196,0.34901960784313724,210.0012016365145,1042806
0.592156862745098,0.4235294117647059,0.34901960784313724,8.000045776629124,878267
0.6196078431372549,0.4235294117647059,0.3568627450980392,59.00033760263979,924761
0.592156862745098,0.40784313725490196,0.36470588235294116,233.00133324432323,934916
0.615686274509804,0.41568627450980394,0.3686274509803922,193.00110436117762,987213
0.592156862745098,0.4235294117647059,0.37254901960784315,57.00032615848251,987426
0.615686274509804,0.42745098039215684,0.3686274509803922,228.00130463393003,948256
0.3764705882352941,0.4117647058823529,0.2823529411764706,112.00064087280774,503825
0.39215686274509803,0.4196078431372549,0.2901960784313726,9.000051498707764,426661
0.38823529411764707,0.43137254901960786,0.29411764705882354,408.00233460808533,512042
0.39215686274509803,0.43137254901960786,0.2823529411764706,502.0028724834775,519288
0.38823529411764707,0.4196078431372549,0.30980392156862746,3.0000171662359216,99725
0.403921568627451,0.40784313725490196,0.2980392156862745,5.000028610393202,543980
0.38823529411764707,0.43137254901960786,0.3058823529411765,24.000137329887373,497667
0.396078431372549,0.43137254901960786,0.2980392156862745,111.0006351507291,508930
0.3764705882352941,0.25098039215686274,0.23137254901960785,263.00150490668244,919051
0.4,0.2627450980392157,0.23137254901960785,211.00120735859315,903547
0.3764705882352941,0.26666666666666666,0.2235294117647059,74.00042343381939,932343
0.39215686274509803,0.27058823529411763,0.23137254901960785,77.00044060005531,901502
0.3803921568627451,0.25882352941176473,0.23921568627450981,92.00052643123492,850202
0.396078431372549,0.25098039215686274,0.23529411764705882,176.0010070858407,987747
0.3803921568627451,0.2784313725490196,0.23529411764705882,65.00037193511163,398566
0.39215686274509803,0.27450980392156865,0.24313725490196078,213.00121880275043,935446
0.3411764705882353,0.21176470588235294,0.2549019607843137,10.000057220786404,940224
0.36470588235294116,0.21176470588235294,0.25098039215686274,7.0000400545504835,911532
0.3215686274509804,0.2235294117647059,0.26666666666666666,87.00049782084172,955063
0.34509803921568627,0.23529411764705882,0.27450980392156865,121.0006923715155,923461
0.3411764705882353,0.21176470588235294,0.28627450980392155,4.000022888314562,847123
0.3215686274509804,0.24705882352941178,0.3058823529411765,36.000205994831056,865641
0.3686274509803922,0.24313725490196078,0.2901960784313726,25.000143051966013,929561
0.1568627450980392,0.2549019607843137,0.1607843137254902,844.0048294343726,226005
0.16862745098039217,0.2549019607843137,0.1607843137254902,471.00269509903967,226185
0.1607843137254902,0.25882352941176473,0.1607843137254902,412.0023574963999,283433
0.16470588235294117,0.2627450980392157,0.1568627450980392,448.00256349123094,299834
0.1607843137254902,0.2549019607843137,0.16862745098039217,509.002912538028,201528
0.16862745098039217,0.2549019607843137,0.16470588235294117,251.00143624173876,258862
0.1568627450980392,0.25882352941176473,0.16862745098039217,987.0056476916182,200399
0.16862745098039217,0.2627450980392157,0.16862745098039217,697.0039882888124,219975
0.5450980392156862,0.5333333333333333,0.24313725490196078,17.000097275336888,898983
0.6352941176470588,0.5215686274509804,0.22745098039215686,1.0000057220786405,230759
0.6313725490196078,0.6313725490196078,0.6901960784313725,123.00070381567278,966090
0.6431372549019608,0.6352941176470588,0.6862745098039216,57.00032615848251,776201
0.6352941176470588,0.6431372549019608,0.6941176470588235,269.0015392391543,945544
0.6470588235294118,0.6431372549019608,0.6941176470588235,426.00243760550086,1047115
0.6235294117647059,0.6352941176470588,0.7098039215686275,1.0000057220786405,786459
0.6274509803921569,0.6431372549019608,0.7058823529411765,144.00082397932422,938349
0.6392156862745098,0.6509803921568628,0.7019607843137254,132.00075531438054,826404
0.7294117647058823,0.7294117647058823,0.7803921568627451,34.000194550673775,838716
0.7411764705882353,0.7294117647058823,0.788235294117647,12.000068664943687,851104
0.7254901960784313,0.7411764705882353,0.7843137254901961,509.002912538028,1035760
0.7450980392156863,0.7450980392156863,0.788235294117647,527.0030155354435,902351
0.7333333333333333,0.7254901960784313,0.796078431372549,3.0000171662359216,815166
0.7254901960784313,0.7450980392156863,0.796078431372549,41.00023460522426,821318
0.7450980392156863,0.7333333333333333,0.796078431372549,25.000143051966013,827476
0.6039215686274509,0.6352941176470588,0.6862745098039216,94.0005378753922,904078
0.6078431372549019,0.6313725490196078,0.6862745098039216,110.00062942865046,785438
0.6039215686274509,0.6470588235294118,0.6862745098039216,410.0023460522426,1034238
0.611764705882353,0.6431372549019608,0.6941176470588235,220.0012588573009,909204
0.6,0.6313725490196078,0.7019607843137254,4.000022888314562,874901
0.6196078431372549,0.6352941176470588,0.7019607843137254,7.0000400545504835,872882
0.6,0.6509803921568628,0.7098039215686275,229.00131035600867,944968
0.615686274509804,0.6470588235294118,0.7019607843137254,76.00043487797667,860305
0.13725490196078433,0.1568627450980392,0.16862745098039217,25.000143051966013,360841
0.14901960784313725,0.1568627450980392,0.1568627450980392,294.0016822911203,440754
0.12941176470588237,0.17647058823529413,0.16862745098039217,1.0000057220786405,414977
0.1450980392156863,0.17254901960784313,0.1607843137254902,3.0000171662359216,671478
0.13333333333333333,0.1607843137254902,0.1843137254901961,147.00084114556014,367045
0.15294117647058825,0.1607843137254902,0.1803921568627451,621.0035534108357,435693
0.12941176470588237,0.17254901960784313,0.1843137254901961,1.0000057220786405,375228
0.15294117647058825,0.17254901960784313,0.17254901960784313,45.00025749353882,424409
0.792156862745098,0.7843137254901961,0.7803921568627451,204.00116730404267,306802
0.796078431372549,0.792156862745098,0.7803921568627451,87.00049782084172,258318
0.7843137254901961,0.796078431372549,0.7843137254901961,86.00049209876308,849169
0.807843137254902,0.8,0.788235294117647,58.00033188056115,113011
0.7803921568627451,0.7803921568627451,0.796078431372549,189.00108147286304,129350
0.796078431372549,0.788235294117647,0.803921568627451,92.00052643123492,831488
0.788235294117647,0.796078431372549,0.8,261.00149346252516,954232
0.8,0.803921568627451,0.8,155.00088692218927,855281
0.25098039215686274,0.3333333333333333,0.27058823529411763,13.000074387022327,189981
0.2980392156862745,0.3176470588235294,0.27450980392156865,19.00010871949417,413114
0.25882352941176473,0.3686274509803922,0.25882352941176473,23.00013160780873,491226
0.2901960784313726,0.3568627450980392,0.27450980392156865,44.00025177146018,497355
0.27058823529411763,0.3137254901960784,0.30196078431372547,25.000143051966013,653967
0.29411764705882354,0.3176470588235294,0.2823529411764706,143.00081825724558,414975
0.27450980392156865,0.34901960784313724,0.2901960784313726,4.000022888314562,494281
0.29411764705882354,0.34901960784313724,0.2980392156862745,11.000062942865044,649950
0.5176470588235295,0.5176470588235295,0.6274509803921569,1.0000057220786405,851220
0.5019607843137255,0.5568627450980392,0.6392156862745098,233.00133324432323,970488
0.5294117647058824,0.5568627450980392,0.6274509803921569,38.00021743898834,1019568
0.5215686274509804,0.5411764705882353,0.6666666666666666,5.000028610393202,864700
0.5294117647058824,0.5529411764705883,0.6549019607843137,5.000028610393202,836129
0.4588235294117647,0.21568627450980393,0.00784313725490196,33.000188828595135,769786
0.47058823529411764,0.21568627450980393,0.01568627450980392,1.0000057220786405,811805
0.45098039215686275,0.2196078431372549,0.027450980392156862,25.000143051966013,789263
0.4823529411764706,0.2235294117647059,0.011764705882352941,82.00046921044851,774911
0.4392156862745098,0.20392156862745098,0.0392156862745098,61.00034904679707,830255
0.47058823529411764,0.21568627450980393,0.043137254901960784,4.000022888314562,828205
0.45098039215686275,0.22745098039215686,0.0392156862745098,18.000102997415528,761589
0.49019607843137253,0.2235294117647059,0.047058823529411764,58.00033188056115,821031
0.2627450980392157,0.19607843137254902,0.2627450980392157,8.000045776629124,933665
0.29411764705882354,0.21568627450980393,0.27058823529411763,20.00011444157281,841126
0.25098039215686274,0.23921568627450981,0.25098039215686274,119.00068092735822,353558
0.3058823529411765,0.22745098039215686,0.27450980392156865,49.000280381853386,954041
0.2784313725490196,0.21568627450980393,0.29411764705882354,5.000028610393202,933733
0.28627450980392155,0.2,0.30980392156862746,1.0000057220786405,935785
0.25098039215686274,0.23921568627450981,0.2901960784313726,35.000200272752416,315930
0.2823529411764706,0.23921568627450981,0.30980392156862746,43.00024604938154,956095
0.45098039215686275,0.4823529411764706,0.2823529411764706,145.00082970140286,50584
0.4627450980392157,0.47058823529411764,0.29411764705882354,62.00035476887571,501972
0.4470588235294118,0.4980392156862745,0.2823529411764706,78.00044632213395,274584
0.4627450980392157,0.49411764705882355,0.29411764705882354,119.00068092735822,41365
0.45098039215686275,0.47843137254901963,0.3058823529411765,109.00062370657182,705239
0.4627450980392157,0.4745098039215686,0.3058823529411765,296.00169373527757,492742
0.45098039215686275,0.49411764705882355,0.30196078431372547,153.000875478032,41374
0.4588235294117647,0.49411764705882355,0.2980392156862745,156.0008926442679,42395
0.6941176470588235,0.7215686274509804,0.7254901960784313,94.0005378753922,269573
0.7137254901960784,0.7215686274509804,0.7254901960784313,93.00053215331356,274693
0.6941176470588235,0.7333333333333333,0.7254901960784313,41.00023460522426,607901
0.7058823529411765,0.7372549019607844,0.7176470588235294,84.0004806546058,481935
0.6941176470588235,0.7215686274509804,0.7450980392156863,397.0022716652203,1023885
0.7019607843137254,0.7215686274509804,0.7411764705882353,211.00120735859315,973644
0.6862745098039216,0.7450980392156863,0.7333333333333333,76.00043487797667,210269
0.7098039215686275,0.7411764705882353,0.7411764705882353,99.00056648578541,588470
0.6,0.4196078431372549,0.3764705882352941,153.000875478032,1004559
0.6078431372549019,0.41568627450980394,0.3803921568627451,60.00034332471843,976030
0.6039215686274509,0.43137254901960786,0.3803921568627451,168.0009613092116,989480
0.615686274509804,0.4235294117647059,0.3803921568627451,272.0015564053902,988253
0.592156862745098,0.4117647058823529,0.396078431372549,60.00034332471843,1027344
0.611764705882353,0.4196078431372549,0.396078431372549,17.000097275336888,971016
0.6,0.42745098039215684,0.4,214.00122452482907,1017044
0.6078431372549019,0.43137254901960786,0.39215686274509803,146.0008354234815,935970
0.10588235294117647,0.12549019607843137,0.13333333333333333,16.000091553258248,414123
0.11372549019607843,0.12941176470588237,0.13725490196078433,295.00168801319893,847249
0.10588235294117647,0.12941176470588237,0.15294117647058825,96.00054931954949,348535
0.11764705882352941,0.12549019607843137,0.15294117647058825,660.0037765719027,216504
0.10588235294117647,0.1411764705882353,0.1411764705882353,2.000011444157281,420448
0.12156862745098039,0.1411764705882353,0.1411764705882353,19.00010871949417,470504
0.7058823529411765,0.5019607843137255,0.403921568627451,14.000080109100967,922678
0.7215686274509804,0.5019607843137255,0.3803921568627451,4.000022888314562,848696
0.7058823529411765,0.5294117647058824,0.3803921568627451,7.0000400545504835,881489
0.7372549019607844,0.5568627450980392,0.3764705882352941,16.000091553258248,841315
0.6941176470588235,0.5098039215686274,0.4196078431372549,191.00109291702032,906263
0.7176470588235294,0.5254901960784314,0.43137254901960786,6.000034332471843,926784
0.6862745098039216,0.5450980392156862,0.4235294117647059,15.000085831179607,792162
0.7333333333333333,0.5529411764705883,0.43529411764705883,18.000102997415528,856746
0.5176470588235295,0.27450980392156865,0.12549019607843137,44.00025177146018,817813
0.5333333333333333,0.27450980392156865,0.13333333333333333,7.0000400545504835,871247
0.5137254901960784,0.3058823529411765,0.1411764705882353,32.000183106516495,845455
0.5411764705882353,0.28627450980392155,0.13333333333333333,55.00031471432523,868175
0.5098039215686274,0.26666666666666666,0.1568627450980392,12.000068664943687,852797
0.5333333333333333,0.2784313725490196,0.17254901960784313,4.000022888314562,990261
0.5019607843137255,0.30980392156862746,0.1803921568627451,78.00044632213395,880243
0.5568627450980392,0.3058823529411765,0.1607843137254902,36.000205994831056,811645
0.2196078431372549,0.2,0.19607843137254902,117.00066948320094,379161
0.23921568627450981,0.2,0.18823529411764706,40.00022888314562,439562
0.23137254901960785,0.21176470588235294,0.19215686274509805,280.0016021820193,373109
0.23921568627450981,0.21176470588235294,0.2,271.00155068331156,256325
0.2196078431372549,0.19215686274509805,0.21176470588235294,15.000085831179607,172525
0.23529411764705882,0.19215686274509805,0.21568627450980393,12.000068664943687,334298
0.2235294117647059,0.20784313725490197,0.20784313725490197,246.00140763134556,176451
0.23921568627450981,0.21176470588235294,0.20392156862745098,91.00052070915628,423232
0.34901960784313724,0.29411764705882354,0.23137254901960785,151.0008640338747,736815
0.3686274509803922,0.2901960784313726,0.2196078431372549,243.00139046510964,564951
0.35294117647058826,0.30980392156862746,0.2235294117647059,57.00032615848251,700027
0.3686274509803922,0.30196078431372547,0.22745098039215686,114.00065231696502,714370
0.34901960784313724,0.29411764705882354,0.23921568627450981,114.00065231696502,484663
0.3607843137254902,0.2901960784313726,0.23529411764705882,119.00068092735822,582068
0.3568627450980392,0.30196078431372547,0.23921568627450981,109.00062370657182,576819
0.36470588235294116,0.30196078431372547,0.24705882352941178,165.00094414297567,557445
0.5098039215686274,0.396078431372549,0.4392156862745098,25.000143051966013,1010291
0.5490196078431373,0.403921568627451,0.4470588235294118,14.000080109100967,1016216
0.5176470588235295,0.4235294117647059,0.4627450980392157,71.00040626758347,931616
0.5529411764705883,0.4235294117647059,0.4549019607843137,72.00041198966211,935099
0.5058823529411764,0.403921568627451,0.47058823529411764,2.000011444157281,941822
0.5529411764705883,0.396078431372549,0.47843137254901963,1.0000057220786405,904003
0.5098039215686274,0.41568627450980394,0.4823529411764706,56.00032043640387,999805
0.5372549019607843,0.4235294117647059,0.49019607843137253,26.000148774044654,1025456
0.5686274509803921,0.47058823529411764,0.34901960784313724,77.00044060005531,668980
0.5843137254901961,0.4745098039215686,0.35294117647058826,367.002100002861,33906
0.5607843137254902,0.4980392156862745,0.35294117647058826,18.000102997415528,718491
0.5803921568627451,0.49411764705882355,0.34901960784313724,208.00119019235723,75849
0.5647058823529412,0.47843137254901963,0.3686274509803922,52.00029754808931,526584
0.5803921568627451,0.47843137254901963,0.37254901960784315,107.00061226241453,772766
0.5686274509803921,0.49019607843137253,0.3686274509803922,39.00022316106698,644389
0.5843137254901961,0.49411764705882355,0.3686274509803922,196.00112152741355,16547
0.5019607843137255,0.5294117647058824,0.40784313725490196,2.000011444157281,393431
0.5176470588235295,0.5411764705882353,0.40784313725490196,49.000280381853386,430176
0.5058823529411764,0.5568627450980392,0.4117647058823529,130.00074387022326,345224
0.5176470588235295,0.5490196078431373,0.40784313725490196,851.0048694889231,443482
0.5019607843137255,0.5294117647058824,0.4235294117647059,4.000022888314562,601820
0.5254901960784314,0.5294117647058824,0.43529411764705883,8.000045776629124,525004
0.5019607843137255,0.5450980392156862,0.43529411764705883,6.000034332471843,283891
0.5215686274509804,0.5490196078431373,0.42745098039215684,13.000074387022327,547053
0.6235294117647059,0.4392156862745098,0.3803921568627451,201.00115013780675,980044
0.6509803921568628,0.45098039215686275,0.38823529411764707,113.00064659488638,925789
0.6352941176470588,0.4549019607843137,0.3803921568627451,15.000085831179607,878628
0.6431372549019608,0.4627450980392157,0.3843137254901961,85.00048637668444,876577
0.6352941176470588,0.4470588235294118,0.39215686274509803,264.0015106287611,920598
0.6509803921568628,0.4470588235294118,0.39215686274509803,76.00043487797667,978982
0.6352941176470588,0.4549019607843137,0.403921568627451,111.0006351507291,854025
0.6431372549019608,0.4549019607843137,0.396078431372549,191.00109291702032,1034400
0.5098039215686274,0.40784313725490196,0.2901960784313726,181.0010356962339,48183
0.5176470588235295,0.4196078431372549,0.2823529411764706,255.00145913005332,735888
0.5098039215686274,0.4235294117647059,0.28627450980392155,87.00049782084172,60460
0.5176470588235295,0.4235294117647059,0.29411764705882354,118.00067520527958,10361
0.5019607843137255,0.41568627450980394,0.3058823529411765,49.000280381853386,649552
0.5137254901960784,0.40784313725490196,0.2980392156862745,228.00130463393003,675180
0.5019607843137255,0.43137254901960786,0.3058823529411765,18.000102997415528,753261
0.5215686274509804,0.43137254901960786,0.2980392156862745,117.00066948320094,63526
0.3843137254901961,0.44313725490196076,0.22745098039215686,221.00126457937955,256114
0.39215686274509803,0.45098039215686275,0.23137254901960785,310.00177384437853,259178
0.403921568627451,0.4549019607843137,0.23137254901960785,12.000068664943687,233581
0.3764705882352941,0.4470588235294118,0.23529411764705882,207.0011844702786,269427
0.39215686274509803,0.4392156862745098,0.23529411764705882,112.00064087280774,222272
0.38823529411764707,0.4549019607843137,0.24705882352941178,41.00023460522426,279676
0.39215686274509803,0.4549019607843137,0.23921568627450981,147.00084114556014,258161
0.12549019607843137,0.23529411764705882,0.1607843137254902,518.0029640367358,99098
0.13725490196078433,0.23921568627450981,0.1568627450980392,997.0057049124046,168683
0.12549019607843137,0.24313725490196078,0.1568627450980392,219.00125313522227,37679
0.13333333333333333,0.24313725490196078,0.1607843137254902,258.00147629628924,6804
0.12941176470588237,0.23529411764705882,0.16862745098039217,372.00212861325423,109302
0.13725490196078433,0.23921568627450981,0.16470588235294117,615.0035190783639,161506
0.12941176470588237,0.24705882352941178,0.16470588235294117,607.0034733017347,3781
0.13725490196078433,0.24705882352941178,0.16470588235294117,596.0034103588697,6799
0.4392156862745098,0.4823529411764706,0.2549019607843137,120.00068664943686,255119
0.4666666666666667,0.47058823529411764,0.2549019607843137,275.0015735716261,194655
0.4392156862745098,0.48627450980392156,0.25882352941176473,179.00102425207663,243845
0.4666666666666667,0.4980392156862745,0.25882352941176473,189.00108147286304,231575
0.45098039215686275,0.47843137254901963,0.26666666666666666,88.00050354292036,6524
0.4588235294117647,0.47843137254901963,0.27450980392156865,41.00023460522426,35209
0.44313725490196076,0.4980392156862745,0.27450980392156865,93.00053215331356,265353
0.4627450980392157,0.48627450980392156,0.26666666666666666,57.00032615848251,205914
0.40784313725490196,0.3215686274509804,0.25882352941176473,190.00108719494168,558344
0.4235294117647059,0.3137254901960784,0.2627450980392157,91.00052070915628,164111
0.41568627450980394,0.33725490196078434,0.2549019607843137,162.00092697673975,581338
0.43137254901960786,0.32941176470588235,0.2627450980392157,208.00119019235723,795122
0.4196078431372549,0.3254901960784314,0.26666666666666666,45.00025749353882,386283
0.43529411764705883,0.3137254901960784,0.26666666666666666,47.0002689376961,926183
0.41568627450980394,0.32941176470588235,0.27058823529411763,125.00071525983006,787887
0.4235294117647059,0.33725490196078434,0.27450980392156865,165.00094414297567,458993
0.26666666666666666,0.3607843137254902,0.1568627450980392,483.00276376398335,848730
0.2784313725490196,0.3607843137254902,0.1568627450980392,785.0044918317328,781167
0.27058823529411763,0.3686274509803922,0.1607843137254902,487.0027866522979,385972
0.27450980392156865,0.37254901960784315,0.1607843137254902,686.0039253459473,833371
0.27058823529411763,0.3607843137254902,0.16470588235294117,293.00167656904165,720768
0.27450980392156865,0.3607843137254902,0.16862745098039217,812.0046463278561,638819
0.26666666666666666,0.3686274509803922,0.16862745098039217,218.00124741314363,366515
0.27450980392156865,0.3686274509803922,0.16470588235294117,355.00203133791734,756497
0.16862745098039217,0.09411764705882353,0.06666666666666667,150.00085831179607,909100
0.1843137254901961,0.10588235294117647,0.06274509803921569,137.00078392477374,894774
0.16470588235294117,0.10980392156862745,0.07058823529411765,32.000183106516495,805547
0.1803921568627451,0.11764705882352941,0.06666666666666667,134.00076675853782,798391
0.16862745098039217,0.10588235294117647,0.08627450980392157,141.0008068130883,919200
0.1843137254901961,0.09411764705882353,0.08235294117647059,126.0007209819087,922387
0.1607843137254902,0.12156862745098039,0.08627450980392157,171.0009784754475,677270
0.17647058823529413,0.10980392156862745,0.09019607843137255,132.00075531438054,924323
0.34901960784313724,0.3843137254901961,0.2,21.00012016365145,210958
0.34901960784313724,0.39215686274509803,0.19607843137254902,35.000200272752416,218186
0.34509803921568627,0.3843137254901961,0.20392156862745098,41.00023460522426,223233
0.3607843137254902,0.3764705882352941,0.20392156862745098,7.0000400545504835,706265
0.35294117647058826,0.4,0.21176470588235294,754.0043144472949,222234
0.3607843137254902,0.396078431372549,0.20784313725490197,163.0009326988184,221191
0.5607843137254902,0.45098039215686275,0.3254901960784314,165.00094414297567,60492
0.5764705882352941,0.44313725490196076,0.3215686274509804,14.000080109100967,888469
0.5686274509803921,0.4549019607843137,0.3215686274509804,159.00090981050383,742052
0.5764705882352941,0.4549019607843137,0.3215686274509804,25.000143051966013,764532
0.5725490196078431,0.45098039215686275,0.3333333333333333,113.00064659488638,39022
0.5882352941176471,0.44313725490196076,0.3411764705882353,6.000034332471843,914259
0.5686274509803921,0.4627450980392157,0.33725490196078434,406.00232316392805,9375
0.5803921568627451,0.4627450980392157,0.33725490196078434,123.00070381567278,58457
0.41568627450980394,0.45098039215686275,0.25882352941176473,36.000205994831056,23949
0.4235294117647059,0.44313725490196076,0.2627450980392157,5.000028610393202,381613
0.4117647058823529,0.4666666666666667,0.25098039215686274,53.00030327016795,265349
0.43137254901960786,0.4588235294117647,0.2627450980392157,74.00042343381939,31116
0.41568627450980394,0.4392156862745098,0.2784313725490196,286.00163651449117,515240
0.4235294117647059,0.44313725490196076,0.27450980392156865,268.00153351707564,531669
0.4196078431372549,0.4588235294117647,0.26666666666666666,197.00112724949219,33169
0.43529411764705883,0.4549019607843137,0.27450980392156865,89.000509264999,509147
0.8392156862745098,0.8745098039215686,0.8274509803921568,5.000028610393202,532157
0.8470588235294118,0.8862745098039215,0.8352941176470589,20.00011444157281,521937
0.8705882352941177,0.9098039215686274,0.8392156862745098,1.0000057220786405,555746
0.8156862745098039,0.8823529411764706,0.8666666666666667,95.00054359747084,814616
0.8509803921568627,0.8862745098039215,0.8705882352941177,125.00071525983006,103825
0.8549019607843137,0.9058823529411765,0.8666666666666667,5.000028610393202,841099
0.8235294117647058,0.8549019607843137,0.8745098039215686,103.00058937409997,817504
0.8313725490196079,0.8549019607843137,0.8784313725490196,140.00080109100966,811351
0.8156862745098039,0.8705882352941177,0.8823529411764706,77.00044060005531,859547
0.8313725490196079,0.8588235294117647,0.8784313725490196,627.0035877433075,824619
0.8235294117647058,0.8431372549019608,0.8901960784313725,5.000028610393202,865922
0.8196078431372549,0.8627450980392157,0.8901960784313725,19.00010871949417,872849
0.8352941176470589,0.8705882352941177,0.8901960784313725,31.000177384437855,870068
0.44313725490196076,0.21568627450980393,0.09019607843137255,31.000177384437855,820848
0.4392156862745098,0.2196078431372549,0.08627450980392157,43.00024604938154,859977
0.4823529411764706,0.23529411764705882,0.08235294117647059,26.000148774044654,842551
0.45098039215686275,0.21568627450980393,0.10980392156862745,2.000011444157281,851597
0.4392156862745098,0.24313725490196078,0.12156862745098039,100.00057220786405,874218
0.4823529411764706,0.24705882352941178,0.12156862745098039,48.000274659774746,869202
0.3333333333333333,0.3254901960784314,0.4588235294117647,30.000171662359215,858453
0.3568627450980392,0.32941176470588235,0.4392156862745098,25.000143051966013,940816
0.33725490196078434,0.3686274509803922,0.45098039215686275,59.00033760263979,875967
0.37254901960784315,0.36470588235294116,0.4588235294117647,62.00035476887571,936723
0.3215686274509804,0.32941176470588235,0.47058823529411764,10.000057220786404,856378
0.3215686274509804,0.3686274509803922,0.48627450980392156,25.000143051966013,862598
0.34901960784313724,0.36470588235294116,0.47843137254901963,36.000205994831056,855349
0.45098039215686275,0.27450980392156865,0.3137254901960784,12.000068664943687,950454
0.4392156862745098,0.2901960784313726,0.3333333333333333,116.0006637611223,937165
0.47843137254901963,0.3058823529411765,0.3411764705882353,92.00052643123492,958671
0.4470588235294118,0.30980392156862746,0.35294117647058826,16.000091553258248,935098
0.48627450980392156,0.30980392156862746,0.35294117647058826,10.000057220786404,960735
0.18823529411764706,0.27450980392156865,0.16862745098039217,628.0035934653862,262002
0.20784313725490197,0.2784313725490196,0.16862745098039217,14.000080109100967,329423
0.19607843137254902,0.2549019607843137,0.1803921568627451,4.000022888314562,510674
0.20392156862745098,0.2549019607843137,0.1843137254901961,4.000022888314562,496331
0.19607843137254902,0.2784313725490196,0.17254901960784313,322.0018425093222,350940
0.20392156862745098,0.2784313725490196,0.1843137254901961,8.000045776629124,490201
0.2,0.13725490196078433,0.12549019607843137,35.000200272752416,894423
0.20784313725490197,0.13333333333333333,0.13333333333333333,39.00022316106698,894434
0.18823529411764706,0.15294117647058825,0.12549019607843137,692.0039596784192,551274
0.20392156862745098,0.14901960784313725,0.13333333333333333,89.000509264999,642786
0.2,0.13725490196078433,0.1411764705882353,15.000085831179607,895463
0.21568627450980393,0.13725490196078433,0.1450980392156863,10.000057220786404,928504
0.19607843137254902,0.15294117647058825,0.1411764705882353,69.00039482342619,697928
0.20392156862745098,0.1450980392156863,0.14901960784313725,31.000177384437855,889277
0.17647058823529413,0.3176470588235294,0.19607843137254902,237.0013561326378,86844
0.1843137254901961,0.32941176470588235,0.2196078431372549,5.000028610393202,63270
0.6313725490196078,0.3843137254901961,0.20392156862745098,68.00038910134755,845476
0.6705882352941176,0.39215686274509803,0.19215686274509805,12.000068664943687,821910
0.6431372549019608,0.4117647058823529,0.21568627450980393,14.000080109100967,826973
0.6745098039215687,0.41568627450980394,0.19215686274509805,31.000177384437855,816744
0.6313725490196078,0.403921568627451,0.23137254901960785,24.000137329887373,862902
0.6627450980392157,0.4,0.23529411764705882,4.000022888314562,885607
0.6431372549019608,0.4117647058823529,0.23921568627450981,52.00029754808931,774904
0.6549019607843137,0.43529411764705883,0.24313725490196078,37.000211716909696,847471
0.6313725490196078,0.43137254901960786,0.4,221.00126457937955,960630
0.6627450980392157,0.43137254901960786,0.38823529411764707,3.0000171662359216,1006803
0.6235294117647059,0.42745098039215684,0.4235294117647059,17.000097275336888,932270
0.22745098039215686,0.2549019607843137,0.2901960784313726,176.0010070858407,195043
0.24705882352941178,0.25882352941176473,0.2823529411764706,137.00078392477374,336216
0.2235294117647059,0.27058823529411763,0.28627450980392155,36.000205994831056,627340
0.23921568627450981,0.26666666666666666,0.2823529411764706,141.0008068130883,376237
0.2235294117647059,0.2549019607843137,0.30196078431372547,133.00076103645918,144777
0.23921568627450981,0.25098039215686274,0.30980392156862746,90.00051498707764,287317
0.23137254901960785,0.26666666666666666,0.2980392156862745,107.00061226241453,343385
0.24313725490196078,0.26666666666666666,0.30196078431372547,141.0008068130883,483838
0.5294117647058824,0.4196078431372549,0.29411764705882354,91.00052070915628,54343
0.5450980392156862,0.40784313725490196,0.2901960784313726,13.000074387022327,701764
0.5372549019607843,0.42745098039215684,0.28627450980392155,51.00029182601067,757382
0.5529411764705883,0.4235294117647059,0.28627450980392155,24.000137329887373,770688
0.5294117647058824,0.4117647058823529,0.30196078431372547,264.0015106287611,738659
0.5450980392156862,0.4196078431372549,0.2980392156862745,12.000068664943687,684347
0.5411764705882353,0.43137254901960786,0.3058823529411765,339.0019397846591,59459
0.5450980392156862,0.43137254901960786,0.3058823529411765,158.0009040884252,57416
0.5607843137254902,0.34901960784313724,0.2901960784313726,197.00112724949219,956450
0.5764705882352941,0.3568627450980392,0.2823529411764706,48.000274659774746,1034243
0.5647058823529412,0.3607843137254902,0.29411764705882354,78.00044632213395,886799
0.5764705882352941,0.3686274509803922,0.29411764705882354,81.00046348836987,908383
0.5607843137254902,0.3568627450980392,0.3058823529411765,135.00077248061646,942129
0.5764705882352941,0.3568627450980392,0.30196078431372547,33.000188828595135,991304
0.5725490196078431,0.37254901960784315,0.30980392156862746,200.0011444157281,1038397
0.5764705882352941,0.3607843137254902,0.30980392156862746,180.00102997415527,1018190
0.6313725490196078,0.6235294117647059,0.6666666666666666,70.00040054550483,985602
0.6431372549019608,0.6235294117647059,0.6666666666666666,88.00050354292036,837695
0.6274509803921569,0.6431372549019608,0.6627450980392157,64.00036621303299,801283
0.6509803921568628,0.6392156862745098,0.6549019607843137,39.00022316106698,790588
0.6313725490196078,0.6235294117647059,0.6745098039215687,296.00169373527757,1045053
0.6392156862745098,0.6313725490196078,0.6745098039215687,218.00124741314363,1043020
0.6313725490196078,0.6392156862745098,0.6745098039215687,70.00040054550483,802885
0.6392156862745098,0.6392156862745098,0.6823529411764706,104.00059509617861,1045115
0.16862745098039217,0.19607843137254902,0.19215686274509805,25.000143051966013,889363
0.1843137254901961,0.19215686274509805,0.19215686274509805,264.0015106287611,396696
0.16862745098039217,0.20784313725490197,0.18823529411764706,2.000011444157281,370097
0.17647058823529413,0.21176470588235294,0.2,6.000034332471843,430680
0.16470588235294117,0.18823529411764706,0.20784313725490197,156.0008926442679,632430
0.1843137254901961,0.19215686274509805,0.20784313725490197,433.00247766005134,336140
0.16862745098039217,0.21176470588235294,0.21568627450980393,8.000045776629124,418391
0.17647058823529413,0.20784313725490197,0.20392156862745098,51.00029182601067,598586
0.3215686274509804,0.40784313725490196,0.19607843137254902,132.00075531438054,528177
0.33725490196078434,0.41568627450980394,0.18823529411764706,336.0019226184232,569192
0.3137254901960784,0.4235294117647059,0.18823529411764706,53.00030327016795,486191
0.3333333333333333,0.43137254901960786,0.18823529411764706,117.00066948320094,513864
0.3137254901960784,0.41568627450980394,0.20392156862745098,117.00066948320094,365469
0.33725490196078434,0.4117647058823529,0.20784313725490197,154.00088120011063,598856
0.3215686274509804,0.43137254901960786,0.21568627450980393,19.00010871949417,271989
0.3411764705882353,0.43137254901960786,0.20392156862745098,16.000091553258248,536375
0.7568627450980392,0.8117647058823529,0.8235294117647058,27.000154496123294,793145
0.7764705882352941,0.8117647058823529,0.8156862745098039,63.00036049095435,260673
0.7568627450980392,0.8313725490196079,0.8235294117647058,2.000011444157281,886229
0.7725490196078432,0.8313725490196079,0.8235294117647058,14.000080109100967,104857
0.7568627450980392,0.8196078431372549,0.8274509803921568,43.00024604938154,936958
0.7764705882352941,0.8117647058823529,0.8352941176470589,747.0042743927444,609407
0.7490196078431373,0.8352941176470589,0.8313725490196079,15.000085831179607,889618
0.7725490196078432,0.8313725490196079,0.8392156862745098,30.000171662359215,965561
0.5725490196078431,0.41568627450980394,0.40784313725490196,115.00065803904366,1019176
0.5764705882352941,0.4196078431372549,0.40784313725490196,120.00068664943686,983285
0.5725490196078431,0.43137254901960786,0.4196078431372549,61.00034904679707,902626
0.5882352941176471,0.42745098039215684,0.40784313725490196,412.0023574963999,1035665
0.5725490196078431,0.40784313725490196,0.43529411764705883,44.00025177146018,1018156
0.5882352941176471,0.41568627450980394,0.42745098039215684,36.000205994831056,926867
0.5607843137254902,0.43529411764705883,0.43529411764705883,25.000143051966013,868455
0.5843137254901961,0.43529411764705883,0.4235294117647059,121.0006923715155,1000801
0.19215686274509805,0.2549019607843137,0.3176470588235294,145.00082970140286,511538
0.20392156862745098,0.25882352941176473,0.3254901960784314,148.00084686763878,159172
0.19215686274509805,0.27450980392156865,0.3254901960784314,43.00024604938154,584301
0.20784313725490197,0.26666666666666666,0.3254901960784314,138.00078964685238,347640
0.18823529411764706,0.25882352941176473,0.3333333333333333,133.00076103645918,547413
0.21176470588235294,0.25098039215686274,0.3411764705882353,90.00051498707764,299614
0.2,0.27058823529411763,0.3411764705882353,89.000509264999,846362
0.20784313725490197,0.27058823529411763,0.32941176470588235,148.00084686763878,299536
0.2627450980392157,0.3843137254901961,0.26666666666666666,20.00011444157281,494302
0.30980392156862746,0.396078431372549,0.2549019607843137,69.00039482342619,617732
0.30196078431372547,0.4117647058823529,0.25098039215686274,101.0005779299427,161302
0.25882352941176473,0.396078431372549,0.2980392156862745,11.000062942865044,299648
0.30196078431372547,0.403921568627451,0.29411764705882354,16.000091553258248,547554
0.25882352941176473,0.4117647058823529,0.30196078431372547,4.000022888314562,498383
0.30980392156862746,0.40784313725490196,0.2901960784313726,11.000062942865044,517858
0.2627450980392157,0.2627450980392157,0.25098039215686274,156.0008926442679,360855
0.27058823529411763,0.25882352941176473,0.25098039215686274,108.00061798449318,623146
0.25882352941176473,0.26666666666666666,0.25882352941176473,77.00044060005531,535069
0.27450980392156865,0.26666666666666666,0.25882352941176473,119.00068092735822,548349
0.25098039215686274,0.2627450980392157,0.2784313725490196,169.00096703129023,339284
0.2784313725490196,0.2627450980392157,0.26666666666666666,53.00030327016795,359760
0.25882352941176473,0.27058823529411763,0.27450980392156865,130.00074387022326,613986
0.2784313725490196,0.2784313725490196,0.2784313725490196,119.00068092735822,265552
0.8470588235294118,0.8509803921568627,0.8470588235294118,291.00166512488437,858368
0.8627450980392157,0.8470588235294118,0.8470588235294118,88.00050354292036,869472
0.8509803921568627,0.8627450980392157,0.8549019607843137,75.00042915589803,830688
0.8588235294117647,0.8627450980392157,0.8549019607843137,63.00036049095435,853230
0.8470588235294118,0.8549019607843137,0.8588235294117647,70.00040054550483,839833
0.8666666666666667,0.8549019607843137,0.8627450980392157,23.00013160780873,894116
0.8470588235294118,0.8627450980392157,0.8627450980392157,186.00106430662711,104839
0.8588235294117647,0.8666666666666667,0.8666666666666667,134.00076675853782,828890
0.26666666666666666,0.25882352941176473,0.403921568627451,7.0000400545504835,856384
0.28627450980392155,0.27450980392156865,0.3764705882352941,4.000022888314562,856395
0.25098039215686274,0.30980392156862746,0.3764705882352941,142.00081253516694,618115
0.30980392156862746,0.2980392156862745,0.403921568627451,31.000177384437855,934680
0.25098039215686274,0.27450980392156865,0.43137254901960786,5.000028610393202,862656
0.25098039215686274,0.30196078431372547,0.40784313725490196,35.000200272752416,304678
0.28627450980392155,0.3058823529411765,0.4117647058823529,8.000045776629124,947085
0.4392156862745098,0.20784313725490197,0.20392156862745098,2.000011444157281,994495
0.44313725490196076,0.24705882352941178,0.21176470588235294,140.00080109100966,945385
0.4745098039215686,0.24313725490196078,0.18823529411764706,25.000143051966013,937065
0.44313725490196076,0.24705882352941178,0.23529411764705882,57.00032615848251,887920
0.47058823529411764,0.24705882352941178,0.2196078431372549,7.0000400545504835,1018097
0.5725490196078431,0.3764705882352941,0.34509803921568627,139.00079536893102,1033451
0.5882352941176471,0.3843137254901961,0.34901960784313724,84.0004806546058,952479
0.5647058823529412,0.39215686274509803,0.34509803921568627,72.00041198966211,917329
0.5882352941176471,0.396078431372549,0.34509803921568627,183.0010471403912,863244
0.5647058823529412,0.38823529411764707,0.3607843137254902,96.00054931954949,1023134
0.5843137254901961,0.38823529411764707,0.37254901960784315,38.00021743898834,888919
0.5647058823529412,0.39215686274509803,0.3686274509803922,162.00092697673975,1005809
0.5882352941176471,0.4,0.3686274509803922,149.00085258971743,954449
0.16470588235294117,0.23921568627450981,0.13725490196078433,3.0000171662359216,285394
0.17647058823529413,0.23529411764705882,0.13333333333333333,2.000011444157281,130535
0.1568627450980392,0.23137254901960785,0.14901960784313725,46.00026321561746,292596
0.17254901960784313,0.22745098039215686,0.1411764705882353,2.000011444157281,554731
0.1607843137254902,0.23921568627450981,0.14901960784313725,853.0048809330804,323307
0.17254901960784313,0.24705882352941178,0.14901960784313725,11.000062942865044,323289
0.5333333333333333,0.5411764705882353,0.38823529411764707,174.00099564168343,441533
0.5568627450980392,0.5294117647058824,0.3843137254901961,8.000045776629124,634597
0.5411764705882353,0.5450980392156862,0.38823529411764707,85.00048637668444,441549
0.5450980392156862,0.5490196078431373,0.3843137254901961,41.00023460522426,449746
0.5294117647058824,0.5411764705882353,0.39215686274509803,58.00033188056115,436388
0.5529411764705883,0.5333333333333333,0.403921568627451,4.000022888314562,513250
0.5333333333333333,0.5450980392156862,0.4,420.002403273029,443528
0.5529411764705883,0.5568627450980392,0.4,122.00069809359414,443597
0.16470588235294117,0.2,0.2627450980392157,119.00068092735822,508463
0.1803921568627451,0.2,0.25098039215686274,62.00035476887571,260517
0.1607843137254902,0.20392156862745098,0.25882352941176473,161.0009212546611,495140
0.1843137254901961,0.21176470588235294,0.2549019607843137,221.00126457937955,226743
0.16862745098039217,0.2,0.27450980392156865,43.00024604938154,435731
0.17254901960784313,0.19215686274509805,0.27058823529411763,27.000154496123294,340471
0.16470588235294117,0.20392156862745098,0.27058823529411763,146.0008354234815,244225
0.17254901960784313,0.21176470588235294,0.26666666666666666,132.00075531438054,390643
0.39215686274509803,0.18823529411764706,0.027450980392156862,17.000097275336888,761585
0.43529411764705883,0.21176470588235294,0.027450980392156862,34.000194550673775,769789
0.3803921568627451,0.19215686274509805,0.03137254901960784,44.00025177146018,742113
0.40784313725490196,0.18823529411764706,0.047058823529411764,122.00069809359414,823085
0.4235294117647059,0.2196078431372549,0.047058823529411764,9.000051498707764,749286
0.3176470588235294,0.23137254901960785,0.19607843137254902,34.000194550673775,605448
0.3411764705882353,0.2196078431372549,0.19607843137254902,97.00055504162813,936449
0.3137254901960784,0.24313725490196078,0.19607843137254902,405.0023174418494,507139
0.32941176470588235,0.24313725490196078,0.18823529411764706,188.0010757507844,780735
0.3176470588235294,0.23137254901960785,0.20784313725490197,14.000080109100967,409826
0.33725490196078434,0.23137254901960785,0.21176470588235294,43.00024604938154,893385
0.3215686274509804,0.24313725490196078,0.20784313725490197,85.00048637668444,251180
0.32941176470588235,0.24705882352941178,0.20392156862745098,38.00021743898834,652695
0.6627450980392157,0.5058823529411764,0.4745098039215686,161.0009212546611,969917
0.6784313725490196,0.5058823529411764,0.4823529411764706,70.00040054550483,886867
0.6627450980392157,0.5137254901960784,0.4823529411764706,129.00073814814462,1031395
0.6705882352941176,0.5215686274509804,0.4745098039215686,168.0009613092116,1042599
0.6627450980392157,0.5098039215686274,0.49411764705882355,51.00029182601067,887907
0.6823529411764706,0.5058823529411764,0.49019607843137253,14.000080109100967,888936
0.6588235294117647,0.5215686274509804,0.4980392156862745,170.00097275336887,989335
0.6745098039215687,0.5254901960784314,0.4980392156862745,141.0008068130883,1020996
0.2549019607843137,0.34509803921568627,0.1411764705882353,428.00244904965814,825200
0.25882352941176473,0.34509803921568627,0.1450980392156863,819.0046863824066,805755
0.25098039215686274,0.3568627450980392,0.1411764705882353,88.00050354292036,572409
0.25882352941176473,0.35294117647058826,0.1450980392156863,196.00112152741355,819046
0.2549019607843137,0.34509803921568627,0.14901960784313725,234.00133896640187,853875
0.25882352941176473,0.34509803921568627,0.15294117647058825,812.0046463278561,589734
0.25098039215686274,0.35294117647058826,0.15294117647058825,224.00128174561547,345087
0.2627450980392157,0.3568627450980392,0.14901960784313725,812.0046463278561,570314
0.09803921568627451,0.07450980392156863,0.10196078431372549,32.000183106516495,861580
0.11372549019607843,0.07058823529411765,0.10588235294117647,12.000068664943687,862613
0.09411764705882353,0.09019607843137255,0.10588235294117647,662.00378801606,523721
0.11764705882352941,0.08235294117647059,0.09411764705882353,102.00058365202133,847201
0.10588235294117647,0.07450980392156863,0.10980392156862745,4.000022888314562,862611
0.12156862745098039,0.07450980392156863,0.10980392156862745,3.0000171662359216,869935
0.09803921568627451,0.09019607843137255,0.10980392156862745,57.00032615848251,301375
0.12156862745098039,0.08235294117647059,0.11764705882352941,30.000171662359215,857431
0.6235294117647059,0.5647058823529412,0.38823529411764707,39.00022316106698,143492
0.6274509803921569,0.5882352941176471,0.3803921568627451,225.0012874676941,177331
0.6235294117647059,0.5725490196078431,0.396078431372549,320.00183106516494,152717
0.6509803921568628,0.5607843137254902,0.4,9.000051498707764,766598
0.6313725490196078,0.5803921568627451,0.4,303.00173378982805,155790
0.596078431372549,0.38823529411764707,0.3254901960784314,165.00094414297567,932964
0.6078431372549019,0.38823529411764707,0.3176470588235294,23.00013160780873,937075
0.596078431372549,0.396078431372549,0.3215686274509804,98.00056076370677,897057
0.6196078431372549,0.39215686274509803,0.3215686274509804,107.00061226241453,975023
0.592156862745098,0.3803921568627451,0.32941176470588235,104.00059509617861,1006913
0.6196078431372549,0.3764705882352941,0.33725490196078434,11.000062942865044,948695
0.592156862745098,0.39215686274509803,0.3411764705882353,271.00155068331156,1022289
0.611764705882353,0.403921568627451,0.32941176470588235,116.0006637611223,1027315
