x0,x1,x2,weight,source_index
0.5647058823529412,0.47058823529411764,0.5098039215686274,812.0046463278561,1016221
0.7529411764705882,0.7372549019607844,0.7686274509803922,1104.006317174819,1028564
0.788235294117647,0.5254901960784314,0.23529411764705882,39.00022316106698,823960
0.7490196078431373,0.49019607843137253,0.23529411764705882,7.0000400545504835,819865
0.24313725490196078,0.3764705882352941,0.11764705882352941,4.000022888314562,452606
0.12156862745098039,0.25098039215686274,0.16470588235294117,17.000097275336888,42772
0.3843137254901961,0.37254901960784315,0.11764705882352941,44.00025177146018,896932
0.25882352941176473,0.3803921568627451,0.11764705882352941,343.00196267297366,483320
0.3764705882352941,0.3764705882352941,0.12156862745098039,4.000022888314562,905144
0.611764705882353,0.6274509803921569,0.3686274509803922,1.0000057220786405,907195
0.6274509803921569,0.6235294117647059,0.37254901960784315,8.000045776629124,875370
0.8784313725490196,0.8705882352941177,0.8745098039215686,2.000011444157281,888985
0.6235294117647059,0.37254901960784315,0.2549019607843137,4.000022888314562,972806
0.24705882352941178,0.5058823529411764,0.6431372549019608,2.000011444157281,925669
0.49019607843137253,0.6705882352941176,0.7647058823529411,13.000074387022327,909239
0.49019607843137253,0.5019607843137255,0.23529411764705882,1.0000057220786405,906169
0.1843137254901961,0.3137254901960784,0.16862745098039217,2385.0136471575574,145333
0.2549019607843137,0.12156862745098039,0.13725490196078433,25.000143051966013,910486
0.611764705882353,0.7529411764705882,0.8235294117647058,8.000045776629124,907185
0.7450980392156863,0.8627450980392157,0.8745098039215686,16.000091553258248,868836
0.7411764705882353,0.8823529411764706,0.8862745098039215,2.000011444157281,841088
0.5725490196078431,0.611764705882353,0.7490196078431373,2.000011444157281,902986
0.2549019607843137,0.3058823529411765,0.1843137254901961,129.00073814814462,642811
0.3137254901960784,0.36470588235294116,0.1843137254901961,156.0008926442679,240693
0.30980392156862746,0.4392156862745098,0.1803921568627451,110.00062942865046,427845
0.30980392156862746,0.4470588235294118,0.19607843137254902,91.00052070915628,414527
0.8117647058823529,0.807843137254902,0.8196078431372549,156.0008926442679,915705
0.11372549019607843,0.2549019607843137,0.2627450980392157,17.000097275336888,123346
0.24705882352941178,0.3764705882352941,0.25098039215686274,18.000102997415528,170635
0.10196078431372549,0.27450980392156865,0.4196078431372549,6.000034332471843,153885
0.4980392156862745,0.6235294117647059,0.6039215686274509,6.000034332471843,855388
0.37254901960784315,0.5098039215686274,0.39215686274509803,12.000068664943687,300673
0.054901960784313725,0.06274509803921569,0.058823529411764705,2.000011444157281,836006
0.25882352941176473,0.3568627450980392,0.5019607843137255,37.000211716909696,289252
0.3764705882352941,0.37254901960784315,0.5098039215686274,2.000011444157281,895539
0.34901960784313724,0.49019607843137253,0.6431372549019608,24.000137329887373,172338
0.40784313725490196,0.48627450980392156,0.6392156862745098,16.000091553258248,855330
0.12549019607843137,0.11372549019607843,0.29411764705882354,4.000022888314562,954271
0.10980392156862745,0.1803921568627451,0.3803921568627451,20.00011444157281,980970
0.7058823529411765,0.5607843137254902,0.4,80.00045776629123,811610
0.6823529411764706,0.7490196078431373,0.7686274509803922,211.00120735859315,204289
0.6823529411764706,0.8117647058823529,0.807843137254902,2.000011444157281,152046
0.7019607843137254,0.8196078431372549,0.796078431372549,21.00012016365145,836937
0.6274509803921569,0.7607843137254902,0.8235294117647058,72.00041198966211,879465
0.6823529411764706,0.8274509803921568,0.8705882352941177,2.000011444157281,870898
0.7019607843137254,0.8196078431372549,0.8156862745098039,119.00068092735822,869886
0.2980392156862745,0.1843137254901961,0.2,135.00077248061646,909694
0.3411764705882353,0.17647058823529413,0.18823529411764706,70.00040054550483,943249
0.8784313725490196,0.7372549019607844,0.7058823529411765,10.000057220786404,892028
0.6666666666666666,0.6784313725490196,0.7490196078431373,23.00013160780873,786458
0.6941176470588235,0.6470588235294118,0.7529411764705882,1.0000057220786405,901963
0.6823529411764706,0.7372549019607844,0.8274509803921568,27.000154496123294,865819
0.6941176470588235,0.7450980392156863,0.8196078431372549,7.0000400545504835,859453
0.5725490196078431,0.4392156862745098,0.30980392156862746,202.0011558598854,779897
0.5529411764705883,0.5607843137254902,0.3058823529411765,18.000102997415528,210093
0.5882352941176471,0.5686274509803921,0.3058823529411765,24.000137329887373,790300
0.12549019607843137,0.058823529411764705,0.03137254901960784,52.00029754808931,845490
0.2235294117647059,0.054901960784313725,0.058823529411764705,1.0000057220786405,1005684
0.1411764705882353,0.050980392156862744,0.0784313725490196,8.000045776629124,877107
0.15294117647058825,0.2823529411764706,0.15294117647058825,277.0015850157834,106401
0.050980392156862744,0.13725490196078433,0.1843137254901961,1.0000057220786405,201110
0.058823529411764705,0.1411764705882353,0.18823529411764706,8.000045776629124,201112
0.058823529411764705,0.19607843137254902,0.23921568627450981,2.000011444157281,169480
0.10980392156862745,0.23921568627450981,0.22745098039215686,28.000160218201934,119244
0.5568627450980392,0.7019607843137254,0.6745098039215687,4.000022888314562,179735
0.6078431372549019,0.6862745098039216,0.6549019607843137,57.00032615848251,903086
0.5529411764705883,0.7254901960784313,0.7058823529411765,11.000062942865044,828700
0.5725490196078431,0.40784313725490196,0.4392156862745098,148.00084686763878,1017240
0.6313725490196078,0.3333333333333333,0.06274509803921569,5.000028610393202,791306
0.6313725490196078,0.3568627450980392,0.17254901960784313,44.00025177146018,853628
0.43529411764705883,0.3411764705882353,0.16862745098039217,10.000057220786404,711379
0.44313725490196076,0.3137254901960784,0.1803921568627451,21.00012016365145,751243
0.24313725490196078,0.12549019607843137,0.050980392156862744,156.0008926442679,878399
0.2196078431372549,0.24313725490196078,0.058823529411764705,1.0000057220786405,922599
0.16862745098039217,0.24313725490196078,0.09803921568627451,22.00012588573009,655352
0.23529411764705882,0.24705882352941178,0.06666666666666667,3.0000171662359216,930813
0.29411764705882354,0.32941176470588235,0.13725490196078433,101.0005779299427,869219
0.28627450980392155,0.37254901960784315,0.1450980392156863,449.0025692133096,540597
0.30980392156862746,0.3411764705882353,0.1568627450980392,34.000194550673775,734954
0.6313725490196078,0.5372549019607843,0.5607843137254902,132.00075531438054,969209
0.6980392156862745,0.5490196078431373,0.5607843137254902,3.0000171662359216,913531
0.396078431372549,0.5647058823529412,0.5568627450980392,6.000034332471843,118217
0.44313725490196076,0.5686274509803921,0.5372549019607843,73.00041771174075,513745
0.41568627450980394,0.5607843137254902,0.5647058823529412,73.00041771174075,102810
0.6078431372549019,0.5568627450980392,0.6274509803921569,17.000097275336888,894231
0.5215686274509804,0.5529411764705883,0.6901960784313725,1.0000057220786405,857420
0.5725490196078431,0.5529411764705883,0.6862745098039216,1.0000057220786405,902984
0.5215686274509804,0.611764705882353,0.6901960784313725,158.0009040884252,951290
0.5686274509803921,0.6039215686274509,0.6862745098039216,98.00056076370677,947998
0.43137254901960786,0.5019607843137255,0.30980392156862746,51.00029182601067,306304
0.4,0.5137254901960784,0.34509803921568627,74.00042343381939,472780
0.4980392156862745,0.5607843137254902,0.3686274509803922,1.0000057220786405,300189
0.5607843137254902,0.2980392156862745,0.25882352941176473,5.000028610393202,1018094
0.5215686274509804,0.3058823529411765,0.3176470588235294,13.000074387022327,962821
0.14901960784313725,0.1843137254901961,0.2549019607843137,216.00123596898635,346642
0.24705882352941178,0.17254901960784313,0.28627450980392155,24.000137329887373,932705
0.17254901960784313,0.15294117647058825,0.3333333333333333,9.000051498707764,950163
0.2235294117647059,0.1843137254901961,0.3333333333333333,7.0000400545504835,939895
0.21176470588235294,0.3137254901960784,0.15294117647058825,123.00070381567278,209905
0.21568627450980393,0.34901960784313724,0.17647058823529413,178.001018529998,155632
0.2784313725490196,0.4392156862745098,0.396078431372549,11.000062942865044,224832
0.36470588235294116,0.4392156862745098,0.4117647058823529,70.00040054550483,375217
0.30980392156862746,0.45098039215686275,0.4980392156862745,30.000171662359215,101763
0.17647058823529413,0.25882352941176473,0.2980392156862745,66.00037765719027,384497
0.17647058823529413,0.33725490196078434,0.30980392156862746,8.000045776629124,171534
0.23529411764705882,0.34901960784313724,0.25098039215686274,52.00029754808931,307846
0.1843137254901961,0.3176470588235294,0.3568627450980392,16.000091553258248,235000
0.24705882352941178,0.3137254901960784,0.37254901960784315,190.00108719494168,886261
0.7686274509803922,0.7490196078431373,0.615686274509804,8.000045776629124,219486
0.8823529411764706,0.7686274509803922,0.6078431372549019,1.0000057220786405,148720
0.8980392156862745,0.8235294117647058,0.7450980392156863,34.000194550673775,333285
0.7058823529411765,0.4980392156862745,0.4117647058823529,179.00102425207663,1020139
0.6431372549019608,0.43137254901960786,0.4392156862745098,1.0000057220786405,1042558
0.6941176470588235,0.49411764705882355,0.44313725490196076,33.000188828595135,968863
0.1843137254901961,0.21176470588235294,0.14901960784313725,8.000045776629124,541405
0.12549019607843137,0.21176470588235294,0.1568627450980392,63.00036049095435,76461
0.1843137254901961,0.18823529411764706,0.1843137254901961,65.00037193511163,498149
0.1607843137254902,0.24705882352941178,0.1607843137254902,860.0049209876308,99928
0.34901960784313724,0.2980392156862745,0.39215686274509803,85.00048637668444,928595
0.2627450980392157,0.3058823529411765,0.44313725490196076,12.000068664943687,143609
0.3137254901960784,0.30196078431372547,0.4588235294117647,1.0000057220786405,856382
0.7725490196078432,0.7647058823529411,0.8117647058823529,293.00167656904165,847978
0.7843137254901961,0.7764705882352941,0.8235294117647058,29.000165940280574,834719
0.7764705882352941,0.807843137254902,0.8431372549019608,118.00067520527958,736580
0.807843137254902,0.807843137254902,0.8509803921568627,87.00049782084172,868463
0.2784313725490196,0.40784313725490196,0.1411764705882353,3.0000171662359216,464879
0.30196078431372547,0.40784313725490196,0.15294117647058825,481.0027523198261,446351
0.2784313725490196,0.40784313725490196,0.17254901960784313,265.0015163508397,414569
0.09019607843137255,0.09411764705882353,0.0784313725490196,3.0000171662359216,687862
0.07058823529411765,0.09803921568627451,0.11764705882352941,885.0050640395968,168316
0.30980392156862746,0.4470588235294118,0.27058823529411763,1.0000057220786405,203315
0.26666666666666666,0.403921568627451,0.34901960784313724,41.00023460522426,104869
0.29411764705882354,0.4549019607843137,0.34509803921568627,12.000068664943687,191008
0.35294117647058826,0.4823529411764706,0.3254901960784314,79.0004520442126,677592
0.19215686274509805,0.27450980392156865,0.1450980392156863,172.00098419752615,212954
0.2235294117647059,0.27450980392156865,0.15294117647058825,5.000028610393202,612609
0.23529411764705882,0.2549019607843137,0.17254901960784313,51.00029182601067,596718
0.2196078431372549,0.30980392156862746,0.17254901960784313,533.0030498679154,245712
0.3843137254901961,0.39215686274509803,0.17254901960784313,64.00036621303299,752377
0.4470588235294118,0.4196078431372549,0.1450980392156863,4.000022888314562,900011
0.43137254901960786,0.4392156862745098,0.16862745098039217,1.0000057220786405,875372
0.45098039215686275,0.4392156862745098,0.15294117647058825,20.00011444157281,889745
0.4549019607843137,0.39215686274509803,0.24705882352941178,88.00050354292036,83974
0.21568627450980393,0.34509803921568627,0.20784313725490197,196.00112152741355,202401
0.21176470588235294,0.3215686274509804,0.2196078431372549,84.0004806546058,162425
0.24705882352941178,0.3137254901960784,0.22745098039215686,550.0031471432522,563945
0.2,0.34901960784313724,0.2235294117647059,4.000022888314562,87858
0.45098039215686275,0.41568627450980394,0.5019607843137255,169.00096703129023,972471
0.3764705882352941,0.43137254901960786,0.5686274509803921,9.000051498707764,838176
0.27450980392156865,0.43137254901960786,0.5686274509803921,35.000200272752416,450083
0.35294117647058826,0.403921568627451,0.5647058823529412,16.000091553258248,859482
0.2980392156862745,0.4470588235294118,0.6039215686274509,100.00057220786405,160028
0.35294117647058826,0.18823529411764706,0.03137254901960784,3.0000171662359216,735966
0.2901960784313726,0.20392156862745098,0.11372549019607843,153.000875478032,718505
0.6784313725490196,0.7019607843137254,0.5529411764705883,11.000062942865044,885634
0.6901960784313725,0.7098039215686275,0.5294117647058824,19.00010871949417,890768
0.6784313725490196,0.7019607843137254,0.592156862745098,125.00071525983006,614661
0.1803921568627451,0.3176470588235294,0.403921568627451,15.000085831179607,235037
0.1607843137254902,0.2901960784313726,0.4588235294117647,58.00033188056115,175411
0.19607843137254902,0.2901960784313726,0.4470588235294118,79.0004520442126,149784
0.17254901960784313,0.3176470588235294,0.4627450980392157,15.000085831179607,528014
0.2823529411764706,0.3411764705882353,0.2,134.00076675853782,615197
0.30980392156862746,0.3137254901960784,0.24705882352941178,74.00042343381939,418080
0.30196078431372547,0.36470588235294116,0.2235294117647059,795.0045490525192,387773
0.7764705882352941,0.8431372549019608,0.8313725490196079,24.000137329887373,963521
0.803921568627451,0.8470588235294118,0.8313725490196079,82.00046921044851,975844
0.7686274509803922,0.8392156862745098,0.8431372549019608,318.00181962100766,430658
0.7607843137254902,0.8666666666666667,0.8666666666666667,60.00034332471843,704211
0.788235294117647,0.8431372549019608,0.8705882352941177,279.0015964599407,843017
0.7098039215686275,0.7607843137254902,0.7490196078431373,472.0027008211183,308867
0.7098039215686275,0.792156862745098,0.7490196078431373,10.000057220786404,861621
0.7254901960784313,0.7803921568627451,0.7764705882352941,66.00037765719027,513695
0.6980392156862745,0.792156862745098,0.807843137254902,48.000274659774746,942981
0.7450980392156863,0.7803921568627451,0.803921568627451,718.0041084524638,676089
0.14901960784313725,0.1568627450980392,0.14901960784313725,43.00024604938154,611034
0.16862745098039217,0.13725490196078433,0.1568627450980392,411.00235177432126,899609
0.6431372549019608,0.592156862745098,0.4627450980392157,796.0045547745979,128283
0.6431372549019608,0.5764705882352941,0.48627450980392156,306.001750956064,248098
0.6431372549019608,0.6,0.48627450980392156,230.0013160780873,634129
0.8313725490196079,0.6823529411764706,0.6274509803921569,36.000205994831056,1003743
0.8274509803921568,0.7058823529411765,0.6549019607843137,166.0009498650543,1030233
0.7490196078431373,0.6784313725490196,0.6901960784313725,41.00023460522426,932091
0.8156862745098039,0.7294117647058823,0.7019607843137254,117.00066948320094,951566
0.0392156862745098,0.0392156862745098,0.1411764705882353,4.000022888314562,864698
0.06274509803921569,0.058823529411764705,0.13333333333333333,6.000034332471843,861632
0.050980392156862744,0.08627450980392157,0.14901960784313725,98.00056076370677,870937
0.03137254901960784,0.043137254901960784,0.24313725490196078,25.000143051966013,952218
0.027450980392156862,0.08627450980392157,0.21568627450980393,12.000068664943687,870859
0.11764705882352941,0.11372549019607843,0.24313725490196078,35.000200272752416,863491
0.7215686274509804,0.7098039215686275,0.7490196078431373,320.00183106516494,1015287
0.6901960784313725,0.7137254901960784,0.796078431372549,3.0000171662359216,870964
0.2784313725490196,0.40784313725490196,0.19215686274509805,54.00030899224659,381771
0.29411764705882354,0.4235294117647059,0.19607843137254902,760.0043487797667,384837
0.2784313725490196,0.40784313725490196,0.2235294117647059,13.000074387022327,246410
0.43529411764705883,0.5058823529411764,0.4117647058823529,76.00043487797667,265472
0.43529411764705883,0.5607843137254902,0.39215686274509803,1.0000057220786405,709339
0.49411764705882355,0.5607843137254902,0.4,25.000143051966013,621831
0.403921568627451,0.5411764705882353,0.4549019607843137,68.00038910134755,227907
0.42745098039215684,0.5607843137254902,0.4588235294117647,2.000011444157281,298624
0.49019607843137253,0.6,0.49019607843137253,41.00023460522426,180768
0.3764705882352941,0.1843137254901961,0.1843137254901961,38.00021743898834,1025131
0.4627450980392157,0.22745098039215686,0.17254901960784313,160.00091553258247,942141
0.39215686274509803,0.17254901960784313,0.18823529411764706,3.0000171662359216,995522
0.23137254901960785,0.14901960784313725,0.12549019607843137,272.0015564053902,803193
0.19215686274509805,0.1450980392156863,0.16470588235294117,51.00029182601067,190795
0.2235294117647059,0.1450980392156863,0.16470588235294117,40.00022888314562,933625
0.2196078431372549,0.1803921568627451,0.17254901960784313,636.0036392420153,414032
0.1450980392156863,0.08235294117647059,0.06666666666666667,745.0042629485871,915192
0.17254901960784313,0.09019607843137255,0.07450980392156863,250.00143051966012,919320
0.15294117647058825,0.09019607843137255,0.10196078431372549,54.00030899224659,893406
0.17647058823529413,0.07450980392156863,0.09411764705882353,11.000062942865044,922806
0.1568627450980392,0.11764705882352941,0.09803921568627451,661.0037822939813,630141
0.09019607843137255,0.18823529411764706,0.13725490196078433,1.0000057220786405,103082
0.07058823529411765,0.18823529411764706,0.1843137254901961,3.0000171662359216,124374
0.10588235294117647,0.21568627450980393,0.1568627450980392,602.0034446913415,67313
0.41568627450980394,0.5529411764705883,0.6274509803921569,183.0010471403912,550550
0.4117647058823529,0.5647058823529412,0.6313725490196078,166.0009498650543,544392
0.4980392156862745,0.5568627450980392,0.6941176470588235,3.0000171662359216,860507
0.39215686274509803,0.592156862745098,0.7098039215686275,55.00031471432523,169257
0.4745098039215686,0.6,0.6941176470588235,47.0002689376961,297455
0.403921568627451,0.47058823529411764,0.2627450980392157,119.00068092735822,286841
0.43137254901960786,0.4823529411764706,0.25882352941176473,689.0039425121832,257156
0.403921568627451,0.4745098039215686,0.29411764705882354,85.00048637668444,313442
0.6078431372549019,0.7490196078431373,0.6901960784313725,1.0000057220786405,828702
0.6509803921568628,0.6862745098039216,0.6980392156862745,571.0032673069037,299432
0.6823529411764706,0.7058823529411765,0.6941176470588235,663.0037937381386,417362
0.6509803921568628,0.7294117647058823,0.6862745098039216,20.00011444157281,140777
0.6666666666666666,0.7333333333333333,0.6980392156862745,117.00066948320094,288377
0.6431372549019608,0.7294117647058823,0.7176470588235294,85.00048637668444,570052
0.6549019607843137,0.7254901960784313,0.7294117647058823,537.0030727562299,583323
0.796078431372549,0.8823529411764706,0.8901960784313725,74.00042343381939,102804
0.8627450980392157,0.9372549019607843,0.9176470588235294,7.0000400545504835,135648
0.8470588235294118,0.9176470588235294,0.9411764705882353,4.000022888314562,257629
0.8313725490196079,0.9607843137254902,0.9607843137254902,15.000085831179607,854364
0.7137254901960784,0.7725490196078432,0.8117647058823529,352.0020141716814,689182
0.7137254901960784,0.7803921568627451,0.8392156862745098,64.00036621303299,860480
0.7058823529411765,0.7686274509803922,0.8470588235294118,3.0000171662359216,859455
0.7137254901960784,0.796078431372549,0.8431372549019608,26.000148774044654,893835
0.7372549019607844,0.8,0.8431372549019608,58.00033188056115,864603
0.5803921568627451,0.30980392156862746,0.1568627450980392,52.00029754808931,872272
0.5019607843137255,0.3137254901960784,0.16862745098039217,117.00066948320094,732899
0.5803921568627451,0.32941176470588235,0.1607843137254902,208.00119019235723,846455
0.5725490196078431,0.30196078431372547,0.23137254901960785,18.000102997415528,1012956
0.06666666666666667,0.023529411764705882,0.0,38.00021743898834,833951
0.10980392156862745,0.027450980392156862,0.0196078431372549,4.000022888314562,852403
0.09411764705882353,0.050980392156862744,0.027450980392156862,693.0039654004978,783037
0.07058823529411765,0.027450980392156862,0.03529411764705882,4.000022888314562,616152
0.10980392156862745,0.011764705882352941,0.047058823529411764,3.0000171662359216,832768
0.803921568627451,0.7764705882352941,0.7647058823529411,539.0030842003872,880945
0.7647058823529411,0.7803921568627451,0.7764705882352941,255.00145913005332,875913
0.7803921568627451,0.7843137254901961,0.7568627450980392,283.00161934825525,552657
0.7843137254901961,0.7686274509803922,0.7843137254901961,376.0021515015688,930093
0.6705882352941176,0.6470588235294118,0.6901960784313725,563.0032215302746,833595
0.6274509803921569,0.6509803921568628,0.7215686274509804,6.000034332471843,795183
0.6588235294117647,0.6509803921568628,0.7372549019607844,1.0000057220786405,815656
0.6235294117647059,0.43137254901960786,0.3058823529411765,158.0009040884252,848694
0.6470588235294118,0.4470588235294118,0.28627450980392155,145.00082970140286,898899
0.7254901960784313,0.48627450980392156,0.2823529411764706,69.00039482342619,833174
0.6941176470588235,0.49411764705882355,0.36470588235294116,18.000102997415528,883538
0.29411764705882354,0.21176470588235294,0.1450980392156863,582.0033302497687,740793
0.27450980392156865,0.22745098039215686,0.14901960784313725,5.000028610393202,616162
0.2980392156862745,0.2196078431372549,0.15294117647058825,16.000091553258248,766413
0.2784313725490196,0.2196078431372549,0.17254901960784313,612.003501912128,755253
0.7058823529411765,0.7137254901960784,0.6980392156862745,586.0033531380833,433807
0.7372549019607844,0.6941176470588235,0.7019607843137254,858.0049095434736,926996
0.7019607843137254,0.7411764705882353,0.7137254901960784,363.00207711454647,642318
0.7215686274509804,0.7254901960784313,0.7098039215686275,401.00229455353485,912955
0.7215686274509804,0.7333333333333333,0.7254901960784313,685.0039196238687,116139
0.9529411764705882,0.9098039215686274,0.8745098039215686,1.0000057220786405,1006716
0.9137254901960784,0.9372549019607843,0.9176470588235294,122.00069809359414,782726
0.9529411764705882,0.9450980392156862,0.8784313725490196,20.00011444157281,194847
0.9058823529411765,0.9176470588235294,0.9372549019607843,8.000045776629124,814633
0.9333333333333333,0.9529411764705882,0.9411764705882353,44.00025177146018,279802
0.9490196078431372,0.984313725490196,0.9568627450980393,9.000051498707764,127453
0.611764705882353,0.5764705882352941,0.4392156862745098,175.00100136376207,129325
0.611764705882353,0.611764705882353,0.44313725490196076,790.004520442126,215271
0.5725490196078431,0.5647058823529412,0.47058823529411764,209.00119591443587,685725
0.596078431372549,0.5686274509803921,0.49411764705882355,187.00107002870575,797214
0.596078431372549,0.611764705882353,0.4745098039215686,781.0044689434183,238856
0.5607843137254902,0.6823529411764706,0.7058823529411765,497.0028438730843,300419
0.5607843137254902,0.6470588235294118,0.7215686274509804,39.00022316106698,930643
0.6196078431372549,0.6509803921568628,0.7176470588235294,33.000188828595135,964948
0.5764705882352941,0.6784313725490196,0.7215686274509804,125.00071525983006,237095
0.4392156862745098,0.4588235294117647,0.3176470588235294,358.00204850415327,499808
0.48627450980392156,0.4470588235294118,0.3411764705882353,94.0005378753922,514763
0.4745098039215686,0.4980392156862745,0.33725490196078434,894.0051155383046,482470
0.4588235294117647,0.4549019607843137,0.37254901960784315,83.00047493252715,678558
0.48627450980392156,0.4588235294117647,0.36470588235294116,185.00105858454847,365790
0.49411764705882355,0.4745098039215686,0.36470588235294116,639.0036564082512,353502
0.8431372549019608,0.8274509803921568,0.8352941176470589,216.00123596898635,913604
0.8392156862745098,0.8431372549019608,0.8392156862745098,202.0011558598854,896152
0.8588235294117647,0.8431372549019608,0.8274509803921568,169.00096703129023,363761
0.8470588235294118,0.8313725490196079,0.8470588235294118,67.00038337926891,866493
0.7803921568627451,0.807843137254902,0.8823529411764706,1.0000057220786405,827940
0.807843137254902,0.8705882352941177,0.8823529411764706,107.00061226241453,872859
0.21568627450980393,0.2196078431372549,0.21176470588235294,99.00056648578541,461271
0.23529411764705882,0.2235294117647059,0.20784313725490197,660.0037765719027,644717
0.22745098039215686,0.21176470588235294,0.23137254901960785,182.00104141831255,260493
0.21176470588235294,0.23137254901960785,0.22745098039215686,773.0044231667891,817528
0.12941176470588237,0.12549019607843137,0.0784313725490196,2.000011444157281,678623
0.16470588235294117,0.12549019607843137,0.09019607843137255,102.00058365202133,732620
0.14901960784313725,0.16862745098039217,0.10980392156862745,1.0000057220786405,677596
0.1803921568627451,0.1568627450980392,0.12156862745098039,11.000062942865044,686658
0.803921568627451,0.7725490196078432,0.6666666666666666,154.00088120011063,146667
0.8352941176470589,0.8,0.6549019607843137,27.000154496123294,222560
0.8431372549019608,0.8235294117647058,0.6784313725490196,1.0000057220786405,229737
0.792156862745098,0.8117647058823529,0.7411764705882353,13.000074387022327,548572
0.8196078431372549,0.8235294117647058,0.7294117647058823,37.000211716909696,209242
0.5019607843137255,0.5176470588235295,0.3803921568627451,538.0030784783086,433285
0.5490196078431373,0.5137254901960784,0.39215686274509803,99.00056648578541,537838
0.5215686274509804,0.5215686274509804,0.43137254901960786,76.00043487797667,678561
0.5568627450980392,0.5215686274509804,0.4235294117647059,174.00099564168343,435420
0.5294117647058824,0.5490196078431373,0.4117647058823529,859.0049152655522,436344
0.3176470588235294,0.403921568627451,0.14901960784313725,128.00073242606598,494484
0.3568627450980392,0.3803921568627451,0.1450980392156863,2.000011444157281,878455
0.3176470588235294,0.40784313725490196,0.15294117647058825,498.00284959516296,496535
0.36470588235294116,0.3803921568627451,0.17254901960784313,14.000080109100967,703226
0.34509803921568627,0.43137254901960786,0.17254901960784313,132.00075531438054,496510
0.44313725490196076,0.5019607843137255,0.3333333333333333,760.0043487797667,333938
0.49019607843137253,0.5019607843137255,0.32941176470588235,625.0035762991503,486611
0.4588235294117647,0.5294117647058824,0.3333333333333333,31.000177384437855,298127
0.49019607843137253,0.5411764705882353,0.3254901960784314,414.0023689405572,273580
0.4666666666666667,0.5294117647058824,0.34901960784313724,44.00025177146018,312460
0.49411764705882355,0.5490196078431373,0.34509803921568627,604.0034561354988,283811
0.32941176470588235,0.30196078431372547,0.19607843137254902,163.0009326988184,1055
0.35294117647058826,0.28627450980392155,0.21568627450980393,468.00267793280375,552215
0.33725490196078434,0.27058823529411763,0.2196078431372549,638.0036506861726,560481
0.3607843137254902,0.27058823529411763,0.2196078431372549,487.0027866522979,593165
0.3411764705882353,0.29411764705882354,0.24313725490196078,503.00287820555616,703060
0.6274509803921569,0.5411764705882353,0.6549019607843137,2.000011444157281,902983
0.6941176470588235,0.6196078431372549,0.6313725490196078,107.00061226241453,955684
0.6235294117647059,0.6078431372549019,0.6862745098039216,5.000028610393202,812585
0.6980392156862745,0.6078431372549019,0.6980392156862745,1.0000057220786405,901962
0.5529411764705883,0.6235294117647059,0.5450980392156862,18.000102997415528,595106
0.615686274509804,0.6901960784313725,0.5568627450980392,4.000022888314562,716552
0.5411764705882353,0.6549019607843137,0.592156862745098,59.00033760263979,212534
0.5607843137254902,0.6862745098039216,0.5647058823529412,13.000074387022327,708315
0.6313725490196078,0.7019607843137254,0.7568627450980392,739.0042286161153,861519
0.6509803921568628,0.7176470588235294,0.7686274509803922,236.00135041055916,591993
0.6509803921568628,0.7137254901960784,0.7803921568627451,19.00010871949417,947140
0.6588235294117647,0.7058823529411765,0.792156862745098,8.000045776629124,866745
0.6392156862745098,0.7294117647058823,0.792156862745098,48.000274659774746,905045
0.6745098039215687,0.7450980392156863,0.792156862745098,694.0039711225764,555027
0.396078431372549,0.1843137254901961,0.054901960784313725,166.0009498650543,809582
0.3843137254901961,0.1843137254901961,0.06666666666666667,46.00026321561746,832132
0.5725490196078431,0.5215686274509804,0.3215686274509804,867.0049610421813,144454
0.592156862745098,0.5215686274509804,0.33725490196078434,32.000183106516495,130142
0.592156862745098,0.5411764705882353,0.3411764705882353,227.0012989118514,145490
0.5882352941176471,0.5176470588235295,0.3568627450980392,270.0015449612329,106586
0.592156862745098,0.5137254901960784,0.35294117647058826,684.00391390179,107579
0.5647058823529412,0.5411764705882353,0.34901960784313724,729.0041713953289,70005
0.6549019607843137,0.5607843137254902,0.4,13.000074387022327,659784
0.6352941176470588,0.592156862745098,0.403921568627451,346.0019798392096,163993
0.6784313725490196,0.592156862745098,0.4,3.0000171662359216,893703
0.6549019607843137,0.5607843137254902,0.4117647058823529,102.00058365202133,680275
0.6549019607843137,0.6039215686274509,0.43529411764705883,19.00010871949417,152751
0.21568627450980393,0.25098039215686274,0.0784313725490196,1.0000057220786405,927733
0.24313725490196078,0.2627450980392157,0.08627450980392157,7.0000400545504835,913360
0.19607843137254902,0.3058823529411765,0.08627450980392157,4.000022888314562,448486
0.18823529411764706,0.27450980392156865,0.11764705882352941,830.0047493252716,687088
0.2235294117647059,0.27058823529411763,0.10588235294117647,22.00012588573009,928762
0.28627450980392155,0.3058823529411765,0.12156862745098039,109.00062370657182,717574
0.3137254901960784,0.3058823529411765,0.0784313725490196,3.0000171662359216,924651
0.3607843137254902,0.3607843137254902,0.12156862745098039,74.00042343381939,908223
0.8392156862745098,0.6235294117647059,0.36470588235294116,1.0000057220786405,841376
0.5764705882352941,0.5098039215686274,0.39215686274509803,196.00112152741355,697001
0.5803921568627451,0.5372549019607843,0.3764705882352941,50.00028610393203,104785
0.5803921568627451,0.5176470588235295,0.43529411764705883,241.00137902095236,532717
0.6196078431372549,0.5254901960784314,0.41568627450980394,771.0044117226319,14532
0.5647058823529412,0.5372549019607843,0.43137254901960786,159.00090981050383,687780
0.6196078431372549,0.5294117647058824,0.40784313725490196,667.0038166264532,66682
0.7686274509803922,0.7843137254901961,0.8156862745098039,869.0049724863386,912694
0.7607843137254902,0.796078431372549,0.8196078431372549,1397.0079937438607,669911
0.7490196078431373,0.792156862745098,0.8313725490196079,503.00287820555616,677916
0.7686274509803922,0.792156862745098,0.8274509803921568,102.00058365202133,870585
0.7568627450980392,0.796078431372549,0.8274509803921568,2137.0122280820547,690253
0.4666666666666667,0.4627450980392157,0.25098039215686274,488.00279237437655,1391
0.47843137254901963,0.4549019607843137,0.2549019607843137,317.001813898929,159747
0.4549019607843137,0.4666666666666667,0.29411764705882354,765.0043773901599,508110
0.49411764705882355,0.4392156862745098,0.3058823529411765,10.000057220786404,582365
0.4980392156862745,0.49411764705882355,0.3058823529411765,320.00183106516494,84352
0.38823529411764707,0.2980392156862745,0.3764705882352941,20.00011444157281,943860
0.4823529411764706,0.30196078431372547,0.40784313725490196,1.0000057220786405,928564
0.38823529411764707,0.36470588235294116,0.4588235294117647,216.00123596898635,946917
0.49019607843137253,0.3686274509803922,0.4392156862745098,32.000183106516495,1028535
0.6352941176470588,0.6392156862745098,0.6235294117647059,478.00273515359015,109911
0.6549019607843137,0.6235294117647059,0.6470588235294118,446.00255204707366,828553
0.6509803921568628,0.6588235294117647,0.6235294117647059,373.00213433533287,344288
0.6705882352941176,0.6666666666666666,0.6431372549019608,460.0026321561746,398985
0.6431372549019608,0.6745098039215687,0.6705882352941176,541.0030956445445,876934
0.6666666666666666,0.6745098039215687,0.6784313725490196,554.0031700315668,283240
0.12941176470588237,0.13725490196078433,0.18823529411764706,335.00191689634454,305513
0.1803921568627451,0.14901960784313725,0.18823529411764706,47.0002689376961,896557
0.12941176470588237,0.14901960784313725,0.23137254901960785,25.000143051966013,296441
0.1607843137254902,0.15294117647058825,0.2196078431372549,10.000057220786404,291410
0.12549019607843137,0.16470588235294117,0.23921568627450981,759.0043430576881,408069
0.1568627450980392,0.1843137254901961,0.23529411764705882,354.0020256158387,368190
0.396078431372549,0.25098039215686274,0.21568627450980393,404.0023117197708,924093
0.40784313725490196,0.25882352941176473,0.20784313725490197,150.00085831179607,940616
0.3803921568627451,0.30980392156862746,0.21568627450980393,602.0034446913415,16408
0.40784313725490196,0.2980392156862745,0.21568627450980393,232.0013275222446,708973
0.4235294117647059,0.27058823529411763,0.24705882352941178,430.0024604938154,982600
0.40784313725490196,0.2980392156862745,0.2196078431372549,600.0034332471843,694634
0.5098039215686274,0.5607843137254902,0.3764705882352941,389.00222588859117,305314
0.5490196078431373,0.5803921568627451,0.403921568627451,754.0043144472949,272585
0.5529411764705883,0.596078431372549,0.4,4.000022888314562,710402
0.5176470588235295,0.5647058823529412,0.41568627450980394,702.0040168992056,349320
0.5215686274509804,0.592156862745098,0.43529411764705883,1.0000057220786405,476875
0.5529411764705883,0.592156862745098,0.41568627450980394,77.00044060005531,279744
0.023529411764705882,0.023529411764705882,0.027450980392156862,312.0017852885358,211354
0.043137254901960784,0.023529411764705882,0.0196078431372549,460.0026321561746,829144
0.023529411764705882,0.027450980392156862,0.03137254901960784,437.0025005483659,217495
0.03137254901960784,0.027450980392156862,0.0392156862745098,78.00044632213395,212322
0.0196078431372549,0.03529411764705882,0.054901960784313725,104.00059509617861,224656
0.5176470588235295,0.5686274509803921,0.6470588235294118,782.0044746654969,975609
0.5333333333333333,0.5882352941176471,0.6509803921568628,472.0027008211183,1013447
0.5254901960784314,0.6039215686274509,0.6352941176470588,514.0029411484212,507537
0.5372549019607843,0.615686274509804,0.6352941176470588,581.0033245276901,274909
0.5058823529411764,0.5725490196078431,0.6549019607843137,216.00123596898635,962315
0.5450980392156862,0.5882352941176471,0.6549019607843137,157.00089836634655,1017533
0.5254901960784314,0.6039215686274509,0.6666666666666666,648.003707906959,952275
0.33725490196078434,0.18823529411764706,0.1450980392156863,616.0035248004425,952940
0.34509803921568627,0.19215686274509805,0.1450980392156863,300.00171662359213,948842
0.32941176470588235,0.2196078431372549,0.1411764705882353,99.00056648578541,760532
0.37254901960784315,0.22745098039215686,0.13333333333333333,171.0009784754475,884456
0.34901960784313724,0.20784313725490197,0.17647058823529413,692.0039596784192,946821
0.36470588235294116,0.2235294117647059,0.17647058823529413,324.0018539534795,942667
0.4549019607843137,0.3333333333333333,0.2784313725490196,539.0030842003872,904611
0.4980392156862745,0.3215686274509804,0.27450980392156865,82.00046921044851,861223
0.4823529411764706,0.3568627450980392,0.2549019607843137,697.0039882888124,914251
0.4392156862745098,0.3215686274509804,0.2980392156862745,446.00255204707366,911830
0.47843137254901963,0.33725490196078434,0.30196078431372547,332.0018997301086,924184
0.4470588235294118,0.37254901960784315,0.2980392156862745,625.0035762991503,507167
0.49411764705882355,0.3686274509803922,0.3058823529411765,450.0025749353882,934379
0.5843137254901961,0.396078431372549,0.3411764705882353,788.0045089979687,968771
0.5764705882352941,0.4196078431372549,0.3411764705882353,36.000205994831056,934467
0.6196078431372549,0.40784313725490196,0.33725490196078434,256.00146485213196,929882
0.596078431372549,0.396078431372549,0.35294117647058826,438.00250627044454,930949
0.5647058823529412,0.43529411764705883,0.36470588235294116,239.00136757679508,902554
0.3254901960784314,0.403921568627451,0.25098039215686274,138.00078964685238,406205
0.3333333333333333,0.4235294117647059,0.2627450980392157,694.0039711225764,97743
0.3254901960784314,0.396078431372549,0.2823529411764706,18.000102997415528,695047
0.37254901960784315,0.3843137254901961,0.28627450980392155,31.000177384437855,587499
0.3215686274509804,0.40784313725490196,0.29411764705882354,26.000148774044654,520932
0.3607843137254902,0.43529411764705883,0.2901960784313726,97.00055504162813,251487
0.5725490196078431,0.5882352941176471,0.39215686274509803,444.0025406029164,227546
0.5647058823529412,0.6,0.4,103.00058937409997,252098
0.6196078431372549,0.596078431372549,0.403921568627451,290.0016594028057,191711
0.5803921568627451,0.5803921568627451,0.4235294117647059,544.0031128107804,367264
0.6196078431372549,0.5607843137254902,0.4117647058823529,288.00164795864845,94527
0.5725490196078431,0.6039215686274509,0.43529411764705883,569.0032558627464,269522
0.6039215686274509,0.6039215686274509,0.43529411764705883,893.005109816226,209149
0.21568627450980393,0.19215686274509805,0.15294117647058825,20.00011444157281,697868
0.23529411764705882,0.19215686274509805,0.15294117647058825,488.00279237437655,761391
0.21176470588235294,0.23529411764705882,0.15294117647058825,8.000045776629124,598767
0.2196078431372549,0.22745098039215686,0.1411764705882353,9.000051498707764,599791
0.21568627450980393,0.19215686274509805,0.1843137254901961,856.0048980993163,619050
0.19215686274509805,0.23921568627450981,0.1803921568627451,15.000085831179607,123355
0.22745098039215686,0.2196078431372549,0.17647058823529413,73.00041771174075,433502
0.2549019607843137,0.21568627450980393,0.19607843137254902,323.00184823140086,680465
0.30196078431372547,0.19607843137254902,0.18823529411764706,152.00086975595335,957084
0.27450980392156865,0.18823529411764706,0.2235294117647059,55.00031471432523,938747
0.30980392156862746,0.2,0.2196078431372549,64.00036621303299,926470
0.27058823529411763,0.24705882352941178,0.24705882352941178,671.0038395147677,392589
0.29411764705882354,0.24705882352941178,0.24705882352941178,181.0010356962339,327148
0.4,0.3843137254901961,0.25098039215686274,74.00042343381939,513249
0.4196078431372549,0.3803921568627451,0.26666666666666666,25.000143051966013,669382
0.41568627450980394,0.43529411764705883,0.2627450980392157,352.0020141716814,522451
0.3803921568627451,0.4,0.28627450980392155,44.00025177146018,588523
0.43529411764705883,0.38823529411764707,0.29411764705882354,180.00102997415527,713338
0.40784313725490196,0.43529411764705883,0.28627450980392155,102.00058365202133,508057
0.20392156862745098,0.2784313725490196,0.19607843137254902,23.00013160780873,168459
0.23921568627450981,0.2627450980392157,0.19215686274509805,28.000160218201934,573156
0.2235294117647059,0.3058823529411765,0.18823529411764706,544.0031128107804,361172
0.21568627450980393,0.25098039215686274,0.24705882352941178,11.000062942865044,350528
0.23921568627450981,0.25098039215686274,0.23529411764705882,114.00065231696502,449924
0.18823529411764706,0.3058823529411765,0.24313725490196078,11.000062942865044,151024
0.24313725490196078,0.30196078431372547,0.2196078431372549,53.00030327016795,559852
0.19215686274509805,0.12549019607843137,0.06666666666666667,355.00203133791734,805555
0.24705882352941178,0.13333333333333333,0.06274509803921569,555.0031757536455,853681
0.19215686274509805,0.1607843137254902,0.08627450980392157,2.000011444157281,683729
0.24313725490196078,0.1607843137254902,0.08627450980392157,40.00022888314562,779951
0.24705882352941178,0.1450980392156863,0.09411764705882353,515.0029468704998,885423
0.21568627450980393,0.16470588235294117,0.12156862745098039,452.0025863795455,743898
0.2235294117647059,0.1607843137254902,0.11372549019607843,719.0041141745425,712089
0.17647058823529413,0.2627450980392157,0.1607843137254902,1181.0067577748744,227214
0.1568627450980392,0.27450980392156865,0.1568627450980392,2265.0129605081206,56314
0.1803921568627451,0.2784313725490196,0.1568627450980392,2599.0148716823865,316218
0.1607843137254902,0.2627450980392157,0.1803921568627451,1386.0079308009956,117374
0.1803921568627451,0.2627450980392157,0.17254901960784313,74.00042343381939,242489
0.1568627450980392,0.26666666666666666,0.17647058823529413,3209.0183621503575,41553
0.17647058823529413,0.26666666666666666,0.17254901960784313,2346.0134239964905,253770
0.5607843137254902,0.38823529411764707,0.396078431372549,628.0035934653862,1042781
0.611764705882353,0.39215686274509803,0.3803921568627451,52.00029754808931,1006709
0.5686274509803921,0.4,0.41568627450980394,87.00049782084172,981538
0.6039215686274509,0.403921568627451,0.4117647058823529,9.000051498707764,920974
0.6078431372549019,0.43529411764705883,0.40784313725490196,380.00217438988335,1015037
0.2235294117647059,0.2627450980392157,0.3137254901960784,689.0039425121832,631417
0.20784313725490197,0.28627450980392155,0.3254901960784314,96.00054931954949,155100
0.2196078431372549,0.29411764705882354,0.33725490196078434,550.0031471432522,188890
0.21176470588235294,0.2627450980392157,0.35294117647058826,547.0031299770163,235999
0.23921568627450981,0.27058823529411763,0.34509803921568627,224.00128174561547,301666
0.21568627450980393,0.28627450980392155,0.36470588235294116,338.00193406258046,551508
0.2235294117647059,0.2980392156862745,0.3568627450980392,889.0050869279114,529999
0.20784313725490197,0.3137254901960784,0.08627450980392157,16.000091553258248,434175
0.23137254901960785,0.33725490196078434,0.09019607843137255,8.000045776629124,475135
0.21176470588235294,0.3215686274509804,0.10588235294117647,102.00058365202133,423903
0.33725490196078434,0.20784313725490197,0.19607843137254902,684.00391390179,933602
0.3607843137254902,0.21568627450980393,0.19215686274509805,350.00200272752414,966227
0.3333333333333333,0.21568627450980393,0.22745098039215686,99.00056648578541,947887
0.36470588235294116,0.2,0.2235294117647059,57.00032615848251,920756
0.3411764705882353,0.24705882352941178,0.23529411764705882,124.00070953775142,890302
0.37254901960784315,0.23529411764705882,0.2196078431372549,377.00215722364743,966165
0.4,0.44313725490196076,0.3137254901960784,61.00034904679707,497668
0.38823529411764707,0.47843137254901963,0.3215686274509804,26.000148774044654,195113
0.3764705882352941,0.4666666666666667,0.34509803921568627,13.000074387022327,518882
0.4235294117647059,0.4549019607843137,0.36470588235294116,28.000160218201934,393670
0.396078431372549,0.4980392156862745,0.37254901960784315,8.000045776629124,520931
0.4235294117647059,0.47058823529411764,0.35294117647058826,27.000154496123294,477895
0.5019607843137255,0.5058823529411764,0.27058823529411763,385.0022030002766,197744
0.5333333333333333,0.5058823529411764,0.2784313725490196,46.00026321561746,172136
0.5058823529411764,0.5294117647058824,0.27450980392156865,57.00032615848251,221355
0.5450980392156862,0.5411764705882353,0.25098039215686274,10.000057220786404,878451
0.5215686274509804,0.5098039215686274,0.2901960784313726,730.0041771174075,10600
0.5176470588235295,0.5294117647058824,0.2823529411764706,422.0024147171863,206989
0.5411764705882353,0.5450980392156862,0.2980392156862745,841.0048122681367,199816
0.615686274509804,0.45098039215686275,0.3137254901960784,38.00021743898834,792163
0.5803921568627451,0.47058823529411764,0.3411764705882353,799.0045719408338,35959
0.6196078431372549,0.4980392156862745,0.3254901960784314,108.00061798449318,873068
0.5803921568627451,0.4666666666666667,0.34901960784313724,285.0016307924125,26763
0.6196078431372549,0.4392156862745098,0.37254901960784315,35.000200272752416,951455
0.615686274509804,0.49411764705882355,0.34901960784313724,590.0033760263979,788068
0.6627450980392157,0.4666666666666667,0.403921568627451,262.0014991846038,914509
0.6352941176470588,0.47843137254901963,0.403921568627451,47.0002689376961,858155
0.6627450980392157,0.47058823529411764,0.403921568627451,337.0019283405018,1032445
0.6509803921568628,0.45098039215686275,0.42745098039215684,881.0050411512823,1000650
0.6666666666666666,0.4549019607843137,0.4117647058823529,63.00036049095435,939455
0.6392156862745098,0.4745098039215686,0.41568627450980394,553.0031643094882,996359
0.6588235294117647,0.48627450980392156,0.43529411764705883,709.004056953756,892995
0.6509803921568628,0.5058823529411764,0.45098039215686275,159.00090981050383,1041520
0.6627450980392157,0.5176470588235295,0.4666666666666667,510.00291826010664,1039434
0.6666666666666666,0.5568627450980392,0.4666666666666667,39.00022316106698,885345
0.6431372549019608,0.5058823529411764,0.49019607843137253,461.00263787825327,912502
0.6235294117647059,0.5411764705882353,0.47843137254901963,135.00077248061646,900521
0.6705882352941176,0.5294117647058824,0.4745098039215686,258.00147629628924,1014101
0.07058823529411765,0.09019607843137255,0.12549019607843137,84.0004806546058,299528
0.09411764705882353,0.08235294117647059,0.13333333333333333,22.00012588573009,898553
0.09019607843137255,0.11764705882352941,0.13725490196078433,559.00319864196,860693
0.0784313725490196,0.06666666666666667,0.16470588235294117,2.000011444157281,861633
0.12156862745098039,0.08627450980392157,0.17647058823529413,5.000028610393202,829702
0.06666666666666667,0.10588235294117647,0.16470588235294117,131.0007495923019,430620
0.10980392156862745,0.12156862745098039,0.1568627450980392,198.00113297157083,512514
0.45098039215686275,0.3803921568627451,0.26666666666666666,433.00247766005134,718485
0.4666666666666667,0.40784313725490196,0.2549019607843137,10.000057220786404,94216
0.49019607843137253,0.4117647058823529,0.2784313725490196,465.00266076656783,64537
0.4470588235294118,0.396078431372549,0.2980392156862745,415.0023746626358,704107
0.4823529411764706,0.3803921568627451,0.28627450980392155,885.0050640395968,655707
0.4549019607843137,0.42745098039215684,0.2980392156862745,53.00030327016795,615138
0.4745098039215686,0.40784313725490196,0.29411764705882354,198.00113297157083,723576
0.25882352941176473,0.34901960784313724,0.16470588235294117,2283.013063505536,671616
0.26666666666666666,0.35294117647058826,0.16470588235294117,2946.0168572436746,652189
0.25098039215686274,0.36470588235294116,0.1568627450980392,908.0051956474056,375776
0.25098039215686274,0.34901960784313724,0.17254901960784313,878.0050239850464,497436
0.2784313725490196,0.35294117647058826,0.1843137254901961,1508.0086288945897,699153
0.25098039215686274,0.3607843137254902,0.1803921568627451,615.0035190783639,359274
0.26666666666666666,0.36470588235294116,0.17254901960784313,1968.0112610507645,362423
0.1607843137254902,0.2901960784313726,0.1568627450980392,3465.0198270024894,93119
0.1843137254901961,0.2901960784313726,0.16470588235294117,1899.0108662273383,197531
0.1607843137254902,0.30196078431372547,0.16862745098039217,1901.0108776714956,79746
0.17647058823529413,0.2980392156862745,0.1607843137254902,2403.013750154973,84981
0.16862745098039217,0.2823529411764706,0.1803921568627451,1396.007988021782,171846
0.17647058823529413,0.28627450980392155,0.17647058823529413,2320.013275222446,31282
0.1607843137254902,0.2980392156862745,0.1843137254901961,842.0048179902153,70464
0.17254901960784313,0.30980392156862746,0.17647058823529413,884.0050583175182,142197
0.2980392156862745,0.2784313725490196,0.26666666666666666,399.0022831093776,508373
0.2784313725490196,0.2823529411764706,0.27058823529411763,109.00062370657182,385306
0.30196078431372547,0.29411764705882354,0.27058823529411763,433.00247766005134,428387
0.2627450980392157,0.27450980392156865,0.2980392156862745,584.003341693926,332380
0.29411764705882354,0.27058823529411763,0.2980392156862745,94.0005378753922,291141
0.2627450980392157,0.29411764705882354,0.3058823529411765,577.0033016393755,648839
0.2980392156862745,0.2901960784313726,0.30196078431372547,634.003627797858,280907
0.5882352941176471,0.6392156862745098,0.6509803921568628,313.00179101061445,247272
0.6078431372549019,0.6509803921568628,0.6470588235294118,486.0027809302193,460424
0.5686274509803921,0.6549019607843137,0.6470588235294118,10.000057220786404,182808
0.6,0.6627450980392157,0.6431372549019608,262.0014991846038,564301
0.615686274509804,0.6274509803921569,0.6784313725490196,855.0048923772376,828446
0.5882352941176471,0.6588235294117647,0.6588235294117647,152.00086975595335,394757
0.6196078431372549,0.6823529411764706,0.6627450980392157,474.0027122652756,542739
0.7490196078431373,0.6666666666666666,0.5411764705882353,79.0004520442126,706892
0.8117647058823529,0.6588235294117647,0.5098039215686274,9.000051498707764,851622
0.7803921568627451,0.7098039215686275,0.5176470588235295,7.0000400545504835,228708
0.8352941176470589,0.6862745098039216,0.5294117647058824,7.0000400545504835,848546
0.8156862745098039,0.6705882352941176,0.6196078431372549,62.00035476887571,997462
0.7529411764705882,0.7215686274509804,0.615686274509804,148.00084686763878,649531
0.8196078431372549,0.6941176470588235,0.5764705882352941,28.000160218201934,841367
0.23137254901960785,0.3137254901960784,0.13333333333333333,2110.0120735859314,722871
0.22745098039215686,0.33725490196078434,0.13725490196078433,120.00068664943686,439086
0.23921568627450981,0.3411764705882353,0.13725490196078433,2382.0136299913215,582653
0.23137254901960785,0.3254901960784314,0.15294117647058825,1526.0087318920052,660414
0.23529411764705882,0.3176470588235294,0.1450980392156863,1317.0075359775694,679861
0.22745098039215686,0.3333333333333333,0.15294117647058825,81.00046348836987,361433
0.24313725490196078,0.32941176470588235,0.15294117647058825,2035.0116444300334,640926
0.2,0.21176470588235294,0.25098039215686274,302.0017280677494,231858
0.24313725490196078,0.20392156862745098,0.25098039215686274,31.000177384437855,885167
0.2196078431372549,0.23529411764705882,0.2627450980392157,833.0047664915076,440812
0.18823529411764706,0.2,0.28627450980392155,44.00025177146018,146907
0.24313725490196078,0.19607843137254902,0.2980392156862745,12.000068664943687,894514
0.19215686274509805,0.23137254901960785,0.30980392156862746,856.0048980993163,300571
0.2196078431372549,0.23921568627450981,0.29411764705882354,254.00145340797468,249263
0.5764705882352941,0.4588235294117647,0.403921568627451,179.00102425207663,858158
0.6196078431372549,0.44313725490196076,0.4,418.00239182887174,925702
0.5686274509803921,0.49411764705882355,0.396078431372549,384.00219727819797,748221
0.592156862745098,0.4980392156862745,0.3803921568627451,309.0017681222999,12447
0.5843137254901961,0.44313725490196076,0.4235294117647059,335.00191689634454,1010027
0.5686274509803921,0.47058823529411764,0.4196078431372549,223.00127602353683,806964
0.6039215686274509,0.47843137254901963,0.4196078431372549,137.00078392477374,943666
0.3764705882352941,0.3333333333333333,0.27450980392156865,665.0038051822959,684616
0.396078431372549,0.3568627450980392,0.27450980392156865,160.00091553258247,657146
0.41568627450980394,0.34509803921568627,0.2784313725490196,513.0029354263426,579900
0.3764705882352941,0.32941176470588235,0.2901960784313726,217.001241691065,530130
0.42745098039215684,0.33725490196078434,0.2823529411764706,205.0011730261213,275769
0.38823529411764707,0.34901960784313724,0.30196078431372547,300.00171662359213,652910
0.43137254901960786,0.37254901960784315,0.29411764705882354,428.00244904965814,775737
0.13333333333333333,0.2235294117647059,0.1568627450980392,3022.0172921216513,157395
0.1450980392156863,0.23137254901960785,0.16470588235294117,224.00128174561547,130700
0.12549019607843137,0.23137254901960785,0.17254901960784313,36.000205994831056,78579
0.12941176470588237,0.24313725490196078,0.17254901960784313,773.0044231667891,84744
0.15294117647058825,0.24705882352941178,0.17254901960784313,380.00217438988335,72310
0.6392156862745098,0.5215686274509804,0.39215686274509803,94.0005378753922,612076
0.6588235294117647,0.5254901960784314,0.3764705882352941,10.000057220786404,809561
0.6274509803921569,0.5372549019607843,0.3843137254901961,334.0019111742659,783961
0.6627450980392157,0.5411764705882353,0.38823529411764707,52.00029754808931,771690
0.6313725490196078,0.5254901960784314,0.4196078431372549,81.00046348836987,863293
0.6784313725490196,0.5058823529411764,0.43529411764705883,51.00029182601067,1033227
0.6705882352941176,0.5568627450980392,0.4117647058823529,55.00031471432523,807511
0.14901960784313725,0.2784313725490196,0.18823529411764706,499.0028553172416,57108
0.16862745098039217,0.27450980392156865,0.18823529411764706,550.0031471432522,94831
0.15294117647058825,0.2823529411764706,0.18823529411764706,110.00062942865046,23303
0.13333333333333333,0.2784313725490196,0.24705882352941178,13.000074387022327,105896
0.17647058823529413,0.25882352941176473,0.24705882352941178,7.0000400545504835,108979
0.14901960784313725,0.28627450980392155,0.2235294117647059,4.000022888314562,209459
0.1803921568627451,0.2980392156862745,0.22745098039215686,9.000051498707764,200235
0.25882352941176473,0.3215686274509804,0.3764705882352941,694.0039711225764,510486
0.2901960784313726,0.33725490196078434,0.3764705882352941,314.0017967326931,328076
0.2784313725490196,0.34509803921568627,0.38823529411764707,213.00121880275043,524861
0.30980392156862746,0.3568627450980392,0.3764705882352941,463.00264932241055,357947
0.2549019607843137,0.32941176470588235,0.4196078431372549,395.002260221063,313864
0.2823529411764706,0.3411764705882353,0.40784313725490196,90.00051498707764,344596
0.2784313725490196,0.37254901960784315,0.43137254901960786,568.0032501406678,480772
0.2901960784313726,0.34509803921568627,0.4196078431372549,561.0032100861173,342599
0.5019607843137255,0.5098039215686274,0.3215686274509804,532.0030441458367,87433
0.5450980392156862,0.5254901960784314,0.32941176470588235,169.00096703129023,81268
0.5176470588235295,0.5568627450980392,0.32941176470588235,330.00188828595134,251066
0.5450980392156862,0.5372549019607843,0.3215686274509804,575.0032901952183,26990
0.5019607843137255,0.5137254901960784,0.37254901960784315,799.0045719408338,450715
0.5529411764705883,0.5019607843137255,0.3686274509803922,35.000200272752416,716443
0.5254901960784314,0.5294117647058824,0.36470588235294116,507.0029010938707,458948
0.5490196078431373,0.5411764705882353,0.34901960784313724,345.00197411713094,64891
0.5803921568627451,0.5843137254901961,0.6431372549019608,403.00230599769213,1048215
0.596078431372549,0.5882352941176471,0.6470588235294118,229.00131035600867,895260
0.5725490196078431,0.611764705882353,0.6392156862745098,472.0027008211183,169459
0.611764705882353,0.6078431372549019,0.6470588235294118,558.0031929198814,1045151
0.5647058823529412,0.5882352941176471,0.6549019607843137,26.000148774044654,1027765
0.6039215686274509,0.5803921568627451,0.6549019607843137,11.000062942865044,894233
0.5647058823529412,0.611764705882353,0.6666666666666666,781.0044689434183,923592
0.6039215686274509,0.611764705882353,0.6666666666666666,781.0044689434183,796737
0.5019607843137255,0.3843137254901961,0.2784313725490196,248.00141907550284,21596
0.5568627450980392,0.3843137254901961,0.25098039215686274,82.00046921044851,786056
0.5058823529411764,0.42745098039215684,0.2784313725490196,103.00058937409997,86047
0.5490196078431373,0.4196078431372549,0.27450980392156865,47.0002689376961,771715
0.5137254901960784,0.3843137254901961,0.2901960784313726,709.004056953756,699738
0.5529411764705883,0.39215686274509803,0.2901960784313726,47.0002689376961,917310
0.15294117647058825,0.19607843137254902,0.27058823529411763,440.0025177146018,510524
0.15294117647058825,0.2196078431372549,0.27058823529411763,26.000148774044654,833053
0.17647058823529413,0.2196078431372549,0.2784313725490196,445.002546324995,507437
0.12549019607843137,0.21568627450980393,0.28627450980392155,249.00142479758148,351762
0.16470588235294117,0.20784313725490197,0.29411764705882354,234.00133896640187,550517
0.13725490196078433,0.22745098039215686,0.2980392156862745,128.00073242606598,287153
0.16862745098039217,0.23529411764705882,0.30196078431372547,781.0044689434183,437760
0.4,0.3137254901960784,0.21568627450980393,58.00033188056115,720531
0.43137254901960786,0.3176470588235294,0.19215686274509805,48.000274659774746,765622
0.3803921568627451,0.3568627450980392,0.21568627450980393,1.0000057220786405,612080
0.41568627450980394,0.34509803921568627,0.20784313725490197,2.000011444157281,702167
0.4,0.34509803921568627,0.23529411764705882,68.00038910134755,20483
0.43137254901960786,0.34901960784313724,0.23921568627450981,564.0032272523532,44048
0.23529411764705882,0.12156862745098039,0.12549019607843137,36.000205994831056,929960
0.15294117647058825,0.12156862745098039,0.2,10.000057220786404,853288
0.13725490196078433,0.25098039215686274,0.16862745098039217,1458.0083427906577,17066
0.15294117647058825,0.25882352941176473,0.16862745098039217,3421.019575231029,164656
0.13725490196078433,0.27058823529411763,0.16470588235294117,105.00060081825725,9035
0.14901960784313725,0.2784313725490196,0.1568627450980392,1982.0113411598654,110447
0.13725490196078433,0.2627450980392157,0.17647058823529413,1362.0077934711082,53016
0.1411764705882353,0.2627450980392157,0.1803921568627451,2387.0136586017147,26353
0.13333333333333333,0.26666666666666666,0.1803921568627451,146.0008354234815,58122
0.1450980392156863,0.26666666666666666,0.1803921568627451,1847.010568679249,72476
0.19215686274509805,0.2823529411764706,0.16862745098039217,1279.007318538581,296663
0.20392156862745098,0.2901960784313726,0.1607843137254902,269.0015392391543,227283
0.19215686274509805,0.2980392156862745,0.1568627450980392,1199.0068607722899,191448
0.20784313725490197,0.3058823529411765,0.16862745098039217,1292.0073929256034,296912
0.18823529411764706,0.2901960784313726,0.17254901960784313,2963.0169545190115,294736
0.21176470588235294,0.29411764705882354,0.17254901960784313,398.00227738729893,285606
0.2,0.30196078431372547,0.1803921568627451,2716.0155411655874,289631
0.20392156862745098,0.2980392156862745,0.17647058823529413,2492.014259419972,266162
0.7803921568627451,0.8117647058823529,0.8235294117647058,128.00073242606598,844270
0.807843137254902,0.8235294117647058,0.8235294117647058,193.00110436117762,835045
0.788235294117647,0.8313725490196079,0.8196078431372549,20.00011444157281,105830
0.8,0.8274509803921568,0.8196078431372549,54.00030899224659,270592
0.8,0.8235294117647058,0.8352941176470589,2799.0160160981145,681117
0.7803921568627451,0.8392156862745098,0.8352941176470589,72.00041198966211,812568
0.807843137254902,0.8274509803921568,0.8392156862745098,522.0029869250503,683162
0.4666666666666667,0.5137254901960784,0.5725490196078431,264.0015106287611,854156
0.4980392156862745,0.5019607843137255,0.5725490196078431,282.0016136261766,1002150
0.4588235294117647,0.5411764705882353,0.5607843137254902,463.00264932241055,617124
0.47058823529411764,0.5490196078431373,0.5686274509803921,395.002260221063,321828
0.4627450980392157,0.5098039215686274,0.6039215686274509,241.00137902095236,940863
0.48627450980392156,0.5215686274509804,0.6,260.0014877404465,925576
0.4588235294117647,0.5411764705882353,0.6,594.0033989147124,995312
0.49411764705882355,0.5372549019607843,0.6039215686274509,521.0029812029717,1006259
0.5882352941176471,0.5843137254901961,0.5647058823529412,445.002546324995,352860
0.611764705882353,0.5803921568627451,0.5882352941176471,301.00172234567077,862424
0.5764705882352941,0.6078431372549019,0.5764705882352941,287.0016422365698,427608
0.6039215686274509,0.596078431372549,0.5843137254901961,371.0021228911756,798116
0.5647058823529412,0.5764705882352941,0.6078431372549019,303.00173378982805,791964
0.615686274509804,0.5882352941176471,0.611764705882353,274.0015678495475,988502
0.5882352941176471,0.6039215686274509,0.592156862745098,499.0028553172416,563905
0.611764705882353,0.6078431372549019,0.592156862745098,489.0027980964552,239896
0.5019607843137255,0.4470588235294118,0.27450980392156865,251.00143624173876,111618
0.5333333333333333,0.4392156862745098,0.27450980392156865,1.0000057220786405,153841
0.5176470588235295,0.49411764705882355,0.2784313725490196,767.0043888343172,155677
0.5294117647058824,0.4823529411764706,0.2784313725490196,57.00032615848251,129031
0.5176470588235295,0.4588235294117647,0.2823529411764706,340.00194550673774,119824
0.5490196078431373,0.45098039215686275,0.30980392156862746,582.0033302497687,745093
0.5254901960784314,0.47843137254901963,0.2901960784313726,207.0011844702786,117768
0.5411764705882353,0.49019607843137253,0.2823529411764706,761.0043545018453,131088
0.07058823529411765,0.12549019607843137,0.15294117647058825,9.000051498707764,225691
0.09019607843137255,0.1803921568627451,0.13333333333333333,78.00044632213395,101061
0.09411764705882353,0.1803921568627451,0.13333333333333333,436.00249482628726,103087
0.06666666666666667,0.13725490196078433,0.17647058823529413,95.00054359747084,338385
0.0784313725490196,0.1568627450980392,0.17647058823529413,1.0000057220786405,379445
0.12156862745098039,0.1568627450980392,0.1843137254901961,24.000137329887373,370151
0.22745098039215686,0.49411764705882355,0.6274509803921569,2.000011444157281,926695
0.14901960784313725,0.18823529411764706,0.21176470588235294,36.000205994831056,169344
0.15294117647058825,0.24313725490196078,0.19215686274509805,7.0000400545504835,198184
0.1843137254901961,0.2196078431372549,0.21568627450980393,3.0000171662359216,372167
0.14901960784313725,0.18823529411764706,0.2196078431372549,354.0020256158387,335243
0.12549019607843137,0.23529411764705882,0.22745098039215686,2.000011444157281,146924
0.1843137254901961,0.23137254901960785,0.24705882352941178,43.00024604938154,289048
0.5215686274509804,0.3176470588235294,0.25882352941176473,309.0017681222999,867350
0.5450980392156862,0.3176470588235294,0.27450980392156865,768.0043945563959,872516
0.5176470588235295,0.34901960784313724,0.25098039215686274,48.000274659774746,890469
0.5450980392156862,0.35294117647058826,0.27450980392156865,110.00062942865046,1044540
0.5098039215686274,0.3215686274509804,0.30196078431372547,510.00291826010664,1000699
0.5529411764705883,0.3411764705882353,0.2823529411764706,541.0030956445445,890894
0.5098039215686274,0.3607843137254902,0.29411764705882354,89.000509264999,188702
0.5529411764705883,0.3607843137254902,0.2980392156862745,507.0029010938707,868381
0.1411764705882353,0.0784313725490196,0.027450980392156862,142.00081253516694,751287
0.1607843137254902,0.0784313725490196,0.01568627450980392,174.00099564168343,729819
0.1843137254901961,0.09411764705882353,0.027450980392156862,6.000034332471843,787188
0.1568627450980392,0.0784313725490196,0.03529411764705882,592.0033874705551,826127
0.15294117647058825,0.09803921568627451,0.047058823529411764,77.00044060005531,782004
0.1803921568627451,0.09411764705882353,0.043137254901960784,352.0020141716814,750297
0.2549019607843137,0.34901960784313724,0.12549019607843137,757.0043316135308,524216
0.26666666666666666,0.35294117647058826,0.12941176470588237,79.0004520442126,523181
0.2627450980392157,0.37254901960784315,0.13333333333333333,1180.0067520527957,445381
0.26666666666666666,0.3686274509803922,0.12549019607843137,895.0051212603832,463793
0.27058823529411763,0.34901960784313724,0.14901960784313725,2109.0120678638527,774044
0.2627450980392157,0.37254901960784315,0.1411764705882353,1118.00639728392,426907
0.27058823529411763,0.36470588235294116,0.15294117647058825,1547.008852055657,798561
0.4549019607843137,0.5058823529411764,0.3803921568627451,21.00012016365145,642789
0.4666666666666667,0.5372549019607843,0.3843137254901961,18.000102997415528,626953
0.45098039215686275,0.5098039215686274,0.40784313725490196,14.000080109100967,293100
0.4980392156862745,0.5019607843137255,0.40784313725490196,44.00025177146018,397529
0.45098039215686275,0.5372549019607843,0.4117647058823529,9.000051498707764,519903
0.48627450980392156,0.5333333333333333,0.42745098039215684,26.000148774044654,431784
0.6862745098039216,0.6509803921568628,0.6862745098039216,103.00058937409997,1025652
0.7215686274509804,0.6509803921568628,0.6862745098039216,1.0000057220786405,944428
0.7254901960784313,0.6745098039215687,0.6980392156862745,540.0030899224658,1031741
0.6980392156862745,0.6627450980392157,0.7333333333333333,415.0023746626358,834816
0.7215686274509804,0.6823529411764706,0.7176470588235294,19.00010871949417,1037867
0.6980392156862745,0.5607843137254902,0.5137254901960784,145.00082970140286,998592
0.7215686274509804,0.5607843137254902,0.5019607843137255,258.00147629628924,1042607
0.7372549019607844,0.6196078431372549,0.5019607843137255,23.00013160780873,793185
0.6980392156862745,0.5647058823529412,0.5294117647058824,523.002992647129,1017969
0.7333333333333333,0.5843137254901961,0.5411764705882353,333.00190545218726,999467
0.6980392156862745,0.611764705882353,0.5529411764705883,82.00046921044851,267706
0.7333333333333333,0.6,0.5411764705882353,108.00061798449318,1000009
0.5137254901960784,0.32941176470588235,0.3215686274509804,443.00253488083774,968890
0.5294117647058824,0.33725490196078434,0.3333333333333333,127.00072670398734,1004721
0.5176470588235295,0.3686274509803922,0.33725490196078434,345.00197411713094,1001637
0.5568627450980392,0.37254901960784315,0.3215686274509804,754.0043144472949,1012765
0.5176470588235295,0.32941176470588235,0.34509803921568627,110.00062942865046,976403
0.5294117647058824,0.33725490196078434,0.34509803921568627,23.00013160780873,924837
0.5215686274509804,0.34901960784313724,0.34901960784313724,333.00190545218726,975048
0.5450980392156862,0.3686274509803922,0.36470588235294116,573.003278751061,1035654
0.5019607843137255,0.3764705882352941,0.3333333333333333,293.00167656904165,894347
0.5411764705882353,0.396078431372549,0.32941176470588235,150.00085831179607,945701
0.5137254901960784,0.40784313725490196,0.33725490196078434,486.0027809302193,646461
0.5294117647058824,0.4196078431372549,0.3137254901960784,447.0025577691523,688460
0.5215686274509804,0.396078431372549,0.34509803921568627,138.00078964685238,921159
0.5450980392156862,0.3843137254901961,0.35294117647058826,669.0038280706104,1019956
0.5019607843137255,0.41568627450980394,0.35294117647058826,240.00137329887372,794050
0.5372549019607843,0.40784313725490196,0.34901960784313724,228.00130463393003,934423
0.5725490196078431,0.5764705882352941,0.3411764705882353,549.0031414211736,210113
0.6,0.5686274509803921,0.3411764705882353,312.0017852885358,179345
0.5725490196078431,0.592156862745098,0.3411764705882353,1.0000057220786405,911301
0.596078431372549,0.6039215686274509,0.3333333333333333,5.000028610393202,888716
0.5647058823529412,0.5725490196078431,0.34509803921568627,354.0020256158387,217285
0.5764705882352941,0.6,0.3568627450980392,3.0000171662359216,906168
0.615686274509804,0.592156862745098,0.37254901960784315,38.00021743898834,192713
0.6862745098039216,0.6313725490196078,0.6470588235294118,341.0019512288164,1021534
0.7294117647058823,0.6470588235294118,0.6470588235294118,214.00122452482907,928146
0.6941176470588235,0.6666666666666666,0.6352941176470588,304.0017395119067,466608
0.7215686274509804,0.6549019607843137,0.6313725490196078,203.00116158196403,876803
0.7098039215686275,0.6470588235294118,0.6745098039215687,528.0030212575222,906604
0.7215686274509804,0.6509803921568628,0.6627450980392157,52.00029754808931,947464
0.6862745098039216,0.6705882352941176,0.6745098039215687,549.0031414211736,130392
0.7215686274509804,0.6784313725490196,0.6588235294117647,390.0022316106698,886044
0.7254901960784313,0.7490196078431373,0.788235294117647,1529.0087490582412,907609
0.7372549019607844,0.7490196078431373,0.788235294117647,919.0052585902706,1034737
0.7294117647058823,0.7647058823529411,0.788235294117647,257.0014705742106,840925
0.7372549019607844,0.7686274509803922,0.792156862745098,1189.0068035515035,1034041
0.7254901960784313,0.7607843137254902,0.796078431372549,723.004137062857,765149
0.7450980392156863,0.7568627450980392,0.796078431372549,289.0016536807271,825353
0.7254901960784313,0.7725490196078432,0.807843137254902,3087.0176640567634,747580
0.7372549019607844,0.7686274509803922,0.8,2303.013177947109,798933
0.13725490196078433,0.2196078431372549,0.13725490196078433,282.0016136261766,311052
0.1450980392156863,0.23137254901960785,0.13725490196078433,132.00075531438054,301880
0.12549019607843137,0.23529411764705882,0.12941176470588237,739.0042286161153,24497
0.1411764705882353,0.23529411764705882,0.13725490196078433,38.00021743898834,320290
0.12941176470588237,0.22745098039215686,0.15294117647058825,2736.01565560716,44686
0.1411764705882353,0.2196078431372549,0.1411764705882353,2353.013464051041,244529
0.13333333333333333,0.23921568627450981,0.1450980392156863,1448.0082855698713,25564
0.1450980392156863,0.23921568627450981,0.1450980392156863,2499.0142994745224,308007
0.27450980392156865,0.25098039215686274,0.20784313725490197,104.00059509617861,679517
0.2901960784313726,0.25098039215686274,0.21176470588235294,582.0033302497687,667188
0.25098039215686274,0.2980392156862745,0.20392156862745098,246.00140763134556,594675
0.3058823529411765,0.2823529411764706,0.21176470588235294,36.000205994831056,659040
0.27450980392156865,0.2627450980392157,0.24705882352941178,511.0029239821853,440610
0.2901960784313726,0.25098039215686274,0.2235294117647059,855.0048923772376,478610
0.2627450980392157,0.3058823529411765,0.23137254901960785,71.00040626758347,549608
0.30980392156862746,0.28627450980392155,0.24313725490196078,117.00066948320094,617002
0.6509803921568628,0.7490196078431373,0.6823529411764706,2.000011444157281,699101
0.7215686274509804,0.7607843137254902,0.6627450980392157,35.000200272752416,706257
0.6823529411764706,0.7529411764705882,0.7450980392156863,44.00025177146018,860675
0.7372549019607844,0.8196078431372549,0.7411764705882353,2.000011444157281,712453
0.3764705882352941,0.4588235294117647,0.18823529411764706,4.000022888314562,501596
0.396078431372549,0.49411764705882355,0.21568627450980393,1.0000057220786405,483149
0.41568627450980394,0.47058823529411764,0.24705882352941178,169.00096703129023,255103
0.3411764705882353,0.403921568627451,0.44313725490196076,432.0024719379727,322946
0.34509803921568627,0.3803921568627451,0.4392156862745098,206.00117874819995,173549
0.32941176470588235,0.4196078431372549,0.4549019607843137,354.0020256158387,615096
0.3607843137254902,0.4196078431372549,0.4666666666666667,420.002403273029,299626
0.3254901960784314,0.396078431372549,0.47843137254901963,152.00086975595335,599741
0.35294117647058826,0.396078431372549,0.47058823529411764,70.00040054550483,246330
0.32941176470588235,0.4117647058823529,0.47843137254901963,523.002992647129,293305
0.3568627450980392,0.4235294117647059,0.4823529411764706,344.0019683950523,296554
0.32941176470588235,0.3137254901960784,0.3137254901960784,429.0024547717368,334200
0.3607843137254902,0.33725490196078434,0.3254901960784314,209.00119591443587,141673
0.3254901960784314,0.34509803921568627,0.32941176470588235,158.0009040884252,677523
0.3686274509803922,0.36470588235294116,0.32941176470588235,340.00194550673774,206202
0.3215686274509804,0.3254901960784314,0.3568627450980392,383.00219155611927,143698
0.35294117647058826,0.33725490196078434,0.3568627450980392,101.0005779299427,332040
0.3137254901960784,0.34901960784313724,0.36470588235294116,447.0025577691523,310598
0.34509803921568627,0.35294117647058826,0.37254901960784315,422.0024147171863,418445
0.6313725490196078,0.4627450980392157,0.44313725490196076,154.00088120011063,1014976
0.6666666666666666,0.4588235294117647,0.4392156862745098,4.000022888314562,947440
0.6627450980392157,0.47843137254901963,0.4392156862745098,513.0029354263426,869421
0.6235294117647059,0.4588235294117647,0.47058823529411764,15.000085831179607,927922
0.6274509803921569,0.49019607843137253,0.47058823529411764,406.00232316392805,1021332
0.6588235294117647,0.49411764705882355,0.4823529411764706,80.00045776629123,892013
0.25882352941176473,0.15294117647058825,0.14901960784313725,154.00088120011063,185645
0.3058823529411765,0.13333333333333333,0.14901960784313725,98.00056076370677,948369
0.25098039215686274,0.17647058823529413,0.1411764705882353,649.0037136290376,730539
0.2980392156862745,0.16862745098039217,0.13725490196078433,682.0039024576328,957025
0.27058823529411763,0.14901960784313725,0.17647058823529413,30.000171662359215,924817
0.29411764705882354,0.15294117647058825,0.17254901960784313,24.000137329887373,925854
0.2784313725490196,0.17254901960784313,0.1607843137254902,235.00134468848051,933310
0.2980392156862745,0.1843137254901961,0.16470588235294117,592.0033874705551,936455
0.25882352941176473,0.17254901960784313,0.25882352941176473,4.000022888314562,929624
0.27450980392156865,0.21176470588235294,0.34509803921568627,37.000211716909696,828685
0.3137254901960784,0.22745098039215686,0.32941176470588235,4.000022888314562,935786
0.3803921568627451,0.25882352941176473,0.27450980392156865,336.0019226184232,971418
0.41568627450980394,0.25098039215686274,0.25098039215686274,496.0028381510057,912490
0.38823529411764707,0.30196078431372547,0.25098039215686274,258.00147629628924,518380
0.4196078431372549,0.2901960784313726,0.2549019607843137,782.0044746654969,895356
0.39215686274509803,0.2784313725490196,0.30980392156862746,152.00086975595335,995946
0.40784313725490196,0.27450980392156865,0.2823529411764706,87.00049782084172,978574
0.3764705882352941,0.3058823529411765,0.29411764705882354,101.0005779299427,182675
0.4196078431372549,0.28627450980392155,0.2980392156862745,219.00125313522227,991857
0.20392156862745098,0.25882352941176473,0.26666666666666666,53.00030327016795,305605
0.2196078431372549,0.25098039215686274,0.25882352941176473,681.0038967355541,350595
0.21568627450980393,0.3058823529411765,0.2627450980392157,5.000028610393202,102814
0.23529411764705882,0.2823529411764706,0.26666666666666666,25.000143051966013,830825
0.21568627450980393,0.26666666666666666,0.30196078431372547,538.0030784783086,272754
0.20784313725490197,0.28627450980392155,0.3058823529411765,9.000051498707764,309621
0.2235294117647059,0.2901960784313726,0.30980392156862746,119.00068092735822,338310
0.8313725490196079,0.8784313725490196,0.8784313725490196,208.00119019235723,888370
0.8235294117647058,0.9058823529411765,0.8862745098039215,14.000080109100967,117188
0.8627450980392157,0.9137254901960784,0.8862745098039215,72.00041198966211,842118
0.8117647058823529,0.8784313725490196,0.9176470588235294,27.000154496123294,846237
0.8509803921568627,0.8862745098039215,0.9176470588235294,209.00119591443587,873906
0.8313725490196079,0.9058823529411765,0.9058823529411765,31.000177384437855,221755
0.8470588235294118,0.9215686274509803,0.9137254901960784,119.00068092735822,220729
0.5137254901960784,0.5803921568627451,0.4470588235294118,19.00010871949417,419499
0.5176470588235295,0.592156862745098,0.4666666666666667,5.000028610393202,187943
0.5411764705882353,0.592156862745098,0.44313725490196076,288.00164795864845,324775
0.5176470588235295,0.5725490196078431,0.49019607843137253,19.00010871949417,551647
0.5568627450980392,0.5647058823529412,0.4980392156862745,77.00044060005531,443014
0.5137254901960784,0.6,0.49019607843137253,7.0000400545504835,499409
0.5529411764705883,0.6078431372549019,0.49411764705882355,81.00046348836987,579710
0.7529411764705882,0.7098039215686275,0.7058823529411765,468.00267793280375,1009053
0.7803921568627451,0.7137254901960784,0.7137254901960784,101.0005779299427,931227
0.7647058823529411,0.7294117647058823,0.7058823529411765,286.00163651449117,121163
0.7803921568627451,0.7215686274509804,0.7137254901960784,233.00133324432323,922886
0.7490196078431373,0.7058823529411765,0.7294117647058823,244.00139618718828,1026586
0.7803921568627451,0.7137254901960784,0.7176470588235294,10.000057220786404,852176
0.7490196078431373,0.7411764705882353,0.7294117647058823,689.0039425121832,328328
0.792156862745098,0.7450980392156863,0.7254901960784313,258.00147629628924,849076
0.2784313725490196,0.39215686274509803,0.4627450980392157,248.00141907550284,464395
0.30196078431372547,0.4,0.4549019607843137,596.0034103588697,179662
0.2627450980392157,0.41568627450980394,0.4627450980392157,8.000045776629124,873995
0.30196078431372547,0.4196078431372549,0.4666666666666667,111.0006351507291,464392
0.26666666666666666,0.3803921568627451,0.4745098039215686,441.00252343668046,965520
0.2901960784313726,0.396078431372549,0.48627450980392156,438.00250627044454,283184
0.2784313725490196,0.43529411764705883,0.4980392156862745,57.00032615848251,385564
0.2901960784313726,0.40784313725490196,0.4745098039215686,356.002037059996,241122
0.3411764705882353,0.44313725490196076,0.5019607843137255,367.002100002861,180681
0.34509803921568627,0.4470588235294118,0.5176470588235295,419.0023975509504,359938
0.3215686274509804,0.4823529411764706,0.5098039215686274,30.000171662359215,108975
0.37254901960784315,0.47843137254901963,0.5176470588235295,142.00081253516694,333308
0.3411764705882353,0.4588235294117647,0.5450980392156862,431.00246621589406,282102
0.34509803921568627,0.4588235294117647,0.5333333333333333,276.00157929370476,609958
0.3176470588235294,0.47058823529411764,0.5568627450980392,147.00084114556014,387608
0.34509803921568627,0.4745098039215686,0.5529411764705883,442.0025291587591,508546
0.7490196078431373,0.5490196078431373,0.5019607843137255,1.0000057220786405,1005682
0.8156862745098039,0.611764705882353,0.5490196078431373,1.0000057220786405,956561
0.7647058823529411,0.6078431372549019,0.5686274509803921,218.00124741314363,1000522
0.8274509803921568,0.615686274509804,0.5647058823529412,1.0000057220786405,956562
0.403921568627451,0.5137254901960784,0.5843137254901961,468.00267793280375,490118
0.42745098039215684,0.5176470588235295,0.5843137254901961,489.0027980964552,275007
0.4,0.5450980392156862,0.5843137254901961,72.00041198966211,526951
0.4196078431372549,0.5333333333333333,0.5803921568627451,284.0016250703339,466552
0.403921568627451,0.5137254901960784,0.596078431372549,172.00098419752615,268808
0.41568627450980394,0.5254901960784314,0.6,156.0008926442679,272961
0.4,0.5294117647058824,0.6196078431372549,179.00102425207663,540307
0.43137254901960786,0.5294117647058824,0.6078431372549019,424.0024261613436,567959
0.5137254901960784,0.5803921568627451,0.5764705882352941,304.0017395119067,628388
0.5529411764705883,0.5764705882352941,0.5843137254901961,464.0026550444892,118198
0.5019607843137255,0.592156862745098,0.5803921568627451,35.000200272752416,514770
0.5529411764705883,0.615686274509804,0.5686274509803921,128.00073242606598,239181
0.5137254901960784,0.5647058823529412,0.6039215686274509,438.00250627044454,233017
0.5333333333333333,0.5725490196078431,0.6039215686274509,327.0018711197154,148774
0.5176470588235295,0.592156862745098,0.6196078431372549,165.00094414297567,460376
0.5411764705882353,0.592156862745098,0.6039215686274509,372.00212861325423,598703
0.25882352941176473,0.13725490196078433,0.06666666666666667,460.0026321561746,852653
0.2901960784313726,0.14901960784313725,0.0784313725490196,183.0010471403912,851764
0.25882352941176473,0.16470588235294117,0.08235294117647059,56.00032043640387,777894
0.3058823529411765,0.1607843137254902,0.0784313725490196,189.00108147286304,874314
0.25098039215686274,0.14901960784313725,0.09803921568627451,349.0019970054455,724676
0.28627450980392155,0.13333333333333333,0.10980392156862745,53.00030327016795,1007677
0.2549019607843137,0.1607843137254902,0.10588235294117647,427.0024433275795,751308
0.2823529411764706,0.16470588235294117,0.11372549019607843,464.0026550444892,903790
0.5019607843137255,0.44313725490196076,0.33725490196078434,141.0008068130883,712332
0.5529411764705883,0.45098039215686275,0.3254901960784314,829.004743603193,208215
0.5098039215686274,0.4980392156862745,0.3215686274509804,15.000085831179607,98680
0.5568627450980392,0.49019607843137253,0.3137254901960784,181.0010356962339,103453
0.5254901960784314,0.4588235294117647,0.3686274509803922,268.00153351707564,470321
0.5450980392156862,0.4588235294117647,0.3686274509803922,424.0024261613436,512238
0.5137254901960784,0.49019607843137253,0.37254901960784315,95.00054359747084,633582
0.5411764705882353,0.47843137254901963,0.36470588235294116,188.0010757507844,616733
0.3764705882352941,0.4,0.3803921568627451,353.00201989376006,356670
0.40784313725490196,0.4,0.39215686274509803,166.0009498650543,418278
0.396078431372549,0.4235294117647059,0.3843137254901961,179.00102425207663,647802
0.42745098039215684,0.4117647058823529,0.3803921568627451,269.0015392391543,391654
0.396078431372549,0.403921568627451,0.4235294117647059,304.0017395119067,309693
0.40784313725490196,0.3843137254901961,0.43529411764705883,110.00062942865046,126412
0.3843137254901961,0.4235294117647059,0.43137254901960786,417.0023861067931,301640
0.40784313725490196,0.43529411764705883,0.4196078431372549,335.00191689634454,267635
0.2235294117647059,0.3215686274509804,0.2,1569.008977941387,138780
0.23529411764705882,0.3176470588235294,0.19607843137254902,341.0019512288164,357071
0.23137254901960785,0.3333333333333333,0.19215686274509805,2048.0117188170557,294818
0.23921568627450981,0.3333333333333333,0.18823529411764706,863.0049381538668,313268
0.2196078431372549,0.3254901960784314,0.21176470588235294,301.00172234567077,165467
0.23529411764705882,0.3176470588235294,0.20392156862745098,337.0019283405018,500458
0.2235294117647059,0.3411764705882353,0.20784313725490197,1780.01018529998,61966
0.24313725490196078,0.33725490196078434,0.20392156862745098,1266.0072441515588,407246
0.39215686274509803,0.45098039215686275,0.5098039215686274,278.00159073786205,257604
0.4117647058823529,0.4666666666666667,0.5254901960784314,123.00070381567278,217614
0.4,0.47843137254901963,0.5058823529411764,285.0016307924125,618173
0.43529411764705883,0.4745098039215686,0.5019607843137255,330.00188828595134,141627
0.4,0.44313725490196076,0.5411764705882353,145.00082970140286,976591
0.4117647058823529,0.4470588235294118,0.5411764705882353,192.00109863909898,983746
0.4,0.49411764705882355,0.5450980392156862,466.00266648864647,312809
0.4117647058823529,0.47843137254901963,0.5294117647058824,287.0016422365698,283193
0.28627450980392155,0.3803921568627451,0.1607843137254902,2073.0118618690217,563145
0.30196078431372547,0.3764705882352941,0.16470588235294117,611.0034961900493,780054
0.29411764705882354,0.396078431372549,0.16862745098039217,650.0037193511163,785202
0.2980392156862745,0.39215686274509803,0.16862745098039217,744.0042572265085,768848
0.29411764705882354,0.3843137254901961,0.17647058823529413,1748.0100021934636,521010
0.30196078431372547,0.3843137254901961,0.1843137254901961,1304.007461590547,524079
0.29411764705882354,0.4,0.1803921568627451,719.0041141745425,486189
0.2980392156862745,0.396078431372549,0.17254901960784313,539.0030842003872,782129
0.4392156862745098,0.4549019607843137,0.4470588235294118,320.00183106516494,590536
0.47058823529411764,0.45098039215686275,0.44313725490196076,175.00100136376207,334084
0.44313725490196076,0.47058823529411764,0.4627450980392157,194.00111008325626,307529
0.48627450980392156,0.4745098039215686,0.4666666666666667,230.0013160780873,345394
0.4549019607843137,0.4666666666666667,0.47058823529411764,260.0014877404465,370270
0.48627450980392156,0.4470588235294118,0.49019607843137253,122.00069809359414,995991
0.44313725490196076,0.47843137254901963,0.4823529411764706,429.0024547717368,319815
0.4980392156862745,0.47843137254901963,0.49411764705882355,341.0019512288164,459432
0.0784313725490196,0.06666666666666667,0.023529411764705882,2.000011444157281,672469
0.10980392156862745,0.06274509803921569,0.027450980392156862,5.000028610393202,753340
0.08235294117647059,0.06666666666666667,0.058823529411764705,516.0029525925785,720418
0.5019607843137255,0.5098039215686274,0.5176470588235295,255.00145913005332,407190
0.5333333333333333,0.5254901960784314,0.5019607843137255,182.00104141831255,268625
0.5215686274509804,0.5294117647058824,0.5254901960784314,216.00123596898635,318966
0.5294117647058824,0.5294117647058824,0.5137254901960784,278.00159073786205,433809
0.5137254901960784,0.5254901960784314,0.5450980392156862,165.00094414297567,132562
0.5450980392156862,0.5215686274509804,0.5411764705882353,118.00067520527958,813124
0.5254901960784314,0.5568627450980392,0.5372549019607843,419.0023975509504,332003
0.5529411764705883,0.5372549019607843,0.5411764705882353,422.0024147171863,282890
0.27058823529411763,0.2549019607843137,0.3176470588235294,176.0010070858407,115086
0.2823529411764706,0.2784313725490196,0.3333333333333333,45.00025749353882,227760
0.25098039215686274,0.2980392156862745,0.3411764705882353,748.004280114823,291180
0.30980392156862746,0.2980392156862745,0.3137254901960784,427.0024433275795,127339
0.25098039215686274,0.27450980392156865,0.35294117647058826,28.000160218201934,427652
0.28627450980392155,0.27450980392156865,0.37254901960784315,19.00010871949417,934705
0.27058823529411763,0.3058823529411765,0.35294117647058826,445.002546324995,386654
0.2823529411764706,0.3058823529411765,0.3686274509803922,147.00084114556014,162207
0.3843137254901961,0.4,0.21176470588235294,33.000188828595135,188420
0.42745098039215684,0.39215686274509803,0.18823529411764706,8.000045776629124,730853
0.3843137254901961,0.4117647058823529,0.21176470588235294,178.001018529998,207942
0.4235294117647059,0.4235294117647059,0.19607843137254902,14.000080109100967,785176
0.3843137254901961,0.3803921568627451,0.2235294117647059,48.000274659774746,369314
0.4196078431372549,0.3803921568627451,0.2235294117647059,2.000011444157281,611055
0.4196078431372549,0.43137254901960786,0.23137254901960785,314.0017967326931,193561
0.6901960784313725,0.5843137254901961,0.44313725490196076,21.00012016365145,878257
0.7411764705882353,0.5686274509803921,0.4392156862745098,9.000051498707764,859772
0.6862745098039216,0.6078431372549019,0.4627450980392157,48.000274659774746,870000
0.7372549019607844,0.596078431372549,0.44313725490196076,12.000068664943687,790135
0.7098039215686275,0.5607843137254902,0.48627450980392156,24.000137329887373,1001682
0.7294117647058823,0.5607843137254902,0.47843137254901963,76.00043487797667,956901
0.7254901960784313,0.6039215686274509,0.47843137254901963,13.000074387022327,814680
0.2784313725490196,0.33725490196078434,0.3137254901960784,153.000875478032,357756
0.2823529411764706,0.3176470588235294,0.3215686274509804,507.0029010938707,334099
0.25882352941176473,0.36470588235294116,0.3411764705882353,4.000022888314562,656111
0.3058823529411765,0.37254901960784315,0.3215686274509804,44.00025177146018,404969
0.2549019607843137,0.3215686274509804,0.3686274509803922,490.00280381853383,488970
0.2980392156862745,0.3137254901960784,0.3568627450980392,628.0035934653862,340575
0.27450980392156865,0.34509803921568627,0.36470588235294116,26.000148774044654,433763
0.30980392156862746,0.34901960784313724,0.3686274509803922,166.0009498650543,321060
0.4627450980392157,0.5058823529411764,0.27450980392156865,227.0012989118514,255129
0.47843137254901963,0.5176470588235295,0.27450980392156865,516.0029525925785,233630
0.48627450980392156,0.5294117647058824,0.2784313725490196,7.0000400545504835,235687
0.4549019607843137,0.5058823529411764,0.29411764705882354,493.00282098476976,278677
0.48627450980392156,0.5254901960784314,0.28627450980392155,485.00277520814063,242852
0.48627450980392156,0.5372549019607843,0.30196078431372547,257.0014705742106,253100
0.5843137254901961,0.4392156862745098,0.4588235294117647,112.00064087280774,907392
0.6039215686274509,0.45098039215686275,0.4392156862745098,803.0045948291483,1002873
0.5647058823529412,0.48627450980392156,0.4549019607843137,104.00059509617861,350436
0.615686274509804,0.4745098039215686,0.4470588235294118,537.0030727562299,1011993
0.5607843137254902,0.4549019607843137,0.4745098039215686,63.00036049095435,992603
0.611764705882353,0.4627450980392157,0.4823529411764706,55.00031471432523,906048
0.5725490196078431,0.4745098039215686,0.4745098039215686,87.00049782084172,1007913
0.6078431372549019,0.49411764705882355,0.49411764705882355,191.00109291702032,813087
0.4549019607843137,0.4,0.3411764705882353,306.001750956064,479496
0.49019607843137253,0.396078431372549,0.3137254901960784,442.0025291587591,591120
0.45098039215686275,0.41568627450980394,0.3411764705882353,187.00107002870575,679544
0.4823529411764706,0.40784313725490196,0.3411764705882353,377.00215722364743,426313
0.4549019607843137,0.3764705882352941,0.3607843137254902,140.00080109100966,266676
0.49411764705882355,0.38823529411764707,0.34901960784313724,111.0006351507291,902595
0.4666666666666667,0.41568627450980394,0.34509803921568627,188.0010757507844,444656
0.4745098039215686,0.4196078431372549,0.36470588235294116,194.00111008325626,375032
0.6352941176470588,0.5882352941176471,0.5647058823529412,204.00116730404267,263438
0.6745098039215687,0.5843137254901961,0.5647058823529412,227.0012989118514,1040048
0.6274509803921569,0.615686274509804,0.5882352941176471,254.00145340797468,115066
0.6588235294117647,0.6078431372549019,0.5686274509803921,204.00116730404267,894380
0.6392156862745098,0.5607843137254902,0.592156862745098,217.001241691065,1028755
0.6627450980392157,0.5882352941176471,0.611764705882353,129.00073814814462,1018481
0.6509803921568628,0.6196078431372549,0.6078431372549019,345.00197411713094,266507
0.6627450980392157,0.592156862745098,0.6196078431372549,364.0020828366251,1022586
0.3803921568627451,0.4392156862745098,0.4588235294117647,241.00137902095236,599717
0.43137254901960786,0.44313725490196076,0.4549019607843137,410.0023460522426,320111
0.39215686274509803,0.49019607843137253,0.44313725490196076,20.00011444157281,617180
0.43137254901960786,0.4823529411764706,0.4666666666666667,102.00058365202133,302526
0.3803921568627451,0.4549019607843137,0.4980392156862745,442.0025291587591,440918
0.43529411764705883,0.4588235294117647,0.47058823529411764,339.0019397846591,881062
0.3843137254901961,0.47843137254901963,0.4980392156862745,106.0006065403359,395863
0.42745098039215684,0.49019607843137253,0.49019607843137253,280.0016021820193,477868
0.13333333333333333,0.25098039215686274,0.13333333333333333,298.00170517943485,49024
0.15294117647058825,0.2627450980392157,0.13725490196078433,141.0008068130883,167856
0.13725490196078433,0.26666666666666666,0.13725490196078433,1.0000057220786405,102307
0.15294117647058825,0.26666666666666666,0.13725490196078433,24.000137329887373,116720
0.13725490196078433,0.25882352941176473,0.14901960784313725,1280.0073242606597,21346
0.14901960784313725,0.25098039215686274,0.15294117647058825,2385.0136471575574,192366
0.13725490196078433,0.27058823529411763,0.15294117647058825,144.00082397932422,38742
0.15294117647058825,0.27058823529411763,0.15294117647058825,3361.019231906311,32670
0.45098039215686275,0.5098039215686274,0.5098039215686274,239.00136757679508,632481
0.49019607843137253,0.5254901960784314,0.5098039215686274,366.0020942807824,296396
0.4627450980392157,0.5333333333333333,0.5137254901960784,27.000154496123294,394857
0.4823529411764706,0.5294117647058824,0.5137254901960784,130.00074387022326,291095
0.4666666666666667,0.5019607843137255,0.5294117647058824,353.00201989376006,312929
0.4823529411764706,0.5137254901960784,0.5372549019607843,273.00156212746884,349773
0.4627450980392157,0.5333333333333333,0.5411764705882353,164.00093842089703,850212
0.49019607843137253,0.5529411764705883,0.5568627450980392,337.0019283405018,598702
0.6352941176470588,0.5529411764705883,0.2901960784313726,58.00033188056115,760575
0.7411764705882353,0.5294117647058824,0.3058823529411765,37.000211716909696,850540
0.6666666666666666,0.5686274509803921,0.2784313725490196,9.000051498707764,229734
0.6235294117647059,0.5254901960784314,0.3607843137254902,161.0009212546611,755349
0.7176470588235294,0.5058823529411764,0.3686274509803922,92.00052643123492,870219
0.6235294117647059,0.5803921568627451,0.37254901960784315,87.00049782084172,170133
0.6901960784313725,0.5607843137254902,0.33725490196078434,28.000160218201934,793373
0.44313725490196076,0.27058823529411763,0.2784313725490196,298.00170517943485,953551
0.47058823529411764,0.27450980392156865,0.2549019607843137,92.00052643123492,937407
0.4470588235294118,0.30980392156862746,0.26666666666666666,306.001750956064,921165
0.49019607843137253,0.3058823529411765,0.2627450980392157,393.00224877690573,857108
0.44313725490196076,0.27058823529411763,0.2901960784313726,85.00048637668444,957648
0.48627450980392156,0.2627450980392157,0.29411764705882354,14.000080109100967,937188
0.45098039215686275,0.3058823529411765,0.30196078431372547,312.0017852885358,992871
0.49019607843137253,0.30196078431372547,0.2823529411764706,371.0021228911756,917619
0.3843137254901961,0.20392156862745098,0.19607843137254902,141.0008068130883,971899
0.41568627450980394,0.21568627450980393,0.2,20.00011444157281,894068
0.3764705882352941,0.2235294117647059,0.18823529411764706,605.0034618575775,959095
0.4117647058823529,0.23921568627450981,0.21568627450980393,249.00142479758148,993408
0.3764705882352941,0.20784313725490197,0.2196078431372549,31.000177384437855,941230
0.40784313725490196,0.21176470588235294,0.2196078431372549,11.000062942865044,1041555
0.3803921568627451,0.24313725490196078,0.2196078431372549,560.0032043640387,948887
0.41568627450980394,0.23137254901960785,0.2235294117647059,237.0013561326378,920770
0.3333333333333333,0.3843137254901961,0.3764705882352941,206.00117874819995,421473
0.34509803921568627,0.3843137254901961,0.3764705882352941,428.00244904965814,306507
0.33725490196078434,0.41568627450980394,0.38823529411764707,4.000022888314562,318936
0.35294117647058826,0.41568627450980394,0.39215686274509803,61.00034904679707,334198
0.3176470588235294,0.3764705882352941,0.43137254901960786,418.00239182887174,362062
0.3686274509803922,0.4,0.40784313725490196,473.00270654319695,292124
0.3215686274509804,0.40784313725490196,0.4117647058823529,50.00028610393203,344529
0.37254901960784315,0.43137254901960786,0.4235294117647059,211.00120735859315,522943
0.13333333333333333,0.10588235294117647,0.10588235294117647,889.0050869279114,435590
0.1411764705882353,0.10588235294117647,0.09411764705882353,48.000274659774746,233827
0.13725490196078433,0.10980392156862745,0.10196078431372549,2177.0124569652003,658925
0.1450980392156863,0.11764705882352941,0.09803921568627451,1808.010345518182,401655
0.12549019607843137,0.09411764705882353,0.11764705882352941,93.00053215331356,901658
0.1411764705882353,0.09803921568627451,0.11372549019607843,30.000171662359215,542417
0.12941176470588237,0.12156862745098039,0.11764705882352941,1466.0083885672868,404743
0.1450980392156863,0.12156862745098039,0.10980392156862745,724.0041427849357,714198
0.22745098039215686,0.3215686274509804,0.16862745098039217,1222.0069923800986,323531
0.23921568627450981,0.3254901960784314,0.16862745098039217,174.00099564168343,333766
0.22745098039215686,0.3333333333333333,0.16862745098039217,470.00268937696103,197620
0.24313725490196078,0.3411764705882353,0.16470588235294117,1074.0061455124599,323583
0.22745098039215686,0.3254901960784314,0.1843137254901961,1614.0092354349258,265164
0.24313725490196078,0.3137254901960784,0.1843137254901961,90.00051498707764,322242
0.22745098039215686,0.32941176470588235,0.17647058823529413,1322.0075645879626,282598
0.24313725490196078,0.3411764705882353,0.1803921568627451,1158.0066261670656,283635
0.8823529411764706,0.8901960784313725,0.8941176470588236,487.0027866522979,826944
0.8901960784313725,0.9176470588235294,0.8784313725490196,120.00068664943686,800121
0.9137254901960784,0.9176470588235294,0.9019607843137255,28.000160218201934,117096
0.8745098039215686,0.8941176470588236,0.9058823529411765,333.00190545218726,752979
0.8745098039215686,0.9098039215686274,0.9254901960784314,703.0040226212842,886538
0.9058823529411765,0.9137254901960784,0.9176470588235294,99.00056648578541,864906
0.8196078431372549,0.8274509803921568,0.8784313725490196,9.000051498707764,881848
0.8588235294117647,0.8352941176470589,0.8745098039215686,1.0000057220786405,840339
0.8431372549019608,0.8666666666666667,0.8862745098039215,743.0042515044298,810335
0.8392156862745098,0.8705882352941177,0.9058823529411765,3.0000171662359216,865921
0.8588235294117647,0.8705882352941177,0.9058823529411765,3.0000171662359216,841364
0.2,0.3176470588235294,0.16470588235294117,1110.006351507291,378655
0.20392156862745098,0.3137254901960784,0.16862745098039217,732.0041885615648,323414
0.2,0.32941176470588235,0.16862745098039217,50.00028610393203,147444
0.21568627450980393,0.32941176470588235,0.16470588235294117,403.00230599769213,188405
0.2,0.3137254901960784,0.1843137254901961,1150.0065803904365,239279
0.21568627450980393,0.3137254901960784,0.17254901960784313,2008.01148993391,289743
0.19607843137254902,0.3411764705882353,0.1843137254901961,701.0040111771269,151474
0.20784313725490197,0.32941176470588235,0.1803921568627451,862.0049324317881,328511
0.3215686274509804,0.2784313725490196,0.26666666666666666,107.00061226241453,325903
0.3686274509803922,0.27450980392156865,0.25098039215686274,127.00072670398734,166161
0.3176470588235294,0.28627450980392155,0.25882352941176473,566.0032386965105,320976
0.34901960784313724,0.30980392156862746,0.25098039215686274,362.0020713924678,505081
0.3254901960784314,0.2549019607843137,0.2901960784313726,51.00029182601067,946894
0.3568627450980392,0.2627450980392157,0.29411764705882354,131.0007495923019,987714
0.3137254901960784,0.29411764705882354,0.2901960784313726,268.00153351707564,596539
0.34509803921568627,0.3058823529411765,0.3058823529411765,104.00059509617861,144793
0.043137254901960784,0.13725490196078433,0.30196078431372547,4.000022888314562,967624
0.09803921568627451,0.1843137254901961,0.2823529411764706,168.0009613092116,448034
0.047058823529411764,0.21568627450980393,0.25098039215686274,3.0000171662359216,164353
0.12156862745098039,0.2,0.28627450980392155,135.00077248061646,294305
0.023529411764705882,0.13725490196078433,0.3215686274509804,11.000062942865044,982000
0.10196078431372549,0.1568627450980392,0.3137254901960784,17.000097275336888,870860
0.10980392156862745,0.21568627450980393,0.3176470588235294,84.0004806546058,452145
0.10588235294117647,0.09803921568627451,0.10196078431372549,1205.0068951047617,190811
0.10980392156862745,0.10196078431372549,0.09411764705882353,1864.0106659545859,666113
0.10588235294117647,0.10980392156862745,0.10196078431372549,5.000028610393202,469359
0.12156862745098039,0.10980392156862745,0.10588235294117647,242.001384743031,591326
0.10196078431372549,0.10196078431372549,0.11764705882352941,1419.0081196295907,506329
0.11372549019607843,0.09803921568627451,0.11372549019607843,581.0033245276901,850329
0.10588235294117647,0.10980392156862745,0.11764705882352941,278.00159073786205,434628
0.11764705882352941,0.11372549019607843,0.12156862745098039,1138.0065117254928,412022
0.44313725490196076,0.25098039215686274,0.2,252.0014419638174,924788
0.49411764705882355,0.2784313725490196,0.19607843137254902,200.0011444157281,956548
0.4588235294117647,0.2901960784313726,0.18823529411764706,110.00062942865046,879234
0.4980392156862745,0.28627450980392155,0.21568627450980393,107.00061226241453,914514
0.4627450980392157,0.2627450980392157,0.23921568627450981,335.00191689634454,937406
0.49411764705882355,0.27450980392156865,0.22745098039215686,236.00135041055916,959534
0.4549019607843137,0.28627450980392155,0.2235294117647059,88.00050354292036,935508
0.49411764705882355,0.28627450980392155,0.22745098039215686,348.00199128336686,879646
0.4666666666666667,0.5764705882352941,0.6313725490196078,345.00197411713094,544406
0.4980392156862745,0.5843137254901961,0.6235294117647059,729.0041713953289,597688
0.4549019607843137,0.592156862745098,0.6509803921568628,42.0002403273029,470619
0.49411764705882355,0.6039215686274509,0.6431372549019608,208.00119019235723,486004
0.4666666666666667,0.5843137254901961,0.6666666666666666,41.00023460522426,487030
0.48627450980392156,0.5843137254901961,0.6588235294117647,68.00038910134755,267781
0.4627450980392157,0.592156862745098,0.6627450980392157,36.000205994831056,561821
0.49019607843137253,0.6196078431372549,0.6705882352941176,194.00111008325626,546430
0.4470588235294118,0.4392156862745098,0.5215686274509804,195.0011158053349,986804
0.4823529411764706,0.4392156862745098,0.5137254901960784,150.00085831179607,1015433
0.4470588235294118,0.47843137254901963,0.5019607843137255,312.0017852885358,297270
0.47058823529411764,0.49019607843137253,0.5137254901960784,219.00125313522227,285070
0.4392156862745098,0.4470588235294118,0.5333333333333333,203.00116158196403,992948
0.47058823529411764,0.4588235294117647,0.5294117647058824,107.00061226241453,1006234
0.44313725490196076,0.49411764705882355,0.5294117647058824,231.00132180016595,341581
0.47058823529411764,0.47058823529411764,0.5490196078431373,234.00133896640187,1001123
0.5647058823529412,0.33725490196078434,0.2784313725490196,158.0009040884252,883817
0.592156862745098,0.3411764705882353,0.27058823529411763,7.0000400545504835,1013989
0.5843137254901961,0.34901960784313724,0.2784313725490196,200.0011444157281,913458
0.6039215686274509,0.37254901960784315,0.2627450980392157,115.00065803904366,924738
0.5764705882352941,0.3411764705882353,0.2901960784313726,53.00030327016795,918590
0.6078431372549019,0.3607843137254902,0.28627450980392155,144.00082397932422,1041679
0.06666666666666667,0.06274509803921569,0.06666666666666667,1092.0062485098754,404857
0.08235294117647059,0.07450980392156863,0.07058823529411765,1735.0099278064413,507289
0.07058823529411765,0.0784313725490196,0.07450980392156863,2.000011444157281,424235
0.09019607843137255,0.0784313725490196,0.07058823529411765,280.0016021820193,478499
0.06666666666666667,0.06666666666666667,0.0784313725490196,1208.0069122709976,855434
0.0784313725490196,0.07450980392156863,0.08235294117647059,644.0036850186444,398678
0.07450980392156863,0.0784313725490196,0.09019607843137255,215.0012302469077,369064
0.08627450980392157,0.0784313725490196,0.08235294117647059,1340.0076675853782,517525
0.18823529411764706,0.09019607843137255,0.023529411764705882,47.0002689376961,798463
0.19607843137254902,0.09411764705882353,0.023529411764705882,165.00094414297567,795388
0.2196078431372549,0.10980392156862745,0.027450980392156862,143.00081825724558,785142
0.19215686274509805,0.09019607843137255,0.03529411764705882,77.00044060005531,833308
0.19607843137254902,0.10588235294117647,0.054901960784313725,662.00378801606,891705
0.2196078431372549,0.11372549019607843,0.03529411764705882,513.0029354263426,815892
0.2627450980392157,0.34901960784313724,0.18823529411764706,751.0042972810589,687841
0.27058823529411763,0.3568627450980392,0.2,675.0038624030823,310968
0.2627450980392157,0.3686274509803922,0.19607843137254902,879.005029707125,328568
0.26666666666666666,0.36470588235294116,0.18823529411764706,830.0047493252716,347018
0.2549019607843137,0.35294117647058826,0.21568627450980393,952.0054474188657,435918
0.27450980392156865,0.34901960784313724,0.20392156862745098,745.0042629485871,581402
0.2549019607843137,0.36470588235294116,0.20784313725490197,1018.005825076056,21971
0.26666666666666666,0.37254901960784315,0.21568627450980393,473.00270654319695,20931
0.19215686274509805,0.2784313725490196,0.38823529411764707,140.00080109100966,419369
0.23921568627450981,0.2784313725490196,0.4,35.000200272752416,326164
0.20392156862745098,0.28627450980392155,0.38823529411764707,511.0029239821853,474680
0.22745098039215686,0.3058823529411765,0.3843137254901961,509.002912538028,578157
0.19607843137254902,0.2627450980392157,0.4117647058823529,21.00012016365145,439862
0.23921568627450981,0.2784313725490196,0.43529411764705883,6.000034332471843,143611
0.18823529411764706,0.3058823529411765,0.4235294117647059,239.00136757679508,468580
0.23137254901960785,0.30196078431372547,0.40784313725490196,109.00062370657182,256508
0.6901960784313725,0.7254901960784313,0.7568627450980392,1207.006906548919,1045217
0.7098039215686275,0.7215686274509804,0.7568627450980392,557.0031871978027,973194
0.6980392156862745,0.7333333333333333,0.7490196078431373,297.0016994573562,882262
0.7019607843137254,0.7372549019607844,0.7607843137254902,800.0045776629124,1042289
0.6862745098039216,0.7294117647058823,0.7647058823529411,481.0027523198261,869700
0.7098039215686275,0.7215686274509804,0.7686274509803922,580.0033188056115,822273
0.6862745098039216,0.7333333333333333,0.7647058823529411,840.004806546058,953278
0.7098039215686275,0.7333333333333333,0.7764705882352941,1491.0085316192528,909664
0.6509803921568628,0.6392156862745098,0.5607843137254902,199.00113869364947,320946
0.6745098039215687,0.6352941176470588,0.5686274509803921,192.00109863909898,388327
0.6431372549019608,0.6588235294117647,0.5882352941176471,79.0004520442126,619220
0.6823529411764706,0.6705882352941176,0.5882352941176471,114.00065231696502,436892
0.6392156862745098,0.6274509803921569,0.611764705882353,417.0023861067931,629463
0.6745098039215687,0.6470588235294118,0.615686274509804,271.00155068331156,464558
0.6509803921568628,0.6705882352941176,0.611764705882353,98.00056076370677,657066
0.6784313725490196,0.6627450980392157,0.6078431372549019,192.00109863909898,911186
0.21568627450980393,0.3137254901960784,0.3764705882352941,55.00031471432523,380432
0.23921568627450981,0.3215686274509804,0.38823529411764707,496.0028381510057,589445
0.18823529411764706,0.3568627450980392,0.3843137254901961,4.000022888314562,161276
0.24313725490196078,0.34901960784313724,0.403921568627451,19.00010871949417,484928
0.18823529411764706,0.32941176470588235,0.43529411764705883,211.00120735859315,234992
0.22745098039215686,0.3254901960784314,0.42745098039215684,614.0035133562852,289287
0.20392156862745098,0.3568627450980392,0.41568627450980394,9.000051498707764,366093
0.23529411764705882,0.34509803921568627,0.4196078431372549,144.00082397932422,482866
0.6078431372549019,0.6313725490196078,0.4117647058823529,4.000022888314562,873316
0.5333333333333333,0.6470588235294118,0.47843137254901963,4.000022888314562,709337
0.6980392156862745,0.5215686274509804,0.4627450980392157,416.00238038471446,1027310
0.7215686274509804,0.5137254901960784,0.44313725490196076,21.00012016365145,1027227
0.6941176470588235,0.5372549019607843,0.4666666666666667,107.00061226241453,1030173
0.7254901960784313,0.5490196078431373,0.4549019607843137,107.00061226241453,913443
0.6862745098039216,0.5058823529411764,0.49019607843137253,194.00111008325626,945291
0.7333333333333333,0.5215686274509804,0.48627450980392156,2.000011444157281,960669
0.7058823529411765,0.5568627450980392,0.4980392156862745,474.0027122652756,1001540
0.7254901960784313,0.5372549019607843,0.47058823529411764,226.00129318977275,926823
0.3254901960784314,0.3137254901960784,0.2784313725490196,129.00073814814462,515537
0.37254901960784315,0.32941176470588235,0.27058823529411763,397.0022716652203,705057
0.3176470588235294,0.36470588235294116,0.2627450980392157,25.000143051966013,492233
0.35294117647058826,0.3568627450980392,0.25882352941176473,36.000205994831056,668379
0.33725490196078434,0.3137254901960784,0.28627450980392155,381.002180111962,431395
0.37254901960784315,0.32941176470588235,0.28627450980392155,404.0023117197708,475395
0.3137254901960784,0.35294117647058826,0.3058823529411765,29.000165940280574,411104
0.3686274509803922,0.35294117647058826,0.30196078431372547,137.00078392477374,383337
0.6352941176470588,0.38823529411764707,0.17647058823529413,41.00023460522426,782079
0.6862745098039216,0.40784313725490196,0.1843137254901961,1.0000057220786405,849532
0.6901960784313725,0.43137254901960786,0.20392156862745098,14.000080109100967,817817
0.6784313725490196,0.4470588235294118,0.24313725490196078,38.00021743898834,843427
0.6901960784313725,0.4549019607843137,0.20784313725490197,47.0002689376961,860801
0.7294117647058823,0.7803921568627451,0.8196078431372549,379.0021686678047,739337
0.7215686274509804,0.8,0.8235294117647058,21.00012016365145,286249
0.7450980392156863,0.8,0.8156862745098039,57.00032615848251,430673
0.7294117647058823,0.792156862745098,0.8274509803921568,100.00057220786405,901984
0.7450980392156863,0.788235294117647,0.8274509803921568,462.0026436003319,768123
0.7176470588235294,0.796078431372549,0.8313725490196079,12.000068664943687,886616
0.7411764705882353,0.807843137254902,0.8392156862745098,103.00058937409997,905040
0.33725490196078434,0.3176470588235294,0.21176470588235294,54.00030899224659,1032
0.37254901960784315,0.3176470588235294,0.21568627450980393,200.0011444157281,9238
0.3137254901960784,0.3686274509803922,0.18823529411764706,548.003135699095,260115
0.34509803921568627,0.34509803921568627,0.18823529411764706,9.000051498707764,242261
0.3333333333333333,0.3137254901960784,0.23529411764705882,25.000143051966013,462047
0.3568627450980392,0.3137254901960784,0.24313725490196078,179.00102425207663,532962
0.3137254901960784,0.36470588235294116,0.2196078431372549,477.0027294315115,584872
0.35294117647058826,0.3568627450980392,0.2196078431372549,28.000160218201934,395933
0.3137254901960784,0.3176470588235294,0.39215686274509803,86.00049209876308,305767
0.34901960784313724,0.3137254901960784,0.3803921568627451,87.00049782084172,945885
0.3215686274509804,0.35294117647058826,0.396078431372549,547.0031299770163,313903
0.3607843137254902,0.3568627450980392,0.3843137254901961,316.0018081768504,146774
0.3254901960784314,0.32941176470588235,0.43529411764705883,37.000211716909696,855350
0.35294117647058826,0.32941176470588235,0.4235294117647059,104.00059509617861,953059
0.3411764705882353,0.3568627450980392,0.4196078431372549,257.0014705742106,127404
0.3686274509803922,0.37254901960784315,0.40784313725490196,83.00047493252715,145725
0.36470588235294116,0.5254901960784314,0.5254901960784314,57.00032615848251,299391
0.2980392156862745,0.5058823529411764,0.615686274509804,2.000011444157281,915404
0.3686274509803922,0.5647058823529412,0.5725490196078431,1.0000057220786405,163327
0.2,0.28627450980392155,0.12941176470588237,1175.0067234424025,664556
0.21176470588235294,0.29411764705882354,0.12549019607843137,1463.008371401051,899043
0.2,0.2980392156862745,0.13333333333333333,19.00010871949417,658394
0.21176470588235294,0.2980392156862745,0.13333333333333333,2412.0138016536807,641991
0.19215686274509805,0.2901960784313726,0.14901960784313725,265.0015163508397,204773
0.20392156862745098,0.2901960784313726,0.15294117647058825,92.00052643123492,318414
0.18823529411764706,0.30196078431372547,0.15294117647058825,226.00129318977275,178147
0.20392156862745098,0.3058823529411765,0.14901960784313725,377.00215722364743,192506
0.6274509803921569,0.5882352941176471,0.6235294117647059,40.00022888314562,1010067
0.6549019607843137,0.5882352941176471,0.6352941176470588,4.000022888314562,942378
0.6274509803921569,0.611764705882353,0.6509803921568628,524.0029983692076,957913
0.6705882352941176,0.6078431372549019,0.6313725490196078,534.003055589994,1016406
0.6352941176470588,0.5882352941176471,0.6745098039215687,2.000011444157281,932681
0.6549019607843137,0.5843137254901961,0.6666666666666666,1.0000057220786405,929590
0.6509803921568628,0.6196078431372549,0.6705882352941176,343.00196267297366,999830
0.6705882352941176,0.6196078431372549,0.6549019607843137,55.00031471432523,953771
0.5843137254901961,0.5843137254901961,0.5058823529411764,119.00068092735822,624177
0.592156862745098,0.5882352941176471,0.5176470588235295,125.00071525983006,681629
0.5725490196078431,0.6,0.5058823529411764,116.0006637611223,409248
0.596078431372549,0.6196078431372549,0.5058823529411764,249.00142479758148,338133
0.5803921568627451,0.5725490196078431,0.5411764705882353,320.00183106516494,368227
0.592156862745098,0.5843137254901961,0.5490196078431373,257.0014705742106,369294
0.5843137254901961,0.596078431372549,0.5490196078431373,99.00056648578541,560840
0.6,0.6039215686274509,0.5333333333333333,196.00112152741355,227608
0.6941176470588235,0.6941176470588235,0.6274509803921569,229.00131035600867,107854
0.7254901960784313,0.7098039215686275,0.6470588235294118,169.00096703129023,330157
0.6901960784313725,0.7411764705882353,0.6509803921568628,35.000200272752416,668377
0.7176470588235294,0.7450980392156863,0.6431372549019608,76.00043487797667,585977
0.7019607843137254,0.7098039215686275,0.6705882352941176,433.00247766005134,225561
0.7372549019607844,0.6862745098039216,0.6745098039215687,280.0016021820193,1011102
0.6862745098039216,0.7176470588235294,0.6666666666666666,97.00055504162813,325932
0.7176470588235294,0.7333333333333333,0.6784313725490196,147.00084114556014,326956
0.6901960784313725,0.5803921568627451,0.5725490196078431,224.00128174561547,981323
0.7176470588235294,0.5882352941176471,0.5607843137254902,87.00049782084172,1011918
0.7098039215686275,0.592156862745098,0.5843137254901961,258.00147629628924,973125
0.7215686274509804,0.6,0.5607843137254902,402.0023002756135,1011294
0.7137254901960784,0.5843137254901961,0.596078431372549,15.000085831179607,930966
0.7254901960784313,0.5882352941176471,0.592156862745098,1.0000057220786405,915583
0.7019607843137254,0.596078431372549,0.6039215686274509,288.00164795864845,991787
0.7254901960784313,0.615686274509804,0.592156862745098,177.00101280791935,937191
0.6470588235294118,0.5647058823529412,0.5019607843137255,193.00110436117762,935482
0.6784313725490196,0.5803921568627451,0.5137254901960784,109.00062370657182,252185
0.6274509803921569,0.596078431372549,0.5254901960784314,180.00102997415527,344568
0.6588235294117647,0.6039215686274509,0.5215686274509804,263.00150490668244,423146
0.6352941176470588,0.5882352941176471,0.5411764705882353,163.0009326988184,921148
0.6666666666666666,0.5882352941176471,0.5294117647058824,151.0008640338747,897465
0.6235294117647059,0.6,0.5568627450980392,163.0009326988184,117067
0.6823529411764706,0.6196078431372549,0.5411764705882353,228.00130463393003,394473
0.10196078431372549,0.18823529411764706,0.13725490196078433,523.002992647129,120503
0.10980392156862745,0.19607843137254902,0.13725490196078433,231.00132180016595,115363
0.10588235294117647,0.20392156862745098,0.13725490196078433,38.00021743898834,50895
0.11372549019607843,0.21568627450980393,0.12549019607843137,179.00102425207663,6108
0.10196078431372549,0.19607843137254902,0.1411764705882353,901.0051555928551,63177
0.10980392156862745,0.2,0.14901960784313725,652.0037307952736,81642
0.10588235294117647,0.20392156862745098,0.14901960784313725,213.00121880275043,92923
0.12156862745098039,0.21568627450980393,0.15294117647058825,2974.0170174618765,90776
0.18823529411764706,0.3254901960784314,0.19215686274509805,518.0029640367358,91974
0.20392156862745098,0.3176470588235294,0.19215686274509805,2764.015815825362,212643
0.2,0.3411764705882353,0.19215686274509805,102.00058365202133,153479
0.21176470588235294,0.32941176470588235,0.19607843137254902,968.005538972124,5626
0.2,0.3137254901960784,0.21176470588235294,67.00038337926891,161416
0.20784313725490197,0.3215686274509804,0.21176470588235294,841.0048122681367,166519
0.19215686274509805,0.32941176470588235,0.20392156862745098,17.000097275336888,154439
0.21176470588235294,0.32941176470588235,0.21176470588235294,408.00233460808533,171664
0.0196078431372549,0.027450980392156862,0.06274509803921569,1.0000057220786405,295302
0.054901960784313725,0.023529411764705882,0.09019607843137255,3.0000171662359216,851293
0.027450980392156862,0.047058823529411764,0.07058823529411765,81.00046348836987,193942
0.023529411764705882,0.027450980392156862,0.09411764705882353,1.0000057220786405,862653
0.01568627450980392,0.050980392156862744,0.10196078431372549,4.000022888314562,340496
0.03529411764705882,0.050980392156862744,0.09411764705882353,23.00013160780873,214521
0.23137254901960785,0.34509803921568627,0.18823529411764706,434.00248338213,328538
0.23529411764705882,0.35294117647058826,0.2,1128.0064545047064,456446
0.22745098039215686,0.36470588235294116,0.18823529411764706,35.000200272752416,145404
0.24705882352941178,0.3607843137254902,0.2,266.00152207291836,318324
0.22745098039215686,0.34901960784313724,0.20784313725490197,955.0054645851017,52739
0.23921568627450981,0.35294117647058826,0.20784313725490197,2068.0118332586285,193126
0.22745098039215686,0.3607843137254902,0.21568627450980393,26.000148774044654,4595
0.24705882352941178,0.3686274509803922,0.21568627450980393,735.0042057278007,200283
0.25098039215686274,0.3254901960784314,0.13333333333333333,249.00142479758148,774083
0.27058823529411763,0.3254901960784314,0.13725490196078433,34.000194550673775,850774
0.2549019607843137,0.3333333333333333,0.13725490196078433,1934.0110665000907,765861
0.2784313725490196,0.33725490196078434,0.13725490196078433,34.000194550673775,888726
0.25098039215686274,0.3254901960784314,0.1411764705882353,26.000148774044654,890783
0.2784313725490196,0.3254901960784314,0.1411764705882353,6.000034332471843,868194
0.2549019607843137,0.33725490196078434,0.1411764705882353,3227.018465147773,836487
0.27058823529411763,0.3411764705882353,0.14901960784313725,123.00070381567278,740251
0.403921568627451,0.39215686274509803,0.4666666666666667,93.00053215331356,977591
0.4196078431372549,0.396078431372549,0.4588235294117647,92.00052643123492,1011330
0.39215686274509803,0.41568627450980394,0.44313725490196076,392.0022430548271,325148
0.43137254901960786,0.42745098039215684,0.4666666666666667,267.001527794997,140601
0.396078431372549,0.3803921568627451,0.4745098039215686,134.00076675853782,949992
0.40784313725490196,0.38823529411764707,0.47843137254901963,138.00078964685238,1005198
0.3843137254901961,0.43529411764705883,0.49019607843137253,133.00076103645918,419433
0.4235294117647059,0.40784313725490196,0.49019607843137253,126.0007209819087,948967
0.7019607843137254,0.6509803921568628,0.5607843137254902,189.00108147286304,715082
0.7450980392156863,0.6235294117647059,0.5803921568627451,87.00049782084172,1043672
0.6980392156862745,0.6745098039215687,0.5882352941176471,160.00091553258247,137515
0.7333333333333333,0.6627450980392157,0.5764705882352941,169.00096703129023,740701
0.7098039215686275,0.6274509803921569,0.611764705882353,197.00112724949219,957709
0.7254901960784313,0.6392156862745098,0.6196078431372549,185.00105858454847,878853
0.7058823529411765,0.6627450980392157,0.592156862745098,213.00121880275043,768358
0.7372549019607844,0.6549019607843137,0.6196078431372549,174.00099564168343,912552
0.5254901960784314,0.5215686274509804,0.5764705882352941,189.00108147286304,845925
0.5490196078431373,0.5176470588235295,0.5764705882352941,99.00056648578541,832674
0.5215686274509804,0.5529411764705883,0.5607843137254902,246.00140763134556,590521
0.5372549019607843,0.5450980392156862,0.5882352941176471,204.00116730404267,215597
0.5176470588235295,0.5254901960784314,0.6,57.00032615848251,950011
0.5294117647058824,0.5098039215686274,0.592156862745098,20.00011444157281,862373
0.5215686274509804,0.5568627450980392,0.592156862745098,336.0019226184232,312846
0.5294117647058824,0.5568627450980392,0.596078431372549,212.0012130806718,795036
0.6352941176470588,0.6549019607843137,0.42745098039215684,25.000143051966013,876396
0.7411764705882353,0.6431372549019608,0.39215686274509803,10.000057220786404,229733
0.6509803921568628,0.6352941176470588,0.4823529411764706,217.001241691065,174341
0.7098039215686275,0.6549019607843137,0.48627450980392156,83.00047493252715,891666
0.6823529411764706,0.6862745098039216,0.4980392156862745,3.0000171662359216,898981
0.2823529411764706,0.3568627450980392,0.16470588235294117,105.00060081825725,601974
0.3058823529411765,0.35294117647058826,0.1568627450980392,16.000091553258248,861021
0.28627450980392155,0.3686274509803922,0.16470588235294117,2024.0115814871683,743156
0.2980392156862745,0.37254901960784315,0.16862745098039217,75.00042915589803,557886
0.2823529411764706,0.35294117647058826,0.1843137254901961,370.00211716909695,678690
0.2980392156862745,0.35294117647058826,0.1803921568627451,74.00042343381939,266257
0.2823529411764706,0.3686274509803922,0.17254901960784313,2336.013366775704,718673
0.30196078431372547,0.37254901960784315,0.17647058823529413,368.00210572493967,566074
0.6666666666666666,0.6,0.4745098039215686,815.004663494092,115929
0.6745098039215687,0.6,0.47843137254901963,2155.01233107947,109824
0.6549019607843137,0.6078431372549019,0.47843137254901963,179.00102425207663,134434
0.6705882352941176,0.6078431372549019,0.47843137254901963,359.0020542262319,138465
0.6666666666666666,0.6039215686274509,0.4980392156862745,43.00024604938154,677171
0.6784313725490196,0.592156862745098,0.48627450980392156,1097.0062771202686,26874
0.6666666666666666,0.611764705882353,0.48627450980392156,72.00041198966211,121118
0.6823529411764706,0.6078431372549019,0.49019607843137253,642.0036735744872,107726
0.5019607843137255,0.4627450980392157,0.38823529411764707,154.00088120011063,320777
0.5490196078431373,0.4470588235294118,0.3803921568627451,244.00139618718828,408799
0.5098039215686274,0.49411764705882355,0.4,153.000875478032,676515
0.5450980392156862,0.49411764705882355,0.39215686274509803,277.0015850157834,349419
0.5254901960784314,0.4392156862745098,0.41568627450980394,131.0007495923019,134524
0.5450980392156862,0.45098039215686275,0.42745098039215684,109.00062370657182,913904
0.5019607843137255,0.4823529411764706,0.4235294117647059,116.0006637611223,340327
0.5450980392156862,0.49411764705882355,0.40784313725490196,155.00088692218927,704141
0.6470588235294118,0.5176470588235295,0.5098039215686274,163.0009326988184,901603
0.6627450980392157,0.5215686274509804,0.5058823529411764,176.0010070858407,982269
0.6431372549019608,0.5411764705882353,0.5254901960784314,106.0006065403359,961754
0.6666666666666666,0.5294117647058824,0.5098039215686274,437.0025005483659,972995
0.6313725490196078,0.5215686274509804,0.5294117647058824,32.000183106516495,1037772
0.6549019607843137,0.5058823529411764,0.5333333333333333,12.000068664943687,947419
0.6352941176470588,0.5411764705882353,0.5568627450980392,129.00073814814462,1016435
0.6549019607843137,0.5490196078431373,0.5450980392156862,247.0014133534242,960728
0.5058823529411764,0.24705882352941178,0.1803921568627451,1.0000057220786405,1046720
0.592156862745098,0.3686274509803922,0.4,12.000068664943687,926516
0.3176470588235294,0.3803921568627451,0.19607843137254902,1243.00711254375,292869
0.32941176470588235,0.38823529411764707,0.2,552.0031585874095,261161
0.3254901960784314,0.403921568627451,0.18823529411764706,575.0032901952183,556859
0.33725490196078434,0.39215686274509803,0.19607843137254902,301.00172234567077,244835
0.3176470588235294,0.3843137254901961,0.21568627450980393,580.0033188056115,593131
0.33725490196078434,0.38823529411764707,0.20392156862745098,206.00117874819995,249874
0.3215686274509804,0.39215686274509803,0.20784313725490197,314.0017967326931,619331
0.33725490196078434,0.396078431372549,0.20784313725490197,1320.0075531438054,259082
0.5803921568627451,0.5254901960784314,0.4470588235294118,158.0009040884252,387552
0.592156862745098,0.5098039215686274,0.45098039215686275,161.0009212546611,340201
0.5725490196078431,0.5333333333333333,0.44313725490196076,165.00094414297567,667313
0.611764705882353,0.5372549019607843,0.4588235294117647,276.00157929370476,265521
0.5764705882352941,0.5098039215686274,0.48627450980392156,124.00070953775142,882059
0.615686274509804,0.5019607843137255,0.4823529411764706,77.00044060005531,950489
0.5882352941176471,0.5568627450980392,0.47058823529411764,139.00079536893102,235837
0.6039215686274509,0.5411764705882353,0.4745098039215686,172.00098419752615,454892
0.396078431372549,0.3764705882352941,0.33725490196078434,146.0008354234815,454934
0.42745098039215684,0.3803921568627451,0.3137254901960784,254.00145340797468,330186
0.396078431372549,0.4196078431372549,0.3333333333333333,23.00013160780873,427684
0.42745098039215684,0.43137254901960786,0.32941176470588235,67.00038337926891,656123
0.3764705882352941,0.3764705882352941,0.35294117647058826,306.001750956064,376160
0.4117647058823529,0.39215686274509803,0.3568627450980392,285.0016307924125,631350
0.403921568627451,0.4117647058823529,0.3686274509803922,44.00025177146018,669311
0.40784313725490196,0.4117647058823529,0.37254901960784315,145.00082970140286,682639
0.16862745098039217,0.12549019607843137,0.09803921568627451,620.0035476887571,668035
0.1843137254901961,0.13725490196078433,0.09803921568627451,494.0028267068484,679319
0.16470588235294117,0.1411764705882353,0.10588235294117647,2.000011444157281,785958
0.17254901960784313,0.1411764705882353,0.10588235294117647,44.00025177146018,766486
0.16862745098039217,0.13333333333333333,0.10980392156862745,2075.011873313179,487694
0.1843137254901961,0.12941176470588237,0.12156862745098039,558.0031929198814,198961
0.16862745098039217,0.1411764705882353,0.11764705882352941,312.0017852885358,717265
0.17647058823529413,0.1450980392156863,0.11372549019607843,971.0055561383599,747037
0.3176470588235294,0.45098039215686275,0.18823529411764706,270.0015449612329,431949
0.34509803921568627,0.4666666666666667,0.19215686274509805,177.00101280791935,457556
0.33725490196078434,0.47058823529411764,0.2,7.0000400545504835,432980
0.34509803921568627,0.48627450980392156,0.20784313725490197,9.000051498707764,419667
0.3254901960784314,0.4392156862745098,0.23529411764705882,251.00143624173876,267904
0.35294117647058826,0.4392156862745098,0.23137254901960785,552.0031585874095,292495
0.09411764705882353,0.07450980392156863,0.06666666666666667,347.0019855612882,616886
0.11372549019607843,0.07058823529411765,0.06274509803921569,193.00110436117762,914146
0.09803921568627451,0.08235294117647059,0.07058823529411765,1273.0072842061093,572819
0.11372549019607843,0.0784313725490196,0.06666666666666667,329.0018825638727,688852
0.10196078431372549,0.07058823529411765,0.0784313725490196,132.00075531438054,179478
0.11372549019607843,0.07450980392156863,0.08627450980392157,22.00012588573009,160044
0.09411764705882353,0.08627450980392157,0.09019607843137255,2078.011890479415,402715
0.11372549019607843,0.09019607843137255,0.08627450980392157,671.0038395147677,834906
0.18823529411764706,0.1607843137254902,0.13333333333333333,1047.0059910163366,723492
0.20392156862745098,0.16470588235294117,0.13725490196078433,976.0055847487531,527677
0.18823529411764706,0.1803921568627451,0.13725490196078433,16.000091553258248,665330
0.21176470588235294,0.17254901960784313,0.13333333333333333,92.00052643123492,764436
0.2,0.16862745098039217,0.14901960784313725,1142.0065346138074,710133
0.21176470588235294,0.16470588235294117,0.1450980392156863,620.0035476887571,549247
0.2,0.17254901960784313,0.14901960784313725,224.00128174561547,519536
0.20784313725490197,0.17254901960784313,0.15294117647058825,919.0052585902706,573916
0.30980392156862746,0.3137254901960784,0.09019607843137255,1.0000057220786405,915411
0.25098039215686274,0.33725490196078434,0.12156862745098039,20.00011444157281,524200
0.30980392156862746,0.3137254901960784,0.10196078431372549,42.0002403273029,917464
0.4549019607843137,0.3411764705882353,0.3176470588235294,111.0006351507291,883059
0.4980392156862745,0.3176470588235294,0.3176470588235294,306.001750956064,913542
0.4666666666666667,0.3686274509803922,0.3176470588235294,129.00073814814462,264481
0.47058823529411764,0.3568627450980392,0.3176470588235294,281.00160790409797,886203
0.44313725490196076,0.3176470588235294,0.34901960784313724,101.0005779299427,993870
0.4745098039215686,0.32941176470588235,0.36470588235294116,137.00078392477374,953543
0.45098039215686275,0.34901960784313724,0.35294117647058826,81.00046348836987,881071
0.49019607843137253,0.3686274509803922,0.35294117647058826,105.00060081825725,915965
0.27058823529411763,0.3411764705882353,0.44313725490196076,84.0004806546058,256467
0.3058823529411765,0.3333333333333333,0.44313725490196076,20.00011444157281,147919
0.2784313725490196,0.34901960784313724,0.4470588235294118,600.0034332471843,241105
0.2823529411764706,0.36470588235294116,0.4392156862745098,232.0013275222446,457228
0.2549019607843137,0.3333333333333333,0.47058823529411764,10.000057220786404,399903
0.2980392156862745,0.3411764705882353,0.47058823529411764,2.000011444157281,938784
0.25098039215686274,0.35294117647058826,0.49019607843137253,258.00147629628924,420411
0.30196078431372547,0.36470588235294116,0.4823529411764706,44.00025177146018,254448
0.792156862745098,0.8196078431372549,0.8431372549019608,1070.0061226241453,654442
0.803921568627451,0.8235294117647058,0.8470588235294118,1101.0063000085831,704740
0.788235294117647,0.8313725490196079,0.8549019607843137,196.00112152741355,861611
0.796078431372549,0.8274509803921568,0.8470588235294118,2396.0137101004225,852485
0.7843137254901961,0.8117647058823529,0.8588235294117647,9.000051498707764,842896
0.796078431372549,0.8156862745098039,0.8588235294117647,21.00012016365145,835690
0.788235294117647,0.8313725490196079,0.8627450980392157,25.000143051966013,653587
0.807843137254902,0.8392156862745098,0.8666666666666667,143.00081825724558,838815
0.5019607843137255,0.3803921568627451,0.1607843137254902,1.0000057220786405,231784
0.6196078431372549,0.3764705882352941,0.1803921568627451,2.000011444157281,836204
0.5372549019607843,0.39215686274509803,0.24705882352941178,74.00042343381939,773782
0.6078431372549019,0.3803921568627451,0.21568627450980393,187.00107002870575,819804
0.5019607843137255,0.4980392156862745,0.20392156862745098,33.000188828595135,879478
0.5764705882352941,0.4588235294117647,0.24705882352941178,13.000074387022327,733926
0.2627450980392157,0.3803921568627451,0.16470588235294117,383.00219155611927,446253
0.2784313725490196,0.3843137254901961,0.16470588235294117,1583.009058050488,791350
0.2627450980392157,0.396078431372549,0.16470588235294117,37.000211716909696,399190
0.27450980392156865,0.396078431372549,0.16470588235294117,717.0041027303852,406443
0.25882352941176473,0.3764705882352941,0.17647058823529413,501.0028667613989,447266
0.2784313725490196,0.3764705882352941,0.1843137254901961,892.0051040941473,358340
0.25882352941176473,0.39215686274509803,0.1843137254901961,54.00030899224659,410407
0.26666666666666666,0.39215686274509803,0.17254901960784313,691.0039539563405,396115
0.5254901960784314,0.4,0.396078431372549,65.00037193511163,825476
0.5568627450980392,0.38823529411764707,0.3843137254901961,572.0032730289823,985317
0.5137254901960784,0.43529411764705883,0.396078431372549,81.00046348836987,793014
0.5529411764705883,0.40784313725490196,0.4,149.00085258971743,1013104
0.5176470588235295,0.4,0.4235294117647059,54.00030899224659,901637
0.5450980392156862,0.3843137254901961,0.40784313725490196,154.00088120011063,1031610
0.5176470588235295,0.43137254901960786,0.41568627450980394,50.00028610393203,905701
0.5568627450980392,0.40784313725490196,0.42745098039215684,83.00047493252715,1015156
0.5529411764705883,0.26666666666666666,0.023529411764705882,83.00047493252715,786185
0.596078431372549,0.29411764705882354,0.03137254901960784,45.00025749353882,791308
0.611764705882353,0.3176470588235294,0.054901960784313725,5.000028610393202,789256
0.5176470588235295,0.2627450980392157,0.10588235294117647,98.00056076370677,828018
0.5607843137254902,0.28627450980392155,0.11372549019607843,58.00033188056115,845436
0.6039215686274509,0.3215686274509804,0.0784313725490196,13.000074387022327,781056
0.27058823529411763,0.396078431372549,0.5176470588235295,196.00112152741355,540311
0.2980392156862745,0.39215686274509803,0.5019607843137255,127.00072670398734,270802
0.27058823529411763,0.41568627450980394,0.5176470588235295,108.00061798449318,516724
0.2901960784313726,0.43137254901960786,0.5098039215686274,456.00260926786007,883193
0.2627450980392157,0.39215686274509803,0.5294117647058824,25.000143051966013,424497
0.2980392156862745,0.403921568627451,0.5294117647058824,14.000080109100967,264668
0.2549019607843137,0.4117647058823529,0.5490196078431373,65.00037193511163,452141
0.29411764705882354,0.4196078431372549,0.5411764705882353,201.00115013780675,439870
0.7686274509803922,0.7764705882352941,0.7137254901960784,143.00081825724558,649943
0.796078431372549,0.7568627450980392,0.6862745098039216,141.0008068130883,344562
0.7568627450980392,0.7803921568627451,0.7098039215686275,13.000074387022327,597720
0.7803921568627451,0.7843137254901961,0.6941176470588235,36.000205994831056,557789
0.7725490196078432,0.7490196078431373,0.7372549019607844,381.002180111962,894093
0.7843137254901961,0.7647058823529411,0.7450980392156863,287.0016422365698,136498
0.7529411764705882,0.7803921568627451,0.7411764705882353,70.00040054550483,652986
0.807843137254902,0.7803921568627451,0.7411764705882353,118.00067520527958,301294
0.13725490196078433,0.12549019607843137,0.12549019607843137,1025.0058651306065,425273
0.14901960784313725,0.13725490196078433,0.13333333333333333,1040.005950961786,662080
0.12549019607843137,0.1411764705882353,0.13725490196078433,12.000068664943687,466244
0.15294117647058825,0.1450980392156863,0.13725490196078433,208.00119019235723,556520
0.12549019607843137,0.12941176470588237,0.1450980392156863,1025.0058651306065,554518
0.14901960784313725,0.13725490196078433,0.1450980392156863,318.00181962100766,216392
0.13725490196078433,0.1411764705882353,0.14901960784313725,322.0018425093222,386396
0.1450980392156863,0.14901960784313725,0.1450980392156863,792.0045318862833,251202
0.1607843137254902,0.13725490196078433,0.12549019607843137,524.0029983692076,481613
0.17254901960784313,0.13725490196078433,0.12549019607843137,71.00040626758347,500031
0.16862745098039217,0.1450980392156863,0.12941176470588237,1078.0061684007744,680471
0.17647058823529413,0.15294117647058825,0.12549019607843137,1791.0102482428451,684644
0.1568627450980392,0.13725490196078433,0.1411764705882353,54.00030899224659,715362
0.1803921568627451,0.13333333333333333,0.14901960784313725,13.000074387022327,811396
0.16470588235294117,0.14901960784313725,0.1450980392156863,802.0045891070697,513443
0.17254901960784313,0.14901960784313725,0.14901960784313725,356.002037059996,610822
0.4627450980392157,0.3333333333333333,0.21568627450980393,81.00046348836987,705226
0.4823529411764706,0.32941176470588235,0.21176470588235294,61.00034904679707,794279
0.44313725490196076,0.34509803921568627,0.19607843137254902,3.0000171662359216,231786
0.47843137254901963,0.35294117647058826,0.21176470588235294,10.000057220786404,718520
0.4392156862745098,0.3176470588235294,0.23529411764705882,400.0022888314562,688476
0.48627450980392156,0.3137254901960784,0.24705882352941178,64.00036621303299,930421
0.4549019607843137,0.3568627450980392,0.24705882352941178,386.00220872235525,22605
0.49411764705882355,0.3607843137254902,0.23137254901960785,137.00078392477374,762516
0.6980392156862745,0.7529411764705882,0.7843137254901961,407.0023288860067,949192
0.7019607843137254,0.7490196078431373,0.7843137254901961,1227.0070209904918,786586
0.6901960784313725,0.7647058823529411,0.788235294117647,27.000154496123294,520846
0.7137254901960784,0.7647058823529411,0.792156862745098,47.0002689376961,925590
0.6980392156862745,0.7568627450980392,0.8,422.0024147171863,715776
0.7137254901960784,0.7607843137254902,0.803921568627451,1855.010614455878,591963
0.6980392156862745,0.7647058823529411,0.803921568627451,34.000194550673775,946111
0.7098039215686275,0.7647058823529411,0.803921568627451,533.0030498679154,743460
0.38823529411764707,0.3333333333333333,0.3215686274509804,83.00047493252715,333265
0.41568627450980394,0.3176470588235294,0.3411764705882353,77.00044060005531,913587
0.396078431372549,0.3607843137254902,0.33725490196078434,310.00177384437853,280880
0.4235294117647059,0.3607843137254902,0.3137254901960784,161.0009212546611,453858
0.396078431372549,0.3254901960784314,0.34509803921568627,80.00045776629123,886192
0.4235294117647059,0.3333333333333333,0.37254901960784315,151.0008640338747,982680
0.3764705882352941,0.35294117647058826,0.36470588235294116,182.00104141831255,331021
0.40784313725490196,0.3686274509803922,0.34509803921568627,90.00051498707764,369925
0.8588235294117647,0.8745098039215686,0.7843137254901961,10.000057220786404,213337
0.8,0.8823529411764706,0.8705882352941177,20.00011444157281,157169
0.4392156862745098,0.4666666666666667,0.403921568627451,157.00089836634655,374029
0.4745098039215686,0.4392156862745098,0.3843137254901961,174.00099564168343,325083
0.44313725490196076,0.48627450980392156,0.3803921568627451,42.0002403273029,468674
0.49411764705882355,0.49019607843137253,0.396078431372549,83.00047493252715,635632
0.4588235294117647,0.45098039215686275,0.4117647058823529,240.00137329887372,310540
0.49411764705882355,0.4588235294117647,0.40784313725490196,199.00113869364947,325084
0.4627450980392157,0.4745098039215686,0.4235294117647059,82.00046921044851,357802
0.48627450980392156,0.47058823529411764,0.42745098039215684,145.00082970140286,255385
0.29411764705882354,0.3843137254901961,0.13725490196078433,663.0037937381386,490416
0.2980392156862745,0.38823529411764707,0.13725490196078433,36.000205994831056,494486
0.2901960784313726,0.396078431372549,0.13725490196078433,203.00116158196403,475064
0.30196078431372547,0.396078431372549,0.13725490196078433,34.000194550673775,463781
0.2823529411764706,0.3764705882352941,0.15294117647058825,987.0056476916182,551885
0.2980392156862745,0.3843137254901961,0.1450980392156863,273.00156212746884,505727
0.2823529411764706,0.396078431372549,0.1450980392156863,919.0052585902706,463694
0.30196078431372547,0.396078431372549,0.1450980392156863,1372.0078506918946,494516
0.19607843137254902,0.3411764705882353,0.4392156862745098,151.0008640338747,234994
0.23137254901960785,0.3333333333333333,0.44313725490196076,290.0016594028057,406025
0.21176470588235294,0.3568627450980392,0.4470588235294118,19.00010871949417,881134
0.24705882352941178,0.3568627450980392,0.45098039215686275,338.00193406258046,547433
0.21176470588235294,0.3333333333333333,0.4745098039215686,39.00022316106698,543364
0.23529411764705882,0.33725490196078434,0.48627450980392156,33.000188828595135,414235
0.21176470588235294,0.3686274509803922,0.47843137254901963,21.00012016365145,457314
0.2235294117647059,0.34901960784313724,0.47058823529411764,217.001241691065,987090
0.5803921568627451,0.5176470588235295,0.5019607843137255,104.00059509617861,885096
0.596078431372549,0.5176470588235295,0.5019607843137255,65.00037193511163,946383
0.5882352941176471,0.5411764705882353,0.5019607843137255,212.0012130806718,790956
0.615686274509804,0.5568627450980392,0.5019607843137255,130.00074387022326,698073
0.5647058823529412,0.5058823529411764,0.5333333333333333,122.00069809359414,985409
0.6,0.5176470588235295,0.5450980392156862,86.00049209876308,1021567
0.5803921568627451,0.5294117647058824,0.5490196078431373,255.00145913005332,890154
0.615686274509804,0.5294117647058824,0.5372549019607843,131.0007495923019,821376
0.7254901960784313,0.7215686274509804,0.7529411764705882,763.0043659460026,1000910
0.7411764705882353,0.7215686274509804,0.7529411764705882,452.0025863795455,1027582
0.7176470588235294,0.7411764705882353,0.7607843137254902,283.00161934825525,1029027
0.7411764705882353,0.7411764705882353,0.7490196078431373,129.00073814814462,845012
0.7215686274509804,0.7294117647058823,0.7686274509803922,562.0032158081959,966015
0.7333333333333333,0.7294117647058823,0.7647058823529411,272.0015564053902,902412
0.7176470588235294,0.7450980392156863,0.7764705882352941,868.00496676426,707845
0.7333333333333333,0.7372549019607844,0.7764705882352941,1057.006048237123,967046
0.5254901960784314,0.5647058823529412,0.3333333333333333,100.00057220786405,244915
0.5372549019607843,0.5725490196078431,0.3411764705882353,257.0014705742106,238776
0.5176470588235295,0.5607843137254902,0.3568627450980392,271.00155068331156,277687
0.5450980392156862,0.5764705882352941,0.36470588235294116,459.002626434096,238793
0.6549019607843137,0.6980392156862745,0.7294117647058823,496.0028381510057,1036232
0.6823529411764706,0.6862745098039216,0.7294117647058823,300.00171662359213,974281
0.6627450980392157,0.7019607843137254,0.7294117647058823,163.0009326988184,1038218
0.6784313725490196,0.7019607843137254,0.7215686274509804,220.0012588573009,1013628
0.6549019607843137,0.6980392156862745,0.7411764705882353,676.0038681251609,1019629
0.6784313725490196,0.6980392156862745,0.7411764705882353,639.0036564082512,914769
0.6627450980392157,0.7058823529411765,0.7333333333333333,1066.0060997358307,1046450
0.6705882352941176,0.7137254901960784,0.7450980392156863,773.0044231667891,1043352
0.4627450980392157,0.5607843137254902,0.5882352941176471,54.00030899224659,482845
0.48627450980392156,0.5607843137254902,0.5843137254901961,158.0009040884252,633519
0.45098039215686275,0.6196078431372549,0.5803921568627451,1.0000057220786405,180760
0.49411764705882355,0.596078431372549,0.5725490196078431,5.000028610393202,313992
0.45098039215686275,0.5725490196078431,0.6039215686274509,281.00160790409797,419376
0.4745098039215686,0.5647058823529412,0.596078431372549,518.0029640367358,457335
0.4666666666666667,0.6196078431372549,0.6196078431372549,10.000057220786404,112058
0.4823529411764706,0.596078431372549,0.6196078431372549,55.00031471432523,393736
0.5372549019607843,0.6784313725490196,0.7647058823529411,32.000183106516495,901025
0.592156862745098,0.6745098039215687,0.7607843137254902,59.00033760263979,932697
0.5490196078431373,0.6980392156862745,0.803921568627451,25.000143051966013,170283
0.615686274509804,0.7137254901960784,0.7568627450980392,149.00085258971743,914367
0.596078431372549,0.7333333333333333,0.8156862745098039,5.000028610393202,923612
0.3215686274509804,0.4196078431372549,0.1607843137254902,1165.0066662216161,463722
0.3333333333333333,0.4196078431372549,0.16862745098039217,207.0011844702786,523123
0.3254901960784314,0.4235294117647059,0.16470588235294117,517.0029583146571,482160
0.3333333333333333,0.43137254901960786,0.16470588235294117,560.0032043640387,469871
0.3215686274509804,0.40784313725490196,0.1803921568627451,513.0029354263426,528189
0.32941176470588235,0.4117647058823529,0.1843137254901961,495.00283242892704,558939
0.3215686274509804,0.43137254901960786,0.1803921568627451,344.0019683950523,461630
0.3411764705882353,0.43529411764705883,0.17254901960784313,504.0028839276348,495496
0.08627450980392157,0.12549019607843137,0.18823529411764706,86.00049209876308,550498
0.11764705882352941,0.14901960784313725,0.18823529411764706,425.0024318834222,853525
0.06666666666666667,0.1568627450980392,0.21568627450980393,6.000034332471843,365070
0.12156862745098039,0.1568627450980392,0.2,207.0011844702786,496166
0.07058823529411765,0.1411764705882353,0.23529411764705882,25.000143051966013,350740
0.11372549019607843,0.13725490196078433,0.22745098039215686,45.00025749353882,872901
0.08627450980392157,0.16470588235294117,0.23137254901960785,22.00012588573009,202146
0.12156862745098039,0.16470588235294117,0.23921568627450981,250.00143051966012,381473
0.2901960784313726,0.3568627450980392,0.19607843137254902,677.0038738472396,620336
0.2980392156862745,0.3568627450980392,0.2,19.00010871949417,579818
0.2823529411764706,0.36470588235294116,0.18823529411764706,944.0054016422366,694028
0.30980392156862746,0.3686274509803922,0.18823529411764706,669.0038280706104,292867
0.2901960784313726,0.3568627450980392,0.20392156862745098,381.002180111962,595751
0.3058823529411765,0.3568627450980392,0.21568627450980393,76.00043487797667,580765
0.2901960784313726,0.3607843137254902,0.20392156862745098,699.0039997329696,597795
0.30196078431372547,0.3686274509803922,0.20784313725490197,785.0044918317328,590052
0.19215686274509805,0.09019607843137255,0.0784313725490196,19.00010871949417,1022048
0.2235294117647059,0.06666666666666667,0.07058823529411765,5.000028610393202,889981
0.20784313725490197,0.12156862745098039,0.08235294117647059,599.0034275251056,910975
0.2196078431372549,0.11764705882352941,0.0784313725490196,85.00048637668444,905846
0.19607843137254902,0.08627450980392157,0.09411764705882353,12.000068664943687,936078
0.23529411764705882,0.09019607843137255,0.10196078431372549,1.0000057220786405,1021083
0.21176470588235294,0.12156862745098039,0.09411764705882353,260.0014877404465,927384
0.2235294117647059,0.12156862745098039,0.11764705882352941,73.00041771174075,924422
0.6235294117647059,0.38823529411764707,0.3215686274509804,82.00046921044851,1009878
0.6235294117647059,0.4196078431372549,0.32941176470588235,315.00180245477173,905220
0.6549019607843137,0.43529411764705883,0.3333333333333333,15.000085831179607,925762
0.6274509803921569,0.4,0.34509803921568627,17.000097275336888,954858
0.6274509803921569,0.42745098039215684,0.36470588235294116,592.0033874705551,1041462
0.6549019607843137,0.43137254901960786,0.3568627450980392,19.00010871949417,953827
0.3803921568627451,0.20784313725490197,0.12549019607843137,79.0004520442126,892530
0.41568627450980394,0.21568627450980393,0.1411764705882353,17.000097275336888,1035279
0.4,0.23529411764705882,0.13333333333333333,172.00098419752615,809568
0.43529411764705883,0.24313725490196078,0.1450980392156863,153.000875478032,881421
0.4,0.20784313725490197,0.16470588235294117,159.00090981050383,1023030
0.40784313725490196,0.21568627450980393,0.17647058823529413,63.00036049095435,985204
0.3843137254901961,0.24313725490196078,0.17647058823529413,263.00150490668244,898657
0.4117647058823529,0.24705882352941178,0.17254901960784313,127.00072670398734,892571
0.5058823529411764,0.5215686274509804,0.4666666666666667,109.00062370657182,346370
0.5372549019607843,0.5215686274509804,0.4666666666666667,121.0006923715155,356832
0.5254901960784314,0.5333333333333333,0.4392156862745098,59.00033760263979,580301
0.5450980392156862,0.5333333333333333,0.4392156862745098,132.00075531438054,681636
0.5215686274509804,0.5215686274509804,0.49411764705882355,181.0010356962339,261481
0.5450980392156862,0.5176470588235295,0.4823529411764706,172.00098419752615,321849
0.5215686274509804,0.5372549019607843,0.4823529411764706,91.00052070915628,641723
0.5490196078431373,0.5529411764705883,0.47058823529411764,155.00088692218927,198059
0.06274509803921569,0.03529411764705882,0.00784313725490196,1.0000057220786405,684752
0.08235294117647059,0.03137254901960784,0.011764705882352941,9.000051498707764,733890
0.07058823529411765,0.047058823529411764,0.00784313725490196,1.0000057220786405,684751
0.07058823529411765,0.03529411764705882,0.023529411764705882,2725.015592664295,816816
0.08627450980392157,0.043137254901960784,0.023529411764705882,1099.0062885644259,848571
0.07450980392156863,0.047058823529411764,0.027450980392156862,14.000080109100967,820926
0.0784313725490196,0.047058823529411764,0.027450980392156862,195.0011158053349,868064
0.25882352941176473,0.12941176470588237,0.011764705882352941,54.00030899224659,749289
0.28627450980392155,0.13725490196078433,0.027450980392156862,42.0002403273029,809764
0.30980392156862746,0.1568627450980392,0.027450980392156862,4.000022888314562,758516
0.26666666666666666,0.13333333333333333,0.058823529411764705,569.0032558627464,856882
0.2980392156862745,0.1450980392156863,0.054901960784313725,322.0018425093222,790132
0.2980392156862745,0.1568627450980392,0.058823529411764705,6.000034332471843,765675
0.29411764705882354,0.3803921568627451,0.19215686274509805,608.0034790238134,342951
0.3058823529411765,0.3843137254901961,0.19607843137254902,866.0049553201027,613191
0.2823529411764706,0.4,0.19607843137254902,340.00194550673774,373600
0.2980392156862745,0.403921568627451,0.19215686274509805,304.0017395119067,491301
0.28627450980392155,0.38823529411764707,0.20784313725490197,483.00276376398335,332696
0.3058823529411765,0.3764705882352941,0.21176470588235294,706.0040397875201,604399
0.29411764705882354,0.403921568627451,0.21176470588235294,340.00194550673774,262781
0.30196078431372547,0.4,0.20784313725490197,290.0016594028057,289428
0.45098039215686275,0.3843137254901961,0.3764705882352941,82.00046921044851,872820
0.4745098039215686,0.3764705882352941,0.38823529411764707,61.00034904679707,903685
0.4470588235294118,0.42745098039215684,0.3843137254901961,233.00133324432323,477598
0.4745098039215686,0.40784313725490196,0.396078431372549,154.00088120011063,827748
0.4666666666666667,0.4,0.41568627450980394,87.00049782084172,883085
0.47843137254901963,0.39215686274509803,0.4196078431372549,98.00056076370677,841900
0.4470588235294118,0.40784313725490196,0.40784313725490196,177.00101280791935,110999
0.47058823529411764,0.42745098039215684,0.4117647058823529,90.00051498707764,302393
0.3215686274509804,0.3843137254901961,0.2196078431372549,807.0046177174629,576745
0.32941176470588235,0.38823529411764707,0.2235294117647059,564.0032272523532,581836
0.3137254901960784,0.39215686274509803,0.2196078431372549,294.0016822911203,603383
0.33725490196078434,0.4,0.23137254901960785,558.0031929198814,577768
0.3254901960784314,0.3803921568627451,0.23529411764705882,224.00128174561547,564358
0.33725490196078434,0.3803921568627451,0.24313725490196078,726.0041542290929,544835
0.3176470588235294,0.39215686274509803,0.23921568627450981,312.0017852885358,421560
0.3411764705882353,0.396078431372549,0.24705882352941178,439.0025119925232,555147
0.3254901960784314,0.15294117647058825,0.1450980392156863,22.00012588573009,996550
0.34901960784313724,0.1450980392156863,0.12941176470588237,1.0000057220786405,1019121
0.3254901960784314,0.1803921568627451,0.1411764705882353,576.0032959172969,948830
0.35294117647058826,0.16862745098039217,0.1411764705882353,57.00032615848251,959573
0.3137254901960784,0.14901960784313725,0.17254901960784313,12.000068664943687,1002642
0.3568627450980392,0.15294117647058825,0.1568627450980392,1.0000057220786405,995521
0.3254901960784314,0.1843137254901961,0.1568627450980392,211.00120735859315,938623
0.37254901960784315,0.1843137254901961,0.16470588235294117,78.00044632213395,1001589
0.5058823529411764,0.6313725490196078,0.6274509803921569,34.000194550673775,232005
0.5568627450980392,0.6274509803921569,0.6392156862745098,157.00089836634655,610990
0.5372549019607843,0.6588235294117647,0.6509803921568628,9.000051498707764,224831
0.5215686274509804,0.6235294117647059,0.6705882352941176,127.00072670398734,576164
0.5529411764705883,0.6235294117647059,0.6784313725490196,600.0034332471843,1005549
0.5215686274509804,0.6784313725490196,0.6823529411764706,3.0000171662359216,151021
0.5529411764705883,0.6745098039215687,0.6705882352941176,24.000137329887373,143848
0.5843137254901961,0.6235294117647059,0.5882352941176471,113.00064659488638,326945
0.6039215686274509,0.6509803921568628,0.5647058823529412,142.00081253516694,688838
0.5764705882352941,0.6627450980392157,0.5803921568627451,8.000045776629124,184864
0.6039215686274509,0.6666666666666666,0.5882352941176471,70.00040054550483,625901
0.5686274509803921,0.6313725490196078,0.615686274509804,165.00094414297567,428634
0.6078431372549019,0.6470588235294118,0.596078431372549,336.0019226184232,625353
0.5725490196078431,0.6549019607843137,0.6078431372549019,17.000097275336888,321165
0.6078431372549019,0.6666666666666666,0.611764705882353,103.00058937409997,620766
0.3215686274509804,0.4392156862745098,0.17647058823529413,677.0038738472396,442227
0.34509803921568627,0.4470588235294118,0.1803921568627451,269.0015392391543,457570
0.2235294117647059,0.29411764705882354,0.12549019607843137,59.00033760263979,724928
0.23529411764705882,0.29411764705882354,0.12549019607843137,6.000034332471843,924657
0.2235294117647059,0.3058823529411765,0.13725490196078433,3108.017784220415,678841
0.24313725490196078,0.30980392156862746,0.12941176470588237,148.00084686763878,894887
0.22745098039215686,0.2823529411764706,0.15294117647058825,1.0000057220786405,596218
0.2235294117647059,0.30980392156862746,0.1411764705882353,391.00223733274845,660420
0.23921568627450981,0.3058823529411765,0.15294117647058825,1.0000057220786405,678695
0.19215686274509805,0.29411764705882354,0.2,584.003341693926,152176
0.20392156862745098,0.29411764705882354,0.19215686274509805,13.000074387022327,263998
0.18823529411764706,0.2980392156862745,0.19215686274509805,1575.0090122738588,194226
0.20392156862745098,0.30196078431372547,0.19215686274509805,1052.0060196267298,250710
0.19607843137254902,0.29411764705882354,0.20392156862745098,14.000080109100967,160383
0.19215686274509805,0.3058823529411765,0.20392156862745098,288.00164795864845,176819
0.20392156862745098,0.30980392156862746,0.20392156862745098,151.0008640338747,155234
0.14901960784313725,0.19215686274509805,0.33725490196078434,47.0002689376961,144631
0.1607843137254902,0.21176470588235294,0.32941176470588235,17.000097275336888,290271
0.14901960784313725,0.2196078431372549,0.3254901960784314,165.00094414297567,252394
0.1607843137254902,0.22745098039215686,0.3254901960784314,451.00258065746686,472592
0.1450980392156863,0.2,0.36470588235294116,6.000034332471843,958382
0.1803921568627451,0.2,0.35294117647058826,4.000022888314562,864699
0.1450980392156863,0.2235294117647059,0.34901960784313724,88.00050354292036,233970
0.1568627450980392,0.24313725490196078,0.34901960784313724,115.00065803904366,533100
0.6352941176470588,0.6862745098039216,0.7294117647058823,447.0025577691523,1044417
0.6470588235294118,0.6941176470588235,0.7254901960784313,792.0045318862833,888383
0.6313725490196078,0.7058823529411765,0.7176470588235294,68.00038910134755,608439
0.6392156862745098,0.7098039215686275,0.7215686274509804,129.00073814814462,904744
0.6352941176470588,0.6862745098039216,0.7372549019607844,540.0030899224658,992014
0.6392156862745098,0.6941176470588235,0.7372549019607844,1041.0059566838647,1010581
0.6274509803921569,0.7019607843137254,0.7411764705882353,135.00077248061646,598164
0.6470588235294118,0.7137254901960784,0.7450980392156863,349.0019970054455,921480
0.6313725490196078,0.5647058823529412,0.4196078431372549,976.0055847487531,45367
0.6392156862745098,0.5725490196078431,0.4196078431372549,38.00021743898834,132252
0.6313725490196078,0.5764705882352941,0.4117647058823529,281.00160790409797,139398
0.6392156862745098,0.5803921568627451,0.4196078431372549,139.00079536893102,144540
0.6352941176470588,0.5607843137254902,0.42745098039215684,602.0034446913415,106611
0.6431372549019608,0.5686274509803921,0.43529411764705883,667.0038166264532,106629
0.6352941176470588,0.5764705882352941,0.43529411764705883,169.00096703129023,99642
0.6431372549019608,0.5843137254901961,0.42745098039215684,573.003278751061,144548
0.7843137254901961,0.792156862745098,0.8235294117647058,144.00082397932422,880806
0.803921568627451,0.792156862745098,0.8156862745098039,49.000280381853386,860243
0.7803921568627451,0.803921568627451,0.8235294117647058,608.0034790238134,736525
0.796078431372549,0.803921568627451,0.8117647058823529,149.00085258971743,826534
0.788235294117647,0.792156862745098,0.8274509803921568,52.00029754808931,779299
0.807843137254902,0.788235294117647,0.8274509803921568,13.000074387022327,841801
0.7803921568627451,0.803921568627451,0.8274509803921568,2328.013320999075,665852
0.8,0.803921568627451,0.8313725490196079,91.00052070915628,904414
0.7058823529411765,0.6235294117647059,0.5215686274509804,396.00226594314165,802394
0.7215686274509804,0.6274509803921569,0.5058823529411764,33.000188828595135,803415
0.7058823529411765,0.6745098039215687,0.5254901960784314,12.000068664943687,154864
0.7450980392156863,0.6823529411764706,0.5137254901960784,12.000068664943687,891664
0.7019607843137254,0.6235294117647059,0.5411764705882353,204.00116730404267,641304
0.7215686274509804,0.6431372549019608,0.5333333333333333,66.00037765719027,728403
0.6862745098039216,0.6745098039215687,0.5372549019607843,77.00044060005531,172291
0.7176470588235294,0.6549019607843137,0.5372549019607843,53.00030327016795,189759
0.2627450980392157,0.3764705882352941,0.13725490196078433,313.00179101061445,447436
0.27450980392156865,0.3803921568627451,0.12549019607843137,1136.0065002813355,524275
0.25882352941176473,0.39215686274509803,0.13725490196078433,7.0000400545504835,413694
0.2784313725490196,0.39215686274509803,0.13725490196078433,145.00082970140286,502757
0.2627450980392157,0.3843137254901961,0.15294117647058825,414.0023689405572,404423
0.26666666666666666,0.3803921568627451,0.1411764705882353,1031.0058994630783,446409
0.2627450980392157,0.396078431372549,0.1450980392156863,11.000062942865044,414707
0.27058823529411763,0.39215686274509803,0.14901960784313725,336.0019226184232,424881
0.6549019607843137,0.5607843137254902,0.45098039215686275,171.0009784754475,27908
0.6705882352941176,0.5647058823529412,0.4470588235294118,8.000045776629124,748901
0.6627450980392157,0.5843137254901961,0.45098039215686275,280.0016021820193,759453
0.6745098039215687,0.5803921568627451,0.45098039215686275,22.00012588573009,797277
0.6588235294117647,0.5725490196078431,0.4588235294117647,838.0047951019008,90314
0.6745098039215687,0.5725490196078431,0.4588235294117647,8.000045776629124,705862
0.6627450980392157,0.5882352941176471,0.4627450980392157,1858.010631622114,28956
0.6705882352941176,0.5882352941176471,0.4666666666666667,204.00116730404267,93451
0.4549019607843137,0.4588235294117647,0.18823529411764706,8.000045776629124,913356
0.49411764705882355,0.4392156862745098,0.21568627450980393,4.000022888314562,733927
0.4666666666666667,0.47058823529411764,0.19215686274509805,1.0000057220786405,905143
0.49019607843137253,0.47843137254901963,0.19215686274509805,11.000062942865044,894877
0.4549019607843137,0.4588235294117647,0.24705882352941178,611.0034961900493,195664
0.49411764705882355,0.4470588235294118,0.2235294117647059,22.00012588573009,738027
0.4392156862745098,0.4823529411764706,0.24705882352941178,165.00094414297567,236692
0.4823529411764706,0.48627450980392156,0.23921568627450981,19.00010871949417,803625
0.28627450980392155,0.40784313725490196,0.1568627450980392,677.0038738472396,448327
0.30980392156862746,0.41568627450980394,0.1568627450980392,628.0035934653862,441263
0.29411764705882354,0.42745098039215684,0.16862745098039217,23.00013160780873,434005
0.30196078431372547,0.4235294117647059,0.16470588235294117,184.00105286246983,453458
0.28627450980392155,0.40784313725490196,0.1803921568627451,628.0035934653862,389989
0.2980392156862745,0.41568627450980394,0.17254901960784313,311.0017795664572,418673
0.2901960784313726,0.4235294117647059,0.1803921568627451,272.0015564053902,406344
0.2980392156862745,0.4235294117647059,0.1843137254901961,598.003421803027,398178
0.5098039215686274,0.4588235294117647,0.4470588235294118,72.00041198966211,800225
0.5490196078431373,0.4549019607843137,0.4627450980392157,68.00038910134755,990542
0.5098039215686274,0.4823529411764706,0.4470588235294118,161.0009212546611,316681
0.5411764705882353,0.47843137254901963,0.4470588235294118,134.00076675853782,326891
0.5019607843137255,0.44313725490196076,0.47843137254901963,62.00035476887571,998026
0.5568627450980392,0.4549019607843137,0.49019607843137253,65.00037193511163,977195
0.5058823529411764,0.4823529411764706,0.47058823529411764,157.00089836634655,127329
0.5450980392156862,0.48627450980392156,0.48627450980392156,111.0006351507291,808013
0.6313725490196078,0.5647058823529412,0.4470588235294118,57.00032615848251,465152
0.6470588235294118,0.5686274509803921,0.44313725490196076,1047.0059910163366,1299
0.6352941176470588,0.5764705882352941,0.4392156862745098,157.00089836634655,105779
0.6431372549019608,0.5764705882352941,0.4470588235294118,1160.006637611223,39214
0.6352941176470588,0.5725490196078431,0.4666666666666667,34.000194550673775,466175
0.6470588235294118,0.5647058823529412,0.4549019607843137,499.0028553172416,34992
0.6274509803921569,0.5843137254901961,0.4666666666666667,39.00022316106698,633105
0.6470588235294118,0.5882352941176471,0.4627450980392157,282.0016136261766,124180
0.45098039215686275,0.3803921568627451,0.4627450980392157,145.00082970140286,975537
0.47843137254901963,0.403921568627451,0.45098039215686275,91.00052070915628,981671
0.45098039215686275,0.42745098039215684,0.4470588235294118,112.00064087280774,860515
0.47058823529411764,0.4235294117647059,0.4666666666666667,116.0006637611223,899565
0.44313725490196076,0.38823529411764707,0.4745098039215686,48.000274659774746,938767
0.47058823529411764,0.403921568627451,0.47058823529411764,13.000074387022327,1026485
0.4666666666666667,0.4117647058823529,0.4745098039215686,166.0009498650543,884181
0.48627450980392156,0.42745098039215684,0.49019607843137253,122.00069809359414,975142
0.5647058823529412,0.3843137254901961,0.25098039215686274,59.00033760263979,772716
0.6078431372549019,0.38823529411764707,0.27450980392156865,66.00037765719027,911393
0.5607843137254902,0.41568627450980394,0.2784313725490196,53.00030327016795,785048
0.615686274509804,0.42745098039215684,0.26666666666666666,35.000200272752416,876212
0.5607843137254902,0.3803921568627451,0.30980392156862746,176.0010070858407,947370
0.6196078431372549,0.38823529411764707,0.30196078431372547,306.001750956064,905248
0.5647058823529412,0.43137254901960786,0.2901960784313726,58.00033188056115,762523
0.611764705882353,0.40784313725490196,0.2980392156862745,58.00033188056115,921654
0.7490196078431373,0.7058823529411765,0.6392156862745098,119.00068092735822,769385
0.792156862745098,0.6941176470588235,0.6431372549019608,30.000171662359215,876281
0.7764705882352941,0.7294117647058823,0.6274509803921569,99.00056648578541,728407
0.796078431372549,0.7411764705882353,0.6509803921568628,28.000160218201934,738646
0.7686274509803922,0.6941176470588235,0.6745098039215687,199.00113869364947,953602
0.788235294117647,0.6862745098039216,0.6705882352941176,94.0005378753922,963807
0.7725490196078432,0.7254901960784313,0.6666666666666666,167.00095558713295,234784
0.7843137254901961,0.7450980392156863,0.6666666666666666,71.00040626758347,751961
0.2823529411764706,0.38823529411764707,0.2235294117647059,464.0026550444892,22976
0.30980392156862746,0.3843137254901961,0.2196078431372549,404.0023117197708,600289
0.29411764705882354,0.396078431372549,0.22745098039215686,703.0040226212842,32182
0.2980392156862745,0.403921568627451,0.23137254901960785,294.0016822911203,23986
0.28627450980392155,0.38823529411764707,0.23529411764705882,235.00134468848051,110051
0.30980392156862746,0.38823529411764707,0.23529411764705882,192.00109863909898,414391
0.29411764705882354,0.39215686274509803,0.23529411764705882,484.002769486062,80341
0.2980392156862745,0.4,0.23921568627450981,442.0025291587591,47570
0.2549019607843137,0.3215686274509804,0.19607843137254902,293.00167656904165,639745
0.26666666666666666,0.3215686274509804,0.2,49.000280381853386,613132
0.25098039215686274,0.3333333333333333,0.2,443.00253488083774,363212
0.27058823529411763,0.3411764705882353,0.19215686274509805,582.0033302497687,667398
0.2627450980392157,0.3254901960784314,0.20392156862745098,608.0034790238134,629507
0.26666666666666666,0.3254901960784314,0.20392156862745098,109.00062370657182,628483
0.25882352941176473,0.3411764705882353,0.20392156862745098,499.0028553172416,374477
0.27058823529411763,0.32941176470588235,0.21176470588235294,608.0034790238134,549632
0.3215686274509804,0.4627450980392157,0.5647058823529412,101.0005779299427,541326
0.34901960784313724,0.4588235294117647,0.5607843137254902,45.00025749353882,281080
0.3333333333333333,0.49019607843137253,0.5725490196078431,199.00113869364947,563863
0.34901960784313724,0.4745098039215686,0.5725490196078431,376.0021515015688,945136
0.32941176470588235,0.4588235294117647,0.6,6.000034332471843,151824
0.34509803921568627,0.4666666666666667,0.596078431372549,7.0000400545504835,166187
0.3254901960784314,0.47843137254901963,0.6,27.000154496123294,166174
0.34901960784313724,0.49411764705882355,0.592156862745098,35.000200272752416,449065
0.09019607843137255,0.027450980392156862,0.08627450980392157,1.0000057220786405,871857
0.06666666666666667,0.054901960784313725,0.07058823529411765,718.0041084524638,183621
0.09411764705882353,0.058823529411764705,0.06666666666666667,50.00028610393203,895512
0.09019607843137255,0.050980392156862744,0.12156862745098039,12.000068664943687,868788
0.10196078431372549,0.058823529411764705,0.12156862745098039,5.000028610393202,829701
0.6313725490196078,0.6901960784313725,0.6509803921568628,39.00022316106698,607421
0.6745098039215687,0.6941176470588235,0.6274509803921569,109.00062370657182,352919
0.6352941176470588,0.7294117647058823,0.6470588235294118,5.000028610393202,705237
0.6823529411764706,0.7176470588235294,0.6352941176470588,16.000091553258248,658131
0.6509803921568628,0.7058823529411765,0.6705882352941176,227.0012989118514,260357
0.6705882352941176,0.6862745098039216,0.6666666666666666,357.0020427820746,225726
0.6509803921568628,0.7333333333333333,0.6627450980392157,10.000057220786404,227719
0.6823529411764706,0.7333333333333333,0.6666666666666666,21.00012016365145,519894
0.3333333333333333,0.4470588235294118,0.2549019607843137,125.00071525983006,225869
0.36470588235294116,0.4470588235294118,0.26666666666666666,579.0033130835328,40371
0.34509803921568627,0.4745098039215686,0.2784313725490196,13.000074387022327,204339
0.3254901960784314,0.4470588235294118,0.2980392156862745,18.000102997415528,183848
0.35294117647058826,0.4549019607843137,0.2901960784313726,32.000183106516495,479948
0.3686274509803922,0.4745098039215686,0.2901960784313726,3.0000171662359216,253538
0.16470588235294117,0.1607843137254902,0.1568627450980392,659.003770849824,397682
0.1803921568627451,0.1607843137254902,0.1568627450980392,534.003055589994,397595
0.16862745098039217,0.17254901960784313,0.16470588235294117,35.000200272752416,691953
0.17254901960784313,0.17254901960784313,0.16862745098039217,231.00132180016595,457158
0.16470588235294117,0.16862745098039217,0.17647058823529413,640.0036621303299,161082
0.17254901960784313,0.16862745098039217,0.17647058823529413,181.0010356962339,613935
0.16470588235294117,0.17254901960784313,0.1803921568627451,275.0015735716261,563739
0.1803921568627451,0.1803921568627451,0.1803921568627451,519.0029697588144,458173
0.38823529411764707,0.5019607843137255,0.5215686274509804,34.000194550673775,168429
0.4235294117647059,0.5215686274509804,0.5254901960784314,106.0006065403359,181725
0.39215686274509803,0.5490196078431373,0.5019607843137255,3.0000171662359216,247386
0.42745098039215684,0.5294117647058824,0.5254901960784314,6.000034332471843,450050
0.3843137254901961,0.5137254901960784,0.5529411764705883,205.0011730261213,496247
0.43529411764705883,0.5019607843137255,0.5490196078431373,354.0020256158387,137674
0.403921568627451,0.5333333333333333,0.5568627450980392,8.000045776629124,420369
0.43137254901960786,0.5294117647058824,0.5529411764705883,52.00029754808931,496266
0.2235294117647059,0.19215686274509805,0.1607843137254902,693.0039654004978,555435
0.24313725490196078,0.19215686274509805,0.16470588235294117,826.0047264369571,508185
0.23137254901960785,0.20392156862745098,0.1607843137254902,28.000160218201934,696843
0.24313725490196078,0.20784313725490197,0.16862745098039217,147.00084114556014,558506
0.2196078431372549,0.18823529411764706,0.17254901960784313,452.0025863795455,527801
0.23921568627450981,0.2,0.17647058823529413,260.0014877404465,573913
0.23137254901960785,0.20784313725490197,0.1843137254901961,169.00096703129023,673335
0.23921568627450981,0.20392156862745098,0.1843137254901961,485.00277520814063,515452
0.5294117647058824,0.5725490196078431,0.4117647058823529,329.0018825638727,305351
0.5529411764705883,0.5647058823529412,0.41568627450980394,344.0019683950523,436379
0.5372549019607843,0.5764705882352941,0.41568627450980394,150.00085831179607,308409
0.5450980392156862,0.5803921568627451,0.4117647058823529,251.00143624173876,287952
0.5411764705882353,0.5686274509803921,0.43137254901960786,754.0043144472949,379024
0.5490196078431373,0.5647058823529412,0.4235294117647059,685.0039196238687,423059
0.5294117647058824,0.5764705882352941,0.42745098039215684,209.00119591443587,335001
0.5568627450980392,0.5882352941176471,0.42745098039215684,328.00187684179406,271589
0.5607843137254902,0.33725490196078434,0.3215686274509804,15.000085831179607,941288
0.5607843137254902,0.3686274509803922,0.3176470588235294,605.0034618575775,1002501
0.592156862745098,0.3607843137254902,0.3176470588235294,50.00028610393203,940260
0.5686274509803921,0.36470588235294116,0.3607843137254902,78.00044632213395,944351
0.6,0.37254901960784315,0.34509803921568627,6.000034332471843,1034602
0.1411764705882353,0.09019607843137255,0.13725490196078433,9.000051498707764,853294
0.13333333333333333,0.12156862745098039,0.1411764705882353,629.0035991874648,844081
0.16470588235294117,0.11372549019607843,0.12941176470588237,55.00031471432523,849197
0.12941176470588237,0.08235294117647059,0.1568627450980392,1.0000057220786405,880063
0.1411764705882353,0.11372549019607843,0.1568627450980392,46.00026321561746,852264
0.1607843137254902,0.12156862745098039,0.1607843137254902,12.000068664943687,854326
0.2196078431372549,0.16862745098039217,0.13333333333333333,478.00273515359015,637327
0.23529411764705882,0.16470588235294117,0.13333333333333333,65.00037193511163,650559
0.23137254901960785,0.1803921568627451,0.13333333333333333,320.00183106516494,768543
0.24705882352941178,0.1803921568627451,0.13333333333333333,546.0031242549377,765367
0.2196078431372549,0.1607843137254902,0.15294117647058825,102.00058365202133,185760
0.24705882352941178,0.16470588235294117,0.15294117647058825,42.0002403273029,891345
0.2196078431372549,0.17647058823529413,0.14901960784313725,934.0053444214502,602503
0.24705882352941178,0.1803921568627451,0.1411764705882353,519.0029697588144,646472
0.6862745098039216,0.5254901960784314,0.5019607843137255,18.000102997415528,899191
0.7176470588235294,0.5254901960784314,0.5176470588235295,1.0000057220786405,905371
0.7019607843137254,0.5568627450980392,0.5215686274509804,510.00291826010664,993394
0.7215686274509804,0.5490196078431373,0.5019607843137255,67.00038337926891,924803
0.6862745098039216,0.5215686274509804,0.5372549019607843,1.0000057220786405,925886
0.7058823529411765,0.5490196078431373,0.5372549019607843,143.00081825724558,972927
0.7176470588235294,0.5529411764705883,0.5333333333333333,8.000045776629124,1023059
0.3137254901960784,0.14901960784313725,0.06274509803921569,10.000057220786404,862034
0.3137254901960784,0.16862745098039217,0.08235294117647059,261.00149346252516,805519
0.3568627450980392,0.1843137254901961,0.09019607843137255,201.00115013780675,761582
0.33725490196078434,0.1411764705882353,0.10196078431372549,9.000051498707764,961662
0.3686274509803922,0.14901960784313725,0.10980392156862745,1.0000057220786405,1010801
0.33725490196078434,0.1843137254901961,0.10588235294117647,233.00133324432323,869164
0.34901960784313724,0.1843137254901961,0.10196078431372549,32.000183106516495,891731
0.5803921568627451,0.7019607843137254,0.6941176470588235,18.000102997415528,219706
0.6039215686274509,0.6862745098039216,0.7019607843137254,258.00147629628924,507503
0.5686274509803921,0.7176470588235294,0.7137254901960784,1.0000057220786405,839015
0.6039215686274509,0.7372549019607844,0.7137254901960784,5.000028610393202,834865
0.5843137254901961,0.7019607843137254,0.7254901960784313,18.000102997415528,834941
0.611764705882353,0.6901960784313725,0.7372549019607844,419.0023975509504,221737
0.5803921568627451,0.7176470588235294,0.7176470588235294,8.000045776629124,834858
0.6078431372549019,0.7411764705882353,0.7450980392156863,15.000085831179607,196132
0.34901960784313724,0.41568627450980394,0.23137254901960785,661.0037822939813,314392
0.3607843137254902,0.40784313725490196,0.23137254901960785,236.00135041055916,557276
0.34509803921568627,0.42745098039215684,0.22745098039215686,183.0010471403912,306834
0.3607843137254902,0.43137254901960786,0.2235294117647059,484.002769486062,270428
0.35294117647058826,0.40784313725490196,0.23921568627450981,345.00197411713094,561348
0.37254901960784315,0.40784313725490196,0.24705882352941178,344.0019683950523,543933
0.3568627450980392,0.4235294117647059,0.24313725490196078,248.00141907550284,351909
0.36470588235294116,0.43529411764705883,0.23529411764705882,462.0026436003319,282743
0.2,0.2823529411764706,0.10588235294117647,12.000068664943687,739314
0.20784313725490197,0.2901960784313726,0.10588235294117647,28.000160218201934,752626
0.19607843137254902,0.3058823529411765,0.09803921568627451,1.0000057220786405,417763
0.20784313725490197,0.30196078431372547,0.10196078431372549,10.000057220786404,553966
0.19607843137254902,0.28627450980392155,0.12156862745098039,794.0045433304406,670714
0.21568627450980393,0.2901960784313726,0.11372549019607843,1072.0061340683026,736203
0.2,0.2980392156862745,0.11764705882352941,1.0000057220786405,593917
0.21176470588235294,0.2980392156862745,0.12156862745098039,1036.0059280734715,874480
0.25882352941176473,0.38823529411764707,0.22745098039215686,762.004360223924,9692
0.27058823529411763,0.38823529411764707,0.2196078431372549,1148.0065689462792,231047
0.2627450980392157,0.396078431372549,0.23137254901960785,14.000080109100967,23008
0.27058823529411763,0.39215686274509803,0.23137254901960785,529.0030269796008,10702
0.2627450980392157,0.3803921568627451,0.23529411764705882,63.00036049095435,180805
0.27450980392156865,0.3843137254901961,0.23529411764705882,201.00115013780675,153089
0.2627450980392157,0.39215686274509803,0.23529411764705882,11.000062942865044,206470
0.2784313725490196,0.403921568627451,0.23529411764705882,200.0011444157281,215676
0.8156862745098039,0.7764705882352941,0.7607843137254902,132.00075531438054,859380
0.8588235294117647,0.7725490196078432,0.7647058823529411,6.000034332471843,839315
0.8156862745098039,0.788235294117647,0.7607843137254902,184.00105286246983,844385
0.8431372549019608,0.7843137254901961,0.7607843137254902,57.00032615848251,905385
0.8156862745098039,0.7764705882352941,0.792156862745098,23.00013160780873,921866
0.8117647058823529,0.803921568627451,0.796078431372549,299.0017109015135,847903
0.8470588235294118,0.8,0.7803921568627451,30.000171662359215,875806
0.5019607843137255,0.5411764705882353,0.3843137254901961,132.00075531438054,569447
0.5254901960784314,0.5372549019607843,0.3843137254901961,347.0019855612882,435399
0.5019607843137255,0.5529411764705883,0.3803921568627451,96.00054931954949,311458
0.5215686274509804,0.5568627450980392,0.3764705882352941,37.000211716909696,361129
0.5058823529411764,0.5372549019607843,0.396078431372549,846.0048408785299,391268
0.5176470588235295,0.5411764705882353,0.403921568627451,721.0041256186997,428123
0.5098039215686274,0.5529411764705883,0.403921568627451,387.0022144444339,372863
0.5176470588235295,0.5529411764705883,0.39215686274509803,332.0018997301086,583821
0.6509803921568628,0.4470588235294118,0.3411764705882353,53.00030327016795,988206
0.6627450980392157,0.45098039215686275,0.33725490196078434,23.00013160780873,923710
0.6313725490196078,0.4745098039215686,0.3215686274509804,35.000200272752416,781940
0.6823529411764706,0.47058823529411764,0.32941176470588235,35.000200272752416,865095
0.6509803921568628,0.4549019607843137,0.37254901960784315,292.001670846963,931927
0.6666666666666666,0.45098039215686275,0.3686274509803922,214.00122452482907,1033478
0.6274509803921569,0.47843137254901963,0.34901960784313724,26.000148774044654,782971
0.6666666666666666,0.49411764705882355,0.3568627450980392,41.00023460522426,785020
0.6627450980392157,0.7176470588235294,0.7529411764705882,275.0015735716261,929698
0.6705882352941176,0.7176470588235294,0.7607843137254902,1071.006128346224,869702
0.6666666666666666,0.7333333333333333,0.7607843137254902,30.000171662359215,429642
0.6705882352941176,0.7372549019607844,0.7607843137254902,92.00052643123492,230963
0.6549019607843137,0.7215686274509804,0.7725490196078432,382.00218583404063,555031
0.6705882352941176,0.7294117647058823,0.7725490196078432,703.0040226212842,578560
0.6549019607843137,0.7411764705882353,0.7725490196078432,40.00022888314562,429633
0.6705882352941176,0.7411764705882353,0.7725490196078432,274.0015678495475,509546
0.33725490196078434,0.44313725490196076,0.4549019607843137,14.000080109100967,206251
0.36470588235294116,0.44313725490196076,0.4666666666666667,76.00043487797667,612018
0.3215686274509804,0.49019607843137253,0.4666666666666667,5.000028610393202,218682
0.3568627450980392,0.48627450980392156,0.4627450980392157,6.000034332471843,678613
0.32941176470588235,0.4392156862745098,0.49411764705882355,167.00095558713295,151001
0.3607843137254902,0.45098039215686275,0.4745098039215686,395.002260221063,631461
0.32941176470588235,0.48627450980392156,0.47843137254901963,7.0000400545504835,244309
0.35294117647058826,0.47058823529411764,0.4823529411764706,42.0002403273029,543296
0.09411764705882353,0.10588235294117647,0.13333333333333333,262.0014991846038,348484
0.11372549019607843,0.10588235294117647,0.12549019607843137,88.00050354292036,525825
0.10588235294117647,0.11372549019607843,0.13333333333333333,600.0034332471843,464361
0.11764705882352941,0.11372549019607843,0.12549019607843137,1195.0068378839753,201076
0.09411764705882353,0.10196078431372549,0.1411764705882353,50.00028610393203,384482
0.11764705882352941,0.10588235294117647,0.14901960784313725,9.000051498707764,317935
0.09411764705882353,0.12156862745098039,0.15294117647058825,337.0019283405018,864718
0.10980392156862745,0.12156862745098039,0.1450980392156863,307.0017566781426,581163
0.7176470588235294,0.7529411764705882,0.8117647058823529,11.000062942865044,800835
0.7450980392156863,0.7607843137254902,0.8156862745098039,27.000154496123294,869526
0.7254901960784313,0.7764705882352941,0.8117647058823529,1692.0096817570598,752653
0.7450980392156863,0.7764705882352941,0.8117647058823529,1086.0062141774035,623699
0.7176470588235294,0.7607843137254902,0.8274509803921568,2.000011444157281,869940
0.7333333333333333,0.7490196078431373,0.8313725490196079,2.000011444157281,821798
0.7254901960784313,0.7764705882352941,0.8274509803921568,19.00010871949417,603275
0.7372549019607844,0.7725490196078432,0.8274509803921568,8.000045776629124,810051
0.25882352941176473,0.34901960784313724,0.22745098039215686,493.00282098476976,503518
0.26666666666666666,0.3568627450980392,0.2235294117647059,270.0015449612329,449212
0.25882352941176473,0.36470588235294116,0.23137254901960785,1196.006843606054,455371
0.26666666666666666,0.36470588235294116,0.22745098039215686,706.0040397875201,447177
0.2549019607843137,0.35294117647058826,0.23529411764705882,46.00026321561746,509671
0.27058823529411763,0.34509803921568627,0.23921568627450981,47.0002689376961,540392
0.2627450980392157,0.37254901960784315,0.23529411764705882,38.00021743898834,458445
0.27058823529411763,0.3607843137254902,0.23529411764705882,29.000165940280574,494288
0.5058823529411764,0.27450980392156865,0.21176470588235294,44.00025177146018,916536
0.5294117647058824,0.27450980392156865,0.18823529411764706,10.000057220786404,1035276
0.5215686274509804,0.2980392156862745,0.21568627450980393,63.00036049095435,1032200
0.5333333333333333,0.3058823529411765,0.2,44.00025177146018,1034254
0.5058823529411764,0.27450980392156865,0.2235294117647059,37.000211716909696,1004617
0.5294117647058824,0.2784313725490196,0.23137254901960785,6.000034332471843,1017068
0.5137254901960784,0.2980392156862745,0.23137254901960785,376.0021515015688,1033252
0.5529411764705883,0.3058823529411765,0.23137254901960785,126.0007209819087,920612
0.45098039215686275,0.47843137254901963,0.3215686274509804,285.0016307924125,498826
0.4549019607843137,0.47843137254901963,0.3254901960784314,353.00201989376006,486535
0.44313725490196076,0.49411764705882355,0.3215686274509804,62.00035476887571,341062
0.4627450980392157,0.48627450980392156,0.3254901960784314,69.00039482342619,481446
0.45098039215686275,0.47058823529411764,0.33725490196078434,945.0054073643153,480344
0.4588235294117647,0.47843137254901963,0.33725490196078434,355.00203133791734,485476
0.44313725490196076,0.4980392156862745,0.33725490196078434,548.003135699095,361526
0.4666666666666667,0.48627450980392156,0.3411764705882353,203.00116158196403,481393
0.41568627450980394,0.21568627450980393,0.25882352941176473,156.0008926442679,915625
0.4549019607843137,0.24313725490196078,0.2549019607843137,14.000080109100967,970002
0.3764705882352941,0.24705882352941178,0.3137254901960784,2.000011444157281,932032
0.4470588235294118,0.47843137254901963,0.34509803921568627,414.0023689405572,454689
0.4549019607843137,0.4823529411764706,0.34509803921568627,74.00042343381939,477238
0.4470588235294118,0.48627450980392156,0.34901960784313724,698.003994010891,430107
0.4666666666666667,0.49411764705882355,0.3568627450980392,1248.0071411541433,437299
0.44313725490196076,0.4823529411764706,0.3686274509803922,4.000022888314562,582375
0.4588235294117647,0.4823529411764706,0.36470588235294116,5.000028610393202,227607
0.44313725490196076,0.4980392156862745,0.37254901960784315,3.0000171662359216,417446
0.4666666666666667,0.4980392156862745,0.3607843137254902,306.001750956064,476241
0.7529411764705882,0.7529411764705882,0.788235294117647,586.0033531380833,1017282
0.7725490196078432,0.7568627450980392,0.7843137254901961,219.00125313522227,1007014
0.7490196078431373,0.7764705882352941,0.792156862745098,524.0029983692076,1017658
0.7725490196078432,0.7764705882352941,0.788235294117647,240.00137329887372,818709
0.7529411764705882,0.7568627450980392,0.8,210.0012016365145,853070
0.7647058823529411,0.7607843137254902,0.8,32.000183106516495,912672
0.7490196078431373,0.7764705882352941,0.8,602.0034446913415,875180
0.7764705882352941,0.7686274509803922,0.796078431372549,302.0017280677494,773145
0.6862745098039216,0.6862745098039216,0.7254901960784313,330.00188828595134,911655
0.7058823529411765,0.6980392156862745,0.7294117647058823,293.00167656904165,864355
0.6901960784313725,0.7098039215686275,0.7254901960784313,120.00068664943686,188942
0.7019607843137254,0.7098039215686275,0.7294117647058823,65.00037193511163,695601
0.6941176470588235,0.6980392156862745,0.7411764705882353,745.0042629485871,990658
0.7137254901960784,0.6941176470588235,0.7333333333333333,256.00146485213196,1001987
0.6862745098039216,0.7019607843137254,0.7450980392156863,379.0021686678047,938302
0.7058823529411765,0.7019607843137254,0.7411764705882353,522.0029869250503,991670
0.5882352941176471,0.5254901960784314,0.27450980392156865,4.000022888314562,745201
0.596078431372549,0.5137254901960784,0.25882352941176473,4.000022888314562,763650
0.5647058823529412,0.5411764705882353,0.2784313725490196,3.0000171662359216,775951
0.615686274509804,0.5294117647058824,0.2784313725490196,2.000011444157281,753400
0.5607843137254902,0.5098039215686274,0.29411764705882354,265.0015163508397,3415
0.6196078431372549,0.5058823529411764,0.28627450980392155,2.000011444157281,826172
0.5725490196078431,0.5411764705882353,0.30980392156862746,381.002180111962,176245
0.6078431372549019,0.5411764705882353,0.29411764705882354,12.000068664943687,744176
0.596078431372549,0.6666666666666666,0.6901960784313725,270.0015449612329,152024
0.6078431372549019,0.6549019607843137,0.6941176470588235,227.0012989118514,1043432
0.592156862745098,0.6784313725490196,0.6901960784313725,126.0007209819087,836014
0.6078431372549019,0.6705882352941176,0.6901960784313725,143.00081825724558,240176
0.6039215686274509,0.6627450980392157,0.7058823529411765,645.0036907407231,1032144
0.6078431372549019,0.6666666666666666,0.7058823529411765,629.0035991874648,982857
0.592156862745098,0.6784313725490196,0.7098039215686275,188.0010757507844,229938
0.6196078431372549,0.6705882352941176,0.7058823529411765,438.00250627044454,930677
0.22745098039215686,0.34509803921568627,0.16470588235294117,134.00076675853782,429857
0.24313725490196078,0.34901960784313724,0.1568627450980392,326.0018653976368,362468
0.23137254901960785,0.3607843137254902,0.16862745098039217,5.000028610393202,395051
0.24705882352941178,0.3607843137254902,0.16862745098039217,168.0009613092116,372575
0.23137254901960785,0.3568627450980392,0.17647058823529413,593.0033931926338,382759
0.24313725490196078,0.34901960784313724,0.1803921568627451,936.0053558656075,344957
0.2235294117647059,0.3607843137254902,0.1843137254901961,37.000211716909696,143353
0.24313725490196078,0.36470588235294116,0.1843137254901961,455.0026035457814,357188
0.6274509803921569,0.5411764705882353,0.41568627450980394,465.00266076656783,6413
0.6431372549019608,0.5372549019607843,0.41568627450980394,12.000068664943687,756073
0.6274509803921569,0.5568627450980392,0.41568627450980394,604.0034561354988,47425
0.6431372549019608,0.5490196078431373,0.4117647058823529,32.000183106516495,751975
0.6313725490196078,0.5372549019607843,0.43529411764705883,665.0038051822959,26780
0.6470588235294118,0.5411764705882353,0.43529411764705883,18.000102997415528,696637
0.6313725490196078,0.5568627450980392,0.4235294117647059,539.0030842003872,93288
0.6392156862745098,0.5529411764705883,0.42745098039215684,298.00170517943485,7444
0.38823529411764707,0.3137254901960784,0.396078431372549,96.00054931954949,935686
0.4117647058823529,0.33725490196078434,0.4,88.00050354292036,932617
0.403921568627451,0.37254901960784315,0.4,105.00060081825725,247163
0.4117647058823529,0.34509803921568627,0.39215686274509803,84.0004806546058,961202
0.403921568627451,0.3254901960784314,0.40784313725490196,49.000280381853386,976169
0.41568627450980394,0.3411764705882353,0.4117647058823529,21.00012016365145,908835
0.396078431372549,0.34901960784313724,0.40784313725490196,100.00057220786405,1005177
0.4196078431372549,0.3607843137254902,0.41568627450980394,110.00062942865046,942815
0.47843137254901963,0.5019607843137255,0.35294117647058826,103.00058937409997,494697
0.48627450980392156,0.5019607843137255,0.35294117647058826,241.00137902095236,477331
0.4823529411764706,0.5176470588235295,0.34901960784313724,32.000183106516495,579718
0.4980392156862745,0.5176470588235295,0.3568627450980392,74.00042343381939,463018
0.47058823529411764,0.5019607843137255,0.3686274509803922,1027.0058765747638,438328
0.4980392156862745,0.5098039215686274,0.36470588235294116,360.00205994831055,454798
0.47843137254901963,0.5137254901960784,0.37254901960784315,557.0031871978027,428077
0.48627450980392156,0.5176470588235295,0.37254901960784315,216.00123596898635,419905
0.2235294117647059,0.3254901960784314,0.10588235294117647,20.00011444157281,530405
0.2235294117647059,0.33725490196078434,0.09803921568627451,147.00084114556014,458748
0.23529411764705882,0.33725490196078434,0.10196078431372549,54.00030899224659,497641
0.22745098039215686,0.3137254901960784,0.11764705882352941,1380.0078964685238,827361
0.23529411764705882,0.3254901960784314,0.12156862745098039,563.0032215302746,816109
0.22745098039215686,0.3411764705882353,0.11764705882352941,246.00140763134556,423904
0.24313725490196078,0.3411764705882353,0.11764705882352941,188.0010757507844,528343
0.8745098039215686,0.7725490196078432,0.7568627450980392,25.000143051966013,1023077
0.8862745098039215,0.8313725490196079,0.7529411764705882,55.00031471432523,205130
0.9647058823529412,0.8352941176470589,0.796078431372549,4.000022888314562,1017999
0.8745098039215686,0.8549019607843137,0.8392156862745098,77.00044060005531,830614
0.9529411764705882,0.8666666666666667,0.8156862745098039,1.0000057220786405,1007732
0.1411764705882353,0.25098039215686274,0.3411764705882353,10.000057220786404,554633
0.1843137254901961,0.25882352941176473,0.3333333333333333,214.00122452482907,541276
0.1450980392156863,0.2980392156862745,0.33725490196078434,5.000028610393202,110003
0.17647058823529413,0.29411764705882354,0.3137254901960784,6.000034332471843,108978
0.15294117647058825,0.25882352941176473,0.36470588235294116,43.00024604938154,468577
0.1843137254901961,0.2627450980392157,0.37254901960784315,322.0018425093222,246304
0.15294117647058825,0.30196078431372547,0.3607843137254902,2.000011444157281,234997
0.1803921568627451,0.2823529411764706,0.37254901960784315,43.00024604938154,340483
0.027450980392156862,0.06274509803921569,0.08627450980392157,1.0000057220786405,225671
0.050980392156862744,0.06274509803921569,0.07450980392156863,454.0025978237028,194956
0.011764705882352941,0.07058823529411765,0.11372549019607843,4.000022888314562,222629
0.043137254901960784,0.06666666666666667,0.09411764705882353,182.00104141831255,193937
0.058823529411764705,0.09803921568627451,0.12156862745098039,3.0000171662359216,855489
0.2549019607843137,0.2,0.16470588235294117,490.00280381853383,510262
0.27058823529411763,0.19607843137254902,0.1568627450980392,154.00088120011063,541946
0.25882352941176473,0.20784313725490197,0.16862745098039217,355.00203133791734,534859
0.27450980392156865,0.20784313725490197,0.1607843137254902,545.003118532859,780775
0.25098039215686274,0.19607843137254902,0.17647058823529413,47.0002689376961,460064
0.27450980392156865,0.19607843137254902,0.17254901960784313,28.000160218201934,348404
0.2549019607843137,0.21176470588235294,0.17647058823529413,575.0032901952183,732716
0.26666666666666666,0.20392156862745098,0.1803921568627451,374.0021400574115,522485
0.8862745098039215,0.8745098039215686,0.807843137254902,20.00011444157281,531150
0.9764705882352941,0.9137254901960784,0.8,2.000011444157281,147696
0.8823529411764706,0.8862745098039215,0.8117647058823529,132.00075531438054,211285
0.9372549019607843,0.8901960784313725,0.8549019607843137,2.000011444157281,1006715
0.9098039215686274,0.9490196078431372,0.8666666666666667,1.0000057220786405,232854
0.9921568627450981,0.9607843137254902,0.8666666666666667,2.000011444157281,147692
0.3764705882352941,0.4117647058823529,0.25098039215686274,401.00229455353485,540859
0.396078431372549,0.41568627450980394,0.25098039215686274,114.00065231696502,536785
0.3764705882352941,0.43529411764705883,0.2549019607843137,231.00132180016595,47530
0.4,0.43529411764705883,0.2549019607843137,328.00187684179406,595125
0.3764705882352941,0.4117647058823529,0.27058823529411763,479.0027408756688,524375
0.39215686274509803,0.4196078431372549,0.2784313725490196,60.00034332471843,509013
0.3803921568627451,0.4235294117647059,0.27058823529411763,439.0025119925232,531562
0.396078431372549,0.4235294117647059,0.27450980392156865,487.0027866522979,539688
0.6313725490196078,0.6274509803921569,0.5254901960784314,83.00047493252715,543982
0.6705882352941176,0.6235294117647059,0.5019607843137255,112.00064087280774,137504
0.6509803921568628,0.6627450980392157,0.5254901960784314,9.000051498707764,223490
0.6627450980392157,0.6588235294117647,0.5137254901960784,21.00012016365145,174342
0.6431372549019608,0.6352941176470588,0.5490196078431373,157.00089836634655,664248
0.6549019607843137,0.6313725490196078,0.5450980392156862,169.00096703129023,443613
0.6509803921568628,0.6588235294117647,0.5411764705882353,49.000280381853386,615686
0.6627450980392157,0.6588235294117647,0.5294117647058824,34.000194550673775,631539
0.7294117647058823,0.7529411764705882,0.7568627450980392,110.00062942865046,988128
0.7333333333333333,0.7490196078431373,0.7529411764705882,242.001384743031,969649
0.7176470588235294,0.7764705882352941,0.7490196078431373,37.000211716909696,400963
0.7411764705882353,0.7725490196078432,0.7529411764705882,84.0004806546058,490164
0.7294117647058823,0.7529411764705882,0.7764705882352941,1386.0079308009956,1010488
0.7450980392156863,0.7607843137254902,0.7647058823529411,504.0028839276348,986993
0.7176470588235294,0.7686274509803922,0.7764705882352941,48.000274659774746,552621
0.7450980392156863,0.7647058823529411,0.7764705882352941,125.00071525983006,933768
0.06666666666666667,0.0392156862745098,0.03137254901960784,448.00256349123094,899803
0.0784313725490196,0.043137254901960784,0.03137254901960784,65.00037193511163,819895
0.07058823529411765,0.047058823529411764,0.0392156862745098,118.00067520527958,804552
0.0784313725490196,0.047058823529411764,0.0392156862745098,760.0043487797667,900804
0.06274509803921569,0.043137254901960784,0.050980392156862744,52.00029754808931,859524
0.08627450980392157,0.03529411764705882,0.047058823529411764,7.0000400545504835,840099
0.07058823529411765,0.050980392156862744,0.047058823529411764,789.0045147200474,804219
0.09019607843137255,0.050980392156862744,0.047058823529411764,274.0015678495475,911041
0.7490196078431373,0.6431372549019608,0.6274509803921569,93.00053215331356,961819
0.788235294117647,0.6509803921568628,0.6392156862745098,11.000062942865044,993454
0.7568627450980392,0.6627450980392157,0.6470588235294118,149.00085258971743,938227
0.788235294117647,0.6745098039215687,0.6352941176470588,106.0006065403359,1036433
0.7686274509803922,0.6509803921568628,0.6588235294117647,4.000022888314562,915581
0.7529411764705882,0.6784313725490196,0.6627450980392157,226.00129318977275,943351
0.7803921568627451,0.6784313725490196,0.6549019607843137,38.00021743898834,941293
0.8117647058823529,0.8431372549019608,0.8431372549019608,281.00160790409797,822532
0.8392156862745098,0.8549019607843137,0.8549019607843137,436.00249482628726,867606
0.8156862745098039,0.8705882352941177,0.8549019607843137,41.00023460522426,945036
0.8274509803921568,0.8627450980392157,0.8549019607843137,54.00030899224659,820507
0.8235294117647058,0.8431372549019608,0.8627450980392157,795.0045490525192,824794
0.8392156862745098,0.8549019607843137,0.8705882352941177,659.003770849824,856726
0.8117647058823529,0.8705882352941177,0.8588235294117647,68.00038910134755,949143
0.8313725490196079,0.8588235294117647,0.8666666666666667,166.0009498650543,832786
0.3137254901960784,0.403921568627451,0.5098039215686274,27.000154496123294,974756
0.35294117647058826,0.38823529411764707,0.5058823529411764,34.000194550673775,942872
0.3176470588235294,0.42745098039215684,0.5019607843137255,313.00179101061445,545375
0.37254901960784315,0.4117647058823529,0.5215686274509804,113.00064659488638,862595
0.3411764705882353,0.39215686274509803,0.5529411764705883,3.0000171662359216,845342
0.3686274509803922,0.38823529411764707,0.5411764705882353,6.000034332471843,947080
0.3333333333333333,0.4196078431372549,0.5294117647058824,84.0004806546058,282172
0.34509803921568627,0.42745098039215684,0.5372549019607843,39.00022316106698,948001
0.12941176470588237,0.13725490196078433,0.1607843137254902,273.00156212746884,421265
0.15294117647058825,0.12549019607843137,0.16470588235294117,53.00030327016795,863609
0.13333333333333333,0.15294117647058825,0.1607843137254902,621.0035534108357,576055
0.15294117647058825,0.15294117647058825,0.16470588235294117,788.0045089979687,155986
0.13725490196078433,0.13725490196078433,0.17254901960784313,60.00034332471843,143787
0.14901960784313725,0.13725490196078433,0.17254901960784313,16.000091553258248,137634
0.12941176470588237,0.1450980392156863,0.1843137254901961,408.00233460808533,381406
0.1450980392156863,0.15294117647058825,0.1803921568627451,249.00142479758148,333211
0.07450980392156863,0.07450980392156863,0.09411764705882353,151.0008640338747,416097
0.09019607843137255,0.06274509803921569,0.09803921568627451,63.00036049095435,849307
0.07450980392156863,0.08235294117647059,0.10588235294117647,426.00243760550086,176498
0.09019607843137255,0.0784313725490196,0.09411764705882353,1413.008085297119,845181
0.07450980392156863,0.07450980392156863,0.10980392156862745,15.000085831179607,306551
0.09019607843137255,0.07450980392156863,0.10980392156862745,9.000051498707764,894509
0.07450980392156863,0.08235294117647059,0.10980392156862745,147.00084114556014,368098
0.08235294117647059,0.08627450980392157,0.10980392156862745,222.0012703014582,293215
0.7607843137254902,0.7843137254901961,0.792156862745098,162.00092697673975,1014604
0.7725490196078432,0.7803921568627451,0.7843137254901961,354.0020256158387,998289
0.7490196078431373,0.8,0.792156862745098,24.000137329887373,878996
0.7725490196078432,0.8,0.792156862745098,60.00034332471843,971721
0.7568627450980392,0.788235294117647,0.803921568627451,1310.007495923019,856664
0.7647058823529411,0.788235294117647,0.796078431372549,337.0019283405018,715071
0.7529411764705882,0.796078431372549,0.807843137254902,66.00037765719027,942021
0.7764705882352941,0.8,0.803921568627451,124.00070953775142,965581
0.3843137254901961,0.44313725490196076,0.25882352941176473,549.0031414211736,309324
0.39215686274509803,0.44313725490196076,0.2627450980392157,73.00041771174075,74163
0.3843137254901961,0.4549019607843137,0.25882352941176473,97.00055504162813,302153
0.39215686274509803,0.4588235294117647,0.25098039215686274,158.0009040884252,278635
0.38823529411764707,0.45098039215686275,0.27058823529411763,632.0036163537007,315475
0.39215686274509803,0.4470588235294118,0.27058823529411763,196.00112152741355,343070
0.3803921568627451,0.4549019607843137,0.27058823529411763,168.0009613092116,307294
0.39215686274509803,0.4549019607843137,0.27058823529411763,560.0032043640387,335898
0.41568627450980394,0.44313725490196076,0.29411764705882354,458.00262071201735,516236
0.42745098039215684,0.4470588235294118,0.2823529411764706,199.00113869364947,516278
0.40784313725490196,0.4666666666666667,0.2823529411764706,197.00112724949219,60846
0.43529411764705883,0.4549019607843137,0.2823529411764706,171.0009784754475,517317
0.4117647058823529,0.4392156862745098,0.2980392156862745,514.0029411484212,505907
0.4235294117647059,0.45098039215686275,0.3058823529411765,179.00102425207663,505959
0.40784313725490196,0.4627450980392157,0.30196078431372547,283.00161934825525,345160
0.43529411764705883,0.4627450980392157,0.30980392156862746,419.0023975509504,505980
0.7490196078431373,0.5490196078431373,0.41568627450980394,3.0000171662359216,862020
0.7607843137254902,0.6196078431372549,0.4235294117647059,58.00033188056115,800355
0.8156862745098039,0.6196078431372549,0.38823529411764707,1.0000057220786405,844445
0.7490196078431373,0.5529411764705883,0.4823529411764706,8.000045776629124,1019018
0.7647058823529411,0.6,0.4980392156862745,81.00046348836987,881496
0.1843137254901961,0.2901960784313726,0.08627450980392157,1.0000057220786405,414691
0.1803921568627451,0.2627450980392157,0.11372549019607843,598.003421803027,658421
0.1843137254901961,0.2823529411764706,0.12156862745098039,3.0000171662359216,641016
0.34509803921568627,0.4117647058823529,0.2627450980392157,199.00113869364947,389811
0.3686274509803922,0.40784313725490196,0.2627450980392157,628.0035934653862,533600
0.34509803921568627,0.4235294117647059,0.25882352941176473,298.00170517943485,104897
0.3686274509803922,0.42745098039215684,0.25098039215686274,510.00291826010664,69044
0.3568627450980392,0.40784313725490196,0.27058823529411763,26.000148774044654,526355
0.37254901960784315,0.41568627450980394,0.26666666666666666,532.0030441458367,532557
0.34901960784313724,0.43137254901960786,0.27450980392156865,39.00022316106698,112068
0.36470588235294116,0.43137254901960786,0.27058823529411763,166.0009498650543,359431
0.5803921568627451,0.5254901960784314,0.5882352941176471,57.00032615848251,922455
0.592156862745098,0.5137254901960784,0.5647058823529412,19.00010871949417,949670
0.5803921568627451,0.5568627450980392,0.5843137254901961,181.0010356962339,898400
0.6196078431372549,0.5411764705882353,0.5843137254901961,154.00088120011063,836701
0.5725490196078431,0.5137254901960784,0.596078431372549,4.000022888314562,929591
0.6078431372549019,0.5019607843137255,0.592156862745098,3.0000171662359216,930609
0.5647058823529412,0.5568627450980392,0.592156862745098,128.00073242606598,843955
0.592156862745098,0.5568627450980392,0.592156862745098,51.00029182601067,802267
0.7647058823529411,0.6235294117647059,0.5882352941176471,72.00041198966211,1032343
0.792156862745098,0.6235294117647059,0.5725490196078431,67.00038337926891,996557
0.7529411764705882,0.6588235294117647,0.5764705882352941,18.000102997415528,843362
0.788235294117647,0.6549019607843137,0.5764705882352941,18.000102997415528,839314
0.7529411764705882,0.6470588235294118,0.6,245.00140190926692,831742
0.792156862745098,0.6431372549019608,0.6039215686274509,85.00048637668444,991307
0.7529411764705882,0.6627450980392157,0.615686274509804,41.00023460522426,876807
0.803921568627451,0.6666666666666666,0.6196078431372549,48.000274659774746,1029356
0.5137254901960784,0.3333333333333333,0.20392156862745098,90.00051498707764,879214
0.5568627450980392,0.3411764705882353,0.20784313725490197,74.00042343381939,788084
0.5058823529411764,0.34509803921568627,0.21568627450980393,21.00012016365145,778858
0.5450980392156862,0.34509803921568627,0.21568627450980393,33.000188828595135,875201
0.5176470588235295,0.3411764705882353,0.23529411764705882,104.00059509617861,888423
0.5294117647058824,0.3215686274509804,0.2196078431372549,107.00061226241453,775927
0.5098039215686274,0.35294117647058826,0.2196078431372549,77.00044060005531,793237
0.5529411764705883,0.3568627450980392,0.23137254901960785,82.00046921044851,863042
0.38823529411764707,0.19607843137254902,0.08235294117647059,142.00081253516694,834183
0.4117647058823529,0.20784313725490197,0.08627450980392157,120.00068664943686,805498
0.3843137254901961,0.2235294117647059,0.08627450980392157,1.0000057220786405,182576
0.43137254901960786,0.2235294117647059,0.06274509803921569,6.000034332471843,751336
0.3843137254901961,0.21176470588235294,0.10588235294117647,148.00084686763878,802406
0.40784313725490196,0.20784313725490197,0.11764705882352941,41.00023460522426,800383
0.403921568627451,0.2235294117647059,0.11372549019607843,40.00022888314562,843380
0.43529411764705883,0.23921568627450981,0.11372549019607843,88.00050354292036,853842
0.10588235294117647,0.09411764705882353,0.07450980392156863,5.000028610393202,603566
0.11764705882352941,0.09411764705882353,0.07450980392156863,52.00029754808931,551273
0.12156862745098039,0.11372549019607843,0.07058823529411765,2.000011444157281,838989
0.09803921568627451,0.09411764705882353,0.09019607843137255,254.00145340797468,488805
0.11372549019607843,0.09803921568627451,0.09019607843137255,2017.0115414326178,592322
0.09803921568627451,0.10980392156862745,0.08627450980392157,1.0000057220786405,417035
0.12156862745098039,0.12156862745098039,0.09019607843137255,6.000034332471843,661238
0.10588235294117647,0.2235294117647059,0.1607843137254902,3.0000171662359216,60164
0.11764705882352941,0.2235294117647059,0.16470588235294117,1415.0080967412762,74465
0.12156862745098039,0.23529411764705882,0.16862745098039217,827.0047321590357,82695
0.12156862745098039,0.23137254901960785,0.17254901960784313,12.000068664943687,91894
0.12156862745098039,0.24705882352941178,0.17647058823529413,59.00033760263979,46847
0.5019607843137255,0.27450980392156865,0.25098039215686274,7.0000400545504835,970930
0.5254901960784314,0.2901960784313726,0.2784313725490196,348.00199128336686,1030498
0.5372549019607843,0.30980392156862746,0.25098039215686274,83.00047493252715,1042464
0.5019607843137255,0.2784313725490196,0.28627450980392155,2.000011444157281,928979
0.5411764705882353,0.2784313725490196,0.2901960784313726,1.0000057220786405,996547
0.5176470588235295,0.3058823529411765,0.30196078431372547,111.0006351507291,923846
0.5490196078431373,0.2980392156862745,0.28627450980392155,21.00012016365145,942537
0.03529411764705882,0.03137254901960784,0.043137254901960784,219.00125313522227,432504
0.054901960784313725,0.03529411764705882,0.03137254901960784,391.00223733274845,839396
0.043137254901960784,0.047058823529411764,0.0392156862745098,1.0000057220786405,668397
0.054901960784313725,0.047058823529411764,0.043137254901960784,42.0002403273029,517442
0.0392156862745098,0.0392156862745098,0.054901960784313725,424.0024261613436,426398
0.050980392156862744,0.03529411764705882,0.050980392156862744,299.0017109015135,824857
0.043137254901960784,0.050980392156862744,0.058823529411764705,110.00062942865046,186721
0.050980392156862744,0.047058823529411764,0.050980392156862744,798.0045662187551,156036
0.5098039215686274,0.6235294117647059,0.6941176470588235,56.00032043640387,434733
0.5568627450980392,0.6431372549019608,0.6862745098039216,377.00215722364743,573096
0.5098039215686274,0.6588235294117647,0.7098039215686275,1.0000057220786405,153891
0.5568627450980392,0.6627450980392157,0.7019607843137254,65.00037193511163,245269
0.5019607843137255,0.6352941176470588,0.7333333333333333,12.000068664943687,882547
0.5411764705882353,0.6352941176470588,0.7294117647058823,30.000171662359215,865682
0.5137254901960784,0.6666666666666666,0.7215686274509804,2.000011444157281,153892
0.5294117647058824,0.6705882352941176,0.7294117647058823,25.000143051966013,878443
0.8313725490196079,0.8313725490196079,0.7686274509803922,82.00046921044851,470721
0.8470588235294118,0.8392156862745098,0.7568627450980392,34.000194550673775,201039
0.8156862745098039,0.8549019607843137,0.7725490196078432,4.000022888314562,555747
0.8705882352941177,0.8470588235294118,0.7764705882352941,17.000097275336888,204108
0.8352941176470589,0.8156862745098039,0.807843137254902,230.0013160780873,879920
0.8549019607843137,0.8156862745098039,0.803921568627451,118.00067520527958,935106
0.8352941176470589,0.8470588235294118,0.807843137254902,45.00025749353882,398999
0.8666666666666667,0.8431372549019608,0.803921568627451,36.000205994831056,911539
0.4,0.4666666666666667,0.5686274509803921,36.000205994831056,991951
0.40784313725490196,0.4666666666666667,0.5686274509803921,45.00025749353882,967398
0.403921568627451,0.4980392156862745,0.5725490196078431,256.00146485213196,285144
0.4235294117647059,0.47843137254901963,0.5725490196078431,188.0010757507844,900650
0.39215686274509803,0.4627450980392157,0.596078431372549,5.000028610393202,873927
0.41568627450980394,0.4627450980392157,0.615686274509804,4.000022888314562,968646
0.3803921568627451,0.49411764705882355,0.6196078431372549,9.000051498707764,151825
0.43137254901960786,0.49019607843137253,0.596078431372549,22.00012588573009,976621
0.27450980392156865,0.12156862745098039,0.027450980392156862,103.00058937409997,811642
0.27058823529411763,0.11372549019607843,0.10196078431372549,38.00021743898834,953505
0.5058823529411764,0.5764705882352941,0.5058823529411764,20.00011444157281,717580
0.5490196078431373,0.5607843137254902,0.5019607843137255,89.000509264999,446095
0.5176470588235295,0.6196078431372549,0.5058823529411764,6.000034332471843,276082
0.5411764705882353,0.6078431372549019,0.5058823529411764,29.000165940280574,580735
0.5254901960784314,0.5647058823529412,0.5372549019607843,105.00060081825725,601797
0.5529411764705883,0.5725490196078431,0.5490196078431373,251.00143624173876,309787
0.5176470588235295,0.592156862745098,0.5568627450980392,19.00010871949417,338143
0.5294117647058824,0.611764705882353,0.5372549019607843,44.00025177146018,649949
0.3215686274509804,0.15294117647058825,0.023529411764705882,9.000051498707764,799514
0.34509803921568627,0.14901960784313725,0.027450980392156862,1.0000057220786405,801394
0.3176470588235294,0.16862745098039217,0.027450980392156862,20.00011444157281,738013
0.3607843137254902,0.1568627450980392,0.027450980392156862,33.000188828595135,801393
0.3176470588235294,0.14901960784313725,0.050980392156862744,116.0006637611223,850758
0.35294117647058826,0.15294117647058825,0.0392156862745098,6.000034332471843,801396
0.32941176470588235,0.1568627450980392,0.058823529411764705,139.00079536893102,850762
0.37254901960784315,0.17254901960784313,0.047058823529411764,233.00133324432323,818808
0.4196078431372549,0.47843137254901963,0.3215686274509804,372.00212861325423,378926
0.4235294117647059,0.47058823529411764,0.3215686274509804,445.002546324995,388153
0.4196078431372549,0.48627450980392156,0.3137254901960784,20.00011444157281,320620
0.42745098039215684,0.48627450980392156,0.3254901960784314,306.001750956064,370720
0.4196078431372549,0.4823529411764706,0.32941176470588235,9.000051498707764,373819
0.43529411764705883,0.47843137254901963,0.3333333333333333,709.004056953756,410653
0.4117647058823529,0.49411764705882355,0.32941176470588235,5.000028610393202,427690
0.43137254901960786,0.48627450980392156,0.32941176470588235,344.0019683950523,383025
0.08627450980392157,0.16862745098039217,0.12156862745098039,38.00021743898834,107186
0.11764705882352941,0.23137254901960785,0.12156862745098039,100.00057220786405,39811
0.2549019607843137,0.3254901960784314,0.16470588235294117,49.000280381853386,680749
0.25098039215686274,0.33725490196078434,0.1568627450980392,1099.0062885644259,659330
0.27058823529411763,0.3411764705882353,0.1568627450980392,63.00036049095435,605034
0.25098039215686274,0.3215686274509804,0.17254901960784313,167.00095558713295,663320
0.27058823529411763,0.3254901960784314,0.1843137254901961,18.000102997415528,680707
0.25882352941176473,0.3333333333333333,0.1803921568627451,358.00204850415327,676627
0.27450980392156865,0.33725490196078434,0.17647058823529413,452.0025863795455,632628
0.6980392156862745,0.7529411764705882,0.6980392156862745,20.00011444157281,876393
0.7294117647058823,0.7490196078431373,0.7019607843137254,87.00049782084172,607956
0.6901960784313725,0.7803921568627451,0.7137254901960784,2.000011444157281,715528
0.7411764705882353,0.7843137254901961,0.7058823529411765,2.000011444157281,843141
0.6862745098039216,0.7725490196078432,0.7176470588235294,83.00047493252715,297599
0.7176470588235294,0.7529411764705882,0.7254901960784313,334.0019111742659,505538
0.7137254901960784,0.807843137254902,0.7372549019607844,4.000022888314562,714503
0.7450980392156863,0.7843137254901961,0.7411764705882353,14.000080109100967,531160
0.4588235294117647,0.25882352941176473,0.12549019607843137,94.0005378753922,797471
0.48627450980392156,0.2549019607843137,0.14901960784313725,71.00040626758347,852619
0.4666666666666667,0.2823529411764706,0.1450980392156863,1.0000057220786405,857942
0.49019607843137253,0.28627450980392155,0.1411764705882353,22.00012588573009,804646
0.4627450980392157,0.2627450980392157,0.16862745098039217,133.00076103645918,744158
0.4823529411764706,0.2549019607843137,0.1803921568627451,48.000274659774746,990266
0.4627450980392157,0.2980392156862745,0.16862745098039217,60.00034332471843,884460
0.4980392156862745,0.29411764705882354,0.16862745098039217,112.00064087280774,797323
0.44313725490196076,0.4627450980392157,0.5607843137254902,11.000062942865044,940824
0.4980392156862745,0.4627450980392157,0.5647058823529412,2.000011444157281,923476
0.4549019607843137,0.4823529411764706,0.5647058823529412,296.00169373527757,858253
0.4823529411764706,0.49411764705882355,0.5607843137254902,192.00109863909898,1009312
0.4588235294117647,0.4627450980392157,0.596078431372549,2.000011444157281,862657
0.48627450980392156,0.4666666666666667,0.596078431372549,1.0000057220786405,934756
0.4588235294117647,0.4980392156862745,0.596078431372549,27.000154496123294,940862
0.47058823529411764,0.4980392156862745,0.596078431372549,10.000057220786404,941853
0.7803921568627451,0.8117647058823529,0.8313725490196079,1713.0098019207112,728274
0.788235294117647,0.8117647058823529,0.8313725490196079,1079.006174122853,672932
0.7843137254901961,0.8196078431372549,0.8274509803921568,17.000097275336888,822531
0.792156862745098,0.8196078431372549,0.8313725490196079,44.00025177146018,865577
0.7803921568627451,0.8117647058823529,0.8352941176470589,1835.0105000143053,781514
0.788235294117647,0.8156862745098039,0.8352941176470589,2089.01195342228,704724
0.7803921568627451,0.8196078431372549,0.8352941176470589,111.0006351507291,874150
0.792156862745098,0.8196078431372549,0.8392156862745098,1584.0090637725666,659722
0.16862745098039217,0.2823529411764706,0.18823529411764706,613.0035076342066,155303
0.17647058823529413,0.28627450980392155,0.18823529411764706,797.0045604966765,55876
0.16862745098039217,0.2980392156862745,0.19215686274509805,189.00108147286304,86832
0.1843137254901961,0.30980392156862746,0.19607843137254902,453.00259210162415,156480
0.16470588235294117,0.28627450980392155,0.21176470588235294,11.000062942865044,165382
0.1843137254901961,0.29411764705882354,0.20392156862745098,3.0000171662359216,122488
0.1607843137254902,0.30196078431372547,0.20392156862745098,15.000085831179607,62231
0.1843137254901961,0.30980392156862746,0.21568627450980393,32.000183106516495,138729
0.5882352941176471,0.6274509803921569,0.5098039215686274,93.00053215331356,635142
0.592156862745098,0.6274509803921569,0.5098039215686274,155.00088692218927,540698
0.5764705882352941,0.6666666666666666,0.5176470588235295,6.000034332471843,702203
0.6,0.6588235294117647,0.5254901960784314,8.000045776629124,596220
0.5882352941176471,0.6431372549019608,0.5490196078431373,118.00067520527958,624876
0.611764705882353,0.6470588235294118,0.5411764705882353,121.0006923715155,637194
0.5764705882352941,0.6627450980392157,0.5333333333333333,3.0000171662359216,240215
0.615686274509804,0.6588235294117647,0.5529411764705883,20.00011444157281,615638
0.45098039215686275,0.5019607843137255,0.4470588235294118,25.000143051966013,617189
0.4823529411764706,0.5058823529411764,0.45098039215686275,84.0004806546058,662207
0.44313725490196076,0.5411764705882353,0.45098039215686275,11.000062942865044,519900
0.47058823529411764,0.5450980392156862,0.4470588235294118,20.00011444157281,503503
0.4588235294117647,0.5254901960784314,0.4823529411764706,115.00065803904366,334048
0.4745098039215686,0.5058823529411764,0.49019607843137253,220.0012588573009,324941
0.4549019607843137,0.5372549019607843,0.48627450980392156,10.000057220786404,295148
0.4980392156862745,0.5333333333333333,0.4823529411764706,38.00021743898834,458050
0.5686274509803921,0.596078431372549,0.4745098039215686,477.0027294315115,361654
0.5764705882352941,0.596078431372549,0.47843137254901963,841.0048122681367,352467
0.5725490196078431,0.615686274509804,0.47843137254901963,47.0002689376961,615640
0.5843137254901961,0.6078431372549019,0.4823529411764706,280.0016021820193,353474
0.5647058823529412,0.6039215686274509,0.4980392156862745,18.000102997415528,534536
0.5843137254901961,0.6,0.48627450980392156,190.00108719494168,367821
0.5725490196078431,0.6196078431372549,0.49411764705882355,35.000200272752416,627957
0.5882352941176471,0.6078431372549019,0.4980392156862745,198.00113297157083,352473
0.8117647058823529,0.8235294117647058,0.8431372549019608,63.00036049095435,828971
0.8352941176470589,0.8235294117647058,0.8509803921568627,16.000091553258248,905489
0.8117647058823529,0.8313725490196079,0.8431372549019608,1565.0089550530724,690356
0.8313725490196079,0.8392156862745098,0.8431372549019608,206.00117874819995,845319
0.8196078431372549,0.8235294117647058,0.8588235294117647,10.000057220786404,846920
0.8274509803921568,0.8235294117647058,0.8627450980392157,4.000022888314562,919863
0.8156862745098039,0.8392156862745098,0.8588235294117647,200.0011444157281,825736
0.8352941176470589,0.8392156862745098,0.8627450980392157,21.00012016365145,863871
0.6588235294117647,0.5725490196078431,0.47843137254901963,157.00089836634655,18651
0.6705882352941176,0.5607843137254902,0.4823529411764706,4.000022888314562,896395
0.6666666666666666,0.5843137254901961,0.4745098039215686,715.0040912862279,70830
0.6705882352941176,0.5803921568627451,0.4823529411764706,998.0057106344832,43187
0.6549019607843137,0.5607843137254902,0.49019607843137253,14.000080109100967,843786
0.6784313725490196,0.5607843137254902,0.4980392156862745,7.0000400545504835,874582
0.6549019607843137,0.5764705882352941,0.4980392156862745,49.000280381853386,464567
0.6784313725490196,0.5882352941176471,0.49019607843137253,134.00076675853782,47304
0.3137254901960784,0.41568627450980394,0.2196078431372549,250.00143051966012,285330
0.3411764705882353,0.41568627450980394,0.23137254901960785,261.00149346252516,335521
0.3137254901960784,0.4235294117647059,0.2235294117647059,245.00140190926692,255601
0.32941176470588235,0.43137254901960786,0.2235294117647059,249.00142479758148,278155
0.3215686274509804,0.41568627450980394,0.24705882352941178,405.0023174418494,46541
0.32941176470588235,0.4196078431372549,0.24313725490196078,243.00139046510964,20904
0.3137254901960784,0.4235294117647059,0.23529411764705882,303.00173378982805,216646
0.32941176470588235,0.43529411764705883,0.23921568627450981,119.00068092735822,233061
0.7803921568627451,0.5411764705882353,0.26666666666666666,47.0002689376961,835230
0.8117647058823529,0.5529411764705883,0.2549019607843137,1.0000057220786405,824984
0.803921568627451,0.5725490196078431,0.30980392156862746,18.000102997415528,839322
0.8235294117647058,0.5882352941176471,0.30196078431372547,12.000068664943687,839326
0.7686274509803922,0.5372549019607843,0.3176470588235294,9.000051498707764,834198
0.7843137254901961,0.5607843137254902,0.3176470588235294,31.000177384437855,840353
0.8235294117647058,0.615686274509804,0.3607843137254902,11.000062942865044,842401
0.13725490196078433,0.13333333333333333,0.10588235294117647,9.000051498707764,791951
0.15294117647058825,0.12549019607843137,0.10588235294117647,235.00134468848051,759333
0.1450980392156863,0.1411764705882353,0.09803921568627451,4.000022888314562,674519
0.12941176470588237,0.12941176470588237,0.11764705882352941,219.00125313522227,671463
0.1411764705882353,0.12549019607843137,0.10980392156862745,1566.008960775151,572873
0.13725490196078433,0.1411764705882353,0.12156862745098039,2.000011444157281,664313
0.1411764705882353,0.1411764705882353,0.10980392156862745,18.000102997415528,663287
0.2,0.16862745098039217,0.1568627450980392,238.00136185471644,566785
0.20784313725490197,0.1607843137254902,0.1568627450980392,54.00030899224659,429346
0.19607843137254902,0.17254901960784313,0.1607843137254902,445.002546324995,465168
0.20784313725490197,0.1843137254901961,0.16470588235294117,697.0039882888124,725599
0.18823529411764706,0.16862745098039217,0.17254901960784313,37.000211716909696,682547
0.20784313725490197,0.16470588235294117,0.1803921568627451,15.000085831179607,364804
0.2,0.1843137254901961,0.17647058823529413,395.002260221063,645725
0.21568627450980393,0.17254901960784313,0.17647058823529413,161.0009212546611,271643
0.24705882352941178,0.2823529411764706,0.10196078431372549,2.000011444157281,905148
0.2196078431372549,0.30980392156862746,0.09803921568627451,1.0000057220786405,501710
0.23137254901960785,0.2823529411764706,0.11764705882352941,48.000274659774746,920550
0.24705882352941178,0.28627450980392155,0.11764705882352941,21.00012016365145,910283
0.2196078431372549,0.30980392156862746,0.11372549019607843,1861.01064878835,774129
0.23529411764705882,0.3058823529411765,0.11764705882352941,89.000509264999,759747
0.24313725490196078,0.3764705882352941,0.16862745098039217,51.00029182601067,395056
0.24705882352941178,0.3764705882352941,0.22745098039215686,75.00042915589803,43513
0.3843137254901961,0.45098039215686275,0.28627450980392155,313.00179101061445,355367
0.403921568627451,0.4470588235294118,0.28627450980392155,314.0017967326931,405161
0.38823529411764707,0.4549019607843137,0.2823529411764706,50.00028610393203,348202
0.396078431372549,0.4666666666666667,0.2823529411764706,474.0027122652756,313444
0.3843137254901961,0.4470588235294118,0.30196078431372547,30.000171662359215,430762
0.4,0.4470588235294118,0.3058823529411765,436.00249482628726,496680
0.3803921568627451,0.4666666666666667,0.30196078431372547,10.000057220786404,363193
0.4,0.4549019607843137,0.30196078431372547,373.00213433533287,376861
0.6039215686274509,0.5411764705882353,0.3803921568627451,87.00049782084172,36169
0.6078431372549019,0.5333333333333333,0.3803921568627451,231.00132180016595,104519
0.6039215686274509,0.5490196078431373,0.3803921568627451,100.00057220786405,80201
0.6078431372549019,0.5450980392156862,0.3803921568627451,656.0037536835881,81222
0.6,0.5294117647058824,0.39215686274509803,23.00013160780873,753259
0.615686274509804,0.5411764705882353,0.4,352.0020141716814,102501
0.596078431372549,0.5490196078431373,0.4,15.000085831179607,705184
0.6196078431372549,0.5490196078431373,0.403921568627451,526.0030098133649,108641
0.2235294117647059,0.3803921568627451,0.38823529411764707,18.000102997415528,107950
0.24313725490196078,0.3764705882352941,0.47843137254901963,106.0006065403359,523917
0.19607843137254902,0.2,0.2,397.0022716652203,590327
0.21176470588235294,0.2,0.2,315.00180245477173,369985
0.19215686274509805,0.20784313725490197,0.2,45.00025749353882,394649
0.20784313725490197,0.20392156862745098,0.19607843137254902,180.00102997415527,451994
0.19607843137254902,0.18823529411764706,0.20784313725490197,375.00214577949015,403023
0.20392156862745098,0.2,0.20392156862745098,104.00059509617861,353693
0.2,0.20784313725490197,0.21568627450980393,264.0015106287611,305477
0.20784313725490197,0.21176470588235294,0.20784313725490197,301.00172234567077,471444
0.2627450980392157,0.3764705882352941,0.19607843137254902,222.0012703014582,354155
0.2784313725490196,0.3803921568627451,0.19215686274509805,532.0030441458367,357240
0.2627450980392157,0.39215686274509803,0.18823529411764706,24.000137329887373,388911
0.2784313725490196,0.39215686274509803,0.19215686274509805,203.00116158196403,369516
0.2627450980392157,0.3764705882352941,0.21568627450980393,258.00147629628924,225911
0.26666666666666666,0.38823529411764707,0.21176470588235294,596.0034103588697,250513
0.2627450980392157,0.396078431372549,0.20392156862745098,1.0000057220786405,412446
0.27058823529411763,0.396078431372549,0.20392156862745098,128.00073242606598,357203
0.1568627450980392,0.25882352941176473,0.13725490196078433,5.000028610393202,360213
0.17647058823529413,0.2549019607843137,0.13725490196078433,3.0000171662359216,301011
0.1568627450980392,0.27058823529411763,0.13725490196078433,17.000097275336888,113663
0.1803921568627451,0.26666666666666666,0.13725490196078433,13.000074387022327,318427
0.1607843137254902,0.25098039215686274,0.15294117647058825,632.0036163537007,261848
0.17647058823529413,0.25098039215686274,0.15294117647058825,93.00053215331356,239503
0.16470588235294117,0.2784313725490196,0.1450980392156863,1020.0058365202133,111612
0.17647058823529413,0.27058823529411763,0.1411764705882353,168.0009613092116,196562
0.10588235294117647,0.2196078431372549,0.13725490196078433,2.000011444157281,13099
0.11764705882352941,0.2196078431372549,0.13333333333333333,587.0033588601619,26598
0.12156862745098039,0.23529411764705882,0.13725490196078433,66.00037765719027,28666
0.10588235294117647,0.2235294117647059,0.14901960784313725,33.000188828595135,5868
0.11372549019607843,0.2235294117647059,0.14901960784313725,1100.0062942865045,4806
0.12156862745098039,0.24705882352941178,0.14901960784313725,160.00091553258247,22342
0.5607843137254902,0.596078431372549,0.4470588235294118,400.0022888314562,290022
0.5803921568627451,0.6039215686274509,0.45098039215686275,253.00144768589604,243945
0.5725490196078431,0.6078431372549019,0.4470588235294118,12.000068664943687,264415
0.5764705882352941,0.6078431372549019,0.45098039215686275,58.00033188056115,269538
0.5607843137254902,0.596078431372549,0.4549019607843137,579.0033130835328,310474
0.5803921568627451,0.6039215686274509,0.4549019607843137,318.00181962100766,246006
0.5686274509803921,0.6078431372549019,0.4666666666666667,41.00023460522426,268536
0.5882352941176471,0.611764705882353,0.4666666666666667,272.0015564053902,249080
0.38823529411764707,0.2784313725490196,0.3137254901960784,29.000165940280574,907798
0.43529411764705883,0.2784313725490196,0.3411764705882353,15.000085831179607,929580
0.38823529411764707,0.2823529411764706,0.3333333333333333,149.00085258971743,941816
0.4235294117647059,0.30980392156862746,0.3137254901960784,202.0011558598854,983692
0.4196078431372549,0.26666666666666666,0.34509803921568627,1.0000057220786405,931657
0.3764705882352941,0.28627450980392155,0.35294117647058826,52.00029754808931,959161
0.4196078431372549,0.28627450980392155,0.34901960784313724,28.000160218201934,932034
0.1568627450980392,0.16862745098039217,0.18823529411764706,237.0013561326378,427446
0.17254901960784313,0.16862745098039217,0.18823529411764706,53.00030327016795,347494
0.1607843137254902,0.17647058823529413,0.19607843137254902,509.002912538028,340366
0.17647058823529413,0.1843137254901961,0.19607843137254902,457.0026149899387,561715
0.1568627450980392,0.16862745098039217,0.20392156862745098,60.00034332471843,272728
0.17254901960784313,0.1607843137254902,0.21568627450980393,17.000097275336888,883101
0.1607843137254902,0.17254901960784313,0.21176470588235294,378.00216294572607,274843
0.17254901960784313,0.1803921568627451,0.20784313725490197,180.00102997415527,327086
0.2823529411764706,0.5333333333333333,0.6588235294117647,21.00012016365145,909242
0.35294117647058826,0.5176470588235295,0.6313725490196078,74.00042343381939,169252
0.3254901960784314,0.5647058823529412,0.6745098039215687,11.000062942865044,934910
0.34509803921568627,0.5568627450980392,0.6941176470588235,2.000011444157281,922588
0.37254901960784315,0.5843137254901961,0.7137254901960784,10.000057220786404,174382
0.596078431372549,0.5333333333333333,0.35294117647058826,363.00207711454647,129106
0.6078431372549019,0.5372549019607843,0.3568627450980392,2.000011444157281,314
0.596078431372549,0.5529411764705883,0.34509803921568627,334.0019111742659,152663
0.6078431372549019,0.5568627450980392,0.3568627450980392,12.000068664943687,154742
0.6,0.5333333333333333,0.3686274509803922,335.00191689634454,130155
0.611764705882353,0.5372549019607843,0.3686274509803922,67.00038337926891,8502
0.6039215686274509,0.5529411764705883,0.37254901960784315,585.0033474160047,31067
0.6078431372549019,0.5568627450980392,0.37254901960784315,186.00106430662711,146535
0.5686274509803921,0.6352941176470588,0.6941176470588235,417.0023861067931,1009633
0.5764705882352941,0.6352941176470588,0.6862745098039216,243.00139046510964,1011650
0.5725490196078431,0.6392156862745098,0.6901960784313725,221.00126457937955,1045447
0.5803921568627451,0.6392156862745098,0.6980392156862745,478.00273515359015,990139
0.5647058823529412,0.6352941176470588,0.7058823529411765,37.000211716909696,945981
0.5843137254901961,0.6352941176470588,0.7058823529411765,24.000137329887373,958230
0.5647058823529412,0.6470588235294118,0.7019607843137254,108.00061798449318,922536
0.5882352941176471,0.6509803921568628,0.7098039215686275,349.0019970054455,995263
0.3333333333333333,0.19215686274509805,0.08627450980392157,2.000011444157281,187704
0.34509803921568627,0.19607843137254902,0.09019607843137255,35.000200272752416,182575
0.32941176470588235,0.18823529411764706,0.12156862745098039,141.0008068130883,816920
0.3607843137254902,0.20392156862745098,0.11372549019607843,283.00161934825525,875335
0.3137254901960784,0.22745098039215686,0.12156862745098039,4.000022888314562,736937
0.34509803921568627,0.2196078431372549,0.11372549019607843,4.000022888314562,178474
0.4392156862745098,0.5176470588235295,0.6313725490196078,11.000062942865044,949055
0.49411764705882355,0.5058823529411764,0.6235294117647059,3.0000171662359216,936810
0.4666666666666667,0.5529411764705883,0.6274509803921569,154.00088120011063,948017
0.47843137254901963,0.5411764705882353,0.6313725490196078,282.0016136261766,941890
0.45098039215686275,0.5215686274509804,0.6705882352941176,1.0000057220786405,973780
0.47843137254901963,0.5215686274509804,0.6705882352941176,1.0000057220786405,857409
0.4588235294117647,0.5372549019607843,0.6784313725490196,4.000022888314562,860505
0.47843137254901963,0.5490196078431373,0.6588235294117647,12.000068664943687,941944
0.2901960784313726,0.2235294117647059,0.1607843137254902,150.00085831179607,755286
0.3058823529411765,0.2235294117647059,0.16862745098039217,399.0022831093776,654640
0.29411764705882354,0.23529411764705882,0.16862745098039217,2.000011444157281,751187
0.30980392156862746,0.24313725490196078,0.1568627450980392,6.000034332471843,703148
0.28627450980392155,0.22745098039215686,0.1843137254901961,480.00274659774743,537985
0.30980392156862746,0.22745098039215686,0.1843137254901961,518.0029640367358,618848
0.2901960784313726,0.23529411764705882,0.1843137254901961,96.00054931954949,760323
0.3058823529411765,0.23529411764705882,0.1843137254901961,216.00123596898635,651635
0.6352941176470588,0.6666666666666666,0.6941176470588235,158.0009040884252,1029090
0.6431372549019608,0.6666666666666666,0.6941176470588235,100.00057220786405,968633
0.6352941176470588,0.6784313725490196,0.6941176470588235,93.00053215331356,180727
0.6509803921568628,0.6745098039215687,0.6901960784313725,85.00048637668444,884047
0.6352941176470588,0.6549019607843137,0.7098039215686275,319.0018253430863,806941
0.6509803921568628,0.6627450980392157,0.7058823529411765,403.00230599769213,809053
0.6274509803921569,0.6784313725490196,0.7137254901960784,457.0026149899387,996164
0.6392156862745098,0.6784313725490196,0.7058823529411765,249.00142479758148,1048556
0.6862745098039216,0.6039215686274509,0.4823529411764706,52.00029754808931,103647
0.7019607843137254,0.6,0.4745098039215686,7.0000400545504835,808535
0.6941176470588235,0.6078431372549019,0.4745098039215686,9.000051498707764,791136
0.7019607843137254,0.611764705882353,0.47843137254901963,10.000057220786404,705866
0.6862745098039216,0.6039215686274509,0.49019607843137253,908.0051956474056,97479
0.7098039215686275,0.6,0.48627450980392156,3.0000171662359216,791140
0.6941176470588235,0.611764705882353,0.4980392156862745,832.0047607694289,61705
0.7058823529411765,0.611764705882353,0.4980392156862745,8.000045776629124,705861
0.6588235294117647,0.6549019607843137,0.6980392156862745,190.00108719494168,1044022
0.6784313725490196,0.6627450980392157,0.6901960784313725,274.0015678495475,946603
0.6666666666666666,0.6745098039215687,0.6862745098039216,61.00034904679707,193040
0.6784313725490196,0.6784313725490196,0.6941176470588235,47.0002689376961,271620
0.6627450980392157,0.6549019607843137,0.7019607843137254,529.0030269796008,822335
0.6705882352941176,0.6666666666666666,0.7098039215686275,303.00173378982805,964023
0.6588235294117647,0.6823529411764706,0.7137254901960784,171.0009784754475,812558
0.6823529411764706,0.6745098039215687,0.7098039215686275,246.00140763134556,1040924
0.14901960784313725,0.27450980392156865,0.38823529411764707,27.000154496123294,458307
0.17647058823529413,0.25882352941176473,0.38823529411764707,164.00093842089703,470638
0.14901960784313725,0.2823529411764706,0.4,5.000028610393202,436782
0.17647058823529413,0.28627450980392155,0.3764705882352941,100.00057220786405,444001
0.1450980392156863,0.2549019607843137,0.4117647058823529,15.000085831179607,153871
0.1843137254901961,0.27450980392156865,0.4117647058823529,38.00021743898834,165167
0.15294117647058825,0.2901960784313726,0.4196078431372549,2.000011444157281,424489
0.1803921568627451,0.2823529411764706,0.40784313725490196,99.00056648578541,302595
0.2,0.13333333333333333,0.09411764705882353,135.00077248061646,811693
0.21176470588235294,0.12941176470588237,0.09803921568627451,90.00051498707764,188704
0.19607843137254902,0.1411764705882353,0.10196078431372549,220.0012588573009,743871
0.21176470588235294,0.1450980392156863,0.09803921568627451,109.00062370657182,698061
0.2,0.13725490196078433,0.11764705882352941,59.00033760263979,897779
0.20784313725490197,0.12549019607843137,0.11764705882352941,77.00044060005531,930507
0.18823529411764706,0.14901960784313725,0.12156862745098039,805.0046062733056,616829
0.20392156862745098,0.14901960784313725,0.10980392156862745,304.0017395119067,723386
0.5333333333333333,0.5725490196078431,0.44313725490196076,96.00054931954949,335030
0.5529411764705883,0.5686274509803921,0.45098039215686275,267.001527794997,318687
0.5411764705882353,0.5764705882352941,0.44313725490196076,286.00163651449117,334005
0.5529411764705883,0.5803921568627451,0.45098039215686275,763.0043659460026,328909
0.5411764705882353,0.5725490196078431,0.4588235294117647,7.0000400545504835,392866
0.5450980392156862,0.5607843137254902,0.4549019607843137,11.000062942865044,374999
0.5411764705882353,0.5843137254901961,0.4549019607843137,14.000080109100967,331956
0.5568627450980392,0.5843137254901961,0.4549019607843137,353.00201989376006,326866
0.6313725490196078,0.6666666666666666,0.7176470588235294,69.00039482342619,843004
0.6392156862745098,0.6666666666666666,0.7254901960784313,197.00112724949219,915307
0.6313725490196078,0.6823529411764706,0.7254901960784313,871.0049839304959,993125
0.6470588235294118,0.6823529411764706,0.7254901960784313,444.0025406029164,589872
0.6313725490196078,0.6666666666666666,0.7333333333333333,1.0000057220786405,943943
0.6509803921568628,0.6666666666666666,0.7372549019607844,7.0000400545504835,794674
0.6352941176470588,0.6823529411764706,0.7333333333333333,109.00062370657182,976706
0.6470588235294118,0.6745098039215687,0.7411764705882353,74.00042343381939,793624
0.2784313725490196,0.3764705882352941,0.3764705882352941,12.000068664943687,420442
0.30980392156862746,0.403921568627451,0.39215686274509803,42.0002403273029,835890
0.25882352941176473,0.4196078431372549,0.3764705882352941,1.0000057220786405,104868
0.2901960784313726,0.43137254901960786,0.4,7.0000400545504835,232006
0.2627450980392157,0.3803921568627451,0.4117647058823529,61.00034904679707,384499
0.2980392156862745,0.3764705882352941,0.4196078431372549,296.00169373527757,590440
0.26666666666666666,0.41568627450980394,0.40784313725490196,6.000034332471843,230980
0.3058823529411765,0.4235294117647059,0.43529411764705883,10.000057220786404,343512
0.3764705882352941,0.2549019607843137,0.14901960784313725,13.000074387022327,763543
0.43529411764705883,0.2549019607843137,0.14901960784313725,36.000205994831056,878200
0.43529411764705883,0.2901960784313726,0.14901960784313725,2.000011444157281,871264
0.38823529411764707,0.25882352941176473,0.1607843137254902,166.0009498650543,765588
0.4235294117647059,0.2627450980392157,0.1607843137254902,128.00073242606598,888476
0.39215686274509803,0.28627450980392155,0.17254901960784313,38.00021743898834,751245
0.4117647058823529,0.28627450980392155,0.1803921568627451,51.00029182601067,771730
0.09803921568627451,0.043137254901960784,0.043137254901960784,8.000045776629124,211278
0.10196078431372549,0.054901960784313725,0.03137254901960784,917.0052471461133,826119
0.10980392156862745,0.054901960784313725,0.03529411764705882,438.00250627044454,817921
0.10196078431372549,0.0392156862745098,0.047058823529411764,3.0000171662359216,859690
0.09411764705882353,0.058823529411764705,0.050980392156862744,336.0019226184232,907996
0.10980392156862745,0.058823529411764705,0.047058823529411764,32.000183106516495,891575
0.12941176470588237,0.09411764705882353,0.07058823529411765,73.00041771174075,683411
0.15294117647058825,0.10196078431372549,0.06666666666666667,106.0006065403359,788166
0.1450980392156863,0.11764705882352941,0.07450980392156863,1.0000057220786405,670424
0.13725490196078433,0.10588235294117647,0.08627450980392157,987.0056476916182,675289
0.14901960784313725,0.09411764705882353,0.08627450980392157,146.0008354234815,921310
0.12941176470588237,0.10980392156862745,0.09019607843137255,142.00081253516694,493846
0.1450980392156863,0.10980392156862745,0.09019607843137255,274.0015678495475,641454
0.3843137254901961,0.4392156862745098,0.403921568627451,20.00011444157281,648928
0.43529411764705883,0.44313725490196076,0.4,57.00032615848251,349541
0.4,0.4745098039215686,0.3803921568627451,11.000062942865044,287984
0.43137254901960786,0.47058823529411764,0.3764705882352941,16.000091553258248,395481
0.3764705882352941,0.4588235294117647,0.40784313725490196,84.0004806546058,449204
0.4117647058823529,0.44313725490196076,0.43137254901960786,201.00115013780675,526876
0.4,0.48627450980392156,0.42745098039215684,12.000068664943687,532186
0.43529411764705883,0.49411764705882355,0.43137254901960786,25.000143051966013,410882
0.4392156862745098,0.3411764705882353,0.396078431372549,25.000143051966013,905587
0.4980392156862745,0.33725490196078434,0.3843137254901961,28.000160218201934,944341
0.4470588235294118,0.34509803921568627,0.3764705882352941,134.00076675853782,979614
0.4823529411764706,0.35294117647058826,0.38823529411764707,90.00051498707764,999002
0.4392156862745098,0.3411764705882353,0.4117647058823529,3.0000171662359216,988482
0.45098039215686275,0.36470588235294116,0.4196078431372549,113.00064659488638,1008245
0.47058823529411764,0.3686274509803922,0.41568627450980394,33.000188828595135,995967
0.5607843137254902,0.5725490196078431,0.4392156862745098,25.000143051966013,410807
0.5843137254901961,0.5686274509803921,0.4392156862745098,10.000057220786404,192938
0.5647058823529412,0.5843137254901961,0.45098039215686275,633.0036220757794,413837
0.5764705882352941,0.5764705882352941,0.4392156862745098,58.00033188056115,402645
0.5647058823529412,0.5686274509803921,0.4666666666666667,14.000080109100967,353500
0.5843137254901961,0.5607843137254902,0.4666666666666667,18.000102997415528,684699
0.5607843137254902,0.5882352941176471,0.4666666666666667,882.0050468733609,351418
0.5764705882352941,0.5882352941176471,0.4549019607843137,56.00032043640387,410834
0.6549019607843137,0.6588235294117647,0.7176470588235294,116.0006637611223,782351
0.6705882352941176,0.6627450980392157,0.7254901960784313,30.000171662359215,868522
0.6588235294117647,0.6823529411764706,0.7215686274509804,636.0036392420153,596018
0.6705882352941176,0.6784313725490196,0.7215686274509804,613.0035076342066,815130
0.6627450980392157,0.6666666666666666,0.7333333333333333,1.0000057220786405,804308
0.6627450980392157,0.6823529411764706,0.7450980392156863,175.00100136376207,793622
0.6784313725490196,0.6823529411764706,0.7333333333333333,123.00070381567278,968116
0.41568627450980394,0.45098039215686275,0.3215686274509804,164.00093842089703,452613
0.4235294117647059,0.45098039215686275,0.3137254901960784,16.000091553258248,490578
0.4117647058823529,0.4666666666666667,0.3176470588235294,566.0032386965105,389141
0.4235294117647059,0.4666666666666667,0.3254901960784314,556.0031814757241,432131
0.43137254901960786,0.44313725490196076,0.3411764705882353,6.000034332471843,428709
0.4196078431372549,0.4588235294117647,0.32941176470588235,22.00012588573009,481284
0.42745098039215684,0.4666666666666667,0.3333333333333333,343.00196267297366,460818
0.8431372549019608,0.8823529411764706,0.8862745098039215,182.00104141831255,200226
0.8588235294117647,0.8745098039215686,0.8823529411764706,144.00082397932422,820537
0.8509803921568627,0.8941176470588236,0.8784313725490196,43.00024604938154,856582
0.8627450980392157,0.8980392156862745,0.8823529411764706,40.00022888314562,335073
0.8509803921568627,0.8745098039215686,0.8901960784313725,440.0025177146018,822856
0.8588235294117647,0.8823529411764706,0.8980392156862745,547.0031299770163,818531
0.8549019607843137,0.8941176470588236,0.8980392156862745,72.00041198966211,831830
0.8705882352941177,0.8901960784313725,0.8941176470588236,201.00115013780675,866985
0.3254901960784314,0.27058823529411763,0.3333333333333333,45.00025749353882,930571
0.3568627450980392,0.2784313725490196,0.33725490196078434,45.00025749353882,959159
0.3254901960784314,0.29411764705882354,0.3137254901960784,107.00061226241453,324910
0.37254901960784315,0.3058823529411765,0.32941176470588235,71.00040626758347,879999
0.3176470588235294,0.26666666666666666,0.3568627450980392,18.000102997415528,908840
0.35294117647058826,0.2627450980392157,0.34509803921568627,9.000051498707764,837803
0.3137254901960784,0.28627450980392155,0.34901960784313724,67.00038337926891,862563
0.36470588235294116,0.30980392156862746,0.3686274509803922,54.00030899224659,951997
0.1450980392156863,0.2823529411764706,0.16470588235294117,1312.0075073671762,38734
0.15294117647058825,0.2980392156862745,0.1607843137254902,24.000137329887373,95107
0.14901960784313725,0.2823529411764706,0.17254901960784313,324.0018539534795,31561
0.15294117647058825,0.2980392156862745,0.1803921568627451,2.000011444157281,52039
0.6862745098039216,0.6627450980392157,0.6980392156862745,492.0028152626911,1040957
0.7019607843137254,0.6666666666666666,0.6980392156862745,221.00126457937955,1032798
0.6862745098039216,0.6745098039215687,0.6862745098039216,65.00037193511163,843351
0.7058823529411765,0.6705882352941176,0.6941176470588235,109.00062370657182,1038906
0.6980392156862745,0.6666666666666666,0.7019607843137254,130.00074387022326,1010207
0.7098039215686275,0.6666666666666666,0.7019607843137254,49.000280381853386,946452
0.6941176470588235,0.6784313725490196,0.7137254901960784,261.00149346252516,807970
0.7137254901960784,0.6823529411764706,0.7098039215686275,335.00191689634454,1003031
0.6862745098039216,0.7254901960784313,0.7843137254901961,29.000165940280574,883464
0.7019607843137254,0.7176470588235294,0.7803921568627451,75.00042915589803,823408
0.6901960784313725,0.7450980392156863,0.7843137254901961,1040.005950961786,650506
0.7019607843137254,0.7450980392156863,0.7803921568627451,430.0024604938154,822480
0.6862745098039216,0.7254901960784313,0.8,3.0000171662359216,884492
0.7098039215686275,0.7294117647058823,0.796078431372549,2.000011444157281,801859
0.6862745098039216,0.7450980392156863,0.8,60.00034332471843,578635
0.7137254901960784,0.7450980392156863,0.796078431372549,19.00010871949417,808975
0.34509803921568627,0.2549019607843137,0.2,348.00199128336686,630039
0.37254901960784315,0.2627450980392157,0.19607843137254902,161.0009212546611,732542
0.34509803921568627,0.26666666666666666,0.19607843137254902,101.0005779299427,782866
0.36470588235294116,0.2784313725490196,0.19607843137254902,178.001018529998,763474
0.35294117647058826,0.25882352941176473,0.20784313725490197,154.00088120011063,593177
0.3686274509803922,0.2627450980392157,0.20392156862745098,38.00021743898834,749958
0.34901960784313724,0.2784313725490196,0.21176470588235294,337.0019283405018,628000
0.36470588235294116,0.27450980392156865,0.21568627450980393,337.0019283405018,603413
0.6549019607843137,0.6,0.4470588235294118,273.00156212746884,140457
0.6823529411764706,0.592156862745098,0.44313725490196076,14.000080109100967,670029
0.6549019607843137,0.6078431372549019,0.44313725490196076,57.00032615848251,157894
0.6784313725490196,0.6078431372549019,0.44313725490196076,3.0000171662359216,151788
0.6588235294117647,0.592156862745098,0.4627450980392157,1006.0057564111123,66865
0.6705882352941176,0.592156862745098,0.4666666666666667,62.00035476887571,75033
0.6627450980392157,0.6078431372549019,0.4549019607843137,229.00131035600867,146598
0.6705882352941176,0.615686274509804,0.4666666666666667,9.000051498707764,147652
0.45098039215686275,0.35294117647058826,0.25098039215686274,208.00119019235723,44074
0.4549019607843137,0.35294117647058826,0.2549019607843137,228.00130463393003,674156
0.4470588235294118,0.37254901960784315,0.2549019607843137,281.00160790409797,43014
0.4627450980392157,0.3686274509803922,0.25882352941176473,396.00226594314165,61462
0.44313725490196076,0.3568627450980392,0.27450980392156865,160.00091553258247,773620
0.4627450980392157,0.3568627450980392,0.2784313725490196,126.0007209819087,588051
0.44313725490196076,0.3686274509803922,0.27450980392156865,80.00045776629123,562901
0.4627450980392157,0.37254901960784315,0.26666666666666666,163.0009326988184,728707
0.18823529411764706,0.13725490196078433,0.18823529411764706,9.000051498707764,844051
0.24705882352941178,0.15294117647058825,0.18823529411764706,2.000011444157281,924489
0.18823529411764706,0.1843137254901961,0.2,272.0015564053902,238929
0.24705882352941178,0.1803921568627451,0.20784313725490197,44.00025177146018,928516
0.19215686274509805,0.14901960784313725,0.23137254901960785,3.0000171662359216,801165
0.23921568627450981,0.15294117647058825,0.23921568627450981,2.000011444157281,833792
0.18823529411764706,0.1843137254901961,0.23137254901960785,52.00029754808931,424547
0.23137254901960785,0.17647058823529413,0.2196078431372549,22.00012588573009,227753
0.13333333333333333,0.1568627450980392,0.18823529411764706,245.00140190926692,174506
0.1411764705882353,0.1568627450980392,0.19215686274509805,437.0025005483659,328044
0.13725490196078433,0.1843137254901961,0.2,20.00011444157281,393674
0.1411764705882353,0.17254901960784313,0.2,167.00095558713295,297313
0.13725490196078433,0.16470588235294117,0.20392156862745098,188.0010757507844,513545
0.1411764705882353,0.16862745098039217,0.21568627450980393,180.00102997415527,468479
0.13333333333333333,0.17254901960784313,0.21176470588235294,78.00044632213395,534091
0.14901960784313725,0.1843137254901961,0.21568627450980393,309.0017681222999,368078
0.25882352941176473,0.18823529411764706,0.13333333333333333,198.00113297157083,697756
0.27450980392156865,0.19215686274509805,0.13725490196078433,161.0009212546611,709001
0.27450980392156865,0.20784313725490197,0.13725490196078433,2.000011444157281,560856
0.2549019607843137,0.19215686274509805,0.1450980392156863,613.0035076342066,661881
0.27058823529411763,0.2,0.14901960784313725,451.00258065746686,684383
0.25882352941176473,0.21176470588235294,0.15294117647058825,38.00021743898834,761387
0.27450980392156865,0.20392156862745098,0.14901960784313725,158.0009040884252,741789
0.6666666666666666,0.6862745098039216,0.7529411764705882,63.00036049095435,796728
0.6745098039215687,0.6941176470588235,0.7490196078431373,119.00068092735822,885961
0.6666666666666666,0.7098039215686275,0.7490196078431373,736.0042114498793,998267
0.6745098039215687,0.7098039215686275,0.7529411764705882,606.0034675796561,994096
0.6549019607843137,0.6941176470588235,0.7764705882352941,4.000022888314562,855337
0.6705882352941176,0.6941176470588235,0.7647058823529411,4.000022888314562,795700
0.6549019607843137,0.7137254901960784,0.7725490196078432,38.00021743898834,857388
0.6784313725490196,0.7098039215686275,0.7647058823529411,44.00025177146018,807936
0.7647058823529411,0.8156862745098039,0.7607843137254902,10.000057220786404,652998
0.803921568627451,0.8313725490196079,0.7764705882352941,63.00036049095435,841100
0.792156862745098,0.8549019607843137,0.7686274509803922,2.000011444157281,133606
0.7764705882352941,0.8196078431372549,0.807843137254902,76.00043487797667,791933
0.8,0.8235294117647058,0.803921568627451,230.0013160780873,491187
0.7764705882352941,0.8509803921568627,0.803921568627451,2.000011444157281,229772
0.792156862745098,0.8470588235294118,0.807843137254902,19.00010871949417,849420
0.5294117647058824,0.6039215686274509,0.6666666666666666,253.00144768589604,988095
0.5490196078431373,0.6039215686274509,0.6666666666666666,180.00102997415527,1009365
0.5411764705882353,0.611764705882353,0.6549019607843137,152.00086975595335,951236
0.5450980392156862,0.615686274509804,0.6627450980392157,212.0012130806718,1031158
0.5294117647058824,0.6039215686274509,0.6705882352941176,129.00073814814462,965400
0.5529411764705883,0.6,0.6705882352941176,98.00056076370677,983789
0.5333333333333333,0.611764705882353,0.6705882352941176,241.00137902095236,971764
0.5490196078431373,0.615686274509804,0.6784313725490196,331.00189400803,999371
0.34901960784313724,0.3843137254901961,0.22745098039215686,80.00045776629123,583836
0.36470588235294116,0.38823529411764707,0.22745098039215686,8.000045776629124,587936
0.3568627450980392,0.396078431372549,0.23137254901960785,309.0017681222999,552144
0.3607843137254902,0.396078431372549,0.23137254901960785,40.00022888314562,553173
0.34509803921568627,0.38823529411764707,0.23921568627450981,198.00113297157083,555101
0.3607843137254902,0.3843137254901961,0.24313725490196078,14.000080109100967,556116
0.34509803921568627,0.396078431372549,0.23529411764705882,691.0039539563405,565453
0.36470588235294116,0.403921568627451,0.23921568627450981,244.00139618718828,557259
0.7294117647058823,0.6901960784313725,0.7215686274509804,305.00174523398533,942499
0.7372549019607844,0.6941176470588235,0.7215686274509804,150.00085831179607,1030688
0.7294117647058823,0.7058823529411765,0.7254901960784313,121.0006923715155,1042955
0.7333333333333333,0.7019607843137254,0.7294117647058823,227.0012989118514,1020436
0.7215686274509804,0.6980392156862745,0.7333333333333333,65.00037193511163,1014272
0.7333333333333333,0.6941176470588235,0.7372549019607844,6.000034332471843,809066
0.7176470588235294,0.7019607843137254,0.7372549019607844,384.00219727819797,855238
0.7333333333333333,0.7058823529411765,0.7333333333333333,324.0018539534795,931196
0.23137254901960785,0.34901960784313724,0.12549019607843137,43.00024604938154,412648
0.24705882352941178,0.34901960784313724,0.13333333333333333,660.0037765719027,568312
0.24313725490196078,0.36470588235294116,0.13725490196078433,314.0017967326931,406502
0.23137254901960785,0.34901960784313724,0.1411764705882353,4.000022888314562,381923
0.24705882352941178,0.34901960784313724,0.14901960784313725,413.00236321847854,376781
0.24705882352941178,0.3607843137254902,0.15294117647058825,143.00081825724558,396161
0.596078431372549,0.4470588235294118,0.4196078431372549,272.0015564053902,1028225
0.615686274509804,0.4470588235294118,0.4196078431372549,203.00116158196403,1023175
0.596078431372549,0.4627450980392157,0.4196078431372549,43.00024604938154,999698
0.6196078431372549,0.4549019607843137,0.41568627450980394,112.00064087280774,984361
0.6039215686274509,0.45098039215686275,0.43137254901960786,400.0022888314562,1029513
0.615686274509804,0.45098039215686275,0.43137254901960786,123.00070381567278,842753
0.596078431372549,0.4588235294117647,0.43137254901960786,164.00093842089703,1047994
0.615686274509804,0.4627450980392157,0.43529411764705883,258.00147629628924,857114
0.2627450980392157,0.2235294117647059,0.19215686274509805,361.0020656703892,446772
0.2784313725490196,0.2235294117647059,0.19215686274509805,346.0019798392096,446891
0.25882352941176473,0.23921568627450981,0.2,46.00026321561746,552419
0.2784313725490196,0.23921568627450981,0.19215686274509805,169.00096703129023,730659
0.25098039215686274,0.2196078431372549,0.21568627450980393,206.00117874819995,470335
0.27058823529411763,0.22745098039215686,0.21568627450980393,104.00059509617861,476614
0.2549019607843137,0.23529411764705882,0.20392156862745098,114.00065231696502,651849
0.27058823529411763,0.23921568627450981,0.20784313725490197,224.00128174561547,706133
0.13333333333333333,0.2,0.12941176470588237,47.0002689376961,297715
0.12549019607843137,0.21176470588235294,0.13725490196078433,651.0037250731949,219892
0.1411764705882353,0.21568627450980393,0.13725490196078433,78.00044632213395,313094
0.12549019607843137,0.2,0.1411764705882353,1.0000057220786405,120465
0.12941176470588237,0.21568627450980393,0.1450980392156863,758.0043373356094,164549
0.1411764705882353,0.21568627450980393,0.1411764705882353,34.000194550673775,257783
0.3254901960784314,0.25882352941176473,0.19607843137254902,218.00124741314363,771634
0.3411764705882353,0.2549019607843137,0.18823529411764706,441.00252343668046,782867
0.3254901960784314,0.2784313725490196,0.18823529411764706,17.000097275336888,51
0.33725490196078434,0.27058823529411763,0.2,46.00026321561746,769596
0.3137254901960784,0.25882352941176473,0.20784313725490197,294.0016822911203,587117
0.32941176470588235,0.2627450980392157,0.20784313725490197,238.00136185471644,794144
0.3215686274509804,0.27450980392156865,0.20784313725490197,97.00055504162813,693861
0.33725490196078434,0.27058823529411763,0.21176470588235294,208.00119019235723,579947
0.40784313725490196,0.47843137254901963,0.29411764705882354,383.00219155611927,304254
0.42745098039215684,0.4823529411764706,0.29411764705882354,242.001384743031,90538
0.41568627450980394,0.48627450980392156,0.2823529411764706,39.00022316106698,292984
0.42745098039215684,0.49411764705882355,0.2823529411764706,130.00074387022326,280702
0.4117647058823529,0.47058823529411764,0.3058823529411765,362.0020713924678,362529
0.43137254901960786,0.4823529411764706,0.30196078431372547,129.00073814814462,324681
0.41568627450980394,0.48627450980392156,0.30980392156862746,50.00028610393203,403115
0.43529411764705883,0.48627450980392156,0.2980392156862745,216.00123596898635,76195
0.7490196078431373,0.7843137254901961,0.8117647058823529,946.0054130863939,690459
0.7568627450980392,0.7843137254901961,0.8117647058823529,205.0011730261213,790786
0.7490196078431373,0.788235294117647,0.8156862745098039,844.0048294343726,667739
0.7607843137254902,0.792156862745098,0.8117647058823529,1278.0073128165025,846316
0.7490196078431373,0.7843137254901961,0.8196078431372549,113.00064659488638,690417
0.7568627450980392,0.7803921568627451,0.8235294117647058,37.000211716909696,864418
0.7529411764705882,0.792156862745098,0.8235294117647058,1604.0091782141394,679994
0.7568627450980392,0.792156862745098,0.8196078431372549,1151.0065861125152,683258
0.6039215686274509,0.5058823529411764,0.3764705882352941,267.001527794997,58499
0.6078431372549019,0.5098039215686274,0.3803921568627451,69.00039482342619,62554
0.592156862745098,0.5137254901960784,0.3843137254901961,141.0008068130883,9396
0.6078431372549019,0.5176470588235295,0.38823529411764707,153.000875478032,77922
0.6039215686274509,0.5019607843137255,0.39215686274509803,172.00098419752615,26769
0.615686274509804,0.5098039215686274,0.396078431372549,170.00097275336887,674133
0.596078431372549,0.5176470588235295,0.4,133.00076103645918,477418
0.615686274509804,0.5176470588235295,0.403921568627451,438.00250627044454,46212
0.09803921568627451,0.06666666666666667,0.043137254901960784,83.00047493252715,636654
0.11372549019607843,0.06274509803921569,0.0392156862745098,485.00277520814063,900906
0.10588235294117647,0.08235294117647059,0.03137254901960784,1.0000057220786405,684750
0.12156862745098039,0.0784313725490196,0.0392156862745098,6.000034332471843,801469
0.09411764705882353,0.06274509803921569,0.050980392156862744,344.0019683950523,900792
0.10980392156862745,0.06666666666666667,0.047058823529411764,569.0032558627464,785112
0.10588235294117647,0.08235294117647059,0.058823529411764705,10.000057220786404,670460
0.11764705882352941,0.0784313725490196,0.050980392156862744,42.0002403273029,814778
0.29411764705882354,0.41568627450980394,0.2235294117647059,250.00143051966012,260743
0.30196078431372547,0.41568627450980394,0.23137254901960785,380.00217438988335,221767
0.3058823529411765,0.4235294117647059,0.23137254901960785,74.00042343381939,243314
0.29411764705882354,0.4117647058823529,0.23921568627450981,226.00129318977275,220796
0.2980392156862745,0.41568627450980394,0.24313725490196078,488.00279237437655,19909
0.29411764705882354,0.4235294117647059,0.23529411764705882,2.000011444157281,246418
0.2980392156862745,0.4235294117647059,0.23529411764705882,114.00065231696502,234104
0.6901960784313725,0.6862745098039216,0.7529411764705882,77.00044060005531,816192
0.7058823529411765,0.6980392156862745,0.7490196078431373,14.000080109100967,918838
0.6862745098039216,0.7019607843137254,0.7529411764705882,600.0034332471843,912715
0.7098039215686275,0.7137254901960784,0.7529411764705882,695.0039768446551,768003
0.6901960784313725,0.6980392156862745,0.7647058823529411,2.000011444157281,881847
0.7098039215686275,0.6980392156862745,0.7647058823529411,1.0000057220786405,847992
0.6901960784313725,0.7098039215686275,0.7647058823529411,86.00049209876308,795708
0.7058823529411765,0.7098039215686275,0.7647058823529411,45.00025749353882,894178
0.5882352941176471,0.6274509803921569,0.4627450980392157,4.000022888314562,608458
0.6196078431372549,0.6235294117647059,0.4666666666666667,11.000062942865044,216315
0.5607843137254902,0.6274509803921569,0.48627450980392156,34.000194550673775,500436
0.596078431372549,0.6235294117647059,0.49019607843137253,329.0018825638727,272622
0.615686274509804,0.6627450980392157,0.47843137254901963,1.0000057220786405,906167
0.12549019607843137,0.07450980392156863,0.043137254901960784,442.0025291587591,777945
0.1411764705882353,0.07058823529411765,0.03137254901960784,171.0009784754475,714447
0.13725490196078433,0.08235294117647059,0.043137254901960784,58.00033188056115,762571
0.1411764705882353,0.08235294117647059,0.043137254901960784,114.00065231696502,762570
0.12549019607843137,0.07450980392156863,0.058823529411764705,280.0016021820193,903850
0.1411764705882353,0.07450980392156863,0.054901960784313725,35.000200272752416,916249
0.13725490196078433,0.09019607843137255,0.058823529411764705,174.00099564168343,791240
0.1450980392156863,0.08627450980392157,0.047058823529411764,241.00137902095236,753335
0.2901960784313726,0.2235294117647059,0.2,268.00153351707564,577238
0.3058823529411765,0.22745098039215686,0.18823529411764706,98.00056076370677,546041
0.28627450980392155,0.23529411764705882,0.2,269.0015392391543,746047
0.30196078431372547,0.24313725490196078,0.2,377.00215722364743,436472
0.2823529411764706,0.23137254901960785,0.20392156862745098,29.000165940280574,469257
0.3058823529411765,0.22745098039215686,0.21176470588235294,13.000074387022327,274709
0.2823529411764706,0.23529411764705882,0.20784313725490197,269.0015392391543,517485
0.3058823529411765,0.24313725490196078,0.20784313725490197,184.00105286246983,411891
0.3137254901960784,0.38823529411764707,0.16862745098039217,15.000085831179607,557901
0.32941176470588235,0.3764705882352941,0.16862745098039217,4.000022888314562,723723
0.3137254901960784,0.4,0.1607843137254902,439.0025119925232,526205
0.3137254901960784,0.3843137254901961,0.1803921568627451,143.00081825724558,582477
0.33725490196078434,0.3764705882352941,0.1803921568627451,6.000034332471843,857946
0.3176470588235294,0.396078431372549,0.1843137254901961,868.00496676426,581466
0.32941176470588235,0.403921568627451,0.1843137254901961,31.000177384437855,567126
0.3568627450980392,0.2196078431372549,0.2,358.00204850415327,977479
0.3686274509803922,0.22745098039215686,0.18823529411764706,275.0015735716261,949833
0.34901960784313724,0.23921568627450981,0.2,41.00023460522426,939508
0.36470588235294116,0.23529411764705882,0.2,39.00022316106698,698067
0.34509803921568627,0.23137254901960785,0.20392156862745098,187.00107002870575,931343
0.3607843137254902,0.2196078431372549,0.20392156862745098,225.0012874676941,970257
0.35294117647058826,0.24313725490196078,0.20784313725490197,83.00047493252715,940534
0.36470588235294116,0.23529411764705882,0.21568627450980393,289.0016536807271,896371
0.1568627450980392,0.19215686274509805,0.2235294117647059,289.0016536807271,160149
0.1843137254901961,0.2,0.2235294117647059,320.00183106516494,295253
0.16862745098039217,0.20392156862745098,0.23137254901960785,29.000165940280574,496120
0.1803921568627451,0.20392156862745098,0.2196078431372549,132.00075531438054,384486
0.1607843137254902,0.19215686274509805,0.24705882352941178,219.00125313522227,532046
0.1843137254901961,0.18823529411764706,0.23529411764705882,149.00085258971743,861740
0.16862745098039217,0.20784313725490197,0.23529411764705882,99.00056648578541,861699
0.17647058823529413,0.21176470588235294,0.24313725490196078,257.0014705742106,363995
0.1843137254901961,0.28627450980392155,0.13725490196078433,12.000068664943687,184312
0.16470588235294117,0.2901960784313726,0.15294117647058825,921.0052700344279,122826
0.17254901960784313,0.2901960784313726,0.14901960784313725,331.00189400803,165833
0.16470588235294117,0.2980392156862745,0.15294117647058825,42.0002403273029,133083
0.17647058823529413,0.2980392156862745,0.15294117647058825,184.00105286246983,166876
0.34509803921568627,0.41568627450980394,0.19607843137254902,22.00012588573009,577366
0.37254901960784315,0.4117647058823529,0.19607843137254902,4.000022888314562,728850
0.34901960784313724,0.42745098039215684,0.19215686274509805,130.00074387022326,542539
0.3607843137254902,0.43137254901960786,0.2,1.0000057220786405,557893
0.34509803921568627,0.40784313725490196,0.21176470588235294,738.0042228940366,273417
0.37254901960784315,0.4117647058823529,0.21568627450980393,455.0026035457814,212029
0.3568627450980392,0.4235294117647059,0.21568627450980393,30.000171662359215,265319
0.3686274509803922,0.42745098039215684,0.21176470588235294,103.00058937409997,243822
0.47843137254901963,0.5098039215686274,0.3764705882352941,46.00026321561746,450619
0.48627450980392156,0.5098039215686274,0.3764705882352941,36.000205994831056,460869
0.4823529411764706,0.5215686274509804,0.3843137254901961,297.0016994573562,457767
0.4980392156862745,0.5176470588235295,0.3764705882352941,1059.0060596812802,449672
0.4823529411764706,0.5058823529411764,0.403921568627451,2.000011444157281,620262
0.4980392156862745,0.5058823529411764,0.403921568627451,5.000028610393202,587462
0.47058823529411764,0.5137254901960784,0.396078431372549,6.000034332471843,298217
0.4980392156862745,0.5215686274509804,0.39215686274509803,21.00012016365145,452677
0.45098039215686275,0.5058823529411764,0.34901960784313724,204.00116730404267,331913
0.4588235294117647,0.5058823529411764,0.3568627450980392,429.0024547717368,400397
0.45098039215686275,0.5137254901960784,0.34901960784313724,20.00011444157281,346202
0.4627450980392157,0.5176470588235295,0.3568627450980392,240.00137329887372,331899
0.4470588235294118,0.5098039215686274,0.3607843137254902,1.0000057220786405,376893
0.4666666666666667,0.5098039215686274,0.37254901960784315,339.0019397846591,455712
0.4392156862745098,0.5215686274509804,0.3607843137254902,7.0000400545504835,622855
0.4666666666666667,0.5176470588235295,0.36470588235294116,230.0013160780873,378942
0.6,0.6666666666666666,0.7176470588235294,259.0014820183679,961344
0.615686274509804,0.6666666666666666,0.7176470588235294,214.00122452482907,983968
0.6039215686274509,0.6705882352941176,0.7215686274509804,146.0008354234815,958271
0.615686274509804,0.6784313725490196,0.7294117647058823,679.0038852913968,980769
0.6,0.6627450980392157,0.7333333333333333,7.0000400545504835,935763
0.6196078431372549,0.6666666666666666,0.7450980392156863,9.000051498707764,975833
0.596078431372549,0.6823529411764706,0.7411764705882353,21.00012016365145,869775
0.611764705882353,0.6784313725490196,0.7333333333333333,126.0007209819087,973627
0.5372549019607843,0.5058823529411764,0.2901960784313726,279.0015964599407,150557
0.5450980392156862,0.5098039215686274,0.29411764705882354,124.00070953775142,2397
0.5411764705882353,0.5215686274509804,0.28627450980392155,205.0011730261213,183418
0.5450980392156862,0.5176470588235295,0.2901960784313726,94.0005378753922,175209
0.5333333333333333,0.5019607843137255,0.2980392156862745,16.000091553258248,141319
0.5529411764705883,0.5058823529411764,0.30196078431372547,176.0010070858407,131090
0.5333333333333333,0.5215686274509804,0.30196078431372547,175.00100136376207,171055
0.5529411764705883,0.5176470588235295,0.30196078431372547,385.0022030002766,145431
0.6274509803921569,0.5411764705882353,0.4392156862745098,93.00053215331356,18646
0.6431372549019608,0.5411764705882353,0.45098039215686275,12.000068664943687,701759
0.6313725490196078,0.5450980392156862,0.4470588235294118,356.002037059996,17624
0.6470588235294118,0.5568627450980392,0.44313725490196076,753.0043087252162,90244
0.6352941176470588,0.5411764705882353,0.4549019607843137,31.000177384437855,667947
0.6431372549019608,0.5372549019607843,0.4588235294117647,8.000045776629124,883340
0.6352941176470588,0.5490196078431373,0.4549019607843137,44.00025177146018,233764
0.6431372549019608,0.5568627450980392,0.4549019607843137,144.00082397932422,19667
0.1607843137254902,0.30980392156862746,0.5058823529411764,1.0000057220786405,162075
0.21568627450980393,0.30196078431372547,0.5019607843137255,3.0000171662359216,988157
0.1843137254901961,0.3607843137254902,0.5098039215686274,7.0000400545504835,153884
0.24313725490196078,0.37254901960784315,0.5019607843137255,76.00043487797667,564877
0.22745098039215686,0.37254901960784315,0.5607843137254902,3.0000171662359216,161052
0.23529411764705882,0.39215686274509803,0.5411764705882353,66.00037765719027,155932
0.24705882352941178,0.45098039215686275,0.5450980392156862,2.000011444157281,194976
0.23921568627450981,0.4117647058823529,0.5647058823529412,9.000051498707764,158995
0.24313725490196078,0.4392156862745098,0.5764705882352941,13.000074387022327,924644
0.3764705882352941,0.41568627450980394,0.2196078431372549,217.001241691065,212022
0.403921568627451,0.4196078431372549,0.2235294117647059,75.00042915589803,200771
0.3803921568627451,0.42745098039215684,0.2235294117647059,453.00259210162415,222270
0.4,0.43137254901960786,0.23137254901960785,364.0020828366251,205888
0.3843137254901961,0.40784313725490196,0.23921568627450981,220.0012588573009,600256
0.39215686274509803,0.4196078431372549,0.24705882352941178,21.00012016365145,533731
0.3764705882352941,0.43529411764705883,0.24705882352941178,60.00034332471843,11662
0.396078431372549,0.4235294117647059,0.24705882352941178,28.000160218201934,529632
0.6,0.5686274509803921,0.3764705882352941,180.00102997415527,96609
0.615686274509804,0.5647058823529412,0.3764705882352941,450.0025749353882,150649
0.6039215686274509,0.5803921568627451,0.3843137254901961,47.0002689376961,195811
0.6196078431372549,0.5764705882352941,0.3803921568627451,160.00091553258247,154730
0.6039215686274509,0.5647058823529412,0.396078431372549,20.00011444157281,100688
0.6196078431372549,0.5647058823529412,0.4,422.0024147171863,121943
0.6039215686274509,0.5882352941176471,0.403921568627451,77.00044060005531,193781
0.6078431372549019,0.5882352941176471,0.39215686274509803,80.00045776629123,202978
0.7686274509803922,0.8,0.8313725490196079,833.0047664915076,753834
0.7725490196078432,0.8,0.8274509803921568,240.00137329887372,712963
0.7686274509803922,0.803921568627451,0.8313725490196079,870.0049782084172,677971
0.7725490196078432,0.803921568627451,0.8313725490196079,2839.01624498126,780384
0.7686274509803922,0.8,0.8352941176470589,37.000211716909696,569352
0.7725490196078432,0.8,0.8352941176470589,17.000097275336888,632955
0.7686274509803922,0.807843137254902,0.8352941176470589,448.00256349123094,605320
0.7764705882352941,0.807843137254902,0.8352941176470589,442.0025291587591,622654
0.2627450980392157,0.3215686274509804,0.2196078431372549,397.0022716652203,598783
0.27058823529411763,0.3176470588235294,0.22745098039215686,145.00082970140286,580332
0.2549019607843137,0.32941176470588235,0.2235294117647059,309.0017681222999,529128
0.26666666666666666,0.32941176470588235,0.2235294117647059,467.0026722107251,543474
0.2627450980392157,0.3176470588235294,0.23529411764705882,14.000080109100967,558823
0.2784313725490196,0.3137254901960784,0.23921568627450981,9.000051498707764,583403
0.25882352941176473,0.33725490196078434,0.24313725490196078,16.000091553258248,458429
0.2784313725490196,0.3411764705882353,0.23921568627450981,73.00041771174075,576248
0.23137254901960785,0.34509803921568627,0.2196078431372549,227.0012989118514,179848
0.24705882352941178,0.3568627450980392,0.2196078431372549,540.0030899224658,479993
0.23137254901960785,0.3607843137254902,0.2196078431372549,7.0000400545504835,197275
0.23921568627450981,0.3607843137254902,0.2196078431372549,609.003484745892,182868
0.23137254901960785,0.3568627450980392,0.23529411764705882,7.0000400545504835,167551
0.24313725490196078,0.35294117647058826,0.23921568627450981,15.000085831179607,179743
0.23137254901960785,0.37254901960784315,0.24705882352941178,2.000011444157281,31716
0.24705882352941178,0.3686274509803922,0.23529411764705882,20.00011444157281,182882
0.3764705882352941,0.2823529411764706,0.2196078431372549,286.00163651449117,786910
0.4,0.2823529411764706,0.22745098039215686,122.00069809359414,351472
0.38823529411764707,0.30196078431372547,0.2235294117647059,184.00105286246983,646483
0.4,0.2980392156862745,0.2235294117647059,246.00140763134556,767388
0.3764705882352941,0.29411764705882354,0.24313725490196078,80.00045776629123,404720
0.39215686274509803,0.2823529411764706,0.24313725490196078,66.00037765719027,917968
0.3843137254901961,0.30196078431372547,0.23529411764705882,202.0011558598854,574827
0.403921568627451,0.30980392156862746,0.23529411764705882,219.00125313522227,618857
0.3803921568627451,0.39215686274509803,0.5098039215686274,24.000137329887373,968403
0.4196078431372549,0.3803921568627451,0.5019607843137255,3.0000171662359216,929600
0.403921568627451,0.41568627450980394,0.5019607843137255,71.00040626758347,974530
0.43137254901960786,0.43137254901960786,0.5254901960784314,168.0009613092116,958174
0.403921568627451,0.403921568627451,0.5372549019607843,4.000022888314562,931675
0.3843137254901961,0.42745098039215684,0.5333333333333333,51.00029182601067,967388
0.40784313725490196,0.43529411764705883,0.5372549019607843,29.000165940280574,936759
0.6549019607843137,0.6274509803921569,0.6666666666666666,218.00124741314363,977400
0.6745098039215687,0.6235294117647059,0.6588235294117647,249.00142479758148,886013
0.6627450980392157,0.6392156862745098,0.6627450980392157,38.00021743898834,1040029
0.6823529411764706,0.6431372549019608,0.6666666666666666,102.00058365202133,980486
0.6666666666666666,0.6235294117647059,0.6705882352941176,128.00073242606598,999829
0.6705882352941176,0.6352941176470588,0.6705882352941176,81.00046348836987,979443
0.6666666666666666,0.6431372549019608,0.6823529411764706,142.00081253516694,950690
0.6705882352941176,0.6470588235294118,0.6823529411764706,436.00249482628726,1027692
0.3137254901960784,0.18823529411764706,0.16862745098039217,219.00125313522227,952972
0.3333333333333333,0.19215686274509805,0.1568627450980392,254.00145340797468,959068
0.3137254901960784,0.21568627450980393,0.1568627450980392,16.000091553258248,718169
0.33725490196078434,0.20392156862745098,0.16862745098039217,60.00034332471843,961152
0.3215686274509804,0.2,0.1803921568627451,316.0018081768504,946692
0.3333333333333333,0.2,0.1803921568627451,121.0006923715155,949741
0.3215686274509804,0.21568627450980393,0.1843137254901961,112.00064087280774,925133
0.33725490196078434,0.21176470588235294,0.1843137254901961,295.00168801319893,935575
0.19215686274509805,0.2,0.3254901960784314,6.000034332471843,857627
0.2235294117647059,0.21176470588235294,0.3215686274509804,2.000011444157281,861349
0.18823529411764706,0.23921568627450981,0.3215686274509804,256.00146485213196,413188
0.23137254901960785,0.24705882352941178,0.3215686274509804,48.000274659774746,329201
0.20784313725490197,0.21176470588235294,0.34901960784313724,4.000022888314562,852244
0.24313725490196078,0.19607843137254902,0.3607843137254902,1.0000057220786405,940920
0.18823529411764706,0.24705882352941178,0.3607843137254902,26.000148774044654,260575
0.24313725490196078,0.24313725490196078,0.3568627450980392,5.000028610393202,884186
0.4823529411764706,0.3803921568627451,0.25882352941176473,97.00055504162813,754296
0.48627450980392156,0.3843137254901961,0.2627450980392157,41.00023460522426,731790
0.4745098039215686,0.4,0.2627450980392157,81.00046348836987,77833
0.4980392156862745,0.4,0.2627450980392157,12.000068664943687,717489
0.4745098039215686,0.38823529411764707,0.27058823529411763,428.00244904965814,11351
0.48627450980392156,0.3764705882352941,0.27450980392156865,334.0019111742659,685389
0.4823529411764706,0.39215686274509803,0.2784313725490196,185.00105858454847,50210
0.4980392156862745,0.403921568627451,0.26666666666666666,210.0012016365145,735889
0.22745098039215686,0.34901960784313724,0.10588235294117647,89.000509264999,448507
0.23921568627450981,0.34509803921568627,0.10196078431372549,169.00096703129023,486381
0.24313725490196078,0.3607843137254902,0.09803921568627451,31.000177384437855,471038
0.23137254901960785,0.34509803921568627,0.10980392156862745,118.00067520527958,450535
0.24313725490196078,0.34509803921568627,0.11372549019607843,697.0039882888124,462788
0.23137254901960785,0.3607843137254902,0.10980392156862745,1.0000057220786405,453630
0.24313725490196078,0.3686274509803922,0.11372549019607843,272.0015564053902,434170
0.8235294117647058,0.7568627450980392,0.7019607843137254,47.0002689376961,863873
0.8470588235294118,0.7529411764705882,0.6901960784313725,17.000097275336888,951441
0.8196078431372549,0.7803921568627451,0.6980392156862745,22.00012588573009,469691
0.8509803921568627,0.7843137254901961,0.7019607843137254,1.0000057220786405,194849
0.8352941176470589,0.7490196078431373,0.7176470588235294,124.00070953775142,939193
0.8705882352941177,0.7529411764705882,0.7294117647058823,35.000200272752416,1039431
0.8196078431372549,0.807843137254902,0.7411764705882353,81.00046348836987,476861
0.8431372549019608,0.7803921568627451,0.7372549019607844,16.000091553258248,874753
0.5686274509803921,0.5372549019607843,0.3137254901960784,258.00147629628924,162897
0.5764705882352941,0.5333333333333333,0.3215686274509804,198.00113297157083,145463
0.5686274509803921,0.5568627450980392,0.3137254901960784,102.00058365202133,193693
0.5803921568627451,0.5450980392156862,0.3176470588235294,225.0012874676941,170102
0.5647058823529412,0.5411764705882353,0.3411764705882353,76.00043487797667,81262
0.5803921568627451,0.5333333333333333,0.33725490196078434,323.00184823140086,35160
0.5607843137254902,0.5450980392156862,0.3333333333333333,50.00028610393203,42346
0.5882352941176471,0.5490196078431373,0.33725490196078434,138.00078964685238,157777
0.47058823529411764,0.47843137254901963,0.2627450980392157,353.00201989376006,191550
0.48627450980392156,0.4745098039215686,0.2627450980392157,128.00073242606598,177210
0.4745098039215686,0.48627450980392156,0.2627450980392157,123.00070381567278,196689
0.48627450980392156,0.4980392156862745,0.2627450980392157,47.0002689376961,208006
0.47843137254901963,0.4823529411764706,0.26666666666666666,90.00051498707764,185393
0.49019607843137253,0.4823529411764706,0.26666666666666666,180.00102997415527,181324
0.4823529411764706,0.49411764705882355,0.27058823529411763,146.0008354234815,202848
0.48627450980392156,0.48627450980392156,0.26666666666666666,299.0017109015135,175122
0.7686274509803922,0.5803921568627451,0.5058823529411764,71.00040626758347,996418
0.7843137254901961,0.5882352941176471,0.5254901960784314,2.000011444157281,959640
0.7529411764705882,0.6039215686274509,0.5098039215686274,42.0002403273029,881417
0.7803921568627451,0.6,0.5176470588235295,5.000028610393202,951430
0.7647058823529411,0.5882352941176471,0.5411764705882353,40.00022888314562,962687
0.7607843137254902,0.6039215686274509,0.5529411764705883,142.00081253516694,1007845
0.803921568627451,0.6196078431372549,0.5490196078431373,38.00021743898834,946283
0.6039215686274509,0.5686274509803921,0.34509803921568627,157.00089836634655,179379
0.615686274509804,0.5725490196078431,0.3568627450980392,136.0007782026951,172204
0.592156862745098,0.5764705882352941,0.35294117647058826,155.00088692218927,200916
0.611764705882353,0.5803921568627451,0.35294117647058826,102.00058365202133,183460
0.6,0.5647058823529412,0.37254901960784315,162.00092697673975,77151
0.6196078431372549,0.5725490196078431,0.3607843137254902,224.00128174561547,169126
0.6,0.5843137254901961,0.3686274509803922,121.0006923715155,197834
0.611764705882353,0.5803921568627451,0.3607843137254902,283.00161934825525,182451
0.5686274509803921,0.3215686274509804,0.19215686274509805,39.00022316106698,863046
0.6,0.32941176470588235,0.2,2.000011444157281,841523
0.5607843137254902,0.35294117647058826,0.21568627450980393,49.000280381853386,753382
0.596078431372549,0.3607843137254902,0.19215686274509805,66.00037765719027,823916
0.5725490196078431,0.32941176470588235,0.23137254901960785,72.00041198966211,922675
0.592156862745098,0.3411764705882353,0.2235294117647059,5.000028610393202,848697
0.5725490196078431,0.3686274509803922,0.2196078431372549,65.00037193511163,872130
0.615686274509804,0.3686274509803922,0.23921568627450981,33.000188828595135,971782
0.3176470588235294,0.2235294117647059,0.16470588235294117,241.00137902095236,580320
0.32941176470588235,0.22745098039215686,0.16862745098039217,42.0002403273029,805564
0.3254901960784314,0.23529411764705882,0.16862745098039217,49.000280381853386,717186
0.32941176470588235,0.23529411764705882,0.16862745098039217,29.000165940280574,725378
0.3254901960784314,0.23137254901960785,0.17647058823529413,177.00101280791935,730511
0.32941176470588235,0.23137254901960785,0.17647058823529413,22.00012588573009,647469
0.3176470588235294,0.23529411764705882,0.1803921568627451,404.0023117197708,783842
0.3411764705882353,0.24705882352941178,0.1803921568627451,354.0020256158387,765348
0.23137254901960785,0.23137254901960785,0.2235294117647059,257.0014705742106,391517
0.23921568627450981,0.23137254901960785,0.22745098039215686,183.0010471403912,484788
0.22745098039215686,0.23921568627450981,0.22745098039215686,63.00036049095435,404898
0.23529411764705882,0.23529411764705882,0.2235294117647059,140.00080109100966,423271
0.2235294117647059,0.23137254901960785,0.23529411764705882,204.00116730404267,255381
0.23529411764705882,0.2235294117647059,0.23529411764705882,82.00046921044851,614983
0.2235294117647059,0.24313725490196078,0.24705882352941178,196.00112152741355,522757
0.23921568627450981,0.23529411764705882,0.24313725490196078,192.00109863909898,608839
0.3215686274509804,0.403921568627451,0.3333333333333333,11.000062942865044,550627
0.37254901960784315,0.3803921568627451,0.3333333333333333,36.000205994831056,614097
0.3254901960784314,0.43529411764705883,0.3333333333333333,14.000080109100967,340634
0.37254901960784315,0.40784313725490196,0.3254901960784314,11.000062942865044,617170
0.3411764705882353,0.39215686274509803,0.3686274509803922,59.00033760263979,622304
0.35294117647058826,0.3843137254901961,0.36470588235294116,164.00093842089703,640645
0.3411764705882353,0.4235294117647059,0.34901960784313724,12.000068664943687,638683
0.37254901960784315,0.43529411764705883,0.36470588235294116,22.00012588573009,638682
0.8196078431372549,0.8235294117647058,0.8156862745098039,173.0009899196048,782706
0.8352941176470589,0.8117647058823529,0.8196078431372549,81.00046348836987,865509
0.8117647058823529,0.8274509803921568,0.8196078431372549,81.00046348836987,981959
0.8392156862745098,0.8313725490196079,0.8196078431372549,56.00032043640387,868438
0.8117647058823529,0.8235294117647058,0.8352941176470589,151.0008640338747,637015
0.8274509803921568,0.8156862745098039,0.8352941176470589,53.00030327016795,921817
0.8235294117647058,0.8352941176470589,0.8392156862745098,516.0029525925785,677007
0.8352941176470589,0.8392156862745098,0.8392156862745098,203.00116158196403,829610
0.03137254901960784,0.043137254901960784,0.06666666666666667,34.000194550673775,191896
0.054901960784313725,0.0392156862745098,0.06274509803921569,17.000097275336888,237974
0.043137254901960784,0.050980392156862744,0.07450980392156863,103.00058937409997,338377
0.058823529411764705,0.058823529411764705,0.07058823529411765,1017.0058193539774,162143
0.03137254901960784,0.03529411764705882,0.08235294117647059,6.000034332471843,322075
0.054901960784313725,0.0392156862745098,0.09019607843137255,1.0000057220786405,862652
0.0392156862745098,0.058823529411764705,0.08235294117647059,39.00022316106698,176529
0.050980392156862744,0.058823529411764705,0.0784313725490196,91.00052070915628,391625
0.6352941176470588,0.4745098039215686,0.45098039215686275,260.0014877404465,983266
0.6431372549019608,0.47843137254901963,0.4470588235294118,186.00106430662711,1037687
0.6352941176470588,0.48627450980392156,0.4470588235294118,57.00032615848251,1025101
0.6392156862745098,0.49019607843137253,0.4470588235294118,161.0009212546611,1030352
0.6274509803921569,0.4745098039215686,0.4588235294117647,195.0011158053349,986336
0.6509803921568628,0.4823529411764706,0.4666666666666667,58.00033188056115,1005747
0.6352941176470588,0.48627450980392156,0.4588235294117647,169.00096703129023,1015861
0.6392156862745098,0.4980392156862745,0.4627450980392157,219.00125313522227,1016986
0.3215686274509804,0.25098039215686274,0.15294117647058825,4.000022888314562,589529
0.35294117647058826,0.25882352941176473,0.15294117647058825,13.000074387022327,764579
0.3411764705882353,0.25098039215686274,0.1843137254901961,101.0005779299427,721294
0.34509803921568627,0.25098039215686274,0.1843137254901961,199.00113869364947,768418
0.33725490196078434,0.2901960784313726,0.1803921568627451,2.000011444157281,599778
0.36470588235294116,0.2823529411764706,0.16862745098039217,6.000034332471843,750266
0.18823529411764706,0.2196078431372549,0.25882352941176473,230.0013160780873,275825
0.20392156862745098,0.22745098039215686,0.2549019607843137,245.00140190926692,574011
0.19607843137254902,0.23529411764705882,0.2549019607843137,33.000188828595135,582187
0.21176470588235294,0.23529411764705882,0.25098039215686274,149.00085258971743,332088
0.19215686274509805,0.23137254901960785,0.2784313725490196,197.00112724949219,300385
0.21176470588235294,0.2235294117647059,0.27450980392156865,125.00071525983006,316780
0.18823529411764706,0.24705882352941178,0.2784313725490196,128.00073242606598,887292
0.21568627450980393,0.24705882352941178,0.26666666666666666,190.00108719494168,174521
0.043137254901960784,0.03137254901960784,0.027450980392156862,19.00010871949417,850666
0.058823529411764705,0.0392156862745098,0.027450980392156862,1272.0072784840306,860893
0.054901960784313725,0.047058823529411764,0.023529411764705882,1.0000057220786405,677599
0.34901960784313724,0.38823529411764707,0.25098039215686274,41.00023460522426,529478
0.3607843137254902,0.38823529411764707,0.25098039215686274,11.000062942865044,546881
0.34509803921568627,0.4,0.25098039215686274,718.0041084524638,557175
0.3686274509803922,0.403921568627451,0.25882352941176473,372.00212861325423,527441
0.35294117647058826,0.3843137254901961,0.2784313725490196,6.000034332471843,567008
0.36470588235294116,0.38823529411764707,0.26666666666666666,5.000028610393202,370332
0.3568627450980392,0.403921568627451,0.26666666666666666,44.00025177146018,531505
0.36470588235294116,0.403921568627451,0.27058823529411763,90.00051498707764,516120
0.4627450980392157,0.6352941176470588,0.6666666666666666,29.000165940280574,827673
0.43137254901960786,0.6431372549019608,0.7372549019607844,5.000028610393202,907186
0.4627450980392157,0.6235294117647059,0.6901960784313725,46.00026321561746,909244
0.5215686274509804,0.24705882352941178,0.027450980392156862,73.00041771174075,792335
0.5137254901960784,0.24705882352941178,0.07058823529411765,7.0000400545504835,826152
0.7686274509803922,0.796078431372549,0.8156862745098039,355.00203133791734,779594
0.7725490196078432,0.8,0.8156862745098039,131.0007495923019,807213
0.7686274509803922,0.803921568627451,0.8156862745098039,12.000068664943687,874134
0.7725490196078432,0.803921568627451,0.8156862745098039,21.00012016365145,727316
0.7647058823529411,0.8,0.8235294117647058,2506.014339529073,780455
0.7764705882352941,0.8,0.8235294117647058,1042.0059624059434,824733
0.7686274509803922,0.803921568627451,0.8235294117647058,180.00102997415527,828846
0.7725490196078432,0.803921568627451,0.8235294117647058,873.0049953746532,674056
0.40784313725490196,0.4392156862745098,0.23137254901960785,138.00078964685238,205870
0.4235294117647059,0.4392156862745098,0.23137254901960785,28.000160218201934,207969
0.41568627450980394,0.4588235294117647,0.23137254901960785,45.00025749353882,229516
0.4235294117647059,0.4627450980392157,0.23137254901960785,4.000022888314562,232577
0.41568627450980394,0.4470588235294118,0.23921568627450981,253.00144768589604,203830
0.42745098039215684,0.4392156862745098,0.23529411764705882,317.001813898929,192532
0.40784313725490196,0.4666666666666667,0.24705882352941178,250.00143051966012,268412
0.42745098039215684,0.4588235294117647,0.24313725490196078,243.00139046510964,212049
0.3333333333333333,0.5058823529411764,0.5803921568627451,8.000045776629124,546424
0.34901960784313724,0.5058823529411764,0.5843137254901961,155.00088692218927,407067
0.3607843137254902,0.5294117647058824,0.5764705882352941,6.000034332471843,488006
0.33725490196078434,0.5058823529411764,0.6196078431372549,13.000074387022327,168226
0.3686274509803922,0.5215686274509804,0.592156862745098,124.00070953775142,508509
0.36470588235294116,0.5294117647058824,0.596078431372549,12.000068664943687,519797
0.27450980392156865,0.44313725490196076,0.5098039215686274,5.000028610393202,490058
0.2901960784313726,0.4392156862745098,0.5137254901960784,78.00044632213395,496209
0.27450980392156865,0.45098039215686275,0.5411764705882353,4.000022888314562,879100
0.2901960784313726,0.45098039215686275,0.5372549019607843,221.00126457937955,472609
0.30980392156862746,0.4745098039215686,0.5411764705882353,8.000045776629124,514666
0.4196078431372549,0.3254901960784314,0.22745098039215686,93.00053215331356,18509
0.42745098039215684,0.3176470588235294,0.22745098039215686,93.00053215331356,671035
0.4117647058823529,0.33725490196078434,0.23137254901960785,129.00073814814462,20542
0.43529411764705883,0.33725490196078434,0.23137254901960785,35.000200272752416,757357
0.41568627450980394,0.3176470588235294,0.24313725490196078,244.00139618718828,783894
0.4235294117647059,0.3137254901960784,0.23921568627450981,160.00091553258247,742765
0.4196078431372549,0.3411764705882353,0.23529411764705882,270.0015449612329,19513
0.4235294117647059,0.3411764705882353,0.23921568627450981,235.00134468848051,21554
0.6862745098039216,0.6039215686274509,0.5019607843137255,82.00046921044851,44234
0.7098039215686275,0.592156862745098,0.5058823529411764,2.000011444157281,890515
0.6980392156862745,0.611764705882353,0.5019607843137255,847.0048466006085,94425
0.7019607843137254,0.615686274509804,0.5098039215686274,115.00065803904366,46321
0.6941176470588235,0.6,0.5254901960784314,5.000028610393202,847891
0.7019607843137254,0.6039215686274509,0.5215686274509804,3.0000171662359216,846864
0.6862745098039216,0.615686274509804,0.5137254901960784,60.00034332471843,468198
0.7058823529411765,0.6196078431372549,0.5176470588235295,133.00076103645918,58576
0.6862745098039216,0.6901960784313725,0.5764705882352941,20.00011444157281,624906
0.7294117647058823,0.6980392156862745,0.5686274509803921,36.000205994831056,731840
0.7098039215686275,0.7215686274509804,0.5803921568627451,5.000028610393202,880501
0.7019607843137254,0.6941176470588235,0.611764705882353,104.00059509617861,427226
0.7215686274509804,0.6862745098039216,0.6078431372549019,118.00067520527958,325094
0.7137254901960784,0.7215686274509804,0.615686274509804,17.000097275336888,591594
0.7254901960784313,0.7176470588235294,0.6196078431372549,10.000057220786404,627980
0.5098039215686274,0.3411764705882353,0.3843137254901961,10.000057220786404,1029558
0.5215686274509804,0.36470588235294116,0.3843137254901961,144.00082397932422,1036743
0.5411764705882353,0.37254901960784315,0.39215686274509803,129.00073814814462,986672
0.5215686274509804,0.3568627450980392,0.40784313725490196,24.000137329887373,1024328
0.5490196078431373,0.3686274509803922,0.4117647058823529,3.0000171662359216,928945
0.7333333333333333,0.7803921568627451,0.8156862745098039,844.0048294343726,722982
0.7411764705882353,0.7803921568627451,0.8156862745098039,1470.0084114556014,695583
0.7372549019607844,0.788235294117647,0.8156862745098039,16.000091553258248,931747
0.7450980392156863,0.788235294117647,0.8156862745098039,119.00068092735822,797853
0.7333333333333333,0.7843137254901961,0.8235294117647058,741.0042400602725,581693
0.7411764705882353,0.7843137254901961,0.8196078431372549,744.0042572265085,708737
0.7372549019607844,0.788235294117647,0.8235294117647058,115.00065803904366,722970
0.7411764705882353,0.792156862745098,0.8235294117647058,902.0051613149337,742455
0.23529411764705882,0.3176470588235294,0.12549019607843137,853.0048809330804,840642
0.24313725490196078,0.3176470588235294,0.12941176470588237,169.00096703129023,743353
0.23529411764705882,0.3215686274509804,0.12549019607843137,1175.0067234424025,749536
0.24313725490196078,0.3254901960784314,0.12941176470588237,805.0046062733056,811997
0.23921568627450981,0.3176470588235294,0.13725490196078433,437.0025005483659,729002
0.24313725490196078,0.3176470588235294,0.13333333333333333,70.00040054550483,875403
0.23921568627450981,0.3215686274509804,0.13333333333333333,602.0034446913415,856997
0.24313725490196078,0.3215686274509804,0.13725490196078433,837.0047893798221,863150
0.5725490196078431,0.41568627450980394,0.38823529411764707,145.00082970140286,1029456
0.5882352941176471,0.4117647058823529,0.38823529411764707,185.00105858454847,1012979
0.5725490196078431,0.43529411764705883,0.3764705882352941,26.000148774044654,948782
0.5803921568627451,0.4235294117647059,0.38823529411764707,54.00030899224659,982154
0.5686274509803921,0.4196078431372549,0.396078431372549,278.00159073786205,987400
0.5764705882352941,0.4196078431372549,0.4,274.0015678495475,1044906
0.5725490196078431,0.4235294117647059,0.39215686274509803,46.00026321561746,1040686
0.5882352941176471,0.43137254901960786,0.4,226.00129318977275,1047855
0.13333333333333333,0.1843137254901961,0.3843137254901961,3.0000171662359216,967621
0.15294117647058825,0.2235294117647059,0.39215686274509803,61.00034904679707,949057
0.19215686274509805,0.23137254901960785,0.396078431372549,11.000062942865044,144642
0.1843137254901961,0.23137254901960785,0.4392156862745098,2.000011444157281,959405
0.7568627450980392,0.7568627450980392,0.7490196078431373,164.00093842089703,505520
0.7686274509803922,0.7490196078431373,0.7607843137254902,54.00030899224659,918794
0.7490196078431373,0.7725490196078432,0.7607843137254902,92.00052643123492,507581
0.7725490196078432,0.7764705882352941,0.7529411764705882,61.00034904679707,337123
0.7568627450980392,0.7607843137254902,0.7647058823529411,214.00122452482907,823454
0.7764705882352941,0.7607843137254902,0.7764705882352941,183.0010471403912,883877
0.7568627450980392,0.7686274509803922,0.7764705882352941,295.00168801319893,806005
0.7725490196078432,0.7686274509803922,0.7686274509803922,169.00096703129023,838222
0.16470588235294117,0.1568627450980392,0.13725490196078433,18.000102997415528,188796
0.1843137254901961,0.1568627450980392,0.12941176470588237,270.0015449612329,593358
0.1607843137254902,0.17254901960784313,0.13725490196078433,1.0000057220786405,664312
0.16862745098039217,0.1568627450980392,0.1450980392156863,214.00122452482907,659989
0.1843137254901961,0.16470588235294117,0.15294117647058825,700.0040054550483,625358
0.16470588235294117,0.1803921568627451,0.1411764705882353,4.000022888314562,660214
0.1843137254901961,0.17254901960784313,0.1450980392156863,18.000102997415528,696864
0.19215686274509805,0.19607843137254902,0.23137254901960785,154.00088120011063,287000
0.20392156862745098,0.2,0.2235294117647059,26.000148774044654,260490
0.19607843137254902,0.20784313725490197,0.2235294117647059,323.00184823140086,615018
0.20784313725490197,0.21176470588235294,0.2235294117647059,283.00161934825525,544285
0.19215686274509805,0.2,0.23529411764705882,48.000274659774746,305589
0.20392156862745098,0.19607843137254902,0.24705882352941178,16.000091553258248,255401
0.19607843137254902,0.21176470588235294,0.23529411764705882,264.0015106287611,214471
0.20392156862745098,0.21568627450980393,0.24313725490196078,105.00060081825725,308547
0.4823529411764706,0.5294117647058824,0.3843137254901961,183.0010471403912,390234
0.48627450980392156,0.5372549019607843,0.38823529411764707,505.00288964971344,357487
0.4745098039215686,0.5450980392156862,0.38823529411764707,3.0000171662359216,425642
0.4980392156862745,0.5568627450980392,0.3843137254901961,147.00084114556014,315555
0.4745098039215686,0.5333333333333333,0.396078431372549,5.000028610393202,641784
0.4980392156862745,0.5333333333333333,0.39215686274509803,209.00119591443587,390226
0.47058823529411764,0.5529411764705883,0.4,4.000022888314562,466628
0.49411764705882355,0.5490196078431373,0.396078431372549,153.000875478032,328866
0.38823529411764707,0.3176470588235294,0.2235294117647059,263.00150490668244,14381
0.403921568627451,0.3137254901960784,0.2235294117647059,227.0012989118514,769608
0.38823529411764707,0.3333333333333333,0.22745098039215686,81.00046348836987,16389
0.403921568627451,0.33725490196078434,0.23137254901960785,220.0012588573009,33799
0.38823529411764707,0.3215686274509804,0.23921568627450981,108.00061798449318,758336
0.4,0.3176470588235294,0.24705882352941178,182.00104141831255,608557
0.3843137254901961,0.3333333333333333,0.24705882352941178,10.000057220786404,645862
0.403921568627451,0.33725490196078434,0.23529411764705882,115.00065803904366,12348
0.10588235294117647,0.13333333333333333,0.16470588235294117,154.00088120011063,188906
0.12156862745098039,0.13333333333333333,0.1607843137254902,429.0024547717368,390618
0.10588235294117647,0.1450980392156863,0.16862745098039217,7.0000400545504835,218576
0.10980392156862745,0.1411764705882353,0.16470588235294117,123.00070381567278,328037
0.10588235294117647,0.12941176470588237,0.17647058823529413,92.00052643123492,872982
0.11764705882352941,0.13725490196078433,0.17254901960784313,136.0007782026951,531014
0.10588235294117647,0.1411764705882353,0.17647058823529413,44.00025177146018,554558
0.12156862745098039,0.1450980392156863,0.1803921568627451,217.001241691065,353735
0.0,0.058823529411764705,0.2549019607843137,6.000034332471843,980972
0.00392156862745098,0.09019607843137255,0.2980392156862745,46.00026321561746,980971
0.08627450980392157,0.10980392156862745,0.2784313725490196,18.000102997415528,948111
0.058823529411764705,0.10980392156862745,0.3176470588235294,3.0000171662359216,965567
0.09803921568627451,0.11764705882352941,0.32941176470588235,2.000011444157281,955298
0.2901960784313726,0.18823529411764706,0.16862745098039217,22.00012588573009,924175
0.2980392156862745,0.18823529411764706,0.1607843137254902,115.00065803904366,932294
0.2901960784313726,0.21568627450980393,0.16862745098039217,520.002975480893,650590
0.3058823529411765,0.21568627450980393,0.1568627450980392,172.00098419752615,752023
0.2901960784313726,0.19607843137254902,0.1803921568627451,23.00013160780873,929283
0.30196078431372547,0.18823529411764706,0.17254901960784313,173.0009899196048,947728
0.2901960784313726,0.21568627450980393,0.17254901960784313,137.00078392477374,569622
0.2980392156862745,0.21568627450980393,0.17647058823529413,36.000205994831056,636208
0.25098039215686274,0.3568627450980392,0.10588235294117647,3.0000171662359216,488443
0.25882352941176473,0.3686274509803922,0.10588235294117647,19.00010871949417,472053
0.25098039215686274,0.3568627450980392,0.12156862745098039,322.0018425093222,541689
0.26666666666666666,0.3568627450980392,0.12156862745098039,13.000074387022327,488363
0.25098039215686274,0.37254901960784315,0.11764705882352941,746.0042686706657,457725
0.26666666666666666,0.3686274509803922,0.12156862745098039,91.00052070915628,469943
0.1450980392156863,0.23921568627450981,0.1568627450980392,809.0046291616202,198412
0.14901960784313725,0.23529411764705882,0.1607843137254902,263.00150490668244,74328
0.1411764705882353,0.24313725490196078,0.1607843137254902,886.0050697616755,170748
0.14901960784313725,0.24313725490196078,0.1568627450980392,943.005395920158,209729
0.1450980392156863,0.23529411764705882,0.16862745098039217,398.00227738729893,113287
0.14901960784313725,0.23921568627450981,0.16470588235294117,101.0005779299427,91760
0.1411764705882353,0.24313725490196078,0.16470588235294117,940.0053787539221,145067
0.15294117647058825,0.24313725490196078,0.16862745098039217,412.0023574963999,120438
0.5607843137254902,0.6313725490196078,0.6666666666666666,112.00064087280774,870745
0.5843137254901961,0.6274509803921569,0.6627450980392157,96.00054931954949,958435
0.5607843137254902,0.6509803921568628,0.6666666666666666,70.00040054550483,185883
0.5803921568627451,0.6431372549019608,0.6666666666666666,65.00037193511163,282183
0.5647058823529412,0.6313725490196078,0.6823529411764706,346.0019798392096,976779
0.5803921568627451,0.6235294117647059,0.6745098039215687,229.00131035600867,920511
0.5725490196078431,0.6509803921568628,0.6823529411764706,102.00058365202133,440914
0.5803921568627451,0.6392156862745098,0.6745098039215687,167.00095558713295,889410
0.7647058823529411,0.6235294117647059,0.43529411764705883,2.000011444157281,800356
0.8392156862745098,0.6313725490196078,0.3764705882352941,12.000068664943687,842400
0.7843137254901961,0.6235294117647059,0.45098039215686275,42.0002403273029,830045
0.8549019607843137,0.6784313725490196,0.49411764705882355,18.000102997415528,846497
0.6352941176470588,0.592156862745098,0.40784313725490196,248.00141907550284,164035
0.6431372549019608,0.596078431372549,0.4196078431372549,210.0012016365145,160950
0.6352941176470588,0.6078431372549019,0.41568627450980394,17.000097275336888,184537
0.6470588235294118,0.6078431372549019,0.4196078431372549,17.000097275336888,169128
0.6274509803921569,0.6039215686274509,0.4235294117647059,120.00068664943686,180464
0.6431372549019608,0.596078431372549,0.43137254901960786,421.00240899510766,166113
0.6274509803921569,0.6078431372549019,0.43529411764705883,55.00031471432523,189678
0.6392156862745098,0.611764705882353,0.43137254901960786,91.00052070915628,183522
0.6039215686274509,0.4117647058823529,0.34901960784313724,189.00108147286304,990237
0.611764705882353,0.4196078431372549,0.35294117647058826,210.0012016365145,881701
0.592156862745098,0.4235294117647059,0.34901960784313724,8.000045776629124,878267
0.615686274509804,0.4235294117647059,0.3568627450980392,59.00033760263979,898084
0.6,0.40784313725490196,0.3686274509803922,233.00133324432323,988257
0.6078431372549019,0.4196078431372549,0.3686274509803922,193.00110436117762,863266
0.6,0.4235294117647059,0.37254901960784315,57.00032615848251,1028139
0.6196078431372549,0.43529411764705883,0.3686274509803922,228.00130463393003,876565
0.3764705882352941,0.4196078431372549,0.2823529411764706,112.00064087280774,514075
0.403921568627451,0.4117647058823529,0.2901960784313726,9.000051498707764,646905
0.3803921568627451,0.4235294117647059,0.2823529411764706,408.00233460808533,511008
0.4,0.43137254901960786,0.29411764705882354,502.0028724834775,499773
0.38823529411764707,0.4117647058823529,0.30196078431372547,3.0000171662359216,563937
0.4,0.41568627450980394,0.2980392156862745,5.000028610393202,653051
0.3764705882352941,0.4235294117647059,0.3058823529411765,24.000137329887373,676606
0.39215686274509803,0.43529411764705883,0.2980392156862745,111.0006351507291,514077
0.3843137254901961,0.2549019607843137,0.2235294117647059,263.00150490668244,944641
0.396078431372549,0.2627450980392157,0.22745098039215686,211.00120735859315,960065
0.3843137254901961,0.26666666666666666,0.22745098039215686,74.00042343381939,895359
0.39215686274509803,0.26666666666666666,0.2235294117647059,77.00044060005531,929241
0.3843137254901961,0.2549019607843137,0.23529411764705882,92.00052643123492,954893
0.396078431372549,0.2549019607843137,0.23529411764705882,176.0010070858407,974468
0.3803921568627451,0.27058823529411763,0.24313725490196078,65.00037193511163,914886
0.4,0.27058823529411763,0.24705882352941178,213.00121880275043,921047
0.3137254901960784,0.20392156862745098,0.27058823529411763,10.000057220786404,861411
0.34509803921568627,0.20784313725490197,0.25098039215686274,7.0000400545504835,925883
0.3411764705882353,0.24313725490196078,0.27450980392156865,87.00049782084172,939740
0.35294117647058826,0.2196078431372549,0.25098039215686274,121.0006923715155,966877
0.3411764705882353,0.21176470588235294,0.28627450980392155,4.000022888314562,847123
0.32941176470588235,0.24313725490196078,0.2901960784313726,36.000205994831056,930563
0.3568627450980392,0.23529411764705882,0.2980392156862745,25.000143051966013,936122
0.1568627450980392,0.25098039215686274,0.1607843137254902,844.0048294343726,209748
0.16470588235294117,0.2549019607843137,0.1568627450980392,471.00269509903967,288569
0.1568627450980392,0.2627450980392157,0.1607843137254902,412.0023574963999,195438
0.16862745098039217,0.25882352941176473,0.1568627450980392,448.00256349123094,269016
0.1568627450980392,0.2549019607843137,0.16862745098039217,509.002912538028,58961
0.16470588235294117,0.2549019607843137,0.16470588235294117,251.00143624173876,236376
0.1607843137254902,0.2627450980392157,0.16470588235294117,987.0056476916182,225990
0.16470588235294117,0.2627450980392157,0.16862745098039217,697.0039882888124,226107
0.5215686274509804,0.5215686274509804,0.23529411764705882,17.000097275336888,893850
0.6352941176470588,0.5215686274509804,0.22745098039215686,1.0000057220786405,230759
0.6235294117647059,0.6274509803921569,0.6862745098039216,123.00070381567278,791595
0.6392156862745098,0.6313725490196078,0.6862745098039216,57.00032615848251,962007
0.6274509803921569,0.6431372549019608,0.6941176470588235,269.0015392391543,884944
0.6431372549019608,0.6431372549019608,0.6901960784313725,426.00243760550086,912666
0.6235294117647059,0.6352941176470588,0.7098039215686275,1.0000057220786405,786459
0.6235294117647059,0.6470588235294118,0.7058823529411765,144.00082397932422,814169
0.6431372549019608,0.6509803921568628,0.7019607843137254,132.00075531438054,893159
0.7176470588235294,0.7254901960784313,0.7843137254901961,34.000194550673775,853139
0.7411764705882353,0.7294117647058823,0.7803921568627451,12.000068664943687,826421
0.7215686274509804,0.7450980392156863,0.7843137254901961,509.002912538028,959826
0.7372549019607844,0.7411764705882353,0.7843137254901961,527.0030155354435,847944
0.7372549019607844,0.7294117647058823,0.796078431372549,3.0000171662359216,852085
0.7254901960784313,0.7411764705882353,0.8,41.00023460522426,804888
0.7450980392156863,0.7450980392156863,0.796078431372549,25.000143051966013,842860
0.6039215686274509,0.6274509803921569,0.6941176470588235,94.0005378753922,923487
0.6196078431372549,0.6313725490196078,0.6862745098039216,110.00062942865046,1046129
0.592156862745098,0.6470588235294118,0.6901960784313725,410.0023460522426,968564
0.615686274509804,0.6431372549019608,0.6862745098039216,220.0012588573009,898935
0.596078431372549,0.6313725490196078,0.7019607843137254,4.000022888314562,962900
0.6196078431372549,0.6313725490196078,0.7019607843137254,7.0000400545504835,844947
0.6,0.6470588235294118,0.7019607843137254,229.00131035600867,1022663
0.615686274509804,0.6509803921568628,0.7019607843137254,76.00043487797667,1029831
0.13333333333333333,0.1607843137254902,0.16862745098039217,25.000143051966013,387495
0.14901960784313725,0.1607843137254902,0.16862745098039217,294.0016822911203,268657
0.12941176470588237,0.17647058823529413,0.16862745098039217,1.0000057220786405,414977
0.1450980392156863,0.17254901960784313,0.1607843137254902,3.0000171662359216,671478
0.12941176470588237,0.1568627450980392,0.1803921568627451,147.00084114556014,881167
0.15294117647058825,0.1607843137254902,0.17647058823529413,621.0035534108357,453079
0.12941176470588237,0.17254901960784313,0.1843137254901961,1.0000057220786405,375228
0.1450980392156863,0.17254901960784313,0.1843137254901961,45.00025749353882,388520
0.7843137254901961,0.7843137254901961,0.792156862745098,204.00116730404267,847066
0.796078431372549,0.792156862745098,0.7843137254901961,87.00049782084172,848927
0.792156862745098,0.807843137254902,0.7843137254901961,86.00049209876308,437894
0.803921568627451,0.796078431372549,0.792156862745098,58.00033188056115,124222
0.788235294117647,0.7843137254901961,0.8,189.00108147286304,834742
0.8,0.7843137254901961,0.803921568627451,92.00052643123492,932154
0.792156862745098,0.807843137254902,0.807843137254902,261.00149346252516,865907
0.796078431372549,0.803921568627451,0.807843137254902,155.00088692218927,807030
0.26666666666666666,0.3254901960784314,0.2784313725490196,13.000074387022327,652019
0.3058823529411765,0.3254901960784314,0.27058823529411763,19.00010871949417,623305
0.2784313725490196,0.34901960784313724,0.25098039215686274,23.00013160780873,571120
0.2980392156862745,0.3686274509803922,0.2627450980392157,44.00025177146018,583407
0.27450980392156865,0.3137254901960784,0.30196078431372547,25.000143051966013,367882
0.28627450980392155,0.3333333333333333,0.30980392156862746,143.00081825724558,352648
0.2784313725490196,0.34901960784313724,0.2980392156862745,4.000022888314562,697081
0.3058823529411765,0.34509803921568627,0.30980392156862746,11.000062942865044,630503
0.5176470588235295,0.5176470588235295,0.6274509803921569,1.0000057220786405,851220
0.5176470588235295,0.5529411764705883,0.6352941176470588,233.00133324432323,973549
0.5411764705882353,0.5568627450980392,0.6235294117647059,38.00021743898834,939372
0.5019607843137255,0.5294117647058824,0.6666666666666666,5.000028610393202,858449
0.5372549019607843,0.5490196078431373,0.6627450980392157,5.000028610393202,929620
0.4666666666666667,0.21568627450980393,0.023529411764705882,33.000188828595135,794387
0.47058823529411764,0.21568627450980393,0.01568627450980392,1.0000057220786405,811805
0.45098039215686275,0.2196078431372549,0.027450980392156862,25.000143051966013,789263
0.47843137254901963,0.2235294117647059,0.011764705882352941,82.00046921044851,771836
0.44313725490196076,0.20784313725490197,0.03529411764705882,61.00034904679707,803612
0.47058823529411764,0.21568627450980393,0.03137254901960784,4.000022888314562,818978
0.4588235294117647,0.2196078431372549,0.054901960784313725,18.000102997415528,836402
0.49019607843137253,0.23921568627450981,0.03137254901960784,58.00033188056115,763636
0.2549019607843137,0.21568627450980393,0.25882352941176473,8.000045776629124,191790
0.2901960784313726,0.21568627450980393,0.26666666666666666,20.00011444157281,929551
0.2627450980392157,0.2196078431372549,0.26666666666666666,119.00068092735822,885153
0.3058823529411765,0.24313725490196078,0.27450980392156865,49.000280381853386,942801
0.26666666666666666,0.21176470588235294,0.2823529411764706,5.000028610393202,939783
0.28627450980392155,0.2,0.30980392156862746,1.0000057220786405,935785
0.2627450980392157,0.22745098039215686,0.28627450980392155,35.000200272752416,895529
0.30196078431372547,0.23921568627450981,0.28627450980392155,43.00024604938154,948942
0.4470588235294118,0.4823529411764706,0.29411764705882354,145.00082970140286,86424
0.4549019607843137,0.47058823529411764,0.28627450980392155,62.00035476887571,514262
0.4392156862745098,0.4980392156862745,0.2823529411764706,78.00044632213395,276628
0.4627450980392157,0.48627450980392156,0.2823529411764706,119.00068092735822,41360
0.45098039215686275,0.47843137254901963,0.30980392156862746,109.00062370657182,100765
0.4627450980392157,0.4745098039215686,0.30980392156862746,296.00169373527757,500921
0.4392156862745098,0.4980392156862745,0.2980392156862745,153.000875478032,290964
0.4627450980392157,0.49019607843137253,0.30196078431372547,156.0008926442679,88470
0.6901960784313725,0.7294117647058823,0.7215686274509804,94.0005378753922,554691
0.7019607843137254,0.7215686274509804,0.7294117647058823,93.00053215331356,1034218
0.6941176470588235,0.7333333333333333,0.7176470588235294,41.00023460522426,495291
0.7058823529411765,0.7372549019607844,0.7254901960784313,84.0004806546058,497305
0.6862745098039216,0.7176470588235294,0.7450980392156863,397.0022716652203,1036137
0.7098039215686275,0.7294117647058823,0.7450980392156863,211.00120735859315,1033195
0.6862745098039216,0.7411764705882353,0.7450980392156863,76.00043487797667,571059
0.7137254901960784,0.7411764705882353,0.7411764705882353,99.00056648578541,130382
0.596078431372549,0.4196078431372549,0.3803921568627451,153.000875478032,984072
0.6196078431372549,0.4196078431372549,0.3764705882352941,60.00034332471843,1021272
0.596078431372549,0.4235294117647059,0.38823529411764707,168.0009613092116,1005823
0.611764705882353,0.43529411764705883,0.3803921568627451,272.0015564053902,974895
0.6039215686274509,0.4196078431372549,0.403921568627451,60.00034332471843,1022115
0.6078431372549019,0.41568627450980394,0.396078431372549,17.000097275336888,996664
0.6039215686274509,0.42745098039215684,0.39215686274509803,214.00122452482907,954459
0.6078431372549019,0.43137254901960786,0.39215686274509803,146.0008354234815,1015828
0.10588235294117647,0.12941176470588237,0.12941176470588237,16.000091553258248,582207
0.11764705882352941,0.12549019607843137,0.13333333333333333,295.00168801319893,461278
0.09803921568627451,0.12549019607843137,0.14901960784313725,96.00054931954949,369101
0.11764705882352941,0.12941176470588237,0.1450980392156863,660.0037765719027,589393
0.10588235294117647,0.14901960784313725,0.14901960784313725,2.000011444157281,871932
0.12156862745098039,0.1450980392156863,0.1411764705882353,19.00010871949417,844182
0.6901960784313725,0.5254901960784314,0.403921568627451,14.000080109100967,904025
0.7215686274509804,0.5215686274509804,0.3843137254901961,4.000022888314562,859970
0.7098039215686275,0.5372549019607843,0.403921568627451,7.0000400545504835,860994
0.7176470588235294,0.5411764705882353,0.39215686274509803,16.000091553258248,878326
0.6862745098039216,0.5098039215686274,0.43137254901960786,191.00109291702032,1006695
0.7176470588235294,0.5254901960784314,0.43529411764705883,6.000034332471843,950403
0.7019607843137254,0.5568627450980392,0.4235294117647059,15.000085831179607,792166
0.7450980392156863,0.5450980392156862,0.4196078431372549,18.000102997415528,845621
0.5019607843137255,0.26666666666666666,0.12549019607843137,44.00025177146018,801387
0.5333333333333333,0.2784313725490196,0.12549019607843137,7.0000400545504835,856898
0.5176470588235295,0.28627450980392155,0.15294117647058825,32.000183106516495,846501
0.5568627450980392,0.2901960784313726,0.12941176470588237,55.00031471432523,845438
0.5019607843137255,0.27058823529411763,0.1607843137254902,12.000068664943687,887655
0.5294117647058824,0.27450980392156865,0.1568627450980392,4.000022888314562,853822
0.5019607843137255,0.2980392156862745,0.16862745098039217,78.00044632213395,852599
0.5411764705882353,0.28627450980392155,0.1803921568627451,36.000205994831056,971783
0.2235294117647059,0.19215686274509805,0.19215686274509805,117.00066948320094,673323
0.24313725490196078,0.19607843137254902,0.19215686274509805,40.00022888314562,887243
0.22745098039215686,0.21568627450980393,0.2,280.0016021820193,499130
0.24313725490196078,0.20784313725490197,0.19215686274509805,271.00155068331156,669227
0.2196078431372549,0.2,0.21176470588235294,15.000085831179607,389433
0.24705882352941178,0.19215686274509805,0.21568627450980393,12.000068664943687,884152
0.22745098039215686,0.21568627450980393,0.21176470588235294,246.00140763134556,798251
0.24313725490196078,0.21176470588235294,0.20392156862745098,91.00052070915628,253256
0.3568627450980392,0.28627450980392155,0.22745098039215686,151.0008640338747,457974
0.36470588235294116,0.2823529411764706,0.2196078431372549,243.00139046510964,773618
0.3568627450980392,0.2980392156862745,0.22745098039215686,57.00032615848251,738919
0.3607843137254902,0.30980392156862746,0.22745098039215686,114.00065231696502,719633
0.3568627450980392,0.2823529411764706,0.24313725490196078,114.00065231696502,713264
0.3686274509803922,0.2901960784313726,0.23529411764705882,119.00068092735822,633142
0.3568627450980392,0.2980392156862745,0.23529411764705882,109.00062370657182,580917
0.36470588235294116,0.3058823529411765,0.24705882352941178,165.00094414297567,514404
0.5137254901960784,0.403921568627451,0.45098039215686275,25.000143051966013,1012341
0.5450980392156862,0.4,0.4392156862745098,14.000080109100967,1015189
0.5098039215686274,0.4117647058823529,0.4666666666666667,71.00040626758347,905583
0.5372549019607843,0.4235294117647059,0.4588235294117647,72.00041198966211,970048
0.5098039215686274,0.3764705882352941,0.4823529411764706,2.000011444157281,928566
0.5529411764705883,0.396078431372549,0.47843137254901963,1.0000057220786405,904003
0.5137254901960784,0.42745098039215684,0.47058823529411764,56.00032043640387,986777
0.5372549019607843,0.40784313725490196,0.48627450980392156,26.000148774044654,927548
0.5725490196078431,0.4745098039215686,0.34509803921568627,77.00044060005531,2209
0.5803921568627451,0.47843137254901963,0.3568627450980392,367.002100002861,6304
0.5725490196078431,0.4980392156862745,0.34901960784313724,18.000102997415528,708260
0.5882352941176471,0.4980392156862745,0.34901960784313724,208.00119019235723,88140
0.5686274509803921,0.4745098039215686,0.3686274509803922,52.00029754808931,765293
0.5882352941176471,0.47843137254901963,0.37254901960784315,107.00061226241453,536825
0.5647058823529412,0.48627450980392156,0.3686274509803922,39.00022316106698,551167
0.5843137254901961,0.48627450980392156,0.3607843137254902,196.00112152741355,19608
0.5058823529411764,0.5294117647058824,0.41568627450980394,2.000011444157281,386266
0.5215686274509804,0.5411764705882353,0.40784313725490196,49.000280381853386,438378
0.5058823529411764,0.5568627450980392,0.40784313725490196,130.00074387022326,345226
0.5254901960784314,0.5490196078431373,0.4117647058823529,851.0048694889231,426090
0.5019607843137255,0.5294117647058824,0.4235294117647059,4.000022888314562,547550
0.5137254901960784,0.5294117647058824,0.43137254901960786,8.000045776629124,616144
0.5019607843137255,0.5529411764705883,0.43137254901960786,6.000034332471843,415397
0.5215686274509804,0.5529411764705883,0.43137254901960786,13.000074387022327,549101
0.6235294117647059,0.4392156862745098,0.3803921568627451,201.00115013780675,946188
0.6392156862745098,0.45098039215686275,0.38823529411764707,113.00064659488638,984248
0.6313725490196078,0.4549019607843137,0.38823529411764707,15.000085831179607,877590
0.6431372549019608,0.4549019607843137,0.3764705882352941,85.00048637668444,907344
0.6313725490196078,0.4470588235294118,0.4,264.0015106287611,957527
0.6392156862745098,0.45098039215686275,0.4,76.00043487797667,1001510
0.6313725490196078,0.4549019607843137,0.403921568627451,111.0006351507291,972885
0.6470588235294118,0.4627450980392157,0.396078431372549,191.00109291702032,1047827
0.5019607843137255,0.40784313725490196,0.2901960784313726,181.0010356962339,49199
0.5215686274509804,0.40784313725490196,0.2823529411764706,255.00145913005332,62527
0.5019607843137255,0.4235294117647059,0.2901960784313726,87.00049782084172,66579
0.5215686274509804,0.43529411764705883,0.29411764705882354,118.00067520527958,67628
0.5098039215686274,0.40784313725490196,0.30980392156862746,49.000280381853386,659803
0.5254901960784314,0.41568627450980394,0.30196078431372547,228.00130463393003,29785
0.5058823529411764,0.43529411764705883,0.3058823529411765,18.000102997415528,714395
0.5254901960784314,0.43137254901960786,0.2980392156862745,117.00066948320094,62509
0.38823529411764707,0.4392156862745098,0.2196078431372549,221.00126457937955,241781
0.4,0.44313725490196076,0.23137254901960785,310.00177384437853,220249
0.4,0.4549019607843137,0.23137254901960785,12.000068664943687,248939
0.3803921568627451,0.45098039215686275,0.24705882352941178,207.0011844702786,280680
0.396078431372549,0.45098039215686275,0.23921568627450981,112.00064087280774,259197
0.3843137254901961,0.4549019607843137,0.23529411764705882,41.00023460522426,262249
0.403921568627451,0.4588235294117647,0.23921568627450981,147.00084114556014,253058
0.12549019607843137,0.23921568627450981,0.1607843137254902,518.0029640367358,10984
0.13333333333333333,0.23921568627450981,0.1607843137254902,997.0057049124046,50857
0.12941176470588237,0.24313725490196078,0.1607843137254902,219.00125313522227,23341
0.13725490196078433,0.24313725490196078,0.1607843137254902,258.00147629628924,166662
0.12941176470588237,0.23529411764705882,0.16862745098039217,372.00212861325423,57035
0.13725490196078433,0.23921568627450981,0.16470588235294117,615.0035190783639,39601
0.12549019607843137,0.24313725490196078,0.16470588235294117,607.0034733017347,22239
0.13725490196078433,0.24313725490196078,0.16470588235294117,596.0034103588697,158482
0.45098039215686275,0.4745098039215686,0.2627450980392157,120.00068664943686,4475
0.4588235294117647,0.47058823529411764,0.2549019607843137,275.0015735716261,193610
0.4392156862745098,0.49019607843137253,0.25882352941176473,179.00102425207663,249996
0.4666666666666667,0.48627450980392156,0.2627450980392157,189.00108147286304,208999
0.45098039215686275,0.4823529411764706,0.27058823529411763,88.00050354292036,18820
0.4588235294117647,0.4823529411764706,0.26666666666666666,41.00023460522426,7546
0.45098039215686275,0.49411764705882355,0.26666666666666666,93.00053215331356,250009
0.4588235294117647,0.48627450980392156,0.27058823529411763,57.00032615848251,19844
0.4117647058823529,0.3254901960784314,0.2549019607843137,190.00108719494168,630073
0.43137254901960786,0.3215686274509804,0.2549019607843137,91.00052070915628,769419
0.4117647058823529,0.3411764705882353,0.25098039215686274,162.00092697673975,684735
0.42745098039215684,0.3333333333333333,0.25882352941176473,208.00119019235723,483565
0.41568627450980394,0.3176470588235294,0.27058823529411763,45.00025749353882,884426
0.43529411764705883,0.3176470588235294,0.27450980392156865,47.0002689376961,903575
0.4117647058823529,0.33725490196078434,0.26666666666666666,125.00071525983006,564482
0.43529411764705883,0.3411764705882353,0.27058823529411763,165.00094414297567,787948
0.27058823529411763,0.3607843137254902,0.1568627450980392,483.00276376398335,837495
0.2784313725490196,0.3607843137254902,0.1607843137254902,785.0044918317328,737093
0.26666666666666666,0.3686274509803922,0.1568627450980392,487.0027866522979,821067
0.27450980392156865,0.3686274509803922,0.1568627450980392,686.0039253459473,828279
0.27058823529411763,0.3607843137254902,0.16862745098039217,293.00167656904165,659309
0.27450980392156865,0.36470588235294116,0.16862745098039217,812.0046463278561,735016
0.26666666666666666,0.37254901960784315,0.16470588235294117,218.00124741314363,383897
0.27450980392156865,0.37254901960784315,0.16862745098039217,355.00203133791734,369593
0.16470588235294117,0.10588235294117647,0.07058823529411765,150.00085831179607,784083
0.1843137254901961,0.10196078431372549,0.07450980392156863,137.00078392477374,911148
0.1607843137254902,0.10980392156862745,0.07058823529411765,32.000183106516495,811701
0.17254901960784313,0.11372549019607843,0.06274509803921569,134.00076675853782,774835
0.1568627450980392,0.09803921568627451,0.0784313725490196,141.0008068130883,917148
0.1803921568627451,0.10588235294117647,0.0784313725490196,126.0007209819087,904866
0.16470588235294117,0.12156862745098039,0.08627450980392157,171.0009784754475,721334
0.1803921568627451,0.12156862745098039,0.08627450980392157,132.00075531438054,886475
0.34901960784313724,0.3843137254901961,0.2,21.00012016365145,221184
0.34901960784313724,0.4,0.2,35.000200272752416,243815
0.34509803921568627,0.38823529411764707,0.20392156862745098,41.00023460522426,223236
0.36470588235294116,0.3764705882352941,0.21568627450980393,7.0000400545504835,187935
0.34509803921568627,0.403921568627451,0.21568627450980393,754.0043144472949,298026
0.3607843137254902,0.403921568627451,0.21176470588235294,163.0009326988184,219149
0.5607843137254902,0.45098039215686275,0.3254901960784314,165.00094414297567,36969
0.5764705882352941,0.4470588235294118,0.3176470588235294,14.000080109100967,883370
0.5647058823529412,0.4666666666666667,0.3215686274509804,159.00090981050383,762535
0.5764705882352941,0.4549019607843137,0.3254901960784314,25.000143051966013,696652
0.5607843137254902,0.4470588235294118,0.32941176470588235,113.00064659488638,679225
0.5882352941176471,0.44313725490196076,0.3411764705882353,6.000034332471843,914259
0.5686274509803921,0.4666666666666667,0.3411764705882353,406.00232316392805,774746
0.5764705882352941,0.4666666666666667,0.3411764705882353,123.00070381567278,31866
0.40784313725490196,0.4392156862745098,0.2627450980392157,36.000205994831056,544997
0.4235294117647059,0.4392156862745098,0.2627450980392157,5.000028610393202,522460
0.4196078431372549,0.4627450980392157,0.2549019607843137,53.00030327016795,718601
0.43137254901960786,0.4588235294117647,0.25098039215686274,74.00042343381939,205868
0.4117647058823529,0.4470588235294118,0.2784313725490196,286.00163651449117,579725
0.4235294117647059,0.45098039215686275,0.27450980392156865,268.00153351707564,101797
0.4117647058823529,0.4549019607843137,0.2784313725490196,197.00112724949219,94632
0.43529411764705883,0.4549019607843137,0.2784313725490196,89.000509264999,517321
0.8274509803921568,0.8784313725490196,0.8352941176470589,5.000028610393202,129498
0.8549019607843137,0.8862745098039215,0.8117647058823529,20.00011444157281,489694
0.8705882352941177,0.9098039215686274,0.8392156862745098,1.0000057220786405,555746
0.8352941176470589,0.8745098039215686,0.8705882352941177,95.00054359747084,866805
0.8549019607843137,0.8745098039215686,0.8588235294117647,125.00071525983006,310914
0.8666666666666667,0.9098039215686274,0.8666666666666667,5.000028610393202,127445
0.8196078431372549,0.8509803921568627,0.8745098039215686,103.00058937409997,830784
0.8313725490196079,0.8549019607843137,0.8784313725490196,140.00080109100966,823629
0.8196078431372549,0.8588235294117647,0.8745098039215686,77.00044060005531,859548
0.8313725490196079,0.8588235294117647,0.8745098039215686,627.0035877433075,836188
0.8156862745098039,0.8509803921568627,0.8901960784313725,5.000028610393202,860700
0.8196078431372549,0.8705882352941177,0.8901960784313725,19.00010871949417,866868
0.8352941176470589,0.8666666666666667,0.8901960784313725,31.000177384437855,798264
0.44313725490196076,0.21176470588235294,0.06274509803921569,31.000177384437855,847677
0.4470588235294118,0.2196078431372549,0.09019607843137255,43.00024604938154,848513
0.4823529411764706,0.23921568627450981,0.0784313725490196,26.000148774044654,822051
0.45098039215686275,0.21568627450980393,0.10980392156862745,2.000011444157281,851597
0.4588235294117647,0.24313725490196078,0.11372549019607843,100.00057220786405,850564
0.4980392156862745,0.24313725490196078,0.11372549019607843,48.000274659774746,853823
0.3176470588235294,0.3137254901960784,0.4666666666666667,30.000171662359215,856380
0.36470588235294116,0.3411764705882353,0.4627450980392157,25.000143051966013,887965
0.3333333333333333,0.35294117647058826,0.4470588235294118,59.00033760263979,857230
0.36470588235294116,0.3568627450980392,0.4549019607843137,62.00035476887571,849059
0.33725490196078434,0.33725490196078434,0.47058823529411764,10.000057220786404,966350
0.3137254901960784,0.3607843137254902,0.4823529411764706,25.000143051966013,972107
0.35294117647058826,0.3686274509803922,0.47058823529411764,36.000205994831056,959209
0.44313725490196076,0.27450980392156865,0.3137254901960784,12.000068664943687,994575
0.45098039215686275,0.30196078431372547,0.3333333333333333,116.0006637611223,953545
0.4823529411764706,0.30980392156862746,0.3333333333333333,92.00052643123492,977115
0.45098039215686275,0.29411764705882354,0.3568627450980392,16.000091553258248,939198
0.4823529411764706,0.30980392156862746,0.34509803921568627,10.000057220786404,955624
0.19215686274509805,0.27450980392156865,0.16862745098039217,628.0035934653862,317144
0.21568627450980393,0.26666666666666666,0.16862745098039217,14.000080109100967,123358
0.19607843137254902,0.25882352941176473,0.1803921568627451,4.000022888314562,507600
0.20392156862745098,0.2627450980392157,0.17647058823529413,4.000022888314562,553709
0.18823529411764706,0.2784313725490196,0.1803921568627451,322.0018425093222,236383
0.21568627450980393,0.27450980392156865,0.1843137254901961,8.000045776629124,547556
0.19215686274509805,0.13333333333333333,0.13725490196078433,35.000200272752416,896476
0.20392156862745098,0.12549019607843137,0.12549019607843137,39.00022316106698,931565
0.19215686274509805,0.15294117647058825,0.13333333333333333,692.0039596784192,575783
0.20392156862745098,0.1450980392156863,0.12549019607843137,89.000509264999,639289
0.18823529411764706,0.13333333333333333,0.15294117647058825,15.000085831179607,806442
0.20392156862745098,0.13725490196078433,0.1411764705882353,10.000057220786404,863594
0.19215686274509805,0.15294117647058825,0.1450980392156863,69.00039482342619,699988
0.20392156862745098,0.1450980392156863,0.14901960784313725,31.000177384437855,888251
0.16862745098039217,0.3137254901960784,0.18823529411764706,237.0013561326378,48974
0.1607843137254902,0.3254901960784314,0.24313725490196078,5.000028610393202,180764
0.6392156862745098,0.396078431372549,0.20784313725490197,68.00038910134755,822891
0.6823529411764706,0.403921568627451,0.18823529411764706,12.000068664943687,849531
0.6470588235294118,0.40784313725490196,0.2,14.000080109100967,835181
0.6784313725490196,0.40784313725490196,0.19607843137254902,31.000177384437855,850555
0.6235294117647059,0.403921568627451,0.23921568627450981,24.000137329887373,816731
0.6705882352941176,0.403921568627451,0.2196078431372549,4.000022888314562,877397
0.6470588235294118,0.43137254901960786,0.23529411764705882,52.00029754808931,846447
0.6705882352941176,0.4196078431372549,0.2196078431372549,37.000211716909696,811671
0.6235294117647059,0.42745098039215684,0.3764705882352941,221.00126457937955,954431
0.6549019607843137,0.43529411764705883,0.3764705882352941,3.0000171662359216,925778
0.6235294117647059,0.42745098039215684,0.4235294117647059,17.000097275336888,932270
0.2196078431372549,0.25098039215686274,0.2823529411764706,176.0010070858407,618101
0.24313725490196078,0.25882352941176473,0.28627450980392155,137.00078392477374,592441
0.22745098039215686,0.27058823529411763,0.2901960784313726,36.000205994831056,289052
0.23529411764705882,0.26666666666666666,0.29411764705882354,141.0008068130883,316752
0.2235294117647059,0.2549019607843137,0.2980392156862745,133.00076103645918,571972
0.23921568627450981,0.25882352941176473,0.2980392156862745,90.00051498707764,306497
0.22745098039215686,0.27058823529411763,0.2980392156862745,107.00061226241453,245180
0.24313725490196078,0.26666666666666666,0.2980392156862745,141.0008068130883,322891
0.5333333333333333,0.4196078431372549,0.29411764705882354,91.00052070915628,67653
0.5568627450980392,0.41568627450980394,0.2823529411764706,13.000074387022327,768622
0.5294117647058824,0.43529411764705883,0.29411764705882354,51.00029182601067,721564
0.5529411764705883,0.4235294117647059,0.2823529411764706,24.000137329887373,780901
0.5333333333333333,0.4196078431372549,0.30196078431372547,264.0015106287611,30817
0.5568627450980392,0.40784313725490196,0.3058823529411765,12.000068664943687,885387
0.5333333333333333,0.4235294117647059,0.3058823529411765,339.0019397846591,732517
0.5529411764705883,0.4235294117647059,0.3058823529411765,158.0009040884252,733533
0.5647058823529412,0.35294117647058826,0.28627450980392155,197.00112724949219,880667
0.5843137254901961,0.34509803921568627,0.2823529411764706,48.000274659774746,1013990
0.5607843137254902,0.3607843137254902,0.29411764705882354,78.00044632213395,960537
0.5764705882352941,0.36470588235294116,0.2901960784313726,81.00046348836987,909369
0.5647058823529412,0.3568627450980392,0.30980392156862746,135.00077248061646,998417
0.5843137254901961,0.3568627450980392,0.30980392156862746,33.000188828595135,1000500
0.5607843137254902,0.3607843137254902,0.3058823529411765,200.0011444157281,948386
0.5803921568627451,0.37254901960784315,0.30980392156862746,180.00102997415527,973911
0.6313725490196078,0.6313725490196078,0.6627450980392157,70.00040054550483,886924
0.6509803921568628,0.6235294117647059,0.6666666666666666,88.00050354292036,801832
0.6235294117647059,0.6392156862745098,0.6666666666666666,64.00036621303299,197143
0.6470588235294118,0.6470588235294118,0.6666666666666666,39.00022316106698,809453
0.6235294117647059,0.6274509803921569,0.6705882352941176,296.00169373527757,774155
0.6392156862745098,0.6352941176470588,0.6823529411764706,218.00124741314363,800801
0.6235294117647059,0.6509803921568628,0.6745098039215687,70.00040054550483,249427
0.6431372549019608,0.6431372549019608,0.6745098039215687,104.00059509617861,836785
0.16470588235294117,0.18823529411764706,0.19215686274509805,25.000143051966013,267597
0.1803921568627451,0.19607843137254902,0.2,264.0015106287611,830823
0.16862745098039217,0.20784313725490197,0.18823529411764706,2.000011444157281,370097
0.1843137254901961,0.20392156862745098,0.19607843137254902,6.000034332471843,581175
0.16862745098039217,0.19215686274509805,0.21176470588235294,156.0008926442679,834848
0.1843137254901961,0.19607843137254902,0.21568627450980393,433.00247766005134,245112
0.16470588235294117,0.20392156862745098,0.21568627450980393,8.000045776629124,313778
0.17254901960784313,0.20784313725490197,0.21176470588235294,51.00029182601067,375260
0.3254901960784314,0.4196078431372549,0.19607843137254902,132.00075531438054,511793
0.3333333333333333,0.4196078431372549,0.19215686274509805,336.0019226184232,573321
0.3176470588235294,0.43137254901960786,0.18823529411764706,53.00030327016795,465722
0.3411764705882353,0.42745098039215684,0.18823529411764706,117.00066948320094,532306
0.3254901960784314,0.4117647058823529,0.21568627450980393,117.00066948320094,303764
0.3411764705882353,0.40784313725490196,0.20784313725490197,154.00088120011063,256068
0.3254901960784314,0.4235294117647059,0.21176470588235294,19.00010871949417,273012
0.3411764705882353,0.42745098039215684,0.21568627450980393,16.000091553258248,293508
0.7568627450980392,0.8156862745098039,0.8196078431372549,27.000154496123294,187929
0.7725490196078432,0.8156862745098039,0.8156862745098039,63.00036049095435,830995
0.7607843137254902,0.8352941176470589,0.8117647058823529,2.000011444157281,225701
0.7686274509803922,0.8274509803921568,0.8235294117647058,14.000080109100967,168450
0.7490196078431373,0.8196078431372549,0.8313725490196079,43.00024604938154,935794
0.7764705882352941,0.8156862745098039,0.8392156862745098,747.0042743927444,804028
0.7568627450980392,0.8352941176470589,0.8313725490196079,15.000085831179607,172552
0.7725490196078432,0.8313725490196079,0.8392156862745098,30.000171662359215,965561
0.5647058823529412,0.40784313725490196,0.40784313725490196,115.00065803904366,1024365
0.5764705882352941,0.4196078431372549,0.4117647058823529,120.00068664943686,954578
0.5725490196078431,0.43137254901960786,0.4117647058823529,61.00034904679707,1000813
0.5803921568627451,0.43137254901960786,0.41568627450980394,412.0023574963999,1012022
0.5725490196078431,0.41568627450980394,0.4235294117647059,44.00025177146018,933016
0.5803921568627451,0.41568627450980394,0.42745098039215684,36.000205994831056,986668
0.5725490196078431,0.4235294117647059,0.42745098039215684,25.000143051966013,957664
0.5843137254901961,0.43529411764705883,0.42745098039215684,121.0006923715155,1029493
0.19215686274509805,0.25098039215686274,0.3137254901960784,145.00082970140286,560751
0.20392156862745098,0.25882352941176473,0.3215686274509804,148.00084686763878,504362
0.19607843137254902,0.26666666666666666,0.3215686274509804,43.00024604938154,204276
0.20392156862745098,0.26666666666666666,0.3254901960784314,138.00078964685238,624260
0.19607843137254902,0.25098039215686274,0.3333333333333333,133.00076103645918,221657
0.20784313725490197,0.2549019607843137,0.33725490196078434,90.00051498707764,382469
0.19607843137254902,0.26666666666666666,0.32941176470588235,89.000509264999,335364
0.21568627450980393,0.26666666666666666,0.33725490196078434,148.00084686763878,375308
0.2784313725490196,0.3843137254901961,0.26666666666666666,20.00011444157281,495314
0.2980392156862745,0.3803921568627451,0.25098039215686274,69.00039482342619,118225
0.3058823529411765,0.41568627450980394,0.25098039215686274,101.0005779299427,42450
0.27058823529411763,0.3764705882352941,0.28627450980392155,11.000062942865044,266859
0.30980392156862746,0.4,0.3058823529411765,16.000091553258248,451255
0.25882352941176473,0.4117647058823529,0.30196078431372547,4.000022888314562,498383
0.30980392156862746,0.40784313725490196,0.2901960784313726,11.000062942865044,517858
0.2549019607843137,0.2549019607843137,0.25098039215686274,156.0008926442679,379220
0.26666666666666666,0.25882352941176473,0.25098039215686274,108.00061798449318,588301
0.2549019607843137,0.27058823529411763,0.2627450980392157,77.00044060005531,430437
0.2784313725490196,0.26666666666666666,0.2549019607843137,119.00068092735822,490982
0.25098039215686274,0.2627450980392157,0.27058823529411763,169.00096703129023,303371
0.27450980392156865,0.2627450980392157,0.2784313725490196,53.00030327016795,258450
0.25098039215686274,0.27450980392156865,0.2784313725490196,130.00074387022326,321977
0.2784313725490196,0.27450980392156865,0.27450980392156865,119.00068092735822,620108
0.8431372549019608,0.8509803921568627,0.8509803921568627,291.00166512488437,826833
0.8588235294117647,0.8549019607843137,0.8470588235294118,88.00050354292036,824475
0.8509803921568627,0.8627450980392157,0.8470588235294118,75.00042915589803,309489
0.8588235294117647,0.8666666666666667,0.8549019607843137,63.00036049095435,853229
0.8431372549019608,0.8549019607843137,0.8627450980392157,70.00040054550483,828982
0.8666666666666667,0.8431372549019608,0.8705882352941177,23.00013160780873,847505
0.8431372549019608,0.8627450980392157,0.8705882352941177,186.00106430662711,817657
0.8588235294117647,0.8666666666666667,0.8666666666666667,134.00076675853782,835157
0.2549019607843137,0.2627450980392157,0.3764705882352941,7.0000400545504835,932663
0.29411764705882354,0.2784313725490196,0.3843137254901961,4.000022888314562,895256
0.27450980392156865,0.30980392156862746,0.3843137254901961,142.00081253516694,258480
0.30196078431372547,0.30196078431372547,0.4,31.000177384437855,956126
0.2549019607843137,0.27450980392156865,0.40784313725490196,5.000028610393202,950166
0.27450980392156865,0.30196078431372547,0.40784313725490196,35.000200272752416,863634
0.30980392156862746,0.2901960784313726,0.40784313725490196,8.000045776629124,854318
0.45098039215686275,0.21568627450980393,0.18823529411764706,2.000011444157281,1043552
0.4588235294117647,0.24705882352941178,0.19215686274509805,140.00080109100966,971808
0.4745098039215686,0.24313725490196078,0.21176470588235294,25.000143051966013,1005779
0.44313725490196076,0.24313725490196078,0.23921568627450981,57.00032615848251,903319
0.4823529411764706,0.23137254901960785,0.2196078431372549,7.0000400545504835,1002701
0.5686274509803921,0.3803921568627451,0.3568627450980392,139.00079536893102,1042685
0.5764705882352941,0.3843137254901961,0.35294117647058826,84.0004806546058,987243
0.5647058823529412,0.39215686274509803,0.35294117647058826,72.00041198966211,1013847
0.5882352941176471,0.396078431372549,0.35294117647058826,183.0010471403912,939139
0.5607843137254902,0.3764705882352941,0.3607843137254902,96.00054931954949,1015981
0.5882352941176471,0.38823529411764707,0.37254901960784315,38.00021743898834,928897
0.5607843137254902,0.4,0.36470588235294116,162.00092697673975,980177
0.5882352941176471,0.403921568627451,0.3686274509803922,149.00085258971743,969868
0.1568627450980392,0.24313725490196078,0.13725490196078433,3.0000171662359216,311100
0.17647058823529413,0.23529411764705882,0.13333333333333333,2.000011444157281,130535
0.1568627450980392,0.23137254901960785,0.1450980392156863,46.00026321561746,299749
0.17254901960784313,0.22745098039215686,0.1411764705882353,2.000011444157281,554731
0.1568627450980392,0.23921568627450981,0.14901960784313725,853.0048809330804,294628
0.17254901960784313,0.24705882352941178,0.15294117647058825,11.000062942865044,311009
0.5294117647058824,0.5372549019607843,0.3764705882352941,174.00099564168343,459964
0.5450980392156862,0.5411764705882353,0.3843137254901961,8.000045776629124,202006
0.5372549019607843,0.5450980392156862,0.38823529411764707,85.00048637668444,442563
0.5450980392156862,0.5450980392156862,0.3764705882352941,41.00023460522426,189719
0.5294117647058824,0.5333333333333333,0.403921568627451,58.00033188056115,414936
0.5490196078431373,0.5333333333333333,0.39215686274509803,4.000022888314562,678590
0.5294117647058824,0.5568627450980392,0.403921568627451,420.002403273029,220435
0.5568627450980392,0.5529411764705883,0.396078431372549,122.00069809359414,654024
0.16862745098039217,0.18823529411764706,0.25882352941176473,119.00068092735822,357935
0.1843137254901961,0.19607843137254902,0.25098039215686274,62.00035476887571,304512
0.16470588235294117,0.20392156862745098,0.2549019607843137,161.0009212546611,326150
0.1843137254901961,0.21176470588235294,0.2549019607843137,221.00126457937955,386532
0.16470588235294117,0.19607843137254902,0.2784313725490196,43.00024604938154,284080
0.17254901960784313,0.2,0.26666666666666666,27.000154496123294,381547
0.1607843137254902,0.21568627450980393,0.26666666666666666,146.0008354234815,249373
0.1803921568627451,0.20392156862745098,0.2784313725490196,132.00075531438054,317996
0.403921568627451,0.19607843137254902,0.01568627450980392,17.000097275336888,760563
0.43137254901960786,0.19607843137254902,0.0196078431372549,34.000194550673775,820004
0.396078431372549,0.20392156862745098,0.0392156862745098,44.00025177146018,748263
0.4117647058823529,0.21176470588235294,0.047058823529411764,122.00069809359414,750312
0.43529411764705883,0.22745098039215686,0.050980392156862744,9.000051498707764,749287
0.3137254901960784,0.23137254901960785,0.19215686274509805,34.000194550673775,399605
0.3333333333333333,0.2196078431372549,0.18823529411764706,97.00055504162813,939539
0.3176470588235294,0.23921568627450981,0.18823529411764706,405.0023174418494,602432
0.3333333333333333,0.24313725490196078,0.18823529411764706,188.0010757507844,526591
0.3176470588235294,0.23137254901960785,0.21176470588235294,14.000080109100967,891334
0.33725490196078434,0.22745098039215686,0.20392156862745098,43.00024604938154,905606
0.3215686274509804,0.24705882352941178,0.21176470588235294,85.00048637668444,561520
0.33725490196078434,0.24705882352941178,0.20392156862745098,38.00021743898834,612662
0.6588235294117647,0.5098039215686274,0.4823529411764706,161.0009212546611,990454
0.6745098039215687,0.5058823529411764,0.47843137254901963,70.00040054550483,998503
0.6666666666666666,0.5137254901960784,0.4823529411764706,129.00073814814462,984235
0.6705882352941176,0.5176470588235295,0.47058823529411764,168.0009613092116,1027256
0.6627450980392157,0.5058823529411764,0.48627450980392156,51.00029182601067,997421
0.6823529411764706,0.5058823529411764,0.49019607843137253,14.000080109100967,888936
0.6588235294117647,0.5137254901960784,0.49411764705882355,170.00097275336887,1012942
0.6745098039215687,0.5137254901960784,0.48627450980392156,141.0008068130883,1045673
0.2549019607843137,0.34509803921568627,0.1411764705882353,428.00244904965814,809838
0.25882352941176473,0.34509803921568627,0.1450980392156863,819.0046863824066,830325
0.25098039215686274,0.35294117647058826,0.1450980392156863,88.00050354292036,823116
0.2627450980392157,0.35294117647058826,0.1450980392156863,196.00112152741355,815997
0.2549019607843137,0.34509803921568627,0.14901960784313725,234.00133896640187,862075
0.25882352941176473,0.34509803921568627,0.15294117647058825,812.0046463278561,731984
0.2549019607843137,0.3568627450980392,0.15294117647058825,224.00128174561547,819015
0.25882352941176473,0.3568627450980392,0.15294117647058825,812.0046463278561,835420
0.10588235294117647,0.07058823529411765,0.09803921568627451,32.000183106516495,864816
0.11372549019607843,0.07058823529411765,0.09411764705882353,12.000068664943687,856402
0.10196078431372549,0.08235294117647059,0.10196078431372549,662.00378801606,169229
0.11764705882352941,0.08235294117647059,0.10588235294117647,102.00058365202133,893468
0.10196078431372549,0.06274509803921569,0.10980392156862745,4.000022888314562,867764
0.11372549019607843,0.07450980392156863,0.10980392156862745,3.0000171662359216,855370
0.09411764705882353,0.08627450980392157,0.11764705882352941,57.00032615848251,161069
0.11372549019607843,0.08235294117647059,0.12156862745098039,30.000171662359215,852258
0.6235294117647059,0.5725490196078431,0.3843137254901961,39.00022316106698,160926
0.6313725490196078,0.5882352941176471,0.3843137254901961,225.0012874676941,172197
0.6274509803921569,0.5725490196078431,0.403921568627451,320.00183106516494,146564
0.6392156862745098,0.5647058823529412,0.403921568627451,9.000051498707764,882410
0.6274509803921569,0.5764705882352941,0.39215686274509803,303.00173378982805,156845
0.592156862745098,0.38823529411764707,0.3137254901960784,165.00094414297567,1029123
0.6196078431372549,0.38823529411764707,0.3176470588235294,23.00013160780873,1043728
0.6,0.396078431372549,0.3215686274509804,98.00056076370677,913495
0.6196078431372549,0.39215686274509803,0.3176470588235294,107.00061226241453,919580
0.592156862745098,0.3843137254901961,0.3411764705882353,104.00059509617861,1042801
0.6078431372549019,0.38823529411764707,0.3333333333333333,11.000062942865044,918594
0.6039215686274509,0.403921568627451,0.33725490196078434,271.00155068331156,903240
0.6196078431372549,0.403921568627451,0.32941176470588235,116.0006637611223,931892
