x0,x1,x2,weight,source_index
0.611764705882353,0.49019607843137253,0.5058823529411764,812.0046463278561,908661
0.7490196078431373,0.7411764705882353,0.7686274509803922,1104.006317174819,931152
0.7686274509803922,0.5019607843137255,0.23137254901960785,39.00022316106698,821913
0.7607843137254902,0.49019607843137253,0.20784313725490197,7.0000400545504835,823961
0.24313725490196078,0.3764705882352941,0.11764705882352941,4.000022888314562,452606
0.12156862745098039,0.25098039215686274,0.16470588235294117,17.000097275336888,17127
0.4117647058823529,0.25882352941176473,0.09803921568627451,44.00025177146018,184628
0.2627450980392157,0.3764705882352941,0.11372549019607843,343.00196267297366,467962
0.41568627450980394,0.39215686274509803,0.12156862745098039,4.000022888314562,919516
0.611764705882353,0.6274509803921569,0.3686274509803922,1.0000057220786405,907195
0.6274509803921569,0.6235294117647059,0.37254901960784315,8.000045776629124,875370
0.8784313725490196,0.8705882352941177,0.8745098039215686,2.000011444157281,888985
0.6274509803921569,0.37254901960784315,0.2901960784313726,4.000022888314562,1015010
0.24705882352941178,0.5098039215686274,0.6352941176470588,2.000011444157281,931830
0.4823529411764706,0.6549019607843137,0.7607843137254902,13.000074387022327,922586
0.49019607843137253,0.5019607843137255,0.23529411764705882,1.0000057220786405,906169
0.17254901960784313,0.3215686274509804,0.17254901960784313,2385.0136471575574,122760
0.2627450980392157,0.12156862745098039,0.13333333333333333,25.000143051966013,921734
0.6078431372549019,0.7529411764705882,0.7686274509803922,8.000045776629124,199206
0.7058823529411765,0.8588235294117647,0.8862745098039215,16.000091553258248,166402
0.7411764705882353,0.8823529411764706,0.8862745098039215,2.000011444157281,841088
0.6196078431372549,0.6196078431372549,0.7490196078431373,2.000011444157281,901964
0.3058823529411765,0.2549019607843137,0.1843137254901961,129.00073814814462,759339
0.3137254901960784,0.36470588235294116,0.1843137254901961,156.0008926442679,253994
0.30196078431372547,0.4392156862745098,0.1843137254901961,110.00062942865046,424770
0.30980392156862746,0.4392156862745098,0.18823529411764706,91.00052070915628,417649
0.8274509803921568,0.8,0.8156862745098039,156.0008926442679,853050
0.12156862745098039,0.25098039215686274,0.3411764705882353,17.000097275336888,554632
0.24313725490196078,0.3764705882352941,0.35294117647058826,18.000102997415528,103841
0.11372549019607843,0.26666666666666666,0.4470588235294118,6.000034332471843,162074
0.4666666666666667,0.6235294117647059,0.6078431372549019,6.000034332471843,246360
0.3686274509803922,0.5058823529411764,0.4627450980392157,12.000068664943687,223807
0.054901960784313725,0.06274509803921569,0.058823529411764705,2.000011444157281,836006
0.2627450980392157,0.3686274509803922,0.5019607843137255,37.000211716909696,505467
0.43137254901960786,0.37254901960784315,0.5058823529411764,2.000011444157281,934757
0.29411764705882354,0.49019607843137253,0.6431372549019608,24.000137329887373,172333
0.4392156862745098,0.49019607843137253,0.6352941176470588,16.000091553258248,970700
0.1450980392156863,0.12156862745098039,0.27450980392156865,4.000022888314562,941948
0.12156862745098039,0.2235294117647059,0.4,20.00011444157281,148746
0.7450980392156863,0.5803921568627451,0.43529411764705883,80.00045776629123,756456
0.6745098039215687,0.7490196078431373,0.7725490196078432,211.00120735859315,940926
0.6823529411764706,0.8117647058823529,0.807843137254902,2.000011444157281,152046
0.7372549019607844,0.8196078431372549,0.8,21.00012016365145,372237
0.6666666666666666,0.7568627450980392,0.8313725490196079,72.00041198966211,883571
0.6666666666666666,0.8274509803921568,0.8431372549019608,2.000011444157281,162300
0.7333333333333333,0.8156862745098039,0.8235294117647058,119.00068092735822,945034
0.28627450980392155,0.17647058823529413,0.19607843137254902,135.00077248061646,938736
0.3137254901960784,0.16862745098039217,0.18823529411764706,70.00040054550483,905352
0.8784313725490196,0.7411764705882353,0.6784313725490196,10.000057220786404,994504
0.6627450980392157,0.6823529411764706,0.7490196078431373,23.00013160780873,794672
0.6941176470588235,0.6470588235294118,0.7529411764705882,1.0000057220786405,901963
0.6352941176470588,0.7450980392156863,0.8196078431372549,27.000154496123294,880492
0.6901960784313725,0.7372549019607844,0.8235294117647058,7.0000400545504835,859472
0.5647058823529412,0.45098039215686275,0.30980392156862746,202.0011558598854,771700
0.5490196078431373,0.5607843137254902,0.3058823529411765,18.000102997415528,213165
0.596078431372549,0.592156862745098,0.30196078431372547,24.000137329887373,894876
0.12549019607843137,0.058823529411764705,0.03137254901960784,52.00029754808931,823968
0.2235294117647059,0.054901960784313725,0.058823529411764705,1.0000057220786405,1005684
0.1450980392156863,0.043137254901960784,0.06274509803921569,8.000045776629124,878131
0.15294117647058825,0.2823529411764706,0.14901960784313725,277.0015850157834,109479
0.050980392156862744,0.13725490196078433,0.1843137254901961,1.0000057220786405,201110
0.058823529411764705,0.13333333333333333,0.20392156862745098,8.000045776629124,859608
0.058823529411764705,0.19607843137254902,0.23921568627450981,2.000011444157281,169480
0.08235294117647059,0.2,0.20784313725490197,28.000160218201934,198183
0.5529411764705883,0.6862745098039216,0.6352941176470588,4.000022888314562,236109
0.6,0.6980392156862745,0.6392156862745098,57.00032615848251,308870
0.5411764705882353,0.7058823529411765,0.7372549019607844,11.000062942865044,827674
0.5647058823529412,0.42745098039215684,0.4549019607843137,148.00084686763878,1044953
0.6235294117647059,0.3254901960784314,0.054901960784313725,5.000028610393202,790281
0.6313725490196078,0.3411764705882353,0.1450980392156863,44.00025177146018,844409
0.38823529411764707,0.3607843137254902,0.17254901960784313,10.000057220786404,718554
0.44313725490196076,0.3137254901960784,0.1803921568627451,21.00012016365145,751243
0.20392156862745098,0.13333333333333333,0.050980392156862744,156.0008926442679,736944
0.2196078431372549,0.24313725490196078,0.058823529411764705,1.0000057220786405,922599
0.12549019607843137,0.19607843137254902,0.12156862745098039,22.00012588573009,240377
0.23921568627450981,0.24705882352941178,0.06274509803921569,3.0000171662359216,929786
0.2901960784313726,0.3333333333333333,0.13725490196078433,101.0005779299427,901043
0.2823529411764706,0.37254901960784315,0.14901960784313725,449.0025692133096,540569
0.2980392156862745,0.3411764705882353,0.17254901960784313,34.000194550673775,698080
0.6235294117647059,0.5411764705882353,0.5686274509803921,132.00075531438054,907072
0.6901960784313725,0.5490196078431373,0.5607843137254902,3.0000171662359216,911737
0.42745098039215684,0.5725490196078431,0.5137254901960784,6.000034332471843,512721
0.4980392156862745,0.5607843137254902,0.5529411764705883,73.00041771174075,589477
0.43529411764705883,0.5725490196078431,0.611764705882353,73.00041771174075,287253
0.5686274509803921,0.5568627450980392,0.6431372549019608,17.000097275336888,931633
0.5215686274509804,0.5529411764705883,0.6901960784313725,1.0000057220786405,857420
0.5725490196078431,0.5529411764705883,0.6862745098039216,1.0000057220786405,902984
0.5529411764705883,0.611764705882353,0.6901960784313725,158.0009040884252,954148
0.5607843137254902,0.6196078431372549,0.6901960784313725,98.00056076370677,990964
0.41568627450980394,0.5058823529411764,0.2980392156862745,51.00029182601067,296578
0.4196078431372549,0.5254901960784314,0.34901960784313724,74.00042343381939,292478
0.4980392156862745,0.5607843137254902,0.3686274509803922,1.0000057220786405,300189
0.5686274509803921,0.30980392156862746,0.26666666666666666,5.000028610393202,1020147
0.5137254901960784,0.3058823529411765,0.3176470588235294,13.000074387022327,956670
0.1450980392156863,0.1843137254901961,0.25882352941176473,216.00123596898635,269817
0.21176470588235294,0.1843137254901961,0.25882352941176473,24.000137329887373,854323
0.13725490196078433,0.14901960784313725,0.3411764705882353,9.000051498707764,957352
0.2196078431372549,0.1843137254901961,0.36470588235294116,7.0000400545504835,944001
0.20392156862745098,0.3176470588235294,0.15294117647058825,123.00070381567278,175102
0.21176470588235294,0.34901960784313724,0.1843137254901961,178.001018529998,134132
0.3058823529411765,0.47058823529411764,0.39215686274509803,11.000062942865044,678614
0.3607843137254902,0.49019607843137253,0.3764705882352941,70.00040054550483,688900
0.2823529411764706,0.4392156862745098,0.4549019607843137,30.000171662359215,125398
0.1843137254901961,0.25098039215686274,0.30980392156862746,66.00037765719027,516663
0.1607843137254902,0.3254901960784314,0.26666666666666666,8.000045776629124,235084
0.23921568627450981,0.34509803921568627,0.25098039215686274,52.00029754808931,321166
0.17647058823529413,0.3137254901960784,0.35294117647058826,16.000091553258248,125397
0.23529411764705882,0.3137254901960784,0.36470588235294116,190.00108719494168,170433
0.7686274509803922,0.7490196078431373,0.615686274509804,8.000045776629124,219486
0.8823529411764706,0.7686274509803922,0.6078431372549019,1.0000057220786405,148720
0.8862745098039215,0.7764705882352941,0.7294117647058823,34.000194550673775,873731
0.6862745098039216,0.4980392156862745,0.42745098039215684,179.00102425207663,1040661
0.6431372549019608,0.43137254901960786,0.4392156862745098,1.0000057220786405,1042558
0.6862745098039216,0.4980392156862745,0.4549019607843137,33.000188828595135,947666
0.17647058823529413,0.21568627450980393,0.13333333333333333,8.000045776629124,135654
0.12549019607843137,0.21568627450980393,0.1568627450980392,63.00036049095435,109217
0.16470588235294117,0.21568627450980393,0.16470588235294117,65.00037193511163,537308
0.16862745098039217,0.24705882352941178,0.1568627450980392,860.0049209876308,324336
0.36470588235294116,0.27450980392156865,0.39215686274509803,85.00048637668444,890011
0.25882352941176473,0.2980392156862745,0.4823529411764706,12.000068664943687,950162
0.3137254901960784,0.30196078431372547,0.4588235294117647,1.0000057220786405,856382
0.7764705882352941,0.7686274509803922,0.8196078431372549,293.00167656904165,825462
0.7843137254901961,0.7764705882352941,0.8235294117647058,29.000165940280574,835742
0.7529411764705882,0.807843137254902,0.8431372549019608,118.00067520527958,898908
0.7803921568627451,0.803921568627451,0.8431372549019608,87.00049782084172,874680
0.2784313725490196,0.40784313725490196,0.13333333333333333,3.0000171662359216,467959
0.30980392156862746,0.4117647058823529,0.15294117647058825,481.0027523198261,472960
0.2784313725490196,0.4117647058823529,0.1803921568627451,265.0015163508397,401227
0.09019607843137255,0.09411764705882353,0.09019607843137255,3.0000171662359216,641577
0.09019607843137255,0.09411764705882353,0.10588235294117647,885.0050640395968,411096
0.30980392156862746,0.4470588235294118,0.27058823529411763,1.0000057220786405,203315
0.29411764705882354,0.3803921568627451,0.3215686274509804,41.00023460522426,649970
0.29411764705882354,0.4549019607843137,0.34509803921568627,12.000068664943687,191008
0.3215686274509804,0.47843137254901963,0.37254901960784315,79.0004520442126,499406
0.18823529411764706,0.27058823529411763,0.15294117647058825,172.00098419752615,293829
0.22745098039215686,0.27058823529411763,0.1450980392156863,5.000028610393202,188963
0.24705882352941178,0.26666666666666666,0.17647058823529413,51.00029182601067,614130
0.2196078431372549,0.30980392156862746,0.1843137254901961,533.0030498679154,242616
0.3843137254901961,0.39215686274509803,0.1803921568627451,64.00036621303299,753402
0.45098039215686275,0.42745098039215684,0.17254901960784313,4.000022888314562,924649
0.43137254901960786,0.4392156862745098,0.16862745098039217,1.0000057220786405,875372
0.4745098039215686,0.47058823529411764,0.1843137254901961,20.00011444157281,885638
0.45098039215686275,0.38823529411764707,0.24705882352941178,88.00050354292036,84997
0.2,0.34901960784313724,0.18823529411764706,196.00112152741355,146338
0.21568627450980393,0.32941176470588235,0.22745098039215686,84.0004806546058,156280
0.24705882352941178,0.3254901960784314,0.2196078431372549,550.0031471432522,531171
0.2,0.34901960784313724,0.2235294117647059,4.000022888314562,87858
0.47058823529411764,0.41568627450980394,0.5019607843137255,169.00096703129023,946942
0.3764705882352941,0.43137254901960786,0.5686274509803921,9.000051498707764,838176
0.2980392156862745,0.43137254901960786,0.5647058823529412,35.000200272752416,297463
0.3607843137254902,0.42745098039215684,0.5647058823529412,16.000091553258248,950161
0.30196078431372547,0.4745098039215686,0.6078431372549019,100.00057220786405,167201
0.35294117647058826,0.18823529411764706,0.03137254901960784,3.0000171662359216,735966
0.2784313725490196,0.19607843137254902,0.10588235294117647,153.000875478032,733886
0.6509803921568628,0.6862745098039216,0.5019607843137255,11.000062942865044,874342
0.7137254901960784,0.6862745098039216,0.5176470588235295,19.00010871949417,733882
0.6509803921568628,0.6941176470588235,0.6196078431372549,125.00071525983006,630493
0.1843137254901961,0.3215686274509804,0.43529411764705883,15.000085831179607,451110
0.13333333333333333,0.27058823529411763,0.4627450980392157,58.00033188056115,174385
0.2235294117647059,0.3058823529411765,0.4392156862745098,79.0004520442126,477810
0.1803921568627451,0.3254901960784314,0.47058823529411764,15.000085831179607,976867
0.28627450980392155,0.3411764705882353,0.2,134.00076675853782,583858
0.29411764705882354,0.33725490196078434,0.23137254901960785,74.00042343381939,593651
0.28627450980392155,0.3607843137254902,0.22745098039215686,795.0045490525192,457409
0.7764705882352941,0.8509803921568627,0.8392156862745098,24.000137329887373,889617
0.807843137254902,0.8470588235294118,0.8235294117647058,82.00046921044851,571063
0.7764705882352941,0.8156862745098039,0.8431372549019608,318.00181962100766,861456
0.7607843137254902,0.8509803921568627,0.8509803921568627,60.00034332471843,840983
0.788235294117647,0.8509803921568627,0.8666666666666667,279.0015964599407,796209
0.7058823529411765,0.7529411764705882,0.7490196078431373,472.0027008211183,389669
0.7137254901960784,0.796078431372549,0.7490196078431373,10.000057220786404,296574
0.7294117647058823,0.7803921568627451,0.7725490196078432,66.00037765719027,443981
0.6980392156862745,0.792156862745098,0.807843137254902,48.000274659774746,942981
0.7450980392156863,0.7843137254901961,0.792156862745098,718.0041084524638,982009
0.13333333333333333,0.1607843137254902,0.15294117647058825,43.00024604938154,370096
0.1607843137254902,0.15294117647058825,0.16862745098039217,411.00235177432126,424392
0.6274509803921569,0.615686274509804,0.44313725490196076,796.0045547745979,196846
0.6470588235294118,0.5725490196078431,0.4745098039215686,306.001750956064,480487
0.6509803921568628,0.596078431372549,0.49019607843137253,230.0013160780873,537845
0.8156862745098039,0.6627450980392157,0.6352941176470588,36.000205994831056,947353
0.8117647058823529,0.6901960784313725,0.6627450980392157,166.0009498650543,943246
0.7529411764705882,0.6784313725490196,0.6980392156862745,41.00023460522426,926962
0.8156862745098039,0.7450980392156863,0.7215686274509804,117.00066948320094,881926
0.058823529411764705,0.043137254901960784,0.13725490196078433,4.000022888314562,865720
0.08235294117647059,0.058823529411764705,0.14901960784313725,6.000034332471843,852316
0.050980392156862744,0.09019607843137255,0.13725490196078433,98.00056076370677,463389
0.0,0.047058823529411764,0.23921568627450981,25.000143051966013,983026
0.054901960784313725,0.10588235294117647,0.2196078431372549,12.000068664943687,870858
0.07058823529411765,0.12156862745098039,0.19607843137254902,35.000200272752416,339460
0.7254901960784313,0.7137254901960784,0.7529411764705882,320.00183106516494,1000945
0.6901960784313725,0.7137254901960784,0.796078431372549,3.0000171662359216,870964
0.2784313725490196,0.40784313725490196,0.18823529411764706,54.00030899224659,388940
0.30980392156862746,0.4117647058823529,0.19215686274509805,760.0043487797667,373704
0.2784313725490196,0.40784313725490196,0.24705882352941178,13.000074387022327,173613
0.41568627450980394,0.5098039215686274,0.43529411764705883,76.00043487797667,507599
0.43529411764705883,0.5607843137254902,0.39215686274509803,1.0000057220786405,709339
0.49019607843137253,0.5686274509803921,0.41568627450980394,25.000143051966013,618757
0.38823529411764707,0.5568627450980392,0.45098039215686275,68.00038910134755,708312
0.43137254901960786,0.5607843137254902,0.47058823529411764,2.000011444157281,183839
0.47843137254901963,0.5725490196078431,0.4392156862745098,41.00023460522426,131560
0.396078431372549,0.1803921568627451,0.1568627450980392,38.00021743898834,1005777
0.4392156862745098,0.23921568627450981,0.12549019607843137,160.00091553258247,840355
0.39215686274509803,0.17254901960784313,0.18823529411764706,3.0000171662359216,995522
0.2196078431372549,0.13333333333333333,0.1411764705882353,272.0015564053902,925434
0.2,0.1450980392156863,0.16862745098039217,51.00029182601067,865648
0.23137254901960785,0.15294117647058825,0.1607843137254902,40.00022888314562,897500
0.2235294117647059,0.1803921568627451,0.17647058823529413,636.0036392420153,474489
0.1450980392156863,0.08627450980392157,0.06274509803921569,745.0042629485871,909989
0.1568627450980392,0.08235294117647059,0.06666666666666667,250.00143051966012,918283
0.13725490196078433,0.09019607843137255,0.09411764705882353,54.00030899224659,619240
0.1803921568627451,0.06666666666666667,0.10196078431372549,11.000062942865044,909480
0.1568627450980392,0.12156862745098039,0.09803921568627451,661.0037822939813,616828
0.09019607843137255,0.18823529411764706,0.13725490196078433,1.0000057220786405,103082
0.07058823529411765,0.18823529411764706,0.1843137254901961,3.0000171662359216,124374
0.12156862745098039,0.21568627450980393,0.1607843137254902,602.0034446913415,82621
0.4117647058823529,0.5529411764705883,0.6313725490196078,183.0010471403912,473720
0.41568627450980394,0.5725490196078431,0.6352941176470588,166.0009498650543,453219
0.4745098039215686,0.5568627450980392,0.6862745098039216,3.0000171662359216,853340
0.3843137254901961,0.5764705882352941,0.7058823529411765,55.00031471432523,171306
0.4627450980392157,0.6078431372549019,0.6862745098039216,47.0002689376961,491124
0.403921568627451,0.4745098039215686,0.25882352941176473,119.00068092735822,277632
0.4196078431372549,0.47843137254901963,0.2627450980392157,689.0039425121832,271499
0.403921568627451,0.47058823529411764,0.2901960784313726,85.00048637668444,316509
0.6078431372549019,0.7490196078431373,0.6901960784313725,1.0000057220786405,828702
0.6509803921568628,0.6862745098039216,0.6901960784313725,571.0032673069037,872830
0.6745098039215687,0.6941176470588235,0.7019607843137254,663.0037937381386,992238
0.6470588235294118,0.7254901960784313,0.7137254901960784,20.00011444157281,853449
0.6823529411764706,0.7176470588235294,0.7098039215686275,117.00066948320094,355874
0.6509803921568628,0.7215686274509804,0.7450980392156863,85.00048637668444,531106
0.6745098039215687,0.7215686274509804,0.7411764705882353,537.0030727562299,245318
0.796078431372549,0.8745098039215686,0.8823529411764706,74.00042343381939,167425
0.8588235294117647,0.9411764705882353,0.9176470588235294,7.0000400545504835,842114
0.8470588235294118,0.9176470588235294,0.9411764705882353,4.000022888314562,257629
0.8666666666666667,0.9490196078431372,0.9411764705882353,15.000085831179607,834942
0.7137254901960784,0.7764705882352941,0.8196078431372549,352.0020141716814,555023
0.6862745098039216,0.7803921568627451,0.8156862745098039,64.00036621303299,931824
0.7058823529411765,0.7686274509803922,0.8470588235294118,3.0000171662359216,859455
0.7019607843137254,0.7843137254901961,0.8431372549019608,26.000148774044654,885623
0.7215686274509804,0.788235294117647,0.8588235294117647,58.00033188056115,844319
0.5843137254901961,0.2980392156862745,0.12941176470588237,52.00029754808931,843388
0.5568627450980392,0.3137254901960784,0.17647058823529413,117.00066948320094,809623
0.5647058823529412,0.33725490196078434,0.1843137254901961,208.00119019235723,832097
0.5686274509803921,0.2980392156862745,0.23529411764705882,18.000102997415528,1011932
0.08235294117647059,0.027450980392156862,0.00784313725490196,38.00021743898834,837015
0.10980392156862745,0.027450980392156862,0.0196078431372549,4.000022888314562,852403
0.10980392156862745,0.054901960784313725,0.027450980392156862,693.0039654004978,873257
0.06666666666666667,0.027450980392156862,0.03137254901960784,4.000022888314562,157994
0.10980392156862745,0.011764705882352941,0.047058823529411764,3.0000171662359216,832768
0.803921568627451,0.7607843137254902,0.7647058823529411,539.0030842003872,953644
0.7607843137254902,0.7803921568627451,0.7725490196078432,255.00145913005332,536250
0.788235294117647,0.8,0.7725490196078432,283.00161934825525,696632
0.792156862745098,0.7764705882352941,0.7803921568627451,376.0021515015688,855215
0.6627450980392157,0.6509803921568628,0.6941176470588235,563.0032215302746,989691
0.6274509803921569,0.6509803921568628,0.7215686274509804,6.000034332471843,795183
0.6588235294117647,0.6509803921568628,0.7372549019607844,1.0000057220786405,815656
0.6431372549019608,0.42745098039215684,0.30980392156862746,158.0009040884252,841521
0.6823529411764706,0.4549019607843137,0.2627450980392157,145.00082970140286,799352
0.6901960784313725,0.4549019607843137,0.27450980392156865,69.00039482342619,792178
0.6862745098039216,0.49019607843137253,0.3254901960784314,18.000102997415528,756457
0.2901960784313726,0.21176470588235294,0.14901960784313725,582.0033302497687,763325
0.27058823529411763,0.2235294117647059,0.14901960784313725,5.000028610393202,674557
0.29411764705882354,0.2196078431372549,0.15294117647058825,16.000091553258248,770518
0.2627450980392157,0.2235294117647059,0.17254901960784313,612.003501912128,502171
0.6862745098039216,0.7137254901960784,0.7137254901960784,586.0033531380833,303728
0.7411764705882353,0.6980392156862745,0.7058823529411765,858.0049095434736,1001874
0.6941176470588235,0.7294117647058823,0.6901960784313725,363.00207711454647,620234
0.7372549019607844,0.7254901960784313,0.7019607843137254,401.00229455353485,337551
0.7176470588235294,0.7294117647058823,0.7333333333333333,685.0039196238687,228923
0.9529411764705882,0.9098039215686274,0.8745098039215686,1.0000057220786405,1006716
0.8980392156862745,0.9411764705882353,0.9176470588235294,122.00069809359414,132573
0.9607843137254902,0.9529411764705882,0.8980392156862745,20.00011444157281,196894
0.8784313725490196,0.9098039215686274,0.9372549019607843,8.000045776629124,833059
0.9215686274509803,0.9607843137254902,0.9490196078431372,44.00025177146018,262753
0.9372549019607843,0.9725490196078431,0.9450980392156862,9.000051498707764,112052
0.615686274509804,0.5725490196078431,0.4666666666666667,175.00100136376207,494840
0.596078431372549,0.6078431372549019,0.44313725490196076,790.004520442126,223471
0.5764705882352941,0.5725490196078431,0.49411764705882355,209.00119591443587,260413
0.596078431372549,0.5764705882352941,0.48627450980392156,187.00107002870575,687779
0.592156862745098,0.615686274509804,0.48627450980392156,781.0044689434183,249095
0.5882352941176471,0.6549019607843137,0.7098039215686275,497.0028438730843,961351
0.5882352941176471,0.6274509803921569,0.7294117647058823,39.00022316106698,833058
0.6039215686274509,0.6352941176470588,0.7215686274509804,33.000188828595135,980967
0.5725490196078431,0.6784313725490196,0.7372549019607844,125.00071525983006,978923
0.4588235294117647,0.44313725490196076,0.3411764705882353,358.00204850415327,650859
0.47058823529411764,0.45098039215686275,0.32941176470588235,94.0005378753922,670397
0.47843137254901963,0.4980392156862745,0.32941176470588235,894.0051155383046,488632
0.4666666666666667,0.4470588235294118,0.36470588235294116,83.00047493252715,654958
0.47058823529411764,0.4392156862745098,0.34509803921568627,185.00105858454847,642804
0.47843137254901963,0.4980392156862745,0.34509803921568627,639.0036564082512,474264
0.8549019607843137,0.8352941176470589,0.8392156862745098,216.00123596898635,917756
0.8235294117647058,0.8666666666666667,0.8313725490196079,202.0011558598854,427681
0.8549019607843137,0.8431372549019608,0.8352941176470589,169.00096703129023,851121
0.8431372549019608,0.8196078431372549,0.8470588235294118,67.00038337926891,841362
0.7803921568627451,0.807843137254902,0.8823529411764706,1.0000057220786405,827940
0.7607843137254902,0.8431372549019608,0.8823529411764706,107.00061226241453,904016
0.19607843137254902,0.2235294117647059,0.21568627450980393,99.00056648578541,406967
0.24705882352941178,0.2196078431372549,0.19215686274509805,660.0037765719027,387443
0.2196078431372549,0.21568627450980393,0.2235294117647059,182.00104141831255,510432
0.20392156862745098,0.2196078431372549,0.24313725490196078,773.0044231667891,307532
0.1411764705882353,0.13333333333333333,0.08627450980392157,2.000011444157281,679649
0.17647058823529413,0.12549019607843137,0.09019607843137255,102.00058365202133,746944
0.14901960784313725,0.16862745098039217,0.10980392156862745,1.0000057220786405,677596
0.1803921568627451,0.1568627450980392,0.12156862745098039,11.000062942865044,741922
0.7843137254901961,0.7490196078431373,0.6823529411764706,154.00088120011063,421098
0.8156862745098039,0.7490196078431373,0.6549019607843137,27.000154496123294,712383
0.8431372549019608,0.8235294117647058,0.6784313725490196,1.0000057220786405,229737
0.7647058823529411,0.8196078431372549,0.7098039215686275,13.000074387022327,132584
0.8470588235294118,0.8274509803921568,0.7411764705882353,37.000211716909696,204106
0.5098039215686274,0.5215686274509804,0.3803921568627451,538.0030784783086,448660
0.5450980392156862,0.5176470588235295,0.396078431372549,99.00056648578541,712305
0.5098039215686274,0.5254901960784314,0.41568627450980394,76.00043487797667,588522
0.5490196078431373,0.5137254901960784,0.43529411764705883,174.00099564168343,665287
0.5333333333333333,0.5568627450980392,0.4196078431372549,859.0049152655522,419941
0.3137254901960784,0.4,0.15294117647058825,128.00073242606598,497537
0.3568627450980392,0.3803921568627451,0.1450980392156863,2.000011444157281,878455
0.3176470588235294,0.40784313725490196,0.14901960784313725,498.00284959516296,484244
0.3568627450980392,0.3843137254901961,0.1607843137254902,14.000080109100967,872297
0.34509803921568627,0.43137254901960786,0.1843137254901961,132.00075531438054,543589
0.4588235294117647,0.5137254901960784,0.33725490196078434,760.0043487797667,394918
0.4980392156862745,0.5058823529411764,0.3411764705882353,625.0035762991503,471241
0.4666666666666667,0.5294117647058824,0.32941176470588235,31.000177384437855,296080
0.4823529411764706,0.5372549019607843,0.3411764705882353,414.0023689405572,296089
0.4627450980392157,0.5333333333333333,0.36470588235294116,44.00025177146018,402084
0.4823529411764706,0.5411764705882353,0.35294117647058826,604.0034561354988,304285
0.3411764705882353,0.29411764705882354,0.2,163.0009326988184,59
0.35294117647058826,0.28627450980392155,0.21568627450980393,468.00267793280375,552215
0.33725490196078434,0.27058823529411763,0.23137254901960785,638.0036506861726,551152
0.34901960784313724,0.2784313725490196,0.22745098039215686,487.0027866522979,391417
0.3215686274509804,0.29411764705882354,0.23137254901960785,503.00287820555616,695894
0.6274509803921569,0.5529411764705883,0.6627450980392157,2.000011444157281,904005
0.6901960784313725,0.6196078431372549,0.6235294117647059,107.00061226241453,1037986
0.6235294117647059,0.6078431372549019,0.6862745098039216,5.000028610393202,812585
0.6980392156862745,0.6078431372549019,0.6980392156862745,1.0000057220786405,901962
0.5294117647058824,0.6392156862745098,0.5215686274509804,18.000102997415528,239189
0.5843137254901961,0.6941176470588235,0.5450980392156862,4.000022888314562,678617
0.5294117647058824,0.6274509803921569,0.5764705882352941,59.00033760263979,499402
0.615686274509804,0.6941176470588235,0.5803921568627451,13.000074387022327,907193
0.6509803921568628,0.7058823529411765,0.7490196078431373,739.0042286161153,988977
0.6431372549019608,0.7176470588235294,0.7568627450980392,236.00135041055916,914365
0.6235294117647059,0.7098039215686275,0.788235294117647,19.00010871949417,865677
0.6627450980392157,0.7137254901960784,0.8,8.000045776629124,860500
0.6235294117647059,0.7372549019607844,0.8,48.000274659774746,918477
0.6745098039215687,0.7254901960784313,0.807843137254902,694.0039711225764,858438
0.38823529411764707,0.17647058823529413,0.047058823529411764,166.0009498650543,830070
0.3803921568627451,0.1843137254901961,0.07058823529411765,46.00026321561746,820871
0.5764705882352941,0.5176470588235295,0.3254901960784314,867.0049610421813,128058
0.592156862745098,0.5176470588235295,0.33725490196078434,32.000183106516495,1343
0.592156862745098,0.5372549019607843,0.3411764705882353,227.0012989118514,32087
0.5882352941176471,0.5058823529411764,0.3607843137254902,270.0015449612329,78928
0.596078431372549,0.5098039215686274,0.3686274509803922,684.00391390179,75872
0.5882352941176471,0.5411764705882353,0.3686274509803922,729.0041713953289,101711
0.6549019607843137,0.5607843137254902,0.4,13.000074387022327,659784
0.6509803921568628,0.615686274509804,0.4,346.0019798392096,844621
0.6784313725490196,0.596078431372549,0.403921568627451,3.0000171662359216,151790
0.6705882352941176,0.5764705882352941,0.4235294117647059,102.00058365202133,783969
0.6627450980392157,0.596078431372549,0.4196078431372549,19.00010871949417,893701
0.21568627450980393,0.25098039215686274,0.0784313725490196,1.0000057220786405,927733
0.2235294117647059,0.25098039215686274,0.08235294117647059,7.0000400545504835,930814
0.19607843137254902,0.3058823529411765,0.08627450980392157,4.000022888314562,448486
0.18823529411764706,0.2784313725490196,0.12156862745098039,830.0047493252716,642045
0.23921568627450981,0.27450980392156865,0.11764705882352941,22.00012588573009,699103
0.2627450980392157,0.2901960784313726,0.10980392156862745,109.00062370657182,916440
0.3176470588235294,0.30980392156862746,0.08235294117647059,3.0000171662359216,923624
0.3686274509803922,0.37254901960784315,0.11764705882352941,74.00042343381939,888719
0.8392156862745098,0.6235294117647059,0.36470588235294116,1.0000057220786405,841376
0.5607843137254902,0.5098039215686274,0.38823529411764707,196.00112152741355,248230
0.5607843137254902,0.5411764705882353,0.3764705882352941,50.00028610393203,598753
0.5803921568627451,0.5098039215686274,0.4235294117647059,241.00137902095236,791106
0.596078431372549,0.5019607843137255,0.4235294117647059,771.0044117226319,356585
0.5647058823529412,0.5490196078431373,0.4235294117647059,159.00090981050383,676529
0.6078431372549019,0.5372549019607843,0.43529411764705883,667.0038166264532,567542
0.7647058823529411,0.792156862745098,0.8196078431372549,869.0049724863386,862316
0.7607843137254902,0.796078431372549,0.8196078431372549,1397.0079937438607,766193
0.7490196078431373,0.792156862745098,0.8313725490196079,503.00287820555616,742495
0.7764705882352941,0.792156862745098,0.8313725490196079,102.00058365202133,791089
0.7607843137254902,0.796078431372549,0.8313725490196079,2137.0122280820547,762955
0.4549019607843137,0.4627450980392157,0.2549019607843137,488.00279237437655,191521
0.4823529411764706,0.4627450980392157,0.25882352941176473,317.001813898929,170017
0.44313725490196076,0.4666666666666667,0.2901960784313726,765.0043773901599,517314
0.4745098039215686,0.44313725490196076,0.30980392156862746,10.000057220786404,683709
0.47843137254901963,0.49411764705882355,0.2823529411764706,320.00183106516494,33155
0.3843137254901961,0.2901960784313726,0.396078431372549,20.00011444157281,934698
0.4823529411764706,0.30196078431372547,0.40784313725490196,1.0000057220786405,928564
0.3843137254901961,0.36470588235294116,0.4549019607843137,216.00123596898635,969405
0.4549019607843137,0.34901960784313724,0.4549019607843137,32.000183106516495,934697
0.6352941176470588,0.6431372549019608,0.6431372549019608,478.00273515359015,301689
0.6745098039215687,0.6313725490196078,0.6509803921568628,446.00255204707366,1029759
0.6431372549019608,0.6627450980392157,0.6235294117647059,373.00213433533287,494246
0.6588235294117647,0.6549019607843137,0.6235294117647059,460.0026321561746,355984
0.6509803921568628,0.6745098039215687,0.6549019607843137,541.0030956445445,302360
0.6705882352941176,0.6784313725490196,0.6666666666666666,554.0031700315668,804341
0.13725490196078433,0.1450980392156863,0.21176470588235294,335.00191689634454,141764
0.1607843137254902,0.12549019607843137,0.2,47.0002689376961,853286
0.13333333333333333,0.15294117647058825,0.2235294117647059,25.000143051966013,315963
0.1803921568627451,0.14901960784313725,0.22745098039215686,10.000057220786404,853284
0.13725490196078433,0.17647058823529413,0.2196078431372549,759.0043430576881,576094
0.1607843137254902,0.17647058823529413,0.24313725490196078,354.0020256158387,210421
0.3843137254901961,0.27450980392156865,0.20392156862745098,404.0023117197708,687465
0.4196078431372549,0.2627450980392157,0.19215686274509805,150.00085831179607,906845
0.4,0.2980392156862745,0.20392156862745098,602.0034446913415,717152
0.42745098039215684,0.30196078431372547,0.21176470588235294,232.0013275222446,721597
0.4117647058823529,0.2549019607843137,0.23529411764705882,430.0024604938154,982617
0.40784313725490196,0.30980392156862746,0.23529411764705882,600.0034332471843,766355
0.5058823529411764,0.5607843137254902,0.3803921568627451,389.00222588859117,309398
0.5372549019607843,0.5725490196078431,0.403921568627451,754.0043144472949,585876
0.5568627450980392,0.592156862745098,0.38823529411764707,4.000022888314562,253122
0.5215686274509804,0.5607843137254902,0.4117647058823529,702.0040168992056,361592
0.5215686274509804,0.592156862745098,0.43529411764705883,1.0000057220786405,476875
0.5568627450980392,0.596078431372549,0.4235294117647059,77.00044060005531,280778
0.0196078431372549,0.01568627450980392,0.027450980392156862,312.0017852885358,206236
0.047058823529411764,0.027450980392156862,0.023529411764705882,460.0026321561746,828117
0.0196078431372549,0.023529411764705882,0.03529411764705882,437.0025005483659,215460
0.047058823529411764,0.027450980392156862,0.03137254901960784,78.00044632213395,159998
0.0196078431372549,0.03529411764705882,0.050980392156862744,104.00059509617861,223646
0.5176470588235295,0.5686274509803921,0.6392156862745098,782.0044746654969,1005256
0.5490196078431373,0.5882352941176471,0.6470588235294118,472.0027008211183,1021616
0.5137254901960784,0.596078431372549,0.6431372549019608,514.0029411484212,295428
0.5529411764705883,0.615686274509804,0.6313725490196078,581.0033245276901,623264
0.5215686274509804,0.5843137254901961,0.6666666666666666,216.00123596898635,965384
0.5333333333333333,0.5764705882352941,0.6588235294117647,157.00089836634655,957188
0.5137254901960784,0.596078431372549,0.6549019607843137,648.003707906959,965597
0.32941176470588235,0.18823529411764706,0.1450980392156863,616.0035248004425,929382
0.34509803921568627,0.19607843137254902,0.13725490196078433,300.00171662359213,908901
0.33725490196078434,0.22745098039215686,0.1450980392156863,99.00056648578541,763536
0.3607843137254902,0.2196078431372549,0.12941176470588237,171.0009784754475,880308
0.34509803921568627,0.21568627450980393,0.1843137254901961,692.0039596784192,928201
0.3607843137254902,0.2235294117647059,0.16470588235294117,324.0018539534795,736952
0.4392156862745098,0.3137254901960784,0.27058823529411763,539.0030842003872,928229
0.4745098039215686,0.3333333333333333,0.27450980392156865,82.00046921044851,923218
0.4823529411764706,0.3607843137254902,0.2784313725490196,697.0039882888124,753038
0.45098039215686275,0.33725490196078434,0.2980392156862745,446.00255204707366,946717
0.48627450980392156,0.3137254901960784,0.2901960784313726,332.0018997301086,1021203
0.4588235294117647,0.37254901960784315,0.2901960784313726,625.0035762991503,792060
0.47843137254901963,0.35294117647058826,0.29411764705882354,450.0025749353882,946747
0.5725490196078431,0.3764705882352941,0.3254901960784314,788.0045089979687,988186
0.5607843137254902,0.43529411764705883,0.3333333333333333,36.000205994831056,25714
0.6,0.4117647058823529,0.3411764705882353,256.00146485213196,882700
0.6,0.403921568627451,0.36470588235294116,438.00250627044454,943148
0.5725490196078431,0.40784313725490196,0.3568627450980392,239.00136757679508,938156
0.3411764705882353,0.403921568627451,0.25098039215686274,138.00078964685238,396985
0.3215686274509804,0.42745098039215684,0.25098039215686274,694.0039711225764,17832
0.3137254901960784,0.3843137254901961,0.3058823529411765,18.000102997415528,650994
0.37254901960784315,0.3764705882352941,0.28627450980392155,31.000177384437855,622283
0.3215686274509804,0.40784313725490196,0.29411764705882354,26.000148774044654,520932
0.37254901960784315,0.4235294117647059,0.28627450980392155,97.00055504162813,104873
0.5647058823529412,0.5803921568627451,0.3803921568627451,444.0025406029164,223442
0.5607843137254902,0.592156862745098,0.39215686274509803,103.00058937409997,244942
0.6078431372549019,0.592156862745098,0.396078431372549,290.0016594028057,201950
0.5647058823529412,0.5764705882352941,0.4235294117647059,544.0031128107804,440498
0.6196078431372549,0.5647058823529412,0.40784313725490196,288.00164795864845,41292
0.5647058823529412,0.6,0.43529411764705883,569.0032558627464,269528
0.592156862745098,0.6,0.43137254901960786,893.005109816226,217334
0.21568627450980393,0.18823529411764706,0.1450980392156863,20.00011444157281,687872
0.24705882352941178,0.18823529411764706,0.1450980392156863,488.00279237437655,745957
0.21176470588235294,0.23137254901960785,0.12941176470588237,8.000045776629124,556774
0.23137254901960785,0.23529411764705882,0.15294117647058825,9.000051498707764,557796
0.20784313725490197,0.18823529411764706,0.16862745098039217,856.0048980993163,391431
0.21568627450980393,0.2196078431372549,0.1607843137254902,15.000085831179607,698099
0.2196078431372549,0.2196078431372549,0.1568627450980392,73.00041771174075,675544
0.25098039215686274,0.21568627450980393,0.18823529411764706,323.00184823140086,521576
0.29411764705882354,0.20392156862745098,0.2,152.00086975595335,188836
0.25882352941176473,0.20784313725490197,0.2196078431372549,55.00031471432523,143766
0.2823529411764706,0.20784313725490197,0.23137254901960785,64.00036621303299,475830
0.2627450980392157,0.23529411764705882,0.22745098039215686,671.0038395147677,443657
0.30196078431372547,0.24313725490196078,0.2235294117647059,181.0010356962339,426314
0.39215686274509803,0.3803921568627451,0.2549019607843137,74.00042343381939,531687
0.4196078431372549,0.39215686274509803,0.2784313725490196,25.000143051966013,524518
0.41568627450980394,0.43137254901960786,0.2784313725490196,352.0020141716814,558165
0.396078431372549,0.3764705882352941,0.28627450980392155,44.00025177146018,684705
0.4235294117647059,0.396078431372549,0.2901960784313726,180.00102997415527,647926
0.43137254901960786,0.4235294117647059,0.30980392156862746,102.00058365202133,422106
0.2,0.27450980392156865,0.20392156862745098,23.00013160780873,106926
0.24313725490196078,0.27450980392156865,0.2,28.000160218201934,569060
0.2196078431372549,0.3058823529411765,0.18823529411764706,544.0031128107804,352982
0.21568627450980393,0.25098039215686274,0.23921568627450981,11.000062942865044,357757
0.24313725490196078,0.2549019607843137,0.23921568627450981,114.00065231696502,379178
0.2,0.28627450980392155,0.22745098039215686,11.000062942865044,551656
0.24705882352941178,0.3058823529411765,0.2196078431372549,53.00030327016795,561905
0.20784313725490197,0.13725490196078433,0.08627450980392157,355.00203133791734,808629
0.23529411764705882,0.13725490196078433,0.09019607843137255,555.0031757536455,716479
0.21176470588235294,0.17647058823529413,0.08235294117647059,2.000011444157281,834972
0.24705882352941178,0.1568627450980392,0.0784313725490196,40.00022888314562,893722
0.23529411764705882,0.13333333333333333,0.10588235294117647,515.0029468704998,919184
0.2,0.1568627450980392,0.12156862745098039,452.0025863795455,762341
0.24705882352941178,0.17647058823529413,0.12156862745098039,719.0041141745425,743863
0.17254901960784313,0.2627450980392157,0.1607843137254902,1181.0067577748744,349942
0.1568627450980392,0.26666666666666666,0.16862745098039217,2265.0129605081206,8767
0.17647058823529413,0.27450980392156865,0.16862745098039217,2599.0148716823865,283445
0.1568627450980392,0.2627450980392157,0.17647058823529413,1386.0079308009956,149154
0.1803921568627451,0.2627450980392157,0.17254901960784313,74.00042343381939,242489
0.16862745098039217,0.27058823529411763,0.17254901960784313,3209.0183621503575,214719
0.17254901960784313,0.27058823529411763,0.1843137254901961,2346.0134239964905,119402
0.5607843137254902,0.39215686274509803,0.396078431372549,628.0035934653862,1042780
0.596078431372549,0.396078431372549,0.38823529411764707,52.00029754808931,995637
0.5725490196078431,0.403921568627451,0.4196078431372549,87.00049782084172,988721
0.592156862745098,0.4,0.4235294117647059,9.000051498707764,913794
0.592156862745098,0.42745098039215684,0.43529411764705883,380.00217438988335,910468
0.23529411764705882,0.26666666666666666,0.3254901960784314,689.0039425121832,250286
0.20392156862745098,0.2901960784313726,0.3215686274509804,96.00054931954949,156125
0.23529411764705882,0.2823529411764706,0.3254901960784314,550.0031471432522,577096
0.19607843137254902,0.2549019607843137,0.35294117647058826,547.0031299770163,269818
0.24313725490196078,0.27058823529411763,0.37254901960784315,224.00128174561547,299608
0.21568627450980393,0.2901960784313726,0.37254901960784315,338.00193406258046,491067
0.2235294117647059,0.28627450980392155,0.3686274509803922,889.0050869279114,201207
0.21568627450980393,0.3215686274509804,0.09019607843137255,16.000091553258248,475120
0.2196078431372549,0.3215686274509804,0.08627450980392157,8.000045776629124,499703
0.20784313725490197,0.3137254901960784,0.10980392156862745,102.00058365202133,403430
0.3215686274509804,0.20784313725490197,0.18823529411764706,684.00391390179,929288
0.3568627450980392,0.20784313725490197,0.20784313725490197,350.00200272752414,969908
0.3333333333333333,0.21176470588235294,0.2196078431372549,99.00056648578541,918934
0.36470588235294116,0.21176470588235294,0.23921568627450981,57.00032615848251,967901
0.3176470588235294,0.2196078431372549,0.23921568627450981,124.00070953775142,975397
0.3568627450980392,0.23529411764705882,0.2235294117647059,377.00215722364743,904330
0.403921568627451,0.44313725490196076,0.3137254901960784,61.00034904679707,496647
0.403921568627451,0.4980392156862745,0.3215686274509804,26.000148774044654,252513
0.39215686274509803,0.4392156862745098,0.3607843137254902,13.000074387022327,346378
0.4196078431372549,0.4470588235294118,0.37254901960784315,28.000160218201934,657117
0.3803921568627451,0.48627450980392156,0.35294117647058826,8.000045776629124,519907
0.43529411764705883,0.47843137254901963,0.34509803921568627,27.000154496123294,460828
0.5137254901960784,0.5176470588235295,0.27058823529411763,385.0022030002766,203920
0.5294117647058824,0.5137254901960784,0.26666666666666666,46.00026321561746,190616
0.5098039215686274,0.5294117647058824,0.27450980392156865,57.00032615848251,214180
0.5333333333333333,0.5372549019607843,0.2549019607843137,10.000057220786404,892823
0.5137254901960784,0.5254901960784314,0.2823529411764706,730.0041771174075,205971
0.5058823529411764,0.5490196078431373,0.30980392156862746,422.0024147171863,252072
0.5333333333333333,0.5490196078431373,0.2901960784313726,841.0048122681367,215202
0.596078431372549,0.4588235294117647,0.3215686274509804,38.00021743898834,878182
0.5803921568627451,0.48627450980392156,0.3411764705882353,799.0045719408338,75852
0.6039215686274509,0.48627450980392156,0.33725490196078434,108.00061798449318,782948
0.5647058823529412,0.4627450980392157,0.36470588235294116,285.0016307924125,764289
0.6196078431372549,0.4392156862745098,0.37254901960784315,35.000200272752416,858113
0.592156862745098,0.47058823529411764,0.34901960784313724,590.0033760263979,55391
0.6666666666666666,0.4392156862745098,0.3764705882352941,262.0014991846038,943209
0.6509803921568628,0.47843137254901963,0.4,47.0002689376961,880675
0.6705882352941176,0.4745098039215686,0.403921568627451,337.0019283405018,961667
0.6235294117647059,0.4549019607843137,0.43137254901960786,881.0050411512823,1043711
0.6549019607843137,0.4666666666666667,0.40784313725490196,63.00036049095435,984083
0.6352941176470588,0.47843137254901963,0.43137254901960786,553.0031643094882,1017857
0.6745098039215687,0.49411764705882355,0.4235294117647059,709.004056953756,991436
0.6431372549019608,0.5058823529411764,0.4588235294117647,159.00090981050383,1038619
0.6666666666666666,0.5137254901960784,0.44313725490196076,510.00291826010664,954519
0.6823529411764706,0.5450980392156862,0.4588235294117647,39.00022316106698,851995
0.6392156862745098,0.5137254901960784,0.48627450980392156,461.00263787825327,998693
0.6431372549019608,0.5529411764705883,0.47058823529411764,135.00077248061646,356587
0.6745098039215687,0.5294117647058824,0.4823529411764706,258.00147629628924,994617
0.0784313725490196,0.08235294117647059,0.12549019607843137,84.0004806546058,136602
0.10980392156862745,0.08235294117647059,0.12549019607843137,22.00012588573009,871967
0.08627450980392157,0.10588235294117647,0.12941176470588237,559.00319864196,492031
0.07058823529411765,0.07058823529411765,0.17254901960784313,2.000011444157281,830724
0.12156862745098039,0.08235294117647059,0.1607843137254902,5.000028610393202,878016
0.08235294117647059,0.12156862745098039,0.17254901960784313,131.0007495923019,204283
0.12156862745098039,0.12156862745098039,0.17647058823529413,198.00113297157083,842004
0.4588235294117647,0.3764705882352941,0.26666666666666666,433.00247766005134,30756
0.4666666666666667,0.40784313725490196,0.2627450980392157,10.000057220786404,82951
0.4823529411764706,0.42745098039215684,0.25882352941176473,465.00266076656783,98311
0.4627450980392157,0.4,0.29411764705882354,415.0023746626358,735856
0.47843137254901963,0.39215686274509803,0.29411764705882354,885.0050640395968,658754
0.4470588235294118,0.4117647058823529,0.30980392156862746,53.00030327016795,667237
0.49411764705882355,0.4235294117647059,0.2823529411764706,198.00113297157083,69653
0.2627450980392157,0.3568627450980392,0.1568627450980392,2283.013063505536,838496
0.27058823529411763,0.3568627450980392,0.16862745098039217,2946.0168572436746,665433
0.2627450980392157,0.3686274509803922,0.1607843137254902,908.0051956474056,378817
0.25098039215686274,0.3568627450980392,0.17254901960784313,878.0050239850464,361343
0.2784313725490196,0.34901960784313724,0.17647058823529413,1508.0086288945897,675645
0.2627450980392157,0.37254901960784315,0.17647058823529413,615.0035190783639,372590
0.2784313725490196,0.3686274509803922,0.1803921568627451,1968.0112610507645,716587
0.1568627450980392,0.2823529411764706,0.1607843137254902,3465.0198270024894,58337
0.17647058823529413,0.2823529411764706,0.1607843137254902,1899.0108662273383,189366
0.1607843137254902,0.30196078431372547,0.16862745098039217,1901.0108776714956,61328
0.1843137254901961,0.30980392156862746,0.1568627450980392,2403.013750154973,131061
0.1568627450980392,0.2823529411764706,0.17254901960784313,1396.007988021782,88896
0.1803921568627451,0.28627450980392155,0.1843137254901961,2320.013275222446,87620
0.16862745098039217,0.30196078431372547,0.17647058823529413,842.0048179902153,131935
0.1843137254901961,0.30980392156862746,0.17254901960784313,884.0050583175182,94172
0.29411764705882354,0.26666666666666666,0.25882352941176473,399.0022831093776,589291
0.27058823529411763,0.2823529411764706,0.26666666666666666,109.00062370657182,418242
0.30980392156862746,0.30196078431372547,0.2784313725490196,433.00247766005134,472481
0.27450980392156865,0.27450980392156865,0.2901960784313726,584.003341693926,274852
0.30196078431372547,0.27058823529411763,0.30196078431372547,94.0005378753922,143682
0.26666666666666666,0.30980392156862746,0.29411764705882354,577.0033016393755,497342
0.2980392156862745,0.29411764705882354,0.30196078431372547,634.003627797858,283959
0.5882352941176471,0.6392156862745098,0.6352941176470588,313.00179101061445,490169
0.6196078431372549,0.6352941176470588,0.6431372549019608,486.0027809302193,247379
0.5725490196078431,0.6627450980392157,0.6431372549019608,10.000057220786404,126427
0.611764705882353,0.6745098039215687,0.6352941176470588,262.0014991846038,556089
0.6,0.6235294117647059,0.6745098039215687,855.0048923772376,876730
0.5882352941176471,0.6588235294117647,0.6627450980392157,152.00086975595335,542736
0.592156862745098,0.6588235294117647,0.6627450980392157,474.0027122652756,583347
0.788235294117647,0.6745098039215687,0.5490196078431373,79.0004520442126,854636
0.8235294117647058,0.6745098039215687,0.5215686274509804,9.000051498707764,877394
0.7490196078431373,0.6941176470588235,0.5176470588235295,7.0000400545504835,226659
0.8509803921568627,0.6980392156862745,0.5490196078431373,7.0000400545504835,847520
0.8235294117647058,0.6431372549019608,0.596078431372549,62.00035476887571,959615
0.7764705882352941,0.6862745098039216,0.6,148.00084686763878,803421
0.8117647058823529,0.6901960784313725,0.5686274509803921,28.000160218201934,846492
0.22745098039215686,0.3215686274509804,0.13333333333333333,2110.0120735859314,599018
0.23137254901960785,0.3333333333333333,0.13333333333333333,120.00068664943686,386006
0.23921568627450981,0.32941176470588235,0.12549019607843137,2382.0136299913215,789489
0.22745098039215686,0.3137254901960784,0.1411764705882353,1526.0087318920052,672680
0.24313725490196078,0.3215686274509804,0.14901960784313725,1317.0075359775694,704416
0.23137254901960785,0.3333333333333333,0.14901960784313725,81.00046348836987,361436
0.24705882352941178,0.33725490196078434,0.1411764705882353,2035.0116444300334,581603
0.20392156862745098,0.21568627450980393,0.2549019607843137,302.0017280677494,263561
0.23529411764705882,0.19607843137254902,0.27058823529411763,31.000177384437855,853278
0.2235294117647059,0.23529411764705882,0.27058823529411763,833.0047664915076,291155
0.19215686274509805,0.21568627450980393,0.2823529411764706,44.00025177146018,407141
0.2235294117647059,0.18823529411764706,0.29411764705882354,12.000068664943687,937841
0.19607843137254902,0.23529411764705882,0.2901960784313726,856.0048980993163,468476
0.22745098039215686,0.23529411764705882,0.2823529411764706,254.00145340797468,276842
0.5725490196078431,0.4549019607843137,0.3843137254901961,179.00102425207663,672041
0.6,0.4392156862745098,0.403921568627451,418.00239182887174,993860
0.5725490196078431,0.4745098039215686,0.3843137254901961,384.00219727819797,238900
0.596078431372549,0.4980392156862745,0.3764705882352941,309.0017681222999,773724
0.5647058823529412,0.4588235294117647,0.4196078431372549,335.00191689634454,264470
0.5882352941176471,0.47058823529411764,0.4235294117647059,223.00127602353683,908758
0.6196078431372549,0.4745098039215686,0.41568627450980394,137.00078392477374,1018204
0.3803921568627451,0.3176470588235294,0.26666666666666666,665.0038051822959,650949
0.396078431372549,0.34509803921568627,0.2549019607843137,160.00091553258247,700028
0.43529411764705883,0.34509803921568627,0.27450980392156865,513.0029354263426,518406
0.39215686274509803,0.3254901960784314,0.2823529411764706,217.001241691065,457001
0.4235294117647059,0.33725490196078434,0.2980392156862745,205.0011730261213,793017
0.403921568627451,0.34509803921568627,0.2823529411764706,300.00171662359213,685688
0.4235294117647059,0.37254901960784315,0.30980392156862746,428.00244904965814,664159
0.12941176470588237,0.2235294117647059,0.1568627450980392,3022.0172921216513,139968
0.1411764705882353,0.22745098039215686,0.1568627450980392,224.00128174561547,77416
0.12549019607843137,0.23137254901960785,0.17254901960784313,36.000205994831056,99051
0.13333333333333333,0.24705882352941178,0.17254901960784313,773.0044231667891,46829
0.15294117647058825,0.24705882352941178,0.17254901960784313,380.00217438988335,143005
0.6274509803921569,0.5137254901960784,0.4,94.0005378753922,760170
0.6784313725490196,0.5058823529411764,0.38823529411764707,10.000057220786404,805471
0.6313725490196078,0.5294117647058824,0.3764705882352941,334.0019111742659,784992
0.6823529411764706,0.5411764705882353,0.3803921568627451,52.00029754808931,781930
0.6392156862745098,0.5098039215686274,0.40784313725490196,81.00046348836987,709311
0.6823529411764706,0.5019607843137255,0.4235294117647059,51.00029182601067,977948
0.6666666666666666,0.5568627450980392,0.4117647058823529,55.00031471432523,787065
0.14901960784313725,0.27058823529411763,0.19215686274509805,499.0028553172416,104215
0.17254901960784313,0.27450980392156865,0.19215686274509805,550.0031471432522,94835
0.14901960784313725,0.2823529411764706,0.18823529411764706,110.00062942865046,36634
0.13333333333333333,0.2784313725490196,0.24705882352941178,13.000074387022327,105896
0.1568627450980392,0.25882352941176473,0.24705882352941178,7.0000400545504835,100757
0.15294117647058825,0.2823529411764706,0.2235294117647059,4.000022888314562,144876
0.1568627450980392,0.2980392156862745,0.24313725490196078,9.000051498707764,178711
0.25098039215686274,0.3411764705882353,0.403921568627451,694.0039711225764,601725
0.2901960784313726,0.3215686274509804,0.38823529411764707,314.0017967326931,346617
0.2784313725490196,0.3568627450980392,0.403921568627451,213.00121880275043,295385
0.28627450980392155,0.3607843137254902,0.396078431372549,463.00264932241055,175599
0.2549019607843137,0.32941176470588235,0.40784313725490196,395.002260221063,623233
0.2901960784313726,0.33725490196078434,0.4235294117647059,90.00051498707764,211471
0.2549019607843137,0.34509803921568627,0.43137254901960786,568.0032501406678,267748
0.30980392156862746,0.3686274509803922,0.4196078431372549,561.0032100861173,365140
0.5058823529411764,0.5098039215686274,0.3333333333333333,532.0030441458367,366243
0.5294117647058824,0.5098039215686274,0.3215686274509804,169.00096703129023,95603
0.5098039215686274,0.5529411764705883,0.3411764705882353,330.00188828595134,265399
0.5568627450980392,0.5333333333333333,0.3176470588235294,575.0032901952183,31084
0.5137254901960784,0.5176470588235295,0.34901960784313724,799.0045719408338,472270
0.5333333333333333,0.5098039215686274,0.37254901960784315,35.000200272752416,703192
0.5058823529411764,0.5529411764705883,0.34509803921568627,507.0029010938707,272568
0.5333333333333333,0.5333333333333333,0.35294117647058826,345.00197411713094,95618
0.5843137254901961,0.5843137254901961,0.6431372549019608,403.00230599769213,959952
0.596078431372549,0.5803921568627451,0.6313725490196078,229.00131035600867,986631
0.5882352941176471,0.6078431372549019,0.6313725490196078,472.0027008211183,294497
0.615686274509804,0.6039215686274509,0.6431372549019608,558.0031929198814,1035962
0.5803921568627451,0.5803921568627451,0.6549019607843137,26.000148774044654,930621
0.6078431372549019,0.5607843137254902,0.6588235294117647,11.000062942865044,905027
0.5686274509803921,0.6,0.6588235294117647,781.0044689434183,912282
0.611764705882353,0.6196078431372549,0.6745098039215687,781.0044689434183,958907
0.5058823529411764,0.39215686274509803,0.2784313725490196,248.00141907550284,36945
0.5372549019607843,0.396078431372549,0.2627450980392157,82.00046921044851,787090
0.5058823529411764,0.4235294117647059,0.2784313725490196,103.00058937409997,67619
0.5294117647058824,0.4117647058823529,0.2784313725490196,47.0002689376961,749215
0.5019607843137255,0.38823529411764707,0.2823529411764706,709.004056953756,24662
0.5294117647058824,0.4,0.30196078431372547,47.0002689376961,19581
0.13333333333333333,0.19607843137254902,0.2627450980392157,440.0025177146018,440859
0.14901960784313725,0.2196078431372549,0.2549019607843137,26.000148774044654,384496
0.1843137254901961,0.2235294117647059,0.25882352941176473,445.002546324995,211429
0.12549019607843137,0.20784313725490197,0.2980392156862745,249.00142479758148,459306
0.1568627450980392,0.21568627450980393,0.30980392156862746,234.00133896640187,466499
0.15294117647058825,0.2196078431372549,0.2980392156862745,128.00073242606598,557695
0.16470588235294117,0.22745098039215686,0.28627450980392155,781.0044689434183,278909
0.4,0.3137254901960784,0.21568627450980393,58.00033188056115,720531
0.41568627450980394,0.3254901960784314,0.21568627450980393,48.000274659774746,772769
0.3803921568627451,0.3568627450980392,0.21568627450980393,1.0000057220786405,612080
0.41568627450980394,0.34509803921568627,0.20784313725490197,2.000011444157281,702167
0.4,0.34901960784313724,0.23529411764705882,68.00038910134755,14342
0.4117647058823529,0.34509803921568627,0.23921568627450981,564.0032272523532,16419
0.2235294117647059,0.09411764705882353,0.1843137254901961,36.000205994831056,891033
0.1450980392156863,0.11372549019607843,0.20392156862745098,10.000057220786404,875969
0.13725490196078433,0.2627450980392157,0.16862745098039217,1458.0083427906577,18226
0.15294117647058825,0.2627450980392157,0.16470588235294117,3421.019575231029,178008
0.13725490196078433,0.26666666666666666,0.1607843137254902,105.00060081825725,37706
0.1411764705882353,0.26666666666666666,0.1607843137254902,1982.0113411598654,5957
0.13333333333333333,0.2549019607843137,0.17254901960784313,1362.0077934711082,68374
0.1411764705882353,0.2627450980392157,0.17254901960784313,2387.0136586017147,1670
0.13333333333333333,0.26666666666666666,0.1803921568627451,146.0008354234815,13023
0.14901960784313725,0.26666666666666666,0.1803921568627451,1847.010568679249,1656
0.2,0.2901960784313726,0.1607843137254902,1279.007318538581,218056
0.20392156862745098,0.29411764705882354,0.1568627450980392,269.0015392391543,258016
0.19215686274509805,0.30980392156862746,0.16470588235294117,1199.0068607722899,348972
0.21568627450980393,0.3058823529411765,0.1607843137254902,1292.0073929256034,307179
0.19607843137254902,0.29411764705882354,0.17254901960784313,2963.0169545190115,377584
0.20392156862745098,0.28627450980392155,0.17254901960784313,398.00227738729893,382685
0.19607843137254902,0.2980392156862745,0.1803921568627451,2716.0155411655874,135716
0.21176470588235294,0.2980392156862745,0.17254901960784313,2492.014259419972,130536
0.792156862745098,0.8156862745098039,0.8196078431372549,128.00073242606598,965523
0.8,0.8156862745098039,0.8156862745098039,193.00110436117762,947163
0.788235294117647,0.8392156862745098,0.8196078431372549,20.00011444157281,265474
0.803921568627451,0.8274509803921568,0.8235294117647058,54.00030899224659,978911
0.796078431372549,0.8196078431372549,0.8352941176470589,2799.0160160981145,636092
0.7803921568627451,0.8274509803921568,0.8392156862745098,72.00041198966211,861447
0.807843137254902,0.8274509803921568,0.8392156862745098,522.0029869250503,678019
0.4627450980392157,0.5058823529411764,0.5764705882352941,264.0015106287611,892116
0.47058823529411764,0.5137254901960784,0.5725490196078431,282.0016136261766,871656
0.4666666666666667,0.5450980392156862,0.5882352941176471,463.00264932241055,219637
0.47058823529411764,0.5529411764705883,0.5607843137254902,395.002260221063,626302
0.4549019607843137,0.5019607843137255,0.592156862745098,241.00137902095236,973547
0.49411764705882355,0.5215686274509804,0.6078431372549019,260.0014877404465,939831
0.4470588235294118,0.5450980392156862,0.611764705882353,594.0033989147124,265781
0.49019607843137253,0.5529411764705883,0.6196078431372549,521.0029812029717,275924
0.5843137254901961,0.5843137254901961,0.5647058823529412,445.002546324995,419471
0.6,0.5647058823529412,0.5843137254901961,301.00172234567077,136507
0.5764705882352941,0.6196078431372549,0.5686274509803921,287.0016422365698,652989
0.611764705882353,0.6039215686274509,0.5725490196078431,371.0021228911756,444074
0.5843137254901961,0.5803921568627451,0.6039215686274509,303.00173378982805,915297
0.6039215686274509,0.5882352941176471,0.6,274.0015678495475,314603
0.5882352941176471,0.6,0.611764705882353,499.0028553172416,347730
0.596078431372549,0.615686274509804,0.6078431372549019,489.0027980964552,450175
0.5019607843137255,0.4392156862745098,0.27450980392156865,251.00143624173876,99331
0.5333333333333333,0.4392156862745098,0.27450980392156865,1.0000057220786405,153841
0.5019607843137255,0.4980392156862745,0.2784313725490196,767.0043888343172,186442
0.5333333333333333,0.49411764705882355,0.27450980392156865,57.00032615848251,1370
0.5137254901960784,0.4470588235294118,0.2823529411764706,340.00194550673774,95250
0.5529411764705883,0.4549019607843137,0.30980392156862746,582.0033302497687,766637
0.5215686274509804,0.49019607843137253,0.2823529411764706,207.0011844702786,135168
0.5333333333333333,0.49019607843137253,0.2901960784313726,761.0043545018453,124929
0.08235294117647059,0.12549019607843137,0.15294117647058825,9.000051498707764,828695
0.09019607843137255,0.1803921568627451,0.13333333333333333,78.00044632213395,112309
0.09803921568627451,0.1843137254901961,0.13333333333333333,436.00249482628726,82605
0.09019607843137255,0.12941176470588237,0.16470588235294117,95.00054359747084,429560
0.0784313725490196,0.1568627450980392,0.17647058823529413,1.0000057220786405,379445
0.12156862745098039,0.1568627450980392,0.1803921568627451,24.000137329887373,545336
0.24705882352941178,0.49411764705882355,0.6352941176470588,2.000011444157281,913348
0.15294117647058825,0.19215686274509805,0.21568627450980393,36.000205994831056,369091
0.1411764705882353,0.23921568627450981,0.20392156862745098,7.0000400545504835,154099
0.1803921568627451,0.2196078431372549,0.21176470588235294,3.0000171662359216,361851
0.14901960784313725,0.19607843137254902,0.24313725490196078,354.0020256158387,176552
0.15294117647058825,0.22745098039215686,0.2235294117647059,2.000011444157281,194084
0.1803921568627451,0.2196078431372549,0.24313725490196078,43.00024604938154,321877
0.5254901960784314,0.3215686274509804,0.27058823529411763,309.0017681222999,1046613
0.5333333333333333,0.3215686274509804,0.2627450980392157,768.0043945563959,880690
0.5058823529411764,0.34901960784313724,0.27058823529411763,48.000274659774746,862258
0.5568627450980392,0.34509803921568627,0.27450980392156865,110.00062942865046,1029120
0.5058823529411764,0.3176470588235294,0.29411764705882354,510.00291826010664,918644
0.5490196078431373,0.3411764705882353,0.2901960784313726,541.0030956445445,874536
0.5019607843137255,0.3568627450980392,0.30196078431372547,89.000509264999,932421
0.5411764705882353,0.34901960784313724,0.3058823529411765,507.0029010938707,1009921
0.13333333333333333,0.06274509803921569,0.023529411764705882,142.00081253516694,762594
0.1568627450980392,0.08235294117647059,0.027450980392156862,174.00099564168343,718543
0.1843137254901961,0.09411764705882353,0.011764705882352941,6.000034332471843,732888
0.1607843137254902,0.09019607843137255,0.054901960784313725,592.0033874705551,754386
0.15294117647058825,0.09411764705882353,0.054901960784313725,77.00044060005531,761535
0.1843137254901961,0.10980392156862745,0.058823529411764705,352.0020141716814,724661
0.25882352941176473,0.34509803921568627,0.13333333333333333,757.0043316135308,547770
0.27058823529411763,0.3568627450980392,0.13333333333333333,79.0004520442126,533414
0.2549019607843137,0.3607843137254902,0.13725490196078433,1180.0067520527957,551908
0.26666666666666666,0.3686274509803922,0.12549019607843137,895.0051212603832,489419
0.27058823529411763,0.35294117647058826,0.14901960784313725,2109.0120678638527,783264
0.2549019607843137,0.3686274509803922,0.1411764705882353,1118.00639728392,386038
0.27450980392156865,0.36470588235294116,0.1450980392156863,1547.008852055657,544663
0.4666666666666667,0.5215686274509804,0.3803921568627451,21.00012016365145,644857
0.4666666666666667,0.5372549019607843,0.38823529411764707,18.000102997415528,599293
0.4666666666666667,0.5137254901960784,0.4235294117647059,14.000080109100967,278775
0.4823529411764706,0.5058823529411764,0.43137254901960786,44.00025177146018,647791
0.45098039215686275,0.5450980392156862,0.41568627450980394,9.000051498707764,501456
0.4745098039215686,0.5372549019607843,0.42745098039215684,26.000148774044654,285937
0.6941176470588235,0.6470588235294118,0.6862745098039216,103.00058937409997,1017374
0.7215686274509804,0.6509803921568628,0.6862745098039216,1.0000057220786405,944428
0.7333333333333333,0.6705882352941176,0.6901960784313725,540.0030899224658,941327
0.6862745098039216,0.6823529411764706,0.7176470588235294,415.0023746626358,997870
0.7176470588235294,0.6823529411764706,0.7176470588235294,19.00010871949417,1009164
0.6901960784313725,0.5764705882352941,0.5019607843137255,145.00082970140286,850970
0.7450980392156863,0.5725490196078431,0.5019607843137255,258.00147629628924,979133
0.7450980392156863,0.596078431372549,0.5137254901960784,23.00013160780873,1008756
0.7019607843137254,0.5725490196078431,0.5450980392156862,523.002992647129,983186
0.7372549019607844,0.5803921568627451,0.5490196078431373,333.00190545218726,931880
0.7137254901960784,0.592156862745098,0.5568627450980392,82.00046921044851,912549
0.7176470588235294,0.592156862745098,0.5372549019607843,108.00061798449318,1025114
0.5058823529411764,0.3333333333333333,0.3215686274509804,443.00253488083774,995499
0.5450980392156862,0.3411764705882353,0.3137254901960784,127.00072670398734,998712
0.5254901960784314,0.36470588235294116,0.3176470588235294,345.00197411713094,1018953
0.5411764705882353,0.35294117647058826,0.32941176470588235,754.0043144472949,1004778
0.5098039215686274,0.3333333333333333,0.34901960784313724,110.00062942865046,927930
0.5294117647058824,0.33725490196078434,0.34509803921568627,23.00013160780873,924837
0.5254901960784314,0.3607843137254902,0.3568627450980392,333.00190545218726,991384
0.5372549019607843,0.35294117647058826,0.3686274509803922,573.003278751061,976404
0.5019607843137255,0.403921568627451,0.3137254901960784,293.00167656904165,766349
0.5450980392156862,0.4,0.3411764705882353,150.00085831179607,942645
0.5215686274509804,0.42745098039215684,0.33725490196078434,486.0027809302193,562423
0.5529411764705883,0.43529411764705883,0.3215686274509804,447.0025577691523,27757
0.5215686274509804,0.3764705882352941,0.37254901960784315,138.00078964685238,938161
0.5529411764705883,0.3803921568627451,0.36470588235294116,669.0038280706104,908424
0.5176470588235295,0.40784313725490196,0.34901960784313724,240.00137329887372,896601
0.5568627450980392,0.43529411764705883,0.34901960784313724,228.00130463393003,922108
0.5882352941176471,0.5607843137254902,0.3254901960784314,549.0031414211736,187553
0.596078431372549,0.5725490196078431,0.33725490196078434,312.0017852885358,187577
0.5725490196078431,0.592156862745098,0.3411764705882353,1.0000057220786405,911301
0.6078431372549019,0.596078431372549,0.3333333333333333,5.000028610393202,920541
0.5882352941176471,0.5607843137254902,0.37254901960784315,354.0020256158387,180479
0.5803921568627451,0.6039215686274509,0.35294117647058826,3.0000171662359216,904115
0.6078431372549019,0.592156862745098,0.37254901960784315,38.00021743898834,196800
0.6862745098039216,0.6274509803921569,0.6509803921568628,341.0019512288164,1009212
0.7294117647058823,0.6470588235294118,0.6470588235294118,214.00122452482907,928146
0.7019607843137254,0.6549019607843137,0.6235294117647059,304.0017395119067,332007
0.7333333333333333,0.6666666666666666,0.6470588235294118,203.00116158196403,292094
0.6862745098039216,0.6313725490196078,0.6549019607843137,528.0030212575222,1003059
0.7372549019607844,0.6509803921568628,0.6627450980392157,52.00029754808931,959788
0.6901960784313725,0.6745098039215687,0.6784313725490196,549.0031414211736,114012
0.7333333333333333,0.6588235294117647,0.6549019607843137,390.0022316106698,922864
0.7176470588235294,0.7529411764705882,0.7803921568627451,1529.0087490582412,804093
0.7333333333333333,0.7568627450980392,0.7803921568627451,919.0052585902706,1041164
0.7294117647058823,0.7725490196078432,0.792156862745098,257.0014705742106,878143
0.7411764705882353,0.7725490196078432,0.792156862745098,1189.0068035515035,874062
0.7176470588235294,0.7607843137254902,0.796078431372549,723.004137062857,749652
0.7333333333333333,0.7568627450980392,0.796078431372549,289.0016536807271,956755
0.7215686274509804,0.7686274509803922,0.807843137254902,3087.0176640567634,710671
0.7411764705882353,0.7764705882352941,0.807843137254902,2303.013177947109,742602
0.13333333333333333,0.2235294117647059,0.13725490196078433,282.0016136261766,231132
0.14901960784313725,0.2196078431372549,0.13725490196078433,132.00075531438054,286440
0.12549019607843137,0.24313725490196078,0.13333333333333333,739.0042286161153,51144
0.1411764705882353,0.24705882352941178,0.13725490196078433,38.00021743898834,67577
0.13333333333333333,0.2235294117647059,0.14901960784313725,2736.01565560716,64104
0.1450980392156863,0.22745098039215686,0.1450980392156863,2353.013464051041,265980
0.13333333333333333,0.24705882352941178,0.15294117647058825,1448.0082855698713,16347
0.14901960784313725,0.23921568627450981,0.14901960784313725,2499.0142994745224,279332
0.2784313725490196,0.25098039215686274,0.21176470588235294,104.00059509617861,450980
0.30196078431372547,0.26666666666666666,0.21568627450980393,582.0033302497687,695948
0.25098039215686274,0.3058823529411765,0.2,246.00140763134556,615161
0.29411764705882354,0.3058823529411765,0.21176470588235294,36.000205994831056,543454
0.27058823529411763,0.2627450980392157,0.24313725490196078,511.0029239821853,659028
0.30196078431372547,0.2627450980392157,0.22745098039215686,855.0048923772376,446704
0.27450980392156865,0.2823529411764706,0.23529411764705882,71.00040626758347,421130
0.2980392156862745,0.2901960784313726,0.2196078431372549,117.00066948320094,684775
0.6627450980392157,0.7529411764705882,0.6705882352941176,2.000011444157281,717578
0.7176470588235294,0.7568627450980392,0.6549019607843137,35.000200272752416,490717
0.6745098039215687,0.7490196078431373,0.7372549019607844,44.00025177146018,570051
0.7372549019607844,0.8196078431372549,0.7411764705882353,2.000011444157281,712453
0.3764705882352941,0.4588235294117647,0.20784313725490197,4.000022888314562,526154
0.396078431372549,0.49411764705882355,0.21568627450980393,1.0000057220786405,483149
0.4235294117647059,0.47058823529411764,0.24313725490196078,169.00096703129023,237685
0.3137254901960784,0.39215686274509803,0.4470588235294118,432.0024719379727,373307
0.34901960784313724,0.403921568627451,0.45098039215686275,206.00117874819995,290150
0.3411764705882353,0.41568627450980394,0.4392156862745098,354.0020256158387,521743
0.35294117647058826,0.43529411764705883,0.4666666666666667,420.002403273029,220620
0.3333333333333333,0.3843137254901961,0.48627450980392156,152.00086975595335,253480
0.34901960784313724,0.3764705882352941,0.47058823529411764,70.00040054550483,165160
0.3137254901960784,0.43137254901960786,0.47058823529411764,523.002992647129,564854
0.35294117647058826,0.43529411764705883,0.47843137254901963,344.0019683950523,511512
0.3411764705882353,0.3176470588235294,0.3176470588235294,429.0024547717368,246090
0.36470588235294116,0.3333333333333333,0.3176470588235294,209.00119591443587,570059
0.3411764705882353,0.3607843137254902,0.3333333333333333,158.0009040884252,582338
0.36470588235294116,0.3607843137254902,0.3333333333333333,340.00194550673774,687758
0.3254901960784314,0.33725490196078434,0.35294117647058826,383.00219155611927,328179
0.34901960784313724,0.33725490196078434,0.36470588235294116,101.0005779299427,410090
0.3215686274509804,0.3568627450980392,0.34901960784313724,447.0025577691523,527908
0.36470588235294116,0.37254901960784315,0.36470588235294116,422.0024147171863,282913
0.6392156862745098,0.4549019607843137,0.4392156862745098,154.00088120011063,888918
0.6666666666666666,0.4588235294117647,0.4392156862745098,4.000022888314562,947440
0.6549019607843137,0.49411764705882355,0.4392156862745098,513.0029354263426,891983
0.6235294117647059,0.4666666666666667,0.4745098039215686,15.000085831179607,969956
0.6313725490196078,0.49411764705882355,0.47843137254901963,406.00232316392805,1045854
0.6627450980392157,0.4980392156862745,0.47843137254901963,80.00045776629123,981147
0.2627450980392157,0.13333333333333333,0.1411764705882353,154.00088120011063,954552
0.30196078431372547,0.1411764705882353,0.12941176470588237,98.00056076370677,901268
0.25098039215686274,0.1843137254901961,0.1411764705882353,649.0037136290376,623946
0.29411764705882354,0.16470588235294117,0.13333333333333333,682.0039024576328,939635
0.25098039215686274,0.14901960784313725,0.1568627450980392,30.000171662359215,932596
0.29411764705882354,0.1411764705882353,0.1803921568627451,24.000137329887373,920737
0.27058823529411763,0.17254901960784313,0.16862745098039217,235.00134468848051,813425
0.2901960784313726,0.16862745098039217,0.1568627450980392,592.0033874705551,945627
0.29411764705882354,0.17254901960784313,0.25882352941176473,4.000022888314562,892467
0.26666666666666666,0.24313725490196078,0.32941176470588235,37.000211716909696,855358
0.33725490196078434,0.23529411764705882,0.3137254901960784,4.000022888314562,861410
0.3803921568627451,0.27450980392156865,0.2549019607843137,336.0019226184232,890241
0.4235294117647059,0.25882352941176473,0.2627450980392157,496.0028381510057,1016100
0.3803921568627451,0.3058823529411765,0.25098039215686274,258.00147629628924,517363
0.43529411764705883,0.30196078431372547,0.2627450980392157,782.0044746654969,909722
0.3803921568627451,0.2627450980392157,0.30196078431372547,152.00086975595335,944310
0.43529411764705883,0.2784313725490196,0.2980392156862745,87.00049782084172,912772
0.38823529411764707,0.2823529411764706,0.2901960784313726,101.0005779299427,961190
0.43529411764705883,0.2823529411764706,0.2823529411764706,219.00125313522227,987760
0.20392156862745098,0.2549019607843137,0.2784313725490196,53.00030327016795,634508
0.24313725490196078,0.26666666666666666,0.2784313725490196,681.0038967355541,509426
0.20784313725490197,0.30196078431372547,0.2627450980392157,5.000028610393202,193057
0.22745098039215686,0.30980392156862746,0.2549019607843137,25.000143051966013,551655
0.20392156862745098,0.27450980392156865,0.30980392156862746,538.0030784783086,314742
0.21568627450980393,0.2823529411764706,0.30196078431372547,9.000051498707764,190956
0.24313725490196078,0.2823529411764706,0.2901960784313726,119.00068092735822,293144
0.8352941176470589,0.8745098039215686,0.8823529411764706,208.00119019235723,882128
0.8196078431372549,0.9137254901960784,0.9019607843137255,14.000080109100967,154095
0.8549019607843137,0.9058823529411765,0.8980392156862745,72.00041198966211,885198
0.8196078431372549,0.8784313725490196,0.9058823529411765,27.000154496123294,292326
0.8705882352941177,0.8901960784313725,0.9058823529411765,209.00119591443587,819546
0.8156862745098039,0.9215686274509803,0.9294117647058824,31.000177384437855,871979
0.8705882352941177,0.9098039215686274,0.9176470588235294,119.00068092735822,798257
0.5215686274509804,0.5725490196078431,0.4392156862745098,19.00010871949417,579711
0.5254901960784314,0.6,0.4470588235294118,5.000028610393202,132585
0.5568627450980392,0.6,0.4392156862745098,288.00164795864845,596139
0.5176470588235295,0.5647058823529412,0.48627450980392156,19.00010871949417,618197
0.5372549019607843,0.5764705882352941,0.47058823529411764,77.00044060005531,286960
0.5019607843137255,0.6,0.48627450980392156,7.0000400545504835,692958
0.5333333333333333,0.592156862745098,0.48627450980392156,81.00046348836987,557121
0.7647058823529411,0.6941176470588235,0.7058823529411765,468.00267793280375,925947
0.7843137254901961,0.7137254901960784,0.7098039215686275,101.0005779299427,946471
0.7490196078431373,0.7372549019607844,0.7098039215686275,286.00163651449117,111944
0.788235294117647,0.7372549019607844,0.6901960784313725,233.00133324432323,460472
0.7529411764705882,0.7137254901960784,0.7176470588235294,244.00139618718828,1045005
0.7803921568627451,0.7137254901960784,0.7215686274509804,10.000057220786404,929015
0.7568627450980392,0.7215686274509804,0.7450980392156863,689.0039425121832,899408
0.7843137254901961,0.7450980392156863,0.7333333333333333,258.00147629628924,847909
0.26666666666666666,0.3764705882352941,0.4627450980392157,248.00141907550284,265703
0.30980392156862746,0.39215686274509803,0.44313725490196076,596.0034103588697,567914
0.27450980392156865,0.43137254901960786,0.44313725490196076,8.000045776629124,217656
0.30980392156862746,0.4117647058823529,0.4627450980392157,111.0006351507291,615044
0.27450980392156865,0.3803921568627451,0.47058823529411764,441.00252343668046,256513
0.30196078431372547,0.38823529411764707,0.4823529411764706,438.00250627044454,359941
0.25098039215686274,0.4117647058823529,0.49411764705882355,57.00032615848251,253454
0.2980392156862745,0.4117647058823529,0.4745098039215686,356.002037059996,579200
0.3333333333333333,0.4549019607843137,0.5098039215686274,367.002100002861,598713
0.35294117647058826,0.4588235294117647,0.5215686274509804,419.0023975509504,357888
0.3137254901960784,0.47058823529411764,0.5098039215686274,30.000171662359215,562809
0.34901960784313724,0.47058823529411764,0.5215686274509804,142.00081253516694,572080
0.3411764705882353,0.4588235294117647,0.5372549019607843,431.00246621589406,952272
0.3568627450980392,0.4666666666666667,0.5372549019607843,276.00157929370476,574113
0.32941176470588235,0.49019607843137253,0.5294117647058824,147.00084114556014,488005
0.3686274509803922,0.4823529411764706,0.5372549019607843,442.0025291587591,354826
0.7490196078431373,0.5490196078431373,0.5019607843137255,1.0000057220786405,1005682
0.8156862745098039,0.611764705882353,0.5490196078431373,1.0000057220786405,956561
0.7529411764705882,0.6039215686274509,0.5803921568627451,218.00124741314363,1047729
0.8274509803921568,0.615686274509804,0.5647058823529412,1.0000057220786405,956562
0.403921568627451,0.5058823529411764,0.5882352941176471,468.00267793280375,938954
0.41568627450980394,0.5215686274509804,0.5882352941176471,489.0027980964552,398844
0.3764705882352941,0.5333333333333333,0.5803921568627451,72.00041198966211,493165
0.4117647058823529,0.5372549019607843,0.5803921568627451,284.0016250703339,444991
0.403921568627451,0.5215686274509804,0.592156862745098,172.00098419752615,275984
0.41568627450980394,0.5215686274509804,0.611764705882353,156.0008926442679,897570
0.4,0.5333333333333333,0.6,179.00102425207663,547491
0.43529411764705883,0.5529411764705883,0.615686274509804,424.0024261613436,427549
0.5098039215686274,0.5843137254901961,0.5882352941176471,304.0017395119067,605885
0.5333333333333333,0.5607843137254902,0.5686274509803921,464.0026550444892,316011
0.5215686274509804,0.6078431372549019,0.5764705882352941,35.000200272752416,518867
0.5450980392156862,0.596078431372549,0.5725490196078431,128.00073242606598,637620
0.5137254901960784,0.5607843137254902,0.596078431372549,438.00250627044454,283087
0.5333333333333333,0.5764705882352941,0.6,327.0018711197154,275828
0.5176470588235295,0.6,0.6039215686274509,165.00094414297567,386565
0.5294117647058824,0.6078431372549019,0.611764705882353,372.00212861325423,589484
0.25098039215686274,0.1411764705882353,0.06666666666666667,460.0026321561746,892736
0.29411764705882354,0.14901960784313725,0.07058823529411765,183.0010471403912,873278
0.25098039215686274,0.1607843137254902,0.08627450980392157,56.00032043640387,796332
0.2901960784313726,0.1607843137254902,0.0784313725490196,189.00108147286304,859833
0.25098039215686274,0.1450980392156863,0.10588235294117647,349.0019970054455,901789
0.28627450980392155,0.15294117647058825,0.11764705882352941,53.00030327016795,921208
0.25098039215686274,0.1607843137254902,0.11764705882352941,427.0024433275795,735937
0.30980392156862746,0.1803921568627451,0.10980392156862745,464.0026550444892,799383
0.5254901960784314,0.4549019607843137,0.3254901960784314,141.0008068130883,694967
0.5529411764705883,0.45098039215686275,0.3411764705882353,829.004743603193,724337
0.5098039215686274,0.47843137254901963,0.33725490196078434,15.000085831179607,184599
0.5529411764705883,0.49019607843137253,0.3411764705882353,181.0010356962339,708253
0.5058823529411764,0.45098039215686275,0.3607843137254902,268.00153351707564,236848
0.5490196078431373,0.4392156862745098,0.34901960784313724,424.0024261613436,764293
0.5254901960784314,0.49411764705882355,0.3568627450980392,95.00054359747084,558815
0.5568627450980392,0.4745098039215686,0.36470588235294116,188.0010757507844,193862
0.3803921568627451,0.396078431372549,0.38823529411764707,353.00201989376006,300303
0.4117647058823529,0.38823529411764707,0.3843137254901961,166.0009498650543,471727
0.3764705882352941,0.4117647058823529,0.39215686274509803,179.00102425207663,659078
0.4235294117647059,0.4117647058823529,0.4,269.0015392391543,404104
0.396078431372549,0.3843137254901961,0.42745098039215684,304.0017395119067,331353
0.4117647058823529,0.3803921568627451,0.40784313725490196,110.00062942865046,438923
0.38823529411764707,0.43529411764705883,0.43529411764705883,417.0023861067931,301445
0.43137254901960786,0.4235294117647059,0.41568627450980394,335.00191689634454,354613
0.2235294117647059,0.3176470588235294,0.19215686274509805,1569.008977941387,124428
0.24705882352941178,0.3254901960784314,0.19607843137254902,341.0019512288164,346823
0.23137254901960785,0.3411764705882353,0.2,2048.0117188170557,60907
0.23921568627450981,0.33725490196078434,0.19215686274509805,863.0049381538668,246726
0.22745098039215686,0.3215686274509804,0.20392156862745098,301.00172234567077,478954
0.23921568627450981,0.3215686274509804,0.21568627450980393,337.0019283405018,531184
0.2196078431372549,0.32941176470588235,0.21176470588235294,1780.01018529998,135736
0.23529411764705882,0.3411764705882353,0.21176470588235294,1266.0072441515588,121356
0.3803921568627451,0.4470588235294118,0.5058823529411764,278.00159073786205,144853
0.43137254901960786,0.4666666666666667,0.5137254901960784,123.00070381567278,353891
0.3764705882352941,0.47058823529411764,0.5058823529411764,285.0016307924125,167400
0.4235294117647059,0.4980392156862745,0.5254901960784314,330.00188828595134,155098
0.403921568627451,0.4549019607843137,0.5568627450980392,145.00082970140286,965349
0.4196078431372549,0.44313725490196076,0.5411764705882353,192.00109863909898,369164
0.38823529411764707,0.48627450980392156,0.5450980392156862,466.00266648864647,212512
0.43137254901960786,0.47058823529411764,0.5568627450980392,287.0016422365698,978638
0.2901960784313726,0.3803921568627451,0.16470588235294117,2073.0118618690217,760662
0.30196078431372547,0.38823529411764707,0.16862745098039217,611.0034961900493,537412
0.2823529411764706,0.39215686274509803,0.16862745098039217,650.0037193511163,397251
0.3058823529411765,0.396078431372549,0.1568627450980392,744.0042572265085,526188
0.28627450980392155,0.3803921568627451,0.1803921568627451,1748.0100021934636,738039
0.30196078431372547,0.3764705882352941,0.17647058823529413,1304.007461590547,595807
0.2823529411764706,0.396078431372549,0.1843137254901961,719.0041141745425,375677
0.2980392156862745,0.4,0.17647058823529413,539.0030842003872,493364
0.4392156862745098,0.4470588235294118,0.4588235294117647,320.00183106516494,367212
0.4980392156862745,0.4588235294117647,0.4549019607843137,175.00100136376207,451239
0.4549019607843137,0.4823529411764706,0.4470588235294118,194.00111008325626,313665
0.4980392156862745,0.47058823529411764,0.45098039215686275,230.0013160780873,305429
0.4549019607843137,0.4666666666666667,0.47843137254901963,260.0014877404465,385655
0.49019607843137253,0.4470588235294118,0.4745098039215686,122.00069809359414,271806
0.4627450980392157,0.47058823529411764,0.4745098039215686,429.0024547717368,319794
0.47058823529411764,0.49411764705882355,0.49019607843137253,341.0019512288164,369256
0.09019607843137255,0.06274509803921569,0.027450980392156862,2.000011444157281,677578
0.12156862745098039,0.06274509803921569,0.023529411764705882,5.000028610393202,739024
0.08235294117647059,0.06274509803921569,0.058823529411764705,516.0029525925785,583029
0.5058823529411764,0.5137254901960784,0.5019607843137255,255.00145913005332,424545
0.5333333333333333,0.5215686274509804,0.5098039215686274,182.00104141831255,328318
0.5137254901960784,0.5411764705882353,0.5215686274509804,216.00123596898635,651947
0.5490196078431373,0.5333333333333333,0.5215686274509804,278.00159073786205,129441
0.5058823529411764,0.5137254901960784,0.5294117647058824,165.00094414297567,364168
0.5529411764705883,0.5215686274509804,0.5372549019607843,118.00067520527958,859309
0.5254901960784314,0.5450980392156862,0.5529411764705883,419.0023975509504,144659
0.5333333333333333,0.5568627450980392,0.5529411764705883,422.0024147171863,138675
0.25882352941176473,0.27450980392156865,0.3137254901960784,176.0010070858407,271782
0.30980392156862746,0.25098039215686274,0.3254901960784314,45.00025749353882,938760
0.26666666666666666,0.29411764705882354,0.3137254901960784,748.004280114823,326079
0.28627450980392155,0.30196078431372547,0.3215686274509804,427.0024433275795,289034
0.25098039215686274,0.2784313725490196,0.36470588235294116,28.000160218201934,120202
0.29411764705882354,0.2784313725490196,0.3568627450980392,19.00010871949417,895525
0.25098039215686274,0.30196078431372547,0.3568627450980392,445.002546324995,330115
0.28627450980392155,0.30980392156862746,0.35294117647058826,147.00084114556014,340439
0.3803921568627451,0.403921568627451,0.21176470588235294,33.000188828595135,197640
0.43529411764705883,0.38823529411764707,0.18823529411764706,8.000045776629124,721628
0.3803921568627451,0.4196078431372549,0.21568627450980393,178.001018529998,217172
0.4235294117647059,0.4196078431372549,0.21176470588235294,14.000080109100967,866143
0.39215686274509803,0.396078431372549,0.22745098039215686,48.000274659774746,241235
0.4196078431372549,0.3803921568627451,0.2235294117647059,2.000011444157281,611055
0.42745098039215684,0.43529411764705883,0.23529411764705882,314.0017967326931,190494
0.6980392156862745,0.5803921568627451,0.44313725490196076,21.00012016365145,788089
0.7450980392156863,0.5686274509803921,0.4470588235294118,9.000051498707764,864069
0.6980392156862745,0.596078431372549,0.4470588235294118,48.000274659774746,704844
0.7411764705882353,0.611764705882353,0.4588235294117647,12.000068664943687,792171
0.6862745098039216,0.5843137254901961,0.4823529411764706,24.000137329887373,595688
0.7333333333333333,0.5647058823529412,0.4980392156862745,76.00043487797667,983232
0.7176470588235294,0.611764705882353,0.48627450980392156,13.000074387022327,709966
0.25098039215686274,0.3176470588235294,0.32941176470588235,153.000875478032,408166
0.3058823529411765,0.3215686274509804,0.3411764705882353,507.0029010938707,636551
0.25882352941176473,0.36470588235294116,0.3411764705882353,4.000022888314562,656111
0.28627450980392155,0.36470588235294116,0.3176470588235294,44.00025177146018,241232
0.2627450980392157,0.32941176470588235,0.3607843137254902,490.00280381853383,339293
0.3058823529411765,0.3333333333333333,0.34901960784313724,628.0035934653862,146805
0.27058823529411763,0.34509803921568627,0.3568627450980392,26.000148774044654,346509
0.29411764705882354,0.3568627450980392,0.37254901960784315,166.0009498650543,372302
0.45098039215686275,0.5019607843137255,0.26666666666666666,227.0012989118514,256150
0.4823529411764706,0.5098039215686274,0.26666666666666666,516.0029525925785,221332
0.48627450980392156,0.5294117647058824,0.2784313725490196,7.0000400545504835,235687
0.4627450980392157,0.5215686274509804,0.29411764705882354,493.00282098476976,264357
0.48627450980392156,0.5098039215686274,0.3058823529411765,485.00277520814063,56723
0.49019607843137253,0.5294117647058824,0.2901960784313726,257.0014705742106,241824
0.5882352941176471,0.4666666666666667,0.4392156862745098,112.00064087280774,1005861
0.6,0.4588235294117647,0.4392156862745098,803.0045948291483,1044935
0.5686274509803921,0.49411764705882355,0.4392156862745098,104.00059509617861,893358
0.615686274509804,0.4823529411764706,0.4666666666666667,537.0030727562299,975102
0.5607843137254902,0.4627450980392157,0.4745098039215686,63.00036049095435,911471
0.6078431372549019,0.4666666666666667,0.47843137254901963,55.00031471432523,984369
0.5607843137254902,0.47058823529411764,0.47843137254901963,87.00049782084172,863322
0.6,0.47843137254901963,0.47843137254901963,191.00109291702032,951510
0.4666666666666667,0.403921568627451,0.3254901960784314,306.001750956064,526580
0.47058823529411764,0.396078431372549,0.3333333333333333,442.0025291587591,514293
0.45098039215686275,0.43137254901960786,0.32941176470588235,187.00107002870575,670316
0.47058823529411764,0.43137254901960786,0.3176470588235294,377.00215722364743,698991
0.4627450980392157,0.396078431372549,0.34509803921568627,140.00080109100966,345335
0.49019607843137253,0.4,0.34901960784313724,111.0006351507291,889223
0.44313725490196076,0.43529411764705883,0.3568627450980392,188.0010757507844,600624
0.49019607843137253,0.4196078431372549,0.34901960784313724,194.00111008325626,451824
0.6470588235294118,0.5764705882352941,0.5882352941176471,204.00116730404267,981515
0.6627450980392157,0.5882352941176471,0.5607843137254902,227.0012989118514,658717
0.6352941176470588,0.615686274509804,0.5882352941176471,254.00145340797468,449197
0.6549019607843137,0.6039215686274509,0.5686274509803921,204.00116730404267,778614
0.6235294117647059,0.5764705882352941,0.615686274509804,217.001241691065,817212
0.6588235294117647,0.5764705882352941,0.615686274509804,129.00073814814462,952742
0.6392156862745098,0.592156862745098,0.596078431372549,345.00197411713094,909120
0.6666666666666666,0.6,0.6078431372549019,364.0020828366251,1017435
0.396078431372549,0.4627450980392157,0.4666666666666667,241.00137902095236,622265
0.43529411764705883,0.4392156862745098,0.4470588235294118,410.0023460522426,371308
0.403921568627451,0.47843137254901963,0.44313725490196076,20.00011444157281,646805
0.43137254901960786,0.47058823529411764,0.4392156862745098,102.00058365202133,499392
0.38823529411764707,0.4627450980392157,0.49411764705882355,442.0025291587591,312656
0.4196078431372549,0.4549019607843137,0.47843137254901963,339.0019397846591,311828
0.396078431372549,0.47058823529411764,0.4823529411764706,106.0006065403359,559801
0.43529411764705883,0.48627450980392156,0.48627450980392156,280.0016021820193,475794
0.13333333333333333,0.25098039215686274,0.13725490196078433,298.00170517943485,66498
0.14901960784313725,0.25882352941176473,0.13725490196078433,141.0008068130883,99265
0.13725490196078433,0.26666666666666666,0.13725490196078433,1.0000057220786405,102307
0.1450980392156863,0.26666666666666666,0.13725490196078433,24.000137329887373,105399
0.13725490196078433,0.25882352941176473,0.1411764705882353,1280.0073242606597,44962
0.14901960784313725,0.2627450980392157,0.14901960784313725,2385.0136471575574,46059
0.13725490196078433,0.26666666666666666,0.1450980392156863,144.00082397932422,80751
0.1450980392156863,0.27058823529411763,0.15294117647058825,3361.019231906311,66393
0.4588235294117647,0.5176470588235295,0.5058823529411764,239.00136757679508,491196
0.4823529411764706,0.5176470588235295,0.5176470588235295,366.0020942807824,394741
0.4627450980392157,0.5450980392156862,0.5098039215686274,27.000154496123294,100735
0.4823529411764706,0.5333333333333333,0.5215686274509804,130.00074387022326,295342
0.4549019607843137,0.5254901960784314,0.5529411764705883,353.00201989376006,285241
0.47843137254901963,0.5254901960784314,0.5490196078431373,273.00156212746884,287331
0.44313725490196076,0.5333333333333333,0.5490196078431373,164.00093842089703,380404
0.49019607843137253,0.5529411764705883,0.5568627450980392,337.0019283405018,455295
0.6470588235294118,0.5411764705882353,0.3058823529411765,58.00033188056115,802598
0.7137254901960784,0.5019607843137255,0.28627450980392155,37.000211716909696,851568
0.6352941176470588,0.5764705882352941,0.30980392156862746,9.000051498707764,778000
0.6392156862745098,0.5137254901960784,0.3686274509803922,161.0009212546611,780902
0.7254901960784313,0.5176470588235295,0.33725490196078434,92.00052643123492,797304
0.6235294117647059,0.5843137254901961,0.37254901960784315,87.00049782084172,172200
0.6941176470588235,0.6039215686274509,0.35294117647058826,28.000160218201934,782099
0.4549019607843137,0.27450980392156865,0.2549019607843137,298.00170517943485,999664
0.49411764705882355,0.27058823529411763,0.2627450980392157,92.00052643123492,941512
0.4588235294117647,0.28627450980392155,0.27058823529411763,306.001750956064,1045795
0.48627450980392156,0.30196078431372547,0.2784313725490196,393.00224877690573,1003767
0.4666666666666667,0.2784313725490196,0.2823529411764706,85.00048637668444,977162
0.47058823529411764,0.26666666666666666,0.28627450980392155,14.000080109100967,958721
0.44313725490196076,0.29411764705882354,0.2823529411764706,312.0017852885358,987753
0.47058823529411764,0.30196078431372547,0.3058823529411765,371.0021228911756,962750
0.3803921568627451,0.21176470588235294,0.21176470588235294,141.0008068130883,886886
0.41568627450980394,0.21568627450980393,0.2,20.00011444157281,894068
0.3803921568627451,0.23137254901960785,0.20392156862745098,605.0034618575775,966226
0.43529411764705883,0.2196078431372549,0.21568627450980393,249.00142479758148,931029
0.3803921568627451,0.21568627450980393,0.2196078431372549,31.000177384437855,922423
0.40784313725490196,0.20784313725490197,0.2196078431372549,11.000062942865044,935136
0.3803921568627451,0.24705882352941178,0.2196078431372549,560.0032043640387,941226
0.4196078431372549,0.24705882352941178,0.22745098039215686,237.0013561326378,918356
0.3411764705882353,0.3843137254901961,0.4,206.00117874819995,401021
0.3568627450980392,0.396078431372549,0.3843137254901961,428.00244904965814,353713
0.32941176470588235,0.40784313725490196,0.403921568627451,4.000022888314562,414312
0.37254901960784315,0.42745098039215684,0.396078431372549,61.00034904679707,354567
0.3254901960784314,0.3803921568627451,0.4235294117647059,418.00239182887174,301505
0.35294117647058826,0.38823529411764707,0.4117647058823529,473.00270654319695,391782
0.3333333333333333,0.4196078431372549,0.4117647058823529,50.00028610393203,410216
0.34901960784313724,0.4196078431372549,0.43529411764705883,211.00120735859315,371278
0.12941176470588237,0.10588235294117647,0.09411764705882353,889.0050869279114,500048
0.1411764705882353,0.10588235294117647,0.09411764705882353,48.000274659774746,610672
0.12549019607843137,0.11372549019607843,0.09803921568627451,2177.0124569652003,563697
0.14901960784313725,0.12156862745098039,0.10196078431372549,1808.010345518182,637415
0.12549019607843137,0.09803921568627451,0.12156862745098039,93.00053215331356,894491
0.1450980392156863,0.10588235294117647,0.12156862745098039,30.000171662359215,616151
0.12549019607843137,0.11764705882352941,0.11372549019607843,1466.0083885672868,554440
0.1450980392156863,0.11764705882352941,0.10980392156862745,724.0041427849357,687605
0.2196078431372549,0.3137254901960784,0.1607843137254902,1222.0069923800986,332759
0.23529411764705882,0.3254901960784314,0.1568627450980392,174.00099564168343,337898
0.2196078431372549,0.3411764705882353,0.16470588235294117,470.00268937696103,389928
0.23529411764705882,0.3333333333333333,0.16470588235294117,1074.0061455124599,217080
0.2235294117647059,0.3254901960784314,0.1843137254901961,1614.0092354349258,288442
0.23921568627450981,0.3137254901960784,0.1843137254901961,90.00051498707764,347840
0.22745098039215686,0.3411764705882353,0.1803921568627451,1322.0075645879626,340822
0.24313725490196078,0.3411764705882353,0.1843137254901961,1158.0066261670656,323511
0.8941176470588236,0.8980392156862745,0.9019607843137255,487.0027866522979,861859
0.8941176470588236,0.9098039215686274,0.8980392156862745,120.00068664943686,279803
0.9254901960784314,0.9294117647058824,0.9019607843137255,28.000160218201934,314599
0.8901960784313725,0.9019607843137255,0.9098039215686274,333.00190545218726,856733
0.8823529411764706,0.9215686274509803,0.9137254901960784,703.0040226212842,840076
0.9058823529411765,0.9176470588235294,0.9215686274509803,99.00056648578541,813627
0.8196078431372549,0.8274509803921568,0.8784313725490196,9.000051498707764,881848
0.8588235294117647,0.8352941176470589,0.8745098039215686,1.0000057220786405,840339
0.8509803921568627,0.8705882352941177,0.8862745098039215,743.0042515044298,747853
0.8274509803921568,0.8627450980392157,0.9058823529411765,3.0000171662359216,845458
0.8588235294117647,0.8705882352941177,0.9058823529411765,3.0000171662359216,841364
0.18823529411764706,0.3137254901960784,0.16470588235294117,1110.006351507291,117750
0.21176470588235294,0.3176470588235294,0.16470588235294117,732.0041885615648,199650
0.2,0.32941176470588235,0.16862745098039217,50.00028610393203,146409
0.21568627450980393,0.3333333333333333,0.16862745098039217,403.00230599769213,175098
0.2,0.3137254901960784,0.1843137254901961,1150.0065803904365,18951
0.20784313725490197,0.3176470588235294,0.1803921568627451,2008.01148993391,300898
0.19607843137254902,0.33725490196078434,0.1803921568627451,701.0040111771269,137136
0.21176470588235294,0.33725490196078434,0.1843137254901961,862.0049324317881,412429
0.3254901960784314,0.27058823529411763,0.2549019607843137,107.00061226241453,287021
0.34509803921568627,0.25098039215686274,0.27450980392156865,127.00072670398734,964260
0.32941176470588235,0.29411764705882354,0.2549019607843137,566.0032386965105,431580
0.3686274509803922,0.2980392156862745,0.2549019607843137,362.0020713924678,482571
0.32941176470588235,0.25098039215686274,0.28627450980392155,51.00029182601067,948921
0.36470588235294116,0.25882352941176473,0.2980392156862745,131.0007495923019,978470
0.3254901960784314,0.2980392156862745,0.2901960784313726,268.00153351707564,237887
0.3686274509803922,0.2823529411764706,0.30196078431372547,104.00059509617861,960170
0.054901960784313725,0.12549019607843137,0.27450980392156865,4.000022888314562,963516
0.09019607843137255,0.1803921568627451,0.2823529411764706,168.0009613092116,234011
0.054901960784313725,0.19607843137254902,0.2980392156862745,3.0000171662359216,371211
0.12156862745098039,0.20784313725490197,0.30980392156862746,135.00077248061646,421427
0.054901960784313725,0.17254901960784313,0.35294117647058826,11.000062942865044,978920
0.10980392156862745,0.1450980392156863,0.3607843137254902,17.000097275336888,966594
0.09019607843137255,0.20784313725490197,0.34509803921568627,84.0004806546058,155924
0.10588235294117647,0.09803921568627451,0.10196078431372549,1205.0068951047617,640743
0.10980392156862745,0.09803921568627451,0.10588235294117647,1864.0106659545859,657990
0.10588235294117647,0.12156862745098039,0.10196078431372549,5.000028610393202,419082
0.12156862745098039,0.10980392156862745,0.10196078431372549,242.001384743031,704054
0.09803921568627451,0.09803921568627451,0.10980392156862745,1419.0081196295907,233803
0.10980392156862745,0.10588235294117647,0.11372549019607843,581.0033245276901,393495
0.10196078431372549,0.11372549019607843,0.12156862745098039,278.00159073786205,172386
0.11372549019607843,0.11372549019607843,0.12156862745098039,1138.0065117254928,644825
0.4549019607843137,0.25882352941176473,0.20784313725490197,252.0014419638174,897095
0.4745098039215686,0.27058823529411763,0.20784313725490197,200.0011444157281,952336
0.4470588235294118,0.30980392156862746,0.20784313725490197,110.00062942865046,771711
0.4823529411764706,0.29411764705882354,0.21568627450980393,107.00061226241453,912219
0.4627450980392157,0.2784313725490196,0.24705882352941178,335.00191689634454,1010772
0.49411764705882355,0.27450980392156865,0.2196078431372549,236.00135041055916,912461
0.4549019607843137,0.29411764705882354,0.2196078431372549,88.00050354292036,1047627
0.47058823529411764,0.2901960784313726,0.23921568627450981,348.00199128336686,926840
0.4392156862745098,0.5647058823529412,0.6352941176470588,345.00197411713094,477822
0.49019607843137253,0.5882352941176471,0.6235294117647059,729.0041713953289,477831
0.4627450980392157,0.592156862745098,0.6470588235294118,42.0002403273029,506497
0.49019607843137253,0.592156862745098,0.6431372549019608,208.00119019235723,943028
0.4588235294117647,0.5882352941176471,0.6549019607843137,41.00023460522426,514694
0.4980392156862745,0.5882352941176471,0.6549019607843137,68.00038910134755,991169
0.4627450980392157,0.596078431372549,0.6627450980392157,36.000205994831056,561820
0.49411764705882355,0.596078431372549,0.6549019607843137,194.00111008325626,947168
0.44313725490196076,0.45098039215686275,0.5254901960784314,195.0011158053349,868598
0.4823529411764706,0.45098039215686275,0.5058823529411764,150.00085831179607,990882
0.45098039215686275,0.4980392156862745,0.5058823529411764,312.0017852885358,471691
0.49411764705882355,0.49411764705882355,0.5019607843137255,219.00125313522227,362121
0.4666666666666667,0.4588235294117647,0.5333333333333333,203.00116158196403,1012374
0.4745098039215686,0.4627450980392157,0.5294117647058824,107.00061226241453,1002136
0.44313725490196076,0.4745098039215686,0.5490196078431373,231.00132180016595,973521
0.48627450980392156,0.4745098039215686,0.5411764705882353,234.00133896640187,1003163
0.5843137254901961,0.3411764705882353,0.2549019607843137,158.0009040884252,943213
0.596078431372549,0.3411764705882353,0.2784313725490196,7.0000400545504835,1030306
0.5607843137254902,0.34901960784313724,0.27450980392156865,200.0011444157281,879618
0.592156862745098,0.34901960784313724,0.27058823529411763,115.00065803904366,919588
0.5607843137254902,0.3411764705882353,0.2901960784313726,53.00030327016795,883735
0.6,0.34901960784313724,0.2823529411764706,144.00082397932422,1004648
0.06274509803921569,0.06666666666666667,0.07450980392156863,1092.0062485098754,358847
0.09019607843137255,0.07450980392156863,0.07450980392156863,1735.0099278064413,669160
0.07058823529411765,0.0784313725490196,0.07450980392156863,2.000011444157281,424235
0.08627450980392157,0.0784313725490196,0.07058823529411765,280.0016021820193,680469
0.07058823529411765,0.06666666666666667,0.0784313725490196,1208.0069122709976,835951
0.0784313725490196,0.07058823529411765,0.0784313725490196,644.0036850186444,660011
0.07450980392156863,0.08235294117647059,0.09019607843137255,215.0012302469077,422337
0.08235294117647059,0.08627450980392157,0.09019607843137255,1340.0076675853782,856468
0.19215686274509805,0.08235294117647059,0.011764705882352941,47.0002689376961,776968
0.19607843137254902,0.09803921568627451,0.027450980392156862,165.00094414297567,775918
0.24313725490196078,0.12156862745098039,0.027450980392156862,143.00081825724558,789245
0.18823529411764706,0.09019607843137255,0.03137254901960784,77.00044060005531,816909
0.21176470588235294,0.10196078431372549,0.0392156862745098,662.00378801606,854831
0.23137254901960785,0.11764705882352941,0.03529411764705882,513.0029354263426,760548
0.2627450980392157,0.3568627450980392,0.18823529411764706,751.0042972810589,327579
0.2784313725490196,0.35294117647058826,0.19215686274509805,675.0038624030823,663323
0.25098039215686274,0.3607843137254902,0.19215686274509805,879.005029707125,329593
0.27058823529411763,0.37254901960784315,0.18823529411764706,830.0047493252716,497435
0.2627450980392157,0.34901960784313724,0.21176470588235294,952.0054474188657,369361
0.27058823529411763,0.35294117647058826,0.20784313725490197,745.0042629485871,527116
0.2549019607843137,0.3686274509803922,0.21568627450980393,1018.005825076056,208495
0.26666666666666666,0.3607843137254902,0.21176470588235294,473.00270654319695,83409
0.19215686274509805,0.27450980392156865,0.3843137254901961,140.00080109100966,581282
0.2196078431372549,0.2784313725490196,0.38823529411764707,35.000200272752416,268787
0.19215686274509805,0.2823529411764706,0.38823529411764707,511.0029239821853,963467
0.2196078431372549,0.3058823529411765,0.39215686274509803,509.002912538028,557693
0.20784313725490197,0.27450980392156865,0.4117647058823529,21.00012016365145,265686
0.22745098039215686,0.27450980392156865,0.4196078431372549,6.000034332471843,865818
0.19607843137254902,0.2901960784313726,0.40784313725490196,239.00136757679508,481904
0.23529411764705882,0.30196078431372547,0.40784313725490196,109.00062370657182,288244
0.6901960784313725,0.7254901960784313,0.7529411764705882,1207.006906548919,1034073
0.7019607843137254,0.7294117647058823,0.7490196078431373,557.0031871978027,964509
0.6980392156862745,0.7333333333333333,0.7607843137254902,297.0016994573562,1031950
0.7098039215686275,0.7450980392156863,0.7490196078431373,800.0045776629124,899649
0.6901960784313725,0.7294117647058823,0.7647058823529411,481.0027523198261,999191
0.7137254901960784,0.7215686274509804,0.7686274509803922,580.0033188056115,1029607
0.6980392156862745,0.7450980392156863,0.7764705882352941,840.004806546058,960347
0.7098039215686275,0.7411764705882353,0.7725490196078432,1491.0085316192528,1015572
0.6509803921568628,0.6313725490196078,0.5803921568627451,199.00113869364947,460000
0.6627450980392157,0.6313725490196078,0.5882352941176471,192.00109863909898,352480
0.6274509803921569,0.6745098039215687,0.5764705882352941,79.0004520442126,925673
0.6627450980392157,0.6745098039215687,0.5803921568627451,114.00065231696502,585413
0.6274509803921569,0.6313725490196078,0.6078431372549019,417.0023861067931,311558
0.6666666666666666,0.6470588235294118,0.611764705882353,271.00155068331156,133424
0.6313725490196078,0.6627450980392157,0.596078431372549,98.00056076370677,354568
0.6666666666666666,0.6549019607843137,0.611764705882353,192.00109863909898,699703
0.20784313725490197,0.3137254901960784,0.403921568627451,55.00031471432523,239143
0.24705882352941178,0.3333333333333333,0.403921568627451,496.0028381510057,595574
0.21568627450980393,0.34901960784313724,0.39215686274509803,4.000022888314562,379431
0.24313725490196078,0.34901960784313724,0.38823529411764707,19.00010871949417,626312
0.21568627450980393,0.3215686274509804,0.40784313725490196,211.00120735859315,291272
0.24705882352941178,0.3333333333333333,0.43529411764705883,614.0035133562852,252386
0.21568627450980393,0.34901960784313724,0.43137254901960786,9.000051498707764,514663
0.23529411764705882,0.34509803921568627,0.43529411764705883,144.00082397932422,577163
0.6196078431372549,0.6235294117647059,0.403921568627451,4.000022888314562,896928
0.5529411764705883,0.6274509803921569,0.45098039215686275,4.000022888314562,720652
0.6980392156862745,0.5176470588235295,0.44313725490196076,416.00238038471446,991276
0.7215686274509804,0.5254901960784314,0.4588235294117647,21.00012016365145,1011829
0.7098039215686275,0.5294117647058824,0.4666666666666667,107.00061226241453,983225
0.7372549019607844,0.5450980392156862,0.4627450980392157,107.00061226241453,918563
0.6941176470588235,0.5254901960784314,0.47058823529411764,194.00111008325626,912397
0.7176470588235294,0.5098039215686274,0.47843137254901963,2.000011444157281,902290
0.6901960784313725,0.5450980392156862,0.49019607843137253,474.0027122652756,1008972
0.7372549019607844,0.5490196078431373,0.47843137254901963,226.00129318977275,1019013
0.3411764705882353,0.3137254901960784,0.2627450980392157,129.00073814814462,636476
0.3686274509803922,0.3333333333333333,0.26666666666666666,397.0022716652203,255299
0.3411764705882353,0.3607843137254902,0.27450980392156865,25.000143051966013,99730
0.3686274509803922,0.3568627450980392,0.27450980392156865,36.000205994831056,666229
0.3333333333333333,0.3176470588235294,0.29411764705882354,381.002180111962,361799
0.3568627450980392,0.33725490196078434,0.29411764705882354,404.0023117197708,687749
0.3254901960784314,0.35294117647058826,0.30196078431372547,29.000165940280574,612042
0.3686274509803922,0.3607843137254902,0.30980392156862746,137.00078392477374,424354
0.6274509803921569,0.3764705882352941,0.17254901960784313,41.00023460522426,812645
0.6862745098039216,0.40784313725490196,0.1843137254901961,1.0000057220786405,849532
0.6941176470588235,0.43529411764705883,0.20784313725490197,14.000080109100967,827036
0.6666666666666666,0.4470588235294118,0.24313725490196078,38.00021743898834,847467
0.7176470588235294,0.4470588235294118,0.21176470588235294,47.0002689376961,822938
0.7254901960784313,0.788235294117647,0.8235294117647058,379.0021686678047,870817
0.7254901960784313,0.796078431372549,0.8117647058823529,21.00012016365145,414261
0.7450980392156863,0.807843137254902,0.8156862745098039,57.00032615848251,278982
0.7215686274509804,0.7803921568627451,0.8274509803921568,100.00057220786405,612520
0.7372549019607844,0.792156862745098,0.8313725490196079,462.0026436003319,616624
0.7294117647058823,0.8,0.8274509803921568,12.000068664943687,521869
0.7333333333333333,0.803921568627451,0.8352941176470589,103.00058937409997,886615
0.3254901960784314,0.3137254901960784,0.20392156862745098,54.00030899224659,3075
0.3568627450980392,0.3215686274509804,0.21176470588235294,200.0011444157281,4116
0.3137254901960784,0.36470588235294116,0.21568627450980393,548.003135699095,575672
0.34901960784313724,0.34901960784313724,0.20392156862745098,9.000051498707764,403105
0.3411764705882353,0.3137254901960784,0.24313725490196078,25.000143051966013,674379
0.37254901960784315,0.3333333333333333,0.2235294117647059,179.00102425207663,14339
0.3137254901960784,0.37254901960784315,0.2196078431372549,477.0027294315115,563373
0.37254901960784315,0.34901960784313724,0.23529411764705882,28.000160218201934,7168
0.3411764705882353,0.3176470588235294,0.3803921568627451,86.00049209876308,899577
0.34901960784313724,0.3137254901960784,0.403921568627451,87.00049782084172,960198
0.33725490196078434,0.36470588235294116,0.39215686274509803,547.0031299770163,354584
0.36470588235294116,0.37254901960784315,0.3843137254901961,316.0018081768504,356954
0.3254901960784314,0.3176470588235294,0.41568627450980394,37.000211716909696,952040
0.3686274509803922,0.33725490196078434,0.43137254901960786,104.00059509617861,945891
0.3333333333333333,0.36470588235294116,0.42745098039215684,257.0014705742106,273667
0.36470588235294116,0.37254901960784315,0.40784313725490196,83.00047493252715,337526
0.35294117647058826,0.5215686274509804,0.5176470588235295,57.00032615848251,112059
0.2980392156862745,0.5058823529411764,0.615686274509804,2.000011444157281,915404
0.3686274509803922,0.5647058823529412,0.5725490196078431,1.0000057220786405,163327
0.19607843137254902,0.28627450980392155,0.12941176470588237,1175.0067234424025,636890
0.20392156862745098,0.2901960784313726,0.12549019607843137,1463.008371401051,683982
0.2,0.2980392156862745,0.12941176470588237,19.00010871949417,636919
0.21176470588235294,0.2980392156862745,0.13333333333333333,2412.0138016536807,674768
0.19607843137254902,0.2823529411764706,0.1450980392156863,265.0015163508397,269290
0.20392156862745098,0.29411764705882354,0.15294117647058825,92.00052643123492,308187
0.2,0.30980392156862746,0.14901960784313725,226.00129318977275,177150
0.20392156862745098,0.30980392156862746,0.15294117647058825,377.00215722364743,192504
0.6274509803921569,0.5882352941176471,0.6392156862745098,40.00022888314562,988683
0.6549019607843137,0.5882352941176471,0.6352941176470588,4.000022888314562,942378
0.6431372549019608,0.6,0.6274509803921569,524.0029983692076,787471
0.6588235294117647,0.6078431372549019,0.6235294117647059,534.003055589994,1044132
0.6274509803921569,0.5843137254901961,0.6588235294117647,2.000011444157281,929605
0.6549019607843137,0.5843137254901961,0.6666666666666666,1.0000057220786405,929590
0.6352941176470588,0.615686274509804,0.6549019607843137,343.00196267297366,837748
0.6588235294117647,0.6196078431372549,0.6588235294117647,55.00031471432523,986638
0.5764705882352941,0.5882352941176471,0.5058823529411764,119.00068092735822,615980
0.6078431372549019,0.5882352941176471,0.5058823529411764,125.00071525983006,675492
0.5725490196078431,0.611764705882353,0.5215686274509804,116.0006637611223,299241
0.596078431372549,0.615686274509804,0.5019607843137255,249.00142479758148,342225
0.5725490196078431,0.5725490196078431,0.5450980392156862,320.00183106516494,424192
0.592156862745098,0.5686274509803921,0.5490196078431373,257.0014705742106,296188
0.5803921568627451,0.6039215686274509,0.5294117647058824,99.00056648578541,557760
0.615686274509804,0.592156862745098,0.5568627450980392,196.00112152741355,422552
0.6980392156862745,0.6980392156862745,0.6509803921568628,229.00131035600867,627400
0.7411764705882353,0.6941176470588235,0.6235294117647059,169.00096703129023,192837
0.7058823529411765,0.7215686274509804,0.6431372549019608,35.000200272752416,604893
0.7372549019607844,0.7450980392156863,0.6509803921568628,76.00043487797667,618759
0.6980392156862745,0.7137254901960784,0.6705882352941176,433.00247766005134,480929
0.7333333333333333,0.6862745098039216,0.6784313725490196,280.0016021820193,1029574
0.6941176470588235,0.7333333333333333,0.6784313725490196,97.00055504162813,694989
0.7333333333333333,0.7450980392156863,0.6745098039215687,147.00084114556014,320986
0.6980392156862745,0.5764705882352941,0.5647058823529412,224.00128174561547,957670
0.7411764705882353,0.5882352941176471,0.5686274509803921,87.00049782084172,996464
0.6862745098039216,0.6,0.5764705882352941,258.00147629628924,1042102
0.7450980392156863,0.6039215686274509,0.5764705882352941,402.0023002756135,988329
0.6862745098039216,0.5882352941176471,0.592156862745098,15.000085831179607,932098
0.7254901960784313,0.5882352941176471,0.592156862745098,1.0000057220786405,915583
0.6941176470588235,0.6078431372549019,0.611764705882353,288.00164795864845,993837
0.7294117647058823,0.615686274509804,0.6,177.00101280791935,976196
0.6431372549019608,0.5764705882352941,0.5137254901960784,193.00110436117762,798291
0.6705882352941176,0.5647058823529412,0.5098039215686274,109.00062370657182,1022120
0.6235294117647059,0.6196078431372549,0.5215686274509804,180.00102997415527,365787
0.6627450980392157,0.6196078431372549,0.5176470588235295,263.00150490668244,515300
0.6313725490196078,0.5607843137254902,0.5333333333333333,163.0009326988184,925233
0.6745098039215687,0.5647058823529412,0.5333333333333333,151.0008640338747,842759
0.6392156862745098,0.6,0.5529411764705883,163.0009326988184,413340
0.6784313725490196,0.611764705882353,0.5294117647058824,228.00130463393003,262427
0.10588235294117647,0.19215686274509805,0.13333333333333333,523.002992647129,58043
0.11372549019607843,0.2,0.13725490196078433,231.00132180016595,157436
0.10588235294117647,0.20392156862745098,0.13725490196078433,38.00021743898834,55978
0.10980392156862745,0.21568627450980393,0.12941176470588237,179.00102425207663,27621
0.10588235294117647,0.2,0.1450980392156863,901.0051555928551,83670
0.10980392156862745,0.2,0.1411764705882353,652.0037307952736,129756
0.10588235294117647,0.21568627450980393,0.15294117647058825,213.00121880275043,67329
0.11764705882352941,0.21176470588235294,0.14901960784313725,2974.0170174618765,124586
0.2,0.3137254901960784,0.18823529411764706,518.0029640367358,73231
0.21568627450980393,0.3215686274509804,0.2,2764.015815825362,98837
0.18823529411764706,0.33725490196078434,0.18823529411764706,102.00058365202133,122759
0.21176470588235294,0.33725490196078434,0.2,968.005538972124,10751
0.2,0.3137254901960784,0.20392156862745098,67.00038337926891,109140
0.21176470588235294,0.3215686274509804,0.20392156862745098,841.0048122681367,162390
0.2,0.32941176470588235,0.20392156862745098,17.000097275336888,11816
0.21568627450980393,0.32941176470588235,0.20392156862745098,408.00233460808533,189061
0.0196078431372549,0.027450980392156862,0.06274509803921569,1.0000057220786405,295302
0.0392156862745098,0.0196078431372549,0.06666666666666667,3.0000171662359216,825628
0.027450980392156862,0.047058823529411764,0.07058823529411765,81.00046348836987,198033
0.023529411764705882,0.027450980392156862,0.09411764705882353,1.0000057220786405,862653
0.01568627450980392,0.050980392156862744,0.10196078431372549,4.000022888314562,340496
0.047058823529411764,0.058823529411764705,0.09411764705882353,23.00013160780873,402924
0.2235294117647059,0.34509803921568627,0.18823529411764706,434.00248338213,251559
0.23921568627450981,0.35294117647058826,0.2,1128.0064545047064,216721
0.23137254901960785,0.3607843137254902,0.19215686274509805,35.000200272752416,390940
0.24705882352941178,0.3607843137254902,0.18823529411764706,266.00152207291836,351089
0.22745098039215686,0.34509803921568627,0.20392156862745098,955.0054645851017,217765
0.23921568627450981,0.34901960784313724,0.20784313725490197,2068.0118332586285,55792
0.23137254901960785,0.3607843137254902,0.21568627450980393,26.000148774044654,58876
0.23921568627450981,0.36470588235294116,0.21176470588235294,735.0042057278007,17896
0.25098039215686274,0.3254901960784314,0.12941176470588237,249.00142479758148,762800
0.27058823529411763,0.3254901960784314,0.12941176470588237,34.000194550673775,781078
0.2549019607843137,0.33725490196078434,0.13725490196078433,1934.0110665000907,816014
0.27058823529411763,0.32941176470588235,0.13333333333333333,34.000194550673775,814902
0.25098039215686274,0.3254901960784314,0.14901960784313725,26.000148774044654,716697
0.26666666666666666,0.3215686274509804,0.1411764705882353,6.000034332471843,856922
0.25098039215686274,0.33725490196078434,0.1411764705882353,3227.018465147773,848785
0.26666666666666666,0.33725490196078434,0.1450980392156863,123.00070381567278,588684
0.38823529411764707,0.4,0.44313725490196076,93.00053215331356,343651
0.4235294117647059,0.38823529411764707,0.45098039215686275,92.00052643123492,899575
0.39215686274509803,0.41568627450980394,0.45098039215686275,392.0022430548271,330340
0.40784313725490196,0.43137254901960786,0.4666666666666667,267.001527794997,290410
0.38823529411764707,0.3764705882352941,0.47843137254901963,134.00076675853782,955115
0.40784313725490196,0.3803921568627451,0.47058823529411764,138.00078964685238,964296
0.3803921568627451,0.42745098039215684,0.48627450980392156,133.00076103645918,332338
0.41568627450980394,0.40784313725490196,0.4980392156862745,126.0007209819087,937748
0.7098039215686275,0.6509803921568628,0.5882352941176471,189.00108147286304,239901
0.7372549019607844,0.6392156862745098,0.5725490196078431,87.00049782084172,881771
0.6941176470588235,0.6823529411764706,0.5803921568627451,160.00091553258247,622858
0.7176470588235294,0.6627450980392157,0.5647058823529412,169.00096703129023,710985
0.7058823529411765,0.6431372549019608,0.592156862745098,197.00112724949219,347368
0.7215686274509804,0.6352941176470588,0.6196078431372549,185.00105858454847,966941
0.7058823529411765,0.6823529411764706,0.6,213.00121880275043,493792
0.7254901960784313,0.6666666666666666,0.6078431372549019,174.00099564168343,461490
0.5098039215686274,0.5058823529411764,0.5764705882352941,189.00108147286304,985784
0.5333333333333333,0.5254901960784314,0.5843137254901961,99.00056648578541,997757
0.5215686274509804,0.5529411764705883,0.5607843137254902,246.00140763134556,333388
0.5529411764705883,0.5529411764705883,0.5607843137254902,204.00116730404267,350853
0.5058823529411764,0.5254901960784314,0.596078431372549,57.00032615848251,990909
0.5372549019607843,0.5254901960784314,0.6078431372549019,20.00011444157281,934707
0.5019607843137255,0.5529411764705883,0.6039215686274509,336.0019226184232,517797
0.5372549019607843,0.5490196078431373,0.615686274509804,212.0012130806718,939371
0.6392156862745098,0.6392156862745098,0.43529411764705883,25.000143051966013,930808
0.7019607843137254,0.6274509803921569,0.396078431372549,10.000057220786404,840521
0.6784313725490196,0.6235294117647059,0.49019607843137253,217.001241691065,140520
0.7098039215686275,0.6470588235294118,0.4745098039215686,83.00047493252715,891665
0.6823529411764706,0.6862745098039216,0.4980392156862745,3.0000171662359216,898981
0.2823529411764706,0.35294117647058826,0.16862745098039217,105.00060081825725,612201
0.3058823529411765,0.35294117647058826,0.1568627450980392,16.000091553258248,763653
0.28627450980392155,0.37254901960784315,0.16470588235294117,2024.0115814871683,749407
0.2980392156862745,0.3686274509803922,0.16470588235294117,75.00042915589803,579418
0.28627450980392155,0.35294117647058826,0.1803921568627451,370.00211716909695,570161
0.2980392156862745,0.3568627450980392,0.1803921568627451,74.00042343381939,266252
0.2901960784313726,0.3686274509803922,0.1843137254901961,2336.013366775704,662354
0.2980392156862745,0.37254901960784315,0.1803921568627451,368.00210572493967,605003
0.6627450980392157,0.6039215686274509,0.47843137254901963,815.004663494092,139534
0.6745098039215687,0.592156862745098,0.47058823529411764,2155.01233107947,98557
0.6588235294117647,0.6078431372549019,0.47843137254901963,179.00102425207663,729764
0.6705882352941176,0.6078431372549019,0.4745098039215686,359.0020542262319,125108
0.6549019607843137,0.6,0.4980392156862745,43.00024604938154,385501
0.6823529411764706,0.6,0.49019607843137253,1097.0062771202686,22780
0.6666666666666666,0.611764705882353,0.49019607843137253,72.00041198966211,130324
0.6823529411764706,0.6078431372549019,0.48627450980392156,642.0036735744872,38171
0.5098039215686274,0.44313725490196076,0.403921568627451,154.00088120011063,796091
0.5372549019607843,0.44313725490196076,0.3803921568627451,244.00139618718828,796182
0.5137254901960784,0.47058823529411764,0.4,153.000875478032,427302
0.5490196078431373,0.4745098039215686,0.38823529411764707,277.0015850157834,532718
0.5098039215686274,0.4588235294117647,0.43137254901960786,131.0007495923019,294160
0.5450980392156862,0.4627450980392157,0.4117647058823529,109.00062370657182,932397
0.5176470588235295,0.49019607843137253,0.40784313725490196,116.0006637611223,376268
0.5568627450980392,0.48627450980392156,0.4117647058823529,155.00088692218927,798199
0.6509803921568628,0.5254901960784314,0.5098039215686274,163.0009326988184,1046873
0.6666666666666666,0.5254901960784314,0.5019607843137255,176.0010070858407,1008952
0.6235294117647059,0.5490196078431373,0.5058823529411764,106.0006065403359,932398
0.6705882352941176,0.5490196078431373,0.5254901960784314,437.0025005483659,1034303
0.6235294117647059,0.5215686274509804,0.5490196078431373,32.000183106516495,1017464
0.6823529411764706,0.5254901960784314,0.5333333333333333,12.000068664943687,906378
0.6431372549019608,0.5411764705882353,0.5333333333333333,129.00073814814462,982343
0.6627450980392157,0.5490196078431373,0.5490196078431373,247.0014133534242,960727
0.5058823529411764,0.24705882352941178,0.1803921568627451,1.0000057220786405,1046720
0.5803921568627451,0.3686274509803922,0.396078431372549,12.000068664943687,917897
0.3137254901960784,0.3843137254901961,0.19215686274509805,1243.00711254375,574259
0.33725490196078434,0.3843137254901961,0.19215686274509805,552.0031585874095,229455
0.3137254901960784,0.39215686274509803,0.2,575.0032901952183,623433
0.3333333333333333,0.39215686274509803,0.2,301.00172234567077,250941
0.3215686274509804,0.3843137254901961,0.20392156862745098,580.0033188056115,301062
0.3411764705882353,0.3764705882352941,0.21568627450980393,206.00117874819995,595128
0.3176470588235294,0.39215686274509803,0.20784313725490197,314.0017967326931,630591
0.3411764705882353,0.39215686274509803,0.20392156862745098,1320.0075531438054,256032
0.5686274509803921,0.5176470588235295,0.4588235294117647,158.0009040884252,276053
0.592156862745098,0.5058823529411764,0.45098039215686275,161.0009212546611,896440
0.5647058823529412,0.5568627450980392,0.4666666666666667,165.00094414297567,683680
0.6196078431372549,0.5333333333333333,0.45098039215686275,276.00157929370476,885342
0.5686274509803921,0.5254901960784314,0.49019607843137253,124.00070953775142,317712
0.596078431372549,0.5058823529411764,0.4980392156862745,77.00044060005531,913922
0.5803921568627451,0.5372549019607843,0.4745098039215686,139.00079536893102,376043
0.615686274509804,0.5411764705882353,0.4823529411764706,172.00098419752615,882319
0.3803921568627451,0.3843137254901961,0.3333333333333333,146.0008354234815,185713
0.43529411764705883,0.396078431372549,0.3254901960784314,254.00145340797468,694934
0.4,0.41568627450980394,0.3215686274509804,23.00013160780873,213274
0.4196078431372549,0.4117647058823529,0.33725490196078434,67.00038337926891,623337
0.4,0.3764705882352941,0.36470588235294116,306.001750956064,273697
0.4235294117647059,0.4,0.3686274509803922,285.0016307924125,272674
0.4,0.42745098039215684,0.3686274509803922,44.00025177146018,666238
0.4235294117647059,0.4235294117647059,0.37254901960784315,145.00082970140286,618199
0.1568627450980392,0.12941176470588237,0.09803921568627451,620.0035476887571,737758
0.1843137254901961,0.13725490196078433,0.10588235294117647,494.0028267068484,723400
0.16862745098039217,0.1450980392156863,0.10588235294117647,2.000011444157281,748079
0.1843137254901961,0.1411764705882353,0.10196078431372549,44.00025177146018,758237
0.1568627450980392,0.13333333333333333,0.11764705882352941,2075.011873313179,727554
0.17254901960784313,0.13333333333333333,0.10980392156862745,558.0031929198814,542976
0.16862745098039217,0.1411764705882353,0.12156862745098039,312.0017852885358,570674
0.1843137254901961,0.15294117647058825,0.11764705882352941,971.0055561383599,767512
0.3137254901960784,0.4470588235294118,0.19215686274509805,270.0015449612329,417638
0.3686274509803922,0.45098039215686275,0.20784313725490197,177.00101280791935,531265
0.33725490196078434,0.4745098039215686,0.20392156862745098,7.0000400545504835,421719
0.34901960784313724,0.47843137254901963,0.20392156862745098,9.000051498707764,432998
0.3215686274509804,0.4392156862745098,0.23137254901960785,251.00143624173876,258668
0.34509803921568627,0.44313725490196076,0.23529411764705882,552.0031585874095,256623
0.09411764705882353,0.07450980392156863,0.07058823529411765,347.0019855612882,603594
0.10980392156862745,0.07058823529411765,0.06274509803921569,193.00110436117762,912074
0.10588235294117647,0.09019607843137255,0.07450980392156863,1273.0072842061093,677314
0.11372549019607843,0.08627450980392157,0.06666666666666667,329.0018825638727,632131
0.09803921568627451,0.07058823529411765,0.0784313725490196,132.00075531438054,181534
0.10980392156862745,0.07450980392156863,0.08235294117647059,22.00012588573009,198963
0.10196078431372549,0.08627450980392157,0.08235294117647059,2078.011890479415,700892
0.11372549019607843,0.09019607843137255,0.0784313725490196,671.0038395147677,611813
0.19215686274509805,0.1568627450980392,0.12941176470588237,1047.0059910163366,635317
0.21176470588235294,0.16862745098039217,0.13333333333333333,976.0055847487531,608655
0.19607843137254902,0.17647058823529413,0.13725490196078433,16.000091553258248,661089
0.21176470588235294,0.17254901960784313,0.13725490196078433,92.00052643123492,643517
0.19215686274509805,0.1607843137254902,0.1411764705882353,1142.0065346138074,565712
0.21568627450980393,0.16862745098039217,0.1450980392156863,620.0035476887571,547067
0.2,0.17254901960784313,0.1450980392156863,224.00128174561547,696840
0.21568627450980393,0.17647058823529413,0.1450980392156863,919.0052585902706,568714
0.30980392156862746,0.3137254901960784,0.09019607843137255,1.0000057220786405,915411
0.2549019607843137,0.33725490196078434,0.12156862745098039,20.00011444157281,521118
0.30196078431372547,0.3215686274509804,0.11372549019607843,42.0002403273029,885642
0.45098039215686275,0.3176470588235294,0.3215686274509804,111.0006351507291,983689
0.47843137254901963,0.3176470588235294,0.3333333333333333,306.001750956064,1007956
0.4588235294117647,0.34901960784313724,0.3137254901960784,129.00073814814462,885108
0.47843137254901963,0.37254901960784315,0.3215686274509804,281.00160790409797,904647
0.4549019607843137,0.3411764705882353,0.37254901960784315,101.0005779299427,1002087
0.4745098039215686,0.3137254901960784,0.34509803921568627,137.00078392477374,928537
0.4627450980392157,0.34901960784313724,0.35294117647058826,81.00046348836987,928315
0.4823529411764706,0.37254901960784315,0.3607843137254902,105.00060081825725,905699
0.2549019607843137,0.33725490196078434,0.44313725490196076,84.0004806546058,237017
0.2901960784313726,0.3254901960784314,0.4549019607843137,20.00011444157281,143607
0.27450980392156865,0.36470588235294116,0.4549019607843137,600.0034332471843,543309
0.2901960784313726,0.36470588235294116,0.44313725490196076,232.0013275222446,434704
0.27058823529411763,0.3333333333333333,0.49019607843137253,10.000057220786404,370186
0.2980392156862745,0.3411764705882353,0.47058823529411764,2.000011444157281,938784
0.26666666666666666,0.37254901960784315,0.47843137254901963,258.00147629628924,252467
0.30196078431372547,0.34901960784313724,0.49411764705882355,44.00025177146018,144644
0.788235294117647,0.8196078431372549,0.8431372549019608,1070.0061226241453,771228
0.8,0.8235294117647058,0.8431372549019608,1101.0063000085831,683148
0.788235294117647,0.8274509803921568,0.8509803921568627,196.00112152741355,820442
0.8,0.8274509803921568,0.8470588235294118,2396.0137101004225,840260
0.788235294117647,0.8156862745098039,0.8588235294117647,9.000051498707764,872624
0.807843137254902,0.8196078431372549,0.8588235294117647,21.00012016365145,808413
0.792156862745098,0.8274509803921568,0.8588235294117647,25.000143051966013,871868
0.807843137254902,0.8392156862745098,0.8588235294117647,143.00081825724558,792682
0.5019607843137255,0.3803921568627451,0.1607843137254902,1.0000057220786405,231784
0.6196078431372549,0.3764705882352941,0.1803921568627451,2.000011444157281,836204
0.5450980392156862,0.39215686274509803,0.22745098039215686,74.00042343381939,778883
0.6,0.39215686274509803,0.23529411764705882,187.00107002870575,780910
0.5098039215686274,0.4823529411764706,0.22745098039215686,33.000188828595135,768776
0.592156862745098,0.45098039215686275,0.24705882352941178,13.000074387022327,742125
0.25882352941176473,0.3764705882352941,0.1607843137254902,383.00219155611927,397196
0.27450980392156865,0.38823529411764707,0.1607843137254902,1583.009058050488,395204
0.2627450980392157,0.396078431372549,0.1568627450980392,37.000211716909696,428861
0.2784313725490196,0.396078431372549,0.1568627450980392,717.0041027303852,439097
0.25098039215686274,0.3764705882352941,0.17647058823529413,501.0028667613989,393010
0.2784313725490196,0.3803921568627451,0.17647058823529413,892.0051040941473,488228
0.2627450980392157,0.39215686274509803,0.1843137254901961,54.00030899224659,377664
0.26666666666666666,0.396078431372549,0.1803921568627451,691.0039539563405,406320
0.5058823529411764,0.403921568627451,0.3843137254901961,65.00037193511163,890213
0.5529411764705883,0.403921568627451,0.38823529411764707,572.0032730289823,1000727
0.5019607843137255,0.4235294117647059,0.396078431372549,81.00046348836987,797119
0.5333333333333333,0.4117647058823529,0.3764705882352941,149.00085258971743,929308
0.5058823529411764,0.38823529411764707,0.43529411764705883,54.00030899224659,1014164
0.5490196078431373,0.403921568627451,0.40784313725490196,154.00088120011063,960724
0.5254901960784314,0.43137254901960786,0.4117647058823529,50.00028610393203,332009
0.5450980392156862,0.40784313725490196,0.4235294117647059,83.00047493252715,1008941
0.5490196078431373,0.2784313725490196,0.058823529411764705,83.00047493252715,787205
0.5803921568627451,0.2823529411764706,0.023529411764705882,45.00025749353882,784134
0.615686274509804,0.3137254901960784,0.0392156862745098,5.000028610393202,791307
0.5058823529411764,0.26666666666666666,0.11764705882352941,98.00056076370677,866124
0.5607843137254902,0.2784313725490196,0.10588235294117647,58.00033188056115,836215
0.5843137254901961,0.3137254901960784,0.08627450980392157,13.000074387022327,785155
0.2627450980392157,0.4,0.5176470588235295,196.00112152741355,546442
0.2901960784313726,0.38823529411764707,0.5058823529411764,127.00072670398734,268786
0.2627450980392157,0.40784313725490196,0.5215686274509804,108.00061798449318,432670
0.3058823529411765,0.43137254901960786,0.5254901960784314,456.00260926786007,464501
0.25098039215686274,0.396078431372549,0.5333333333333333,25.000143051966013,523894
0.2823529411764706,0.403921568627451,0.5294117647058824,14.000080109100967,484974
0.27450980392156865,0.41568627450980394,0.5294117647058824,65.00037193511163,435761
0.3058823529411765,0.42745098039215684,0.5294117647058824,201.00115013780675,476746
0.7647058823529411,0.7490196078431373,0.7137254901960784,143.00081825724558,218399
0.7803921568627451,0.7686274509803922,0.6941176470588235,141.0008068130883,319955
0.7764705882352941,0.788235294117647,0.6941176470588235,13.000074387022327,558320
0.792156862745098,0.8,0.7137254901960784,36.000205994831056,557296
0.7529411764705882,0.7529411764705882,0.7411764705882353,381.002180111962,270599
0.8,0.7568627450980392,0.7176470588235294,287.0016422365698,107903
0.7725490196078432,0.788235294117647,0.7372549019607844,70.00040054550483,403100
0.796078431372549,0.7803921568627451,0.7411764705882353,118.00067520527958,225566
0.13333333333333333,0.13333333333333333,0.13725490196078433,1025.0058651306065,533969
0.14901960784313725,0.13725490196078433,0.13725490196078433,1040.005950961786,573925
0.13333333333333333,0.1411764705882353,0.13333333333333333,12.000068664943687,639725
0.14901960784313725,0.1450980392156863,0.12549019607843137,208.00119019235723,419138
0.12549019607843137,0.13333333333333333,0.1450980392156863,1025.0058651306065,431536
0.1450980392156863,0.13333333333333333,0.1450980392156863,318.00181962100766,587278
0.13725490196078433,0.1450980392156863,0.15294117647058825,322.0018425093222,384347
0.1411764705882353,0.14901960784313725,0.15294117647058825,792.0045318862833,437689
0.1568627450980392,0.12941176470588237,0.12549019607843137,524.0029983692076,450848
0.1843137254901961,0.13333333333333333,0.13333333333333333,71.00040626758347,642772
0.16470588235294117,0.1450980392156863,0.12941176470588237,1078.0061684007744,669200
0.1803921568627451,0.14901960784313725,0.13333333333333333,1791.0102482428451,659940
0.1568627450980392,0.12941176470588237,0.1450980392156863,54.00030899224659,293187
0.17647058823529413,0.12941176470588237,0.1450980392156863,13.000074387022327,135577
0.16862745098039217,0.15294117647058825,0.1411764705882353,802.0045891070697,517532
0.17647058823529413,0.14901960784313725,0.1411764705882353,356.002037059996,472439
0.4549019607843137,0.3137254901960784,0.21176470588235294,81.00046348836987,743082
0.4980392156862745,0.32941176470588235,0.20392156862745098,61.00034904679707,877185
0.4549019607843137,0.34901960784313724,0.20392156862745098,3.0000171662359216,717495
0.4980392156862745,0.34509803921568627,0.21176470588235294,10.000057220786404,777861
0.4392156862745098,0.3215686274509804,0.24705882352941178,400.0022888314562,754055
0.48627450980392156,0.3215686274509804,0.24705882352941178,64.00036621303299,213332
0.4392156862745098,0.3607843137254902,0.24313725490196078,386.00220872235525,55305
0.4980392156862745,0.34509803921568627,0.2235294117647059,137.00078392477374,791191
0.6941176470588235,0.7490196078431373,0.788235294117647,407.0023288860067,691237
0.7019607843137254,0.7529411764705882,0.792156862745098,1227.0070209904918,771172
0.6980392156862745,0.7725490196078432,0.792156862745098,27.000154496123294,935792
0.7137254901960784,0.7764705882352941,0.7843137254901961,47.0002689376961,489100
0.6941176470588235,0.7607843137254902,0.803921568627451,422.0024147171863,556045
0.7137254901960784,0.7607843137254902,0.8,1855.010614455878,648449
0.6980392156862745,0.7764705882352941,0.796078431372549,34.000194550673775,245289
0.7137254901960784,0.7647058823529411,0.803921568627451,533.0030498679154,743491
0.4,0.3333333333333333,0.3333333333333333,83.00047493252715,109975
0.43529411764705883,0.3254901960784314,0.32941176470588235,77.00044060005531,966302
0.39215686274509803,0.34901960784313724,0.32941176470588235,310.00177384437853,357626
0.43529411764705883,0.34509803921568627,0.32941176470588235,161.0009212546611,896426
0.3843137254901961,0.33725490196078434,0.3568627450980392,80.00045776629123,577221
0.43137254901960786,0.32941176470588235,0.37254901960784315,151.0008640338747,1001063
0.403921568627451,0.3607843137254902,0.34901960784313724,182.00104141831255,312603
0.41568627450980394,0.3686274509803922,0.36470588235294116,90.00051498707764,255422
0.8627450980392157,0.8901960784313725,0.807843137254902,10.000057220786404,213336
0.7686274509803922,0.8745098039215686,0.8509803921568627,20.00011444157281,236107
0.45098039215686275,0.45098039215686275,0.3803921568627451,157.00089836634655,387736
0.4980392156862745,0.4549019607843137,0.4,174.00099564168343,378145
0.4549019607843137,0.49411764705882355,0.3764705882352941,42.0002403273029,441006
0.4823529411764706,0.48627450980392156,0.396078431372549,83.00047493252715,638671
0.44313725490196076,0.4392156862745098,0.4196078431372549,240.00137329887372,306618
0.4823529411764706,0.4549019607843137,0.43529411764705883,199.00113869364947,302392
0.4627450980392157,0.4745098039215686,0.43137254901960786,82.00046921044851,378322
0.49019607843137253,0.47843137254901963,0.43529411764705883,145.00082970140286,307480
0.2823529411764706,0.38823529411764707,0.13725490196078433,663.0037937381386,473037
0.2980392156862745,0.38823529411764707,0.13725490196078433,36.000205994831056,479125
0.28627450980392155,0.403921568627451,0.13725490196078433,203.00116158196403,496619
0.2980392156862745,0.39215686274509803,0.13725490196078433,34.000194550673775,486294
0.2901960784313726,0.3764705882352941,0.1450980392156863,987.0056476916182,520063
0.2980392156862745,0.3843137254901961,0.1411764705882353,273.00156212746884,506798
0.29411764705882354,0.403921568627451,0.1450980392156863,919.0052585902706,461749
0.30196078431372547,0.39215686274509803,0.15294117647058825,1372.0078506918946,531343
0.2,0.3254901960784314,0.4392156862745098,151.0008640338747,468581
0.24313725490196078,0.32941176470588235,0.4588235294117647,290.0016594028057,474731
0.21568627450980393,0.34509803921568627,0.4666666666666667,19.00010871949417,526980
0.24313725490196078,0.34509803921568627,0.4470588235294118,338.00193406258046,231960
0.21176470588235294,0.33725490196078434,0.47843137254901963,39.00022316106698,431672
0.22745098039215686,0.33725490196078434,0.47058823529411764,33.000188828595135,422451
0.21176470588235294,0.35294117647058826,0.47843137254901963,21.00012016365145,533120
0.23137254901960785,0.36470588235294116,0.48627450980392156,217.001241691065,456293
0.5647058823529412,0.5058823529411764,0.5137254901960784,104.00059509617861,881033
0.596078431372549,0.5058823529411764,0.5098039215686274,65.00037193511163,981305
0.5764705882352941,0.5294117647058824,0.5137254901960784,212.0012130806718,394896
0.592156862745098,0.5294117647058824,0.5137254901960784,130.00074387022326,155946
0.5607843137254902,0.5058823529411764,0.5411764705882353,122.00069809359414,996723
0.6,0.5137254901960784,0.5372549019607843,86.00049209876308,835732
0.5686274509803921,0.5490196078431373,0.5490196078431373,255.00145913005332,353916
0.6078431372549019,0.5411764705882353,0.5333333333333333,131.0007495923019,852157
0.7176470588235294,0.7176470588235294,0.7568627450980392,763.0043659460026,902361
0.7333333333333333,0.7254901960784313,0.7607843137254902,452.0025863795455,1009133
0.7254901960784313,0.7372549019607844,0.7568627450980392,283.00161934825525,776234
0.7411764705882353,0.7333333333333333,0.7607843137254902,129.00073814814462,989594
0.7294117647058823,0.7294117647058823,0.7686274509803922,562.0032158081959,905457
0.7372549019607844,0.7294117647058823,0.7647058823529411,272.0015564053902,1001905
0.7294117647058823,0.7372549019607844,0.7725490196078432,868.00496676426,940349
0.7450980392156863,0.7450980392156863,0.7764705882352941,1057.006048237123,926044
0.5215686274509804,0.5647058823529412,0.32941176470588235,100.00057220786405,250035
0.5490196078431373,0.5686274509803921,0.3411764705882353,257.0014705742106,227526
0.5137254901960784,0.5607843137254902,0.35294117647058826,271.00155068331156,269491
0.5568627450980392,0.5764705882352941,0.3686274509803922,459.002626434096,236751
0.6549019607843137,0.6941176470588235,0.7294117647058823,496.0028381510057,704796
0.6823529411764706,0.6862745098039216,0.7294117647058823,300.00171662359213,963993
0.6549019607843137,0.7058823529411765,0.7176470588235294,163.0009326988184,953255
0.6823529411764706,0.7098039215686275,0.7294117647058823,220.0012588573009,893513
0.6588235294117647,0.6980392156862745,0.7333333333333333,676.0038681251609,706849
0.6745098039215687,0.6941176470588235,0.7333333333333333,639.0036564082512,963897
0.6549019607843137,0.7019607843137254,0.7333333333333333,1066.0060997358307,944030
0.6705882352941176,0.7098039215686275,0.7450980392156863,773.0044231667891,892801
0.4627450980392157,0.5607843137254902,0.5607843137254902,54.00030899224659,302438
0.4980392156862745,0.5686274509803921,0.5764705882352941,158.0009040884252,641694
0.45098039215686275,0.6196078431372549,0.5803921568627451,1.0000057220786405,180760
0.49411764705882355,0.596078431372549,0.5725490196078431,5.000028610393202,313992
0.4666666666666667,0.5607843137254902,0.596078431372549,281.00160790409797,484898
0.4823529411764706,0.5686274509803921,0.6078431372549019,518.0029640367358,580269
0.4549019607843137,0.592156862745098,0.6196078431372549,10.000057220786404,198181
0.49411764705882355,0.596078431372549,0.6039215686274509,55.00031471432523,429588
0.5450980392156862,0.6274509803921569,0.7568627450980392,32.000183106516495,901967
0.611764705882353,0.6823529411764706,0.7529411764705882,59.00033760263979,857381
0.5568627450980392,0.7176470588235294,0.7843137254901961,25.000143051966013,908211
0.6078431372549019,0.7176470588235294,0.8,149.00085258971743,153881
0.5882352941176471,0.7294117647058823,0.8156862745098039,5.000028610393202,915399
0.3137254901960784,0.41568627450980394,0.1568627450980392,1165.0066662216161,458619
0.32941176470588235,0.4196078431372549,0.16470588235294117,207.0011844702786,505749
0.3215686274509804,0.43137254901960786,0.16470588235294117,517.0029583146571,469957
0.32941176470588235,0.4235294117647059,0.16862745098039217,560.0032043640387,499540
0.3254901960784314,0.40784313725490196,0.1803921568627451,513.0029354263426,555871
0.32941176470588235,0.41568627450980394,0.17647058823529413,495.00283242892704,518995
0.3215686274509804,0.4235294117647059,0.1803921568627451,344.0019683950523,509764
0.33725490196078434,0.42745098039215684,0.1803921568627451,504.0028839276348,503632
0.08627450980392157,0.13333333333333333,0.19215686274509805,86.00049209876308,541281
0.09411764705882353,0.1450980392156863,0.20784313725490197,425.0024318834222,493121
0.06666666666666667,0.1568627450980392,0.21568627450980393,6.000034332471843,365070
0.11764705882352941,0.1607843137254902,0.20392156862745098,207.0011844702786,536138
0.08627450980392157,0.1450980392156863,0.2196078431372549,25.000143051966013,867781
0.10980392156862745,0.13725490196078433,0.23137254901960785,45.00025749353882,863770
0.08235294117647059,0.16470588235294117,0.23529411764705882,22.00012588573009,505422
0.12156862745098039,0.17647058823529413,0.23921568627450981,250.00143051966012,484932
0.2823529411764706,0.3568627450980392,0.18823529411764706,677.0038738472396,684824
0.2980392156862745,0.3568627450980392,0.2,19.00010871949417,597189
0.28627450980392155,0.37254901960784315,0.19607843137254902,944.0054016422366,554793
0.30196078431372547,0.3686274509803922,0.2,669.0038280706104,639794
0.28627450980392155,0.35294117647058826,0.20784313725490197,381.002180111962,605979
0.2980392156862745,0.3568627450980392,0.20392156862745098,76.00043487797667,612130
0.29411764705882354,0.3607843137254902,0.20392156862745098,699.0039997329696,595175
0.30196078431372547,0.36470588235294116,0.21176470588235294,785.0044918317328,587958
0.2,0.08627450980392157,0.06666666666666667,19.00010871949417,1036374
0.2196078431372549,0.06666666666666667,0.0784313725490196,5.000028610393202,1039492
0.19215686274509805,0.11372549019607843,0.06666666666666667,599.0034275251056,802462
0.24313725490196078,0.11764705882352941,0.08627450980392157,85.00048637668444,989270
0.18823529411764706,0.08235294117647059,0.11764705882352941,12.000068664943687,945334
0.23529411764705882,0.09019607843137255,0.10196078431372549,1.0000057220786405,1021083
0.19607843137254902,0.11764705882352941,0.10980392156862745,260.0014877404465,928449
0.2235294117647059,0.11372549019607843,0.10588235294117647,73.00041771174075,923413
0.6274509803921569,0.396078431372549,0.3254901960784314,82.00046921044851,956909
0.6313725490196078,0.42745098039215684,0.3333333333333333,315.00180245477173,1040393
0.6588235294117647,0.4196078431372549,0.3254901960784314,15.000085831179607,1022195
0.6235294117647059,0.403921568627451,0.34509803921568627,17.000097275336888,999501
0.6431372549019608,0.43137254901960786,0.35294117647058826,592.0033874705551,1045526
0.6627450980392157,0.43137254901960786,0.3607843137254902,19.00010871949417,913452
0.3843137254901961,0.18823529411764706,0.14901960784313725,79.0004520442126,992345
0.40784313725490196,0.19607843137254902,0.1411764705882353,17.000097275336888,1008858
0.4,0.24313725490196078,0.14901960784313725,172.00098419752615,888566
0.43529411764705883,0.23921568627450981,0.12941176470588237,153.000875478032,786033
0.3764705882352941,0.21568627450980393,0.17647058823529413,159.00090981050383,927338
0.43137254901960786,0.20784313725490197,0.1607843137254902,63.00036049095435,1012961
0.3764705882352941,0.22745098039215686,0.1803921568627451,263.00150490668244,942670
0.4196078431372549,0.24705882352941178,0.1568627450980392,127.00072670398734,879233
0.5254901960784314,0.5176470588235295,0.4549019607843137,109.00062370657182,451228
0.5450980392156862,0.5058823529411764,0.4627450980392157,121.0006923715155,133474
0.5254901960784314,0.5490196078431373,0.4549019607843137,59.00033760263979,436907
0.5568627450980392,0.5411764705882353,0.4588235294117647,132.00075531438054,656052
0.5019607843137255,0.5098039215686274,0.47843137254901963,181.0010356962339,259490
0.5333333333333333,0.5254901960784314,0.47843137254901963,172.00098419752615,386712
0.5176470588235295,0.5333333333333333,0.49019607843137253,91.00052070915628,348634
0.5372549019607843,0.5568627450980392,0.47843137254901963,155.00088692218927,399003
0.06274509803921569,0.03529411764705882,0.00784313725490196,1.0000057220786405,684752
0.08627450980392157,0.03137254901960784,0.011764705882352941,9.000051498707764,597736
0.07058823529411765,0.047058823529411764,0.00784313725490196,1.0000057220786405,684751
0.07058823529411765,0.03529411764705882,0.0196078431372549,2725.015592664295,866060
0.08627450980392157,0.043137254901960784,0.023529411764705882,1099.0062885644259,870101
0.07450980392156863,0.047058823529411764,0.027450980392156862,14.000080109100967,866015
0.08627450980392157,0.047058823529411764,0.027450980392156862,195.0011158053349,831241
0.27058823529411763,0.13333333333333333,0.01568627450980392,54.00030899224659,777991
0.2980392156862745,0.15294117647058825,0.027450980392156862,42.0002403273029,741092
0.30196078431372547,0.1568627450980392,0.0196078431372549,4.000022888314562,743141
0.27058823529411763,0.12941176470588237,0.043137254901960784,569.0032558627464,824962
0.2901960784313726,0.1411764705882353,0.043137254901960784,322.0018425093222,820018
0.30196078431372547,0.1568627450980392,0.054901960784313725,6.000034332471843,781047
0.28627450980392155,0.3764705882352941,0.19215686274509805,608.0034790238134,350132
0.30980392156862746,0.38823529411764707,0.18823529411764706,866.0049553201027,587595
0.28627450980392155,0.39215686274509803,0.19607843137254902,340.00194550673774,352149
0.2980392156862745,0.39215686274509803,0.2,304.0017395119067,349091
0.2901960784313726,0.38823529411764707,0.20392156862745098,483.00276376398335,338864
0.2980392156862745,0.3764705882352941,0.20392156862745098,706.0040397875201,612597
0.29411764705882354,0.403921568627451,0.20784313725490197,340.00194550673774,267913
0.2980392156862745,0.4,0.21568627450980393,290.0016594028057,517918
0.4470588235294118,0.4,0.3764705882352941,82.00046921044851,122225
0.49019607843137253,0.3764705882352941,0.396078431372549,61.00034904679707,909424
0.4588235294117647,0.43137254901960786,0.3764705882352941,233.00133324432323,301511
0.49411764705882355,0.4196078431372549,0.4,154.00088120011063,790943
0.4549019607843137,0.3803921568627451,0.41568627450980394,87.00049782084172,990566
0.4823529411764706,0.396078431372549,0.41568627450980394,98.00056076370677,882374
0.4666666666666667,0.4196078431372549,0.43137254901960786,177.00101280791935,110997
0.47843137254901963,0.43529411764705883,0.40784313725490196,90.00051498707764,376059
0.3215686274509804,0.3803921568627451,0.2196078431372549,807.0046177174629,582869
0.32941176470588235,0.3764705882352941,0.23137254901960785,564.0032272523532,557160
0.3176470588235294,0.396078431372549,0.2196078431372549,294.0016822911203,342700
0.3411764705882353,0.39215686274509803,0.23137254901960785,558.0031929198814,569546
0.3254901960784314,0.3843137254901961,0.23921568627450981,224.00128174561547,556126
0.3333333333333333,0.38823529411764707,0.24313725490196078,726.0041542290929,555133
0.3137254901960784,0.4,0.24313725490196078,312.0017852885358,107979
0.33725490196078434,0.39215686274509803,0.24313725490196078,439.0025119925232,572562
0.3215686274509804,0.1450980392156863,0.15294117647058825,22.00012588573009,1042583
0.34901960784313724,0.1450980392156863,0.12941176470588237,1.0000057220786405,1019121
0.3176470588235294,0.1843137254901961,0.15294117647058825,576.0032959172969,936576
0.3568627450980392,0.17254901960784313,0.12549019607843137,57.00032615848251,1030168
0.3176470588235294,0.15294117647058825,0.16470588235294117,12.000068664943687,954551
0.3568627450980392,0.15294117647058825,0.1568627450980392,1.0000057220786405,995521
0.3333333333333333,0.17647058823529413,0.1607843137254902,211.00120735859315,998571
0.34509803921568627,0.1843137254901961,0.16470588235294117,78.00044632213395,880726
0.5254901960784314,0.6235294117647059,0.6352941176470588,34.000194550673775,417345
0.5529411764705883,0.6235294117647059,0.6352941176470588,157.00089836634655,394818
0.5372549019607843,0.6627450980392157,0.6470588235294118,9.000051498707764,192031
0.5098039215686274,0.6235294117647059,0.6823529411764706,127.00072670398734,534159
0.5372549019607843,0.6313725490196078,0.6745098039215687,600.0034332471843,568994
0.5215686274509804,0.6784313725490196,0.6823529411764706,3.0000171662359216,151021
0.5411764705882353,0.6784313725490196,0.6705882352941176,24.000137329887373,153072
0.5686274509803921,0.6313725490196078,0.5803921568627451,113.00064659488638,575597
0.6,0.6352941176470588,0.5843137254901961,142.00081253516694,543452
0.5803921568627451,0.6666666666666666,0.5764705882352941,8.000045776629124,708308
0.6,0.6627450980392157,0.5843137254901961,70.00040054550483,630006
0.5803921568627451,0.6313725490196078,0.6039215686274509,165.00094414297567,503498
0.6078431372549019,0.6313725490196078,0.6039215686274509,336.0019226184232,357958
0.5882352941176471,0.6549019607843137,0.596078431372549,17.000097275336888,831912
0.6,0.6627450980392157,0.596078431372549,103.00058937409997,543772
0.3215686274509804,0.44313725490196076,0.1803921568627451,677.0038738472396,439114
0.36470588235294116,0.4470588235294118,0.1803921568627451,269.0015392391543,501597
0.2196078431372549,0.29411764705882354,0.12549019607843137,59.00033760263979,711602
0.23529411764705882,0.28627450980392155,0.12549019607843137,6.000034332471843,922604
0.2196078431372549,0.2980392156862745,0.12549019607843137,3108.017784220415,722896
0.23529411764705882,0.30980392156862746,0.13725490196078433,148.00084686763878,704449
0.22745098039215686,0.2823529411764706,0.15294117647058825,1.0000057220786405,596218
0.2235294117647059,0.30980392156862746,0.1411764705882353,391.00223733274845,630725
0.23921568627450981,0.3058823529411765,0.15294117647058825,1.0000057220786405,678695
0.19215686274509805,0.2901960784313726,0.19215686274509805,584.003341693926,134753
0.21176470588235294,0.29411764705882354,0.19607843137254902,13.000074387022327,471753
0.2,0.3058823529411765,0.19215686274509805,1575.0090122738588,134707
0.20392156862745098,0.3058823529411765,0.19607843137254902,1052.0060196267298,246623
0.18823529411764706,0.29411764705882354,0.20392156862745098,14.000080109100967,151183
0.2,0.3058823529411765,0.20392156862745098,288.00164795864845,164486
0.20392156862745098,0.30980392156862746,0.20392156862745098,151.0008640338747,149093
0.1450980392156863,0.2,0.3254901960784314,47.0002689376961,266712
0.16862745098039217,0.18823529411764706,0.3137254901960784,17.000097275336888,848413
0.1411764705882353,0.23921568627450981,0.3411764705882353,165.00094414297567,462442
0.17647058823529413,0.24705882352941178,0.3137254901960784,451.00258065746686,831006
0.12941176470588237,0.19607843137254902,0.36470588235294116,6.000034332471843,151845
0.17647058823529413,0.21568627450980393,0.34901960784313724,4.000022888314562,393757
0.15294117647058825,0.24705882352941178,0.34509803921568627,88.00050354292036,525936
0.16470588235294117,0.24313725490196078,0.37254901960784315,115.00065803904366,442929
0.6313725490196078,0.6862745098039216,0.7294117647058823,447.0025577691523,968526
0.6392156862745098,0.6901960784313725,0.7294117647058823,792.0045318862833,971608
0.6235294117647059,0.7137254901960784,0.7294117647058823,68.00038910134755,576173
0.6509803921568628,0.7058823529411765,0.7294117647058823,129.00073814814462,949163
0.6352941176470588,0.6862745098039216,0.7333333333333333,540.0030899224658,982826
0.6509803921568628,0.6980392156862745,0.7333333333333333,1041.0059566838647,870740
0.6352941176470588,0.7019607843137254,0.7450980392156863,135.00077248061646,971653
0.6470588235294118,0.7058823529411765,0.7450980392156863,349.0019970054455,584724
0.6235294117647059,0.5647058823529412,0.40784313725490196,976.0055847487531,127075
0.6392156862745098,0.5647058823529412,0.4196078431372549,38.00021743898834,123040
0.6352941176470588,0.5803921568627451,0.4117647058823529,281.00160790409797,152726
0.6392156862745098,0.5843137254901961,0.41568627450980394,139.00079536893102,155845
0.6352941176470588,0.5686274509803921,0.4235294117647059,602.0034446913415,25908
0.6392156862745098,0.5725490196078431,0.43137254901960786,667.0038166264532,61755
0.6352941176470588,0.5764705882352941,0.42745098039215684,169.00096703129023,60740
0.6431372549019608,0.5882352941176471,0.42745098039215684,573.003278751061,149656
0.7803921568627451,0.788235294117647,0.8235294117647058,144.00082397932422,847934
0.796078431372549,0.792156862745098,0.8196078431372549,49.000280381853386,910563
0.7803921568627451,0.8,0.8196078431372549,608.0034790238134,742707
0.8,0.796078431372549,0.8196078431372549,149.00085258971743,788542
0.7843137254901961,0.792156862745098,0.8313725490196079,52.00029754808931,781355
0.796078431372549,0.792156862745098,0.8274509803921568,13.000074387022327,895233
0.7803921568627451,0.807843137254902,0.8313725490196079,2328.013320999075,730424
0.8,0.807843137254902,0.8313725490196079,91.00052070915628,885611
0.7098039215686275,0.6431372549019608,0.5215686274509804,396.00226594314165,716462
0.7254901960784313,0.6352941176470588,0.5254901960784314,33.000188828595135,883355
0.6941176470588235,0.6588235294117647,0.5215686274509804,12.000068664943687,730793
0.7215686274509804,0.6588235294117647,0.5254901960784314,12.000068664943687,180528
0.7098039215686275,0.6274509803921569,0.5294117647058824,204.00116730404267,59605
0.7215686274509804,0.6431372549019608,0.5568627450980392,66.00037765719027,732497
0.7019607843137254,0.6588235294117647,0.5411764705882353,77.00044060005531,647482
0.7254901960784313,0.6627450980392157,0.5411764705882353,53.00030327016795,869999
0.25882352941176473,0.3764705882352941,0.12941176470588237,313.00179101061445,451547
0.26666666666666666,0.3803921568627451,0.12941176470588237,1136.0065002813355,489442
0.25882352941176473,0.39215686274509803,0.13725490196078433,7.0000400545504835,413694
0.2784313725490196,0.4,0.13725490196078433,145.00082970140286,513014
0.25882352941176473,0.3764705882352941,0.1450980392156863,414.0023689405572,425873
0.27058823529411763,0.3803921568627451,0.14901960784313725,1031.0058994630783,372735
0.2627450980392157,0.39215686274509803,0.14901960784313725,11.000062942865044,432987
0.27450980392156865,0.39215686274509803,0.14901960784313725,336.0019226184232,433023
0.6549019607843137,0.5686274509803921,0.4470588235294118,171.0009784754475,98473
0.6705882352941176,0.5647058823529412,0.4470588235294118,8.000045776629124,748901
0.6549019607843137,0.5843137254901961,0.45098039215686275,280.0016021820193,141546
0.6784313725490196,0.5764705882352941,0.4392156862745098,22.00012588573009,883357
0.6549019607843137,0.5725490196078431,0.4549019607843137,838.0047951019008,22804
0.6745098039215687,0.5686274509803921,0.4549019607843137,8.000045776629124,795230
0.6549019607843137,0.5764705882352941,0.4627450980392157,1858.010631622114,12551
0.6705882352941176,0.5843137254901961,0.4588235294117647,204.00116730404267,99583
0.4392156862745098,0.44313725490196076,0.21568627450980393,8.000045776629124,808750
0.47058823529411764,0.45098039215686275,0.21568627450980393,4.000022888314562,779026
0.4666666666666667,0.47058823529411764,0.19215686274509805,1.0000057220786405,905143
0.47843137254901963,0.4823529411764706,0.2,11.000062942865044,876398
0.4549019607843137,0.4666666666666667,0.24313725490196078,611.0034961900493,204919
0.47843137254901963,0.45098039215686275,0.24705882352941178,22.00012588573009,156693
0.45098039215686275,0.47058823529411764,0.24313725490196078,165.00094414297567,212086
0.4823529411764706,0.4823529411764706,0.24313725490196078,19.00010871949417,799525
0.28627450980392155,0.40784313725490196,0.1607843137254902,677.0038738472396,437068
0.3058823529411765,0.40784313725490196,0.1607843137254902,628.0035934653862,489294
0.2901960784313726,0.4235294117647059,0.16862745098039217,23.00013160780873,428875
0.3058823529411765,0.4235294117647059,0.16862745098039217,184.00105286246983,437111
0.28627450980392155,0.4117647058823529,0.1843137254901961,628.0035934653862,392012
0.3058823529411765,0.40784313725490196,0.1803921568627451,311.0017795664572,779068
0.28627450980392155,0.4235294117647059,0.17254901960784313,272.0015564053902,424768
0.30196078431372547,0.42745098039215684,0.17254901960784313,598.003421803027,438093
0.5098039215686274,0.4549019607843137,0.4666666666666667,72.00041198966211,828573
0.5450980392156862,0.4392156862745098,0.45098039215686275,68.00038910134755,992896
0.5019607843137255,0.4745098039215686,0.4627450980392157,161.0009212546611,306489
0.5529411764705883,0.4745098039215686,0.4627450980392157,134.00076675853782,795063
0.5137254901960784,0.4470588235294118,0.4823529411764706,62.00035476887571,999046
0.5490196078431373,0.4588235294117647,0.4980392156862745,65.00037193511163,977197
0.5215686274509804,0.4980392156862745,0.49411764705882355,157.00089836634655,285962
0.5490196078431373,0.49411764705882355,0.4823529411764706,111.0006351507291,882026
0.6313725490196078,0.5686274509803921,0.4470588235294118,57.00032615848251,728741
0.6470588235294118,0.5686274509803921,0.45098039215686275,1047.0059910163366,88191
0.6352941176470588,0.5803921568627451,0.4470588235294118,157.00089836634655,128286
0.6470588235294118,0.5764705882352941,0.4392156862745098,1160.006637611223,117908
0.6313725490196078,0.5607843137254902,0.4627450980392157,34.000194550673775,507113
0.6470588235294118,0.5647058823529412,0.4588235294117647,499.0028553172416,14561
0.6352941176470588,0.5882352941176471,0.4549019607843137,39.00022316106698,128294
0.6431372549019608,0.5803921568627451,0.4627450980392157,282.0016136261766,133371
0.4627450980392157,0.3803921568627451,0.4392156862745098,145.00082970140286,991886
0.4823529411764706,0.3803921568627451,0.44313725490196076,91.00052070915628,979251
0.4549019607843137,0.4235294117647059,0.4392156862745098,112.00064087280774,134532
0.49019607843137253,0.42745098039215684,0.4666666666666667,116.0006637611223,988826
0.4588235294117647,0.3764705882352941,0.47058823529411764,48.000274659774746,934666
0.4823529411764706,0.38823529411764707,0.4745098039215686,13.000074387022327,940805
0.4588235294117647,0.4235294117647059,0.48627450980392156,166.0009498650543,989860
0.4745098039215686,0.4235294117647059,0.4745098039215686,122.00069809359414,997014
0.5607843137254902,0.3803921568627451,0.2784313725490196,59.00033760263979,184623
0.6078431372549019,0.38823529411764707,0.2784313725490196,66.00037765719027,908311
0.5882352941176471,0.4235294117647059,0.2784313725490196,53.00030327016795,771692
0.6,0.4117647058823529,0.2784313725490196,35.000200272752416,787069
0.5843137254901961,0.3764705882352941,0.30196078431372547,176.0010070858407,906320
0.592156862745098,0.3843137254901961,0.2901960784313726,306.001750956064,1038341
0.5725490196078431,0.43529411764705883,0.2980392156862745,58.00033188056115,789142
0.6196078431372549,0.4235294117647059,0.2980392156862745,58.00033188056115,805649
0.7568627450980392,0.6901960784313725,0.6509803921568628,119.00068092735822,880926
0.807843137254902,0.7098039215686275,0.6235294117647059,30.000171662359215,820825
0.7725490196078432,0.7176470588235294,0.6431372549019608,99.00056648578541,415967
0.807843137254902,0.7254901960784313,0.6470588235294118,28.000160218201934,858736
0.7529411764705882,0.7019607843137254,0.6823529411764706,199.00113869364947,108936
0.7843137254901961,0.7058823529411765,0.6784313725490196,94.0005378753922,938276
0.7607843137254902,0.7215686274509804,0.6588235294117647,167.00095558713295,877412
0.7803921568627451,0.7333333333333333,0.6705882352941176,71.00040626758347,457954
0.2823529411764706,0.3803921568627451,0.23137254901960785,464.0026550444892,87505
0.3058823529411765,0.3764705882352941,0.2196078431372549,404.0023117197708,593096
0.28627450980392155,0.403921568627451,0.2235294117647059,703.0040226212842,237181
0.30196078431372547,0.4,0.23137254901960785,294.0016822911203,32194
0.2901960784313726,0.38823529411764707,0.23921568627450981,235.00134468848051,449214
0.30196078431372547,0.3843137254901961,0.23529411764705882,192.00109863909898,417473
0.2901960784313726,0.4,0.23921568627450981,484.002769486062,78300
0.2980392156862745,0.403921568627451,0.23529411764705882,442.0025291587591,194094
0.2549019607843137,0.3254901960784314,0.19215686274509805,293.00167656904165,652031
0.26666666666666666,0.3215686274509804,0.2,49.000280381853386,645883
0.2549019607843137,0.33725490196078434,0.19215686274509805,443.00253488083774,528143
0.27058823529411763,0.3333333333333333,0.19215686274509805,582.0033302497687,629533
0.2549019607843137,0.3254901960784314,0.21176470588235294,608.0034790238134,536316
0.26666666666666666,0.3254901960784314,0.21176470588235294,109.00062370657182,610045
0.2627450980392157,0.32941176470588235,0.20784313725490197,499.0028553172416,590603
0.27058823529411763,0.33725490196078434,0.21176470588235294,608.0034790238134,547596
0.32941176470588235,0.4666666666666667,0.5607843137254902,101.0005779299427,524920
0.34509803921568627,0.44313725490196076,0.5686274509803921,45.00025749353882,948030
0.3137254901960784,0.47058823529411764,0.5607843137254902,199.00113869364947,523892
0.3686274509803922,0.49019607843137253,0.5686274509803921,376.0021515015688,963563
0.32941176470588235,0.4588235294117647,0.6,6.000034332471843,151824
0.34509803921568627,0.4666666666666667,0.596078431372549,7.0000400545504835,166187
0.33725490196078434,0.49411764705882355,0.592156862745098,27.000154496123294,517747
0.34901960784313724,0.48627450980392156,0.596078431372549,35.000200272752416,169250
0.09019607843137255,0.027450980392156862,0.08627450980392157,1.0000057220786405,871857
0.06274509803921569,0.054901960784313725,0.06274509803921569,718.0041084524638,821618
0.09803921568627451,0.050980392156862744,0.07058823529411765,50.00028610393203,866739
0.07058823529411765,0.058823529411764705,0.09411764705882353,12.000068664943687,229799
0.09411764705882353,0.047058823529411764,0.12156862745098039,5.000028610393202,869811
0.6470588235294118,0.6941176470588235,0.6352941176470588,39.00022316106698,259333
0.6784313725490196,0.6980392156862745,0.6470588235294118,109.00062370657182,625371
0.6470588235294118,0.7372549019607844,0.6313725490196078,5.000028610393202,719628
0.6823529411764706,0.7215686274509804,0.6392156862745098,16.000091553258248,594646
0.6235294117647059,0.6901960784313725,0.6745098039215687,227.0012989118514,557113
0.6549019607843137,0.7058823529411765,0.6784313725490196,357.0020427820746,848397
0.6509803921568628,0.7294117647058823,0.6784313725490196,10.000057220786404,629477
0.6784313725490196,0.7254901960784313,0.6588235294117647,21.00012016365145,621264
0.33725490196078434,0.45098039215686275,0.2549019607843137,125.00071525983006,229980
0.3568627450980392,0.4470588235294118,0.2627450980392157,579.0033130835328,29103
0.35294117647058826,0.47058823529411764,0.2549019607843137,13.000074387022327,257646
0.3333333333333333,0.44313725490196076,0.3058823529411765,18.000102997415528,313994
0.3607843137254902,0.4392156862745098,0.30980392156862746,32.000183106516495,106928
0.37254901960784315,0.47058823529411764,0.30980392156862746,3.0000171662359216,352938
0.1568627450980392,0.1607843137254902,0.1607843137254902,659.003770849824,401812
0.17254901960784313,0.1607843137254902,0.1607843137254902,534.003055589994,494011
0.16862745098039217,0.17254901960784313,0.16470588235294117,35.000200272752416,685805
0.17647058823529413,0.17254901960784313,0.16862745098039217,231.00132180016595,471516
0.1607843137254902,0.16862745098039217,0.17647058823529413,640.0036621303299,535055
0.17647058823529413,0.16470588235294117,0.17647058823529413,181.0010356962339,388409
0.1568627450980392,0.17254901960784313,0.17254901960784313,275.0015735716261,428494
0.17254901960784313,0.17254901960784313,0.17647058823529413,519.0029697588144,533965
0.403921568627451,0.5176470588235295,0.5254901960784314,34.000194550673775,168427
0.41568627450980394,0.5019607843137255,0.5176470588235295,106.0006065403359,547396
0.39215686274509803,0.5411764705882353,0.5137254901960784,3.0000171662359216,219707
0.42745098039215684,0.5294117647058824,0.5254901960784314,6.000034332471843,450050
0.3843137254901961,0.5215686274509804,0.5372549019607843,205.0011730261213,483848
0.40784313725490196,0.5058823529411764,0.5450980392156862,354.0020256158387,617137
0.38823529411764707,0.5294117647058824,0.5568627450980392,8.000045776629124,301610
0.4196078431372549,0.5294117647058824,0.5568627450980392,52.00029754808931,583315
0.2235294117647059,0.18823529411764706,0.1568627450980392,693.0039654004978,547186
0.24705882352941178,0.19215686274509805,0.1568627450980392,826.0047264369571,502029
0.23137254901960785,0.20784313725490197,0.16862745098039217,28.000160218201934,694813
0.24313725490196078,0.20392156862745098,0.16470588235294117,147.00084114556014,563633
0.22745098039215686,0.19215686274509805,0.17647058823529413,452.0025863795455,414968
0.23529411764705882,0.2,0.1843137254901961,260.0014877404465,476539
0.23137254901960785,0.20784313725490197,0.17254901960784313,169.00096703129023,697888
0.24705882352941178,0.20784313725490197,0.1803921568627451,485.00277520814063,696912
0.5294117647058824,0.5725490196078431,0.4196078431372549,329.0018825638727,318643
0.5529411764705883,0.5647058823529412,0.41568627450980394,344.0019683950523,437408
0.5411764705882353,0.5803921568627451,0.4196078431372549,150.00085831179607,306363
0.5490196078431373,0.5803921568627451,0.41568627450980394,251.00143624173876,288975
0.5372549019607843,0.5607843137254902,0.4235294117647059,754.0043144472949,423010
0.5490196078431373,0.5725490196078431,0.43529411764705883,685.0039196238687,415862
0.5333333333333333,0.5803921568627451,0.43529411764705883,209.00119591443587,320701
0.5490196078431373,0.5843137254901961,0.4235294117647059,328.00187684179406,292052
0.5803921568627451,0.33725490196078434,0.3137254901960784,15.000085831179607,948697
0.5686274509803921,0.3686274509803922,0.3254901960784314,605.0034618575775,862221
0.596078431372549,0.37254901960784315,0.3137254901960784,50.00028610393203,1003633
0.5882352941176471,0.3686274509803922,0.34509803921568627,78.00044632213395,1026395
0.6,0.37254901960784315,0.34901960784313724,6.000034332471843,937184
0.13333333333333333,0.09019607843137255,0.12549019607843137,9.000051498707764,824702
0.13725490196078433,0.12156862745098039,0.12549019607843137,629.0035991874648,222546
0.1568627450980392,0.10980392156862745,0.13333333333333333,55.00031471432523,533197
0.12941176470588237,0.08235294117647059,0.1568627450980392,1.0000057220786405,880063
0.12549019607843137,0.12156862745098039,0.1568627450980392,46.00026321561746,305511
0.1568627450980392,0.12156862745098039,0.16470588235294117,12.000068664943687,897582
0.2196078431372549,0.1607843137254902,0.13333333333333333,478.00273515359015,606502
0.23921568627450981,0.1607843137254902,0.12549019607843137,65.00037193511163,161066
0.23137254901960785,0.17254901960784313,0.13333333333333333,320.00183106516494,601451
0.23921568627450981,0.17254901960784313,0.12549019607843137,546.0031242549377,690579
0.2196078431372549,0.16862745098039217,0.1411764705882353,102.00058365202133,463103
0.24705882352941178,0.1607843137254902,0.1411764705882353,42.0002403273029,930494
0.23137254901960785,0.17647058823529413,0.1411764705882353,934.0053444214502,567582
0.23921568627450981,0.1803921568627451,0.1411764705882353,519.0029697588144,603428
0.6862745098039216,0.5215686274509804,0.5058823529411764,18.000102997415528,994444
0.7176470588235294,0.5254901960784314,0.5176470588235295,1.0000057220786405,905371
0.7019607843137254,0.5450980392156862,0.5176470588235295,510.00291826010664,988290
0.7215686274509804,0.5568627450980392,0.5176470588235295,67.00038337926891,1037495
0.6862745098039216,0.5215686274509804,0.5372549019607843,1.0000057220786405,925886
0.6901960784313725,0.5450980392156862,0.5294117647058824,143.00081825724558,1033334
0.7176470588235294,0.5529411764705883,0.5294117647058824,8.000045776629124,989361
0.3411764705882353,0.15294117647058825,0.0784313725490196,10.000057220786404,887654
0.3333333333333333,0.17647058823529413,0.07450980392156863,261.00149346252516,848523
0.35294117647058826,0.17647058823529413,0.07058823529411765,201.00115013780675,864087
0.3333333333333333,0.1411764705882353,0.11372549019607843,9.000051498707764,960640
0.3686274509803922,0.14901960784313725,0.10980392156862745,1.0000057220786405,1010801
0.3137254901960784,0.16470588235294117,0.09803921568627451,233.00133324432323,890487
0.34901960784313724,0.1607843137254902,0.11764705882352941,32.000183106516495,928850
0.5882352941176471,0.6862745098039216,0.6941176470588235,18.000102997415528,520810
0.615686274509804,0.6901960784313725,0.7098039215686275,258.00147629628924,592011
0.5686274509803921,0.7176470588235294,0.7137254901960784,1.0000057220786405,839015
0.615686274509804,0.7294117647058823,0.7137254901960784,5.000028610393202,144875
0.5843137254901961,0.6862745098039216,0.7411764705882353,18.000102997415528,434741
0.611764705882353,0.7058823529411765,0.7450980392156863,419.0023975509504,508540
0.5803921568627451,0.7215686274509804,0.7294117647058823,8.000045776629124,842112
0.6078431372549019,0.7176470588235294,0.7254901960784313,15.000085831179607,877418
0.34901960784313724,0.4117647058823529,0.2196078431372549,661.0037822939813,283728
0.3686274509803922,0.4117647058823529,0.2196078431372549,236.00135041055916,223243
0.34509803921568627,0.42745098039215684,0.22745098039215686,183.0010471403912,303757
0.37254901960784315,0.42745098039215684,0.2235294117647059,484.002769486062,260179
0.3568627450980392,0.4117647058823529,0.23529411764705882,345.00197411713094,565479
0.3607843137254902,0.40784313725490196,0.24313725490196078,344.0019683950523,565449
0.34901960784313724,0.4235294117647059,0.23529411764705882,248.00141907550284,292953
0.3686274509803922,0.4235294117647059,0.24313725490196078,462.0026436003319,324635
0.2,0.2901960784313726,0.10588235294117647,12.000068664943687,765944
0.21176470588235294,0.29411764705882354,0.10588235294117647,28.000160218201934,813054
0.19607843137254902,0.3058823529411765,0.09803921568627451,1.0000057220786405,417763
0.21568627450980393,0.2980392156862745,0.10588235294117647,10.000057220786404,800762
0.2,0.2823529411764706,0.11372549019607843,794.0045433304406,885723
0.20784313725490197,0.2901960784313726,0.11764705882352941,1072.0061340683026,884696
0.2,0.2980392156862745,0.11764705882352941,1.0000057220786405,593917
0.21176470588235294,0.2980392156862745,0.11372549019607843,1036.0059280734715,858100
0.25882352941176473,0.3843137254901961,0.22745098039215686,762.004360223924,209536
0.2784313725490196,0.3843137254901961,0.2196078431372549,1148.0065689462792,29129
0.25882352941176473,0.39215686274509803,0.23137254901960785,14.000080109100967,468
0.27450980392156865,0.396078431372549,0.2235294117647059,529.0030269796008,221813
0.25098039215686274,0.3764705882352941,0.23529411764705882,63.00036049095435,182879
0.2784313725490196,0.38823529411764707,0.23529411764705882,201.00115013780675,140790
0.2627450980392157,0.39215686274509803,0.23529411764705882,11.000062942865044,206470
0.27058823529411763,0.4,0.23921568627450981,200.0011444157281,195153
0.8156862745098039,0.7764705882352941,0.7647058823529411,132.00075531438054,821386
0.8666666666666667,0.7764705882352941,0.7529411764705882,6.000034332471843,1046655
0.8117647058823529,0.7803921568627451,0.7764705882352941,184.00105286246983,860231
0.8470588235294118,0.8,0.7686274509803922,57.00032615848251,882974
0.8235294117647058,0.7764705882352941,0.7843137254901961,23.00013160780873,943383
0.8117647058823529,0.788235294117647,0.803921568627451,299.0017109015135,923870
0.8431372549019608,0.807843137254902,0.796078431372549,30.000171662359215,889687
0.5019607843137255,0.5294117647058824,0.38823529411764707,132.00075531438054,406623
0.5176470588235295,0.5294117647058824,0.3843137254901961,347.0019855612882,453797
0.5098039215686274,0.5529411764705883,0.3803921568627451,96.00054931954949,309418
0.5137254901960784,0.5568627450980392,0.3764705882352941,37.000211716909696,299189
0.5019607843137255,0.5294117647058824,0.39215686274509803,846.0048408785299,427076
0.5137254901960784,0.5411764705882353,0.403921568627451,721.0041256186997,423008
0.5019607843137255,0.5529411764705883,0.39215686274509803,387.0022144444339,329866
0.5137254901960784,0.5450980392156862,0.403921568627451,332.0018997301086,405592
0.6509803921568628,0.4392156862745098,0.33725490196078434,53.00030327016795,922671
0.6549019607843137,0.44313725490196076,0.3411764705882353,23.00013160780873,907282
0.6235294117647059,0.47058823529411764,0.3176470588235294,35.000200272752416,789112
0.6745098039215687,0.47843137254901963,0.32941176470588235,35.000200272752416,875341
0.6431372549019608,0.44313725490196076,0.37254901960784315,292.001670846963,934003
0.6627450980392157,0.44313725490196076,0.35294117647058826,214.00122452482907,996423
0.6274509803921569,0.4980392156862745,0.3568627450980392,26.000148774044654,787066
0.6705882352941176,0.47843137254901963,0.3686274509803922,41.00023460522426,879365
0.6627450980392157,0.7176470588235294,0.7568627450980392,275.0015735716261,979763
0.6784313725490196,0.7215686274509804,0.7568627450980392,1071.006128346224,591950
0.6588235294117647,0.7333333333333333,0.7529411764705882,30.000171662359215,474734
0.6745098039215687,0.7333333333333333,0.7490196078431373,92.00052643123492,636151
0.6627450980392157,0.7176470588235294,0.7647058823529411,382.00218583404063,722951
0.6705882352941176,0.7294117647058823,0.7764705882352941,703.0040226212842,617659
0.6666666666666666,0.7333333333333333,0.7764705882352941,40.00022888314562,614584
0.6823529411764706,0.7333333333333333,0.7725490196078432,274.0015678495475,670734
0.32941176470588235,0.4470588235294118,0.4470588235294118,14.000080109100967,420441
0.37254901960784315,0.4392156862745098,0.4666666666666667,76.00043487797667,346640
0.3137254901960784,0.4980392156862745,0.4627450980392157,5.000028610393202,162303
0.3568627450980392,0.48627450980392156,0.4627450980392157,6.000034332471843,678613
0.32941176470588235,0.4549019607843137,0.4980392156862745,167.00095558713295,481798
0.3607843137254902,0.4588235294117647,0.4980392156862745,395.002260221063,500258
0.33725490196078434,0.47058823529411764,0.49411764705882355,7.0000400545504835,101753
0.36470588235294116,0.47843137254901963,0.49019607843137253,42.0002403273029,481817
0.10196078431372549,0.10588235294117647,0.12549019607843137,262.0014991846038,485871
0.11372549019607843,0.10588235294117647,0.12941176470588237,88.00050354292036,234911
0.09803921568627451,0.10980392156862745,0.13333333333333333,600.0034332471843,505337
0.12156862745098039,0.11764705882352941,0.12941176470588237,1195.0068378839753,618063
0.09411764705882353,0.10588235294117647,0.1450980392156863,50.00028610393203,383510
0.10980392156862745,0.10588235294117647,0.1411764705882353,9.000051498707764,358672
0.10196078431372549,0.11372549019607843,0.14901960784313725,337.0019283405018,381501
0.12156862745098039,0.12156862745098039,0.15294117647058825,307.0017566781426,410210
0.7294117647058823,0.7607843137254902,0.8117647058823529,11.000062942865044,839774
0.7450980392156863,0.7568627450980392,0.8156862745098039,27.000154496123294,857244
0.7176470588235294,0.7686274509803922,0.8117647058823529,1692.0096817570598,699419
0.7372549019607844,0.7764705882352941,0.8196078431372549,1086.0062141774035,711773
0.7176470588235294,0.7607843137254902,0.8274509803921568,2.000011444157281,869940
0.7333333333333333,0.7490196078431373,0.8313725490196079,2.000011444157281,821798
0.7215686274509804,0.7686274509803922,0.8352941176470589,19.00010871949417,860498
0.7372549019607844,0.7647058823529411,0.8274509803921568,8.000045776629124,818275
0.2549019607843137,0.34901960784313724,0.2196078431372549,493.00282098476976,424649
0.26666666666666666,0.34509803921568627,0.2196078431372549,270.0015449612329,534276
0.2549019607843137,0.36470588235294116,0.2196078431372549,1196.006843606054,76268
0.26666666666666666,0.37254901960784315,0.2235294117647059,706.0040397875201,93666
0.2549019607843137,0.34901960784313724,0.23529411764705882,46.00026321561746,511719
0.2784313725490196,0.34509803921568627,0.23529411764705882,47.0002689376961,563962
0.2549019607843137,0.3607843137254902,0.23529411764705882,38.00021743898834,491249
0.2784313725490196,0.3686274509803922,0.23529411764705882,29.000165940280574,458436
0.5019607843137255,0.2784313725490196,0.19215686274509805,44.00025177146018,1044495
0.5294117647058824,0.27450980392156865,0.18823529411764706,10.000057220786404,1035276
0.5058823529411764,0.29411764705882354,0.18823529411764706,63.00036049095435,752354
0.5333333333333333,0.28627450980392155,0.21568627450980393,44.00025177146018,915507
0.5098039215686274,0.27450980392156865,0.2196078431372549,37.000211716909696,1005652
0.5294117647058824,0.2784313725490196,0.23137254901960785,6.000034332471843,1017068
0.5098039215686274,0.2980392156862745,0.23921568627450981,376.0021515015688,906295
0.5450980392156862,0.30980392156862746,0.23921568627450981,126.0007209819087,944223
0.44313725490196076,0.47058823529411764,0.3254901960784314,285.0016307924125,494706
0.4549019607843137,0.47843137254901963,0.3137254901960784,353.00201989376006,567399
0.4392156862745098,0.48627450980392156,0.3215686274509804,62.00035476887571,347209
0.4666666666666667,0.49411764705882355,0.3176470588235294,69.00039482342619,604357
0.4392156862745098,0.4823529411764706,0.3411764705882353,945.0054073643153,431106
0.4627450980392157,0.47843137254901963,0.3333333333333333,355.00203133791734,480395
0.44313725490196076,0.48627450980392156,0.3411764705882353,548.003135699095,402454
0.4627450980392157,0.48627450980392156,0.3333333333333333,203.00116158196403,492685
0.403921568627451,0.24705882352941178,0.2627450980392157,156.0008926442679,967170
0.4392156862745098,0.23921568627450981,0.25882352941176473,14.000080109100967,971030
0.3764705882352941,0.24705882352941178,0.3137254901960784,2.000011444157281,932032
0.4470588235294118,0.4823529411764706,0.34901960784313724,414.0023689405572,476184
0.4549019607843137,0.4823529411764706,0.34509803921568627,74.00042343381939,482363
0.45098039215686275,0.49411764705882355,0.34509803921568627,698.003994010891,388156
0.4549019607843137,0.49411764705882355,0.35294117647058826,1248.0071411541433,395326
0.44313725490196076,0.4823529411764706,0.3686274509803922,4.000022888314562,582375
0.4549019607843137,0.47843137254901963,0.37254901960784315,5.000028610393202,470723
0.44313725490196076,0.48627450980392156,0.3607843137254902,3.0000171662359216,389795
0.4588235294117647,0.4980392156862745,0.3607843137254902,306.001750956064,439328
0.7607843137254902,0.7568627450980392,0.792156862745098,586.0033531380833,911593
0.7647058823529411,0.7607843137254902,0.788235294117647,219.00125313522227,924976
0.7490196078431373,0.7725490196078432,0.792156862745098,524.0029983692076,955359
0.7764705882352941,0.7647058823529411,0.7803921568627451,240.00137329887372,886948
0.7490196078431373,0.7607843137254902,0.796078431372549,210.0012016365145,961890
0.7764705882352941,0.7607843137254902,0.796078431372549,32.000183106516495,905491
0.7607843137254902,0.7686274509803922,0.8,602.0034446913415,786488
0.7764705882352941,0.7686274509803922,0.796078431372549,302.0017280677494,924973
0.6941176470588235,0.6901960784313725,0.7294117647058823,330.00188828595134,942481
0.7098039215686275,0.6862745098039216,0.7254901960784313,293.00167656904165,1000969
0.6941176470588235,0.7137254901960784,0.7254901960784313,120.00068664943686,184838
0.7137254901960784,0.7058823529411765,0.7294117647058823,65.00037193511163,825471
0.6901960784313725,0.6980392156862745,0.7450980392156863,745.0042629485871,844935
0.7019607843137254,0.6980392156862745,0.7333333333333333,256.00146485213196,913639
0.6901960784313725,0.7019607843137254,0.7450980392156863,379.0021686678047,987614
0.7058823529411765,0.7019607843137254,0.7411764705882353,522.0029869250503,832528
0.5882352941176471,0.5137254901960784,0.2549019607843137,4.000022888314562,768775
0.615686274509804,0.5254901960784314,0.27450980392156865,4.000022888314562,759550
0.5647058823529412,0.5294117647058824,0.27450980392156865,3.0000171662359216,787225
0.615686274509804,0.5294117647058824,0.2784313725490196,2.000011444157281,753400
0.5607843137254902,0.5254901960784314,0.30980392156862746,265.0015163508397,156728
0.6196078431372549,0.5058823529411764,0.28627450980392155,2.000011444157281,826172
0.5647058823529412,0.5411764705882353,0.30980392156862746,381.002180111962,172134
0.6078431372549019,0.5411764705882353,0.29411764705882354,12.000068664943687,744176
0.592156862745098,0.6549019607843137,0.6941176470588235,270.0015449612329,1035184
0.6078431372549019,0.6549019607843137,0.6980392156862745,227.0012989118514,1046465
0.6,0.6705882352941176,0.6980392156862745,126.0007209819087,583796
0.615686274509804,0.6705882352941176,0.6862745098039216,143.00081825724558,291268
0.596078431372549,0.6549019607843137,0.7058823529411765,645.0036907407231,927702
0.6196078431372549,0.6666666666666666,0.7019607843137254,629.0035991874648,1010562
0.592156862745098,0.6745098039215687,0.7019607843137254,188.0010757507844,388654
0.611764705882353,0.6745098039215687,0.7058823529411765,438.00250627044454,1019880
0.22745098039215686,0.34509803921568627,0.16862745098039217,134.00076675853782,413472
0.23529411764705882,0.35294117647058826,0.1607843137254902,326.0018653976368,376639
0.23137254901960785,0.3607843137254902,0.16862745098039217,5.000028610393202,410405
0.24705882352941178,0.3607843137254902,0.1607843137254902,168.0009613092116,437032
0.22745098039215686,0.34901960784313724,0.1803921568627451,593.0033931926338,343873
0.23529411764705882,0.34901960784313724,0.17647058823529413,936.0053558656075,356163
0.22745098039215686,0.3607843137254902,0.1843137254901961,37.000211716909696,408344
0.24313725490196078,0.3607843137254902,0.17647058823529413,455.0026035457814,420638
0.6235294117647059,0.5372549019607843,0.41568627450980394,465.00266076656783,74861
0.6470588235294118,0.5372549019607843,0.40784313725490196,12.000068664943687,749926
0.6274509803921569,0.5490196078431373,0.41568627450980394,604.0034561354988,92271
0.6431372549019608,0.5568627450980392,0.41568627450980394,32.000183106516495,739977
0.6235294117647059,0.5294117647058824,0.4235294117647059,665.0038051822959,28854
0.6431372549019608,0.5411764705882353,0.4235294117647059,18.000102997415528,794205
0.6313725490196078,0.5490196078431373,0.43529411764705883,539.0030842003872,6394
0.6392156862745098,0.5568627450980392,0.43137254901960786,298.00170517943485,101479
0.3803921568627451,0.3333333333333333,0.39215686274509803,96.00054931954949,1006202
0.4117647058823529,0.33725490196078434,0.38823529411764707,88.00050354292036,983708
0.396078431372549,0.3568627450980392,0.3803921568627451,105.00060081825725,114099
0.4196078431372549,0.34509803921568627,0.396078431372549,84.0004806546058,960180
0.3764705882352941,0.3333333333333333,0.43529411764705883,49.000280381853386,932625
0.4117647058823529,0.32941176470588235,0.4196078431372549,21.00012016365145,925514
0.3803921568627451,0.34509803921568627,0.43137254901960786,100.00057220786405,958150
0.43137254901960786,0.3568627450980392,0.40784313725490196,110.00062942865046,984734
0.4745098039215686,0.5019607843137255,0.3568627450980392,103.00058937409997,417837
0.49019607843137253,0.5098039215686274,0.34901960784313724,241.00137902095236,475303
0.4745098039215686,0.5254901960784314,0.3568627450980392,32.000183106516495,325773
0.4980392156862745,0.5176470588235295,0.3568627450980392,74.00042343381939,476326
0.4745098039215686,0.5098039215686274,0.36470588235294116,1027.0058765747638,419874
0.48627450980392156,0.5019607843137255,0.3607843137254902,360.00205994831055,470128
0.47843137254901963,0.5137254901960784,0.37254901960784315,557.0031871978027,396377
0.49411764705882355,0.5137254901960784,0.36470588235294116,216.00123596898635,477323
0.2196078431372549,0.3137254901960784,0.09411764705882353,20.00011444157281,472002
0.2196078431372549,0.3333333333333333,0.09411764705882353,147.00084114556014,454637
0.23921568627450981,0.3411764705882353,0.10588235294117647,54.00030899224659,480218
0.23137254901960785,0.3137254901960784,0.12156862745098039,1380.0078964685238,826277
0.23921568627450981,0.3215686274509804,0.12156862745098039,563.0032215302746,803797
0.22745098039215686,0.32941176470588235,0.11372549019607843,246.00140763134556,543729
0.23921568627450981,0.32941176470588235,0.12156862745098039,188.0010757507844,540606
0.8745098039215686,0.788235294117647,0.7490196078431373,25.000143051966013,907420
0.8901960784313725,0.8588235294117647,0.7803921568627451,55.00031471432523,205131
0.9450980392156862,0.8392156862745098,0.7764705882352941,4.000022888314562,1007731
0.8823529411764706,0.8666666666666667,0.8352941176470589,77.00044060005531,913594
0.9529411764705882,0.8666666666666667,0.8156862745098039,1.0000057220786405,1007732
0.15294117647058825,0.2627450980392157,0.32941176470588235,10.000057220786404,518753
0.1843137254901961,0.2549019607843137,0.3411764705882353,214.00122452482907,878073
0.1450980392156863,0.2980392156862745,0.33725490196078434,5.000028610393202,110003
0.16470588235294117,0.28627450980392155,0.32941176470588235,6.000034332471843,361007
0.14901960784313725,0.25882352941176473,0.3686274509803922,43.00024604938154,554634
0.17647058823529413,0.2549019607843137,0.3568627450980392,322.0018425093222,252393
0.15294117647058825,0.30196078431372547,0.3607843137254902,2.000011444157281,234997
0.17647058823529413,0.2901960784313726,0.37254901960784315,43.00024604938154,500290
0.027450980392156862,0.06274509803921569,0.08627450980392157,1.0000057220786405,225671
0.058823529411764705,0.06274509803921569,0.07450980392156863,454.0025978237028,809505
0.011764705882352941,0.07058823529411765,0.11372549019607843,4.000022888314562,222629
0.054901960784313725,0.06666666666666667,0.09411764705882353,182.00104141831255,864724
0.058823529411764705,0.09803921568627451,0.12156862745098039,3.0000171662359216,855489
0.2549019607843137,0.2,0.1568627450980392,490.00280381853383,755185
0.26666666666666666,0.2,0.1568627450980392,154.00088120011063,624992
0.25882352941176473,0.20392156862745098,0.16470588235294117,355.00203133791734,494891
0.2784313725490196,0.21568627450980393,0.1607843137254902,545.003118532859,601446
0.25882352941176473,0.19607843137254902,0.17254901960784313,47.0002689376961,359654
0.26666666666666666,0.19607843137254902,0.17254901960784313,28.000160218201934,497349
0.25098039215686274,0.20784313725490197,0.17647058823529413,575.0032901952183,692729
0.27450980392156865,0.20784313725490197,0.17254901960784313,374.0021400574115,628019
0.9019607843137255,0.9058823529411765,0.796078431372549,20.00011444157281,217435
0.9529411764705882,0.8941176470588236,0.7764705882352941,2.000011444157281,147695
0.9019607843137255,0.8941176470588236,0.8627450980392157,132.00075531438054,211232
0.9372549019607843,0.8901960784313725,0.8549019607843137,2.000011444157281,1006715
0.9098039215686274,0.9490196078431372,0.8666666666666667,1.0000057220786405,232854
0.9529411764705882,0.9490196078431372,0.8705882352941177,2.000011444157281,505543
0.3843137254901961,0.4196078431372549,0.25882352941176473,401.00229455353485,535738
0.39215686274509803,0.41568627450980394,0.2627450980392157,114.00065231696502,382628
0.38823529411764707,0.4235294117647059,0.25882352941176473,231.00132180016595,539831
0.403921568627451,0.43137254901960786,0.2627450980392157,328.00187684179406,538835
0.38823529411764707,0.41568627450980394,0.27058823529411763,479.0027408756688,553035
0.396078431372549,0.4196078431372549,0.27450980392156865,60.00034332471843,535583
0.38823529411764707,0.4235294117647059,0.27058823529411763,439.0025119925232,538786
0.396078431372549,0.42745098039215684,0.2784313725490196,487.0027866522979,518269
0.6352941176470588,0.6235294117647059,0.5176470588235295,83.00047493252715,691909
0.6588235294117647,0.6313725490196078,0.5137254901960784,112.00064087280774,677550
0.6235294117647059,0.6705882352941176,0.5176470588235295,9.000051498707764,709332
0.6627450980392157,0.6588235294117647,0.5137254901960784,21.00012016365145,174342
0.6509803921568628,0.6235294117647059,0.5490196078431373,157.00089836634655,440573
0.6784313725490196,0.6352941176470588,0.5411764705882353,169.00096703129023,238884
0.6509803921568628,0.6588235294117647,0.5411764705882353,49.000280381853386,615686
0.6588235294117647,0.6705882352941176,0.5490196078431373,34.000194550673775,569587
0.7176470588235294,0.7490196078431373,0.7490196078431373,110.00062942865046,415385
0.7333333333333333,0.7490196078431373,0.7529411764705882,242.001384743031,788861
0.7294117647058823,0.7725490196078432,0.7607843137254902,37.000211716909696,143628
0.7450980392156863,0.7686274509803922,0.7490196078431373,84.0004806546058,473761
0.7215686274509804,0.7490196078431373,0.7725490196078432,1386.0079308009956,1043215
0.7372549019607844,0.7607843137254902,0.7764705882352941,504.0028839276348,1003368
0.7294117647058823,0.7764705882352941,0.7764705882352941,48.000274659774746,149984
0.7333333333333333,0.7647058823529411,0.7764705882352941,125.00071525983006,116071
0.07450980392156863,0.0392156862745098,0.03137254901960784,448.00256349123094,891602
0.0784313725490196,0.043137254901960784,0.0392156862745098,65.00037193511163,220505
0.07058823529411765,0.047058823529411764,0.0392156862745098,118.00067520527958,898786
0.09019607843137255,0.054901960784313725,0.03529411764705882,760.0043487797667,793278
0.06666666666666667,0.0392156862745098,0.054901960784313725,52.00029754808931,860551
0.08627450980392157,0.0392156862745098,0.058823529411764705,7.0000400545504835,963788
0.06274509803921569,0.054901960784313725,0.054901960784313725,789.0045147200474,483695
0.0784313725490196,0.058823529411764705,0.058823529411764705,274.0015678495475,846171
0.7490196078431373,0.6392156862745098,0.6235294117647059,93.00053215331356,916635
0.7843137254901961,0.6470588235294118,0.6352941176470588,11.000062942865044,994473
0.7686274509803922,0.6705882352941176,0.6509803921568628,149.00085258971743,939253
0.807843137254902,0.6705882352941176,0.6392156862745098,106.0006065403359,961714
0.7686274509803922,0.6509803921568628,0.6588235294117647,4.000022888314562,915581
0.7607843137254902,0.6666666666666666,0.6588235294117647,226.00129318977275,965922
0.7843137254901961,0.6666666666666666,0.6549019607843137,38.00021743898834,852139
0.8117647058823529,0.8431372549019608,0.8549019607843137,281.00160790409797,835813
0.8392156862745098,0.8431372549019608,0.8431372549019608,436.00249482628726,833715
0.8235294117647058,0.8627450980392157,0.8509803921568627,41.00023460522426,833796
0.8392156862745098,0.8705882352941177,0.8549019607843137,54.00030899224659,182806
0.8235294117647058,0.8509803921568627,0.8627450980392157,795.0045490525192,836018
0.8274509803921568,0.8509803921568627,0.8705882352941177,659.003770849824,798043
0.8196078431372549,0.8627450980392157,0.8705882352941177,68.00038910134755,851383
0.8392156862745098,0.8588235294117647,0.8627450980392157,166.0009498650543,820391
0.33725490196078434,0.396078431372549,0.5098039215686274,27.000154496123294,940852
0.3568627450980392,0.403921568627451,0.5254901960784314,34.000194550673775,973132
0.3215686274509804,0.41568627450980394,0.5019607843137255,313.00179101061445,964490
0.3686274509803922,0.43529411764705883,0.5058823529411764,113.00064659488638,308713
0.3176470588235294,0.4,0.5294117647058824,3.0000171662359216,370185
0.3607843137254902,0.38823529411764707,0.5450980392156862,6.000034332471843,859483
0.3215686274509804,0.43137254901960786,0.5529411764705883,84.0004806546058,965572
0.35294117647058826,0.43529411764705883,0.5490196078431373,39.00022316106698,864666
0.12549019607843137,0.13725490196078433,0.1607843137254902,273.00156212746884,591399
0.15294117647058825,0.13725490196078433,0.1607843137254902,53.00030327016795,835864
0.13333333333333333,0.1450980392156863,0.1607843137254902,621.0035534108357,410019
0.15294117647058825,0.15294117647058825,0.16862745098039217,788.0045089979687,539159
0.12941176470588237,0.13725490196078433,0.17254901960784313,60.00034332471843,323104
0.14901960784313725,0.12549019607843137,0.17647058823529413,16.000091553258248,861574
0.13725490196078433,0.15294117647058825,0.17647058823529413,408.00233460808533,215509
0.1450980392156863,0.14901960784313725,0.17647058823529413,249.00142479758148,277788
0.07058823529411765,0.07450980392156863,0.09803921568627451,151.0008640338747,333247
0.08235294117647059,0.07450980392156863,0.09411764705882353,63.00036049095435,845173
0.07058823529411765,0.08235294117647059,0.10196078431372549,426.00243760550086,502262
0.0784313725490196,0.08235294117647059,0.09411764705882353,1413.008085297119,222575
0.07450980392156863,0.07450980392156863,0.11372549019607843,15.000085831179607,303480
0.0784313725490196,0.07450980392156863,0.11764705882352941,9.000051498707764,302456
0.06274509803921569,0.09019607843137255,0.10980392156862745,147.00084114556014,353543
0.09019607843137255,0.08627450980392157,0.11372549019607843,222.0012703014582,833815
0.7490196078431373,0.788235294117647,0.7803921568627451,162.00092697673975,509603
0.7647058823529411,0.7843137254901961,0.788235294117647,354.0020256158387,713022
0.7568627450980392,0.803921568627451,0.792156862745098,24.000137329887373,179729
0.7647058823529411,0.796078431372549,0.7803921568627451,60.00034332471843,354853
0.7568627450980392,0.7843137254901961,0.803921568627451,1310.007495923019,1036079
0.7647058823529411,0.7803921568627451,0.796078431372549,337.0019283405018,778288
0.7529411764705882,0.796078431372549,0.803921568627451,66.00037765719027,931690
0.7764705882352941,0.8,0.8,124.00070953775142,648466
0.3803921568627451,0.4392156862745098,0.25882352941176473,549.0031414211736,321602
0.403921568627451,0.45098039215686275,0.25882352941176473,73.00041771174075,27024
0.38823529411764707,0.4588235294117647,0.2627450980392157,97.00055504162813,294008
0.4,0.4666666666666667,0.25882352941176473,158.0009040884252,277633
0.38823529411764707,0.45098039215686275,0.27058823529411763,632.0036163537007,317513
0.39215686274509803,0.4470588235294118,0.26666666666666666,196.00112152741355,88493
0.38823529411764707,0.4588235294117647,0.2784313725490196,168.0009613092116,337964
0.396078431372549,0.4588235294117647,0.27450980392156865,560.0032043640387,319549
0.40784313725490196,0.4392156862745098,0.29411764705882354,458.00262071201735,505934
0.42745098039215684,0.45098039215686275,0.2901960784313726,199.00113869364947,521375
0.4117647058823529,0.4588235294117647,0.29411764705882354,197.00112724949219,344126
0.43529411764705883,0.4549019607843137,0.29411764705882354,171.0009784754475,562267
0.4117647058823529,0.45098039215686275,0.30196078431372547,514.0029411484212,501828
0.42745098039215684,0.4470588235294118,0.30196078431372547,179.00102425207663,497776
0.40784313725490196,0.4666666666666667,0.30196078431372547,283.00161934825525,368654
0.43529411764705883,0.4549019607843137,0.30980392156862746,419.0023975509504,491624
0.7490196078431373,0.5450980392156862,0.4117647058823529,3.0000171662359216,879446
0.7529411764705882,0.5647058823529412,0.3764705882352941,58.00033188056115,853617
0.8156862745098039,0.6196078431372549,0.38823529411764707,1.0000057220786405,844445
0.7490196078431373,0.5529411764705883,0.4823529411764706,8.000045776629124,1019018
0.7568627450980392,0.5725490196078431,0.4980392156862745,81.00046348836987,1022094
0.1843137254901961,0.2901960784313726,0.08627450980392157,1.0000057220786405,414691
0.1803921568627451,0.27058823529411763,0.11764705882352941,598.003421803027,657403
0.1843137254901961,0.2823529411764706,0.12156862745098039,3.0000171662359216,641016
0.34509803921568627,0.40784313725490196,0.2549019607843137,199.00113869364947,547980
0.37254901960784315,0.40784313725490196,0.2627450980392157,628.0035934653862,531556
0.3568627450980392,0.42745098039215684,0.25098039215686274,298.00170517943485,33187
0.36470588235294116,0.43137254901960786,0.2627450980392157,510.00291826010664,89533
0.3568627450980392,0.40784313725490196,0.26666666666666666,26.000148774044654,524345
0.36470588235294116,0.4117647058823529,0.26666666666666666,532.0030441458367,533569
0.34509803921568627,0.43529411764705883,0.26666666666666666,39.00022316106698,80323
0.37254901960784315,0.43529411764705883,0.26666666666666666,166.0009498650543,348184
0.5803921568627451,0.5176470588235295,0.5764705882352941,57.00032615848251,934125
0.6078431372549019,0.5254901960784314,0.5607843137254902,19.00010871949417,1006988
0.5882352941176471,0.5294117647058824,0.5607843137254902,181.0010356962339,895292
0.6,0.5490196078431373,0.5725490196078431,154.00088120011063,986472
0.5725490196078431,0.5137254901960784,0.596078431372549,4.000022888314562,929591
0.596078431372549,0.5019607843137255,0.6,3.0000171662359216,929574
0.5882352941176471,0.5490196078431373,0.6039215686274509,128.00073242606598,828505
0.596078431372549,0.5568627450980392,0.6039215686274509,51.00029182601067,899574
0.7686274509803922,0.6274509803921569,0.5764705882352941,72.00041198966211,958951
0.788235294117647,0.6509803921568628,0.5843137254901961,67.00038337926891,995527
0.7764705882352941,0.6627450980392157,0.5647058823529412,18.000102997415528,333283
0.792156862745098,0.6784313725490196,0.5647058823529412,18.000102997415528,862848
0.7529411764705882,0.6470588235294118,0.6078431372549019,245.00140190926692,1003078
0.7803921568627451,0.6313725490196078,0.596078431372549,85.00048637668444,1022987
0.7647058823529411,0.6627450980392157,0.592156862745098,41.00023460522426,855080
0.803921568627451,0.6666666666666666,0.6196078431372549,48.000274659774746,1029356
0.5019607843137255,0.3137254901960784,0.21568627450980393,90.00051498707764,767727
0.5529411764705883,0.3411764705882353,0.20392156862745098,74.00042343381939,821854
0.5058823529411764,0.34509803921568627,0.21568627450980393,21.00012016365145,778858
0.5450980392156862,0.37254901960784315,0.19607843137254902,33.000188828595135,838470
0.5019607843137255,0.3333333333333333,0.22745098039215686,104.00059509617861,876246
0.5294117647058824,0.3215686274509804,0.24705882352941178,107.00061226241453,907340
0.5058823529411764,0.3607843137254902,0.23529411764705882,77.00044060005531,884465
0.5294117647058824,0.3607843137254902,0.2235294117647059,82.00046921044851,878185
0.3803921568627451,0.18823529411764706,0.07058823529411765,142.00081253516694,844616
0.4235294117647059,0.19607843137254902,0.06666666666666667,120.00068664943686,804461
0.3843137254901961,0.2235294117647059,0.08627450980392157,1.0000057220786405,182576
0.42745098039215684,0.2196078431372549,0.09019607843137255,6.000034332471843,846667
0.403921568627451,0.21568627450980393,0.10588235294117647,148.00084686763878,807528
0.40784313725490196,0.20784313725490197,0.10588235294117647,41.00023460522426,819860
0.4,0.2235294117647059,0.12156862745098039,40.00022888314562,769775
0.43529411764705883,0.23137254901960785,0.10980392156862745,88.00050354292036,852649
0.09803921568627451,0.09803921568627451,0.06666666666666667,5.000028610393202,675546
0.11764705882352941,0.09411764705882353,0.07450980392156863,52.00029754808931,695739
0.12156862745098039,0.11372549019607843,0.07058823529411765,2.000011444157281,838989
0.10196078431372549,0.09411764705882353,0.09019607843137255,254.00145340797468,478504
0.10980392156862745,0.09411764705882353,0.08627450980392157,2017.0115414326178,610767
0.09803921568627451,0.10980392156862745,0.08627450980392157,1.0000057220786405,417035
0.12156862745098039,0.10980392156862745,0.09019607843137255,6.000034332471843,675343
0.10588235294117647,0.2196078431372549,0.1568627450980392,3.0000171662359216,65268
0.11764705882352941,0.22745098039215686,0.1568627450980392,1415.0080967412762,63248
0.12156862745098039,0.23529411764705882,0.16862745098039217,827.0047321590357,76549
0.12156862745098039,0.23137254901960785,0.17254901960784313,12.000068664943687,87786
0.12156862745098039,0.23921568627450981,0.17647058823529413,59.00033760263979,67317
0.5098039215686274,0.27450980392156865,0.25882352941176473,7.0000400545504835,992445
0.5058823529411764,0.30980392156862746,0.2627450980392157,348.00199128336686,1036383
0.5372549019607843,0.30980392156862746,0.2784313725490196,83.00047493252715,900240
0.5019607843137255,0.2784313725490196,0.28627450980392155,2.000011444157281,928979
0.5411764705882353,0.2784313725490196,0.2901960784313726,1.0000057220786405,996547
0.5176470588235295,0.30196078431372547,0.29411764705882354,111.0006351507291,955643
0.5333333333333333,0.2980392156862745,0.29411764705882354,21.00012016365145,998600
0.043137254901960784,0.0392156862745098,0.043137254901960784,219.00125313522227,191826
0.050980392156862744,0.043137254901960784,0.0392156862745098,391.00223733274845,511364
0.043137254901960784,0.047058823529411764,0.0392156862745098,1.0000057220786405,668397
0.058823529411764705,0.047058823529411764,0.043137254901960784,42.0002403273029,564632
0.0392156862745098,0.0392156862745098,0.050980392156862744,424.0024261613436,376133
0.047058823529411764,0.03529411764705882,0.047058823529411764,299.0017109015135,892420
0.043137254901960784,0.047058823529411764,0.054901960784313725,110.00062942865046,365951
0.054901960784313725,0.050980392156862744,0.054901960784313725,798.0045662187551,294219
0.5254901960784314,0.6313725490196078,0.6862745098039216,56.00032043640387,494212
0.5529411764705883,0.6274509803921569,0.6901960784313725,377.00215722364743,969711
0.5098039215686274,0.6588235294117647,0.7098039215686275,1.0000057220786405,153891
0.5372549019607843,0.6588235294117647,0.7137254901960784,65.00037193511163,525938
0.5215686274509804,0.6431372549019608,0.7176470588235294,12.000068664943687,865674
0.5411764705882353,0.6352941176470588,0.7176470588235294,30.000171662359215,867733
0.5137254901960784,0.6666666666666666,0.7215686274509804,2.000011444157281,153892
0.5411764705882353,0.6549019607843137,0.7333333333333333,25.000143051966013,865676
0.8156862745098039,0.8196078431372549,0.7647058823529411,82.00046921044851,246039
0.8431372549019608,0.8274509803921568,0.7490196078431373,34.000194550673775,487108
0.8156862745098039,0.8549019607843137,0.7725490196078432,4.000022888314562,555747
0.8588235294117647,0.8509803921568627,0.7647058823529411,17.000097275336888,506565
0.8392156862745098,0.8352941176470589,0.8,230.0013160780873,217375
0.8549019607843137,0.8235294117647058,0.7843137254901961,118.00067520527958,108948
0.8196078431372549,0.8470588235294118,0.7803921568627451,45.00025749353882,650953
0.8666666666666667,0.8588235294117647,0.807843137254902,36.000205994831056,144624
0.39215686274509803,0.4627450980392157,0.5686274509803921,36.000205994831056,957184
0.41568627450980394,0.44313725490196076,0.5725490196078431,45.00025749353882,854305
0.4,0.4980392156862745,0.5686274509803921,256.00146485213196,273868
0.40784313725490196,0.4980392156862745,0.5686274509803921,188.0010757507844,354843
0.39215686274509803,0.4627450980392157,0.596078431372549,5.000028610393202,873927
0.40784313725490196,0.4588235294117647,0.6,4.000022888314562,855345
0.4,0.47843137254901963,0.6078431372549019,9.000051498707764,865688
0.40784313725490196,0.49019607843137253,0.592156862745098,22.00012588573009,898597
0.25882352941176473,0.12156862745098039,0.01568627450980392,103.00058937409997,762608
0.25882352941176473,0.11372549019607843,0.12156862745098039,38.00021743898834,903323
0.5254901960784314,0.5725490196078431,0.5215686274509804,20.00011444157281,403674
0.5529411764705883,0.5725490196078431,0.5254901960784314,89.000509264999,338399
0.5176470588235295,0.6196078431372549,0.5058823529411764,6.000034332471843,276082
0.5490196078431373,0.6078431372549019,0.5137254901960784,29.000165940280574,579708
0.5058823529411764,0.5607843137254902,0.5450980392156862,105.00060081825725,637596
0.5450980392156862,0.5803921568627451,0.5294117647058824,251.00143624173876,513743
0.5215686274509804,0.611764705882353,0.5333333333333333,19.00010871949417,668375
0.5568627450980392,0.6196078431372549,0.5372549019607843,44.00025177146018,537613
0.3254901960784314,0.15294117647058825,0.027450980392156862,9.000051498707764,802589
0.34509803921568627,0.14901960784313725,0.027450980392156862,1.0000057220786405,801394
0.3254901960784314,0.1607843137254902,0.023529411764705882,20.00011444157281,758511
0.35294117647058826,0.16470588235294117,0.01568627450980392,33.000188828595135,823077
0.3176470588235294,0.14901960784313725,0.047058823529411764,116.0006637611223,805503
0.34901960784313724,0.15294117647058825,0.03137254901960784,6.000034332471843,801395
0.3411764705882353,0.1607843137254902,0.050980392156862744,139.00079536893102,824954
0.36470588235294116,0.17254901960784313,0.050980392156862744,233.00133324432323,828211
0.41568627450980394,0.47843137254901963,0.3215686274509804,372.00212861325423,366643
0.4235294117647059,0.47843137254901963,0.3254901960784314,445.002546324995,373790
0.4196078431372549,0.48627450980392156,0.3215686274509804,20.00011444157281,344146
0.4235294117647059,0.4980392156862745,0.3137254901960784,306.001750956064,312437
0.4117647058823529,0.47058823529411764,0.3411764705882353,9.000051498707764,589049
0.43529411764705883,0.4823529411764706,0.32941176470588235,709.004056953756,390164
0.41568627450980394,0.4980392156862745,0.33725490196078434,5.000028610393202,625928
0.42745098039215684,0.48627450980392156,0.3333333333333333,344.0019683950523,386090
0.09803921568627451,0.17647058823529413,0.12156862745098039,38.00021743898834,92831
0.10588235294117647,0.20784313725490197,0.12156862745098039,100.00057220786405,21489
0.25882352941176473,0.3254901960784314,0.16470588235294117,49.000280381853386,650036
0.25882352941176473,0.3411764705882353,0.16862745098039217,1099.0062885644259,690994
0.26666666666666666,0.3411764705882353,0.1568627450980392,63.00036049095435,728846
0.2549019607843137,0.3176470588235294,0.1803921568627451,167.00095558713295,621343
0.26666666666666666,0.3254901960784314,0.1843137254901961,18.000102997415528,670465
0.2627450980392157,0.33725490196078434,0.1843137254901961,358.00204850415327,684807
0.27058823529411763,0.3411764705882353,0.17647058823529413,452.0025863795455,686881
0.6862745098039216,0.7647058823529411,0.7019607843137254,20.00011444157281,703195
0.7372549019607844,0.7529411764705882,0.7058823529411765,87.00049782084172,461464
0.6901960784313725,0.7803921568627451,0.7137254901960784,2.000011444157281,715528
0.7372549019607844,0.7803921568627451,0.6901960784313725,2.000011444157281,134629
0.7019607843137254,0.7490196078431373,0.7215686274509804,83.00047493252715,288376
0.7333333333333333,0.7490196078431373,0.7294117647058823,334.0019111742659,307432
0.7098039215686275,0.796078431372549,0.7333333333333333,4.000022888314562,231825
0.7294117647058823,0.7803921568627451,0.7372549019607844,14.000080109100967,127447
0.4549019607843137,0.2627450980392157,0.1450980392156863,94.0005378753922,858805
0.4745098039215686,0.25098039215686274,0.1450980392156863,71.00040626758347,896854
0.4666666666666667,0.2823529411764706,0.1450980392156863,1.0000057220786405,857942
0.49019607843137253,0.28627450980392155,0.15294117647058825,22.00012588573009,838257
0.4627450980392157,0.26666666666666666,0.16862745098039217,133.00076103645918,751329
0.47843137254901963,0.25882352941176473,0.17647058823529413,48.000274659774746,1039383
0.44313725490196076,0.28627450980392155,0.1843137254901961,60.00034332471843,889499
0.49411764705882355,0.2823529411764706,0.1568627450980392,112.00064087280774,818787
0.4392156862745098,0.44313725490196076,0.5686274509803921,11.000062942865044,935783
0.48627450980392156,0.4666666666666667,0.5843137254901961,2.000011444157281,926539
0.45098039215686275,0.4823529411764706,0.5647058823529412,296.00169373527757,901392
0.47843137254901963,0.47058823529411764,0.5607843137254902,192.00109863909898,932658
0.4588235294117647,0.4627450980392157,0.596078431372549,2.000011444157281,862657
0.48627450980392156,0.4666666666666667,0.596078431372549,1.0000057220786405,934756
0.45098039215686275,0.4980392156862745,0.592156862745098,27.000154496123294,971495
0.47058823529411764,0.4980392156862745,0.596078431372549,10.000057220786404,941853
0.7843137254901961,0.8117647058823529,0.8274509803921568,1713.0098019207112,740599
0.788235294117647,0.8156862745098039,0.8313725490196079,1079.006174122853,648388
0.7803921568627451,0.8235294117647058,0.8274509803921568,17.000097275336888,852417
0.792156862745098,0.8196078431372549,0.8313725490196079,44.00025177146018,873026
0.7803921568627451,0.8117647058823529,0.8352941176470589,1835.0105000143053,667710
0.788235294117647,0.8156862745098039,0.8352941176470589,2089.01195342228,767264
0.7843137254901961,0.8196078431372549,0.8392156862745098,111.0006351507291,776359
0.788235294117647,0.8196078431372549,0.8392156862745098,1584.0090637725666,839126
0.1607843137254902,0.2823529411764706,0.18823529411764706,613.0035076342066,87848
0.1843137254901961,0.2823529411764706,0.19215686274509805,797.0045604966765,150134
0.16862745098039217,0.2980392156862745,0.18823529411764706,189.00108147286304,97081
0.1803921568627451,0.30196078431372547,0.18823529411764706,453.00259210162415,4643
0.16470588235294117,0.29411764705882354,0.20392156862745098,11.000062942865044,96024
0.1843137254901961,0.29411764705882354,0.20392156862745098,3.0000171662359216,122488
0.16862745098039217,0.30980392156862746,0.20392156862745098,15.000085831179607,53022
0.1803921568627451,0.30980392156862746,0.20392156862745098,32.000183106516495,117552
0.5803921568627451,0.6274509803921569,0.5098039215686274,93.00053215331356,605374
0.6196078431372549,0.6509803921568628,0.5254901960784314,155.00088692218927,583928
0.5882352941176471,0.6588235294117647,0.5176470588235295,6.000034332471843,722703
0.6,0.6588235294117647,0.5254901960784314,8.000045776629124,596220
0.5843137254901961,0.6431372549019608,0.5568627450980392,118.00067520527958,558147
0.6196078431372549,0.6352941176470588,0.5490196078431373,121.0006923715155,216345
0.5686274509803921,0.6784313725490196,0.5333333333333333,3.0000171662359216,677593
0.596078431372549,0.6745098039215687,0.5333333333333333,20.00011444157281,703228
0.45098039215686275,0.5176470588235295,0.4666666666666667,25.000143051966013,277752
0.49019607843137253,0.5215686274509804,0.4666666666666667,84.0004806546058,380375
0.4549019607843137,0.5294117647058824,0.4549019607843137,11.000062942865044,667350
0.47058823529411764,0.5372549019607843,0.45098039215686275,20.00011444157281,270588
0.45098039215686275,0.5019607843137255,0.47058823529411764,115.00065803904366,355824
0.4980392156862745,0.5019607843137255,0.49019607843137253,220.0012588573009,379529
0.4627450980392157,0.5529411764705883,0.47843137254901963,10.000057220786404,320141
0.4980392156862745,0.5333333333333333,0.4980392156862745,38.00021743898834,541226
0.5725490196078431,0.592156862745098,0.47058823529411764,477.0027294315115,359624
0.5764705882352941,0.6039215686274509,0.4823529411764706,841.0048122681367,352447
0.5647058823529412,0.611764705882353,0.4745098039215686,47.0002689376961,630011
0.5843137254901961,0.611764705882353,0.4823529411764706,280.0016021820193,285933
0.5686274509803921,0.592156862745098,0.49019607843137253,18.000102997415528,226583
0.5882352941176471,0.6039215686274509,0.49411764705882355,190.00108719494168,347353
0.5686274509803921,0.6196078431372549,0.48627450980392156,35.000200272752416,421546
0.5803921568627451,0.611764705882353,0.48627450980392156,198.00113297157083,295143
0.8117647058823529,0.8235294117647058,0.8431372549019608,63.00036049095435,810496
0.8392156862745098,0.8156862745098039,0.8470588235294118,16.000091553258248,922857
0.8196078431372549,0.8352941176470589,0.8431372549019608,1565.0089550530724,758089
0.8352941176470589,0.8352941176470589,0.8470588235294118,206.00117874819995,916703
0.8235294117647058,0.8156862745098039,0.8588235294117647,10.000057220786404,813609
0.8274509803921568,0.8235294117647058,0.8627450980392157,4.000022888314562,919863
0.8117647058823529,0.8392156862745098,0.8588235294117647,200.0011444157281,819508
0.8274509803921568,0.8352941176470589,0.8588235294117647,21.00012016365145,899266
0.6588235294117647,0.5686274509803921,0.47058823529411764,157.00089836634655,37073
0.6705882352941176,0.5725490196078431,0.47058823529411764,4.000022888314562,44258
0.6627450980392157,0.5843137254901961,0.4823529411764706,715.0040912862279,470248
0.6784313725490196,0.5882352941176471,0.47843137254901963,998.0057106344832,70892
0.6549019607843137,0.5647058823529412,0.49019607843137253,14.000080109100967,414944
0.6784313725490196,0.5607843137254902,0.4980392156862745,7.0000400545504835,874582
0.6666666666666666,0.5803921568627451,0.48627450980392156,49.000280381853386,33995
0.6745098039215687,0.5882352941176471,0.48627450980392156,134.00076675853782,35038
0.3137254901960784,0.40784313725490196,0.2235294117647059,250.00143051966012,316073
0.32941176470588235,0.40784313725490196,0.2196078431372549,261.00149346252516,649010
0.3254901960784314,0.43529411764705883,0.2235294117647059,245.00140190926692,275063
0.3411764705882353,0.4235294117647059,0.22745098039215686,249.00142479758148,323230
0.3137254901960784,0.4117647058823529,0.24313725490196078,405.0023174418494,4517
0.3333333333333333,0.4196078431372549,0.23529411764705882,243.00139046510964,335531
0.3254901960784314,0.43529411764705883,0.23921568627450981,303.00173378982805,245361
0.33725490196078434,0.4235294117647059,0.23529411764705882,119.00068092735822,319142
0.7490196078431373,0.5294117647058824,0.2901960784313726,47.0002689376961,845475
0.8117647058823529,0.5529411764705883,0.2549019607843137,1.0000057220786405,824984
0.803921568627451,0.5686274509803921,0.2823529411764706,18.000102997415528,837278
0.8117647058823529,0.5607843137254902,0.2627450980392157,12.000068664943687,833180
0.7764705882352941,0.5529411764705883,0.3137254901960784,9.000051498707764,834199
0.7607843137254902,0.5843137254901961,0.3686274509803922,31.000177384437855,798316
0.8196078431372549,0.596078431372549,0.3137254901960784,11.000062942865044,840351
0.13333333333333333,0.12549019607843137,0.10196078431372549,9.000051498707764,679494
0.14901960784313725,0.12549019607843137,0.10196078431372549,235.00134468848051,717321
0.15294117647058825,0.1450980392156863,0.10588235294117647,4.000022888314562,612050
0.13725490196078433,0.12549019607843137,0.12156862745098039,219.00125313522227,541091
0.15294117647058825,0.12549019607843137,0.11764705882352941,1566.008960775151,474377
0.12941176470588237,0.1411764705882353,0.11764705882352941,2.000011444157281,414988
0.1411764705882353,0.1411764705882353,0.10980392156862745,18.000102997415528,663287
0.19215686274509805,0.16470588235294117,0.16470588235294117,238.00136185471644,610831
0.20392156862745098,0.1568627450980392,0.16862745098039217,54.00030899224659,239921
0.19607843137254902,0.17647058823529413,0.16470588235294117,445.002546324995,385389
0.21176470588235294,0.1843137254901961,0.16862745098039217,697.0039882888124,452942
0.19607843137254902,0.16470588235294117,0.17647058823529413,37.000211716909696,361737
0.21176470588235294,0.16862745098039217,0.1843137254901961,15.000085831179607,882094
0.19215686274509805,0.17647058823529413,0.1803921568627451,395.002260221063,599544
0.21568627450980393,0.1803921568627451,0.1803921568627451,161.0009212546611,172358
0.24705882352941178,0.2823529411764706,0.10196078431372549,2.000011444157281,905148
0.2196078431372549,0.30980392156862746,0.09803921568627451,1.0000057220786405,501710
0.23137254901960785,0.28627450980392155,0.12156862745098039,48.000274659774746,915417
0.23921568627450981,0.2823529411764706,0.10980392156862745,21.00012016365145,915415
0.2235294117647059,0.30980392156862746,0.11764705882352941,1861.01064878835,780280
0.23529411764705882,0.30980392156862746,0.12156862745098039,89.000509264999,801735
0.24705882352941178,0.3803921568627451,0.1843137254901961,51.00029182601067,380718
0.24705882352941178,0.3803921568627451,0.18823529411764706,75.00042915589803,373554
0.3803921568627451,0.44313725490196076,0.2823529411764706,313.00179101061445,357411
0.4,0.44313725490196076,0.28627450980392155,314.0017967326931,532626
0.38823529411764707,0.4549019607843137,0.29411764705882354,50.00028610393203,363559
0.4,0.4666666666666667,0.28627450980392155,474.0027122652756,310380
0.38823529411764707,0.45098039215686275,0.2980392156862745,30.000171662359215,388105
0.396078431372549,0.44313725490196076,0.30196078431372547,436.00249482628726,506908
0.38823529411764707,0.4627450980392157,0.2980392156862745,10.000057220786404,426677
0.403921568627451,0.4666666666666667,0.3058823529411765,373.00213433533287,377868
0.6039215686274509,0.5294117647058824,0.3843137254901961,87.00049782084172,97372
0.6078431372549019,0.5411764705882353,0.3803921568627451,231.00132180016595,113751
0.6039215686274509,0.5490196078431373,0.3764705882352941,100.00057220786405,125009
0.6078431372549019,0.5529411764705883,0.3764705882352941,656.0037536835881,138345
0.592156862745098,0.5333333333333333,0.403921568627451,23.00013160780873,718495
0.611764705882353,0.5411764705882353,0.4,352.0020141716814,105564
0.6,0.5529411764705883,0.396078431372549,15.000085831179607,102733
0.6196078431372549,0.5568627450980392,0.4,526.0030098133649,48455
0.24313725490196078,0.4,0.40784313725490196,18.000102997415528,142825
0.23137254901960785,0.3764705882352941,0.4588235294117647,106.0006065403359,288188
0.19607843137254902,0.18823529411764706,0.2,397.0022716652203,366957
0.20784313725490197,0.19607843137254902,0.18823529411764706,315.00180245477173,469456
0.19607843137254902,0.20392156862745098,0.2,45.00025749353882,526842
0.20784313725490197,0.20392156862745098,0.18823529411764706,180.00102997415527,459123
0.19215686274509805,0.19607843137254902,0.21176470588235294,375.00214577949015,230773
0.20392156862745098,0.19607843137254902,0.21176470588235294,104.00059509617861,306491
0.19215686274509805,0.21176470588235294,0.20784313725490197,264.0015106287611,380362
0.21568627450980393,0.20784313725490197,0.20784313725490197,301.00172234567077,356680
0.25098039215686274,0.3843137254901961,0.18823529411764706,222.0012703014582,379694
0.27058823529411763,0.3843137254901961,0.19607843137254902,532.0030441458367,461589
0.2627450980392157,0.396078431372549,0.18823529411764706,24.000137329887373,383796
0.27450980392156865,0.39215686274509803,0.19607843137254902,203.00116158196403,459545
0.25098039215686274,0.3764705882352941,0.21176470588235294,258.00147629628924,233118
0.2784313725490196,0.38823529411764707,0.20392156862745098,596.0034103588697,275096
0.2627450980392157,0.396078431372549,0.20392156862745098,1.0000057220786405,412446
0.27058823529411763,0.396078431372549,0.20392156862745098,128.00073242606598,357203
0.16862745098039217,0.2627450980392157,0.13725490196078433,5.000028610393202,202701
0.17254901960784313,0.25882352941176473,0.13725490196078433,3.0000171662359216,207831
0.1607843137254902,0.27450980392156865,0.13725490196078433,17.000097275336888,163790
0.1803921568627451,0.2784313725490196,0.13333333333333333,13.000074387022327,187384
0.1568627450980392,0.2627450980392157,0.14901960784313725,632.0036163537007,340751
0.17647058823529413,0.25098039215686274,0.15294117647058825,93.00053215331356,239503
0.1568627450980392,0.27450980392156865,0.1411764705882353,1020.0058365202133,110574
0.17254901960784313,0.27058823529411763,0.15294117647058825,168.0009613092116,200610
0.10588235294117647,0.2196078431372549,0.13725490196078433,2.000011444157281,13099
0.12156862745098039,0.23137254901960785,0.13333333333333333,587.0033588601619,13244
0.12156862745098039,0.23921568627450981,0.13725490196078433,66.00037765719027,33756
0.10588235294117647,0.2235294117647059,0.14901960784313725,33.000188828595135,5868
0.11372549019607843,0.22745098039215686,0.1450980392156863,1100.0062942865045,774
0.11764705882352941,0.23921568627450981,0.14901960784313725,160.00091553258247,6942
0.5686274509803921,0.6,0.4392156862745098,400.0022888314562,266463
0.5843137254901961,0.6039215686274509,0.4392156862745098,253.00144768589604,242913
0.5725490196078431,0.6078431372549019,0.45098039215686275,12.000068664943687,266468
0.5882352941176471,0.6078431372549019,0.4470588235294118,58.00033188056115,242915
0.5607843137254902,0.6,0.4666666666666667,579.0033130835328,584952
0.5764705882352941,0.592156862745098,0.4666666666666667,318.00181962100766,404663
0.5725490196078431,0.6078431372549019,0.4588235294117647,41.00023460522426,304343
0.5803921568627451,0.611764705882353,0.4588235294117647,272.0015564053902,606404
0.4,0.27058823529411763,0.3176470588235294,29.000165940280574,942266
0.43137254901960786,0.2627450980392157,0.3215686274509804,15.000085831179607,959748
0.4,0.2980392156862745,0.3215686274509804,149.00085258971743,977561
0.4117647058823529,0.29411764705882354,0.3254901960784314,202.0011558598854,983602
0.4196078431372549,0.26666666666666666,0.34509803921568627,1.0000057220786405,931657
0.3803921568627451,0.30980392156862746,0.3607843137254902,52.00029754808931,953019
0.42745098039215684,0.29411764705882354,0.3607843137254902,28.000160218201934,988477
0.1568627450980392,0.16470588235294117,0.18823529411764706,237.0013561326378,263563
0.17254901960784313,0.16862745098039217,0.19607843137254902,53.00030327016795,334225
0.1568627450980392,0.1843137254901961,0.19607843137254902,509.002912538028,576053
0.17647058823529413,0.1843137254901961,0.19607843137254902,457.0026149899387,192855
0.1568627450980392,0.16862745098039217,0.20392156862745098,60.00034332471843,384605
0.1843137254901961,0.1607843137254902,0.20784313725490197,17.000097275336888,852265
0.16862745098039217,0.1843137254901961,0.20392156862745098,378.00216294572607,214494
0.17647058823529413,0.1803921568627451,0.20784313725490197,180.00102997415527,170380
0.3058823529411765,0.5215686274509804,0.6431372549019608,21.00012016365145,912322
0.34901960784313724,0.5098039215686274,0.6313725490196078,74.00042343381939,430638
0.3568627450980392,0.5725490196078431,0.6666666666666666,11.000062942865044,914377
0.37254901960784315,0.5450980392156862,0.6862745098039216,2.000011444157281,175409
0.33725490196078434,0.5803921568627451,0.7019607843137254,10.000057220786404,916428
0.596078431372549,0.5411764705882353,0.35294117647058826,363.00207711454647,143459
0.6078431372549019,0.5372549019607843,0.3568627450980392,2.000011444157281,314
0.596078431372549,0.5490196078431373,0.34509803921568627,334.0019111742659,150623
0.6078431372549019,0.5529411764705883,0.35294117647058826,12.000068664943687,155758
0.6039215686274509,0.5411764705882353,0.3686274509803922,335.00191689634454,123990
0.6078431372549019,0.5411764705882353,0.37254901960784315,67.00038337926891,19780
0.6,0.5450980392156862,0.3607843137254902,585.0033474160047,64855
0.6078431372549019,0.5568627450980392,0.36470588235294116,186.00106430662711,153723
0.5686274509803921,0.6274509803921569,0.6901960784313725,417.0023861067931,979729
0.5764705882352941,0.6352941176470588,0.6941176470588235,243.00139046510964,994253
0.5607843137254902,0.6392156862745098,0.6941176470588235,221.00126457937955,912261
0.5803921568627451,0.6431372549019608,0.6901960784313725,478.00273515359015,1028090
0.5647058823529412,0.6313725490196078,0.7019607843137254,37.000211716909696,978712
0.5764705882352941,0.6352941176470588,0.7019607843137254,24.000137329887373,951099
0.5686274509803921,0.6392156862745098,0.7058823529411765,108.00061798449318,979735
0.5764705882352941,0.6392156862745098,0.7019607843137254,349.0019970054455,960342
0.3411764705882353,0.18823529411764706,0.08235294117647059,2.000011444157281,736986
0.3686274509803922,0.18823529411764706,0.0784313725490196,35.000200272752416,800545
0.3215686274509804,0.20392156862745098,0.12156862745098039,141.0008068130883,793251
0.37254901960784315,0.21176470588235294,0.10980392156862745,283.00161934825525,796296
0.3176470588235294,0.2196078431372549,0.11372549019607843,4.000022888314562,700104
0.37254901960784315,0.2235294117647059,0.11764705882352941,4.000022888314562,781953
0.4470588235294118,0.5215686274509804,0.6235294117647059,11.000062942865044,976626
0.4823529411764706,0.5176470588235295,0.6352941176470588,3.0000171662359216,857497
0.4666666666666667,0.5490196078431373,0.6235294117647059,154.00088120011063,962327
0.47058823529411764,0.5529411764705883,0.6352941176470588,282.0016136261766,958384
0.45098039215686275,0.5215686274509804,0.6705882352941176,1.0000057220786405,973780
0.47843137254901963,0.5215686274509804,0.6705882352941176,1.0000057220786405,857409
0.4666666666666667,0.5294117647058824,0.6705882352941176,4.000022888314562,858430
0.49411764705882355,0.5372549019607843,0.6549019607843137,12.000068664943687,937836
0.2823529411764706,0.22745098039215686,0.16862745098039217,150.00085831179607,707193
0.30196078431372547,0.2196078431372549,0.1568627450980392,399.0022831093776,772572
0.2823529411764706,0.23921568627450981,0.16862745098039217,2.000011444157281,758313
0.30980392156862746,0.23529411764705882,0.16862745098039217,6.000034332471843,656725
0.28627450980392155,0.22745098039215686,0.1803921568627451,480.00274659774743,546067
0.30196078431372547,0.2235294117647059,0.1803921568627451,518.0029640367358,516362
0.2901960784313726,0.23529411764705882,0.17647058823529413,96.00054931954949,781859
0.3058823529411765,0.23921568627450981,0.17647058823529413,216.00123596898635,751185
0.6235294117647059,0.6549019607843137,0.6901960784313725,158.0009040884252,812535
0.6509803921568628,0.6549019607843137,0.6862745098039216,100.00057220786405,847455
0.6352941176470588,0.6705882352941176,0.6980392156862745,93.00053215331356,993160
0.6509803921568628,0.6823529411764706,0.6941176470588235,85.00048637668444,104818
0.6274509803921569,0.6549019607843137,0.7019607843137254,319.0018253430863,910252
0.6431372549019608,0.6549019607843137,0.7058823529411765,403.00230599769213,935216
0.6274509803921569,0.6823529411764706,0.7137254901960784,457.0026149899387,968696
0.6509803921568628,0.6745098039215687,0.7058823529411765,249.00142479758148,829604
0.6862745098039216,0.6039215686274509,0.4823529411764706,52.00029754808931,80151
0.7058823529411765,0.6039215686274509,0.47843137254901963,7.0000400545504835,686394
0.6980392156862745,0.6078431372549019,0.47843137254901963,9.000051498707764,684373
0.7019607843137254,0.611764705882353,0.4745098039215686,10.000057220786404,781945
0.6862745098039216,0.6039215686274509,0.49411764705882355,908.0051956474056,91355
0.7137254901960784,0.6,0.4980392156862745,3.0000171662359216,204103
0.6862745098039216,0.6078431372549019,0.49019607843137253,832.0047607694289,72976
0.7058823529411765,0.6196078431372549,0.49411764705882355,8.000045776629124,791135
0.6549019607843137,0.6549019607843137,0.6941176470588235,190.00108719494168,975333
0.6823529411764706,0.6549019607843137,0.6862745098039216,274.0015678495475,1031774
0.6588235294117647,0.6823529411764706,0.6941176470588235,61.00034904679707,310757
0.6745098039215687,0.6784313725490196,0.6862745098039216,47.0002689376961,250447
0.6627450980392157,0.6666666666666666,0.7137254901960784,529.0030269796008,946563
0.6784313725490196,0.6588235294117647,0.7137254901960784,303.00173378982805,832567
0.6666666666666666,0.6705882352941176,0.7137254901960784,171.0009784754475,995817
0.6784313725490196,0.6705882352941176,0.7058823529411765,246.00140763134556,986621
0.12549019607843137,0.2549019607843137,0.3764705882352941,27.000154496123294,471641
0.16470588235294117,0.27058823529411763,0.4,164.00093842089703,561811
0.15294117647058825,0.29411764705882354,0.3803921568627451,5.000028610393202,234995
0.1843137254901961,0.30980392156862746,0.396078431372549,100.00057220786405,518751
0.15294117647058825,0.25098039215686274,0.40784313725490196,15.000085831179607,296433
0.1568627450980392,0.2627450980392157,0.40784313725490196,38.00021743898834,149765
0.14901960784313725,0.30980392156862746,0.40784313725490196,2.000011444157281,370194
0.1803921568627451,0.30196078431372547,0.41568627450980394,99.00056648578541,466533
0.18823529411764706,0.13725490196078433,0.09803921568627451,135.00077248061646,741812
0.20784313725490197,0.12549019607843137,0.10588235294117647,90.00051498707764,925347
0.19607843137254902,0.1411764705882353,0.09803921568627451,220.0012588573009,740802
0.20392156862745098,0.14901960784313725,0.10588235294117647,109.00062370657182,745913
0.18823529411764706,0.13725490196078433,0.11764705882352941,59.00033760263979,891616
0.20392156862745098,0.13725490196078433,0.12156862745098039,77.00044060005531,895445
0.18823529411764706,0.15294117647058825,0.12156862745098039,805.0046062733056,530811
0.20392156862745098,0.15294117647058825,0.11372549019607843,304.0017395119067,744918
0.5294117647058824,0.5607843137254902,0.4470588235294118,96.00054931954949,241939
0.5568627450980392,0.5725490196078431,0.44313725490196076,267.001527794997,382107
0.5411764705882353,0.5843137254901961,0.4470588235294118,286.00163651449117,344225
0.5450980392156862,0.5764705882352941,0.4470588235294118,763.0043659460026,351423
0.5411764705882353,0.5686274509803921,0.4549019607843137,7.0000400545504835,379094
0.5529411764705883,0.5686274509803921,0.4588235294117647,11.000062942865044,223511
0.5333333333333333,0.5843137254901961,0.4588235294117647,14.000080109100967,577657
0.5490196078431373,0.5882352941176471,0.4588235294117647,353.00201989376006,354471
0.6274509803921569,0.6627450980392157,0.7215686274509804,69.00039482342619,965972
0.6509803921568628,0.6666666666666666,0.7176470588235294,197.00112724949219,860316
0.6274509803921569,0.6823529411764706,0.7254901960784313,871.0049839304959,962405
0.6392156862745098,0.6823529411764706,0.7215686274509804,444.0025406029164,1039270
0.6313725490196078,0.6666666666666666,0.7333333333333333,1.0000057220786405,943943
0.6431372549019608,0.6666666666666666,0.7372549019607844,7.0000400545504835,915305
0.6274509803921569,0.6823529411764706,0.7333333333333333,109.00062370657182,992196
0.6509803921568628,0.6784313725490196,0.7411764705882353,74.00042343381939,799754
0.26666666666666666,0.3764705882352941,0.3803921568627451,12.000068664943687,421465
0.30980392156862746,0.3843137254901961,0.403921568627451,42.0002403273029,384580
0.25882352941176473,0.4196078431372549,0.3764705882352941,1.0000057220786405,104868
0.2980392156862745,0.4196078431372549,0.3764705882352941,7.0000400545504835,100758
0.2784313725490196,0.3843137254901961,0.4196078431372549,61.00034904679707,556658
0.2901960784313726,0.3803921568627451,0.43137254901960786,296.00169373527757,162230
0.26666666666666666,0.41568627450980394,0.40784313725490196,6.000034332471843,230980
0.2901960784313726,0.4117647058823529,0.4196078431372549,10.000057220786404,839016
0.3764705882352941,0.25098039215686274,0.13725490196078433,13.000074387022327,893715
0.43137254901960786,0.25098039215686274,0.13725490196078433,36.000205994831056,848501
0.40784313725490196,0.2901960784313726,0.15294117647058825,2.000011444157281,712403
0.3803921568627451,0.25098039215686274,0.16862745098039217,166.0009498650543,711351
0.41568627450980394,0.2627450980392157,0.17647058823529413,128.00073242606598,895632
0.4,0.30196078431372547,0.1843137254901961,38.00021743898834,719522
0.41568627450980394,0.29411764705882354,0.17647058823529413,51.00029182601067,752268
0.10196078431372549,0.043137254901960784,0.043137254901960784,8.000045776629124,826629
0.10588235294117647,0.050980392156862744,0.03529411764705882,917.0052471461133,808611
0.12156862745098039,0.058823529411764705,0.03137254901960784,438.00250627044454,849591
0.10196078431372549,0.043137254901960784,0.054901960784313725,3.0000171662359216,859692
0.09803921568627451,0.058823529411764705,0.050980392156862744,336.0019226184232,913083
0.10980392156862745,0.058823529411764705,0.050980392156862744,32.000183106516495,911091
0.12941176470588237,0.09411764705882353,0.06666666666666667,73.00041771174075,703915
0.1450980392156863,0.09411764705882353,0.06666666666666667,106.0006065403359,788168
0.1450980392156863,0.11764705882352941,0.07450980392156863,1.0000057220786405,670424
0.12549019607843137,0.10196078431372549,0.09019607843137255,987.0056476916182,577950
0.1411764705882353,0.10196078431372549,0.08627450980392157,146.0008354234815,160003
0.13333333333333333,0.11372549019607843,0.09019607843137255,142.00081253516694,733674
0.1450980392156863,0.11372549019607843,0.09019607843137255,274.0015678495475,694733
0.3843137254901961,0.4392156862745098,0.396078431372549,20.00011444157281,654995
0.4117647058823529,0.4392156862745098,0.396078431372549,57.00032615848251,618186
0.403921568627451,0.4823529411764706,0.3843137254901961,11.000062942865044,506575
0.43137254901960786,0.4823529411764706,0.4,16.000091553258248,315618
0.403921568627451,0.4470588235294118,0.43137254901960786,84.0004806546058,403069
0.43529411764705883,0.4392156862745098,0.4235294117647059,201.00115013780675,327124
0.39215686274509803,0.49411764705882355,0.42745098039215684,12.000068664943687,341658
0.43529411764705883,0.47843137254901963,0.43529411764705883,25.000143051966013,655042
0.4470588235294118,0.3411764705882353,0.3764705882352941,25.000143051966013,1002088
0.4980392156862745,0.33725490196078434,0.3764705882352941,28.000160218201934,1008008
0.44313725490196076,0.34901960784313724,0.396078431372549,134.00076675853782,989839
0.4745098039215686,0.36470588235294116,0.4,90.00051498707764,989834
0.44313725490196076,0.3411764705882353,0.40784313725490196,3.0000171662359216,929569
0.4588235294117647,0.36470588235294116,0.4117647058823529,113.00064659488638,980642
0.4745098039215686,0.37254901960784315,0.4117647058823529,33.000188828595135,984722
0.5607843137254902,0.5647058823529412,0.4470588235294118,25.000143051966013,491205
0.5764705882352941,0.5647058823529412,0.45098039215686275,10.000057220786404,667323
0.5647058823529412,0.5843137254901961,0.44313725490196076,633.0036220757794,231699
0.5764705882352941,0.5882352941176471,0.4392156862745098,58.00033188056115,424135
0.5647058823529412,0.5607843137254902,0.4549019607843137,14.000080109100967,363740
0.5764705882352941,0.5725490196078431,0.4666666666666667,18.000102997415528,575734
0.5647058823529412,0.5843137254901961,0.4588235294117647,882.0050468733609,366768
0.5764705882352941,0.5803921568627451,0.4549019607843137,56.00032043640387,254215
0.6627450980392157,0.6666666666666666,0.7176470588235294,116.0006637611223,972205
0.6705882352941176,0.6627450980392157,0.7294117647058823,30.000171662359215,815168
0.6666666666666666,0.6745098039215687,0.7176470588235294,636.0036392420153,981406
0.6784313725490196,0.6784313725490196,0.7215686274509804,613.0035076342066,993762
0.6627450980392157,0.6666666666666666,0.7333333333333333,1.0000057220786405,804308
0.6588235294117647,0.6745098039215687,0.7333333333333333,175.00100136376207,791558
0.6705882352941176,0.6823529411764706,0.7333333333333333,123.00070381567278,975319
0.4196078431372549,0.45098039215686275,0.3137254901960784,164.00093842089703,492608
0.4235294117647059,0.45098039215686275,0.3215686274509804,16.000091553258248,471060
0.41568627450980394,0.4588235294117647,0.3176470588235294,566.0032386965105,510976
0.42745098039215684,0.4627450980392157,0.3215686274509804,556.0031814757241,492588
0.43137254901960786,0.4392156862745098,0.3411764705882353,6.000034332471843,659183
0.4196078431372549,0.4627450980392157,0.32941176470588235,22.00012588573009,484363
0.43137254901960786,0.4666666666666667,0.3333333333333333,343.00196267297366,454659
0.8549019607843137,0.8745098039215686,0.8862745098039215,182.00104141831255,806299
0.8666666666666667,0.8823529411764706,0.8862745098039215,144.00082397932422,814526
0.8431372549019608,0.8901960784313725,0.8862745098039215,43.00024604938154,866748
0.8666666666666667,0.8941176470588236,0.8862745098039215,40.00022888314562,866869
0.8509803921568627,0.8745098039215686,0.8901960784313725,440.0025177146018,742735
0.8705882352941177,0.8823529411764706,0.8901960784313725,547.0031299770163,866960
0.8470588235294118,0.9019607843137255,0.8941176470588236,72.00041198966211,831750
0.8627450980392157,0.8901960784313725,0.9019607843137255,201.00115013780675,838178
0.3254901960784314,0.27058823529411763,0.3254901960784314,45.00025749353882,958141
0.3607843137254902,0.27058823529411763,0.3137254901960784,45.00025749353882,987711
0.3176470588235294,0.3058823529411765,0.3176470588235294,107.00061226241453,513522
0.34901960784313724,0.2901960784313726,0.3254901960784314,71.00040626758347,909804
0.32941176470588235,0.2784313725490196,0.36470588235294116,18.000102997415528,908841
0.34901960784313724,0.25098039215686274,0.3607843137254902,9.000051498707764,935722
0.3411764705882353,0.29411764705882354,0.36470588235294116,67.00038337926891,952017
0.34509803921568627,0.30980392156862746,0.3686274509803922,54.00030899224659,869750
0.14901960784313725,0.2823529411764706,0.1568627450980392,1312.0075073671762,58211
0.15294117647058825,0.2980392156862745,0.16470588235294117,24.000137329887373,69483
0.15294117647058825,0.28627450980392155,0.17254901960784313,324.0018539534795,88897
0.15294117647058825,0.2980392156862745,0.1803921568627451,2.000011444157281,52039
0.6901960784313725,0.6549019607843137,0.6901960784313725,492.0028152626911,1032786
0.7019607843137254,0.6588235294117647,0.6862745098039216,221.00126457937955,1036878
0.6941176470588235,0.6784313725490196,0.6980392156862745,65.00037193511163,996744
0.7019607843137254,0.6823529411764706,0.6901960784313725,109.00062370657182,775554
0.6941176470588235,0.6666666666666666,0.7058823529411765,130.00074387022326,1000973
0.7098039215686275,0.6666666666666666,0.7098039215686275,49.000280381853386,1016352
0.6862745098039216,0.6705882352941176,0.7137254901960784,261.00149346252516,836725
0.7137254901960784,0.6823529411764706,0.7019607843137254,335.00191689634454,949688
0.6980392156862745,0.7294117647058823,0.7843137254901961,29.000165940280574,966995
0.7019607843137254,0.7254901960784313,0.7803921568627451,75.00042915589803,864403
0.6901960784313725,0.7411764705882353,0.7803921568627451,1040.005950961786,795757
0.7019607843137254,0.7450980392156863,0.788235294117647,430.0024604938154,711755
0.6941176470588235,0.7294117647058823,0.796078431372549,3.0000171662359216,975832
0.7098039215686275,0.7294117647058823,0.796078431372549,2.000011444157281,801859
0.6862745098039216,0.7450980392156863,0.803921568627451,60.00034332471843,581714
0.7019607843137254,0.7372549019607844,0.8,19.00010871949417,842897
0.34901960784313724,0.25882352941176473,0.2,348.00199128336686,657779
0.3607843137254902,0.2627450980392157,0.18823529411764706,161.0009212546611,713116
0.3568627450980392,0.26666666666666666,0.19215686274509805,101.0005779299427,764321
0.3686274509803922,0.2784313725490196,0.2,178.001018529998,710051
0.35294117647058826,0.25882352941176473,0.20392156862745098,154.00088120011063,512232
0.37254901960784315,0.25098039215686274,0.21176470588235294,38.00021743898834,963132
0.3568627450980392,0.26666666666666666,0.21176470588235294,337.0019283405018,615783
0.36470588235294116,0.27450980392156865,0.20784313725490197,337.0019283405018,652632
0.6588235294117647,0.6,0.45098039215686275,273.00156212746884,142502
0.6823529411764706,0.596078431372549,0.45098039215686275,14.000080109100967,682322
0.6549019607843137,0.6078431372549019,0.4470588235294118,57.00032615848251,162005
0.6745098039215687,0.615686274509804,0.45098039215686275,3.0000171662359216,734904
0.6549019607843137,0.6,0.4666666666666667,1006.0057564111123,137478
0.6705882352941176,0.592156862745098,0.4666666666666667,62.00035476887571,93454
0.6627450980392157,0.6078431372549019,0.4549019607843137,229.00131035600867,146598
0.6705882352941176,0.6078431372549019,0.4666666666666667,9.000051498707764,133310
0.44313725490196076,0.34901960784313724,0.25882352941176473,208.00119019235723,655708
0.4549019607843137,0.3568627450980392,0.2549019607843137,228.00130463393003,744060
0.4470588235294118,0.3607843137254902,0.2549019607843137,281.00160790409797,15444
0.4588235294117647,0.3607843137254902,0.2549019607843137,396.00226594314165,8304
0.4470588235294118,0.3568627450980392,0.2784313725490196,160.00091553258247,622875
0.4666666666666667,0.35294117647058826,0.27058823529411763,126.0007209819087,743817
0.4470588235294118,0.36470588235294116,0.27450980392156865,80.00045776629123,554252
0.4627450980392157,0.37254901960784315,0.27058823529411763,163.0009326988184,723588
0.20392156862745098,0.15294117647058825,0.20784313725490197,9.000051498707764,835859
0.23529411764705882,0.1450980392156863,0.19215686274509805,2.000011444157281,842144
0.19215686274509805,0.1803921568627451,0.2,272.0015564053902,351486
0.23137254901960785,0.16862745098039217,0.2,44.00025177146018,135545
0.19215686274509805,0.14901960784313725,0.23137254901960785,3.0000171662359216,801165
0.23921568627450981,0.15294117647058825,0.23921568627450981,2.000011444157281,833792
0.20784313725490197,0.1843137254901961,0.2235294117647059,52.00029754808931,115088
0.2235294117647059,0.1803921568627451,0.23529411764705882,22.00012588573009,855367
0.13725490196078433,0.16862745098039217,0.2,245.00140190926692,576079
0.1411764705882353,0.16862745098039217,0.19607843137254902,437.0025005483659,371037
0.13725490196078433,0.17254901960784313,0.2,20.00011444157281,191955
0.15294117647058825,0.17254901960784313,0.2,167.00095558713295,172453
0.13725490196078433,0.1607843137254902,0.21176470588235294,188.0010757507844,190971
0.1411764705882353,0.16862745098039217,0.21176470588235294,180.00102997415527,529979
0.13725490196078433,0.17254901960784313,0.21176470588235294,78.00044632213395,425459
0.15294117647058825,0.17254901960784313,0.20784313725490197,309.0017681222999,325005
0.25882352941176473,0.18823529411764706,0.12549019607843137,198.00113297157083,768468
0.27058823529411763,0.19607843137254902,0.13725490196078433,161.0009212546611,686492
0.27450980392156865,0.20784313725490197,0.13725490196078433,2.000011444157281,560856
0.25882352941176473,0.19607843137254902,0.1450980392156863,613.0035076342066,765414
0.27058823529411763,0.19607843137254902,0.15294117647058825,451.00258065746686,649565
0.25882352941176473,0.20784313725490197,0.15294117647058825,38.00021743898834,736875
0.2784313725490196,0.20392156862745098,0.14901960784313725,158.0009040884252,714135
0.6588235294117647,0.6980392156862745,0.7490196078431373,63.00036049095435,600094
0.6823529411764706,0.6980392156862745,0.7490196078431373,119.00068092735822,815181
0.6549019607843137,0.7098039215686275,0.7529411764705882,736.0042114498793,995099
0.6784313725490196,0.7058823529411765,0.7490196078431373,606.0034675796561,945490
0.6627450980392157,0.6901960784313725,0.7647058823529411,4.000022888314562,801858
0.6705882352941176,0.6941176470588235,0.7647058823529411,4.000022888314562,795700
0.6627450980392157,0.7098039215686275,0.7686274509803922,38.00021743898834,943935
0.6784313725490196,0.7098039215686275,0.7725490196078432,44.00025177146018,814469
0.7725490196078432,0.8196078431372549,0.7647058823529411,10.000057220786404,521939
0.792156862745098,0.8156862745098039,0.7647058823529411,63.00036049095435,636617
0.792156862745098,0.8549019607843137,0.7686274509803922,2.000011444157281,133606
0.7568627450980392,0.8156862745098039,0.792156862745098,76.00043487797667,118213
0.803921568627451,0.8156862745098039,0.788235294117647,230.0013160780873,768375
0.7764705882352941,0.8509803921568627,0.803921568627451,2.000011444157281,229772
0.803921568627451,0.8470588235294118,0.803921568627451,19.00010871949417,617173
0.5294117647058824,0.6,0.6627450980392157,253.00144768589604,960294
0.5450980392156862,0.596078431372549,0.6666666666666666,180.00102997415527,1007311
0.5411764705882353,0.615686274509804,0.6627450980392157,152.00086975595335,1022956
0.5490196078431373,0.6078431372549019,0.6627450980392157,212.0012130806718,919463
0.5333333333333333,0.6039215686274509,0.6745098039215687,129.00073814814462,967452
0.5490196078431373,0.6039215686274509,0.6705882352941176,98.00056076370677,1010392
0.5294117647058824,0.611764705882353,0.6745098039215687,241.00137902095236,983981
0.5450980392156862,0.615686274509804,0.6823529411764706,331.00189400803,980741
0.34901960784313724,0.3843137254901961,0.23137254901960785,80.00045776629123,580755
0.3686274509803922,0.3843137254901961,0.2235294117647059,8.000045776629124,402079
0.35294117647058826,0.4,0.23137254901960785,309.0017681222999,560347
0.3607843137254902,0.39215686274509803,0.23137254901960785,40.00022888314562,369329
0.34509803921568627,0.38823529411764707,0.23529411764705882,198.00113297157083,557238
0.3607843137254902,0.3843137254901961,0.24313725490196078,14.000080109100967,556116
0.34509803921568627,0.396078431372549,0.23529411764705882,691.0039539563405,564412
0.3607843137254902,0.403921568627451,0.24313725490196078,244.00139618718828,562369
0.7215686274509804,0.6941176470588235,0.7294117647058823,305.00174523398533,1019391
0.7372549019607844,0.6901960784313725,0.7215686274509804,150.00085831179607,829575
0.7215686274509804,0.7058823529411765,0.7215686274509804,121.0006923715155,799830
0.7333333333333333,0.7058823529411765,0.7294117647058823,227.0012989118514,892078
0.7294117647058823,0.6980392156862745,0.7333333333333333,65.00037193511163,1015312
0.7333333333333333,0.6941176470588235,0.7372549019607844,6.000034332471843,809066
0.7176470588235294,0.7137254901960784,0.7450980392156863,384.00219727819797,995792
0.7372549019607844,0.7137254901960784,0.7372549019607844,324.0018539534795,990587
0.23137254901960785,0.34509803921568627,0.12549019607843137,43.00024604938154,394226
0.23529411764705882,0.35294117647058826,0.13333333333333333,660.0037765719027,393196
0.24705882352941178,0.3607843137254902,0.12941176470588237,314.0017967326931,407538
0.23137254901960785,0.34901960784313724,0.1450980392156863,4.000022888314562,394110
0.24313725490196078,0.35294117647058826,0.1411764705882353,413.00236321847854,383973
0.24705882352941178,0.3607843137254902,0.1411764705882353,143.00081825724558,402386
0.6,0.45098039215686275,0.41568627450980394,272.0015564053902,1010892
0.6078431372549019,0.4392156862745098,0.40784313725490196,203.00116158196403,978042
0.6039215686274509,0.4549019607843137,0.4117647058823529,43.00024604938154,1032490
0.611764705882353,0.4549019607843137,0.4196078431372549,112.00064087280774,1038574
0.6,0.45098039215686275,0.43529411764705883,400.0022888314562,1023353
0.6196078431372549,0.4470588235294118,0.42745098039215684,123.00070381567278,1006769
0.6,0.4627450980392157,0.43529411764705883,164.00093842089703,1032620
0.611764705882353,0.4666666666666667,0.42745098039215684,258.00147629628924,1016156
0.25098039215686274,0.2196078431372549,0.19607843137254902,361.0020656703892,453981
0.2784313725490196,0.2235294117647059,0.18823529411764706,346.0019798392096,541008
0.25882352941176473,0.23529411764705882,0.19607843137254902,46.00026321561746,604671
0.2784313725490196,0.23921568627450981,0.2,169.00096703129023,687693
0.2549019607843137,0.23137254901960785,0.20392156862745098,206.00117874819995,537050
0.2784313725490196,0.22745098039215686,0.21568627450980393,104.00059509617861,133479
0.2627450980392157,0.23921568627450981,0.20784313725490197,114.00065231696502,487721
0.26666666666666666,0.24705882352941178,0.20392156862745098,224.00128174561547,711266
0.12549019607843137,0.19215686274509805,0.12549019607843137,47.0002689376961,244482
0.13333333333333333,0.21176470588235294,0.13725490196078433,651.0037250731949,247563
0.1411764705882353,0.21568627450980393,0.13725490196078433,78.00044632213395,303868
0.12549019607843137,0.2,0.1411764705882353,1.0000057220786405,120465
0.12549019607843137,0.21176470588235294,0.15294117647058825,758.0043373356094,122524
0.1411764705882353,0.21568627450980393,0.1411764705882353,34.000194550673775,283397
0.3176470588235294,0.2549019607843137,0.2,218.00124741314363,751156
0.33725490196078434,0.25098039215686274,0.2,441.00252343668046,473337
0.3254901960784314,0.26666666666666666,0.2,17.000097275336888,755268
0.33725490196078434,0.26666666666666666,0.19607843137254902,46.00026321561746,745061
0.3137254901960784,0.25098039215686274,0.21176470588235294,294.0016822911203,495936
0.33725490196078434,0.25882352941176473,0.21568627450980393,238.00136185471644,555299
0.3176470588235294,0.26666666666666666,0.21568627450980393,97.00055504162813,689632
0.3411764705882353,0.27058823529411763,0.21568627450980393,208.00119019235723,630069
0.4117647058823529,0.47058823529411764,0.28627450980392155,383.00219155611927,308328
0.43137254901960786,0.4745098039215686,0.28627450980392155,242.001384743031,51618
0.4196078431372549,0.48627450980392156,0.29411764705882354,39.00022316106698,299142
0.43529411764705883,0.4980392156862745,0.29411764705882354,130.00074387022326,292986
0.41568627450980394,0.4745098039215686,0.30196078431372547,362.0020713924678,349224
0.4235294117647059,0.4823529411764706,0.3058823529411765,129.00073814814462,330828
0.41568627450980394,0.48627450980392156,0.30980392156862746,50.00028610393203,319592
0.4235294117647059,0.49411764705882355,0.3058823529411765,216.00123596898635,303233
0.7490196078431373,0.7843137254901961,0.8117647058823529,946.0054130863939,748768
0.7568627450980392,0.7843137254901961,0.8117647058823529,205.0011730261213,680150
0.7529411764705882,0.788235294117647,0.8156862745098039,844.0048294343726,611332
0.7607843137254902,0.792156862745098,0.8156862745098039,1278.0073128165025,642211
0.7490196078431373,0.7843137254901961,0.8196078431372549,113.00064659488638,617597
0.7568627450980392,0.7843137254901961,0.8196078431372549,37.000211716909696,976240
0.7529411764705882,0.792156862745098,0.8235294117647058,1604.0091782141394,781413
0.7607843137254902,0.788235294117647,0.8196078431372549,1151.0065861125152,658587
0.6039215686274509,0.5019607843137255,0.3803921568627451,267.001527794997,51305
0.6078431372549019,0.5058823529411764,0.38823529411764707,69.00039482342619,48250
0.6039215686274509,0.5215686274509804,0.3764705882352941,141.0008068130883,90200
0.6078431372549019,0.5254901960784314,0.38823529411764707,153.000875478032,83037
0.592156862745098,0.5019607843137255,0.39215686274509803,172.00098419752615,2258
0.6078431372549019,0.5098039215686274,0.4,170.00097275336887,24740
0.6039215686274509,0.5215686274509804,0.4,133.00076103645918,15522
0.615686274509804,0.5254901960784314,0.403921568627451,438.00250627044454,67699
0.10196078431372549,0.06274509803921569,0.03529411764705882,83.00047493252715,811709
0.10980392156862745,0.06274509803921569,0.03529411764705882,485.00277520814063,756419
0.10588235294117647,0.08235294117647059,0.03137254901960784,1.0000057220786405,684750
0.12156862745098039,0.0784313725490196,0.0392156862745098,6.000034332471843,801469
0.10588235294117647,0.06274509803921569,0.047058823529411764,344.0019683950523,793277
0.11764705882352941,0.07450980392156863,0.047058823529411764,569.0032558627464,808620
0.09803921568627451,0.0784313725490196,0.058823529411764705,10.000057220786404,679304
0.12156862745098039,0.0784313725490196,0.050980392156862744,42.0002403273029,785086
0.29411764705882354,0.4117647058823529,0.23137254901960785,250.00143051966012,237170
0.2980392156862745,0.41568627450980394,0.22745098039215686,380.00217438988335,246387
0.30196078431372547,0.4235294117647059,0.23137254901960785,74.00042343381939,255621
0.29411764705882354,0.4117647058823529,0.23529411764705882,226.00129318977275,202308
0.3058823529411765,0.4117647058823529,0.23529411764705882,488.00279237437655,208452
0.29411764705882354,0.4235294117647059,0.23529411764705882,2.000011444157281,239239
0.30980392156862746,0.4235294117647059,0.24313725490196078,114.00065231696502,199222
0.6901960784313725,0.6941176470588235,0.7490196078431373,77.00044060005531,825386
0.7019607843137254,0.6980392156862745,0.7568627450980392,14.000080109100967,891086
0.6901960784313725,0.7058823529411765,0.7490196078431373,600.0034332471843,827509
0.7058823529411765,0.7098039215686275,0.7529411764705882,695.0039768446551,907585
0.6901960784313725,0.6980392156862745,0.7647058823529411,2.000011444157281,881847
0.7098039215686275,0.6980392156862745,0.7647058823529411,1.0000057220786405,847992
0.6941176470588235,0.7137254901960784,0.7686274509803922,86.00049209876308,869537
0.7098039215686275,0.7137254901960784,0.7647058823529411,45.00025749353882,943458
0.5882352941176471,0.6274509803921569,0.4627450980392157,4.000022888314562,604352
0.596078431372549,0.6392156862745098,0.4627450980392157,11.000062942865044,711427
0.5843137254901961,0.6274509803921569,0.4980392156862745,34.000194550673775,419498
0.615686274509804,0.6352941176470588,0.4980392156862745,329.0018825638727,229638
0.615686274509804,0.6627450980392157,0.47843137254901963,1.0000057220786405,906167
0.12941176470588237,0.06666666666666667,0.03529411764705882,442.0025291587591,881454
0.1450980392156863,0.07058823529411765,0.0392156862745098,171.0009784754475,846513
0.12941176470588237,0.08235294117647059,0.043137254901960784,58.00033188056115,804526
0.14901960784313725,0.0784313725490196,0.0392156862745098,114.00065231696502,882481
0.13333333333333333,0.07450980392156863,0.050980392156862744,280.0016021820193,745157
0.1411764705882353,0.07450980392156863,0.054901960784313725,35.000200272752416,916249
0.13725490196078433,0.08235294117647059,0.047058823529411764,174.00099564168343,775867
0.14901960784313725,0.08235294117647059,0.047058823529411764,241.00137902095236,874248
0.2901960784313726,0.23137254901960785,0.2,268.00153351707564,449964
0.2980392156862745,0.2196078431372549,0.18823529411764706,98.00056076370677,557311
0.2901960784313726,0.23921568627450981,0.2,269.0015392391543,550239
0.3058823529411765,0.24313725490196078,0.19607843137254902,377.00215722364743,724590
0.29411764705882354,0.23137254901960785,0.20392156862745098,29.000165940280574,439557
0.3058823529411765,0.2235294117647059,0.21176470588235294,13.000074387022327,889278
0.2901960784313726,0.24705882352941178,0.21176470588235294,269.0015392391543,554413
0.30196078431372547,0.24705882352941178,0.20392156862745098,184.00105286246983,721411
0.3137254901960784,0.38823529411764707,0.16862745098039217,15.000085831179607,551762
0.33725490196078434,0.3764705882352941,0.16470588235294117,4.000022888314562,721674
0.3137254901960784,0.39215686274509803,0.16862745098039217,439.0025119925232,544595
0.3137254901960784,0.38823529411764707,0.1843137254901961,143.00081825724558,542515
0.32941176470588235,0.3803921568627451,0.17254901960784313,6.000034332471843,730899
0.3176470588235294,0.403921568627451,0.1803921568627451,868.00496676426,531258
0.32941176470588235,0.403921568627451,0.1803921568627451,31.000177384437855,556879
0.34901960784313724,0.2235294117647059,0.2,358.00204850415327,933383
0.36470588235294116,0.22745098039215686,0.19215686274509805,275.0015735716261,967266
0.34901960784313724,0.23529411764705882,0.2,41.00023460522426,938474
0.3607843137254902,0.23529411764705882,0.19215686274509805,39.00022316106698,952900
0.3568627450980392,0.2196078431372549,0.20392156862745098,187.00107002870575,965142
0.3607843137254902,0.22745098039215686,0.20392156862745098,225.0012874676941,946836
0.34901960784313724,0.23529411764705882,0.20784313725490197,83.00047493252715,893388
0.3607843137254902,0.23529411764705882,0.21176470588235294,289.0016536807271,890459
0.1607843137254902,0.19607843137254902,0.23137254901960785,289.0016536807271,210360
0.1843137254901961,0.19607843137254902,0.22745098039215686,320.00183106516494,179644
0.1568627450980392,0.21568627450980393,0.2235294117647059,29.000165940280574,419416
0.17254901960784313,0.20392156862745098,0.22745098039215686,132.00075531438054,293165
0.1568627450980392,0.19607843137254902,0.23529411764705882,219.00125313522227,224739
0.17254901960784313,0.19215686274509805,0.24313725490196078,149.00085258971743,286074
0.16862745098039217,0.20784313725490197,0.23529411764705882,99.00056648578541,861699
0.17254901960784313,0.20392156862745098,0.23921568627450981,257.0014705742106,599654
0.1803921568627451,0.28627450980392155,0.13725490196078433,12.000068664943687,163839
0.16862745098039217,0.29411764705882354,0.15294117647058825,921.0052700344279,113621
0.1803921568627451,0.2901960784313726,0.15294117647058825,331.00189400803,180171
0.16470588235294117,0.2980392156862745,0.15294117647058825,42.0002403273029,139176
0.17647058823529413,0.2980392156862745,0.15294117647058825,184.00105286246983,126966
0.34901960784313724,0.4196078431372549,0.19215686274509805,22.00012588573009,558920
0.3607843137254902,0.4117647058823529,0.2,4.000022888314562,845648
0.34901960784313724,0.4235294117647059,0.2,130.00074387022326,565072
0.3607843137254902,0.43137254901960786,0.2,1.0000057220786405,557893
0.34509803921568627,0.40784313725490196,0.21176470588235294,738.0042228940366,243764
0.37254901960784315,0.40784313725490196,0.21568627450980393,455.0026035457814,214027
0.3568627450980392,0.43137254901960786,0.21568627450980393,30.000171662359215,585560
0.37254901960784315,0.4235294117647059,0.21568627450980393,103.00058937409997,233562
0.47843137254901963,0.5019607843137255,0.3843137254901961,46.00026321561746,645863
0.49411764705882355,0.5098039215686274,0.3843137254901961,36.000205994831056,368284
0.47843137254901963,0.5215686274509804,0.3803921568627451,297.0016994573562,435214
0.49411764705882355,0.5176470588235295,0.3803921568627451,1059.0060596812802,415828
0.4823529411764706,0.5058823529411764,0.403921568627451,2.000011444157281,620262
0.4980392156862745,0.5058823529411764,0.39215686274509803,5.000028610393202,195865
0.47843137254901963,0.5254901960784314,0.39215686274509803,6.000034332471843,638711
0.4980392156862745,0.5254901960784314,0.39215686274509803,21.00012016365145,447550
0.4470588235294118,0.5058823529411764,0.35294117647058826,204.00116730404267,368713
0.4627450980392157,0.5058823529411764,0.3568627450980392,429.0024547717368,384059
0.45098039215686275,0.5137254901960784,0.34901960784313724,20.00011444157281,346202
0.4588235294117647,0.5176470588235295,0.34901960784313724,240.00137329887372,324747
0.4470588235294118,0.5098039215686274,0.3607843137254902,1.0000057220786405,376893
0.4666666666666667,0.5019607843137255,0.36470588235294116,339.0019397846591,456751
0.4392156862745098,0.5215686274509804,0.36470588235294116,7.0000400545504835,616708
0.4627450980392157,0.5176470588235295,0.3686274509803922,230.0013160780873,348292
0.6039215686274509,0.6627450980392157,0.7176470588235294,259.0014820183679,931767
0.611764705882353,0.6627450980392157,0.7176470588235294,214.00122452482907,988944
0.6039215686274509,0.6705882352941176,0.7215686274509804,146.0008354234815,958271
0.615686274509804,0.6784313725490196,0.7215686274509804,679.0038852913968,1026997
0.6,0.6627450980392157,0.7333333333333333,7.0000400545504835,935763
0.6196078431372549,0.6666666666666666,0.7450980392156863,9.000051498707764,975833
0.596078431372549,0.6823529411764706,0.7411764705882353,21.00012016365145,869775
0.611764705882353,0.6823529411764706,0.7411764705882353,126.0007209819087,857384
0.5411764705882353,0.5098039215686274,0.29411764705882354,279.0015964599407,156721
0.5450980392156862,0.5019607843137255,0.28627450980392155,124.00070953775142,152620
0.5294117647058824,0.5176470588235295,0.2901960784313726,205.0011730261213,188517
0.5490196078431373,0.5176470588235295,0.2823529411764706,94.0005378753922,178295
0.5333333333333333,0.5058823529411764,0.2980392156862745,16.000091553258248,146436
0.5490196078431373,0.5098039215686274,0.2980392156862745,176.0010070858407,159824
0.5294117647058824,0.5254901960784314,0.3058823529411765,175.00100136376207,17779
0.5529411764705883,0.5176470588235295,0.3058823529411765,385.0022030002766,148536
0.6235294117647059,0.5411764705882353,0.44313725490196076,93.00053215331356,4304
0.6392156862745098,0.5411764705882353,0.4392156862745098,12.000068664943687,50332
0.6352941176470588,0.5568627450980392,0.4470588235294118,356.002037059996,8388
0.6470588235294118,0.5568627450980392,0.44313725490196076,753.0043087252162,62631
0.6274509803921569,0.5372549019607843,0.4666666666666667,31.000177384437855,679216
0.6470588235294118,0.5294117647058824,0.4549019607843137,8.000045776629124,911196
0.6352941176470588,0.5490196078431373,0.4549019607843137,44.00025177146018,876133
0.6470588235294118,0.5568627450980392,0.4588235294117647,144.00082397932422,31949
0.1607843137254902,0.30980392156862746,0.5058823529411764,1.0000057220786405,162075
0.24705882352941178,0.30196078431372547,0.5058823529411764,3.0000171662359216,965566
0.1607843137254902,0.3215686274509804,0.5058823529411764,7.0000400545504835,161048
0.19607843137254902,0.34901960784313724,0.5215686274509804,76.00043487797667,152854
0.23921568627450981,0.3607843137254902,0.5607843137254902,3.0000171662359216,147720
0.20784313725490197,0.396078431372549,0.5450980392156862,66.00037765719027,933884
0.24705882352941178,0.45098039215686275,0.5450980392156862,2.000011444157281,194976
0.23921568627450981,0.3843137254901961,0.5647058823529412,9.000051498707764,156944
0.2235294117647059,0.4588235294117647,0.611764705882353,13.000074387022327,922589
0.3843137254901961,0.4196078431372549,0.2196078431372549,217.001241691065,208955
0.39215686274509803,0.4196078431372549,0.2235294117647059,75.00042915589803,203806
0.3764705882352941,0.43529411764705883,0.2235294117647059,453.00259210162415,254053
0.396078431372549,0.42745098039215684,0.22745098039215686,364.0020828366251,206892
0.38823529411764707,0.41568627450980394,0.24705882352941178,220.0012588573009,534745
0.396078431372549,0.41568627450980394,0.24705882352941178,21.00012016365145,530639
0.3803921568627451,0.43529411764705883,0.24705882352941178,60.00034332471843,3463
0.4,0.43529411764705883,0.24313725490196078,28.000160218201934,19849
0.6039215686274509,0.5686274509803921,0.3843137254901961,180.00102997415527,81242
0.615686274509804,0.5686274509803921,0.38823529411764707,450.0025749353882,49497
0.6,0.5764705882352941,0.3843137254901961,47.0002689376961,190701
0.6196078431372549,0.5843137254901961,0.38823529411764707,160.00091553258247,179430
0.592156862745098,0.5686274509803921,0.403921568627451,20.00011444157281,100701
0.6196078431372549,0.5607843137254902,0.403921568627451,422.0024147171863,47433
0.6039215686274509,0.5882352941176471,0.396078431372549,77.00044060005531,199910
0.611764705882353,0.5843137254901961,0.4,80.00045776629123,181496
0.7647058823529411,0.8,0.8274509803921568,833.0047664915076,639008
0.7725490196078432,0.8,0.8274509803921568,240.00137329887372,614404
0.7686274509803922,0.803921568627451,0.8274509803921568,870.0049782084172,625676
0.7725490196078432,0.803921568627451,0.8313725490196079,2839.01624498126,719127
0.7647058823529411,0.8,0.8352941176470589,37.000211716909696,626888
0.7725490196078432,0.8,0.8352941176470589,17.000097275336888,864419
0.7686274509803922,0.807843137254902,0.8352941176470589,448.00256349123094,649489
0.7764705882352941,0.807843137254902,0.8352941176470589,442.0025291587591,730297
0.25882352941176473,0.3254901960784314,0.23137254901960785,397.0022716652203,198185
0.27058823529411763,0.3215686274509804,0.23137254901960785,145.00082970140286,575209
0.25098039215686274,0.33725490196078434,0.2196078431372549,309.0017681222999,511726
0.26666666666666666,0.3333333333333333,0.22745098039215686,467.0026722107251,579323
0.2627450980392157,0.3176470588235294,0.23529411764705882,14.000080109100967,558823
0.2784313725490196,0.3137254901960784,0.23921568627450981,9.000051498707764,583403
0.2627450980392157,0.3411764705882353,0.23529411764705882,16.000091553258248,675541
0.27450980392156865,0.32941176470588235,0.23921568627450981,73.00041771174075,570087
0.22745098039215686,0.34509803921568627,0.2196078431372549,227.0012989118514,168550
0.24313725490196078,0.35294117647058826,0.2196078431372549,540.0030899224658,425699
0.23137254901960785,0.36470588235294116,0.2235294117647059,7.0000400545504835,35357
0.23921568627450981,0.3607843137254902,0.2196078431372549,609.003484745892,196225
0.23137254901960785,0.3568627450980392,0.23529411764705882,7.0000400545504835,177798
0.23529411764705882,0.35294117647058826,0.23921568627450981,15.000085831179607,492254
0.23137254901960785,0.37254901960784315,0.24705882352941178,2.000011444157281,31716
0.24705882352941178,0.3686274509803922,0.23529411764705882,20.00011444157281,181863
0.38823529411764707,0.29411764705882354,0.2196078431372549,286.00163651449117,621893
0.39215686274509803,0.2901960784313726,0.2196078431372549,122.00069809359414,760211
0.3803921568627451,0.30196078431372547,0.23137254901960785,184.00105286246983,505064
0.403921568627451,0.30980392156862746,0.22745098039215686,246.00140763134556,680303
0.3764705882352941,0.28627450980392155,0.24705882352941178,80.00045776629123,398565
0.4,0.29411764705882354,0.23529411764705882,66.00037765719027,624918
0.3843137254901961,0.30980392156862746,0.24705882352941178,202.0011558598854,535954
0.396078431372549,0.30196078431372547,0.23529411764705882,219.00125313522227,780702
0.38823529411764707,0.4,0.5058823529411764,24.000137329887373,952047
0.4196078431372549,0.403921568627451,0.5019607843137255,3.0000171662359216,964302
0.403921568627451,0.42745098039215684,0.5254901960784314,71.00040626758347,961255
0.4196078431372549,0.4235294117647059,0.5137254901960784,168.0009613092116,982715
0.403921568627451,0.3843137254901961,0.5294117647058824,4.000022888314562,938865
0.4,0.43137254901960786,0.5372549019607843,51.00029182601067,939821
0.41568627450980394,0.43137254901960786,0.5333333333333333,29.000165940280574,959201
0.6666666666666666,0.6352941176470588,0.6666666666666666,218.00124741314363,1025618
0.6705882352941176,0.6313725490196078,0.6627450980392157,249.00142479758148,1019469
0.6588235294117647,0.6509803921568628,0.6549019607843137,38.00021743898834,894546
0.6745098039215687,0.6431372549019608,0.6549019607843137,102.00058365202133,1040032
0.6666666666666666,0.6352941176470588,0.6784313725490196,128.00073242606598,990731
0.6745098039215687,0.6313725490196078,0.6705882352941176,81.00046348836987,809039
0.6549019607843137,0.6392156862745098,0.6784313725490196,142.00081253516694,936234
0.6784313725490196,0.6431372549019608,0.6784313725490196,436.00249482628726,1023558
0.3254901960784314,0.19215686274509805,0.1568627450980392,219.00125313522227,951884
0.32941176470588235,0.2,0.16470588235294117,254.00145340797468,957002
0.3176470588235294,0.20784313725490197,0.16862745098039217,16.000091553258248,542422
0.33725490196078434,0.20392156862745098,0.1607843137254902,60.00034332471843,947786
0.3137254901960784,0.2,0.1843137254901961,316.0018081768504,928269
0.3333333333333333,0.2,0.17254901960784313,121.0006923715155,961102
0.3254901960784314,0.21176470588235294,0.1803921568627451,112.00064087280774,921020
0.32941176470588235,0.20392156862745098,0.1803921568627451,295.00168801319893,927167
0.19215686274509805,0.2,0.3254901960784314,6.000034332471843,857627
0.24313725490196078,0.2,0.32941176470588235,2.000011444157281,937840
0.20392156862745098,0.24313725490196078,0.3215686274509804,256.00146485213196,311786
0.2196078431372549,0.24705882352941178,0.3254901960784314,48.000274659774746,147929
0.21568627450980393,0.20392156862745098,0.3607843137254902,4.000022888314562,937839
0.24313725490196078,0.19607843137254902,0.3607843137254902,1.0000057220786405,940920
0.20392156862745098,0.23529411764705882,0.34901960784313724,26.000148774044654,343575
0.2235294117647059,0.24705882352941178,0.35294117647058826,5.000028610393202,306728
0.47058823529411764,0.3764705882352941,0.25882352941176473,97.00055504162813,54307
0.49019607843137253,0.38823529411764707,0.2627450980392157,41.00023460522426,722593
0.4745098039215686,0.4,0.2627450980392157,81.00046348836987,76817
0.49019607843137253,0.39215686274509803,0.2627450980392157,12.000068664943687,720542
0.47058823529411764,0.3803921568627451,0.27450980392156865,428.00244904965814,36908
0.49411764705882355,0.3843137254901961,0.2784313725490196,334.0019111742659,17503
0.4823529411764706,0.403921568627451,0.26666666666666666,185.00105858454847,71707
0.48627450980392156,0.396078431372549,0.2784313725490196,210.0012016365145,52251
0.23137254901960785,0.34901960784313724,0.10588235294117647,89.000509264999,437243
0.24705882352941178,0.3568627450980392,0.10588235294117647,169.00096703129023,473076
0.24705882352941178,0.3607843137254902,0.10588235294117647,31.000177384437855,497661
0.23137254901960785,0.34509803921568627,0.12156862745098039,118.00067520527958,413662
0.24313725490196078,0.34901960784313724,0.10980392156862745,697.0039882888124,493543
0.23137254901960785,0.3607843137254902,0.10980392156862745,1.0000057220786405,453630
0.24313725490196078,0.36470588235294116,0.12156862745098039,272.0015564053902,441324
0.8117647058823529,0.7647058823529411,0.6980392156862745,47.0002689376961,776561
0.8470588235294118,0.7568627450980392,0.6980392156862745,17.000097275336888,890711
0.8352941176470589,0.796078431372549,0.7137254901960784,22.00012588573009,333288
0.8509803921568627,0.7843137254901961,0.7019607843137254,1.0000057220786405,194849
0.8117647058823529,0.7529411764705882,0.7450980392156863,124.00070953775142,966932
0.8431372549019608,0.7568627450980392,0.7176470588235294,35.000200272752416,919686
0.8117647058823529,0.7803921568627451,0.7333333333333333,81.00046348836987,346341
0.8509803921568627,0.788235294117647,0.7176470588235294,16.000091553258248,207181
0.5725490196078431,0.5411764705882353,0.3254901960784314,258.00147629628924,157783
0.5764705882352941,0.5294117647058824,0.3215686274509804,198.00113297157083,145466
0.5725490196078431,0.5568627450980392,0.3176470588235294,102.00058365202133,189586
0.5803921568627451,0.5490196078431373,0.3176470588235294,225.0012874676941,174193
0.5647058823529412,0.5372549019607843,0.3411764705882353,76.00043487797667,75117
0.5882352941176471,0.5411764705882353,0.33725490196078434,323.00184823140086,147536
0.5725490196078431,0.5450980392156862,0.3333333333333333,50.00028610393203,15714
0.5882352941176471,0.5450980392156862,0.3411764705882353,138.00078964685238,146498
0.4745098039215686,0.4745098039215686,0.25882352941176473,353.00201989376006,175110
0.48627450980392156,0.4823529411764706,0.2627450980392157,128.00073242606598,175132
0.47843137254901963,0.48627450980392156,0.2549019607843137,123.00070381567278,199795
0.48627450980392156,0.49019607843137253,0.25882352941176473,47.0002689376961,197748
0.4823529411764706,0.4745098039215686,0.26666666666666666,90.00051498707764,178219
0.48627450980392156,0.4823529411764706,0.27058823529411763,180.00102997415527,175126
0.4823529411764706,0.49411764705882355,0.27450980392156865,146.0008354234815,14714
0.49019607843137253,0.49019607843137253,0.27058823529411763,299.0017109015135,187452
0.7490196078431373,0.5764705882352941,0.5137254901960784,71.00040626758347,930903
0.7843137254901961,0.5882352941176471,0.5254901960784314,2.000011444157281,959640
0.7647058823529411,0.596078431372549,0.5176470588235295,42.0002403273029,918574
0.7803921568627451,0.6,0.5176470588235295,5.000028610393202,951430
0.7490196078431373,0.5882352941176471,0.5333333333333333,40.00022888314562,999640
0.7529411764705882,0.6039215686274509,0.5490196078431373,142.00081253516694,957925
0.7803921568627451,0.611764705882353,0.5450980392156862,38.00021743898834,963743
0.6039215686274509,0.5607843137254902,0.34509803921568627,157.00089836634655,159854
0.611764705882353,0.5686274509803921,0.3568627450980392,136.0007782026951,169109
0.596078431372549,0.5803921568627451,0.34901960784313724,155.00088692218927,194736
0.6078431372549019,0.5803921568627451,0.3568627450980392,102.00058365202133,184506
0.6,0.5607843137254902,0.36470588235294116,162.00092697673975,69981
0.615686274509804,0.5686274509803921,0.37254901960784315,224.00128174561547,154736
0.6039215686274509,0.5843137254901961,0.37254901960784315,121.0006923715155,196825
0.615686274509804,0.5843137254901961,0.3686274509803922,283.00161934825525,180427
0.5647058823529412,0.3333333333333333,0.20392156862745098,39.00022316106698,878428
0.6039215686274509,0.33725490196078434,0.18823529411764706,2.000011444157281,884582
0.5607843137254902,0.3686274509803922,0.2,49.000280381853386,765698
0.6,0.3686274509803922,0.19215686274509805,66.00037765719027,833125
0.5686274509803921,0.32941176470588235,0.24705882352941178,72.00041198966211,999506
0.592156862745098,0.32941176470588235,0.24705882352941178,5.000028610393202,997451
0.5882352941176471,0.37254901960784315,0.2196078431372549,65.00037193511163,809571
0.596078431372549,0.35294117647058826,0.24313725490196078,33.000188828595135,904204
0.3215686274509804,0.2235294117647059,0.1607843137254902,241.00137902095236,720252
0.32941176470588235,0.23137254901960785,0.16862745098039217,42.0002403273029,727426
0.3176470588235294,0.23529411764705882,0.16862745098039217,49.000280381853386,711069
0.3333333333333333,0.23529411764705882,0.16470588235294117,29.000165940280574,709986
0.3254901960784314,0.23137254901960785,0.17254901960784313,177.00101280791935,662847
0.32941176470588235,0.23137254901960785,0.17254901960784313,22.00012588573009,726413
0.3254901960784314,0.23921568627450981,0.17647058823529413,404.0023117197708,781773
0.3411764705882353,0.24705882352941178,0.1803921568627451,354.0020256158387,676185
0.22745098039215686,0.22745098039215686,0.2235294117647059,257.0014705742106,128387
0.24705882352941178,0.2235294117647059,0.23137254901960785,183.0010471403912,320790
0.22745098039215686,0.23529411764705882,0.22745098039215686,63.00036049095435,547336
0.24313725490196078,0.23921568627450981,0.2235294117647059,140.00080109100966,447771
0.22745098039215686,0.22745098039215686,0.23529411764705882,204.00116730404267,327098
0.23921568627450981,0.22745098039215686,0.23921568627450981,82.00046921044851,585422
0.22745098039215686,0.23529411764705882,0.24313725490196078,196.00112152741355,185716
0.24313725490196078,0.23529411764705882,0.23529411764705882,192.00109863909898,605745
0.3137254901960784,0.4,0.32941176470588235,11.000062942865044,663282
0.3568627450980392,0.38823529411764707,0.3333333333333333,36.000205994831056,632525
0.3215686274509804,0.4117647058823529,0.3411764705882353,14.000080109100967,641773
0.37254901960784315,0.4235294117647059,0.3215686274509804,11.000062942865044,573155
0.3411764705882353,0.3843137254901961,0.37254901960784315,59.00033760263979,376284
0.37254901960784315,0.403921568627451,0.3686274509803922,164.00093842089703,378306
0.3215686274509804,0.4117647058823529,0.34901960784313724,12.000068664943687,644847
0.36470588235294116,0.41568627450980394,0.37254901960784315,22.00012588573009,363790
0.8156862745098039,0.8156862745098039,0.8156862745098039,173.0009899196048,950110
0.8274509803921568,0.8196078431372549,0.8235294117647058,81.00046348836987,808053
0.8156862745098039,0.8313725490196079,0.8117647058823529,81.00046348836987,486055
0.8313725490196079,0.8313725490196079,0.8235294117647058,56.00032043640387,875815
0.8117647058823529,0.8235294117647058,0.8274509803921568,151.0008640338747,973725
0.8313725490196079,0.8196078431372549,0.8313725490196079,53.00030327016795,917735
0.8235294117647058,0.8352941176470589,0.8352941176470589,516.0029525925785,815246
0.8274509803921568,0.8352941176470589,0.8352941176470589,203.00116158196403,837100
0.0392156862745098,0.0392156862745098,0.06274509803921569,34.000194550673775,200021
0.047058823529411764,0.043137254901960784,0.06274509803921569,17.000097275336888,198997
0.043137254901960784,0.047058823529411764,0.06666666666666667,103.00058937409997,392652
0.054901960784313725,0.054901960784313725,0.06274509803921569,1017.0058193539774,185748
0.03137254901960784,0.03529411764705882,0.08235294117647059,6.000034332471843,322075
0.054901960784313725,0.0392156862745098,0.09019607843137255,1.0000057220786405,862652
0.043137254901960784,0.050980392156862744,0.0784313725490196,39.00022316106698,304680
0.058823529411764705,0.058823529411764705,0.0784313725490196,91.00052070915628,453951
0.6274509803921569,0.47843137254901963,0.4470588235294118,260.0014877404465,1010716
0.6470588235294118,0.47843137254901963,0.4392156862745098,186.00106430662711,1029184
0.6235294117647059,0.48627450980392156,0.44313725490196076,57.00032615848251,991542
0.6392156862745098,0.49411764705882355,0.45098039215686275,161.0009212546611,1008809
0.6313725490196078,0.47843137254901963,0.4588235294117647,195.0011158053349,1046785
0.6509803921568628,0.47843137254901963,0.4549019607843137,58.00033188056115,1044738
0.6274509803921569,0.48627450980392156,0.4666666666666667,169.00096703129023,980221
0.6431372549019608,0.48627450980392156,0.4588235294117647,219.00125313522227,1044615
0.3411764705882353,0.25098039215686274,0.15294117647058825,4.000022888314562,606957
0.36470588235294116,0.25882352941176473,0.15294117647058825,13.000074387022327,778912
0.3254901960784314,0.25098039215686274,0.1843137254901961,101.0005779299427,784893
0.3568627450980392,0.2549019607843137,0.1843137254901961,199.00113869364947,723320
0.33725490196078434,0.2901960784313726,0.1803921568627451,2.000011444157281,599778
0.34901960784313724,0.28627450980392155,0.1843137254901961,6.000034332471843,703146
0.19607843137254902,0.2235294117647059,0.2549019607843137,230.0013160780873,336348
0.21176470588235294,0.23137254901960785,0.2549019607843137,245.00140190926692,834849
0.2,0.23529411764705882,0.2627450980392157,33.000188828595135,452087
0.21568627450980393,0.23921568627450981,0.2627450980392157,149.00085258971743,588377
0.19607843137254902,0.23137254901960785,0.27058823529411763,197.00112724949219,461295
0.21176470588235294,0.23137254901960785,0.2784313725490196,125.00071525983006,267650
0.18823529411764706,0.24313725490196078,0.27450980392156865,128.00073242606598,518701
0.21568627450980393,0.24705882352941178,0.27450980392156865,190.00108719494168,428522
0.0392156862745098,0.03137254901960784,0.027450980392156862,19.00010871949417,673521
0.058823529411764705,0.03529411764705882,0.027450980392156862,1272.0072784840306,824014
0.054901960784313725,0.047058823529411764,0.023529411764705882,1.0000057220786405,677599
0.34509803921568627,0.38823529411764707,0.2549019607843137,41.00023460522426,526373
0.3607843137254902,0.38823529411764707,0.25098039215686274,11.000062942865044,550985
0.3568627450980392,0.4,0.25098039215686274,718.0041084524638,545944
0.3607843137254902,0.403921568627451,0.25882352941176473,372.00212861325423,531568
0.34509803921568627,0.3803921568627451,0.27450980392156865,6.000034332471843,569057
0.37254901960784315,0.3764705882352941,0.27450980392156865,5.000028610393202,467166
0.34901960784313724,0.4,0.26666666666666666,44.00025177146018,521253
0.3607843137254902,0.396078431372549,0.26666666666666666,90.00051498707764,519176
0.49411764705882355,0.6235294117647059,0.6745098039215687,29.000165940280574,402976
0.43137254901960786,0.6274509803921569,0.7254901960784313,5.000028610393202,168231
0.49411764705882355,0.6470588235294118,0.7372549019607844,46.00026321561746,897946
0.5019607843137255,0.23921568627450981,0.01568627450980392,73.00041771174075,794382
0.5058823529411764,0.23921568627450981,0.08627450980392157,7.0000400545504835,832118
0.7647058823529411,0.796078431372549,0.8156862745098039,355.00203133791734,862818
0.7764705882352941,0.796078431372549,0.8156862745098039,131.0007495923019,824833
0.7647058823529411,0.807843137254902,0.8117647058823529,12.000068664943687,874149
0.7725490196078432,0.803921568627451,0.8156862745098039,21.00012016365145,926594
0.7647058823529411,0.796078431372549,0.8196078431372549,2506.014339529073,783673
0.7725490196078432,0.8,0.8196078431372549,1042.0059624059434,784710
0.7686274509803922,0.803921568627451,0.8235294117647058,180.00102997415527,643217
0.7725490196078432,0.803921568627451,0.8235294117647058,873.0049953746532,686283
0.4196078431372549,0.4392156862745098,0.23137254901960785,138.00078964685238,194582
0.42745098039215684,0.4470588235294118,0.23137254901960785,28.000160218201934,216187
0.40784313725490196,0.4549019607843137,0.23137254901960785,45.00025749353882,229478
0.4235294117647059,0.4627450980392157,0.23137254901960785,4.000022888314562,232577
0.4196078431372549,0.44313725490196076,0.24313725490196078,253.00144768589604,201741
0.4235294117647059,0.45098039215686275,0.24313725490196078,317.001813898929,204836
0.40784313725490196,0.4627450980392157,0.23921568627450981,250.00143051966012,254075
0.42745098039215684,0.4666666666666667,0.24705882352941178,243.00139046510964,219235
0.3176470588235294,0.5137254901960784,0.5686274509803921,8.000045776629124,202149
0.37254901960784315,0.5215686274509804,0.5843137254901961,155.00088692218927,485973
0.3686274509803922,0.5294117647058824,0.5882352941176471,6.000034332471843,497233
0.33725490196078434,0.5058823529411764,0.6196078431372549,13.000074387022327,168226
0.35294117647058826,0.5058823529411764,0.592156862745098,124.00070953775142,532106
0.37254901960784315,0.5450980392156862,0.596078431372549,12.000068664943687,871947
0.2784313725490196,0.4470588235294118,0.5254901960784314,5.000028610393202,287162
0.2980392156862745,0.44313725490196076,0.5215686274509804,78.00044632213395,962531
0.27450980392156865,0.45098039215686275,0.5411764705882353,4.000022888314562,879100
0.30980392156862746,0.4627450980392157,0.5411764705882353,221.00126457937955,488008
0.30980392156862746,0.47058823529411764,0.5568627450980392,8.000045776629124,471613
0.40784313725490196,0.3215686274509804,0.23137254901960785,93.00053215331356,742005
0.4235294117647059,0.3176470588235294,0.2235294117647059,93.00053215331356,708952
0.40784313725490196,0.32941176470588235,0.23137254901960785,129.00073814814462,23593
0.43529411764705883,0.3411764705882353,0.23137254901960785,35.000200272752416,729751
0.4117647058823529,0.3137254901960784,0.24705882352941178,244.00139618718828,478451
0.4235294117647059,0.3215686274509804,0.23921568627450981,160.00091553258247,658777
0.4117647058823529,0.33725490196078434,0.23529411764705882,270.0015449612329,31774
0.43137254901960786,0.3411764705882353,0.23921568627450981,235.00134468848051,18508
0.6901960784313725,0.6039215686274509,0.5019607843137255,82.00046921044851,40188
0.7019607843137254,0.6039215686274509,0.5058823529411764,2.000011444157281,877233
0.6941176470588235,0.6078431372549019,0.5019607843137255,847.0048466006085,52475
0.7058823529411765,0.6196078431372549,0.5098039215686274,115.00065803904366,84171
0.6980392156862745,0.6,0.5254901960784314,5.000028610393202,873555
0.7019607843137254,0.6039215686274509,0.5215686274509804,3.0000171662359216,846864
0.6862745098039216,0.6196078431372549,0.5176470588235295,60.00034332471843,144616
0.7019607843137254,0.6196078431372549,0.5137254901960784,133.00076103645918,81104
0.7098039215686275,0.7019607843137254,0.5607843137254902,20.00011444157281,601837
0.7215686274509804,0.6862745098039216,0.5843137254901961,36.000205994831056,193853
0.7019607843137254,0.7176470588235294,0.5843137254901961,5.000028610393202,678593
0.7019607843137254,0.6862745098039216,0.6039215686274509,104.00059509617861,659135
0.7215686274509804,0.6862745098039216,0.6196078431372549,118.00067520527958,654034
0.7058823529411765,0.7254901960784313,0.611764705882353,17.000097275336888,567538
0.7333333333333333,0.7176470588235294,0.596078431372549,10.000057220786404,732860
0.5019607843137255,0.3411764705882353,0.3843137254901961,10.000057220786404,959716
0.5019607843137255,0.3568627450980392,0.39215686274509803,144.00082397932422,980273
0.5333333333333333,0.3607843137254902,0.3843137254901961,129.00073814814462,985645
0.5254901960784314,0.37254901960784315,0.40784313725490196,24.000137329887373,937143
0.5294117647058824,0.3686274509803922,0.40784313725490196,3.0000171662359216,1023401
0.7372549019607844,0.7803921568627451,0.8117647058823529,844.0048294343726,649472
0.7411764705882353,0.7803921568627451,0.8117647058823529,1470.0084114556014,684151
0.7372549019607844,0.788235294117647,0.8156862745098039,16.000091553258248,773326
0.7450980392156863,0.788235294117647,0.8156862745098039,119.00068092735822,660562
0.7372549019607844,0.7843137254901961,0.8235294117647058,741.0042400602725,753744
0.7450980392156863,0.7843137254901961,0.8196078431372549,744.0042572265085,782475
0.7372549019607844,0.788235294117647,0.8235294117647058,115.00065803904366,692289
0.7450980392156863,0.788235294117647,0.8196078431372549,902.0051613149337,812214
0.23529411764705882,0.3137254901960784,0.12941176470588237,853.0048809330804,739270
0.24313725490196078,0.3176470588235294,0.12549019607843137,169.00096703129023,784302
0.23529411764705882,0.3215686274509804,0.12549019607843137,1175.0067234424025,845787
0.24313725490196078,0.3254901960784314,0.12941176470588237,805.0046062733056,796623
0.23921568627450981,0.3137254901960784,0.13725490196078433,437.0025005483659,725949
0.24705882352941178,0.3176470588235294,0.13333333333333333,70.00040054550483,739240
0.23921568627450981,0.3215686274509804,0.13333333333333333,602.0034446913415,877461
0.24313725490196078,0.3215686274509804,0.13333333333333333,837.0047893798221,825227
0.5725490196078431,0.4196078431372549,0.3843137254901961,145.00082970140286,922135
0.5882352941176471,0.4117647058823529,0.3764705882352941,185.00105858454847,941201
0.5607843137254902,0.43529411764705883,0.3803921568627451,26.000148774044654,821374
0.5882352941176471,0.4235294117647059,0.38823529411764707,54.00030899224659,1014030
0.5607843137254902,0.41568627450980394,0.39215686274509803,278.00159073786205,987402
0.5843137254901961,0.4196078431372549,0.403921568627451,274.0015678495475,974043
0.5686274509803921,0.4235294117647059,0.4,46.00026321561746,998759
0.5843137254901961,0.4235294117647059,0.396078431372549,226.00129318977275,1033419
0.13333333333333333,0.1843137254901961,0.3843137254901961,3.0000171662359216,967621
0.1568627450980392,0.23921568627450981,0.4196078431372549,61.00034904679707,146693
0.20784313725490197,0.24313725490196078,0.43137254901960786,11.000062942865044,955297
0.17647058823529413,0.24705882352941178,0.4588235294117647,2.000011444157281,972755
0.7568627450980392,0.7607843137254902,0.7607843137254902,164.00093842089703,977860
0.7647058823529411,0.7490196078431373,0.7607843137254902,54.00030899224659,885924
0.7607843137254902,0.7725490196078432,0.7607843137254902,92.00052643123492,901707
0.7725490196078432,0.7686274509803922,0.7529411764705882,61.00034904679707,130384
0.7529411764705882,0.7529411764705882,0.7686274509803922,214.00122452482907,834744
0.7764705882352941,0.7529411764705882,0.7647058823529411,183.0010471403912,878718
0.7607843137254902,0.7686274509803922,0.7686274509803922,295.00168801319893,875624
0.7686274509803922,0.7764705882352941,0.7764705882352941,169.00096703129023,653593
0.16470588235294117,0.1607843137254902,0.13725490196078433,18.000102997415528,245054
0.1803921568627451,0.16862745098039217,0.13725490196078433,270.0015449612329,694803
0.1607843137254902,0.17254901960784313,0.13725490196078433,1.0000057220786405,664312
0.1568627450980392,0.1568627450980392,0.14901960784313725,214.00122452482907,373102
0.1843137254901961,0.1607843137254902,0.15294117647058825,700.0040054550483,449971
0.1568627450980392,0.17647058823529413,0.14901960784313725,4.000022888314562,670453
0.1843137254901961,0.17254901960784313,0.14901960784313725,18.000102997415528,452889
0.18823529411764706,0.19607843137254902,0.23137254901960785,154.00088120011063,273820
0.21176470588235294,0.19215686274509805,0.23137254901960785,26.000148774044654,849191
0.19607843137254902,0.21568627450980393,0.22745098039215686,323.00184823140086,566827
0.20784313725490197,0.20784313725490197,0.2196078431372549,283.00161934825525,423518
0.18823529411764706,0.19215686274509805,0.23529411764705882,48.000274659774746,340446
0.21176470588235294,0.19215686274509805,0.23921568627450981,16.000091553258248,322025
0.19607843137254902,0.21568627450980393,0.24705882352941178,264.0015106287611,274794
0.21176470588235294,0.21176470588235294,0.23921568627450981,105.00060081825725,324951
0.4823529411764706,0.5372549019607843,0.38823529411764707,183.0010471403912,346249
0.49019607843137253,0.5294117647058824,0.3843137254901961,505.00288964971344,390237
0.4823529411764706,0.5450980392156862,0.38823529411764707,3.0000171662359216,342143
0.4980392156862745,0.5529411764705883,0.3803921568627451,147.00084114556014,318610
0.4745098039215686,0.5333333333333333,0.39215686274509803,5.000028610393202,607490
0.4980392156862745,0.5294117647058824,0.39215686274509803,209.00119591443587,420934
0.47058823529411764,0.5529411764705883,0.4,4.000022888314562,466628
0.49411764705882355,0.5490196078431373,0.396078431372549,153.000875478032,328866
0.38823529411764707,0.3215686274509804,0.2235294117647059,263.00150490668244,20508
0.39215686274509803,0.3215686274509804,0.2235294117647059,227.0012989118514,28675
0.3803921568627451,0.3411764705882353,0.22745098039215686,81.00046348836987,1070
0.396078431372549,0.33725490196078434,0.23137254901960785,220.0012588573009,21513
0.3803921568627451,0.3215686274509804,0.23921568627450981,108.00061798449318,702103
0.396078431372549,0.3137254901960784,0.24313725490196078,182.00104141831255,617769
0.3803921568627451,0.32941176470588235,0.23921568627450981,10.000057220786404,193961
0.39215686274509803,0.3333333333333333,0.23921568627450981,115.00065803904366,748124
0.09803921568627451,0.12941176470588237,0.16862745098039217,154.00088120011063,377325
0.12156862745098039,0.12941176470588237,0.1568627450980392,429.0024547717368,836902
0.10588235294117647,0.1450980392156863,0.16862745098039217,7.0000400545504835,218576
0.12156862745098039,0.1411764705882353,0.16470588235294117,123.00070381567278,323990
0.09803921568627451,0.12941176470588237,0.17647058823529413,92.00052643123492,461315
0.12156862745098039,0.13333333333333333,0.17647058823529413,136.0007782026951,373323
0.10588235294117647,0.1411764705882353,0.1803921568627451,44.00025177146018,383470
0.12156862745098039,0.1411764705882353,0.17254901960784313,217.001241691065,405082
0.0,0.050980392156862744,0.2549019607843137,6.000034332471843,972757
0.023529411764705882,0.0784313725490196,0.25882352941176473,46.00026321561746,961462
0.09019607843137255,0.11764705882352941,0.30980392156862746,18.000102997415528,961460
0.027450980392156862,0.12156862745098039,0.3176470588235294,3.0000171662359216,986105
0.09803921568627451,0.11764705882352941,0.32941176470588235,2.000011444157281,955298
0.2901960784313726,0.18823529411764706,0.16862745098039217,22.00012588573009,933393
0.30196078431372547,0.18823529411764706,0.1568627450980392,115.00065803904366,198974
0.28627450980392155,0.21176470588235294,0.16862745098039217,520.002975480893,600363
0.3058823529411765,0.21568627450980393,0.16862745098039217,172.00098419752615,659826
0.2901960784313726,0.18823529411764706,0.17254901960784313,23.00013160780873,923152
0.30196078431372547,0.18823529411764706,0.17254901960784313,173.0009899196048,942568
0.28627450980392155,0.21176470588235294,0.1843137254901961,137.00078392477374,515325
0.30980392156862746,0.20392156862745098,0.1803921568627451,36.000205994831056,915874
0.25098039215686274,0.35294117647058826,0.10588235294117647,3.0000171662359216,503794
0.25098039215686274,0.3686274509803922,0.10588235294117647,19.00010871949417,470011
0.25098039215686274,0.3568627450980392,0.11372549019607843,322.0018425093222,465877
0.26666666666666666,0.35294117647058826,0.12156862745098039,13.000074387022327,496519
0.25098039215686274,0.3607843137254902,0.10980392156862745,746.0042686706657,501744
0.26666666666666666,0.37254901960784315,0.12156862745098039,91.00052070915628,530418
0.1450980392156863,0.23529411764705882,0.1568627450980392,809.0046291616202,198353
0.14901960784313725,0.23921568627450981,0.1568627450980392,263.00150490668244,216819
0.1450980392156863,0.24313725490196078,0.1607843137254902,886.0050697616755,172724
0.15294117647058825,0.24705882352941178,0.1568627450980392,943.005395920158,272176
0.1450980392156863,0.23529411764705882,0.16470588235294117,398.00227738729893,115346
0.14901960784313725,0.23921568627450981,0.16862745098039217,101.0005779299427,103044
0.1450980392156863,0.24313725490196078,0.16470588235294117,940.0053787539221,65123
0.15294117647058825,0.24313725490196078,0.16470588235294117,412.0023574963999,73308
0.5686274509803921,0.6352941176470588,0.6666666666666666,112.00064087280774,286111
0.5764705882352941,0.6274509803921569,0.6588235294117647,96.00054931954949,978907
0.5607843137254902,0.6470588235294118,0.6549019607843137,70.00040054550483,560809
0.5843137254901961,0.6392156862745098,0.6588235294117647,65.00037193511163,147911
0.5607843137254902,0.6274509803921569,0.6745098039215687,346.0019798392096,941974
0.5803921568627451,0.6235294117647059,0.6745098039215687,229.00131035600867,1025728
0.5725490196078431,0.6392156862745098,0.6705882352941176,102.00058365202133,517794
0.5764705882352941,0.6392156862745098,0.6823529411764706,167.00095558713295,1001461
0.7647058823529411,0.6235294117647059,0.43529411764705883,2.000011444157281,800356
0.8392156862745098,0.6313725490196078,0.3803921568627451,12.000068664943687,843424
0.7764705882352941,0.6274509803921569,0.4470588235294118,42.0002403273029,795244
0.8117647058823529,0.6549019607843137,0.4627450980392157,18.000102997415528,857729
0.6313725490196078,0.6,0.40784313725490196,248.00141907550284,175323
0.6431372549019608,0.596078431372549,0.4196078431372549,210.0012016365145,159930
0.6235294117647059,0.6078431372549019,0.4196078431372549,17.000097275336888,195807
0.6431372549019608,0.6078431372549019,0.4117647058823529,17.000097275336888,172227
0.6235294117647059,0.6039215686274509,0.4235294117647059,120.00068664943686,197861
0.6392156862745098,0.6039215686274509,0.42745098039215684,421.00240899510766,172271
0.6235294117647059,0.6078431372549019,0.43529411764705883,55.00031471432523,189690
0.6392156862745098,0.6078431372549019,0.4235294117647059,91.00052070915628,172254
0.6039215686274509,0.40784313725490196,0.35294117647058826,189.00108147286304,932883
0.6078431372549019,0.4117647058823529,0.3568627450980392,210.0012016365145,982075
0.6039215686274509,0.42745098039215684,0.35294117647058826,8.000045776629124,851974
0.6078431372549019,0.42745098039215684,0.3568627450980392,59.00033760263979,1046615
0.596078431372549,0.4117647058823529,0.36470588235294116,233.00133324432323,1024190
0.6078431372549019,0.40784313725490196,0.36470588235294116,193.00110436117762,951322
0.6039215686274509,0.4235294117647059,0.37254901960784315,57.00032615848251,1012801
0.615686274509804,0.43529411764705883,0.37254901960784315,228.00130463393003,889923
0.3803921568627451,0.41568627450980394,0.2823529411764706,112.00064087280774,503831
0.4,0.40784313725490196,0.2901960784313726,9.000051498707764,564961
0.3803921568627451,0.4235294117647059,0.2901960784313726,408.00233460808533,494618
0.396078431372549,0.43529411764705883,0.29411764705882354,502.0028724834775,506952
0.38823529411764707,0.4117647058823529,0.30196078431372547,3.0000171662359216,563937
0.4,0.41568627450980394,0.2980392156862745,5.000028610393202,653051
0.38823529411764707,0.4235294117647059,0.2980392156862745,24.000137329887373,504840
0.396078431372549,0.43529411764705883,0.30980392156862746,111.0006351507291,488452
0.38823529411764707,0.25098039215686274,0.23137254901960785,263.00150490668244,970279
0.396078431372549,0.2627450980392157,0.23137254901960785,211.00120735859315,970300
0.3803921568627451,0.2784313725490196,0.22745098039215686,74.00042343381939,787995
0.39215686274509803,0.26666666666666666,0.23137254901960785,77.00044060005531,913827
0.38823529411764707,0.2549019607843137,0.24705882352941178,92.00052643123492,967318
0.403921568627451,0.25882352941176473,0.23529411764705882,176.0010070858407,979528
0.3764705882352941,0.27058823529411763,0.23529411764705882,65.00037193511163,959030
0.403921568627451,0.27058823529411763,0.23529411764705882,213.00121880275043,935428
0.3215686274509804,0.20784313725490197,0.25098039215686274,10.000057220786404,936121
0.37254901960784315,0.20784313725490197,0.2549019607843137,7.0000400545504835,963849
0.3254901960784314,0.23921568627450981,0.26666666666666666,87.00049782084172,881072
0.3607843137254902,0.24705882352941178,0.2549019607843137,121.0006923715155,943815
0.3411764705882353,0.21176470588235294,0.28627450980392155,4.000022888314562,847123
0.3176470588235294,0.23921568627450981,0.29411764705882354,36.000205994831056,929552
0.36470588235294116,0.24705882352941178,0.2901960784313726,25.000143051966013,941808
0.1607843137254902,0.25098039215686274,0.1568627450980392,844.0048294343726,276276
0.16470588235294117,0.25098039215686274,0.1568627450980392,471.00269509903967,99881
0.1607843137254902,0.2627450980392157,0.1607843137254902,412.0023574963999,240325
0.16470588235294117,0.25882352941176473,0.1607843137254902,448.00256349123094,277287
0.1568627450980392,0.2549019607843137,0.16862745098039217,509.002912538028,219912
0.16470588235294117,0.25098039215686274,0.16470588235294117,251.00143624173876,240407
0.1607843137254902,0.25882352941176473,0.16862745098039217,987.0056476916182,196425
0.16470588235294117,0.2627450980392157,0.16470588235294117,697.0039882888124,248554
0.5215686274509804,0.5176470588235295,0.2235294117647059,17.000097275336888,880504
0.6352941176470588,0.5215686274509804,0.22745098039215686,1.0000057220786405,230759
0.6352941176470588,0.6352941176470588,0.6901960784313725,123.00070381567278,957898
0.6392156862745098,0.6352941176470588,0.6862745098039216,57.00032615848251,1045068
0.6274509803921569,0.6431372549019608,0.6980392156862745,269.0015392391543,883912
0.6431372549019608,0.6509803921568628,0.6980392156862745,426.00243760550086,973229
0.6235294117647059,0.6352941176470588,0.7098039215686275,1.0000057220786405,786459
0.6274509803921569,0.6470588235294118,0.7019607843137254,144.00082397932422,880862
0.6392156862745098,0.6431372549019608,0.7019607843137254,132.00075531438054,814103
0.7294117647058823,0.7294117647058823,0.7843137254901961,34.000194550673775,824349
0.7333333333333333,0.7294117647058823,0.788235294117647,12.000068664943687,831541
0.7176470588235294,0.7372549019607844,0.7843137254901961,509.002912538028,917852
0.7450980392156863,0.7411764705882353,0.7803921568627451,527.0030155354435,916842
0.7333333333333333,0.7254901960784313,0.796078431372549,3.0000171662359216,815166
0.7215686274509804,0.7411764705882353,0.8,41.00023460522426,806928
0.7411764705882353,0.7450980392156863,0.796078431372549,25.000143051966013,844889
0.6,0.6352941176470588,0.6862745098039216,94.0005378753922,900987
0.615686274509804,0.6274509803921569,0.6901960784313725,110.00062942865046,860288
0.596078431372549,0.6470588235294118,0.6862745098039216,410.0023460522426,945015
0.615686274509804,0.6431372549019608,0.6980392156862745,220.0012588573009,885985
0.596078431372549,0.6313725490196078,0.7019607843137254,4.000022888314562,962900
0.615686274509804,0.6313725490196078,0.7058823529411765,7.0000400545504835,855189
0.596078431372549,0.6470588235294118,0.7019607843137254,229.00131035600867,1012448
0.611764705882353,0.6509803921568628,0.7019607843137254,76.00043487797667,900984
0.13725490196078433,0.1568627450980392,0.16862745098039217,25.000143051966013,409044
0.1450980392156863,0.1568627450980392,0.16862745098039217,294.0016822911203,210391
0.12941176470588237,0.17647058823529413,0.16862745098039217,1.0000057220786405,414977
0.15294117647058825,0.17254901960784313,0.16862745098039217,3.0000171662359216,683763
0.13725490196078433,0.1568627450980392,0.1803921568627451,147.00084114556014,565817
0.1411764705882353,0.1607843137254902,0.1843137254901961,621.0035534108357,275745
0.12941176470588237,0.17254901960784313,0.1843137254901961,1.0000057220786405,375228
0.15294117647058825,0.17254901960784313,0.1843137254901961,45.00025749353882,206262
0.792156862745098,0.788235294117647,0.788235294117647,204.00116730404267,835142
0.803921568627451,0.792156862745098,0.788235294117647,87.00049782084172,105870
0.7843137254901961,0.807843137254902,0.7803921568627451,86.00049209876308,541368
0.8,0.8,0.788235294117647,58.00033188056115,266830
0.7803921568627451,0.792156862745098,0.796078431372549,189.00108147286304,960400
0.803921568627451,0.788235294117647,0.8,92.00052643123492,922899
0.7843137254901961,0.796078431372549,0.8,261.00149346252516,953322
0.803921568627451,0.803921568627451,0.807843137254902,155.00088692218927,716097
0.27450980392156865,0.33725490196078434,0.25098039215686274,13.000074387022327,462528
0.30980392156862746,0.3176470588235294,0.25882352941176473,19.00010871949417,625215
0.27450980392156865,0.36470588235294116,0.25882352941176473,23.00013160780873,171536
0.28627450980392155,0.36470588235294116,0.25882352941176473,44.00025177146018,495309
0.2784313725490196,0.3333333333333333,0.2901960784313726,25.000143051966013,514771
0.3058823529411765,0.3137254901960784,0.2823529411764706,143.00081825724558,503277
0.26666666666666666,0.34901960784313724,0.30980392156862746,4.000022888314562,645872
0.29411764705882354,0.34901960784313724,0.2980392156862745,11.000062942865044,649950
0.5176470588235295,0.5176470588235295,0.6274509803921569,1.0000057220786405,851220
0.5137254901960784,0.5568627450980392,0.6235294117647059,233.00133324432323,1003196
0.5450980392156862,0.5529411764705883,0.6274509803921569,38.00021743898834,924550
0.5019607843137255,0.5529411764705883,0.6705882352941176,5.000028610393202,933728
0.5294117647058824,0.5529411764705883,0.6549019607843137,5.000028610393202,836129
0.45098039215686275,0.20392156862745098,0.023529411764705882,33.000188828595135,815906
0.47058823529411764,0.21568627450980393,0.01568627450980392,1.0000057220786405,811805
0.4588235294117647,0.2196078431372549,0.01568627450980392,25.000143051966013,768762
0.4980392156862745,0.23137254901960785,0.027450980392156862,82.00046921044851,810781
0.44313725490196076,0.20392156862745098,0.058823529411764705,61.00034904679707,831094
0.4745098039215686,0.21568627450980393,0.03529411764705882,4.000022888314562,820005
0.4666666666666667,0.2196078431372549,0.043137254901960784,18.000102997415528,799512
0.4980392156862745,0.23921568627450981,0.054901960784313725,58.00033188056115,820002
0.25098039215686274,0.21568627450980393,0.26666666666666666,8.000045776629124,885157
0.28627450980392155,0.21568627450980393,0.25882352941176473,20.00011444157281,187693
0.2549019607843137,0.24705882352941178,0.27058823529411763,119.00068092735822,274771
0.28627450980392155,0.24705882352941178,0.26666666666666666,49.000280381853386,237942
0.26666666666666666,0.21176470588235294,0.2901960784313726,5.000028610393202,944881
0.28627450980392155,0.2,0.30980392156862746,1.0000057220786405,935785
0.25098039215686274,0.24705882352941178,0.3058823529411765,35.000200272752416,194892
0.2823529411764706,0.23921568627450981,0.2980392156862745,43.00024604938154,950992
0.45098039215686275,0.47843137254901963,0.29411764705882354,145.00082970140286,96668
0.4666666666666667,0.4823529411764706,0.2901960784313726,62.00035476887571,73108
0.45098039215686275,0.48627450980392156,0.28627450980392155,78.00044632213395,43415
0.4549019607843137,0.49411764705882355,0.2901960784313726,119.00068092735822,23947
0.4392156862745098,0.47058823529411764,0.30980392156862746,109.00062370657182,507030
0.4549019607843137,0.4745098039215686,0.30980392156862746,296.00169373527757,495800
0.44313725490196076,0.49411764705882355,0.3058823529411765,153.000875478032,69029
0.4549019607843137,0.4980392156862745,0.30980392156862746,156.0008926442679,91557
0.6901960784313725,0.7176470588235294,0.7176470588235294,94.0005378753922,458369
0.7058823529411765,0.7294117647058823,0.7254901960784313,93.00053215331356,316924
0.6980392156862745,0.7372549019607844,0.7294117647058823,41.00023460522426,481938
0.7019607843137254,0.7333333333333333,0.7254901960784313,84.0004806546058,305745
0.6941176470588235,0.7254901960784313,0.7450980392156863,397.0022716652203,1010547
0.7058823529411765,0.7294117647058823,0.7411764705882353,211.00120735859315,997255
0.6941176470588235,0.7411764705882353,0.7411764705882353,76.00043487797667,496276
0.7137254901960784,0.7450980392156863,0.7411764705882353,99.00056648578541,517808
0.6,0.40784313725490196,0.38823529411764707,153.000875478032,951530
0.615686274509804,0.4196078431372549,0.3843137254901961,60.00034332471843,964612
0.6,0.43529411764705883,0.3843137254901961,168.0009613092116,1045619
0.6078431372549019,0.42745098039215684,0.38823529411764707,272.0015564053902,946219
0.592156862745098,0.4117647058823529,0.396078431372549,60.00034332471843,1003763
0.611764705882353,0.41568627450980394,0.4,17.000097275336888,999524
0.6039215686274509,0.42745098039215684,0.396078431372549,214.00122452482907,1039462
0.611764705882353,0.42745098039215684,0.403921568627451,146.0008354234815,889964
0.09803921568627451,0.12549019607843137,0.12941176470588237,16.000091553258248,598588
0.12156862745098039,0.12941176470588237,0.13333333333333333,295.00168801319893,371104
0.10588235294117647,0.12941176470588237,0.14901960784313725,96.00054931954949,495095
0.10980392156862745,0.12941176470588237,0.15294117647058825,660.0037765719027,593442
0.10588235294117647,0.14901960784313725,0.14901960784313725,2.000011444157281,871932
0.11764705882352941,0.1411764705882353,0.14901960784313725,19.00010871949417,471532
0.6941176470588235,0.5098039215686274,0.4,14.000080109100967,903182
0.7215686274509804,0.5019607843137255,0.3803921568627451,4.000022888314562,848696
0.6862745098039216,0.5411764705882353,0.39215686274509803,7.0000400545504835,811613
0.7372549019607844,0.5568627450980392,0.3764705882352941,16.000091553258248,841315
0.7019607843137254,0.5215686274509804,0.43137254901960786,191.00109291702032,1047742
0.7176470588235294,0.5254901960784314,0.43137254901960786,6.000034332471843,926784
0.7098039215686275,0.5450980392156862,0.42745098039215684,15.000085831179607,879342
0.7333333333333333,0.5529411764705883,0.42745098039215684,18.000102997415528,846645
0.5019607843137255,0.2549019607843137,0.13725490196078433,44.00025177146018,844598
0.5294117647058824,0.2784313725490196,0.15294117647058825,7.0000400545504835,853641
0.5019607843137255,0.28627450980392155,0.1450980392156863,32.000183106516495,772872
0.5333333333333333,0.2901960784313726,0.13333333333333333,55.00031471432523,794226
0.5019607843137255,0.2627450980392157,0.1803921568627451,12.000068664943687,919597
0.5333333333333333,0.2784313725490196,0.17254901960784313,4.000022888314562,990261
0.5058823529411764,0.2901960784313726,0.16470588235294117,78.00044632213395,868030
0.5372549019607843,0.30980392156862746,0.16862745098039217,36.000205994831056,808597
0.2196078431372549,0.19607843137254902,0.2,117.00066948320094,564702
0.24313725490196078,0.2,0.19607843137254902,40.00022888314562,279826
0.22745098039215686,0.20784313725490197,0.18823529411764706,280.0016021820193,515461
0.24313725490196078,0.21176470588235294,0.19215686274509805,271.00155068331156,625191
0.2196078431372549,0.2,0.21176470588235294,15.000085831179607,151855
0.24705882352941178,0.19215686274509805,0.21568627450980393,12.000068664943687,884152
0.22745098039215686,0.21176470588235294,0.21568627450980393,246.00140763134556,421175
0.23529411764705882,0.21568627450980393,0.20392156862745098,91.00052070915628,451849
0.34509803921568627,0.2823529411764706,0.2235294117647059,151.0008640338747,427279
0.3607843137254902,0.2823529411764706,0.2196078431372549,243.00139046510964,589106
0.35294117647058826,0.30196078431372547,0.22745098039215686,57.00032615848251,696947
0.3686274509803922,0.2980392156862745,0.23137254901960785,114.00065231696502,627011
0.35294117647058826,0.2901960784313726,0.23529411764705882,114.00065231696502,685588
0.3686274509803922,0.29411764705882354,0.23921568627450981,119.00068092735822,635190
0.3568627450980392,0.30196078431372547,0.24313725490196078,109.00062370657182,693856
0.36470588235294116,0.30196078431372547,0.23921568627450981,165.00094414297567,586093
0.5254901960784314,0.38823529411764707,0.44313725490196076,25.000143051966013,944330
0.5490196078431373,0.403921568627451,0.4470588235294118,14.000080109100967,1016216
0.5098039215686274,0.4117647058823529,0.4470588235294118,71.00040626758347,996995
0.5333333333333333,0.40784313725490196,0.4549019607843137,72.00041198966211,1008010
0.5098039215686274,0.3764705882352941,0.4823529411764706,2.000011444157281,928566
0.5529411764705883,0.396078431372549,0.47843137254901963,1.0000057220786405,904003
0.5137254901960784,0.43529411764705883,0.49019607843137253,56.00032043640387,1013373
0.5333333333333333,0.4235294117647059,0.4745098039215686,26.000148774044654,1015192
0.5725490196078431,0.4745098039215686,0.34901960784313724,77.00044060005531,9377
0.5843137254901961,0.4823529411764706,0.3568627450980392,367.002100002861,21643
0.5647058823529412,0.49019607843137253,0.34509803921568627,18.000102997415528,748201
0.5882352941176471,0.4980392156862745,0.3568627450980392,208.00119019235723,80977
0.5607843137254902,0.47843137254901963,0.3607843137254902,52.00029754808931,683699
0.5843137254901961,0.4823529411764706,0.3607843137254902,107.00061226241453,677178
0.5647058823529412,0.48627450980392156,0.36470588235294116,39.00022316106698,758369
0.5803921568627451,0.48627450980392156,0.36470588235294116,196.00112152741355,178
0.5058823529411764,0.5294117647058824,0.41568627450980394,2.000011444157281,386266
0.5254901960784314,0.5372549019607843,0.40784313725490196,49.000280381853386,671425
0.5098039215686274,0.5529411764705883,0.40784313725490196,130.00074387022326,359542
0.5176470588235295,0.5490196078431373,0.40784313725490196,851.0048694889231,377975
0.5019607843137255,0.5294117647058824,0.4235294117647059,4.000022888314562,547550
0.5137254901960784,0.5294117647058824,0.43137254901960786,8.000045776629124,616144
0.5058823529411764,0.5450980392156862,0.42745098039215684,6.000034332471843,305380
0.5215686274509804,0.5568627450980392,0.4235294117647059,13.000074387022327,343224
0.6274509803921569,0.44313725490196076,0.3764705882352941,201.00115013780675,882735
0.6470588235294118,0.45098039215686275,0.3764705882352941,113.00064659488638,951402
0.6352941176470588,0.4588235294117647,0.38823529411764707,15.000085831179607,852994
0.6431372549019608,0.4549019607843137,0.38823529411764707,85.00048637668444,954475
0.6313725490196078,0.44313725490196076,0.403921568627451,264.0015106287611,954427
0.6470588235294118,0.45098039215686275,0.396078431372549,76.00043487797667,1043830
0.6352941176470588,0.4549019607843137,0.4,111.0006351507291,1001536
0.6470588235294118,0.4549019607843137,0.396078431372549,191.00109291702032,884767
0.5098039215686274,0.4196078431372549,0.2823529411764706,181.0010356962339,64549
0.5137254901960784,0.4196078431372549,0.2823529411764706,255.00145913005332,69679
0.5098039215686274,0.4235294117647059,0.28627450980392155,87.00049782084172,60460
0.5137254901960784,0.42745098039215684,0.28627450980392155,118.00067520527958,65574
0.5019607843137255,0.40784313725490196,0.30196078431372547,49.000280381853386,671064
0.5215686274509804,0.41568627450980394,0.2980392156862745,228.00130463393003,6278
0.5019607843137255,0.42745098039215684,0.30980392156862746,18.000102997415528,709273
0.5254901960784314,0.4235294117647059,0.30196078431372547,117.00066948320094,6270
0.38823529411764707,0.4470588235294118,0.23137254901960785,221.00126457937955,260206
0.4,0.44313725490196076,0.23137254901960785,310.00177384437853,220242
0.403921568627451,0.4549019607843137,0.23137254901960785,12.000068664943687,234608
0.3764705882352941,0.4470588235294118,0.23529411764705882,207.0011844702786,263275
0.403921568627451,0.4392156862745098,0.23529411764705882,112.00064087280774,209950
0.38823529411764707,0.4549019607843137,0.23921568627450981,41.00023460522426,267364
0.403921568627451,0.4666666666666667,0.23921568627450981,147.00084114556014,247923
0.12549019607843137,0.23529411764705882,0.1607843137254902,518.0029640367358,46813
0.13333333333333333,0.23529411764705882,0.1568627450980392,997.0057049124046,49770
0.12549019607843137,0.24705882352941178,0.1568627450980392,219.00125313522227,3860
0.13333333333333333,0.24313725490196078,0.1607843137254902,258.00147629628924,5748
0.12941176470588237,0.23921568627450981,0.16470588235294117,372.00212861325423,41648
0.13333333333333333,0.23529411764705882,0.16470588235294117,615.0035190783639,72345
0.12549019607843137,0.24313725490196078,0.16862745098039217,607.0034733017347,1774
0.13333333333333333,0.24705882352941178,0.16470588235294117,596.0034103588697,18053
0.45098039215686275,0.4745098039215686,0.2549019607843137,120.00068664943686,208992
0.4627450980392157,0.4745098039215686,0.25882352941176473,275.0015735716261,198734
0.4470588235294118,0.49411764705882355,0.2627450980392157,179.00102425207663,251021
0.4666666666666667,0.49019607843137253,0.2627450980392157,189.00108147286304,205929
0.4392156862745098,0.47058823529411764,0.27450980392156865,88.00050354292036,43417
0.4666666666666667,0.47843137254901963,0.26666666666666666,41.00023460522426,194601
0.44313725490196076,0.4980392156862745,0.26666666666666666,93.00053215331356,247940
0.4666666666666667,0.49019607843137253,0.2784313725490196,57.00032615848251,33158
0.40784313725490196,0.3176470588235294,0.25098039215686274,190.00108719494168,788966
0.4235294117647059,0.3176470588235294,0.25882352941176473,91.00052070915628,590093
0.41568627450980394,0.32941176470588235,0.25098039215686274,162.00092697673975,579857
0.4235294117647059,0.32941176470588235,0.2549019607843137,208.00119019235723,635169
0.41568627450980394,0.3254901960784314,0.26666666666666666,45.00025749353882,532719
0.43529411764705883,0.3137254901960784,0.26666666666666666,47.0002689376961,926183
0.40784313725490196,0.32941176470588235,0.26666666666666666,125.00071525983006,479542
0.42745098039215684,0.3411764705882353,0.27450980392156865,165.00094414297567,547140
0.27058823529411763,0.36470588235294116,0.1607843137254902,483.00276376398335,847709
0.27450980392156865,0.36470588235294116,0.1568627450980392,785.0044918317328,573356
0.27058823529411763,0.37254901960784315,0.1607843137254902,487.0027866522979,835411
0.27450980392156865,0.37254901960784315,0.1607843137254902,686.0039253459473,778063
0.27058823529411763,0.3607843137254902,0.16470588235294117,293.00167656904165,735037
0.27450980392156865,0.3607843137254902,0.16470588235294117,812.0046463278561,722790
0.27058823529411763,0.3686274509803922,0.16862745098039217,218.00124741314363,736033
0.2784313725490196,0.3686274509803922,0.16470588235294117,355.00203133791734,591798
0.16470588235294117,0.10196078431372549,0.06274509803921569,150.00085831179607,769744
0.1843137254901961,0.10588235294117647,0.06666666666666667,137.00078392477374,798366
0.16470588235294117,0.10980392156862745,0.06666666666666667,32.000183106516495,599779
0.1843137254901961,0.11764705882352941,0.06274509803921569,134.00076675853782,783021
0.16470588235294117,0.09803921568627451,0.0784313725490196,141.0008068130883,920218
0.1803921568627451,0.10588235294117647,0.08627450980392157,126.0007209819087,926366
0.1568627450980392,0.11372549019607843,0.08627450980392157,171.0009784754475,706309
0.1803921568627451,0.10980392156862745,0.08235294117647059,132.00075531438054,892587
0.34509803921568627,0.38823529411764707,0.2,21.00012016365145,230416
0.34509803921568627,0.4,0.2,35.000200272752416,246874
0.34509803921568627,0.38823529411764707,0.20392156862745098,41.00023460522426,229379
0.36470588235294116,0.38823529411764707,0.20392156862745098,7.0000400545504835,204822
0.35294117647058826,0.403921568627451,0.20392156862745098,754.0043144472949,244819
0.36470588235294116,0.403921568627451,0.21176470588235294,163.0009326988184,216088
0.5607843137254902,0.4392156862745098,0.3215686274509804,165.00094414297567,29800
0.5764705882352941,0.44313725490196076,0.3215686274509804,14.000080109100967,888469
0.5647058823529412,0.4588235294117647,0.3254901960784314,159.00090981050383,70730
0.5764705882352941,0.4666666666666667,0.3254901960784314,25.000143051966013,752278
0.5607843137254902,0.45098039215686275,0.32941176470588235,113.00064659488638,29807
0.5803921568627451,0.45098039215686275,0.3333333333333333,6.000034332471843,31871
0.5686274509803921,0.4588235294117647,0.3411764705882353,406.00232316392805,15494
0.5764705882352941,0.4627450980392157,0.33725490196078434,123.00070381567278,686399
0.40784313725490196,0.45098039215686275,0.2627450980392157,36.000205994831056,24978
0.4235294117647059,0.4392156862745098,0.2627450980392157,5.000028610393202,522460
0.41568627450980394,0.4588235294117647,0.25882352941176473,53.00030327016795,5504
0.43529411764705883,0.4627450980392157,0.2549019607843137,74.00042343381939,380
0.41568627450980394,0.4470588235294118,0.2784313725490196,286.00163651449117,522419
0.43529411764705883,0.45098039215686275,0.27450980392156865,268.00153351707564,515284
0.41568627450980394,0.4588235294117647,0.2784313725490196,197.00112724949219,83363
0.43529411764705883,0.4666666666666667,0.26666666666666666,89.000509264999,18824
0.8274509803921568,0.8784313725490196,0.8352941176470589,5.000028610393202,129498
0.8705882352941177,0.8941176470588236,0.8235294117647058,20.00011444157281,212311
0.8705882352941177,0.9098039215686274,0.8392156862745098,1.0000057220786405,555746
0.8352941176470589,0.8745098039215686,0.8549019607843137,95.00054359747084,950171
0.8470588235294118,0.8862745098039215,0.8549019607843137,125.00071525983006,392412
0.8627450980392157,0.9058823529411765,0.8666666666666667,5.000028610393202,838034
0.8196078431372549,0.8549019607843137,0.8823529411764706,103.00058937409997,798105
0.8274509803921568,0.8549019607843137,0.8745098039215686,140.00080109100966,792927
0.8156862745098039,0.8705882352941177,0.8823529411764706,77.00044060005531,844197
0.8392156862745098,0.8627450980392157,0.8823529411764706,627.0035877433075,823631
0.8235294117647058,0.8470588235294118,0.9019607843137255,5.000028610393202,825893
0.8117647058823529,0.8705882352941177,0.8980392156862745,19.00010871949417,872117
0.8352941176470589,0.8666666666666667,0.8901960784313725,31.000177384437855,869821
0.44313725490196076,0.21176470588235294,0.07058823529411765,31.000177384437855,851778
0.45098039215686275,0.2196078431372549,0.08627450980392157,43.00024604938154,858953
0.47843137254901963,0.23529411764705882,0.09019607843137255,26.000148774044654,848700
0.45098039215686275,0.21568627450980393,0.10980392156862745,2.000011444157281,851597
0.4549019607843137,0.24705882352941178,0.10196078431372549,100.00057220786405,750309
0.47843137254901963,0.24705882352941178,0.09803921568627451,48.000274659774746,859976
0.3137254901960784,0.3215686274509804,0.4666666666666667,30.000171662359215,966355
0.36470588235294116,0.3411764705882353,0.44313725490196076,25.000143051966013,953063
0.3254901960784314,0.3686274509803922,0.4627450980392157,59.00033760263979,841882
0.36470588235294116,0.34901960784313724,0.45098039215686275,62.00035476887571,958158
0.3333333333333333,0.3254901960784314,0.4823529411764706,10.000057220786404,856381
0.3215686274509804,0.3686274509803922,0.48627450980392156,25.000143051966013,862598
0.35294117647058826,0.36470588235294116,0.49019607843137253,36.000205994831056,965331
0.4549019607843137,0.27450980392156865,0.3176470588235294,12.000068664943687,937167
0.4470588235294118,0.3058823529411765,0.3333333333333333,116.0006637611223,989761
0.49019607843137253,0.30980392156862746,0.3333333333333333,92.00052643123492,1028403
0.4392156862745098,0.3058823529411765,0.36470588235294116,16.000091553258248,937149
0.4745098039215686,0.30196078431372547,0.34901960784313724,10.000057220786404,954621
0.19215686274509805,0.2784313725490196,0.16862745098039217,628.0035934653862,341732
0.20392156862745098,0.2784313725490196,0.16862745098039217,14.000080109100967,343768
0.19607843137254902,0.2549019607843137,0.1803921568627451,4.000022888314562,510674
0.20392156862745098,0.2627450980392157,0.17647058823529413,4.000022888314562,553709
0.18823529411764706,0.2784313725490196,0.1803921568627451,322.0018425093222,258871
0.20392156862745098,0.2784313725490196,0.1843137254901961,8.000045776629124,490201
0.18823529411764706,0.13333333333333333,0.12941176470588237,35.000200272752416,862570
0.20784313725490197,0.13725490196078433,0.13333333333333333,39.00022316106698,901648
0.18823529411764706,0.15294117647058825,0.12941176470588237,692.0039596784192,750079
0.20784313725490197,0.15294117647058825,0.13725490196078433,89.000509264999,500991
0.2,0.13725490196078433,0.1411764705882353,15.000085831179607,895463
0.20392156862745098,0.13333333333333333,0.1450980392156863,10.000057220786404,895459
0.18823529411764706,0.15294117647058825,0.1411764705882353,69.00039482342619,469277
0.20392156862745098,0.15294117647058825,0.1450980392156863,31.000177384437855,192899
0.16862745098039217,0.3137254901960784,0.18823529411764706,237.0013561326378,56138
0.1607843137254902,0.3254901960784314,0.24313725490196078,5.000028610393202,180764
0.6392156862745098,0.396078431372549,0.20784313725490197,68.00038910134755,822891
0.6823529411764706,0.403921568627451,0.18823529411764706,12.000068664943687,849531
0.6470588235294118,0.40784313725490196,0.2,14.000080109100967,835181
0.6745098039215687,0.42745098039215684,0.21176470588235294,31.000177384437855,826986
0.6313725490196078,0.403921568627451,0.2196078431372549,24.000137329887373,848494
0.6549019607843137,0.3843137254901961,0.2196078431372549,4.000022888314562,874320
0.6431372549019608,0.41568627450980394,0.23529411764705882,52.00029754808931,834146
0.6588235294117647,0.43137254901960786,0.23137254901960785,37.000211716909696,839274
0.6392156862745098,0.43529411764705883,0.3843137254901961,221.00126457937955,962699
0.6627450980392157,0.43137254901960786,0.38823529411764707,3.0000171662359216,1006803
0.6274509803921569,0.43137254901960786,0.40784313725490196,17.000097275336888,1002809
0.2196078431372549,0.2549019607843137,0.2901960784313726,176.0010070858407,593497
0.24705882352941178,0.25098039215686274,0.2823529411764706,137.00078392477374,333403
0.22745098039215686,0.27058823529411763,0.28627450980392155,36.000205994831056,571999
0.23921568627450981,0.26666666666666666,0.29411764705882354,141.0008068130883,307525
0.2196078431372549,0.25882352941176473,0.3058823529411765,133.00076103645918,323099
0.23529411764705882,0.25882352941176473,0.30980392156862746,90.00051498707764,333243
0.2235294117647059,0.27450980392156865,0.30980392156862746,107.00061226241453,204260
0.24705882352941178,0.2784313725490196,0.2980392156862745,141.0008068130883,328109
0.5372549019607843,0.4117647058823529,0.28627450980392155,91.00052070915628,763509
0.5568627450980392,0.41568627450980394,0.2823529411764706,13.000074387022327,768622
0.5294117647058824,0.43137254901960786,0.29411764705882354,51.00029182601067,68661
0.5529411764705883,0.43137254901960786,0.29411764705882354,24.000137329887373,774808
0.5372549019607843,0.4117647058823529,0.30980392156862746,264.0015106287611,702825
0.5450980392156862,0.4196078431372549,0.2980392156862745,12.000068664943687,684347
0.5333333333333333,0.43529411764705883,0.2980392156862745,339.0019397846591,76856
0.5450980392156862,0.42745098039215684,0.2980392156862745,158.0009040884252,51292
0.5647058823529412,0.34901960784313724,0.28627450980392155,197.00112724949219,974875
0.5764705882352941,0.34509803921568627,0.2901960784313726,48.000274659774746,1003583
0.5647058823529412,0.3686274509803922,0.28627450980392155,78.00044632213395,1034259
0.5843137254901961,0.3607843137254902,0.28627450980392155,81.00046348836987,1021959
0.5725490196078431,0.3568627450980392,0.30196078431372547,135.00077248061646,927771
0.5843137254901961,0.3568627450980392,0.3058823529411765,33.000188828595135,1011816
0.5725490196078431,0.36470588235294116,0.30196078431372547,200.0011444157281,1002538
0.5882352941176471,0.37254901960784315,0.30196078431372547,180.00102997415527,1042478
0.6313725490196078,0.6313725490196078,0.6666666666666666,70.00040054550483,987483
0.6392156862745098,0.6352941176470588,0.6666666666666666,88.00050354292036,1040920
0.6274509803921569,0.6470588235294118,0.6549019607843137,64.00036621303299,121278
0.6392156862745098,0.6470588235294118,0.6549019607843137,39.00022316106698,288362
0.6274509803921569,0.6274509803921569,0.6823529411764706,296.00169373527757,958920
0.6431372549019608,0.6274509803921569,0.6784313725490196,218.00124741314363,797769
0.6274509803921569,0.6392156862745098,0.6823529411764706,70.00040054550483,919777
0.6392156862745098,0.6470588235294118,0.6823529411764706,104.00059509617861,910530
0.16862745098039217,0.18823529411764706,0.2,25.000143051966013,517625
0.1803921568627451,0.19607843137254902,0.19607843137254902,264.0015106287611,542238
0.16862745098039217,0.20392156862745098,0.18823529411764706,2.000011444157281,330209
0.1843137254901961,0.20392156862745098,0.19607843137254902,6.000034332471843,581175
0.16862745098039217,0.18823529411764706,0.21568627450980393,156.0008926442679,325024
0.1803921568627451,0.19607843137254902,0.21568627450980393,433.00247766005134,356737
0.1568627450980392,0.20392156862745098,0.20392156862745098,8.000045776629124,655087
0.1803921568627451,0.20392156862745098,0.21176470588235294,51.00029182601067,179569
0.3215686274509804,0.41568627450980394,0.19215686274509805,132.00075531438054,507694
0.3333333333333333,0.41568627450980394,0.18823529411764706,336.0019226184232,546630
0.3254901960784314,0.43529411764705883,0.19215686274509805,53.00030327016795,490301
0.33725490196078434,0.4235294117647059,0.19215686274509805,117.00066948320094,559968
0.3176470588235294,0.40784313725490196,0.21568627450980393,117.00066948320094,298649
0.3411764705882353,0.40784313725490196,0.21568627450980393,154.00088120011063,283714
0.3215686274509804,0.43137254901960786,0.21568627450980393,19.00010871949417,271989
0.3333333333333333,0.43137254901960786,0.20392156862745098,16.000091553258248,515889
0.7568627450980392,0.8117647058823529,0.8235294117647058,27.000154496123294,793145
0.7764705882352941,0.8117647058823529,0.8196078431372549,63.00036049095435,781700
0.7607843137254902,0.8352941176470589,0.8117647058823529,2.000011444157281,225701
0.7647058823529411,0.8313725490196079,0.8235294117647058,14.000080109100967,885196
0.7529411764705882,0.8117647058823529,0.8274509803921568,43.00024604938154,423488
0.7647058823529411,0.8117647058823529,0.8392156862745098,747.0042743927444,802226
0.7490196078431373,0.8352941176470589,0.8274509803921568,15.000085831179607,104859
0.7764705882352941,0.8392156862745098,0.8352941176470589,30.000171662359215,963522
0.5647058823529412,0.4196078431372549,0.4117647058823529,115.00065803904366,1003819
0.5843137254901961,0.40784313725490196,0.4117647058823529,120.00068664943686,957651
0.5725490196078431,0.43137254901960786,0.40784313725490196,61.00034904679707,1006738
0.5843137254901961,0.42745098039215684,0.4117647058823529,412.0023574963999,1043874
0.5686274509803921,0.4117647058823529,0.43137254901960786,44.00025177146018,1004929
0.5882352941176471,0.4117647058823529,0.4235294117647059,36.000205994831056,978454
0.5686274509803921,0.42745098039215684,0.43529411764705883,25.000143051966013,1015078
0.5843137254901961,0.43529411764705883,0.43137254901960786,121.0006923715155,1001751
0.19607843137254902,0.25882352941176473,0.3215686274509804,145.00082970140286,879090
0.21176470588235294,0.2627450980392157,0.3215686274509804,148.00084686763878,241083
0.19607843137254902,0.27450980392156865,0.3176470588235294,43.00024604938154,512531
0.20392156862745098,0.27058823529411763,0.3176470588235294,138.00078964685238,432635
0.18823529411764706,0.25098039215686274,0.32941176470588235,133.00076103645918,430600
0.21176470588235294,0.25882352941176473,0.33725490196078434,90.00051498707764,201204
0.19215686274509805,0.26666666666666666,0.33725490196078434,89.000509264999,410110
0.21568627450980393,0.27450980392156865,0.32941176470588235,148.00084686763878,330305
0.2627450980392157,0.396078431372549,0.2549019607843137,20.00011444157281,188037
0.2901960784313726,0.3843137254901961,0.2549019607843137,69.00039482342619,473800
0.30980392156862746,0.40784313725490196,0.25098039215686274,101.0005779299427,109016
0.25098039215686274,0.396078431372549,0.29411764705882354,11.000062942865044,237137
0.30196078431372547,0.3843137254901961,0.2823529411764706,16.000091553258248,131559
0.26666666666666666,0.4196078431372549,0.29411764705882354,4.000022888314562,257635
0.30196078431372547,0.43137254901960786,0.2901960784313726,11.000062942865044,278132
0.25882352941176473,0.25098039215686274,0.2627450980392157,156.0008926442679,364931
0.26666666666666666,0.2549019607843137,0.25098039215686274,108.00061798449318,645717
0.2627450980392157,0.26666666666666666,0.25882352941176473,77.00044060005531,507346
0.27058823529411763,0.26666666666666666,0.25098039215686274,119.00068092735822,361892
0.25098039215686274,0.25882352941176473,0.27450980392156865,169.00096703129023,254340
0.2784313725490196,0.25098039215686274,0.27058823529411763,53.00030327016795,376034
0.25098039215686274,0.27450980392156865,0.2784313725490196,130.00074387022326,596527
0.26666666666666666,0.27450980392156865,0.26666666666666666,119.00068092735822,423336
0.8470588235294118,0.8431372549019608,0.8470588235294118,291.00166512488437,108910
0.8627450980392157,0.8549019607843137,0.8431372549019608,88.00050354292036,818311
0.8470588235294118,0.8666666666666667,0.8549019607843137,75.00042915589803,253201
0.8588235294117647,0.8666666666666667,0.8549019607843137,63.00036049095435,853229
0.8470588235294118,0.8549019607843137,0.8627450980392157,70.00040054550483,758103
0.8666666666666667,0.8470588235294118,0.8705882352941177,23.00013160780873,846481
0.8549019607843137,0.8627450980392157,0.8666666666666667,186.00106430662711,843195
0.8588235294117647,0.8627450980392157,0.8666666666666667,134.00076675853782,898253
0.2549019607843137,0.27058823529411763,0.3803921568627451,7.0000400545504835,833056
0.30196078431372547,0.26666666666666666,0.403921568627451,4.000022888314562,933731
0.25882352941176473,0.3058823529411765,0.3843137254901961,142.00081253516694,291358
0.29411764705882354,0.2901960784313726,0.403921568627451,31.000177384437855,907816
0.2549019607843137,0.27450980392156865,0.40784313725490196,5.000028610393202,950166
0.2627450980392157,0.30196078431372547,0.4196078431372549,35.000200272752416,286121
0.2901960784313726,0.29411764705882354,0.43529411764705883,8.000045776629124,856379
0.4392156862745098,0.20784313725490197,0.20392156862745098,2.000011444157281,994495
0.4666666666666667,0.24313725490196078,0.18823529411764706,140.00080109100966,1013982
0.4823529411764706,0.24705882352941178,0.2,25.000143051966013,941121
0.4470588235294118,0.24705882352941178,0.23529411764705882,57.00032615848251,912487
0.4745098039215686,0.24313725490196078,0.22745098039215686,7.0000400545504835,995520
0.5725490196078431,0.3843137254901961,0.34509803921568627,139.00079536893102,921601
0.5843137254901961,0.3843137254901961,0.35294117647058826,84.0004806546058,1032431
0.5725490196078431,0.4,0.3568627450980392,72.00041198966211,1016944
0.5843137254901961,0.403921568627451,0.34509803921568627,183.0010471403912,860182
0.5686274509803921,0.38823529411764707,0.3686274509803922,96.00054931954949,1039752
0.5882352941176471,0.3843137254901961,0.3686274509803922,38.00021743898834,925892
0.5647058823529412,0.39215686274509803,0.37254901960784315,162.00092697673975,1024207
0.5882352941176471,0.403921568627451,0.36470588235294116,149.00085258971743,1027264
0.1568627450980392,0.24313725490196078,0.13725490196078433,3.0000171662359216,311100
0.17647058823529413,0.23529411764705882,0.13333333333333333,2.000011444157281,130535
0.1568627450980392,0.23137254901960785,0.1450980392156863,46.00026321561746,287464
0.17254901960784313,0.22745098039215686,0.1411764705882353,2.000011444157281,554731
0.1568627450980392,0.24313725490196078,0.14901960784313725,853.0048809330804,292659
0.17254901960784313,0.24705882352941178,0.15294117647058825,11.000062942865044,239502
0.5294117647058824,0.5411764705882353,0.38823529411764707,174.00099564168343,443577
0.5490196078431373,0.5294117647058824,0.3843137254901961,8.000045776629124,610015
0.5372549019607843,0.5450980392156862,0.38823529411764707,85.00048637668444,442563
0.5450980392156862,0.5529411764705883,0.38823529411764707,41.00023460522426,451784
0.5294117647058824,0.5411764705882353,0.396078431372549,58.00033188056115,458876
0.5490196078431373,0.5333333333333333,0.39215686274509803,4.000022888314562,678590
0.5411764705882353,0.5490196078431373,0.39215686274509803,420.002403273029,448696
0.5490196078431373,0.5568627450980392,0.4,122.00069809359414,439501
0.1607843137254902,0.19607843137254902,0.2549019607843137,119.00068092735822,520756
0.1803921568627451,0.19607843137254902,0.25882352941176473,62.00035476887571,231946
0.16862745098039217,0.20784313725490197,0.2549019607843137,161.0009212546611,601712
0.17254901960784313,0.21568627450980393,0.2627450980392157,221.00126457937955,232893
0.1568627450980392,0.2,0.27058823529411763,43.00024604938154,302450
0.17254901960784313,0.18823529411764706,0.26666666666666666,27.000154496123294,211467
0.1568627450980392,0.20784313725490197,0.27450980392156865,146.0008354234815,462339
0.17647058823529413,0.21568627450980393,0.26666666666666666,132.00075531438054,484866
0.39215686274509803,0.18823529411764706,0.027450980392156862,17.000097275336888,761585
0.43529411764705883,0.21568627450980393,0.023529411764705882,34.000194550673775,760562
0.4,0.20392156862745098,0.047058823529411764,44.00025177146018,754415
0.4235294117647059,0.2,0.0392156862745098,122.00069809359414,765683
0.41568627450980394,0.2196078431372549,0.058823529411764705,9.000051498707764,750310
0.3176470588235294,0.2235294117647059,0.18823529411764706,34.000194550673775,607514
0.3411764705882353,0.2196078431372549,0.2,97.00055504162813,920994
0.3215686274509804,0.24705882352941178,0.2,405.0023174418494,553226
0.3411764705882353,0.24705882352941178,0.19607843137254902,188.0010757507844,587033
0.3176470588235294,0.23137254901960785,0.20392156862745098,14.000080109100967,888255
0.3411764705882353,0.22745098039215686,0.20392156862745098,43.00024604938154,181544
0.3137254901960784,0.23921568627450981,0.20784313725490197,85.00048637668444,566528
0.3333333333333333,0.24705882352941178,0.20392156862745098,38.00021743898834,885452
0.6588235294117647,0.5098039215686274,0.4745098039215686,161.0009212546611,1044691
0.6705882352941176,0.5058823529411764,0.4823529411764706,70.00040054550483,1014880
0.6666666666666666,0.5215686274509804,0.4745098039215686,129.00073814814462,979103
0.6823529411764706,0.5137254901960784,0.4745098039215686,168.0009613092116,964734
0.6627450980392157,0.5098039215686274,0.4980392156862745,51.00029182601067,930210
0.6705882352941176,0.5019607843137255,0.4980392156862745,14.000080109100967,921998
0.6666666666666666,0.5215686274509804,0.48627450980392156,170.00097275336887,1020993
0.6705882352941176,0.5215686274509804,0.49411764705882355,141.0008068130883,1043592
0.2549019607843137,0.34901960784313724,0.1450980392156863,428.00244904965814,825189
0.2627450980392157,0.34901960784313724,0.1450980392156863,819.0046863824066,569289
0.2549019607843137,0.3568627450980392,0.1450980392156863,88.00050354292036,388060
0.2627450980392157,0.3568627450980392,0.1411764705882353,196.00112152741355,541607
0.2549019607843137,0.34509803921568627,0.14901960784313725,234.00133896640187,846691
0.2627450980392157,0.34509803921568627,0.15294117647058825,812.0046463278561,720793
0.2549019607843137,0.3568627450980392,0.15294117647058825,224.00128174561547,370666
0.2627450980392157,0.35294117647058826,0.14901960784313725,812.0046463278561,826230
0.09411764705882353,0.06666666666666667,0.09411764705882353,32.000183106516495,826633
0.11764705882352941,0.07450980392156863,0.10588235294117647,12.000068664943687,857495
0.09411764705882353,0.09019607843137255,0.09803921568627451,662.00378801606,438605
0.11764705882352941,0.08235294117647059,0.09411764705882353,102.00058365202133,199990
0.09411764705882353,0.07450980392156863,0.10980392156862745,4.000022888314562,837909
0.12156862745098039,0.06666666666666667,0.11372549019607843,3.0000171662359216,870833
0.09803921568627451,0.09019607843137255,0.12156862745098039,57.00032615848251,320941
0.10980392156862745,0.09019607843137255,0.11372549019607843,30.000171662359215,846353
0.6235294117647059,0.5647058823529412,0.38823529411764707,39.00022316106698,143492
0.6235294117647059,0.5803921568627451,0.3843137254901961,225.0012874676941,166045
0.6313725490196078,0.5725490196078431,0.403921568627451,320.00183106516494,145562
0.6470588235294118,0.5725490196078431,0.4,9.000051498707764,149739
0.6313725490196078,0.5803921568627451,0.39215686274509803,303.00173378982805,159907
0.6,0.3803921568627451,0.3215686274509804,165.00094414297567,924770
0.6078431372549019,0.38823529411764707,0.3254901960784314,23.00013160780873,955516
0.6,0.4,0.3254901960784314,98.00056076370677,882696
0.615686274509804,0.4,0.3137254901960784,107.00061226241453,892935
0.592156862745098,0.38823529411764707,0.3411764705882353,104.00059509617861,864269
0.6078431372549019,0.3764705882352941,0.3333333333333333,11.000062942865044,975032
0.592156862745098,0.396078431372549,0.32941176470588235,271.00155068331156,1026202
0.6078431372549019,0.4,0.3333333333333333,116.0006637611223,890933
