x0,x1,weight,source_index
-74.024,40.7438,9.000012125098685,24112
-73.9625,40.8132,4.000005388932749,488386
-73.8747,40.7652,30.000040416995617,693449
-74.0137,40.6944,1.0000013472331872,535344
-74.01,40.7616,2.0000026944663745,726011
-73.9665,40.75,12.000016166798247,218122
-74.0212,40.7139,1.0000013472331872,460661
-74.0125,40.7197,19.000025597430557,206487
-74.0349,40.7124,5.000006736165936,15784
-74.0161,40.6748,273.0003677946601,503649
-73.9112,40.7984,1.0000013472331872,440556
-73.9721,40.7136,9.000012125098685,672206
-73.9749,40.7208,17.000022902964183,186885
-73.964,40.7195,797.0010737448503,573656
-73.9813,40.7876,3.0000040416995617,611998
-73.9429,40.7689,33.00004445869518,329866
-73.95,40.7508,12.000016166798247,101596
-73.9727,40.7061,3.0000040416995617,91778
-73.972,40.7658,54.00007275059211,360775
-73.9698,40.8069,1.0000013472331872,79500
-73.9801,40.7108,23.000030986363306,441230
-73.8731,40.7714,17.000022902964183,264948
-73.8692,40.77,29.00003906976243,395433
-73.9876,40.7853,1.0000013472331872,177165
-73.8624,40.7688,24.000032333596494,267182
-73.9611,40.7909,9.000012125098685,245751
-74.0065,40.683,30.000040416995617,403882
-74.0092,40.7018,21.000028291896932,565304
-73.9741,40.6681,69.00009295908993,108555
-73.9644,40.6658,37.00004984762793,467727
-73.9489,40.7363,19.000025597430557,369695
-73.9402,40.7373,32.00004311146199,629483
-73.9859,40.7726,155.000208821144,501805
-73.8668,40.7719,11.00001481956506,708478
-73.865,40.7733,3.0000040416995617,379709
-74.0022,40.7097,105.00014145948467,575108
-74.0035,40.7535,93.00012529268642,380668
-74.0102,40.7464,68.00009161185673,330807
-74.0097,40.7472,98.00013202885235,161434
-73.944,40.8446,1.0000013472331872,576247
-74.0209,40.7928,12.000016166798247,156052
-73.9816,40.6552,1.0000013472331872,720534
-73.9606,40.7232,60.000080833991234,77101
-73.9443,40.7594,29.00003906976243,366953
-73.9406,40.7602,46.00006197272661,153845
-73.9529,40.7653,136.00018322371346,218785
-73.9355,40.8347,4.000005388932749,342041
-73.9652,40.7528,69.00009295908993,642318
-73.997,40.7672,24.000032333596494,184556
-73.9789,40.7911,106.00014280671785,709267
-74.0313,40.7623,10.000013472331872,426315
-74.0289,40.761,47.0000633199598,351412
-74.019,40.6766,9.000012125098685,485419
-74.0143,40.6818,17.000022902964183,62171
-73.9996,40.656,13.000017514031434,138335
-73.9467,40.7717,7.000009430632311,55973
-74.0161,40.703,1.0000013472331872,298619
-73.9593,40.7592,7.000009430632311,96087
-74.0307,40.7272,22.00002963913012,330398
-73.9642,40.709,60.000080833991234,733950
-73.9658,40.7166,68.00009161185673,153021
-73.9778,40.7212,82.00011047312135,158303
-73.9262,40.8055,16.000021555730996,527185
-73.9358,40.792,15.000020208497808,324669
-73.9257,40.7902,12.000016166798247,342197
-73.9293,40.7977,11.00001481956506,613204
-73.9513,40.7188,174.00023441857456,100893
-73.8886,40.8079,6.000008083399123,736756
-73.8766,40.8099,7.000009430632311,519515
-73.9128,40.6801,40.00005388932749,451709
-73.9907,40.7037,201.00027079387064,131365
-73.9774,40.7691,8.000010777865498,328450
-74.0041,40.7566,58.00007813952486,271036
-74.0033,40.7596,13.000017514031434,431978
-73.9843,40.6883,172.0002317241082,274113
-73.8753,40.6878,3.0000040416995617,700771
-74.03,40.7846,13.000017514031434,344806
-74.0334,40.7938,1.0000013472331872,730221
-73.9909,40.7753,52.000070056125736,240389
-73.9922,40.779,1.0000013472331872,139841
-73.8658,40.7651,5.000006736165936,291552
-73.8636,40.7651,6.000008083399123,318249
-73.8672,40.7687,150.00020208497807,369097
-74.01,40.6685,3.0000040416995617,165023
-74.0006,40.6656,1.0000013472331872,368743
-74.0037,40.6721,32.00004311146199,454515
-73.8856,40.7715,110.0001481956506,136038
-73.8818,40.7692,5.000006736165936,531098
-73.9197,40.7825,4.000005388932749,343131
-73.9146,40.7833,47.0000633199598,642057
-73.9705,40.7406,1.0000013472331872,658526
-73.9716,40.7437,77.00010373695542,237542
-73.9815,40.7036,24.000032333596494,5526
-73.9271,40.8184,44.00005927826024,707952
-73.8611,40.7638,4.000005388932749,417995
-73.9123,40.7827,22.00002963913012,705244
-74.0098,40.7521,1.0000013472331872,407283
-74.0068,40.7544,124.00016705691522,549075
-74.0455,40.7455,21.000028291896932,117860
-73.9444,40.7874,29.00003906976243,365966
-73.8741,40.7732,18.00002425019737,507609
-73.8729,40.7722,14.000018861264621,55418
-73.8741,40.7735,231.00031121086624,645740
-73.9746,40.6584,20.000026944663745,312510
-73.9178,40.8286,18.00002425019737,726978
-73.9182,40.8343,29.00003906976243,576921
-74.0096,40.6981,2.0000026944663745,267518
-73.9994,40.6893,173.0002330713414,578288
-73.9824,40.7147,182.00024519644006,227523
-73.9607,40.7064,109.00014684841742,273620
-73.9569,40.7089,160.00021555730996,497066
-73.9865,40.8066,6.000008083399123,250827
-73.9913,40.815,12.000016166798247,660680
-73.968,40.7752,3.0000040416995617,537769
-73.9682,40.7788,3.0000040416995617,441549
-73.9629,40.7782,168.00022633517546,502768
-73.9294,40.7131,11.00001481956506,81295
-73.9373,40.7218,39.0000525420943,391073
-73.9265,40.7194,1.0000013472331872,146504
-73.9082,40.7505,44.00005927826024,426769
-73.9055,40.7564,43.00005793102705,651195
-73.9973,40.698,30.000040416995617,618136
-74.0054,40.7422,236.0003179470322,733958
-73.8984,40.7424,49.000066014426174,280900
-73.8906,40.739,47.0000633199598,451755
-73.9034,40.6823,20.000026944663745,740013
-73.9751,40.7532,468.00063050513165,185010
-73.8865,40.7612,29.00003906976243,174534
-73.8806,40.7603,42.000056583793864,436020
-73.8747,40.8098,5.000006736165936,15973
-73.9884,40.6815,93.00012529268642,87318
-73.8948,40.7666,47.0000633199598,53675
-74.0053,40.7382,658.0008864794372,84105
-74.0041,40.7382,594.0008002565132,174133
-74.0042,40.7405,398.0005361988085,617780
-73.974,40.7642,658.0008864794372,393644
-73.9724,40.7651,821.0011060784467,299308
-73.9595,40.7311,107.00014415395103,549040
-73.9595,40.7813,203.000273488337,450699
-73.9567,40.7858,207.00027887726975,561387
-73.8802,40.7381,46.00006197272661,591525
-73.9795,40.6809,193.00026001600514,227280
-73.9689,40.6803,151.00020343221126,200244
-73.9652,40.7905,10.000013472331872,44315
-73.9649,40.7916,201.00027079387064,158698
-73.9843,40.67,195.0002627104715,215764
-73.987,40.6726,188.0002532798392,155793
-73.98,40.7621,523.000704602957,38479
-74.0074,40.7377,342.00046075375,192989
-74.008,40.7403,779.0010494946529,26534
-73.9847,40.7824,57.00007679229167,134054
-73.9847,40.7851,15.000020208497808,199095
-73.9406,40.7187,147.00019804327852,58618
-73.9837,40.7535,525.0007072974233,184777
-73.9823,40.754,558.0007517561185,548476
-73.9924,40.7266,792.0010670086842,715024
-73.9658,40.676,177.00023846027415,685769
-73.9648,40.6787,205.0002761828034,305717
-73.989,40.7395,610.0008218122442,45903
-73.9889,40.6938,172.0002317241082,151505
-73.9897,40.6996,35.00004715316155,292640
-73.9594,40.7438,1.0000013472331872,623133
-73.9404,40.7108,52.000070056125736,138677
-73.9691,40.7601,588.0007921731141,455212
-73.9916,40.7481,561.000755797818,63179
-73.9872,40.6965,111.00014954288378,330801
-73.985,40.6978,79.00010643142178,276478
-73.9836,40.6969,141.0001899598794,448913
-73.9941,40.678,40.00005388932749,59719
-73.9954,40.6795,209.00028157173614,92494
-73.9118,40.7066,43.00005793102705,61276
-73.906,40.7079,41.00005523656068,107596
-73.9697,40.7652,644.0008676181726,432194
-73.9527,40.7897,179.0002411547405,397580
-73.9534,40.7912,91.00012259822003,90428
-73.9847,40.7554,775.0010441057201,194387
-73.9918,40.7413,660.0008891739036,446060
-73.9522,40.7326,164.0002209462427,556807
-73.9526,40.7364,113.00015223735016,279825
-73.9564,40.6839,115.00015493181652,63858
-73.9843,40.7591,335.0004513231177,396593
-74.0082,40.7413,319.0004297673867,705344
-74.0083,40.7431,181.0002438492069,472655
-73.9803,40.7501,720.0009700078948,400345
-73.9252,40.8384,15.000020208497808,209170
-73.9304,40.8488,35.00004715316155,620446
-73.9893,40.7447,740.0009969525586,99067
-73.9901,40.7466,515.0006938250914,393915
-73.965,40.6883,181.0002438492069,104122
-73.9645,40.6936,149.0002007377449,446823
-73.977,40.7607,777.0010468001865,245912
-73.9778,40.7624,544.0007328948539,56903
-74.0027,40.7259,784.0010562308188,61870
-73.9625,40.7946,142.00019130711257,174721
-73.9657,40.7996,206.00027753003656,376048
-73.9632,40.7988,128.00017244584797,524514
-73.9974,40.719,582.000784089715,144333
-73.9992,40.7215,763.0010279389219,499269
-73.9308,40.7021,162.00021825177635,438016
-73.943,40.7467,110.0001481956506,611784
-73.9381,40.745,15.000020208497808,644414
-73.9336,40.7261,25.00003368082968,623952
-73.9282,40.7295,7.000009430632311,254377
-73.9958,40.7227,798.0010750920834,189694
-73.9946,40.7238,780.001050841886,737286
-73.9848,40.7512,648.0008730071054,463798
-73.9874,40.7521,688.0009268964328,446338
-73.9966,40.7512,117.00015762628291,40178
-73.9964,40.7527,216.00029100236844,584629
-73.9939,40.7517,822.00110742568,621362
-74.0026,40.7201,725.0009767440607,359841
-74.0025,40.7212,633.0008527986075,120048
-73.9921,40.7376,782.0010535363524,633456
-73.993,40.7453,647.0008716598721,256057
-73.9934,40.7456,596.0008029509796,80719
-73.9918,40.7466,714.0009619244956,115993
-73.986,40.7608,789.0010629669847,676639
-73.9852,40.7611,742.000999647025,514159
-74.0036,40.7253,829.0011168563123,738523
-74.0033,40.7276,472.0006358940644,403934
-73.857,40.7155,25.00003368082968,137694
-73.8549,40.7154,29.00003906976243,670033
-73.8598,40.7227,40.00005388932749,225512
-73.9786,40.6647,193.00026001600514,440093
-73.9772,40.6672,192.00025866877195,189087
-73.982,40.7443,553.0007450199525,268996
-73.9834,40.7464,574.0007733118495,110579
-74.0048,40.7226,807.0010872171821,710640
-74.0049,40.7236,371.0004998235125,590942
-73.9874,40.7417,570.0007679229167,410180
-73.986,40.7433,789.0010629669847,190033
-73.9476,40.7203,206.00027753003656,340423
-73.9459,40.7212,202.00027214110384,367909
-73.9444,40.7249,185.00024923813965,457581
-73.9893,40.7197,803.0010818282493,574806
-73.9893,40.7211,328.0004418924854,622693
-73.9707,40.7563,786.0010589252852,436109
-73.9697,40.7567,806.001085869949,231930
-73.969,40.7583,758.001021202756,24124
-73.9849,40.6837,91.00012259822003,61116
-73.9821,40.6832,114.00015358458334,449360
-73.993,40.722,485.0006534080958,77312
-73.9921,40.7247,811.0010926061149,393714
-74.0019,40.7222,702.0009457576974,127762
-74.0007,40.7224,704.0009484521638,509929
-74.0,40.7243,823.0011087729131,490016
-73.8944,40.7546,37.00004984762793,454588
-73.8956,40.7597,32.00004311146199,603631
-73.8913,40.7617,36.00004850039474,172207
-73.9482,40.7447,192.00025866877195,77785
-73.9492,40.7499,164.0002209462427,695253
-73.9438,40.7492,183.00024654367326,144417
-73.9926,40.7348,799.0010764393166,653374
-73.9914,40.7352,717.0009659661953,641499
-73.9937,40.7371,753.0010144665899,133611
-73.9743,40.6813,144.00019400157896,55198
-73.9709,40.6833,57.00007679229167,577931
-73.9715,40.6863,188.0002532798392,326071
-73.9918,40.6631,169.00022768240865,558021
-73.9919,40.6676,129.00017379308116,576332
-73.9864,40.6641,188.0002532798392,117600
-73.9849,40.6669,163.0002195990095,471887
-73.9553,40.69,199.00026809940425,519307
-73.9515,40.6906,177.00023846027415,386586
-73.9504,40.6922,103.00013876501828,229270
-73.9405,40.7189,75.00010104248904,734087
-73.9413,40.7238,183.00024654367326,528161
-73.9395,40.7246,198.00026675217106,71526
-73.9942,40.7265,823.0011087729131,316798
-73.9954,40.7274,701.0009444104643,280062
-73.9947,40.7269,701.0009444104643,242402
-73.9835,40.7597,587.0007908258809,316029
-73.9843,40.7615,772.0010400640206,651732
-73.9886,40.7568,432.0005820047369,514613
-73.9893,40.7588,787.0010602725183,182800
-73.9878,40.759,781.0010521891193,7004
-73.935,40.7031,41.00005523656068,619156
-73.9321,40.7031,33.00004445869518,723236
-73.9372,40.7057,164.0002209462427,226702
-74.0027,40.7326,701.0009444104643,423717
-74.0004,40.7315,750.0010104248904,164206
-74.0006,40.734,540.0007275059211,406671
-73.9608,40.6714,124.00016705691522,725116
-73.9577,40.6716,204.0002748355702,504142
-73.962,40.6734,108.00014550118422,355632
-73.9476,40.7288,121.00016301521566,520776
-73.9442,40.7293,24.000032333596494,313770
-73.977,40.7503,481.00064801916307,305695
-73.9756,40.7512,721.000971355128,426633
-73.9933,40.7513,433.0005833519701,426991
-73.9913,40.7523,243.0003273776645,593437
-73.9874,40.7445,765.0010306333883,383499
-73.9871,40.7468,483.00065071362945,47967
-73.985,40.7466,650.0008757015717,336797
-73.9833,40.7628,363.000489045647,495528
-73.984,40.7655,739.0009956053253,608739
-73.954,40.8011,130.00017514031435,300658
-73.9506,40.8016,90.00012125098685,306375
-73.9185,40.7935,10.000013472331872,466096
-73.9155,40.7952,7.000009430632311,555191
-73.9597,40.6876,203.000273488337,710721
-73.9599,40.6923,190.00025597430556,541244
-73.9563,40.6909,133.0001791820139,58877
-73.9767,40.6878,194.00026136323834,358402
-73.979,40.6925,131.00017648754752,601548
-73.9752,40.6922,22.00002963913012,619529
-74.0044,40.7193,543.0007315476207,616590
-74.005,40.7207,504.00067900552637,544138
-73.9899,40.7345,621.0008366318093,707927
-73.989,40.7348,513.000691130625,714576
-73.9899,40.7369,633.0008527986075,292121
-73.9861,40.7383,454.000611643867,170643
-73.9856,40.7386,822.00110742568,661566
-73.9853,40.7396,597.0008042982128,162720
-73.9839,40.7505,799.0010764393166,632908
-73.982,40.7512,560.0007544505849,433022
-73.9839,40.7531,609.000820465011,265052
-74.0052,40.7324,415.0005591017727,633713
-74.0062,40.7334,714.0009619244956,427651
-74.0044,40.7335,822.00110742568,577317
-73.9876,40.742,584.0007867841814,347658
-73.9891,40.7433,510.0006870889255,31115
-73.989,40.7437,674.0009080351682,392791
-73.9528,40.8076,197.0002654049379,99465
-73.9534,40.8121,56.000075445058485,617364
-74.0026,40.7289,665.0008959100695,670440
-74.0003,40.7287,684.0009215075,525695
-74.0022,40.73,628.0008460624416,513373
-73.9248,40.7025,154.00020747391085,60105
-73.9189,40.7017,145.00019534881216,189679
-73.9249,40.7044,177.00023846027415,525990
-74.0055,40.6836,147.00019804327852,149511
-74.0041,40.6847,31.000041764228804,612921
-73.9617,40.6798,62.00008352845761,316028
-73.9567,40.6804,80.00010777865498,167814
-74.0068,40.7064,774.001042758487,370457
-74.0086,40.7093,446.0006008660015,698173
-74.0073,40.708,592.0007975620468,727544
-73.993,40.6692,115.00015493181652,359321
-73.9883,40.6701,207.00027887726975,469824
-73.9917,40.6735,191.00025732153875,136253
-73.9904,40.6722,177.00023846027415,730225
-73.9873,40.7479,591.0007962148137,228835
-73.9868,40.7487,353.0004755733151,337852
-73.9856,40.7485,422.000568532405,510777
-73.9964,40.7445,534.000719422522,400875
-73.9959,40.7465,250.00033680829682,431120
-73.9663,40.8082,121.00016301521566,168050
-73.9645,40.8109,112.00015089011697,5033
-73.9734,40.751,380.0005119486111,634433
-73.9746,40.7531,701.0009444104643,476624
-73.9731,40.7529,662.00089186837,192472
-73.9645,40.6961,191.00025732153875,673596
-73.9677,40.6973,178.00023980750734,640313
-73.9649,40.6971,40.00005388932749,365552
-73.9927,40.7314,614.000827201177,613513
-73.9911,40.7325,549.0007396310198,566760
-73.9912,40.7342,696.0009376742983,198125
-73.9718,40.754,481.00064801916307,202396
-73.97,40.7534,463.0006237689657,382323
-73.9703,40.7547,466.00062781066526,197745
-73.9748,40.7328,189.0002546270724,221847
-74.0242,40.7596,49.000066014426174,211060
-74.0184,40.7608,6.000008083399123,64480
-73.9894,40.7534,415.0005591017727,542748
-73.99,40.7559,563.0007584922844,186653
-73.9884,40.7549,654.0008810905044,631313
-74.0085,40.744,291.0003920448575,314214
-74.0083,40.7456,607.0008177705447,249918
-74.0068,40.7456,400.0005388932749,585092
-73.9829,40.766,637.0008581875403,565636
-73.9822,40.766,524.0007059501901,644957
-73.9833,40.7681,635.0008554930739,434231
-73.9989,40.827,4.000005388932749,41682
-73.993,40.8478,7.000009430632311,589831
-73.9838,40.8492,6.000008083399123,353004
-74.0022,40.7386,562.0007571450512,466411
-74.0003,40.7378,419.0005644907055,565215
-74.0012,40.7401,477.0006426302303,220730
-74.0086,40.7036,499.00067226936045,255799
-74.0068,40.704,256.00034489169593,493295
-74.0121,40.72,243.0003273776645,194402
-74.0113,40.7215,249.00033546106363,245526
-74.0099,40.7213,803.0010818282493,674698
-73.9807,40.7568,287.00038665592473,49171
-73.981,40.7591,581.0007827424818,653332
-73.9796,40.7589,800.0010777865498,719736
-73.9904,40.7314,468.00063050513165,134320
-73.9882,40.7318,667.0008986045359,11233
-73.9886,40.7342,603.0008123816119,311102
-73.9599,40.7336,47.0000633199598,323207
-73.9594,40.7347,6.000008083399123,669896
-73.9577,40.7349,178.00023980750734,474889
-73.9926,40.7545,581.0007827424818,644822
-73.9911,40.7544,439.0005914353692,592530
-73.9935,40.7548,693.0009336325987,701372
-73.9667,40.6693,1.0000013472331872,523522
-73.9636,40.6718,55.0000740978253,192628
-73.9505,40.7464,161.00021690454315,362670
-73.9551,40.7471,111.00014954288378,702155
-73.9527,40.7472,74.00009969525586,239778
-73.9925,40.7291,325.00043785078583,160664
-73.9907,40.7283,365.0004917401133,290826
-73.8917,40.7062,22.00002963913012,378640
-73.8937,40.7079,13.000017514031434,155162
-73.9476,40.8069,126.00016975138159,472430
-73.9472,40.8104,70.0000943063231,63635
-73.9445,40.8124,124.00016705691522,691870
-73.9954,40.7199,348.0004688371491,559024
-73.9951,40.7198,511.00068843615867,183476
-73.9958,40.7208,721.000971355128,261548
-74.0021,40.735,770.0010373695542,580238
-74.0024,40.7371,469.0006318523648,53944
-74.0012,40.7367,459.00061838003296,124356
-74.0179,40.6788,29.00003906976243,149077
-74.0154,40.6796,16.000021555730996,57808
-74.009,40.726,708.0009538410966,636192
-74.0074,40.7257,689.000928243666,396027
-74.0083,40.7276,105.00014145948467,488071
-74.0061,40.7512,595.0008016037464,438408
-74.0047,40.7528,288.0003880031579,465421
-74.0041,40.7527,621.0008366318093,294478
-73.9906,40.747,724.0009753968276,471239
-73.9883,40.7484,740.0009969525586,377468
-73.9901,40.7485,346.0004661426828,450650
-73.9878,40.7488,713.0009605772625,328629
-73.9837,40.7475,476.0006412829971,157606
-73.9828,40.7472,525.0007072974233,37356
-73.9828,40.7495,583.0007854369481,135869
-73.9605,40.8007,163.0002195990095,225128
-73.9607,40.8058,92.00012394545323,279603
-73.9571,40.8047,137.00018457094666,540191
-73.9246,40.6526,19.000025597430557,164137
-73.9185,40.6611,19.000025597430557,525533
-73.9305,40.694,130.00017514031435,225073
-73.9281,40.6951,81.00010912588817,42351
-73.9251,40.6982,124.00016705691522,603027
-73.9957,40.7407,589.0007935203473,106976
-73.9941,40.7412,677.0009120768677,602053
-73.9961,40.7436,573.0007719646163,190446
-73.9945,40.7436,643.0008662709394,528689
-74.0144,40.7138,548.0007382837866,723945
-74.0135,40.714,193.00026001600514,146966
-74.0139,40.7153,478.0006439774635,36162
-73.9685,40.7601,640.0008622292398,55766
-73.9669,40.7609,416.0005604490059,260403
-73.9682,40.7624,770.0010373695542,725033
-73.9662,40.7616,636.000856840307,255340
-74.0062,40.7344,739.0009956053253,181176
-74.0039,40.7356,546.0007355893202,412577
-74.0049,40.736,528.0007113391229,190390
-74.0035,40.7362,624.0008406735088,300951
-73.9534,40.6694,88.00011855652048,600309
-73.9514,40.6717,156.0002101683772,427794
-73.9532,40.6728,205.0002761828034,518488
-73.9503,40.6729,158.00021286284357,694305
-73.9964,40.739,507.00068304722595,319187
-73.9943,40.7381,419.0005644907055,165805
-73.9956,40.7391,464.0006251161989,405289
-73.9721,40.6709,183.00024654367326,620467
-73.9716,40.6714,35.00004715316155,307537
-73.9688,40.6721,134.00018052924707,427059
-73.9862,40.7563,453.0006102966338,167675
-73.9847,40.7578,750.0010104248904,374212
-73.9866,40.7585,572.0007706173831,320345
-73.9844,40.7581,630.000848756908,110489
-74.0054,40.7484,570.0007679229167,341506
-74.0043,40.7479,745.0010036887245,427393
-74.0047,40.7495,606.0008164233114,670101
-74.0035,40.7497,479.0006453246967,44007
-73.9926,40.6774,72.00009700078948,356992
-73.989,40.6753,157.0002115156104,227455
-73.9909,40.6812,87.00011720928728,706782
-73.9575,40.809,116.00015627904972,351401
-73.9624,40.8123,138.00018591817985,537249
-73.9591,40.8095,114.00015358458334,505318
-74.0116,40.7037,559.0007531033517,593572
-74.0109,40.7037,639.0008608820067,426616
-74.012,40.7053,304.0004095588889,350230
-73.8722,40.7399,34.000045805928366,526867
-73.8652,40.7385,48.00006466719299,494042
-73.8694,40.7487,34.000045805928366,483310
-73.8671,40.7475,30.000040416995617,46427
-73.9769,40.7482,503.00067765829317,683737
-73.975,40.7481,174.00023441857456,590539
-73.9768,40.7485,745.0010036887245,698413
-73.9357,40.6956,87.00011720928728,490996
-73.9333,40.695,126.00016975138159,214437
-73.9366,40.6976,206.00027753003656,497451
-73.932,40.6992,161.00021690454315,221918
-73.8626,40.769,181.0002438492069,11174
-73.8639,40.7713,1.0000013472331872,330472
-74.0085,40.716,831.0011195507786,378436
-74.0076,40.7162,581.0007827424818,433773
-74.009,40.7173,422.000568532405,128991
-74.0071,40.718,456.0006143383334,219113
-73.9416,40.8384,138.00018591817985,281251
-73.9382,40.8381,63.000084875690796,32680
-73.9393,40.8408,111.00014954288378,126235
-73.9557,40.6813,149.0002007377449,263935
-73.9512,40.6832,119.00016032074927,707068
-73.9548,40.6858,177.00023846027415,638681
-73.95,40.6863,122.00016436244884,500463
-74.0048,40.7171,515.0006938250914,217102
-74.0043,40.716,516.0006951723246,485341
-74.0057,40.7184,705.000949799397,612197
-74.0036,40.7174,509.0006857416923,108351
-73.9297,40.8266,10.000013472331872,353813
-73.925,40.8259,143.00019265434577,726491
-73.9296,40.8306,147.00019804327852,527400
-73.9513,40.8313,2.0000026944663745,575111
-73.9994,40.7262,606.0008164233114,120297
-73.9991,40.728,583.0007854369481,3836
-73.9972,40.7273,151.00020343221126,692555
-73.9091,40.7259,35.00004715316155,331453
-73.9085,40.7367,10.000013472331872,331299
-73.9055,40.7375,39.0000525420943,638210
-73.9804,40.7444,786.0010589252852,599760
-73.9784,40.7452,511.00068843615867,568358
-73.9807,40.7454,409.0005510183736,453560
-73.9784,40.7456,501.0006749638268,723563
-73.9902,40.7295,465.00062646343207,406576
-73.9887,40.7291,637.0008581875403,207537
-73.9896,40.73,736.0009915636258,666699
-73.9885,40.7298,365.0004917401133,723827
-73.9556,40.6774,189.0002546270724,650377
-73.95,40.6754,203.000273488337,225629
-73.9561,40.6803,103.00013876501828,436134
-73.9515,40.6784,55.0000740978253,350485
-74.009,40.7326,358.000482309481,252845
-74.0068,40.7314,717.0009659661953,267562
-74.008,40.7342,390.000525420943,94303
-74.0074,40.7335,726.000978091294,703766
-73.9832,40.769,405.0005456294408,508378
-73.9821,40.7689,811.0010926061149,186568
-73.9829,40.7717,319.0004297673867,612800
-73.9822,40.7713,651.0008770488049,708366
-73.8597,40.7394,31.000041764228804,180351
-73.8515,40.7433,37.00004984762793,700172
-73.8573,40.7447,30.000040416995617,199687
-73.8527,40.7461,38.000051194861115,55492
-73.9989,40.7603,642.0008649237062,119640
-73.9984,40.7607,172.0002317241082,507247
-73.9981,40.7612,515.0006938250914,318858
-74.008,40.7288,137.00018457094666,461105
-74.0072,40.7282,576.0007760063158,374297
-74.008,40.7304,702.0009457576974,37492
-74.0067,40.7309,743.0010009942581,123746
-74.0118,40.7135,427.00057526857097,73381
-74.0097,40.7131,462.0006224217325,92036
-74.0113,40.7153,600.0008083399123,270455
-74.0094,40.715,661.0008905211367,37874
-73.9561,40.7376,97.00013068161917,373702
-73.9526,40.7396,12.000016166798247,419662
-73.952,40.7429,180.0002425019737,550207
-73.9771,40.7451,516.0006951723246,600909
-73.9761,40.7442,646.000870312639,319003
-73.9769,40.7461,671.0009039934687,486464
-73.9757,40.7454,281.0003785725256,355248
-73.8862,40.727,16.000021555730996,742201
-73.8774,40.7259,29.00003906976243,61484
-73.8816,40.7372,29.00003906976243,86801
-73.9722,40.6938,113.00015223735016,565810
-73.97,40.6942,150.00020208497807,67125
-73.9736,40.6981,170.00022902964184,672416
-73.9711,40.6979,89.00011990375367,680674
-73.9988,40.7323,417.0005617962391,239644
-73.9972,40.7316,448.0006035604679,652226
-73.9996,40.7334,805.0010845227157,316431
-73.9971,40.7334,412.0005550600731,276021
-73.8673,40.7701,50.00006736165936,436585
-73.867,40.7688,109.00014684841742,120114
-73.8672,40.7717,23.000030986363306,175823
-73.9822,40.7255,153.00020612667765,220667
-73.9836,40.7277,774.001042758487,367018
-73.9827,40.7281,289.0003893503911,561029
-73.9736,40.7478,608.0008191177778,7716
-73.9722,40.7473,517.0006965195578,338265
-73.9741,40.7499,408.0005496711404,623733
-73.9723,40.7496,542.0007302003875,545390
-73.9872,40.719,449.0006049077011,107907
-73.9847,40.7197,540.0007275059211,52981
-73.9873,40.7218,715.0009632717289,73200
-73.9852,40.7207,369.0004971290461,617314
-73.9359,40.7962,88.00011855652048,714471
-73.9353,40.7984,97.00013068161917,213160
-73.9316,40.797,83.00011182035453,103682
-73.9808,40.7473,612.0008245067106,95598
-73.9784,40.7483,364.0004903928801,408415
-73.9798,40.7487,516.0006951723246,281912
-73.9783,40.7486,554.0007463671857,715363
-74.0053,40.7287,614.000827201177,339179
-74.0038,40.7293,345.0004647954496,282122
-74.0049,40.7298,348.0004688371491,111202
-74.0033,40.7301,735.0009902163927,525239
-73.9749,40.7777,90.00012125098685,429890
-73.9688,40.7772,1.0000013472331872,475306
-73.9716,40.7807,6.000008083399123,414294
-73.9895,40.7231,351.0004728788487,207152
-73.9905,40.725,354.0004769205483,110977
-73.9881,40.7249,329.0004432397186,540377
-73.924,40.7636,129.00017379308116,356639
-73.9189,40.7631,143.00019265434577,728640
-73.9232,40.7661,110.0001481956506,300344
-73.921,40.7672,124.00016705691522,215580
-73.9644,40.7732,334.0004499758845,478966
-73.9634,40.7726,267.000359711261,416455
-73.9641,40.7748,322.0004338090863,97534
-73.9171,40.7695,127.00017109861477,496180
-73.9132,40.7688,66.00008891739036,145533
-73.9181,40.7736,188.0002532798392,504764
-73.9131,40.7745,122.00016436244884,623192
-74.0062,40.7071,806.001085869949,193436
-74.0046,40.7074,526.0007086446565,49355
-74.0049,40.7086,541.0007288531543,425604
-74.0046,40.7082,138.00018591817985,579662
-73.9431,40.8022,55.0000740978253,596683
-73.9378,40.8007,85.00011451482092,358688
-73.9414,40.8048,47.0000633199598,138754
-74.0122,40.6759,57.00007679229167,117862
-74.0064,40.6774,32.00004311146199,589175
-74.0064,40.6796,76.00010238972223,398957
-74.0087,40.7108,442.00059547706877,703589
-74.0076,40.7102,520.0007005612574,555380
-74.0085,40.7115,677.0009120768677,248967
-74.0072,40.7118,356.0004796150147,103295
-74.0116,40.7221,187.000251932606,132954
-74.0098,40.7222,550.000740978253,31651
-74.0111,40.7237,227.0003058219335,189757
-73.9212,40.7071,158.00021286284357,726718
-73.9235,40.7117,29.00003906976243,573001
-73.9188,40.7108,27.000036375296055,707967
-73.8955,40.7291,46.00006197272661,621026
-73.8916,40.7252,24.000032333596494,649725
-73.8956,40.7365,29.00003906976243,603152
-73.8876,40.7363,25.00003368082968,39848
-74.015,40.7166,810.0010912588816,595139
-74.013,40.7171,494.0006655331945,331331
-74.0145,40.718,552.0007436727194,666520
-74.0126,40.7172,120.00016166798247,392587
-73.9904,40.7505,325.00043785078583,512541
-73.9877,40.7508,343.0004621009832,234742
-73.9894,40.7527,766.0010319806214,560277
-73.9878,40.7518,526.0007086446565,454833
-73.987,40.7294,618.0008325901097,287936
-73.9859,40.7293,553.0007450199525,610581
-73.9862,40.7302,520.0007005612574,19924
-73.9852,40.7306,263.00035432232823,124740
-73.9332,40.6501,21.000028291896932,56035
-73.9276,40.653,34.000045805928366,320870
-73.9361,40.6596,29.00003906976243,198251
-73.9279,40.6565,38.000051194861115,172596
-73.9242,40.7581,85.00011451482092,272571
-73.9199,40.758,129.00017379308116,506107
-73.9234,40.7611,154.00020747391085,161012
-73.9214,40.7615,120.00016166798247,636325
-74.0115,40.7157,744.0010023414914,119807
-74.0109,40.7166,526.0007086446565,319096
-74.0119,40.7172,42.000056583793864,589998
-74.0099,40.7187,629.0008474096747,508871
-73.9836,40.7229,635.0008554930739,658230
-73.9822,40.7223,355.0004782677815,708137
-73.983,40.7245,402.0005415877413,206911
-73.9823,40.7248,548.0007382837866,241888
-73.9961,40.7321,636.000856840307,676505
-73.9947,40.7318,440.0005927826024,213262
-73.9957,40.7331,523.000704602957,148707
-73.9946,40.7338,339.0004567120505,313649
-74.0005,40.7704,1.0000013472331872,325154
-73.9472,40.8027,105.00014145948467,699139
-73.9451,40.8026,134.00018052924707,167447
-73.949,40.8052,143.00019265434577,258291
-73.9467,40.8042,101.00013607055192,679066
-74.0092,40.7128,669.0009012990023,41747
-74.0075,40.7127,233.00031390533263,721478
-74.0093,40.7152,585.0007881314145,10968
-74.0078,40.7142,440.0005927826024,691216
-73.9682,40.7567,510.0006870889255,275432
-73.9658,40.7568,447.0006022132347,463202
-73.9686,40.759,607.0008177705447,216191
-73.9671,40.758,349.0004701843823,277755
-73.9177,40.7633,140.0001886126462,466202
-73.9152,40.7638,95.00012798715278,591297
-73.9172,40.7668,144.00019400157896,353835
-73.9139,40.7667,98.00013202885235,611585
-73.9986,40.7345,406.000546976674,549615
-73.9984,40.735,565.0007611867508,249523
-73.9986,40.7365,287.00038665592473,302571
-73.9979,40.737,640.0008622292398,482807
-74.0066,40.7189,579.0007800480154,275499
-74.0082,40.7218,242.00032603043132,83444
-74.0072,40.7218,71.00009565355629,67733
-73.8817,40.7171,26.000035028062868,390204
-73.877,40.7146,36.00004850039474,87019
-73.8862,40.7199,25.00003368082968,272932
-73.8807,40.7243,31.000041764228804,419778
-74.0085,40.7346,512.0006897833919,680086
-74.0074,40.7356,510.0006870889255,719131
-74.0092,40.7361,475.00063993576396,412267
-74.0077,40.7363,389.0005240737098,263082
-73.9434,40.8086,117.00015762628291,518069
-73.9399,40.8088,82.00011047312135,430465
-73.9408,40.8117,164.0002209462427,488630
-73.9406,40.8117,102.0001374177851,218271
-73.9897,40.7258,554.0007463671857,604221
-73.9889,40.7258,306.0004122533553,486842
-73.9891,40.7267,419.0005644907055,593928
-73.9886,40.7274,572.0007706173831,568665
-73.9936,40.7571,616.0008298956434,729275
-73.9907,40.7565,119.00016032074927,104010
-73.9924,40.7589,773.0010414112537,20741
-73.9915,40.7588,339.0004567120505,31688
-73.9387,40.7254,142.00019130711257,668422
-73.9422,40.729,39.0000525420943,631368
-74.0455,40.7027,2.0000026944663745,528650
-74.0485,40.7096,2.0000026944663745,194970
-73.9929,40.6592,52.000070056125736,557225
-73.9906,40.6586,53.00007140335892,215970
-73.9914,40.662,176.00023711304095,217001
-73.9881,40.6596,177.00023846027415,410674
-73.948,40.6776,198.00026675217106,602615
-73.9463,40.6768,77.00010373695542,587035
-73.9499,40.6805,113.00015223735016,638666
-73.9446,40.6809,66.00008891739036,57438
-73.8574,40.7542,12.000016166798247,494541
-73.8538,40.7548,49.000066014426174,441398
-73.8606,40.7601,40.00005388932749,320610
-73.8511,40.7591,12.000016166798247,164336
-73.9992,40.7415,360.0004850039474,373442
-73.9981,40.741,754.0010158138232,708059
-73.9999,40.7427,418.0005631434723,54852
-73.9971,40.7431,276.0003718363597,43146
-74.0122,40.707,278.00037453082604,141669
-74.0096,40.7064,490.00066014426176,245689
-74.0115,40.7082,347.000467489916,454073
-74.0096,40.7082,689.000928243666,638348
-73.9835,40.7415,283.000381266992,647413
-73.9823,40.7408,340.0004580592837,625991
-73.984,40.7436,794.0010697031506,213272
-73.9826,40.7425,384.0005173375439,512739
-73.9832,40.7284,336.0004526703509,165564
-73.9823,40.7295,391.0005267681762,569709
-73.9829,40.7308,569.0007665756835,353689
-73.9823,40.7312,496.00066822766087,475179
-73.9924,40.7199,419.0005644907055,473167
-73.991,40.7192,337.0004540175841,227349
-73.993,40.7214,800.0010777865498,77525
-73.992,40.7218,226.00030447470033,127455
-74.011,40.777,49.000066014426174,169032
-74.0057,40.7812,1.0000013472331872,472824
-74.0067,40.782,33.00004445869518,108628
-74.0038,40.7872,28.000037722529243,340773
-73.9867,40.767,379.000510601378,280674
-73.9848,40.7661,295.0003974337902,451391
-73.9872,40.7675,257.0003462389291,100916
-73.9494,40.6901,48.00006466719299,728431
-73.9448,40.6906,43.00005793102705,359813
-73.9493,40.6931,157.0002115156104,722506
-73.946,40.6912,196.0002640577047,90301
-73.9835,40.7382,610.0008218122442,561809
-73.9817,40.7389,265.0003570167946,697403
-73.9836,40.7392,284.00038261422515,471869
-73.9825,40.7398,616.0008298956434,16857
-73.9998,40.7384,434.0005846992033,336980
-73.9977,40.7386,436.00058739366966,315486
-73.9987,40.74,541.0007288531543,214728
-73.9983,40.74,359.0004836567142,322326
-73.8709,40.7734,31.000041764228804,200070
-73.8699,40.7724,16.000021555730996,505043
-73.869,40.775,1.0000013472331872,503710
-74.003,40.7061,5.000006736165936,94068
-73.9964,40.7347,309.00041629505483,583763
-73.9946,40.7346,528.0007113391229,417811
-73.9966,40.7364,519.0006992140242,605028
-73.9947,40.7375,396.0005335043421,44875
-73.923,40.817,36.00004850039474,283470
-73.9147,40.8183,35.00004715316155,249955
-73.9224,40.8245,17.000022902964183,4122
-73.9147,40.8192,21.000028291896932,307296
-74.0312,40.7529,63.000084875690796,651365
-74.0269,40.7508,190.00025597430556,104570
-74.0303,40.7552,55.0000740978253,556007
-74.0262,40.7533,128.00017244584797,454629
-73.9431,40.7512,67.00009026462354,172580
-73.9422,40.7541,62.00008352845761,252448
-73.9377,40.7534,11.00001481956506,64555
-73.98,40.7415,451.00060760216746,164050
-73.9789,40.7412,381.0005132958443,591006
-73.981,40.743,604.0008137288451,621138
-73.9795,40.743,273.0003677946601,400435
-73.9718,40.7511,439.0005914353692,665967
-73.969,40.7504,394.0005308098758,334720
-73.9705,40.7518,447.0006022132347,406986
-73.9702,40.7529,418.0005631434723,441325
-74.0019,40.7411,483.00065071362945,682768
-74.0,40.7419,598.000805645446,376145
-74.0031,40.7433,138.00018591817985,300151
-74.0009,40.7423,463.0006237689657,538375
-73.9491,40.8208,25.00003368082968,552693
-73.9438,40.8218,101.00013607055192,107045
-73.9497,40.8224,120.00016166798247,452129
-73.946,40.8236,172.0002317241082,55315
-74.0084,40.7223,596.0008029509796,625067
-74.0077,40.7226,289.0003893503911,629456
-74.0082,40.724,440.0005927826024,89324
-74.0077,40.7249,345.0004647954496,398853
-73.9868,40.7348,340.0004580592837,169742
-73.9854,40.7352,272.0003664474269,78067
-73.9869,40.7367,665.0008959100695,624275
-73.9848,40.7371,387.0005213792435,399078
-73.9812,40.7282,510.0006870889255,541145
-73.9782,40.7292,349.0004701843823,532662
-73.9812,40.7299,448.0006035604679,342263
-73.9788,40.7299,342.00046075375,382812
-73.9961,40.7637,580.0007813952486,360912
-73.9946,40.7635,266.0003583640278,518805
-73.996,40.7644,622.0008379790424,426499
-73.9948,40.7654,180.0002425019737,80587
-73.9954,40.7594,539.0007261586879,301479
-73.9953,40.7597,641.000863576473,76243
-73.9963,40.7625,225.00030312746713,111926
-73.994,40.7616,238.00032064149855,677547
-73.994,40.7033,64.00008622292398,644305
-73.9647,40.7633,347.000467489916,533869
-73.9635,40.7627,337.0004540175841,726599
-73.9641,40.7653,358.000482309481,366985
-73.9638,40.7656,591.0007962148137,342164
-73.9073,40.713,12.000016166798247,111332
-73.905,40.7129,31.000041764228804,634864
-73.9094,40.7225,31.000041764228804,118606
-73.9028,40.7205,28.000037722529243,574690
-73.9247,40.6626,17.000022902964183,707155
-73.9176,40.6657,8.000010777865498,202558
-73.9222,40.6745,39.0000525420943,589012
-73.9142,40.6716,38.000051194861115,2704
-73.9867,40.7323,428.0005766158041,704403
-73.9848,40.7325,550.000740978253,151594
-73.987,40.7331,538.0007248114547,214819
-73.9856,40.7335,106.00014280671785,425226
-73.9413,40.7009,110.0001481956506,373299
-73.9378,40.7018,81.00010912588817,540676
-73.9409,40.7042,144.00019400157896,556509
-73.9377,40.7056,69.00009295908993,421671
-73.8748,40.7175,17.000022902964183,111820
-73.8631,40.718,1.0000013472331872,192200
-73.8737,40.7239,37.00004984762793,612454
-73.8674,40.7229,46.00006197272661,607897
-73.9065,40.6533,50.00006736165936,399482
-73.9046,40.652,12.000016166798247,544773
-73.9107,40.6578,18.00002425019737,146144
-73.9029,40.6579,21.000028291896932,653614
-73.9873,40.722,719.0009686606617,740879
-73.9856,40.7232,434.0005846992033,17902
-73.9865,40.7241,89.00011990375367,594625
-73.9854,40.7238,366.0004930873465,279798
-73.9202,40.7275,19.000025597430557,17576
-73.9179,40.7259,4.000005388932749,665687
-73.9187,40.7338,13.000017514031434,603407
-73.9436,40.8128,81.00010912588817,409967
-73.9405,40.8141,66.00008891739036,409794
-73.943,40.8163,106.00014280671785,643832
-73.9394,40.8168,146.00019669604535,490960
-73.9585,40.7691,402.0005415877413,309336
-73.957,40.7703,363.000489045647,631033
-73.9593,40.7718,215.00028965513525,78443
-73.9566,40.7705,611.0008231594774,126912
-73.8604,40.839,26.000035028062868,366542
-73.8532,40.8418,11.00001481956506,356212
-73.8623,40.8461,38.000051194861115,393238
-73.8531,40.8453,24.000032333596494,217608
-73.9561,40.6939,130.00017514031435,711096
-73.9529,40.695,125.00016840414841,735345
-73.9532,40.6989,64.00008622292398,300999
-73.95,40.6998,76.00010238972223,542023
-73.9497,40.6819,130.00017514031435,353028
-73.944,40.6836,68.00009161185673,672903
-73.9498,40.6863,91.00012259822003,363143
-73.9451,40.6846,105.00014145948467,342998
-73.9864,40.7626,292.0003933920907,27452
-73.9859,40.763,703.0009471049307,171754
-73.9866,40.7642,284.00038261422515,439205
-73.9848,40.7645,295.0003974337902,631479
-73.9677,40.7632,508.0006843944591,530999
-73.967,40.7638,297.0004001282566,500460
-73.9686,40.7649,387.0005213792435,101537
-73.9666,40.7648,379.000510601378,481081
-73.9994,40.729,730.0009834802266,627
-73.9984,40.7296,176.00023711304095,589277
-73.9998,40.7302,432.0005820047369,125869
-73.9984,40.7297,229.00030851639988,361793
-73.9558,40.7719,510.0006870889255,571208
-73.9532,40.7725,419.0005644907055,32735
-73.9556,40.7749,303.0004082116557,491748
-73.954,40.7747,331.000445934185,400355
-74.0055,40.745,599.0008069926791,453717
-74.0045,40.7438,154.00020747391085,465268
-74.0058,40.7454,681.0009174658005,550237
-74.0033,40.7465,117.00015762628291,214742
-73.9588,40.7203,255.00034354446274,287568
-73.9563,40.7189,201.00027079387064,214726
-73.958,40.7217,678.000913424101,399270
-73.9567,40.7217,416.0005604490059,649847
-73.9602,40.8139,147.00019804327852,495541
-73.9584,40.8153,80.00010777865498,248483
-73.9605,40.818,136.00018322371346,613860
-73.9581,40.8163,24.000032333596494,732734
-73.8642,40.7657,3.0000040416995617,627895
-73.8638,40.7657,4.000005388932749,590225
-73.8643,40.7682,7.000009430632311,487765
-73.9799,40.7671,290.0003906976243,505692
-73.9807,40.7674,312.0004203367544,424704
-73.9793,40.7674,15.000020208497808,631091
-73.949,40.6941,136.00018322371346,687367
-73.944,40.6938,100.00013472331872,720996
-73.9483,40.6999,110.0001481956506,93053
-73.9442,40.6997,40.00005388932749,641771
-73.9956,40.7534,496.00066822766087,251598
-73.9949,40.7538,279.00037587805923,265153
-73.9968,40.7561,219.000295044068,145118
-73.9938,40.755,538.0007248114547,606133
-73.8604,40.7659,1.0000013472331872,293622
-74.0058,40.7109,457.0006156855666,476371
-74.0041,40.7101,100.00013472331872,700091
-74.0046,40.7125,18.00002425019737,476291
-73.9788,40.7137,202.00027214110384,49264
-73.9767,40.7141,71.00009565355629,177191
-73.9799,40.7178,77.00010373695542,570260
-73.9767,40.7181,28.000037722529243,37619
-74.0235,40.7676,20.000026944663745,303084
-74.0161,40.7685,7.000009430632311,641074
-74.0235,40.77,34.000045805928366,641526
-74.0154,40.7735,33.00004445869518,501236
-73.9873,40.7253,289.0003893503911,420187
-73.9849,40.7258,144.00019400157896,554411
-73.9869,40.7275,371.0004998235125,609984
-73.9856,40.7272,697.0009390215315,550729
-73.9428,40.6879,65.00008757015718,572921
-73.9376,40.6892,76.00010238972223,172261
-73.9416,40.6933,185.00024923813965,124790
-73.9385,40.6914,49.000066014426174,618749
-73.9901,40.7599,383.0005159903107,609197
-73.9876,40.76,552.0007436727194,13063
-73.9902,40.7618,323.0004351563195,278444
-73.9883,40.7625,242.00032603043132,29038
-73.9621,40.7954,94.0001266399196,629095
-73.9591,40.7995,27.000036375296055,127973
-73.8732,40.751,16.000021555730996,524137
-73.8683,40.7509,20.000026944663745,739025
-73.8736,40.761,24.000032333596494,692716
-73.8677,40.7585,33.00004445869518,109163
-73.9797,40.7814,752.0010131193568,371766
-73.9783,40.7828,163.0002195990095,392162
-73.9798,40.7836,254.00034219722954,456419
-73.9786,40.7832,319.0004297673867,475010
-73.9615,40.7694,328.0004418924854,540304
-73.9608,40.77,498.00067092212726,1957
-73.9619,40.7707,301.00040551718934,619325
-73.9601,40.7706,357.0004809622478,625892
-74.0021,40.7169,402.0005415877413,492233
-74.0006,40.7166,99.00013337608553,269523
-74.0025,40.7187,578.0007787007822,481816
-74.0007,40.7177,403.0005429349745,680199
-73.9352,40.6843,108.00014550118422,448181
-73.9317,40.6839,104.00014011225147,685750
-73.9358,40.6864,90.00012125098685,288216
-73.9341,40.6851,68.00009161185673,463492
-73.9621,40.767,393.0005294626426,601473
-73.9605,40.7663,336.0004526703509,182285
-73.9622,40.7687,423.0005698796382,541331
-73.9605,40.768,328.0004418924854,505397
-73.886,40.7721,122.00016436244884,264877
-73.9797,40.7355,258.0003475861623,88021
-73.9793,40.7348,244.00032872489768,108093
-73.9805,40.737,389.0005240737098,547842
-73.9796,40.7365,588.0007921731141,313959
-74.0101,40.6718,25.00003368082968,218352
-74.0093,40.6718,3.0000040416995617,528184
-74.0082,40.6733,14.000018861264621,415501
-73.9801,40.6569,79.00010643142178,394662
-73.977,40.6566,51.00006870889255,677903
-73.9778,40.6595,10.000013472331872,706931
-74.0369,40.7645,17.000022902964183,158983
-74.0276,40.765,37.00004984762793,26486
-74.0316,40.7703,10.000013472331872,401574
-74.0294,40.7717,28.000037722529243,391424
-73.8975,40.8148,17.000022902964183,401591
-73.8901,40.817,46.00006197272661,233472
-73.8968,40.8229,11.00001481956506,577865
-73.8914,40.821,17.000022902964183,465422
-73.9798,40.7259,227.0003058219335,688746
-73.9793,40.7251,285.00038396145834,357435
-73.9801,40.7267,526.0007086446565,323447
-73.9793,40.7278,417.0005617962391,596305
-73.9935,40.767,42.000056583793864,157910
-73.9917,40.7663,339.0004567120505,170538
-73.9927,40.7676,347.000467489916,214269
-73.9912,40.7685,723.0009740495943,739932
-73.9526,40.7764,317.00042707292033,267937
-73.9502,40.7753,350.0004715316155,232043
-73.9517,40.7779,534.000719422522,330699
-73.9515,40.7769,245.00033007213088,613890
-73.9351,40.7511,104.00014011225147,668048
-73.9327,40.7526,54.00007275059211,333331
-73.9359,40.7543,126.00016975138159,200342
-73.9337,40.7547,77.00010373695542,498146
-73.956,40.7758,448.0006035604679,666484
-73.9536,40.7755,318.0004284201535,544427
-73.9555,40.7769,365.0004917401133,305713
-73.9536,40.7769,307.0004136005885,282339
-73.9822,40.7114,23.000030986363306,49014
-73.9684,40.7664,475.00063993576396,6798
-73.9659,40.7662,259.0003489333955,368917
-73.968,40.7687,456.0006143383334,730803
-73.9658,40.7679,227.0003058219335,244243
-73.9411,40.8256,115.00015493181652,540550
-73.939,40.8259,72.00009700078948,638336
-73.9418,40.8302,127.00017109861477,486860
-73.9376,40.8288,40.00005388932749,463431
-73.9897,40.7157,266.0003583640278,287127
-73.9882,40.7168,130.00017514031435,629006
-73.9892,40.7185,740.0009969525586,162010
-73.9883,40.7182,273.0003677946601,111799
-73.9436,40.6833,94.0001266399196,303566
-73.9397,40.683,89.00011990375367,290953
-73.941,40.6844,80.00010777865498,427769
-73.9375,40.687,88.00011855652048,398190
-73.9309,40.764,61.00008218122442,423354
-73.9268,40.7626,121.00016301521566,184828
-73.9312,40.7679,87.00011720928728,21940
-73.9263,40.7657,82.00011047312135,304837
-73.9677,40.7538,278.00037453082604,273987
-73.9665,40.7546,258.0003475861623,326866
-73.9681,40.7555,615.0008285484101,699145
-73.9665,40.7556,250.00033680829682,423226
-73.9411,40.7942,113.00015223735016,408384
-73.9381,40.7967,39.0000525420943,502080
-73.9411,40.7984,78.0001050841886,358474
-73.9391,40.8,119.00016032074927,278654
-73.9241,40.7403,114.00015358458334,101994
-73.9217,40.7381,65.00008757015718,593777
-73.9229,40.7414,96.00012933438597,597701
-73.9201,40.7407,74.00009969525586,396601
-73.9373,40.7086,57.00007679229167,57589
-73.9319,40.7079,92.00012394545323,125067
-73.9365,40.7108,135.00018187648027,216638
-73.9331,40.7095,64.00008622292398,157160
-73.9604,40.6576,76.00010238972223,711965
-73.9579,40.6566,91.00012259822003,218359
-73.9609,40.66,150.00020208497807,622286
-73.9587,40.6597,31.000041764228804,693115
-73.9478,40.7902,194.00026136323834,180930
-73.9444,40.7882,38.000051194861115,483140
-73.9491,40.7909,45.000060625493425,428831
-73.9451,40.7927,71.00009565355629,230560
-73.983,40.7721,40.00005388932749,285755
-73.9816,40.7721,481.00064801916307,200663
-73.9841,40.775,299.000402822723,639613
-73.9818,40.7744,571.0007692701499,249316
-73.962,40.7762,385.0005186847771,88095
-73.9598,40.7761,452.00060894940066,686295
-73.9617,40.7776,296.0003987810234,617727
-73.9595,40.7767,254.00034219722954,47663
-74.0079,40.7515,52.000070056125736,210344
-74.008,40.7516,25.00003368082968,110153
-74.0076,40.7516,457.0006156855666,445678
-73.9228,40.8043,14.000018861264621,605123
-73.9128,40.8023,28.000037722529243,319876
-73.9248,40.8075,33.00004445869518,448600
-73.9182,40.8113,11.00001481956506,18689
-73.9409,40.8207,49.000066014426174,445517
-73.9402,40.8188,61.00008218122442,367035
-73.9419,40.8233,113.00015223735016,571617
-73.9405,40.8231,117.00015762628291,582521
-73.9621,40.7734,280.0003772252924,619966
-73.9599,40.7734,335.0004513231177,142832
-73.9616,40.774,422.000568532405,728234
-73.9602,40.7737,321.0004324618531,443447
-74.0346,40.7147,122.00016436244884,451748
-74.0333,40.7148,23.000030986363306,31806
-74.0359,40.7161,70.0000943063231,276177
-74.0341,40.7165,124.00016705691522,541093
-73.8727,40.7741,1136.0015304569006,634261
-73.8728,40.7745,191.00025732153875,273436
-73.872,40.7743,116.00015627904972,305475
-73.8846,40.7647,25.00003368082968,576159
-73.8829,40.7642,4.000005388932749,182103
-73.8814,40.7676,91.00012259822003,360123
-73.9624,40.7631,232.00031255809944,336294
-73.9594,40.7632,290.0003906976243,700586
-73.9615,40.7645,643.0008662709394,29892
-73.9608,40.7649,173.0002330713414,737058
-73.9984,40.709,9.000012125098685,113279
-73.9963,40.7093,8.000010777865498,573267
-73.9996,40.7117,79.00010643142178,258402
-73.9299,40.7592,89.00011990375367,725391
-73.9276,40.7578,109.00014684841742,346028
-73.9292,40.7599,53.00007140335892,144155
-73.9262,40.7607,81.00010912588817,657761
-73.9552,40.7668,220.0002963913012,140687
-73.9536,40.7671,437.0005887409028,42395
-73.9551,40.7673,391.0005267681762,88783
-73.9541,40.7679,273.0003677946601,108199
-73.9959,40.7567,22.00002963913012,298001
-73.9941,40.7564,243.0003273776645,230625
-73.9958,40.7591,286.00038530869153,675378
-73.9941,40.7584,769.0010360223209,697975
-73.9769,40.7753,231.00031121086624,129922
-73.9758,40.7765,265.0003570167946,389509
-73.977,40.7768,511.00068843615867,465539
-73.9761,40.778,313.0004216839876,741815
-73.9499,40.8142,58.00007813952486,551370
-73.9449,40.8137,124.00016705691522,524432
-73.9482,40.8163,39.0000525420943,38667
-73.9447,40.8157,108.00014550118422,577236
-73.9488,40.8274,62.00008352845761,630339
-73.9461,40.8256,105.00014145948467,340328
-73.9496,40.8285,113.00015223735016,626056
-73.9462,40.8304,49.000066014426174,128341
-73.9246,40.6954,89.00011990375367,251922
-73.9204,40.6947,35.00004715316155,174552
-73.9236,40.6989,106.00014280671785,486515
-73.9213,40.6985,99.00013337608553,119736
-73.9559,40.7789,437.0005887409028,87495
-73.9542,40.7782,311.0004189895212,611043
-73.9554,40.7798,326.000439198019,657826
-73.9533,40.7812,235.000316599799,631559
-73.9579,40.7733,431.0005806575037,403438
-73.9563,40.7722,193.00026001600514,436400
-73.9585,40.774,344.0004634482164,103723
-73.9576,40.7746,336.0004526703509,320671
-73.9648,40.7574,170.00022902964184,64057
-73.9638,40.7568,292.0003933920907,89805
-73.9654,40.7579,499.00067226936045,496080
-73.9627,40.7583,331.000445934185,732489
-73.9171,40.7581,101.00013607055192,612573
-73.9129,40.7584,69.00009295908993,168300
-73.9185,40.7595,79.00010643142178,333262
-73.9132,40.7621,74.00009969525586,33681
-73.9346,40.8015,108.00014550118422,615168
-73.9335,40.803,102.0001374177851,354960
-73.9371,40.805,92.00012394545323,620351
-73.9336,40.8044,19.000025597430557,171951
-73.9832,40.7786,304.0004095588889,353250
-73.982,40.7789,449.0006049077011,488129
-73.9832,40.7802,237.00031929426538,561107
-73.9827,40.78,291.0003920448575,334721
-73.9744,40.7443,416.0005604490059,601982
-73.9732,40.7446,370.0004984762793,87564
-73.9748,40.7464,85.00011451482092,140816
-73.9726,40.7463,410.0005523656068,599095
-73.8691,40.7027,20.000026944663745,91953
-73.8631,40.7052,12.000016166798247,510459
-73.8688,40.7082,31.000041764228804,53348
-73.8625,40.7103,17.000022902964183,487705
-73.9602,40.6941,118.0001589735161,58366
-73.9578,40.6944,30.000040416995617,660542
-73.9613,40.6998,54.00007275059211,377887
-73.9586,40.6974,115.00015493181652,662749
-73.9483,40.6715,73.00009834802268,377358
-73.9447,40.6715,56.000075445058485,230506
-73.9481,40.6733,96.00012933438597,493682
-73.9468,40.675,91.00012259822003,58553
-73.9958,40.7293,290.0003906976243,394475
-73.9953,40.7286,378.0005092541448,150481
-73.996,40.731,238.00032064149855,531162
-73.9947,40.7302,357.0004809622478,537083
-73.9799,40.7225,218.00029369683483,616925
-73.9791,40.7219,80.00010777865498,40383
-73.9802,40.7246,452.00060894940066,27170
-73.9788,40.7242,512.0006897833919,692668
-74.0026,40.7445,376.0005065596784,527288
-74.0007,40.7438,222.00029908576755,534064
-74.002,40.7454,323.0004351563195,729046
-74.0002,40.7462,339.0004567120505,721020
-73.9561,40.8206,89.00011990375367,7799
-73.9517,40.8195,54.00007275059211,402059
-73.9544,40.8236,61.00008218122442,388193
-73.9511,40.8242,111.00014954288378,118667
-73.9995,40.744,496.00066822766087,221672
-73.9978,40.7441,358.000482309481,401626
-73.9999,40.7464,201.00027079387064,122102
-73.9981,40.7457,202.00027214110384,88369
-74.012,40.7095,493.0006641859613,726524
-74.0105,40.71,400.0005388932749,287300
-74.0111,40.7111,31.000041764228804,9151
-74.0094,40.7125,332.00044728141813,285917
-73.981,40.7757,316.00042572568714,164053
-73.9795,40.7764,219.000295044068,72654
-73.9808,40.7774,263.00035432232823,107686
-73.9782,40.7772,457.0006156855666,711620
-73.8832,40.8377,11.00001481956506,714166
-73.8792,40.8432,25.00003368082968,170719
-73.8818,40.8446,15.000020208497808,143723
-73.8774,40.8439,27.000036375296055,668620
-73.9422,40.8449,119.00016032074927,285149
-73.9382,40.8454,55.0000740978253,480413
-73.9421,40.8481,16.000021555730996,553743
-73.9404,40.8477,119.00016032074927,672998
-73.9305,40.752,26.000035028062868,326155
-73.9254,40.7521,90.00012125098685,333216
-73.9289,40.7551,84.00011316758773,323293
-73.925,40.7557,109.00014684841742,491663
-74.0019,40.7469,490.00066014426176,430992
-74.0008,40.7479,376.0005065596784,325462
-74.0024,40.75,356.0004796150147,198652
-74.0,40.7485,13.000017514031434,518541
-73.9069,40.8142,27.000036375296055,574409
-73.9044,40.8127,16.000021555730996,419481
-73.9116,40.8225,24.000032333596494,738595
-73.9013,40.8206,10.000013472331872,148042
-73.9961,40.7469,279.00037587805923,491614
-73.9939,40.7471,129.00017379308116,51740
-73.9958,40.7499,243.0003273776645,650009
-73.9951,40.7497,576.0007760063158,622309
-74.0148,40.8067,5.000006736165936,19514
-74.0096,40.8005,9.000012125098685,47886
-74.0185,40.8173,2.0000026944663745,27630
-74.0087,40.8229,3.0000040416995617,348263
-73.9647,40.7689,259.0003489333955,451991
-73.963,40.7694,241.00032468319813,212929
-73.9644,40.7715,359.0004836567142,397470
-73.9637,40.7715,349.0004701843823,246046
-73.9432,40.7894,85.00011451482092,597101
-73.9388,40.7901,18.00002425019737,515081
-73.9418,40.7916,45.000060625493425,494218
-73.9389,40.7913,152.00020477944446,403669
-73.8947,40.6678,24.000032333596494,498648
-73.888,40.6676,14.000018861264621,226980
-73.8986,40.6688,18.00002425019737,96539
-73.8885,40.6729,19.000025597430557,561776
-73.9955,40.7733,4.000005388932749,387880
-73.9904,40.7633,257.0003462389291,520458
-73.9888,40.7636,394.0005308098758,68308
-73.9891,40.7653,63.000084875690796,160453
-73.9879,40.7651,474.00063858853076,439582
-73.9772,40.7325,211.0002842662025,384247
-73.975,40.7313,211.0002842662025,54278
-73.978,40.7334,375.0005052124452,321889
-73.9755,40.7342,389.0005240737098,41288
-73.9927,40.7596,122.00016436244884,641343
-73.9909,40.7608,703.0009471049307,105393
-73.9927,40.7617,171.000230376875,720336
-73.9918,40.7615,176.00023711304095,477838
-73.9354,40.7771,17.000022902964183,640730
-73.9281,40.7752,51.00006870889255,145173
-73.935,40.7853,1.0000013472331872,347415
-73.931,40.783,4.000005388932749,664912
-73.9779,40.7885,303.0004082116557,515511
-73.9762,40.789,354.0004769205483,527624
-73.9769,40.7902,211.0002842662025,627647
-73.9756,40.7894,300.00040416995614,588869
-74.0285,40.7382,141.0001899598794,348309
-74.0278,40.7396,74.00009969525586,460602
-74.0296,40.7415,69.00009295908993,609983
-74.0272,40.7407,7.000009430632311,581928
-73.9552,40.7691,450.00060625493427,134720
-73.9542,40.7701,251.00033815553,542109
-73.9562,40.7717,217.00029234960164,309316
-73.9533,40.7715,243.0003273776645,79132
-73.9656,40.7096,235.000316599799,286457
-73.9634,40.7104,436.00058739366966,421133
-73.9653,40.7112,127.00017109861477,410259
-73.9633,40.7113,359.0004836567142,699618
-73.9584,40.7671,114.00015358458334,476227
-73.9563,40.7671,243.0003273776645,154718
-73.9581,40.768,364.0004903928801,515307
-73.9569,40.7672,430.0005793102705,2337
-73.9905,40.77,140.0001886126462,381466
-73.9879,40.7694,323.0004351563195,604255
-73.99,40.7711,335.0004513231177,465101
-73.9884,40.7711,351.0004728788487,497337
-73.9493,40.7961,142.00019130711257,194968
-73.9448,40.7968,40.00005388932749,455059
-73.949,40.797,66.00008891739036,657606
-73.9441,40.7998,39.0000525420943,409843
-73.99,40.776,470.000633199598,289982
-73.9887,40.7751,116.00015627904972,231431
-73.9896,40.7772,183.00024654367326,205723
-73.9887,40.7779,375.0005052124452,358673
-73.9656,40.7168,288.0003880031579,592742
-73.9625,40.7163,259.0003489333955,32913
-73.9641,40.7181,102.0001374177851,565545
-73.9635,40.7186,493.0006641859613,307687
-73.9843,40.732,387.0005213792435,313837
-73.9823,40.7319,419.0005644907055,431167
-73.9832,40.7342,147.00019804327852,109661
-73.9816,40.7329,188.0002532798392,59319
-73.9831,40.7757,369.0004971290461,309307
-73.9815,40.7752,308.0004149478217,363048
-73.9834,40.7776,156.0002101683772,423581
-73.982,40.7777,303.0004082116557,68627
-74.0061,40.6778,27.000036375296055,657540
-74.0006,40.6754,96.00012933438597,105160
-74.0053,40.6791,47.0000633199598,511272
-74.0023,40.6783,113.00015223735016,591953
-74.0352,40.7192,60.000080833991234,16932
-74.034,40.7191,110.0001481956506,382488
-74.0362,40.7238,111.00014954288378,332048
-74.0329,40.7223,1.0000013472331872,462455
-73.9366,40.6886,91.00012259822003,514846
-73.9332,40.6905,33.00004445869518,125971
-73.9361,40.6909,81.00010912588817,578301
-73.9333,40.6927,76.00010238972223,327053
-73.9486,40.7001,32.00004311146199,627094
-73.9443,40.7027,110.0001481956506,239410
-73.947,40.7035,41.00005523656068,366768
-73.9444,40.705,98.00013202885235,584275
-73.9991,40.7544,416.0005604490059,655332
-73.9977,40.754,239.00032198873174,488564
-73.9996,40.7547,192.00025866877195,554343
-73.9974,40.7547,276.0003718363597,50830
-73.9531,40.7729,427.00057526857097,231234
-73.9507,40.7726,257.0003462389291,59231
-73.9522,40.7746,217.00029234960164,731132
-73.9513,40.7735,221.00029773853439,725412
-73.9244,40.8377,14.000018861264621,386774
-73.9157,40.8386,30.000040416995617,215435
-73.9208,40.847,11.00001481956506,403225
-73.9162,40.8477,15.000020208497808,344305
-73.9647,40.7758,211.0002842662025,618191
-73.9638,40.7755,580.0007813952486,596604
-73.9641,40.7768,12.000016166798247,323539
-73.9634,40.7771,315.000424378454,336998
-73.9804,40.7386,447.0006022132347,646696
-73.9794,40.7384,37.00004984762793,219971
-73.9803,40.7394,301.00040551718934,31469
-73.9796,40.7396,332.00044728141813,64723
-73.9593,40.7163,202.00027214110384,612340
-73.9569,40.7164,219.000295044068,48240
-73.9591,40.7178,279.00037587805923,199503
-73.9576,40.718,416.0005604490059,309768
-73.9103,40.6943,60.000080833991234,79154
-73.9089,40.6945,56.000075445058485,191016
-73.9115,40.6997,65.00008757015718,671154
-73.9064,40.6969,96.00012933438597,197447
-73.9122,40.771,75.00010104248904,4635
-73.9069,40.7711,57.00007679229167,505696
-73.9112,40.7741,48.00006466719299,209276
-73.9089,40.7727,96.00012933438597,490451
-74.0141,40.7032,236.0003179470322,605995
-74.0126,40.7041,263.00035432232823,731123
-74.0143,40.7047,152.00020477944446,591751
-74.0133,40.7051,451.00060760216746,625913
-73.9613,40.6518,54.00007275059211,494602
-73.957,40.6506,65.00008757015718,416031
-73.9619,40.6548,88.00011855652048,189146
-73.9568,40.6559,68.00009161185673,213790
-73.9157,40.702,111.00014954288378,208206
-73.9128,40.7001,64.00008622292398,602927
-73.9183,40.7039,59.00007948675805,699963
-73.913,40.7041,41.00005523656068,729925
-74.0144,40.7078,130.00017514031435,715054
-74.0128,40.7064,348.0004688371491,691824
-74.0149,40.7086,285.00038396145834,481693
-74.0137,40.7093,331.000445934185,18306
-73.9537,40.6654,45.000060625493425,513644
-73.9509,40.6634,97.00013068161917,543529
-73.956,40.6675,73.00009834802268,486952
-73.9524,40.6682,58.00007813952486,492617
-73.9237,40.6901,54.00007275059211,514013
-73.9195,40.6886,72.00009700078948,412177
-73.9248,40.691,73.00009834802268,596914
-73.9213,40.6927,73.00009834802268,308680
-73.9496,40.7528,134.00018052924707,563739
-73.9444,40.7527,55.0000740978253,40295
-73.9487,40.7549,80.00010777865498,522560
-73.9451,40.7554,3.0000040416995617,298702
-73.9407,40.8339,78.0001050841886,58958
-73.9402,40.8341,72.00009700078948,535773
-73.9436,40.8353,69.00009295908993,504840
-73.9403,40.8346,52.000070056125736,448095
-73.9832,40.7356,319.0004297673867,276396
-73.9827,40.7355,208.00028022450294,137224
-73.9843,40.7373,230.00030986363305,380145
-73.9821,40.7375,325.00043785078583,620392
-73.9749,40.742,226.00030447470033,247258
-73.9725,40.7411,22.00002963913012,575057
-73.9743,40.7425,290.0003906976243,193766
-73.9725,40.7434,541.0007288531543,163604
-73.9371,40.7146,110.0001481956506,572719
-73.9339,40.7156,90.00012125098685,573078
-73.9345,40.7168,40.00005388932749,59204
-73.9343,40.7162,29.00003906976243,59138
-73.9831,40.7198,255.00034354446274,181881
-73.9823,40.7189,77.00010373695542,56988
-73.9837,40.7216,453.0006102966338,270863
-73.9816,40.7213,290.0003906976243,195773
-73.9559,40.7203,323.0004351563195,61892
-73.9539,40.7191,276.0003718363597,124529
-73.9558,40.7204,432.0005820047369,27401
-73.9544,40.7204,43.00005793102705,50061
-73.9097,40.8386,10.000013472331872,705559
-73.9004,40.8392,17.000022902964183,623573
-73.9111,40.8447,29.00003906976243,569639
-73.904,40.8486,11.00001481956506,291076
-73.8826,40.7019,18.00002425019737,235076
-73.8764,40.7048,27.000036375296055,269316
-73.886,40.712,3.0000040416995617,129149
-73.8762,40.7106,19.000025597430557,551474
-73.9471,40.8341,20.000026944663745,499035
-73.9452,40.834,40.00005388932749,709438
-73.9481,40.8373,61.00008218122442,567738
-73.9464,40.836,146.00019669604535,56796
-73.9496,40.7719,289.0003893503911,2667
-73.9469,40.772,189.0002546270724,32571
-73.9495,40.7736,372.0005011707457,589437
-73.9476,40.7748,218.00029369683483,583375
-73.9582,40.7787,201.00027079387064,33127
-73.9573,40.7794,241.00032468319813,617451
-73.9581,40.7807,306.0004122533553,144351
-73.9572,40.78,319.0004297673867,383800
-73.9852,40.6591,11.00001481956506,446033
-73.9824,40.6584,36.00004850039474,443342
-73.9848,40.6597,112.00015089011697,477702
-73.9823,40.6621,107.00014415395103,494760
-73.9803,40.7731,202.00027214110384,510364
-73.9791,40.7734,357.0004809622478,448226
-73.98,40.7737,327.0004405452522,304092
-73.9793,40.7742,175.00023576580776,272198
-73.9774,40.7844,248.00033411383043,254576
-73.9763,40.7857,222.00029908576755,172748
-73.9778,40.7872,387.0005213792435,66654
-73.9757,40.7869,200.00026944663745,355033
-73.8603,40.8263,5.000006736165936,522971
-73.8542,40.8312,5.000006736165936,147041
-73.862,40.8352,36.00004850039474,97397
-73.8518,40.8371,20.000026944663745,240377
-73.8583,40.6927,6.000008083399123,488125
-73.8528,40.6901,28.000037722529243,365254
-73.8609,40.6952,14.000018861264621,632033
-73.8512,40.694,18.00002425019737,585147
-73.8833,40.6664,26.000035028062868,320067
-73.8776,40.664,8.000010777865498,452816
-73.8868,40.6696,21.000028291896932,615856
-73.879,40.6747,11.00001481956506,701166
-73.9618,40.7796,401.0005402405081,730948
-73.9603,40.779,236.0003179470322,428418
-73.961,40.7807,136.00018322371346,380298
-73.9603,40.7806,281.0003785725256,475095
-73.9674,40.7693,304.0004095588889,491146
-73.9667,40.7703,235.000316599799,281771
-73.9679,40.7712,243.0003273776645,550503
-73.9657,40.7718,270.00036375296054,418367
-73.9104,40.7764,99.00013337608553,196317
-73.9093,40.7773,95.00012798715278,563600
-73.9107,40.7795,28.000037722529243,55024
-73.9086,40.7794,41.00005523656068,727290
-73.958,40.7762,254.00034219722954,505717
-73.9563,40.7755,283.000381266992,65290
-73.9591,40.7777,228.0003071691667,325641
-73.9573,40.7772,286.00038530869153,617284
-73.9788,40.7941,2.0000026944663745,565726
-73.9763,40.7977,11.00001481956506,340965
-74.0358,40.7251,115.00015493181652,696487
-74.0318,40.727,56.000075445058485,198759
-74.0346,40.7305,25.00003368082968,448423
-74.0319,40.7302,65.00008757015718,526804
-73.953,40.7795,340.0004580592837,422302
-73.9511,40.7784,219.000295044068,309490
-73.9531,40.7802,267.000359711261,600952
-73.9515,40.7811,211.0002842662025,589127
-73.9309,40.684,85.00011451482092,426561
-73.9277,40.6843,63.000084875690796,400642
-73.9307,40.6855,48.00006466719299,627087
-73.9262,40.6861,62.00008352845761,219021
-73.9708,40.7658,249.00033546106363,604593
-73.9697,40.7658,498.00067092212726,196671
-73.9704,40.7675,81.00010912588817,245304
-73.9693,40.7684,202.00027214110384,355179
-73.9493,40.7785,181.0002438492069,102441
-73.9475,40.7787,366.0004930873465,610634
-73.9486,40.78,171.000230376875,175283
-73.9471,40.78,312.0004203367544,351632
-74.008,40.7473,307.0004136005885,229940
-74.0065,40.7479,216.00029100236844,292554
-74.0085,40.7492,173.0002330713414,211324
-74.0064,40.7497,332.00044728141813,13734
-73.9582,40.7405,1.0000013472331872,147093
-73.9597,40.7423,16.000021555730996,344377
-74.0173,40.7072,96.00012933438597,573800
-74.0164,40.7069,516.0006951723246,256767
-74.0177,40.7081,122.00016436244884,62040
-74.0167,40.7093,290.0003906976243,332471
-73.9901,40.7719,240.00032333596494,477547
-73.9883,40.7724,95.00012798715278,439493
-73.9899,40.7747,315.000424378454,5057
-73.989,40.7748,357.0004809622478,309114
-73.9416,40.6759,76.00010238972223,687011
-73.9393,40.6761,55.0000740978253,363833
-73.9424,40.6782,46.00006197272661,379651
-73.9383,40.6794,73.00009834802268,244163
-73.9724,40.8001,3.0000040416995617,227338
-73.9691,40.8036,16.000021555730996,670175
-73.9777,40.7828,160.00021555730996,114698
-73.9757,40.7822,326.000439198019,419030
-73.9766,40.7833,368.0004957818129,368079
-73.9756,40.7838,145.00019534881216,539025
-73.9619,40.7594,286.00038530869153,467833
-73.9602,40.7604,304.0004095588889,498309
-73.9619,40.7613,143.00019265434577,137301
-73.9598,40.7612,263.00035432232823,278833
-73.9986,40.7171,181.0002438492069,122689
-73.9975,40.7169,217.00029234960164,453321
-73.9993,40.7187,305.0004109061221,171468
-73.9978,40.7184,290.0003906976243,739931
-73.8602,40.7032,11.00001481956506,653197
-73.8552,40.7034,4.000005388932749,465731
-73.8596,40.712,23.000030986363306,599609
-73.8525,40.7113,24.000032333596494,683162
-73.8806,40.7699,69.00009295908993,120968
-73.8772,40.771,135.00018187648027,227695
-73.8762,40.773,43.00005793102705,639299
-74.0367,40.7405,62.00008352845761,435985
-74.0323,40.7392,92.00012394545323,579915
-74.0363,40.741,59.00007948675805,486262
-74.0314,40.7419,34.000045805928366,68618
-73.9225,40.7695,64.00008622292398,580725
-73.9211,40.7694,78.0001050841886,526133
-73.9219,40.7727,35.00004715316155,464841
-73.9207,40.7737,69.00009295908993,700328
-73.9232,40.8253,173.0002330713414,500146
-73.9218,40.828,24.000032333596494,603999
-73.9238,40.8294,21.000028291896932,42769
-73.919,40.8303,28.000037722529243,252280
-73.9901,40.7005,36.00004850039474,423173
-73.9888,40.7007,35.00004715316155,299267
-73.9903,40.7025,695.0009363270651,193062
-73.9888,40.7025,211.0002842662025,26277
-73.9227,40.714,26.000035028062868,636990
-73.9139,40.7148,27.000036375296055,289853
-73.9202,40.7239,5.000006736165936,35183
-73.9133,40.7228,3.0000040416995617,488338
-74.0014,40.6876,145.00019534881216,131964
-74.0004,40.6921,98.00013202885235,418230
-73.9617,40.7568,227.0003058219335,500660
-73.9594,40.7578,112.00015089011697,87570
-73.9623,40.758,429.0005779630373,538624
-73.9601,40.7583,202.00027214110384,516857
-73.9678,40.7107,238.00032064149855,707582
-73.9666,40.7106,329.0004432397186,351391
-73.9675,40.7111,171.000230376875,320548
-73.9668,40.7122,229.00030851639988,195290
-74.0157,40.7138,8.000010777865498,341523
-74.0177,40.7147,2.0000026944663745,535505
-73.9613,40.7165,379.000510601378,649062
-73.9605,40.7158,112.00015089011697,629658
-73.962,40.7186,208.00028022450294,498999
-73.9606,40.7173,257.0003462389291,219141
-74.0024,40.7511,581.0007827424818,591692
-74.0001,40.7502,40.00005388932749,566705
-74.0022,40.7518,156.0002101683772,220172
-74.0011,40.7518,178.00023980750734,26562
-73.9652,40.7604,364.0004903928801,685515
-73.9631,40.7601,105.00014145948467,452119
-73.9648,40.7624,231.00031121086624,30155
-73.9634,40.7615,253.00034084999638,283428
-74.0479,40.7269,71.00009565355629,162431
-74.0442,40.7279,74.00009969525586,608992
-74.0492,40.7288,11.00001481956506,507366
-74.044,40.7291,82.00011047312135,291963
-73.978,40.7294,223.00030043300075,160723
-73.9763,40.7288,172.0002317241082,280902
-73.9781,40.7309,146.00019669604535,429405
-73.9756,40.7312,409.0005510183736,412191
-74.0028,40.7606,327.0004405452522,24546
-74.0002,40.7608,21.000028291896932,343570
-74.0021,40.7617,86.0001158620541,427369
-74.0005,40.7621,515.0006938250914,646264
-74.028,40.7358,3.0000040416995617,719121
-73.8973,40.7127,13.000017514031434,201824
-73.8937,40.7184,8.000010777865498,63887
-73.8997,40.7245,14.000018861264621,138362
-73.8925,40.7188,24.000032333596494,511370
-74.0017,40.7564,169.00022768240865,425781
-74.0015,40.7567,547.0007369365534,178617
-74.0031,40.7593,3.0000040416995617,627778
-74.0001,40.7585,223.00030043300075,443816
-73.9651,40.7663,228.0003071691667,246251
-73.9639,40.766,340.0004580592837,523306
-73.9643,40.7678,193.00026001600514,654444
-73.9637,40.768,176.00023711304095,366695
-73.9412,40.6691,85.00011451482092,208540
-73.939,40.6711,54.00007275059211,429920
-73.9417,40.675,61.00008218122442,137210
-73.9401,40.6722,34.000045805928366,415110
-73.9246,40.7525,11.00001481956506,568719
-73.9215,40.7529,8.000010777865498,354860
-73.9248,40.7547,144.00019400157896,538131
-73.9207,40.7545,70.0000943063231,2548
-73.9219,40.682,35.00004715316155,285975
-73.9215,40.6837,33.00004445869518,512730
-73.9241,40.6863,71.00009565355629,311772
-73.9196,40.6853,94.0001266399196,404177
-73.9558,40.764,99.00013337608553,440995
-73.9541,40.7639,66.00008891739036,385878
-73.9555,40.7653,377.0005079069116,451819
-73.9543,40.7654,386.0005200320103,325387
-73.8955,40.6516,9.000012125098685,65408
-73.8903,40.6503,11.00001481956506,695742
-73.8994,40.6575,20.000026944663745,462875
-73.8893,40.6566,17.000022902964183,155856
-73.8736,40.6895,4.000005388932749,667925
-73.8637,40.6879,21.000028291896932,283660
-73.866,40.6964,32.00004311146199,511407
-74.0208,40.7763,16.000021555730996,356222
-74.0132,40.7804,25.00003368082968,506108
-74.023,40.7861,4.000005388932749,3178
-74.0161,40.7839,12.000016166798247,411731
-73.99,40.7671,127.00017109861477,316131
-73.9883,40.7666,316.00042572568714,27750
-73.9899,40.7674,284.00038261422515,379557
-73.989,40.7684,176.00023711304095,682488
-73.9423,40.6962,79.00010643142178,572614
-73.9375,40.6957,48.00006466719299,726640
-73.9418,40.699,10.000013472331872,173589
-73.9379,40.7,88.00011855652048,183353
-73.993,40.7161,98.00013202885235,413631
-73.9913,40.717,207.00027887726975,541226
-73.9934,40.7172,276.0003718363597,168157
-73.9912,40.7175,318.0004284201535,73717
-73.9166,40.7442,61.00008218122442,365555
-73.9145,40.7451,73.00009834802268,271678
-73.9179,40.7476,44.00005927826024,340331
-73.9129,40.7488,46.00006197272661,76710
-73.9306,40.7711,39.0000525420943,679407
-73.9276,40.7714,76.00010238972223,582648
-73.9288,40.7737,38.000051194861115,685568
-73.926,40.7749,71.00009565355629,728021
-73.9529,40.7697,191.00025732153875,51120
-73.9513,40.7694,197.0002654049379,187441
-73.9525,40.7705,169.00022768240865,94019
-73.9506,40.7709,336.0004526703509,449414
-73.9648,40.7535,169.00022768240865,384209
-73.9634,40.7543,98.00013202885235,731317
-73.9646,40.755,312.0004203367544,199675
-73.9634,40.756,313.0004216839876,428818
-73.9619,40.6625,44.00005927826024,707849
-73.9586,40.6635,29.00003906976243,270292
-73.9616,40.6665,99.00013337608553,168153
-73.9577,40.6687,49.000066014426174,62353
-73.8702,40.6646,19.000025597430557,467320
-73.8625,40.6686,7.000009430632311,320338
-73.8743,40.6746,8.000010777865498,176116
-73.8631,40.6707,21.000028291896932,266450
-73.9991,40.6656,34.000045805928366,43745
-73.9943,40.6656,92.00012394545323,638152
-73.9979,40.6676,51.00006870889255,414899
-73.9947,40.6658,43.00005793102705,421479
-74.0149,40.7101,377.0005079069116,634981
-74.0138,40.7094,279.00037587805923,348590
-74.0155,40.7113,212.0002856134357,402797
-74.0125,40.7116,7.000009430632311,56431
-73.956,40.814,14.000018861264621,571995
-73.9519,40.8129,102.0001374177851,277339
-73.9543,40.816,74.00009969525586,395004
-73.9512,40.8185,28.000037722529243,81317
-73.9862,40.692,57.00007679229167,412703
-73.9844,40.6916,450.00060625493427,283973
-73.9862,40.6928,287.00038665592473,666050
-73.9856,40.6923,75.00010104248904,71881
-73.9807,40.7852,271.00036510019373,507286
-73.979,40.7859,190.00025597430556,424788
-73.9808,40.7867,237.00031929426538,526633
-73.9792,40.7871,166.00022364070907,721985
-73.9624,40.7199,306.0004122533553,685607
-73.9596,40.719,279.00037587805923,474063
-73.9611,40.7209,156.0002101683772,424671
-73.9594,40.7205,119.00016032074927,225046
-74.042,40.7398,65.00008757015718,600418
-74.0398,40.7391,95.00012798715278,282941
-74.0427,40.7416,1.0000013472331872,489461
-74.0388,40.7435,54.00007275059211,400129
-73.9737,40.792,214.00028830790205,275266
-73.9728,40.7908,113.00015223735016,517962
-73.9747,40.7926,309.00041629505483,189210
-73.9733,40.7927,222.00029908576755,50435
-73.9437,40.6628,31.000041764228804,135018
-73.939,40.6639,50.00006736165936,285773
-73.9424,40.6676,49.000066014426174,707108
-73.9399,40.6675,84.00011316758773,294322
-73.9489,40.7758,162.00021825177635,212890
-73.9477,40.7753,329.0004432397186,678652
-73.9488,40.7777,230.00030986363305,295183
-73.9481,40.7781,133.0001791820139,155077
-73.917,40.6841,53.00007140335892,300612
-73.9127,40.6824,19.000025597430557,575169
-73.9184,40.6862,56.000075445058485,135940
-73.9126,40.6848,85.00011451482092,173106
-73.8719,40.6753,12.000016166798247,662189
-73.866,40.6806,11.00001481956506,69447
-73.8698,40.6861,10.000013472331872,582257
-73.8625,40.6864,20.000026944663745,210213
-73.8966,40.8268,11.00001481956506,261475
-73.8909,40.8299,8.000010777865498,99630
-73.8982,40.834,7.000009430632311,442012
-73.8929,40.8358,27.000036375296055,81012
-73.9103,40.7642,78.0001050841886,547279
-73.9093,40.7656,37.00004984762793,657928
-73.9115,40.7667,49.000066014426174,217951
-73.9085,40.7677,48.00006466719299,205449
-73.9988,40.7573,119.00016032074927,246574
-73.9981,40.7575,628.0008460624416,664970
-73.9997,40.759,88.00011855652048,675726
-73.9981,40.7589,12.000016166798247,287908
-73.9862,40.7699,150.00020208497807,583722
-73.9856,40.769,383.0005159903107,119276
-73.9873,40.7711,159.00021421007676,120956
-73.9858,40.7704,154.00020747391085,541618
-73.9779,40.7789,261.00035162786185,6824
-73.976,40.779,111.00014954288378,389172
-73.9772,40.7797,164.0002209462427,735658
-73.9763,40.7808,308.0004149478217,73227
-73.9305,40.6904,47.0000633199598,245517
-73.9252,40.6876,41.00005523656068,541419
-73.929,40.6917,62.00008352845761,412757
-73.9272,40.6934,60.000080833991234,705554
-73.922,40.7458,95.00012798715278,293215
-73.9201,40.7458,95.00012798715278,679314
-73.9226,40.7469,7.000009430632311,660154
-73.9214,40.7486,13.000017514031434,621984
-73.9712,40.7852,201.00027079387064,8761
-73.9693,40.7857,233.00031390533263,579030
-73.971,40.7861,221.00029773853439,715067
-73.9697,40.7872,180.0002425019737,669837
-73.9587,40.7126,223.00030043300075,530101
-73.9576,40.7131,263.00035432232823,223513
-73.959,40.7147,126.00016975138159,571893
-73.9568,40.7147,221.00029773853439,642847
-73.9115,40.8255,7.000009430632311,122592
-73.9033,40.8286,9.000012125098685,708599
-73.9093,40.8347,21.000028291896932,225653
-73.9048,40.8364,15.000020208497808,452814
-73.8605,40.6753,19.000025597430557,647145
-73.8549,40.6804,10.000013472331872,623175
-73.8566,40.6821,18.00002425019737,710679
-73.8553,40.6853,5.000006736165936,633562
-74.0471,40.7784,1.0000013472331872,112235
-74.0425,40.7765,1.0000013472331872,55413
-74.0446,40.7846,28.000037722529243,11938
-74.0422,40.7864,22.00002963913012,544072
-74.0179,40.7096,259.0003489333955,11899
-74.0163,40.7102,199.00026809940425,489336
-74.0173,40.7116,38.000051194861115,467062
-74.0159,40.7116,332.00044728141813,204400
-73.9924,40.7139,191.00025732153875,282725
-73.9912,40.714,94.0001266399196,283203
-73.9928,40.7144,178.00023980750734,493170
-73.9911,40.7147,359.0004836567142,699331
-73.9294,40.7075,134.00018052924707,334996
-73.9271,40.7074,65.00008757015718,716753
-73.9283,40.7104,5.000006736165936,183629
-73.9279,40.7096,1.0000013472331872,650447
-74.0171,40.7046,4.000005388932749,706578
-74.0172,40.7054,276.0003718363597,51508
-74.0165,40.7053,539.0007261586879,256177
-73.946,40.773,332.00044728141813,329917
-73.945,40.7734,126.00016975138159,333979
-73.9468,40.775,261.00035162786185,154356
-73.9448,40.7749,99.00013337608553,665637
-73.9432,40.7837,4.000005388932749,448163
-73.9424,40.7863,175.00023576580776,113356
-73.9405,40.7866,25.00003368082968,607504
-73.9184,40.6884,86.0001158620541,26626
-73.9132,40.6889,51.00006870889255,514877
-73.9171,40.6922,17.000022902964183,630549
-73.9135,40.6911,49.000066014426174,535406
-73.916,40.7766,32.00004311146199,300900
-73.915,40.7759,75.00010104248904,218405
-73.9175,40.7799,45.000060625493425,692447
-73.915,40.7792,51.00006870889255,18531
-73.9505,40.7953,26.000035028062868,585192
-73.9537,40.7995,78.0001050841886,522784
-73.9521,40.798,98.00013202885235,177716
-74.0289,40.7439,42.000056583793864,118892
-74.027,40.7467,7.000009430632311,429992
-74.0312,40.7491,85.00011451482092,569415
-74.0271,40.7495,68.00009161185673,526134
-73.9355,40.765,12.000016166798247,168127
-73.9336,40.7627,32.00004311146199,173355
-73.9373,40.7681,105.00014145948467,99430
-73.9314,40.7664,52.000070056125736,580137
-73.9659,40.784,1.0000013472331872,589773
-73.9641,40.7832,3.0000040416995617,389833
-73.9686,40.7863,192.00025866877195,522256
-73.9113,40.8042,30.000040416995617,460415
-73.9067,40.8117,11.00001481956506,715988
-73.9034,40.8116,8.000010777865498,604646
-73.9554,40.6568,51.00006870889255,618120
-73.951,40.6578,30.000040416995617,617197
-73.9547,40.66,58.00007813952486,708520
-73.9522,40.6614,57.00007679229167,287357
-74.0433,40.7128,58.00007813952486,347106
-74.0381,40.7139,59.00007948675805,135239
-74.0426,40.7167,31.000041764228804,649926
-74.0388,40.7182,47.0000633199598,438745
-73.9744,40.7697,5.000006736165936,409571
-73.9691,40.7696,183.00024654367326,478528
-73.9725,40.7731,4.000005388932749,737527
-73.9697,40.7727,2.0000026944663745,613703
-73.9812,40.7325,264.00035566956143,377964
-73.9794,40.7326,32.00004311146199,419682
-73.9812,40.7332,388.0005227264767,635449
-73.9783,40.7343,92.00012394545323,646670
-73.9736,40.7828,18.00002425019737,3142
-73.972,40.7822,227.0003058219335,435781
-73.9739,40.783,362.0004876984138,630273
-73.9725,40.7834,163.0002195990095,722311
-73.9811,40.7701,439.0005914353692,335680
-73.9792,40.77,1.0000013472331872,656441
-73.9807,40.7707,274.0003691418933,31681
-73.9794,40.7713,54.00007275059211,612027
-73.9976,40.6702,4.000005388932749,655086
-73.9961,40.6696,32.00004311146199,504753
-73.9989,40.6721,91.00012259822003,228451
-73.9957,40.6721,64.00008622292398,558655
-74.0022,40.7076,277.00037318359284,561752
-74.0015,40.7073,73.00009834802268,657888
-74.0022,40.709,238.00032064149855,471440
-74.0012,40.7081,174.00023441857456,700582
-74.0363,40.745,43.00005793102705,677097
-74.0324,40.7449,45.000060625493425,526175
-74.0358,40.7497,57.00007679229167,707805
-74.0319,40.7498,42.000056583793864,350152
-73.9582,40.7631,192.00025866877195,616927
-73.9566,40.763,139.00018726541302,67501
-73.9591,40.7643,289.0003893503911,607027
-73.9564,40.7656,126.00016975138159,393766
-73.9803,40.779,178.00023980750734,61851
-73.9782,40.7782,147.00019804327852,728463
-73.9804,40.7797,286.00038530869153,25954
-73.9788,40.7807,135.00018187648027,263962
-73.9523,40.7817,236.0003179470322,106261
-73.9511,40.7824,112.00015089011697,240881
-73.9521,40.784,212.0002856134357,236434
-73.9501,40.7838,184.00024789090645,603993
-73.981,40.7886,200.00026944663745,728055
-73.9795,40.7878,256.00034489169593,253794
-73.9797,40.7896,96.00012933438597,257533
-73.9791,40.7904,189.0002546270724,434399
-73.9616,40.7139,222.00029908576755,289830
-73.9595,40.713,147.00019804327852,550499
-73.9612,40.7145,207.00027887726975,428481
-73.9595,40.7152,164.0002209462427,408630
-74.043,40.7201,146.00019669604535,501958
-74.0396,40.7209,19.000025597430557,220591
-74.0425,40.7236,8.000010777865498,424148
-74.0382,40.7248,12.000016166798247,177063
-74.0055,40.7396,358.000482309481,224761
-74.0054,40.7398,109.00014684841742,726893
-74.0059,40.7403,2051.002763175267,46863
-74.0053,40.7403,439.0005914353692,648376
-73.9937,40.7633,251.00033815553,108945
-73.9907,40.7626,159.00021421007676,621027
-73.9937,40.7647,104.00014011225147,158558
-73.9916,40.7651,222.00029908576755,663381
-73.9078,40.6675,16.000021555730996,212589
-73.9054,40.6662,11.00001481956506,156980
-73.9065,40.6724,14.000018861264621,263438
-73.906,40.6702,5.000006736165936,619995
-73.8851,40.6541,16.000021555730996,294230
-73.8751,40.6523,3.0000040416995617,530461
-73.8852,40.6613,18.00002425019737,359097
-73.8781,40.6605,9.000012125098685,64897
-73.9991,40.7138,88.00011855652048,426277
-73.9979,40.7138,133.0001791820139,144207
-73.9999,40.7144,201.00027079387064,603193
-73.9981,40.7145,314.0004230312208,328809
-73.9654,40.7138,147.00019804327852,125830
-73.963,40.7136,163.0002195990095,239786
-73.9649,40.7147,260.0003502806287,475841
-73.9634,40.7142,160.00021555730996,200175
-73.9989,40.7507,55.0000740978253,56563
-73.9977,40.7509,341.0004594065168,527038
-73.9994,40.752,216.00029100236844,61186
-73.9969,40.7527,115.00015493181652,292429
-73.9775,40.7421,140.0001886126462,368620
-73.9765,40.7409,244.00032872489768,469386
-73.9778,40.7431,277.00037318359284,93851
-73.9753,40.7436,66.00008891739036,64634
-73.9741,40.7883,230.00030986363305,137286
-73.9723,40.7876,105.00014145948467,322202
-73.9749,40.7902,246.00033141936404,483540
-73.9734,40.7904,146.00019669604535,507054
-73.9904,40.7134,223.00030043300075,344516
-73.988,40.713,44.00005927826024,269601
-73.9897,40.7156,354.0004769205483,162212
-73.9883,40.7141,105.00014145948467,721014
-73.9749,40.7251,12.000016166798247,571924
-73.9716,40.728,2.0000026944663745,176848
-73.9748,40.7299,164.0002209462427,666391
-73.9718,40.7285,3.0000040416995617,416255
-74.0345,40.7509,30.000040416995617,394135
-74.0317,40.7507,51.00006870889255,387556
-74.0366,40.7548,3.0000040416995617,372455
-74.0328,40.7533,97.00013068161917,617092
-73.8973,40.6934,6.000008083399123,552112
-73.8913,40.6885,1.0000013472331872,82817
-73.8988,40.6983,22.00002963913012,162866
-73.8912,40.6958,16.000021555730996,503788
-73.9957,40.7165,144.00019400157896,730326
-73.9947,40.7165,134.00018052924707,253983
-73.9954,40.7173,186.00025058537284,262962
-73.9952,40.7177,256.00034489169593,503828
-73.9869,40.7015,43.00005793102705,563316
-73.985,40.7015,13.000017514031434,57555
-73.9867,40.7025,421.0005671851718,352245
-73.9851,40.703,239.00032198873174,240745
-73.9462,40.7755,190.00025597430556,180255
-73.945,40.7751,195.0002627104715,154316
-73.9459,40.7778,246.00033141936404,23269
-73.9443,40.7781,84.00011316758773,450089
-73.9037,40.7712,29.00003906976243,101359
-73.903,40.7708,57.00007679229167,558565
-73.9034,40.774,56.000075445058485,333928
-73.9022,40.7735,36.00004850039474,666289
-73.9591,40.7813,209.00028157173614,526420
-73.9572,40.7824,196.0002640577047,65228
-73.9579,40.7831,109.00014684841742,476712
-73.9576,40.7836,194.00026136323834,280559
-73.958,40.7219,344.0004634482164,224882
-73.9574,40.7222,266.0003583640278,152204
-73.9582,40.7236,4.000005388932749,18543
-73.9569,40.7236,91.00012259822003,194311
-74.0445,40.7892,19.000025597430557,65782
-74.0431,40.7877,25.00003368082968,141149
-73.9476,40.7651,62.00008352845761,38044
-73.9465,40.7654,2.0000026944663745,642110
-73.9499,40.7687,81.00010912588817,323846
-73.9462,40.766,31.000041764228804,12431
-73.9738,40.7845,50.00006736165936,351158
-73.9723,40.7857,255.00034354446274,26139
-73.9744,40.7874,127.00017109861477,672063
-73.9724,40.7866,271.00036510019373,733122
-73.9673,40.772,179.0002411547405,518462
-73.967,40.7726,408.0005496711404,423601
-73.9658,40.7736,109.00014684841742,382079
-73.9562,40.7819,242.00032603043132,96721
-73.9538,40.7824,151.00020343221126,203068
-73.9556,40.7831,171.000230376875,679403
-73.9545,40.784,129.00017379308116,301043
-73.9776,40.7921,157.0002115156104,378252
-73.9761,40.7913,237.00031929426538,19912
-73.9777,40.7922,57.00007679229167,97561
-73.9751,40.7923,240.00032333596494,47627
-73.956,40.7847,230.00030986363305,200588
-73.9546,40.7858,226.00030447470033,702785
-73.9552,40.786,103.00013876501828,355814
-73.9532,40.7869,129.00017379308116,245478
-74.006,40.6507,52.000070056125736,556724
-74.0025,40.6524,17.000022902964183,85111
-74.0046,40.6545,80.00010777865498,293849
-74.002,40.6555,22.00002963913012,222563
-73.9982,40.6588,22.00002963913012,584509
-73.9947,40.6579,15.000020208497808,246676
-73.9982,40.6624,58.00007813952486,102979
-73.9968,40.6599,75.00010104248904,450840
-73.9115,40.6894,30.000040416995617,601540
-73.9064,40.6899,50.00006736165936,584211
-73.91,40.6923,47.0000633199598,490265
-73.9084,40.6916,43.00005793102705,138049
-73.9873,40.7791,109.00014684841742,710088
-73.985,40.7789,253.00034084999638,728325
-73.9865,40.7798,124.00016705691522,26867
-73.9855,40.7802,191.00025732153875,139671
-74.0099,40.7348,581.0007827424818,461028
-74.0097,40.7374,94.0001266399196,555562
-73.9464,40.7789,136.00018322371346,596675
-73.9445,40.7794,179.0002411547405,371214
-73.9461,40.7804,279.00037587805923,309109
-73.9444,40.78,80.00010777865498,71500
-74.048,40.7203,33.00004445869518,402543
-74.0464,40.7217,56.000075445058485,124672
-74.0475,40.7229,56.000075445058485,353518
-74.044,40.7237,23.000030986363306,683348
-73.8707,40.8296,13.000017514031434,281764
-73.8685,40.8289,8.000010777865498,181455
-73.8712,40.8323,8.000010777865498,601998
-73.8652,40.8357,13.000017514031434,57107
-73.9943,40.804,9.000012125098685,317989
-73.9911,40.8036,9.000012125098685,534383
-73.9995,40.8097,3.0000040416995617,585914
-73.9905,40.8111,21.000028291896932,588838
-73.9829,40.7819,112.00015089011697,154547
-73.9818,40.7822,209.00028157173614,671886
-73.9829,40.7842,165.0002222934759,654778
-73.9815,40.7842,184.00024789090645,631677
-73.9927,40.7689,136.00018322371346,421650
-73.9919,40.7696,220.0002963913012,161421
-73.9924,40.7707,35.00004715316155,435958
-73.9919,40.7707,278.00037453082604,209708
-73.9537,40.6506,36.00004850039474,293159
-73.9527,40.653,40.00005388932749,66177
-73.9554,40.6559,75.00010104248904,423350
-73.95,40.6559,16.000021555730996,187250
-73.9555,40.7165,141.0001899598794,488334
-73.9542,40.7167,69.00009295908993,78842
-73.9554,40.7181,284.00038261422515,545529
-73.9538,40.7181,173.0002330713414,452470
-73.9488,40.7815,196.0002640577047,495623
-73.9484,40.7824,228.0003071691667,374373
-73.9487,40.7831,110.0001481956506,113328
-73.9484,40.7841,132.00017783478071,411810
-73.959,40.7287,153.00020612667765,41683
-73.9574,40.729,104.00014011225147,500633
-73.9586,40.7306,213.0002869606689,108584
-73.9576,40.7297,191.00025732153875,702807
-73.9122,40.759,42.000056583793864,558339
-73.9088,40.7576,16.000021555730996,101470
-73.9118,40.761,58.00007813952486,136500
-73.9093,40.7612,49.000066014426174,322143
-73.8859,40.753,37.00004984762793,114348
-73.8818,40.7514,34.000045805928366,54894
-73.8872,40.7546,39.0000525420943,551246
-73.8824,40.7547,55.0000740978253,703928
-73.9371,40.8126,81.00010912588817,161582
-73.9315,40.8143,9.000012125098685,191551
-73.935,40.8166,74.00009969525586,282427
-73.9306,40.8083,86.0001158620541,693070
-73.9264,40.8064,21.000028291896932,694153
-73.9302,40.8122,39.0000525420943,709349
-73.9268,40.8107,16.000021555730996,241539
-73.9833,40.6952,247.00033276659724,237085
-73.9824,40.6948,39.0000525420943,508418
-73.9832,40.6966,346.0004661426828,627227
-73.9824,40.696,15.000020208497808,190792
-73.9781,40.7252,291.0003920448575,595322
-73.9764,40.7254,98.00013202885235,617943
-73.9766,40.7267,246.00033141936404,476849
-73.9765,40.7272,11.00001481956506,321030
-73.9374,40.7398,11.00001481956506,725345
-73.9326,40.7388,5.000006736165936,559186
-73.9353,40.743,50.00006736165936,584482
-73.9323,40.7418,95.00012798715278,369755
-73.9496,40.7702,81.00010912588817,611448
-73.9481,40.7703,15.000020208497808,698918
-73.9487,40.7713,300.00040416995614,69468
-73.9482,40.7704,246.00033141936404,84087
-73.8653,40.777,1.0000013472331872,541566
-73.8568,40.7839,5.000006736165936,461752
-73.8511,40.791,4.000005388932749,64391
-73.8962,40.6788,16.000021555730996,92951
-73.8893,40.676,19.000025597430557,676560
-73.8899,40.6863,5.000006736165936,318967
-73.9516,40.7167,128.00017244584797,249825
-73.9503,40.7169,114.00015358458334,70344
-73.9524,40.7184,281.0003785725256,340526
-73.9507,40.7172,117.00015762628291,108824
-74.003,40.7545,11.00001481956506,669910
-74.0,40.7535,48.00006466719299,250047
-74.0016,40.7556,384.0005173375439,334533
-74.0009,40.7553,191.00025732153875,239465
-73.9469,40.6628,27.000036375296055,616251
-73.9464,40.6635,54.00007275059211,712864
-73.9477,40.6679,49.000066014426174,11382
-73.9442,40.666,28.000037722529243,680468
-73.9809,40.6517,24.000032333596494,274584
-73.9759,40.652,46.00006197272661,260961
-73.9803,40.6539,30.000040416995617,491539
-73.9752,40.6539,58.00007813952486,219117
-73.9711,40.7482,166.00022364070907,41604
-73.9703,40.748,7.000009430632311,350974
-73.9707,40.749,277.00037318359284,377554
-73.9703,40.7489,180.0002425019737,105574
-73.8606,40.6672,6.000008083399123,274263
-73.8561,40.6663,13.000017514031434,291629
-73.86,40.6698,13.000017514031434,480345
-73.8511,40.6742,7.000009430632311,705100
-74.0094,40.6564,1.0000013472331872,577515
-74.0076,40.6573,153.00020612667765,546718
-74.0109,40.6611,1.0000013472331872,415008
-73.8728,40.8412,20.000026944663745,542190
-73.8639,40.8395,12.000016166798247,344203
-73.8688,40.8485,2.0000026944663745,584820
-73.8639,40.8444,4.000005388932749,174051
-73.9519,40.7132,235.000316599799,725491
-73.9507,40.714,88.00011855652048,391149
-73.9518,40.715,185.00024923813965,112992
-73.9511,40.7146,100.00013472331872,182532
-73.9516,40.7663,412.0005550600731,487340
-73.9513,40.7666,26.000035028062868,678319
-73.9529,40.7681,130.00017514031435,466981
-73.9515,40.7687,38.000051194861115,678866
-74.0138,40.7013,7.000009430632311,260106
-74.0145,40.7031,140.0001886126462,275098
-74.013,40.7024,457.0006156855666,653653
-73.9525,40.7846,87.00011720928728,23406
-73.9501,40.7854,136.00018322371346,655511
-73.9519,40.7863,192.00025866877195,660767
-73.9507,40.7861,187.000251932606,291826
-73.9946,40.7504,891.0012003847698,178632
-73.9945,40.7503,397.0005348515753,114254
-73.9946,40.7508,9.000012125098685,387709
-73.9939,40.7513,1093.0014725258736,359378
-73.9107,40.6826,30.000040416995617,510089
-73.9073,40.6843,43.00005793102705,504726
-73.9096,40.687,34.000045805928366,408099
-73.9063,40.6873,41.00005523656068,741132
-73.9527,40.7231,126.00016975138159,386056
-73.9505,40.723,95.00012798715278,397274
-73.9519,40.7241,99.00013337608553,596408
-73.9513,40.7245,271.00036510019373,208892
-73.9802,40.6957,17.000022902964183,200042
-73.9776,40.6943,11.00001481956506,46946
-73.9804,40.6997,43.00005793102705,530719
-73.9774,40.6982,76.00010238972223,177745
-73.9931,40.6879,87.00011720928728,303422
-73.992,40.689,97.00013068161917,710946
-73.9931,40.6899,260.0003502806287,328071
-73.992,40.6891,141.0001899598794,188162
-74.0117,40.7015,16.000021555730996,582048
-74.0109,40.7014,1.0000013472331872,85226
-74.011,40.7031,472.0006358940644,703481
-74.0109,40.7016,96.00012933438597,94082
-73.9997,40.7629,94.0001266399196,604576
-73.9978,40.764,299.000402822723,486256
-73.9988,40.7643,86.0001158620541,432486
-73.9979,40.7655,103.00013876501828,631661
-73.9896,40.6914,204.0002748355702,340810
-73.9877,40.6909,40.00005388932749,711958
-73.9904,40.6936,94.0001266399196,455364
-73.9889,40.6924,244.00032872489768,502307
-73.9761,40.7554,300.00040416995614,243816
-73.9756,40.7553,727.0009794385271,76067
-73.9762,40.7561,460.0006197272661,600466
-73.9751,40.7555,834.0011235924782,599215
-73.9309,40.7389,45.000060625493425,5006
-73.9252,40.7391,52.000070056125736,221657
-73.9285,40.7413,12.000016166798247,191738
-73.9256,40.7423,36.00004850039474,603855
-73.893,40.7467,34.000045805928366,546135
-73.8906,40.7464,29.00003906976243,98087
-73.8926,40.7482,55.0000740978253,216686
-73.89,40.7497,27.000036375296055,108708
-73.9524,40.7097,71.00009565355629,109774
-73.951,40.7103,96.00012933438597,679212
-73.9526,40.7124,194.00026136323834,255938
-73.9514,40.7124,216.00029100236844,345323
-73.8981,40.8411,7.000009430632311,176908
-73.8878,40.8403,16.000021555730996,538758
-73.8971,40.8452,6.000008083399123,694752
-73.8929,40.8474,7.000009430632311,569203
-73.8849,40.8311,10.000013472331872,554587
-73.88,40.8283,12.000016166798247,659122
-73.8851,40.8367,11.00001481956506,731387
-73.8763,40.8332,3.0000040416995617,408190
-73.9223,40.7773,63.000084875690796,569887
-73.9193,40.7751,45.000060625493425,488321
-73.922,40.7806,4.000005388932749,19020
-73.919,40.7787,32.00004311146199,346035
-73.9927,40.701,62.00008352845761,731023
-73.9911,40.7002,64.00008622292398,149107
-73.9933,40.7024,194.00026136323834,633340
-73.9907,40.7027,251.00033815553,453763
-73.959,40.744,48.00006466719299,217621
-73.957,40.7452,244.00032872489768,102877
-73.9579,40.7455,1.0000013472331872,671358
-73.9568,40.7463,278.00037453082604,171137
-73.9918,40.7092,3.0000040416995617,197214
-73.9903,40.707,1.0000013472331872,390020
-73.9936,40.7117,62.00008352845761,164772
-73.9878,40.7104,76.00010238972223,96091
-73.9497,40.6508,29.00003906976243,116872
-73.9445,40.653,11.00001481956506,718396
-73.9488,40.6542,37.00004984762793,500396
-73.9443,40.6545,65.00008757015718,208388
-73.9713,40.7969,177.00023846027415,128902
-73.9701,40.7971,152.00020477944446,437578
-73.9711,40.7994,116.00015627904972,72758
-73.9701,40.7996,122.00016436244884,741673
-74.0047,40.7126,35.00004715316155,342136
-74.0042,40.713,134.00018052924707,320828
-74.0051,40.7154,313.0004216839876,651730
-74.0033,40.7148,81.00010912588817,638322
-73.977,40.7658,432.0005820047369,384213
-73.9764,40.7658,123.00016570968202,502900
-73.9759,40.7683,7.000009430632311,35432
-73.9838,40.7554,975.0013135523576,131255
-73.9831,40.7554,229.00030851639988,206902
-73.9843,40.7557,453.0006102966338,304813
-73.9834,40.7558,576.0007760063158,713947
-73.9181,40.6941,11.00001481956506,344096
-73.9138,40.6955,18.00002425019737,3247
-73.9159,40.6993,48.00006466719299,595569
-73.9153,40.7,62.00008352845761,558759
-73.9687,40.7502,61.00008218122442,246683
-73.9661,40.7509,3.0000040416995617,369480
-73.9681,40.7529,367.0004944345797,519579
-73.9659,40.753,122.00016436244884,44093
-73.9658,40.6525,16.000021555730996,665625
-73.965,40.6528,90.00012125098685,96601
-73.9636,40.6533,32.00004311146199,227189
-73.917,40.7524,3.0000040416995617,703084
-73.9127,40.7523,30.000040416995617,673931
-73.9181,40.7562,62.00008352845761,498913
-73.9138,40.7559,43.00005793102705,592409
-73.9124,40.7464,30.000040416995617,428276
-73.9071,40.7442,24.000032333596494,309861
-73.9109,40.7479,73.00009834802268,616870
-73.9068,40.7483,11.00001481956506,344154
-73.9536,40.8252,13.000017514031434,268989
-73.9516,40.826,110.0001481956506,717975
-73.9514,40.831,15.000020208497808,669494
-73.9732,40.7583,497.00066957489406,308383
-73.9721,40.7584,283.000381266992,348396
-73.9729,40.7587,763.0010279389219,274155
-73.9726,40.7586,651.0008770488049,235583
-73.974,40.7942,97.00013068161917,318922
-73.9725,40.7939,172.0002317241082,361914
-73.9735,40.7954,95.00012798715278,233765
-73.9723,40.7967,180.0002425019737,498733
-73.9868,40.6879,141.0001899598794,657155
-73.9859,40.6889,221.00029773853439,276118
-73.9874,40.6895,94.0001266399196,217864
-73.9859,40.6895,86.0001158620541,511548
-73.9331,40.7042,86.0001158620541,250321
-73.9328,40.7034,29.00003906976243,497214
-73.9334,40.7058,354.0004769205483,134503
-73.9327,40.7055,72.00009700078948,376496
-73.9581,40.7106,135.00018187648027,685644
-73.9565,40.7107,52.000070056125736,502560
-73.9584,40.712,93.00012529268642,223904
-73.9573,40.7114,253.00034084999638,485788
-73.9494,40.7403,29.00003906976243,467122
-73.9463,40.7397,52.000070056125736,204540
-73.9495,40.7426,42.000056583793864,415150
-73.9468,40.7421,10.000013472331872,279705
-73.9891,40.7782,3.0000040416995617,130048
-73.9884,40.7784,461.0006210744993,513529
-73.9878,40.7799,66.00008891739036,558631
-74.046,40.7555,10.000013472331872,27213
-74.0384,40.7531,19.000025597430557,702306
-74.0478,40.7565,1.0000013472331872,401918
-74.0407,40.7563,3.0000040416995617,143324
-73.886,40.6796,7.000009430632311,489570
-73.8764,40.6758,10.000013472331872,348763
-73.8825,40.6831,6.000008083399123,145026
-73.8767,40.6829,10.000013472331872,58821
-73.9623,40.71,167.00022498794226,168023
-73.9595,40.7104,36.00004850039474,536898
-73.9613,40.7114,200.00026944663745,516992
-73.9595,40.7117,125.00016840414841,315183
-73.9364,40.7363,112.00015089011697,498795
-73.9324,40.7365,19.000025597430557,566370
-73.9768,40.6815,104.00014011225147,515737
-73.9761,40.6823,49.000066014426174,385170
-73.9772,40.6832,155.000208821144,168162
-73.9755,40.6834,215.00028965513525,473102
-73.9494,40.7138,186.00025058537284,39128
-73.9476,40.7128,56.000075445058485,588683
-73.9486,40.7142,181.0002438492069,458574
-73.9479,40.7146,99.00013337608553,55865
-73.9487,40.71,169.00022768240865,438782
-73.9478,40.7098,77.00010373695542,207670
-73.9488,40.7112,133.0001791820139,687710
-73.9477,40.7113,135.00018187648027,482284
-74.0024,40.8268,2.0000026944663745,404700
-74.0218,40.8464,6.000008083399123,146268
-73.8986,40.7791,7.000009430632311,288019
-73.8836,40.7755,1.0000013472331872,559546
-74.0434,40.7277,34.000045805928366,405488
-74.0388,40.7263,18.00002425019737,4922
-74.0423,40.729,65.00008757015718,334559
-74.0376,40.7298,11.00001481956506,51603
-73.9794,40.72,62.00008352845761,398411
-73.9797,40.7213,287.00038665592473,728550
-73.9786,40.7207,162.00021825177635,435401
-73.956,40.7139,159.00021421007676,625651
-73.9546,40.714,20.000026944663745,168116
-73.956,40.7155,245.00033007213088,736644
-73.9541,40.7146,86.0001158620541,393424
-73.9768,40.7231,147.00019804327852,474131
-73.9764,40.7234,85.00011451482092,286146
-73.9779,40.7237,147.00019804327852,46642
-73.9755,40.7246,120.00016166798247,225906
-74.0115,40.6531,9.000012125098685,62547
-74.0081,40.6509,18.00002425019737,179276
-74.0104,40.6551,15.000020208497808,577451
-74.0074,40.6561,82.00011047312135,504081
-73.996,40.7937,13.000017514031434,548394
-73.9941,40.7949,18.00002425019737,410117
-74.0107,40.7895,6.000008083399123,365080
-74.0022,40.7891,19.000025597430557,448552
-74.01,40.7975,5.000006736165936,338336
-74.0047,40.7941,1.0000013472331872,399752
-74.0426,40.7328,15.000020208497808,384597
-74.04,40.7315,15.000020208497808,22938
-74.0416,40.7371,22.00002963913012,288276
-74.0404,40.736,72.00009700078948,47777
-73.8861,40.8167,10.000013472331872,643540
-73.8829,40.8236,12.000016166798247,675541
-73.88,40.8207,9.000012125098685,360506
-73.9581,40.7604,209.00028157173614,571314
-73.9578,40.7604,39.0000525420943,636571
-73.959,40.7617,138.00018591817985,425268
-73.9578,40.7611,107.00014415395103,220753
-73.9364,40.6625,54.00007275059211,528836
-73.9341,40.6654,30.000040416995617,487362
-73.9357,40.6673,23.000030986363306,218758
-73.9321,40.6671,16.000021555730996,5716
-73.9348,40.8439,22.00002963913012,410700
-73.934,40.8453,16.000021555730996,706406
-73.9369,40.8492,53.00007140335892,193995
-73.9338,40.8471,32.00004311146199,603672
-73.9932,40.7731,9.000012125098685,661280
-73.9909,40.7719,5.000006736165936,480616
-73.9929,40.7735,4.000005388932749,265107
-73.9908,40.775,473.00063724129757,408948
-73.9746,40.7351,146.00019669604535,374252
-73.9727,40.7353,1.0000013472331872,339996
-73.9745,40.7366,276.0003718363597,418946
-73.9734,40.7368,66.00008891739036,278292
-73.9871,40.7032,284.00038261422515,423956
-73.9846,40.7036,203.000273488337,149705
-73.9868,40.7049,1.0000013472331872,287827
-73.9295,40.8192,23.000030986363306,536163
-73.927,40.8191,20.000026944663745,574983
-73.9311,40.8241,60.000080833991234,320242
-73.9277,40.8247,19.000025597430557,212045
-73.9725,40.652,52.000070056125736,534294
-73.9705,40.6515,9.000012125098685,72298
-73.9733,40.6546,61.00008218122442,716336
-73.8849,40.7441,48.00006466719299,412483
-73.8836,40.7439,12.000016166798247,533690
-73.8848,40.7477,30.000040416995617,260906
-73.884,40.7478,32.00004311146199,476689
-73.8553,40.721,26.000035028062868,711439
-73.8517,40.7213,18.00002425019737,225074
-73.8542,40.7223,38.000051194861115,476173
-73.8501,40.7235,40.00005388932749,505621
-74.0106,40.7313,241.00032468319813,498073
-74.0095,40.7333,244.00032872489768,344160
-73.9347,40.6699,42.000056583793864,575049
-73.932,40.6706,42.000056583793864,707440
-73.9345,40.6725,14.000018861264621,61190
-73.9333,40.6719,23.000030986363306,181817
-73.9964,40.6981,157.0002115156104,339913
-73.9953,40.6982,187.000251932606,694896
-73.9963,40.6985,51.00006870889255,574480
-73.995,40.6992,89.00011990375367,25375
-74.0034,40.765,1.0000013472331872,448054
-74.0,40.763,119.00016032074927,691195
-73.9551,40.7887,158.00021286284357,682574
-73.9532,40.7886,166.00022364070907,15864
-73.9547,40.7893,27.000036375296055,277638
-73.9544,40.7896,128.00017244584797,59524
-73.9998,40.6917,18.00002425019737,608458
-73.9973,40.691,104.00014011225147,541736
-73.9985,40.6933,276.0003718363597,708228
-73.998,40.6927,80.00010777865498,604524
-73.987,40.7161,114.00015358458334,432186
-73.9859,40.7157,14.000018861264621,290746
-73.9865,40.7182,162.00021825177635,508839
-73.9855,40.7185,186.00025058537284,523868
-73.8668,40.771,92.00012394545323,689420
-73.8661,40.771,988.001331066389,203721
-73.8665,40.7712,85.00011451482092,426180
-73.8664,40.7712,734.0009888691594,645389
-73.9954,40.7663,38.000051194861115,50067
-73.9947,40.7659,182.00024519644006,370876
-73.9964,40.7681,233.00031390533263,680018
-73.9938,40.7673,21.000028291896932,22098
-73.9989,40.6759,117.00015762628291,7208
-73.9977,40.6762,39.0000525420943,597557
-73.9991,40.6773,90.00012125098685,220955
-73.9984,40.677,228.0003071691667,736809
-73.9935,40.6976,230.00030986363305,126660
-73.9912,40.697,39.0000525420943,57835
-73.9935,40.7,92.00012394545323,494445
-73.991,40.7,111.00014954288378,551517
-73.9812,40.7023,80.00010777865498,281461
-73.9778,40.7018,5.000006736165936,562690
-73.9811,40.7032,32.00004311146199,1952
-73.9778,40.6849,172.0002317241082,237652
-73.9764,40.6857,68.00009161185673,558046
-73.9767,40.686,85.00011451482092,679031
-73.9753,40.6872,143.00019265434577,648388
-73.9954,40.6943,75.00010104248904,6573
-73.9947,40.6941,140.0001886126462,723078
-73.9966,40.6954,152.00020477944446,567239
-73.9941,40.6955,101.00013607055192,494748
-74.0113,40.729,122.00016436244884,588597
-74.0109,40.7291,66.00008891739036,719612
-74.0112,40.7297,12.000016166798247,122862
-74.0095,40.7311,267.000359711261,693021
-73.9686,40.7916,105.00014145948467,678379
-73.9668,40.7916,67.00009026462354,623445
-73.9672,40.7933,162.00021825177635,654515
-73.9668,40.7932,132.00017783478071,427788
-74.0192,40.6503,9.000012125098685,674294
-74.0142,40.6501,20.000026944663745,610481
-74.006,40.7413,627.0008447152084,404236
-74.0051,40.7411,701.0009444104643,266820
-74.0059,40.7421,103.00013876501828,600929
-74.0051,40.7417,414.0005577545395,622680
-73.9307,40.7451,44.00005927826024,508613
-73.925,40.7453,61.00008218122442,300375
-73.9293,40.7469,6.000008083399123,680866
-73.9257,40.7475,4.000005388932749,734500
-74.0173,40.7159,4.000005388932749,181713
-74.0166,40.7158,336.0004526703509,285939
-74.0158,40.7177,118.0001589735161,407441
-73.956,40.7021,5.000006736165936,414104
-73.9519,40.7015,49.000066014426174,391925
-73.9556,40.7048,8.000010777865498,461972
-73.9515,40.7056,52.000070056125736,566275
-73.9707,40.7943,133.0001791820139,420359
-73.9696,40.795,123.00016570968202,207334
-73.9713,40.7955,142.00019130711257,370137
-73.9691,40.7959,58.00007813952486,219455
-74.0236,40.7527,105.00014145948467,489689
-74.0249,40.7543,9.000012125098685,65661
-73.9922,40.685,34.000045805928366,536736
-73.9919,40.6846,206.00027753003656,223333
-73.9926,40.6875,118.0001589735161,588941
-73.9909,40.686,97.00013068161917,420504
-73.9646,40.8074,230.00030986363305,712434
-73.9639,40.8064,40.00005388932749,287605
-73.965,40.8086,61.00008218122442,741108
-73.9637,40.808,122.00016436244884,611487
-73.8609,40.7268,29.00003906976243,386108
-73.8574,40.7274,30.000040416995617,604132
-73.8602,40.7291,28.000037722529243,537295
-73.8574,40.7291,26.000035028062868,674726
-74.0078,40.741,1133.0015264152012,398564
-74.0068,40.7408,209.00028157173614,142468
-74.0071,40.7416,271.00036510019373,527832
-74.007,40.742,180.0002425019737,272947
-74.0469,40.7154,12.000016166798247,484228
-74.0464,40.7151,37.00004984762793,22673
-74.0474,40.7177,26.000035028062868,222806
-74.0448,40.7162,37.00004984762793,574845
-73.9745,40.8414,9.000012125098685,8846
-73.9678,40.8429,1.0000013472331872,571584
-73.9722,40.845,11.00001481956506,463100
-73.9658,40.8482,7.000009430632311,377846
-73.8566,40.8152,1.0000013472331872,729498
-73.856,40.8179,7.000009430632311,402562
-73.8615,40.8238,16.000021555730996,214433
-73.8504,40.823,4.000005388932749,526519
-73.9486,40.6572,30.000040416995617,341820
-73.9452,40.6579,19.000025597430557,499703
-73.947,40.661,44.00005927826024,407430
-73.9439,40.662,19.000025597430557,288734
-74.0046,40.7409,119.00016032074927,11667
-74.0035,40.7411,55.0000740978253,631195
-74.0045,40.7421,826.0011128146126,32024
-74.0039,40.742,790.001064314218,325129
-73.9486,40.7848,273.0003677946601,287988
-73.9479,40.7846,94.0001266399196,546524
-73.9489,40.786,69.00009295908993,617983
-73.9484,40.7863,9.000012125098685,39559
-73.8613,40.7326,26.000035028062868,317565
-73.8585,40.7334,23.000030986363306,412767
-73.8622,40.7353,20.000026944663745,136661
-73.8588,40.7367,42.000056583793864,262223
-74.0428,40.7089,24.000032333596494,617583
-74.0403,40.7092,18.00002425019737,54275
-74.0435,40.7118,42.000056583793864,420132
-74.0384,40.7124,27.000036375296055,286939
-73.9836,40.6724,96.00012933438597,228336
-73.982,40.6722,73.00009834802268,467054
-73.9833,40.6746,62.00008352845761,97144
-73.9816,40.6748,212.0002856134357,447059
-73.9498,40.7075,193.00026001600514,79197
-73.9472,40.7077,105.00014145948467,499057
-73.9486,40.7093,55.0000740978253,715253
-73.9473,40.7092,87.00011720928728,397115
-74.0061,40.7046,44.00005927826024,380268
-74.0049,40.7055,191.00025732153875,420026
-74.0038,40.706,200.00026944663745,275381
-73.9571,40.748,424.0005712268714,48664
-73.9566,40.7486,10.000013472331872,492838
-73.8541,40.7265,21.000028291896932,358862
-73.853,40.7252,30.000040416995617,362739
-73.856,40.7306,15.000020208497808,80170
-73.8511,40.7287,42.000056583793864,714350
-73.8741,40.7332,24.000032333596494,314206
-73.8695,40.7343,30.000040416995617,257631
-73.872,40.7361,42.000056583793864,447316
-73.8695,40.7351,12.000016166798247,684058
-73.9732,40.7601,444.0005981715351,45285
-73.9723,40.7594,741.0009982997917,274519
-73.9728,40.7602,308.0004149478217,371564
-73.9719,40.7605,235.000316599799,467462
-73.8716,40.774,1607.002165003732,24537
-73.8707,40.774,76.00010238972223,426949
-73.8712,40.7743,35.00004715316155,418294
-73.8709,40.7745,2.0000026944663745,471558
-73.9744,40.7627,214.00028830790205,498368
-73.9742,40.7627,564.0007598395176,629973
-73.9743,40.7633,300.00040416995614,613031
-73.9735,40.7637,638.0008595347734,478351
-73.9284,40.8334,4.000005388932749,415020
-73.9272,40.8322,96.00012933438597,422287
-73.9297,40.8368,4.000005388932749,409603
-73.9269,40.8372,3.0000040416995617,69322
-73.974,40.6888,124.00016705691522,284095
-73.973,40.6889,81.00010912588817,664650
-73.9741,40.6894,55.0000740978253,661291
-73.972,40.6892,166.00022364070907,593694
-73.9425,40.7074,105.00014145948467,170110
-73.9409,40.7075,47.0000633199598,22745
-73.9434,40.7085,144.00019400157896,659462
-73.9416,40.7084,129.00017379308116,170381
-73.9676,40.7944,48.00006466719299,673431
-73.9667,40.7942,329.0004432397186,469440
-73.9686,40.7967,21.000028291896932,199223
-73.9669,40.7954,27.000036375296055,509495
-73.958,40.7324,123.00016570968202,413269
-73.9567,40.7321,84.00011316758773,161825
-73.9591,40.7334,119.00016032074927,533828
-73.9565,40.7336,99.00013337608553,221987
-73.9673,40.7132,51.00006870889255,292012
-73.9658,40.7129,261.00035162786185,170851
-73.9665,40.7153,111.00014954288378,496267
-73.9736,40.738,173.0002330713414,664061
-73.973,40.739,27.000036375296055,77617
-73.9741,40.7398,121.00016301521566,594381
-73.9733,40.7403,102.0001374177851,510080
-73.9898,40.6878,103.00013876501828,294303
-73.9888,40.689,199.00026809940425,237633
-73.9904,40.6899,66.00008891739036,515313
-73.9883,40.69,54.00007275059211,337870
-73.9749,40.7566,580.0007813952486,91323
-73.9741,40.757,292.0003933920907,456602
-73.9746,40.7571,281.0003785725256,544725
-73.974,40.7573,532.0007167280556,272267
-74.0093,40.7381,287.00038665592473,610353
-74.0082,40.7382,473.00063724129757,417866
-74.0089,40.7388,603.0008123816119,107260
-74.0085,40.7389,314.0004230312208,516162
-73.9178,40.7389,27.000036375296055,232248
-73.917,40.742,59.00007948675805,121271
-73.9127,40.7427,18.00002425019737,542532
-73.9311,40.6693,12.000016166798247,59952
-73.927,40.6688,34.000045805928366,556953
-73.9286,40.6731,35.00004715316155,589559
-73.9269,40.673,23.000030986363306,355018
-73.9708,40.7884,149.0002007377449,550183
-73.9694,40.7887,93.00012529268642,504333
-73.9704,40.7892,60.000080833991234,175469
-73.9702,40.7893,113.00015223735016,641960
-73.9966,40.6919,205.0002761828034,646876
-73.9941,40.691,60.000080833991234,55217
-73.9966,40.6935,72.00009700078948,603911
-73.9949,40.6932,76.00010238972223,351530
-73.9738,40.7796,118.0001589735161,43457
-73.9734,40.7796,4.000005388932749,730716
-73.9749,40.7802,100.00013472331872,424218
-73.9726,40.7809,191.00025732153875,23500
-73.9766,40.7352,57.00007679229167,685251
-73.976,40.7359,226.00030447470033,365566
-73.9774,40.7362,102.0001374177851,253645
-73.975,40.7362,27.000036375296055,526306
-73.9225,40.7933,73.00009834802268,613497
-73.9192,40.7927,30.000040416995617,588205
-73.9897,40.7035,323.0004351563195,84531
-73.9884,40.7036,85.00011451482092,221712
-73.9897,40.7058,2.0000026944663745,684880
-73.9735,40.6859,33.00004445869518,566196
-73.9731,40.6846,49.000066014426174,78568
-73.974,40.6861,211.0002842662025,741249
-73.9727,40.6875,116.00015627904972,309941
-73.9977,40.7225,334.0004499758845,404406
-73.9971,40.7224,486.000654755329,167989
-73.9984,40.7228,306.0004122533553,689763
-73.9976,40.723,498.00067092212726,143362
-73.9052,40.6963,61.00008218122442,419304
-73.9022,40.6942,15.000020208497808,417471
-73.9055,40.6985,4.000005388932749,656448
-73.9016,40.698,21.000028291896932,280074
-73.9729,40.7554,428.0005766158041,516479
-73.9724,40.7551,234.00031525256583,561460
-73.9727,40.7562,642.0008649237062,258906
-73.9721,40.7562,310.000417642288,191983
-73.9674,40.7882,160.00021555730996,637641
-73.9665,40.7889,91.00012259822003,544599
-73.9678,40.7906,70.0000943063231,164361
-73.9659,40.7898,81.00010912588817,538481
-73.9464,40.7129,28.000037722529243,104768
-73.9441,40.7127,111.00014954288378,171674
-73.9465,40.7143,79.00010643142178,300503
-73.9444,40.7144,184.00024789090645,700138
-73.9395,40.7482,189.0002546270724,158703
-73.939,40.7484,7.000009430632311,82254
-73.9393,40.7485,167.00022498794226,89714
-73.9387,40.7496,39.0000525420943,88991
-73.9786,40.8307,16.000021555730996,188597
-73.9753,40.8359,9.000012125098685,331196
-73.9798,40.6885,46.00006197272661,185545
-73.9783,40.688,130.00017514031435,291172
-73.9803,40.69,189.0002546270724,3116
-73.9792,40.6899,33.00004445869518,29658
-73.8806,40.764,13.000017514031434,348016
-73.8772,40.764,12.000016166798247,300290
-73.8791,40.7678,38.000051194861115,433078
-73.8764,40.7684,36.00004850039474,29442
-73.9704,40.6877,68.00009161185673,110451
-73.9699,40.6877,87.00011720928728,676901
-73.9708,40.6896,85.00011451482092,473891
-73.9693,40.6895,156.0002101683772,328678
-73.936,40.6765,15.000020208497808,137931
-73.9339,40.6773,12.000016166798247,272258
-73.9357,40.6787,39.0000525420943,492119
-73.933,40.6808,32.00004311146199,114874
-74.0035,40.6955,1.0000013472331872,492386
-74.0008,40.6941,97.00013068161917,107555
-73.8923,40.751,29.00003906976243,78294
-73.8892,40.7514,31.000041764228804,498761
-73.8908,40.7542,13.000017514031434,261427
-73.8898,40.7537,25.00003368082968,535405
-73.9714,40.7438,142.00019130711257,656800
-73.97,40.7453,1.0000013472331872,272692
-73.9717,40.746,243.0003273776645,288225
-73.969,40.7459,5.000006736165936,268153
-73.9983,40.7237,393.0005294626426,696472
-73.997,40.7239,280.0003772252924,563310
-73.998,40.7243,372.0005011707457,558042
-73.9972,40.7243,514.0006924778583,433149
-73.9764,40.7632,174.00023441857456,133419
-73.9756,40.7627,171.000230376875,107672
-73.9763,40.764,699.0009417159979,634007
-73.9751,40.7638,512.0006897833919,719142
-73.9601,40.8203,13.000017514031434,227051
-73.9591,40.82,80.00010777865498,505336
-73.9565,40.822,4.000005388932749,538177
-73.9921,40.7443,442.00059547706877,591240
-73.9912,40.7444,347.000467489916,249100
-73.9919,40.7447,272.0003664474269,374282
-73.9911,40.745,480.00064667192987,437751
-73.9792,40.7614,397.0005348515753,676776
-73.9783,40.7617,252.00033950276318,512104
-73.9793,40.7621,271.00036510019373,535721
-73.9786,40.7622,620.000835284576,650589
-73.9036,40.7779,31.000041764228804,656621
-73.903,40.7765,43.00005793102705,197671
-73.9062,40.7785,4.000005388932749,496498
-73.9019,40.7785,18.00002425019737,107762
-73.9058,40.7453,53.00007140335892,555986
-73.9004,40.7439,30.000040416995617,49169
-73.9039,40.7481,4.000005388932749,495031
-73.9028,40.7471,9.000012125098685,352417
-73.9121,40.7031,17.000022902964183,189347
-73.9076,40.7028,19.000025597430557,110665
-73.9104,40.7033,37.00004984762793,278377
-73.9072,40.7039,23.000030986363306,571341
-73.8633,40.7673,5.000006736165936,80430
-73.8629,40.7672,1.0000013472331872,518039
-73.8633,40.7687,1.0000013472331872,336544
-73.8626,40.7686,1527.002057225077,173020
-73.986,40.776,84.00011316758773,300609
-73.9848,40.7751,78.0001050841886,672207
-73.9866,40.7768,109.00014684841742,80153
-73.9856,40.7772,111.00014954288378,86983
-73.8619,40.7676,17.000022902964183,197897
-73.8616,40.7678,16.000021555730996,206317
-73.8624,40.7684,1484.00199929405,42163
-73.8617,40.7684,10.000013472331872,379882
-73.989,40.7442,247.00033276659724,562053
-73.9875,40.7441,419.0005644907055,69366
-73.9889,40.7447,731.0009848274599,421859
-73.9882,40.7452,128.00017244584797,602268
-73.9369,40.7454,22.00002963913012,131952
-73.9325,40.7458,45.000060625493425,245183
-73.9372,40.749,28.000037722529243,577847
-73.968,40.8009,121.00016301521566,350164
-73.9663,40.8008,59.00007948675805,573489
-73.9676,40.8031,121.00016301521566,349405
-73.9664,40.8016,76.00010238972223,325531
-74.0358,40.7323,22.00002963913012,143322
-74.0317,40.7313,1.0000013472331872,494707
-74.0374,40.7371,9.000012125098685,158406
-74.0319,40.7371,62.00008352845761,17798
-73.8993,40.7716,39.0000525420943,275047
-73.894,40.7718,15.000020208497808,666160
-73.898,40.7738,17.000022902964183,644061
-73.8954,40.7719,22.00002963913012,498796
-74.0046,40.6576,47.0000633199598,687279
-74.0022,40.6593,22.00002963913012,444224
-74.0039,40.6604,1.0000013472331872,129867
-74.0001,40.6612,23.000030986363306,490074
-73.9705,40.6917,42.000056583793864,489391
-73.9697,40.6918,40.00005388932749,18388
-73.9718,40.6928,175.00023576580776,126208
-73.9701,40.6932,113.00015223735016,586850
-73.986,40.685,83.00011182035453,410940
-73.9847,40.6853,105.00014145948467,491795
-73.9863,40.6875,61.00008218122442,663713
-73.9854,40.6873,121.00016301521566,220659
-74.0075,40.7394,89.00011990375367,496036
-74.0064,40.7391,525.0007072974233,2421
-74.0078,40.7406,560.0007544505849,417435
-74.0064,40.7405,305.0004109061221,86681
-73.9843,40.6915,141.0001899598794,393983
-73.9822,40.691,40.00005388932749,698243
-73.9829,40.6937,115.00015493181652,623061
-73.9824,40.6936,71.00009565355629,575696
-73.946,40.7171,102.0001374177851,423754
-73.9449,40.7169,87.00011720928728,741871
-73.9461,40.7187,52.000070056125736,518284
-73.9444,40.7181,126.00016975138159,414000
-73.9553,40.7345,130.00017514031435,573675
-73.9532,40.7354,49.000066014426174,257823
-73.9554,40.737,85.00011451482092,617408
-73.9538,40.7368,103.00013876501828,527465
-73.9436,40.7477,104.00014011225147,739150
-73.9418,40.7474,72.00009700078948,328086
-73.9425,40.7488,165.0002222934759,663035
-73.9421,40.7489,24.000032333596494,277865
-73.9485,40.7163,69.00009295908993,345414
-73.948,40.7161,50.00006736165936,276762
-73.9494,40.7185,179.0002411547405,705265
-73.9484,40.7184,67.00009026462354,267566
-73.9749,40.7614,308.0004149478217,632906
-73.974,40.7617,253.00034084999638,8781
-73.9745,40.7622,604.0008137288451,133224
-73.9738,40.7618,291.0003920448575,86315
-74.0075,40.7429,276.0003718363597,337047
-74.0069,40.7426,210.00028291896933,358950
-74.0077,40.743,735.0009902163927,328109
-74.007,40.7436,232.00031255809944,497356
-73.9926,40.692,47.0000633199598,503376
-73.9912,40.6909,127.00017109861477,588299
-73.9929,40.6932,75.00010104248904,316742
-73.9908,40.693,114.00015358458334,641650
-73.9837,40.6762,105.00014145948467,556751
-73.9815,40.676,90.00012125098685,329448
-73.9837,40.6768,120.00016166798247,136290
-73.9822,40.6779,46.00006197272661,162303
-73.9825,40.7568,517.0006965195578,12217
-73.982,40.7563,199.00026809940425,205346
-73.9827,40.7572,481.00064801916307,180158
-73.9813,40.7578,244.00032872489768,264642
-73.9425,40.7169,51.00006870889255,500467
-73.9409,40.7163,137.00018457094666,518635
-73.9435,40.7175,109.00014684841742,415064
-73.9412,40.7184,62.00008352845761,55895
-73.9915,40.727,647.0008716598721,609216
-73.9911,40.7269,134.00018052924707,21340
-73.9919,40.7274,151.00020343221126,576692
-73.991,40.7279,498.00067092212726,34751
-73.984,40.7169,13.000017514031434,396745
-73.9813,40.7163,17.000022902964183,61465
-73.9829,40.7177,246.00033141936404,292222
-73.9825,40.7183,81.00010912588817,505513
-73.9585,40.7262,4.000005388932749,531032
-73.9575,40.7251,184.00024789090645,502042
-73.9585,40.7276,71.00009565355629,348024
-73.9571,40.7273,97.00013068161917,164100
-73.9409,40.7628,9.000012125098685,644390
-73.9405,40.7634,23.000030986363306,51663
-73.9437,40.7686,5.000006736165936,737126
-73.9383,40.7675,52.000070056125736,554786
-74.0173,40.6755,28.000037722529243,615903
-74.0166,40.6751,248.00033411383043,123604
-74.0178,40.6767,30.000040416995617,598819
-74.0166,40.6779,48.00006466719299,571059
-73.9519,40.7076,57.00007679229167,230366
-73.9504,40.7074,142.00019130711257,126849
-73.9521,40.7088,65.00008757015718,59229
-73.9508,40.7086,90.00012125098685,159440
-73.9718,40.7822,133.0001791820139,461253
-73.9712,40.7831,169.00022768240865,515113
-73.9702,40.7842,51.00006870889255,517634
-73.9825,40.8131,9.000012125098685,509276
-73.98,40.8166,2.0000026944663745,351066
-73.9768,40.82,11.00001481956506,546549
-73.8651,40.8185,9.000012125098685,145355
-73.874,40.824,7.000009430632311,573485
-73.8628,40.8246,6.000008083399123,463520
-73.9743,40.6796,95.00012798715278,289275
-73.9723,40.6793,45.000060625493425,415290
-73.9746,40.6799,125.00016840414841,439006
-73.9725,40.6812,87.00011720928728,520157
-74.0072,40.7438,69.00009295908993,280250
-74.0063,40.7438,1092.0014711786405,322581
-74.0078,40.7453,118.0001589735161,184453
-74.0064,40.7446,120.00016166798247,6101
-73.9935,40.7518,681.0009174658005,425035
-73.9925,40.7518,121.00016301521566,724586
-73.9933,40.7526,438.000590088136,326024
-73.9929,40.7528,153.00020612667765,376791
-73.9799,40.6763,159.00021421007676,661867
-73.9788,40.6759,29.00003906976243,145756
-73.9801,40.6779,119.00016032074927,583462
-73.9793,40.6781,41.00005523656068,125061
-73.9727,40.7612,448.0006035604679,361409
-73.9725,40.7616,169.00022768240865,466761
-73.9732,40.7619,307.0004136005885,313762
-73.9726,40.7624,468.00063050513165,311136
-73.9551,40.7223,200.00026944663745,705133
-73.9538,40.7229,23.000030986363306,580885
-73.9553,40.7247,83.00011182035453,287323
-73.9539,40.7238,41.00005523656068,266620
-73.9792,40.7632,173.0002330713414,556511
-73.9784,40.7632,459.00061838003296,612013
-73.9793,40.7639,375.0005052124452,276463
-73.9784,40.7638,380.0005119486111,326520
-73.9744,40.7598,308.0004149478217,586524
-73.9742,40.7597,384.0005173375439,402327
-73.9745,40.7604,295.0003974337902,211253
-73.974,40.7607,398.0005361988085,324182
-73.9733,40.7629,179.0002411547405,632688
-73.9719,40.7628,385.0005186847771,156656
-73.9734,40.7635,587.0007908258809,115026
-73.9719,40.7633,233.00031390533263,293348
-73.9954,40.7001,8.000010777865498,493128
-73.995,40.7002,74.00009969525586,236340
-73.9944,40.7025,263.00035432232823,287229
-73.9856,40.7472,485.0006534080958,303397
-73.9847,40.7469,248.00033411383043,278
-73.9857,40.748,236.0003179470322,478552
-73.9849,40.7482,410.0005523656068,658323
-73.9937,40.6947,104.00014011225147,355298
-73.9918,40.6944,100.00013472331872,165583
-73.9928,40.696,101.00013607055192,498327
-73.9918,40.6954,39.0000525420943,595573
-73.9298,40.6751,14.000018861264621,276912
-73.9266,40.6771,9.000012125098685,656116
-73.9298,40.6794,45.000060625493425,462348
-73.9269,40.6784,18.00002425019737,551017
-73.9644,40.6723,120.00016166798247,340258
-73.9628,40.6729,98.00013202885235,167676
-73.9652,40.674,58.00007813952486,671031
-73.9637,40.6737,67.00009026462354,538008
-73.9836,40.7015,30.000040416995617,399986
-73.9828,40.7015,10.000013472331872,291802
-73.9843,40.7031,141.0001899598794,712078
-73.9824,40.7023,161.00021690454315,672809
-73.9684,40.6786,189.0002546270724,84144
-73.967,40.6782,26.000035028062868,292615
-73.9673,40.6801,98.00013202885235,449907
-73.9666,40.6799,29.00003906976243,292958
-73.9038,40.7642,41.00005523656068,318180
-73.9017,40.7627,5.000006736165936,202335
-73.9059,40.768,30.000040416995617,437950
-73.9022,40.7684,9.000012125098685,701700
-73.9051,40.6889,32.00004311146199,137433
-73.9043,40.692,39.0000525420943,357529
-73.9031,40.6909,14.000018861264621,677892
-73.9806,40.6821,110.0001481956506,234300
-73.9796,40.6817,55.0000740978253,720393
-73.9807,40.6829,56.000075445058485,197827
-73.9794,40.6829,119.00016032074927,303362
-73.9856,40.7521,474.00063858853076,482549
-73.9847,40.7519,326.000439198019,372758
-73.9857,40.7525,409.0005510183736,398257
-73.9849,40.7526,149.0002007377449,595791
-73.8859,40.7721,10.000013472331872,430017
-73.8855,40.7732,1348.0018160703364,175751
-73.9456,40.7263,79.00010643142178,546616
-73.9438,40.7264,89.00011990375367,734920
-73.9464,40.7266,56.000075445058485,583406
-73.9448,40.7279,115.00015493181652,231645
-73.9761,40.7647,339.0004567120505,12564
-73.9757,40.7648,216.00029100236844,439049
-73.9759,40.7653,379.000510601378,107137
-73.9756,40.7653,421.0005671851718,34537
-73.9764,40.7594,427.00057526857097,674768
-73.9751,40.7596,236.0003179470322,194302
-73.9759,40.7603,283.000381266992,690176
-73.9756,40.7606,400.0005388932749,2393
-74.0042,40.722,612.0008245067106,174082
-74.0036,40.7223,404.00054428220767,103945
-74.0046,40.7227,160.00021555730996,298558
-74.0032,40.7231,169.00022768240865,52791
-73.9809,40.7598,432.0005820047369,670668
-73.9803,40.7594,195.0002627104715,525526
-73.9808,40.7608,247.00033276659724,315281
-73.9802,40.7608,470.000633199598,235860
-73.9581,40.6725,46.00006197272661,410907
-73.9576,40.6722,137.00018457094666,408457
-73.9579,40.6735,59.00007948675805,413157
-73.9566,40.6743,94.0001266399196,474488
-73.9869,40.7136,60.000080833991234,671719
-73.9852,40.7132,81.00010912588817,513381
-73.9872,40.7151,81.00010912588817,534434
-73.985,40.7145,114.00015358458334,612847
-73.8907,40.7626,14.000018861264621,700298
-73.8901,40.7627,14.000018861264621,526931
-73.8922,40.7667,17.000022902964183,575600
-73.8875,40.7687,39.0000525420943,626852
-74.0103,40.7194,413.0005564073063,63826
-74.0098,40.7191,145.00019534881216,363905
-74.0105,40.72,588.0007921731141,252101
-74.0101,40.7202,196.0002640577047,408593
-74.0117,40.6794,182.00024519644006,552594
-74.0101,40.6783,101.00013607055192,410393
-74.0122,40.6797,3.0000040416995617,732882
-74.01,40.6799,49.000066014426174,110857
-73.9866,40.7109,35.00004715316155,475063
-73.9849,40.7107,242.00032603043132,669668
-73.9868,40.7112,37.00004984762793,264376
-73.9848,40.7117,20.000026944663745,339636
-73.9793,40.7642,315.000424378454,98219
-73.9788,40.7642,533.0007180752888,284003
-73.979,40.7651,195.0002627104715,235844
-73.9789,40.7653,291.0003920448575,450800
-73.9587,40.6853,55.0000740978253,592075
-73.9578,40.6846,69.00009295908993,676885
-73.9579,40.6862,99.00013337608553,48682
-73.9567,40.6867,110.0001481956506,537688
-73.9428,40.719,111.00014954288378,162603
-73.9415,40.7197,60.000080833991234,47945
-73.943,40.7211,64.00008622292398,687634
-73.9421,40.7217,98.00013202885235,516154
-73.9558,40.7568,31.000041764228804,528436
-73.9527,40.7583,16.000021555730996,157534
-73.9548,40.7623,4.000005388932749,152863
-73.9511,40.7611,32.00004311146199,56472
-73.9872,40.7554,357.0004809622478,358072
-73.9865,40.7553,220.0002963913012,9898
-73.9873,40.7558,434.0005846992033,156150
-73.9865,40.7562,313.0004216839876,234074
-73.9717,40.7547,374.000503865212,644789
-73.9706,40.7551,194.00026136323834,685189
-73.9713,40.7556,361.0004863511806,694947
-73.9707,40.7558,391.0005267681762,584206
-73.9463,40.8069,26.000035028062868,515780
-73.9453,40.8077,22.00002963913012,283883
-73.9458,40.8079,68.00009161185673,163436
-73.9451,40.8082,211.0002842662025,680510
-74.011,40.6721,48.00006466719299,503865
-74.0106,40.672,249.00033546106363,220562
-74.0118,40.6738,21.000028291896932,620742
-74.0094,40.6736,9.000012125098685,357491
-73.9836,40.7441,727.0009794385271,372102
-73.9833,40.7443,235.000316599799,216710
-73.9839,40.7449,140.0001886126462,735536
-73.983,40.7448,203.000273488337,380574
-73.956,40.7077,42.000056583793864,418206
-73.9534,40.7069,88.00011855652048,640606
-73.9559,40.7093,109.00014684841742,583286
-73.9535,40.7085,86.0001158620541,227737
-73.9829,40.7846,97.00013068161917,37605
-73.9822,40.7855,207.00027887726975,189377
-73.9834,40.7872,3.0000040416995617,455412
-73.9813,40.7864,17.000022902964183,737965
-73.9555,40.71,51.00006870889255,276604
-73.9546,40.7097,71.00009565355629,451486
-73.956,40.7115,112.00015089011697,77544
-73.9534,40.7116,90.00012125098685,657631
-73.9732,40.7563,270.00036375296054,350386
-73.9722,40.7566,520.0007005612574,642549
-73.9729,40.7576,187.000251932606,234331
-73.9719,40.7571,309.00041629505483,141715
-74.0057,40.7257,544.0007328948539,402406
-74.0053,40.7257,334.0004499758845,51549
-74.0055,40.7258,306.0004122533553,672423
-74.0053,40.7259,92.00012394545323,597386
-73.9405,40.714,121.00016301521566,448841
-73.9384,40.7126,74.00009969525586,606208
-73.9394,40.7152,42.000056583793864,155459
-73.9378,40.7146,82.00011047312135,261750
-73.9886,40.7378,217.00029234960164,147417
-73.9878,40.738,325.00043785078583,720195
-73.9886,40.7386,333.0004486286513,602221
-73.9876,40.7384,399.0005375460417,710729
-73.9743,40.7554,168.00022633517546,300823
-73.9736,40.755,375.0005052124452,558378
-73.9744,40.7562,501.0006749638268,313567
-73.9738,40.7555,225.00030312746713,228132
-73.9673,40.7017,42.000056583793864,361398
-73.9642,40.703,9.000012125098685,101401
-73.9678,40.7055,17.000022902964183,261857
-73.9644,40.706,11.00001481956506,42981
-74.0094,40.7388,297.0004001282566,14009
-74.0097,40.7391,19.000025597430557,270039
-73.9547,40.6921,72.00009700078948,555249
-73.9535,40.6921,87.00011720928728,164494
-73.9559,40.6934,132.00017783478071,735199
-73.9532,40.6928,24.000032333596494,567717
-73.9899,40.6857,37.00004984762793,104421
-73.9884,40.6856,82.00011047312135,456155
-73.9904,40.6867,145.00019534881216,532232
-73.9881,40.6862,50.00006736165936,24558
-73.9397,40.8046,16.000021555730996,10404
-73.9381,40.8036,55.0000740978253,337884
-73.9394,40.8051,123.00016570968202,322099
-73.9388,40.805,120.00016166798247,153001
-73.9712,40.7641,284.00038261422515,592731
-73.9709,40.7644,663.0008932156031,320238
-73.9715,40.7656,129.00017379308116,208777
-73.971,40.7651,174.00023441857456,200819
-74.0152,40.7145,465.00062646343207,413207
-74.0145,40.7141,390.000525420943,131957
-74.0156,40.7152,145.00019534881216,563210
-74.0141,40.7154,249.00033546106363,360901
-73.9776,40.7582,343.0004621009832,573844
-73.9773,40.7584,218.00029369683483,670309
-73.9774,40.7588,249.00033546106363,619193
-73.9766,40.7591,439.0005914353692,242530
-73.9469,40.8377,5.000006736165936,568384
-73.9439,40.838,54.00007275059211,227040
-73.945,40.8407,19.000025597430557,564960
-74.0025,40.6858,105.00014145948467,575099
-74.0,40.6846,71.00009565355629,710187
-74.0017,40.687,28.000037722529243,518388
-74.0006,40.6875,108.00014550118422,633735
-73.9994,40.7237,127.00017109861477,553319
-73.9987,40.7242,183.00024654367326,646371
-73.9998,40.7246,288.0003880031579,739357
-73.9985,40.7246,643.0008662709394,51950
-73.9651,40.6751,46.00006197272661,429911
-73.9626,40.6754,112.00015089011697,65988
-73.9645,40.6778,25.00003368082968,540007
-73.9635,40.6767,126.00016975138159,720157
-73.9759,40.7568,225.00030312746713,331294
-73.9752,40.757,208.00028022450294,83513
-73.9765,40.7571,319.0004297673867,433661
-73.9757,40.7576,482.00064936639626,538037
-73.9463,40.7077,94.0001266399196,663092
-73.9449,40.7073,53.00007140335892,726902
-73.9463,40.7079,51.00006870889255,496288
-73.945,40.7079,110.0001481956506,501317
-73.9717,40.6763,82.00011047312135,253226
-73.9695,40.6754,53.00007140335892,230572
-73.9711,40.6772,44.00005927826024,181451
-73.9694,40.6769,129.00017379308116,490957
-73.9685,40.692,66.00008891739036,648524
-73.9665,40.6911,84.00011316758773,209637
-73.9681,40.6932,93.00012529268642,495891
-73.9669,40.693,64.00008622292398,459654
-73.9561,40.7315,63.000084875690796,251380
-73.9545,40.7323,73.00009834802268,114345
-73.9547,40.7331,122.00016436244884,107605
-73.9536,40.7338,49.000066014426174,287478
-73.956,40.7441,73.00009834802268,276603
-73.9544,40.7451,82.00011047312135,475616
-73.9561,40.746,135.00018187648027,336805
-73.9538,40.7463,16.000021555730996,527024
-73.9528,40.7255,114.00015358458334,319826
-73.9515,40.7252,43.00005793102705,527065
-73.9527,40.727,71.00009565355629,128555
-73.9502,40.7281,77.00010373695542,356197
-74.0438,40.7644,2.0000026944663745,69483
-74.0385,40.7686,9.000012125098685,25772
-74.0406,40.7735,8.000010777865498,132283
-73.9727,40.827,12.000016166798247,715601
-73.9726,40.8325,7.000009430632311,515519
-73.9187,40.7072,10.000013472331872,285942
-73.913,40.7073,30.000040416995617,387871
-73.9169,40.7113,17.000022902964183,57419
-73.9145,40.7101,19.000025597430557,514968
-73.9835,40.6792,58.00007813952486,420905
-73.9824,40.6783,67.00009026462354,535626
-73.9839,40.6805,135.00018187648027,182909
-73.9828,40.6805,43.00005793102705,383521
-74.0111,40.7256,10.000013472331872,431578
-74.0094,40.726,233.00031390533263,351660
-74.011,40.7281,2.0000026944663745,741576
-74.0107,40.7276,58.00007813952486,237399
-73.9931,40.7491,115.00015493181652,187576
-73.9923,40.7486,612.0008245067106,663499
-73.9936,40.7493,85.00011451482092,273226
-73.9923,40.7494,395.000532157109,25098
-74.0029,40.7393,407.0005483239072,474329
-74.0017,40.7394,374.000503865212,644926
-74.0024,40.7399,156.0002101683772,83383
-74.0016,40.7404,268.00036105849415,371344
-73.9929,40.6813,96.00012933438597,302071
-73.9909,40.682,42.000056583793864,31098
-73.9924,40.6839,88.00011855652048,280069
-73.9908,40.6829,75.00010104248904,98868
-73.8654,40.7694,11.00001481956506,77859
-73.8645,40.7695,2.0000026944663745,636627
-73.8649,40.7702,242.00032603043132,312872
-73.8643,40.7698,946.0012744825951,147855
-73.9423,40.7395,8.000010777865498,191449
-73.9393,40.7388,14.000018861264621,646183
-73.9424,40.741,23.000030986363306,452160
-73.9378,40.7414,30.000040416995617,381537
-73.9108,40.6766,13.000017514031434,356327
-73.9069,40.678,17.000022902964183,96239
-73.912,40.6803,16.000021555730996,218998
-73.9074,40.68,29.00003906976243,48281
-73.9968,40.6826,120.00016166798247,166350
-73.9941,40.6814,77.00010373695542,275678
-73.9956,40.6831,53.00007140335892,111145
-73.9953,40.6835,50.00006736165936,395078
-73.9547,40.7294,35.00004715316155,87431
-73.9538,40.7291,81.00010912588817,572458
-73.9553,40.73,81.00010912588817,590451
-73.9542,40.7305,102.0001374177851,128036
-73.9868,40.6789,218.00029369683483,103647
-73.9856,40.6784,59.00007948675805,660479
-73.9871,40.6797,2.0000026944663745,345861
-73.9852,40.6807,18.00002425019737,704776
-73.993,40.7413,268.00036105849415,304359
-73.9928,40.7413,395.000532157109,689444
-73.9937,40.7415,399.0005375460417,618802
-73.9922,40.7419,122.00016436244884,738640
-73.9956,40.6877,57.00007679229167,345538
-73.9953,40.6883,39.0000525420943,538914
-73.9964,40.6904,101.00013607055192,662805
-73.9948,40.6903,99.00013337608553,439388
-73.9766,40.6784,33.00004445869518,346494
-73.9751,40.6786,55.0000740978253,664337
-73.9778,40.681,111.00014954288378,424364
-73.9763,40.6812,95.00012798715278,525589
-73.9774,40.7648,405.0005456294408,157666
-73.9771,40.7642,511.00068843615867,577887
-73.9779,40.7654,102.0001374177851,437473
-73.9766,40.765,155.000208821144,153012
-73.996,40.7688,168.00022633517546,185753
-73.9948,40.7699,105.00014145948467,516149
-73.994,40.7711,20.000026944663745,670582
-73.9673,40.6818,22.00002963913012,124261
-73.9667,40.6817,148.0001993905117,104535
-73.968,40.6836,37.00004984762793,128575
-73.967,40.6841,85.00011451482092,116455
-73.8661,40.7313,12.000016166798247,24329
-73.864,40.7333,23.000030986363306,655596
-73.8687,40.7368,12.000016166798247,291200
-73.865,40.7368,26.000035028062868,353228
-73.9775,40.7552,352.0004742260819,122620
-73.9773,40.7554,241.00032468319813,548944
-73.9777,40.7562,174.00023441857456,535203
-73.9766,40.756,401.0005402405081,198481
-73.989,40.7365,418.0005631434723,204185
-73.9881,40.7361,98.00013202885235,682317
-73.989,40.7368,544.0007328948539,179787
-73.9875,40.7374,106.00014280671785,495109
-73.9768,40.6729,74.00009969525586,271963
-73.9762,40.6734,67.00009026462354,150489
-73.9768,40.675,36.00004850039474,3375
-73.9753,40.6746,114.00015358458334,140682
-73.9697,40.7613,297.0004001282566,694451
-73.9691,40.7617,442.00059547706877,121720
-73.9703,40.7621,287.00038665592473,403412
-73.9688,40.7619,135.00018187648027,100396
-73.9459,40.782,208.00028022450294,581469
-73.9452,40.7817,13.000017514031434,438814
-73.9465,40.7839,45.000060625493425,365485
-73.9452,40.7834,24.000032333596494,287368
-73.9645,40.804,89.00011990375367,229584
-73.9627,40.8044,52.000070056125736,730818
-73.9641,40.8056,76.00010238972223,103765
-73.9632,40.8052,73.00009834802268,551796
-73.9713,40.7615,339.0004567120505,235175
-73.971,40.761,216.00029100236844,592020
-73.9718,40.762,397.0005348515753,33402
-73.9709,40.7621,207.00027887726975,304639
-73.9859,40.7439,457.0006156855666,616446
-73.9845,40.744,157.0002115156104,530527
-73.9856,40.7449,290.0003906976243,39811
-73.985,40.7447,252.00033950276318,737833
-73.9393,40.7077,82.00011047312135,98960
-73.9377,40.7064,33.00004445869518,349145
-73.9404,40.7083,117.00015762628291,709856
-73.9377,40.7087,57.00007679229167,60789
-73.9555,40.8037,89.00011990375367,69860
-73.9535,40.8037,28.000037722529243,541245
-73.9547,40.805,93.00012529268642,292634
-73.9542,40.8061,79.00010643142178,223407
-73.9399,40.7508,163.0002195990095,336926
-73.939,40.7502,49.000066014426174,333289
-73.9394,40.7518,52.000070056125736,377250
-73.9387,40.7527,25.00003368082968,40315
-73.9585,40.6765,96.00012933438597,509163
-73.9569,40.6751,55.0000740978253,601929
-73.9587,40.6774,84.00011316758773,217687
-73.9567,40.677,53.00007140335892,49064
-73.8528,40.8055,3.0000040416995617,18554
-73.8597,40.8112,3.0000040416995617,318331
-73.8556,40.8105,12.000016166798247,288544
-73.9746,40.6759,64.00008622292398,404125
-73.9723,40.6757,45.000060625493425,665443
-73.9738,40.6779,61.00008218122442,341527
-73.9722,40.6779,118.0001589735161,244798
-73.9311,40.6975,109.00014684841742,55031
-73.9285,40.6974,15.000020208497808,388596
-73.9301,40.6992,76.00010238972223,474000
-73.9296,40.6997,88.00011855652048,104779
-73.949,40.7259,70.0000943063231,137246
-73.9478,40.7256,70.0000943063231,679124
-73.9491,40.7279,71.00009565355629,9336
-73.9477,40.7271,76.00010238972223,622116
-73.9776,40.7628,280.0003772252924,187608
-73.9769,40.7626,165.0002222934759,628412
-73.9779,40.7636,407.0005483239072,299578
-73.9772,40.7633,295.0003974337902,73836
-73.9888,40.7191,193.00026001600514,14768
-73.9882,40.7188,120.00016166798247,103813
-73.9886,40.7197,328.0004418924854,519729
-73.9881,40.7198,503.00067765829317,39875
-73.9978,40.7209,218.00029369683483,633652
-73.9975,40.7208,256.00034489169593,291024
-73.9978,40.7217,322.0004338090863,632938
-73.9975,40.7218,343.0004621009832,536384
-73.9806,40.7539,491.00066149149495,631408
-73.9803,40.7537,187.000251932606,312590
-73.9807,40.7541,181.0002438492069,592672
-73.9801,40.7544,279.00037587805923,345492
-73.9901,40.7567,357.0004809622478,397458
-73.9895,40.7563,215.00028965513525,152392
-73.9899,40.7571,186.00025058537284,77434
-73.9898,40.7574,378.0005092541448,193899
-73.9625,40.6588,16.000021555730996,513580
-73.9629,40.6616,55.0000740978253,64795
-73.9248,40.7068,29.00003906976243,669749
-73.9228,40.7066,150.00020208497807,446848
-73.9235,40.7092,61.00008218122442,104048
-73.9224,40.7091,43.00005793102705,137029
-73.9931,40.7424,205.0002761828034,546074
-73.9925,40.7426,312.0004203367544,173392
-73.9935,40.7432,216.00029100236844,103205
-73.9924,40.7435,398.0005361988085,58990
-73.9919,40.7486,278.00037453082604,499379
-73.9912,40.7488,66.00008891739036,481067
-73.9919,40.7499,662.00089186837,23309
-73.9912,40.7496,122.00016436244884,642268
-73.9899,40.7391,118.0001589735161,305070
-73.9896,40.7395,276.0003718363597,708039
-73.9903,40.7405,418.0005631434723,599956
-73.9891,40.7404,314.0004230312208,584907
-73.968,40.6888,102.0001374177851,655115
-73.9666,40.6881,53.00007140335892,188881
-73.9679,40.6891,37.00004984762793,463070
-73.9668,40.6896,89.00011990375367,458542
-73.9718,40.792,33.00004445869518,653380
-73.9689,40.791,75.00010104248904,253678
-73.9709,40.7931,126.00016975138159,409555
-73.97,40.7922,47.0000633199598,481938
-73.9462,40.7107,24.000032333596494,606748
-73.9448,40.7108,21.000028291896932,725779
-73.9464,40.7122,118.0001589735161,388508
-73.9441,40.7116,118.0001589735161,482910
-73.9745,40.7583,219.000295044068,128467
-73.9735,40.7581,250.00033680829682,478585
-73.9747,40.7586,319.0004297673867,90052
-73.974,40.7593,334.0004499758845,599196
-73.9434,40.7258,39.0000525420943,475949
-73.9407,40.7258,122.00016436244884,365574
-73.9437,40.7266,43.00005793102705,514797
-73.9421,40.7281,76.00010238972223,291890
-73.9349,40.7578,12.000016166798247,705643
-73.9329,40.7588,39.0000525420943,612294
-73.9356,40.761,5.000006736165936,101858
-73.9314,40.7616,14.000018861264621,330198
-73.8977,40.7019,16.000021555730996,487416
-73.8963,40.701,30.000040416995617,706937
-73.8969,40.7062,6.000008083399123,385950
-73.8957,40.7042,18.00002425019737,385893
-73.9652,40.6849,69.00009295908993,609600
-73.9632,40.6854,75.00010104248904,410808
-73.9645,40.6865,68.00009161185673,535947
-73.9638,40.687,68.00009161185673,545544
-74.0025,40.7335,248.00033411383043,684852
-74.0022,40.7335,104.00014011225147,398960
-74.0029,40.7339,557.0007504088853,260287
-74.0023,40.7343,207.00027887726975,734549
-74.001,40.719,73.00009834802268,476359
-74.0,40.7193,184.00024789090645,260214
-74.0015,40.7201,164.0002209462427,130524
-74.0005,40.7197,694.000934979832,13857
-73.9936,40.7241,201.00027079387064,547487
-73.9923,40.724,272.0003664474269,114171
-73.9936,40.7247,289.0003893503911,55322
-73.9925,40.7245,352.0004742260819,454261
-73.9996,40.7194,295.0003974337902,207772
-73.9991,40.7195,98.00013202885235,17379
-73.9999,40.7197,416.0005604490059,106573
-73.9992,40.7201,304.0004095588889,41676
-73.9903,40.7407,220.0002963913012,91277
-73.9896,40.7414,249.00033546106363,9634
-73.99,40.7417,281.0003785725256,574211
-73.9893,40.7418,363.000489045647,58260
-73.9735,40.7978,66.00008891739036,574601
-73.9727,40.7984,110.0001481956506,429988
-73.9746,40.8,3.0000040416995617,547643
-73.9721,40.7989,99.00013337608553,118445
-73.9898,40.6785,141.0001899598794,354109
-73.9875,40.6791,14.000018861264621,690772
-73.9896,40.6799,114.00015358458334,95663
-73.989,40.6797,8.000010777865498,111323
-73.9672,40.6947,56.000075445058485,88614
-73.967,40.694,74.00009969525586,506037
-73.9676,40.6961,122.00016436244884,491114
-73.9666,40.6966,24.000032333596494,529077
-73.9589,40.7518,1.0000013472331872,529428
-73.9618,40.7555,68.00009161185673,426607
-74.0437,40.7467,7.000009430632311,16845
-74.0377,40.7438,45.000060625493425,328541
-74.041,40.7492,8.000010777865498,340582
-74.0375,40.7477,9.000012125098685,152317
-73.9857,40.7429,115.00015493181652,41338
-73.9844,40.7425,509.0006857416923,375690
-73.9858,40.7431,193.00026001600514,244033
-73.9845,40.743,286.00038530869153,212625
-73.9794,40.7521,192.00025866877195,395512
-73.9789,40.7519,152.00020477944446,447729
-73.9792,40.7528,530.0007140335892,563236
-73.9789,40.7525,229.00030851639988,733123
-73.9866,40.6761,40.00005388932749,593120
-73.9844,40.6755,15.000020208497808,263365
-73.9872,40.6775,110.0001481956506,710858
-73.9845,40.6781,110.0001481956506,573540
-73.9307,40.704,84.00011316758773,473769
-73.9294,40.7044,48.00006466719299,488775
-73.9303,40.7052,52.000070056125736,173197
-73.9293,40.705,91.00012259822003,292027
-73.9887,40.7209,68.00009161185673,273308
-73.9881,40.7206,151.00020343221126,308950
-73.9889,40.7217,338.0004553648173,699405
-73.9882,40.7213,543.0007315476207,739004
-73.9906,40.7379,317.00042707292033,452359
-73.9894,40.7377,251.00033815553,684251
-73.9906,40.7388,254.00034219722954,124511
-73.9896,40.739,273.0003677946601,606363
-73.964,40.7735,168.00022633517546,296214
-73.9629,40.7742,224.00030178023394,158184
-73.9634,40.7746,479.0006453246967,32824
-73.9631,40.7743,222.00029908576755,148442
-73.999,40.685,84.00011316758773,401016
-73.9983,40.6846,68.00009161185673,362777
-73.9993,40.6862,44.00005927826024,244923
-73.9979,40.6875,77.00010373695542,702321
-73.9965,40.7236,598.000805645446,49985
-73.996,40.7242,90.00012125098685,706732
-73.9962,40.7244,134.00018052924707,355308
-73.9956,40.7248,269.00036240572734,404976
-73.9345,40.7692,42.000056583793864,529095
-73.9326,40.7713,21.000028291896932,177584
-73.9321,40.7743,5.000006736165936,687292
-73.9758,40.7583,204.0002748355702,371223
-73.9752,40.7583,424.0005712268714,193755
-73.9765,40.7592,221.00029773853439,602585
-73.9755,40.7592,232.00031255809944,42838
-73.992,40.7256,199.00026809940425,347487
-73.9913,40.7253,28.000037722529243,13210
-73.9916,40.7264,833.0011222452449,536443
-73.9914,40.7262,17.000022902964183,329223
-73.9468,40.7453,5.000006736165936,290167
-73.9442,40.7449,24.000032333596494,224114
-73.9465,40.7455,141.0001899598794,417784
-73.9453,40.746,99.00013337608553,69178
-73.868,40.7256,9.000012125098685,46321
-73.8648,40.7264,10.000013472331872,58569
-73.8674,40.7287,16.000021555730996,353747
-73.8655,40.7287,32.00004311146199,249481
-73.9224,40.7957,23.000030986363306,385271
-73.9198,40.7953,38.000051194861115,648052
-73.9233,40.7986,2.0000026944663745,663434
-73.9212,40.7986,4.000005388932749,103279
-73.9948,40.7438,172.0002317241082,156609
-73.9945,40.7443,102.0001374177851,377945
-73.9951,40.7448,562.0007571450512,61801
-73.9942,40.7453,234.00031525256583,334692
-74.0073,40.7268,339.0004567120505,600128
-74.0064,40.7271,82.00011047312135,628630
-74.0071,40.7277,602.0008110343787,680091
-74.0063,40.728,47.0000633199598,406486
-73.9656,40.6823,61.00008218122442,278725
-73.9632,40.6827,73.00009834802268,179351
-73.9654,40.6832,87.00011720928728,534502
-73.9638,40.6837,46.00006197272661,420917
-73.989,40.7535,417.0005617962391,233646
-73.9876,40.7534,139.00018726541302,447472
-73.989,40.7541,293.00039473932384,52016
-73.9882,40.754,218.00029369683483,257456
-73.9718,40.7632,419.0005644907055,176961
-73.971,40.7626,78.0001050841886,718075
-73.9715,40.7637,396.0005335043421,313767
-73.9707,40.7639,173.0002330713414,92233
-74.0014,40.721,163.0002195990095,21305
-74.0006,40.7207,214.00028830790205,487665
-74.0013,40.7213,371.0004998235125,434053
-74.0005,40.7211,316.00042572568714,181201
-73.9768,40.6751,91.00012259822003,573630
-73.9757,40.6762,71.00009565355629,219188
-73.9768,40.6766,52.000070056125736,134629
-73.9764,40.6778,52.000070056125736,245905
-73.9065,40.7392,9.000012125098685,296169
-73.9117,40.7426,6.000008083399123,729245
-73.907,40.741,51.00006870889255,97649
-73.9795,40.7551,218.00029369683483,687984
-73.9789,40.7552,138.00018591817985,714228
-73.9794,40.7556,407.0005483239072,34892
-73.9788,40.7561,290.0003906976243,530950
-73.9676,40.8033,49.000066014426174,496382
-73.9665,40.8046,101.00013607055192,697135
-73.9675,40.8055,9.000012125098685,106221
-73.9661,40.8054,104.00014011225147,412132
-73.9931,40.7474,453.0006102966338,80466
-73.9929,40.7475,128.00017244584797,712964
-73.993,40.7477,133.0001791820139,681328
-73.9925,40.7477,337.0004540175841,473842
-73.9611,40.6847,67.00009026462354,218294
-73.9601,40.6846,51.00006870889255,524669
-73.9623,40.6863,56.000075445058485,721088
-73.9597,40.6873,88.00011855652048,349251
-73.9623,40.6754,61.00008218122442,529203
-73.9601,40.6759,63.000084875690796,230239
-73.9615,40.6781,62.00008352845761,641545
-73.9601,40.6777,76.00010238972223,12415
-73.9871,40.7392,291.0003920448575,562689
-73.9862,40.7391,152.00020477944446,521702
-73.9872,40.7406,111.00014954288378,313539
-73.9867,40.7406,493.0006641859613,685013
-73.9711,40.7601,168.00022633517546,68080
-73.9709,40.76,95.00012798715278,333311
-73.9715,40.7605,606.0008164233114,133966
-73.9705,40.7606,177.00023846027415,631973
-73.9279,40.8296,20.000026944663745,188477
-73.9257,40.8282,20.000026944663745,556321
-73.9272,40.8307,213.0002869606689,459934
-73.9265,40.8311,8.000010777865498,556350
-73.9424,40.8419,139.00018726541302,650920
-73.9419,40.8415,46.00006197272661,5193
-73.9428,40.8434,53.00007140335892,568898
-73.9412,40.8433,22.00002963913012,40545
-73.9692,40.709,52.000070056125736,451971
-73.969,40.7108,13.000017514031434,29170
-73.9821,40.758,145.00019534881216,668768
-73.982,40.7582,352.0004742260819,467222
-73.9826,40.7591,132.00017783478071,482234
-73.9816,40.7587,407.0005483239072,681518
-73.9986,40.6814,35.00004715316155,81011
-73.9975,40.6813,74.00009969525586,22202
-73.9996,40.6835,90.00012125098685,230958
-73.9974,40.684,60.000080833991234,239927
-73.978,40.6636,49.000066014426174,73494
-73.977,40.6646,201.00027079387064,326731
-73.9761,40.6655,9.000012125098685,613982
-74.0045,40.7503,72.00009700078948,456880
-74.0036,40.7506,294.00039608655703,476497
-74.0041,40.7511,242.00032603043132,221651
-74.0037,40.751,423.0005698796382,485755
-73.995,40.7398,165.0002222934759,383804
-73.9943,40.7393,215.00028965513525,257659
-73.9948,40.7402,510.0006870889255,638062
-73.994,40.7403,139.00018726541302,392967
-73.9842,40.6844,73.00009834802268,506339
-73.9814,40.6848,54.00007275059211,196770
-73.9833,40.6864,70.0000943063231,320367
-73.9828,40.687,60.000080833991234,252855
-74.0103,40.7237,683.0009201602669,295596
-74.0095,40.7238,235.000316599799,654720
-74.0102,40.7248,8.000010777865498,199514
-74.0094,40.725,102.0001374177851,114676
-73.9781,40.7566,330.0004445869518,588123
-73.9766,40.7566,226.00030447470033,250694
-73.9774,40.7578,320.0004311146199,625734
-73.9771,40.7571,151.00020343221126,394230
-74.0078,40.7053,539.0007261586879,510278
-74.0068,40.7049,122.00016436244884,107620
-74.0071,40.7058,237.00031929426538,67927
-74.0064,40.7058,128.00017244584797,464650
-73.8991,40.7463,22.00002963913012,293695
-73.8941,40.7442,11.00001481956506,198750
-73.898,40.7495,18.00002425019737,69773
-73.8967,40.7479,13.000017514031434,499491
-73.9048,40.7004,23.000030986363306,350751
-73.9009,40.7024,15.000020208497808,371658
-73.9043,40.7057,11.00001481956506,348553
-73.9022,40.7056,15.000020208497808,540823
-73.8507,40.6557,2.0000026944663745,688543
-73.8542,40.662,14.000018861264621,503805
-74.0439,40.8312,1.0000013472331872,579407
-74.0445,40.8495,3.0000040416995617,166628
-73.9299,40.6651,10.000013472331872,548479
-73.9261,40.6652,8.000010777865498,629655
-73.9291,40.6659,43.00005793102705,307437
-73.9252,40.6661,3.0000040416995617,502382
-73.856,40.7342,15.000020208497808,221129
-73.852,40.7325,15.000020208497808,434813
-73.8543,40.7354,17.000022902964183,522764
-73.8521,40.7346,17.000022902964183,291544
-73.8908,40.7698,19.000025597430557,210350
-73.8888,40.7693,26.000035028062868,119683
-73.8915,40.7731,17.000022902964183,484826
-73.8903,40.772,2.0000026944663745,602885
-73.9244,40.7331,4.000005388932749,136879
-73.9188,40.7338,6.000008083399123,574158
-73.9248,40.7366,28.000037722529243,288470
-73.9209,40.7371,26.000035028062868,658174
-73.979,40.7503,259.0003489333955,732108
-73.9789,40.7503,330.0004445869518,518604
-73.9794,40.7513,104.00014011225147,673851
-73.9785,40.7512,331.000445934185,406147
-74.001,40.7269,97.00013068161917,554803
-74.0,40.7271,350.0004715316155,714054
-74.0015,40.7279,250.00033680829682,459360
-74.0001,40.7281,326.000439198019,292547
-74.0029,40.7235,305.0004109061221,668687
-74.0023,40.7242,123.00016570968202,441319
-74.0028,40.725,193.00026001600514,710744
-74.0018,40.7246,402.0005415877413,59101
-73.9673,40.6855,82.00011047312135,478442
-73.9662,40.6851,54.00007275059211,415850
-73.9674,40.6861,80.00010777865498,283981
-73.9664,40.6867,39.0000525420943,341852
-73.9685,40.6729,40.00005388932749,228800
-73.9664,40.6729,39.0000525420943,642857
-73.9686,40.6736,73.00009834802268,659367
-73.9668,40.6749,103.00013876501828,145644
-73.9996,40.6793,29.00003906976243,161731
-73.9978,40.6788,87.00011720928728,171937
-73.9995,40.6801,55.0000740978253,740652
-73.997,40.6798,83.00011182035453,426776
-73.9903,40.666,39.0000525420943,62444
-73.9882,40.6666,66.00008891739036,595766
-73.9902,40.6687,87.00011720928728,146356
-73.9879,40.6672,62.00008352845761,706589
-73.9827,40.7454,281.0003785725256,716748
-73.9816,40.7459,113.00015223735016,729896
-73.9821,40.7461,247.00033276659724,676118
-73.9815,40.7466,373.0005025179788,442812
-74.0046,40.7423,680.0009161185674,549904
-74.0035,40.7426,122.00016436244884,101450
-74.0045,40.7432,31.000041764228804,620092
-74.0034,40.7433,180.0002425019737,130050
-73.9864,40.6692,52.000070056125736,433961
-73.9852,40.6688,60.000080833991234,151177
-73.9862,40.6709,27.000036375296055,652502
-73.9845,40.6713,114.00015358458334,516243
-73.9823,40.7631,331.000445934185,299853
-73.9818,40.7632,210.00028291896933,197321
-73.9825,40.7634,246.00033141936404,592071
-73.9818,40.7634,223.00030043300075,270960
-73.9495,40.7224,59.00007948675805,341412
-73.9476,40.7228,59.00007948675805,666795
-73.9499,40.7237,72.00009700078948,196735
-73.9481,40.7242,62.00008352845761,302527
-73.965,40.8011,103.00013876501828,96660
-73.9633,40.8002,4.000005388932749,166573
-73.9645,40.8024,101.00013607055192,633300
-73.963,40.8018,43.00005793102705,469043
-73.9617,40.7982,39.0000525420943,225211
-73.9596,40.7983,68.00009161185673,356637
-73.9613,40.7991,87.00011720928728,365212
-73.9595,40.7989,57.00007679229167,339770
-74.0088,40.7192,391.0005267681762,314896
-74.0085,40.7193,67.00009026462354,343880
-74.0093,40.7201,277.00037318359284,6178
-74.0084,40.7203,268.00036105849415,330377
-73.995,40.7205,288.0003880031579,540410
-73.9945,40.7205,184.00024789090645,513424
-73.995,40.7213,376.0005065596784,525272
-73.9945,40.7215,154.00020747391085,418748
-73.9739,40.672,66.00008891739036,370288
-73.9723,40.6732,67.00009026462354,665286
-73.9735,40.6737,43.00005793102705,575239
-73.9727,40.6739,74.00009969525586,430820
-73.9745,40.7534,356.0004796150147,157170
-73.974,40.7532,177.00023846027415,7845
-73.9744,40.7543,121.00016301521566,184968
-73.974,40.7543,345.0004647954496,385574
-73.9745,40.7506,161.00021690454315,256899
-73.9739,40.7504,429.0005779630373,189992
-73.9745,40.7509,194.00026136323834,639129
-73.974,40.7513,215.00028965513525,740334
-73.9934,40.7297,387.0005213792435,198728
-73.9922,40.73,203.000273488337,735887
-73.9931,40.7307,202.00027214110384,146177
-73.9923,40.7312,206.00027753003656,167193
-73.9886,40.7222,376.0005065596784,294393
-73.9882,40.7221,241.00032468319813,485541
-73.9884,40.7229,297.0004001282566,506901
-73.9882,40.7228,84.00011316758773,58151
-73.9858,40.7594,380.0005119486111,319427
-73.9851,40.7601,247.00033276659724,388672
-73.9858,40.7604,163.0002195990095,271732
-73.9844,40.7608,207.00027887726975,61720
-73.9967,40.7129,63.000084875690796,682568
-73.9939,40.713,61.00008218122442,657870
-73.9967,40.715,84.00011316758773,703879
-73.9941,40.7156,41.00005523656068,591731
-73.9805,40.7646,328.0004418924854,737144
-73.9799,40.7643,191.00025732153875,665187
-73.9806,40.7652,235.000316599799,236465
-73.9801,40.7656,240.00032333596494,49976
-73.9336,40.7945,51.00006870889255,56651
-73.9325,40.795,30.000040416995617,255704
-73.933,40.7954,27.000036375296055,262116
-73.9327,40.7956,140.0001886126462,555656
-73.9434,40.7772,60.000080833991234,736974
-73.9435,40.779,2.0000026944663745,540831
-73.9054,40.7527,9.000012125098685,610425
-73.9015,40.751,24.000032333596494,235226
-73.9059,40.7541,17.000022902964183,163565
-73.9025,40.7537,12.000016166798247,451181
-73.8749,40.7261,11.00001481956506,137296
-73.8691,40.7255,27.000036375296055,627706
-73.8746,40.7299,5.000006736165936,617182
-73.8718,40.7304,19.000025597430557,358253
-73.9531,40.8034,40.00005388932749,552100
-73.9501,40.8039,55.0000740978253,595299
-73.9526,40.8049,118.0001589735161,354211
-73.9505,40.8049,35.00004715316155,350370
-73.9766,40.7941,5.000006736165936,617456
-73.9763,40.7953,175.00023576580776,276904
-73.9756,40.7954,68.00009161185673,714705
-73.9717,40.758,257.0003462389291,711859
-73.9707,40.7584,235.000316599799,35791
-73.9715,40.759,172.0002317241082,305361
-73.9708,40.7586,328.0004418924854,562842
-73.9918,40.7502,220.0002963913012,730907
-73.9909,40.7506,459.00061838003296,246176
-73.992,40.7513,68.00009161185673,508240
-73.9913,40.7513,244.00032872489768,531153
-73.9994,40.7482,17.000022902964183,665200
-73.9973,40.7472,147.00019804327852,523033
-73.9992,40.7496,36.00004850039474,397944
-73.9976,40.7498,47.0000633199598,40639
-73.9994,40.694,97.00013068161917,172542
-73.9981,40.6944,59.00007948675805,208312
-73.9987,40.6954,1.0000013472331872,423824
-73.9969,40.6963,89.00011990375367,696830
-73.8726,40.7738,167.00022498794226,179500
-73.872,40.7738,129.00017379308116,64699
-73.8726,40.7742,2666.0035917236773,713557
-73.8719,40.7739,963.0012973855593,7513
-73.9517,40.7289,68.00009161185673,294200
-73.9511,40.7288,50.00006736165936,428458
-73.9521,40.7297,60.000080833991234,678143
-73.9502,40.7305,67.00009026462354,312364
-73.9894,40.6635,50.00006736165936,721929
-73.9879,40.664,51.00006870889255,500897
-73.9898,40.6651,88.00011855652048,494595
-73.9877,40.6648,56.000075445058485,249718
-74.0151,40.6755,64.00008622292398,160322
-74.0129,40.6754,36.00004850039474,642988
-74.0141,40.6771,58.00007813952486,503486
-74.0132,40.6775,87.00011720928728,601906
-73.9035,40.6763,23.000030986363306,549125
-73.9018,40.6775,10.000013472331872,302194
-73.9035,40.6783,28.000037722529243,537883
-73.9554,40.7415,35.00004715316155,165506
-73.9538,40.742,25.00003368082968,656700
-73.956,40.7431,49.000066014426174,411947
-73.9546,40.7436,135.00018187648027,224073
-73.9934,40.7392,268.00036105849415,492469
-73.9924,40.7398,339.0004567120505,575188
-73.9932,40.7405,149.0002007377449,461371
-73.9922,40.7401,218.00029369683483,730435
-73.979,40.7532,273.0003677946601,455552
-73.9782,40.7537,413.0005564073063,686921
-73.9791,40.7542,84.00011316758773,193736
-73.9784,40.7543,203.000273488337,370198
-73.9762,40.7518,268.00036105849415,454941
-73.9755,40.7519,371.0004998235125,634958
-73.9763,40.7525,45.000060625493425,463409
-73.9756,40.7525,286.00038530869153,585675
-73.9762,40.7612,103.00013876501828,732647
-73.9753,40.7612,411.00055371284,541596
-73.9759,40.7618,104.00014011225147,337592
-73.9753,40.7619,351.0004728788487,27582
-73.9792,40.7566,83.00011182035453,639511
-73.9789,40.7567,570.0007679229167,395320
-73.9794,40.7578,87.00011720928728,50366
-73.9784,40.7572,227.0003058219335,24785
-74.0062,40.7191,76.00010238972223,223408
-74.0048,40.7192,414.0005577545395,589084
-74.0059,40.7197,149.0002007377449,307426
-74.0049,40.7201,322.0004338090863,260600
-73.9428,40.7132,44.00005927826024,504846
-73.9415,40.7133,87.00011720928728,672434
-73.9436,40.7153,43.00005793102705,721842
-73.9408,40.7147,66.00008891739036,325920
-73.958,40.7419,5.000006736165936,344971
-73.9563,40.7416,10.000013472331872,67895
-73.9581,40.7428,111.00014954288378,227017
-73.957,40.7426,114.00015358458334,735216
-73.9361,40.8262,13.000017514031434,39506
-73.9325,40.8252,4.000005388932749,347559
-73.9374,40.829,37.00004984762793,498724
-73.9314,40.8284,6.000008083399123,267203
-73.9363,40.8405,12.000016166798247,496362
-73.937,40.8416,48.00006466719299,154501
-73.8707,40.6521,10.000013472331872,278897
-73.8685,40.653,1.0000013472331872,403533
-73.8728,40.6568,4.000005388932749,253187
-73.9253,40.7329,2.0000026944663745,701487
-73.9295,40.7369,10.000013472331872,138034
-73.9255,40.7374,48.00006466719299,516065
-73.9228,40.6573,24.000032333596494,498419
-73.9198,40.6571,7.000009430632311,656175
-73.9241,40.6614,6.000008083399123,287902
-73.9189,40.66,23.000030986363306,119990
-74.0165,40.7148,8.000010777865498,515365
-74.0157,40.7147,218.00029369683483,23758
-74.017,40.7152,45.000060625493425,67491
-74.0158,40.7154,681.0009174658005,542003
-74.0043,40.7317,147.00019804327852,302627
-74.0037,40.732,298.0004014754898,215167
-74.0043,40.7328,121.00016301521566,279951
-74.0035,40.7321,384.0005173375439,616187
-74.0089,40.7064,299.000402822723,381787
-74.008,40.707,84.00011316758773,736119
-74.0087,40.7078,272.0003664474269,451669
-74.0085,40.7076,294.00039608655703,658320
-73.9957,40.6859,33.00004445869518,632289
-73.9946,40.6848,98.00013202885235,193253
-73.9967,40.687,46.00006197272661,636471
-73.9948,40.6871,60.000080833991234,106563
-73.9778,40.6692,57.00007679229167,249875
-73.9764,40.6692,69.00009295908993,714824
-73.9771,40.6715,70.0000943063231,136938
-73.9759,40.6708,41.00005523656068,487338
-73.9524,40.8107,70.0000943063231,579374
-73.9513,40.8102,60.000080833991234,488203
-73.9519,40.8118,47.0000633199598,170298
-73.9514,40.8112,60.000080833991234,621046
-73.9822,40.7517,284.00038261422515,592214
-73.982,40.7517,255.00034354446274,73827
-73.9826,40.7524,151.00020343221126,562387
-73.9814,40.753,257.0003462389291,499124
-74.0059,40.7111,747.0010063831909,581655
-74.0054,40.7112,129.00017379308116,438392
-74.0062,40.7119,52.000070056125736,132684
-74.0047,40.7125,18.00002425019737,612223
-73.987,40.7611,234.00031525256583,317934
-73.9867,40.7616,239.00032198873174,156334
-73.9873,40.7622,151.00020343221126,47134
-73.9864,40.7619,322.0004338090863,731508
-74.0499,40.74,19.000025597430557,106786
-74.0456,40.7404,16.000021555730996,248178
-74.049,40.7423,8.000010777865498,710150
-74.0468,40.7417,16.000021555730996,350790
-73.8782,40.7531,14.000018861264621,705945
-73.8768,40.7526,8.000010777865498,739458
-73.8791,40.7543,23.000030986363306,126768
-73.8762,40.7561,14.000018861264621,666215
-73.9964,40.7102,63.000084875690796,543082
-73.9941,40.7106,31.000041764228804,118422
-73.9962,40.7123,33.00004445869518,14236
-73.9945,40.7123,109.00014684841742,25184
-73.9823,40.7554,108.00014550118422,392361
-73.9817,40.7548,184.00024789090645,211431
-73.9826,40.7557,332.00044728141813,524727
-73.9815,40.7556,317.00042707292033,457570
-73.9889,40.7454,417.0005617962391,387930
-73.9881,40.7457,348.0004688371491,692945
-73.9886,40.7461,111.00014954288378,98692
-73.9882,40.7461,65.00008757015718,190091
-74.0031,40.7138,9.000012125098685,553331
-74.0002,40.714,5.000006736165936,497052
-74.0026,40.7144,147.00019804327852,688742
-74.0004,40.7143,74.00009969525586,22662
-73.984,40.757,175.00023576580776,736418
-73.9831,40.7567,426.0005739213378,631040
-73.984,40.7574,245.00033007213088,163430
-73.983,40.7572,93.00012529268642,343681
-73.9915,40.7361,86.0001158620541,347882
-73.9908,40.7366,514.0006924778583,238130
-73.9917,40.737,94.0001266399196,86007
-73.9909,40.7368,245.00033007213088,374091
-73.9999,40.722,298.0004014754898,325415
-73.9992,40.7226,68.00009161185673,196357
-73.9997,40.723,176.00023711304095,337165
-73.9987,40.7233,395.000532157109,629660
-73.9824,40.7616,207.00027887726975,514747
-73.9816,40.7611,167.00022498794226,91192
-73.9822,40.762,372.0005011707457,597553
-73.982,40.7625,190.00025597430556,89101
-73.9581,40.8008,39.0000525420943,499132
-73.9576,40.8014,29.00003906976243,579911
-73.9585,40.8016,45.000060625493425,141121
-73.9566,40.803,121.00016301521566,308877
-74.0302,40.7358,10.000013472331872,550125
-74.0295,40.7359,47.0000633199598,725989
-74.0297,40.737,118.0001589735161,493284
-74.0285,40.7372,59.00007948675805,695988
-73.8656,40.7707,898.0012098154021,254596
-73.8648,40.7704,19.000025597430557,487864
-73.8656,40.7711,16.000021555730996,512818
-73.8648,40.7711,1.0000013472331872,684838
-73.9701,40.763,409.0005510183736,501606
-73.9692,40.7632,177.00023846027415,350235
-73.9703,40.7634,130.00017514031435,669110
-73.969,40.7638,216.00029100236844,482290
-73.943,40.6524,7.000009430632311,117322
-73.94,40.6517,5.000006736165936,275176
-73.9413,40.6543,35.00004715316155,208460
-73.9395,40.6554,11.00001481956506,135538
-73.9422,40.6563,1.0000013472331872,178332
-73.9384,40.6586,10.000013472331872,177066
-73.9428,40.6615,40.00005388932749,712420
-73.9388,40.6623,7.000009430632311,591481
-73.9161,40.6526,5.000006736165936,464091
-73.9131,40.6512,1.0000013472331872,478920
-73.9185,40.6536,4.000005388932749,574826
-73.9129,40.6548,48.00006466719299,54988
-73.9793,40.7661,144.00019400157896,38633
-73.9784,40.7663,232.00031255809944,165371
-73.9792,40.7667,157.0002115156104,692919
-73.9782,40.7665,395.000532157109,430921
-73.9824,40.7642,299.000402822723,24183
-73.982,40.7643,203.000273488337,499238
-73.9824,40.7654,249.00033546106363,502259
-73.9817,40.7652,175.00023576580776,593142
-73.9842,40.7487,180.0002425019737,597508
-73.983,40.7487,72.00009700078948,487738
-73.9838,40.7499,405.0005456294408,362340
-73.9833,40.7498,269.00036240572734,338715
-73.9966,40.7256,316.00042572568714,74236
-73.9956,40.7251,137.00018457094666,258761
-73.9963,40.7261,296.0003987810234,478970
-73.9959,40.7264,176.00023711304095,84417
-74.0043,40.7208,291.0003920448575,158637
-74.0035,40.7209,138.00018591817985,402743
-74.0041,40.7218,369.0004971290461,390894
-74.0035,40.7212,127.00017109861477,374197
-73.9271,40.7014,24.000032333596494,709634
-73.9252,40.7004,62.00008352845761,518087
-73.9274,40.7018,101.00013607055192,339612
-73.9253,40.7017,44.00005927826024,682627
-73.9715,40.8008,49.000066014426174,546957
-73.9694,40.8004,122.00016436244884,649020
-73.9704,40.8019,12.000016166798247,245881
-73.9695,40.8031,48.00006466719299,717077
-73.9858,40.741,289.0003893503911,629659
-73.9848,40.7414,167.00022498794226,266812
-73.9855,40.7417,302.00040686442253,8035
-73.9849,40.7421,163.0002195990095,654197
-73.9805,40.6844,72.00009700078948,657581
-73.9786,40.6853,112.00015089011697,671438
-73.9808,40.6861,18.00002425019737,263520
-73.9789,40.6868,28.000037722529243,239016
-73.9611,40.6814,65.00008757015718,243982
-73.9597,40.6825,35.00004715316155,657559
-73.9619,40.6838,58.00007813952486,90302
-73.9608,40.6832,72.00009700078948,255661
-73.9212,40.7034,9.000012125098685,537590
-73.9194,40.7042,27.000036375296055,413082
-73.9214,40.7058,117.00015762628291,525893
-73.9202,40.7048,77.00010373695542,47934
-73.9802,40.6605,106.00014280671785,722137
-73.9791,40.6598,39.0000525420943,552378
-73.9807,40.6614,44.00005927826024,213511
-73.9794,40.6617,40.00005388932749,7276
-73.9351,40.8073,39.0000525420943,298805
-73.9353,40.8118,17.000022902964183,703913
-73.9319,40.8108,1.0000013472331872,381375
-73.9363,40.8202,24.000032333596494,494714
-73.9335,40.8195,1.0000013472331872,266194
-73.9372,40.8243,20.000026944663745,101655
-73.9313,40.8234,12.000016166798247,558792
-73.8973,40.7072,25.00003368082968,560348
-73.8959,40.7075,13.000017514031434,700259
-73.897,40.712,12.000016166798247,635916
-73.895,40.7114,7.000009430632311,641124
-73.9773,40.7726,76.00010238972223,375422
-73.9778,40.7739,151.00020343221126,543436
-73.9221,40.8324,21.000028291896932,359479
-73.9203,40.8317,10.000013472331872,362379
-73.9245,40.8344,18.00002425019737,536299
-73.9193,40.8353,8.000010777865498,289324
-73.8865,40.7398,22.00002963913012,134405
-73.8813,40.7391,11.00001481956506,473419
-73.8851,40.7429,7.000009430632311,498664
-73.8819,40.7426,17.000022902964183,261226
-73.9269,40.7037,47.0000633199598,411687
-73.9251,40.704,110.0001481956506,347629
-73.9274,40.7057,37.00004984762793,170364
-73.9252,40.7051,34.000045805928366,107786
-73.9557,40.8066,75.00010104248904,659251
-73.9541,40.8065,65.00008757015718,259870
-73.9548,40.8079,34.000045805928366,288753
-73.9545,40.8091,54.00007275059211,708570
-73.8791,40.7343,3.0000040416995617,502671
-73.8772,40.7319,7.000009430632311,422924
-73.8803,40.737,19.000025597430557,571967
-73.8778,40.7356,28.000037722529243,700640
-74.0012,40.7253,177.00023846027415,722780
-74.0002,40.7253,298.0004014754898,157889
-74.0011,40.7264,236.0003179470322,435332
-74.0007,40.726,200.00026944663745,694597
-73.981,40.7626,226.00030447470033,24521
-73.9801,40.7632,166.00022364070907,424966
-73.9805,40.7635,371.0004998235125,7919
-73.9798,40.7639,147.00019804327852,411265
-73.9777,40.752,267.000359711261,159988
-73.9767,40.7519,396.0005335043421,491508
-73.9781,40.7529,176.00023711304095,684359
-73.9769,40.7527,71.00009565355629,575949
-73.9837,40.6637,53.00007140335892,659328
-73.9821,40.6637,15.000020208497808,336568
-73.9837,40.6655,81.00010912588817,671579
-73.9821,40.6655,78.0001050841886,326845
-73.9918,40.7549,203.000273488337,723404
-73.9911,40.7548,142.00019130711257,630206
-73.9917,40.7558,240.00032333596494,340038
-73.991,40.7557,322.0004338090863,309883
-73.9759,40.7492,281.0003785725256,61648
-73.975,40.7486,184.00024789090645,2512
-73.9759,40.7498,163.0002195990095,340537
-73.9753,40.7496,278.00037453082604,254717
-74.0029,40.7271,173.0002330713414,555821
-74.0017,40.7273,296.0003987810234,25009
-74.0025,40.7277,249.00033546106363,649036
-74.0017,40.7274,188.0002532798392,512788
-73.9919,40.7303,152.00020477944446,483265
-73.9909,40.7304,186.00025058537284,440019
-73.992,40.7312,192.00025866877195,466922
-73.9913,40.7308,374.000503865212,644709
-74.0045,40.7242,195.0002627104715,784
-74.0036,40.7237,559.0007531033517,536759
-74.0044,40.7248,112.00015089011697,498756
-74.0038,40.7247,36.00004850039474,437063
-73.9684,40.7074,106.00014280671785,684665
-73.9664,40.7071,54.00007275059211,582426
-73.9684,40.7087,56.000075445058485,347682
-73.9671,40.7092,9.000012125098685,660010
-73.9952,40.7226,129.00017379308116,608736
-73.9945,40.7219,237.00031929426538,167051
-73.9948,40.7234,244.00032872489768,298942
-73.9938,40.7234,287.00038665592473,271868
-73.9919,40.7393,96.00012933438597,463692
-73.9911,40.7394,377.0005079069116,553247
-73.992,40.7402,168.00022633517546,544577
-73.9912,40.7405,256.00034489169593,585103
-73.9822,40.7673,254.00034219722954,430310
-73.9818,40.7676,95.00012798715278,299605
-73.9822,40.7684,430.0005793102705,459488
-73.9814,40.7681,118.0001589735161,247776
-73.9792,40.7601,175.00023576580776,441527
-73.9782,40.7594,262.00035297509504,574109
-73.979,40.7606,190.00025597430556,685449
-73.9788,40.7606,270.00036375296054,142466
-73.9427,40.7109,8.000010777865498,179565
-73.9421,40.7103,2.0000026944663745,277819
-73.9423,40.712,123.00016570968202,136849
-73.942,40.711,91.00012259822003,14516
-73.99,40.7332,294.00039608655703,693893
-73.9894,40.7335,161.00021690454315,114308
-73.9899,40.7336,197.0002654049379,307146
-73.9898,40.7343,244.00032872489768,623921
-73.9621,40.7004,12.000016166798247,573151
-73.9571,40.703,10.000013472331872,298673
-73.9603,40.7057,18.00002425019737,371532
-73.9588,40.7058,16.000021555730996,308731
-73.9932,40.7252,99.00013337608553,688537
-73.9922,40.7252,324.0004365035527,411474
-73.9932,40.7262,228.0003071691667,557777
-73.9926,40.726,241.00032468319813,405288
-73.9806,40.7517,137.00018457094666,15837
-73.9803,40.7517,304.0004095588889,680967
-73.9811,40.7528,240.00032333596494,325376
-73.9797,40.7525,210.00028291896933,644597
-74.0056,40.7273,421.0005671851718,393255
-74.0052,40.7268,116.00015627904972,458667
-74.0055,40.7275,195.0002627104715,477733
-74.0048,40.7277,159.00021421007676,624264
-73.9952,40.7458,160.00021555730996,38426
-73.9944,40.7459,382.0005146430775,523344
-73.9946,40.7462,148.0001993905117,438826
-73.994,40.7465,201.00027079387064,67953
-73.9736,40.6921,20.000026944663745,707564
-73.9724,40.6912,57.00007679229167,687973
-73.9737,40.6928,20.000026944663745,54541
-73.9725,40.6932,125.00016840414841,290871
-73.9518,40.7913,167.00022498794226,81805
-73.95,40.792,14.000018861264621,725094
-73.9517,40.7935,30.000040416995617,487832
-73.9504,40.7931,11.00001481956506,427741
-73.9982,40.7251,163.0002195990095,507057
-73.997,40.7255,385.0005186847771,152941
-73.9983,40.7261,235.000316599799,270592
-73.9973,40.7264,103.00013876501828,216547
-73.9584,40.6876,80.00010777865498,127001
-73.9572,40.6887,81.00010912588817,103709
-73.9584,40.6892,23.000030986363306,294396
-73.9573,40.6892,37.00004984762793,698935
-74.0008,40.7346,190.00025597430556,17167
-74.0,40.7348,295.0003974337902,420863
-74.0014,40.7353,164.0002209462427,79534
-74.0006,40.7357,233.00031390533263,402874
-73.9733,40.7535,160.00021555730996,38095
-73.9721,40.7538,447.0006022132347,259305
-73.9732,40.7543,102.0001374177851,113544
-73.9724,40.7543,172.0002317241082,324288
-74.0444,40.7318,4.000005388932749,291897
-74.0494,40.7371,10.000013472331872,653861
-74.0444,40.7348,41.00005523656068,128152
-73.9935,40.7331,261.00035162786185,296197
-73.9925,40.7329,167.00022498794226,418456
-73.9934,40.7341,216.00029100236844,454914
-73.9925,40.7342,235.000316599799,590193
-73.9868,40.7533,318.0004284201535,203324
-73.9862,40.7539,132.00017783478071,302425
-73.9873,40.7546,220.0002963913012,689004
-73.9864,40.7542,208.00028022450294,17844
-73.9797,40.666,20.000026944663745,167534
-73.9788,40.6662,82.00011047312135,696415
-73.9799,40.6686,77.00010373695542,665981
-73.9782,40.6687,40.00005388932749,513882
-73.961,40.8069,78.0001050841886,561609
-73.9607,40.8069,103.00013876501828,273076
-73.9594,40.8092,38.000051194861115,106642
-73.9808,40.7554,194.00026136323834,112010
-73.9797,40.7549,397.0005348515753,584328
-73.9806,40.7559,124.00016705691522,50948
-73.9803,40.756,159.00021421007676,734441
-73.9853,40.7534,154.00020747391085,460268
-73.9849,40.7536,292.0003933920907,530078
-73.9858,40.7542,140.0001886126462,381851
-73.9848,40.7542,287.00038665592473,533050
-73.992,40.7427,295.0003974337902,294637
-73.9909,40.7428,213.0002869606689,375844
-73.9916,40.7436,163.0002195990095,340437
-73.9911,40.7433,202.00027214110384,559966
-73.9832,40.6659,14.000018861264621,675831
-73.9825,40.6658,105.00014145948467,576890
-73.9835,40.6679,46.00006197272661,97750
-73.9825,40.6683,53.00007140335892,12901
-73.9769,40.7386,57.00007679229167,515658
-73.9758,40.7377,3.0000040416995617,569657
-73.9767,40.7393,56.000075445058485,121171
-73.9761,40.7405,102.0001374177851,331949
-73.9802,40.6696,60.000080833991234,590721
-73.9791,40.6698,59.00007948675805,398048
-73.9801,40.6713,36.00004850039474,272955
-73.9794,40.6709,63.000084875690796,302985
-73.9807,40.6719,63.000084875690796,587510
-73.9794,40.6734,52.000070056125736,312588
-73.9805,40.6749,51.00006870889255,491365
-73.9783,40.6747,52.000070056125736,164002
-73.9872,40.7503,228.0003071691667,288170
-73.9862,40.7506,197.0002654049379,719744
-73.9871,40.7508,220.0002963913012,416468
-73.9862,40.7514,227.0003058219335,587873
-74.0011,40.7302,74.00009969525586,342482
-74.0007,40.7299,380.0005119486111,294169
-74.0014,40.731,302.00040686442253,704063
-74.0007,40.7307,115.00015493181652,428231
-73.9775,40.7538,219.000295044068,347670
-73.9767,40.7536,98.00013202885235,124555
-73.9774,40.7546,219.000295044068,263004
-73.9769,40.7543,335.0004513231177,183632
-73.9061,40.7256,7.000009430632311,541311
-73.9011,40.7254,6.000008083399123,9921
-73.9048,40.7292,5.000006736165936,590011
-73.9003,40.7292,36.00004850039474,224414
-73.9227,40.678,8.000010777865498,351626
-73.9202,40.6781,13.000017514031434,196946
-73.9244,40.6783,14.000018861264621,282206
-73.9191,40.6793,19.000025597430557,665501
-74.0022,40.682,39.0000525420943,465017
-74.0014,40.6825,71.00009565355629,167203
-74.003,40.6841,54.00007275059211,631427
-74.0008,40.6838,52.000070056125736,337121
-73.9839,40.7255,284.00038261422515,422435
-73.9834,40.7253,77.00010373695542,581826
-73.9836,40.7259,303.0004082116557,494660
-73.9831,40.7265,198.00026675217106,698911
-73.8862,40.7666,97.00013068161917,64706
-73.8855,40.7667,14.000018861264621,649206
-73.8872,40.7684,99.00013337608553,64451
-73.8856,40.7676,5.000006736165936,247895
-74.0093,40.7054,111.00014954288378,75448
-74.0083,40.7054,213.0002869606689,735776
-74.0089,40.7062,273.0003677946601,359824
-74.0081,40.7056,261.00035162786185,690471
-73.9823,40.7594,188.0002532798392,275472
-73.9814,40.7594,332.00044728141813,100238
-73.9821,40.7609,169.00022768240865,708836
-73.9815,40.7609,165.0002222934759,556498
-74.0077,40.7501,7.000009430632311,36042
-74.0063,40.7501,4.000005388932749,6783
-74.0077,40.7515,57.00007679229167,738917
-74.0068,40.7514,784.0010562308188,304552
-73.993,40.7382,156.0002101683772,606692
-73.9923,40.738,278.00037453082604,499811
-73.9933,40.7383,241.00032468319813,30863
-73.9929,40.7383,175.00023576580776,507484
-73.9919,40.7221,353.0004755733151,520788
-73.9909,40.7221,10.000013472331872,155285
-73.9915,40.7233,27.000036375296055,103480
-73.9914,40.7233,459.00061838003296,170679
-73.9035,40.7398,15.000020208497808,254976
-73.9014,40.7387,3.0000040416995617,582688
-73.9037,40.743,22.00002963913012,678593
-73.9023,40.7415,13.000017514031434,47
-73.8784,40.7459,6.000008083399123,5003
-73.8775,40.7454,27.000036375296055,176909
-73.8794,40.7497,14.000018861264621,156035
-73.8766,40.7478,6.000008083399123,493240
-73.9852,40.7677,74.00009969525586,55793
-73.985,40.7676,184.00024789090645,564612
-73.9852,40.7687,135.00018187648027,156717
-73.9847,40.7683,452.00060894940066,273224
-73.9547,40.7253,79.00010643142178,350085
-73.9533,40.7263,40.00005388932749,728016
-73.9552,40.7279,56.000075445058485,230881
-73.9544,40.7266,36.00004850039474,704586
-74.0104,40.7051,176.00023711304095,155217
-74.0095,40.7051,256.00034489169593,129766
-74.0102,40.7059,52.000070056125736,255910
-74.01,40.7059,358.000482309481,314938
-73.9999,40.7613,518.000697866791,73127
-73.999,40.761,302.00040686442253,353279
-73.9995,40.762,13.000017514031434,481837
-73.9985,40.7618,5.000006736165936,322169
