x0,x1,x2,weight,source_index
0.5019607843137255,0.48627450980392156,0.5450980392156862,812.0046463278561,998044
0.7490196078431373,0.7215686274509804,0.7490196078431373,1104.006317174819,1030666
0.803921568627451,0.5450980392156862,0.24313725490196078,39.00022316106698,832155
0.7490196078431373,0.49019607843137253,0.23529411764705882,7.0000400545504835,819865
0.24705882352941178,0.3764705882352941,0.11764705882352941,4.000022888314562,452607
0.11764705882352941,0.2549019607843137,0.23529411764705882,17.000097275336888,156149
0.48627450980392156,0.25882352941176473,0.12156862745098039,44.00025177146018,882533
0.25098039215686274,0.3764705882352941,0.11764705882352941,343.00196267297366,439290
0.41568627450980394,0.39215686274509803,0.12156862745098039,4.000022888314562,919516
0.611764705882353,0.6274509803921569,0.3686274509803922,1.0000057220786405,907195
0.6274509803921569,0.6235294117647059,0.37254901960784315,8.000045776629124,875370
0.8745098039215686,0.8705882352941177,0.8784313725490196,2.000011444157281,818775
0.6235294117647059,0.3686274509803922,0.2549019607843137,4.000022888314562,972805
0.24705882352941178,0.5098039215686274,0.6352941176470588,2.000011444157281,931830
0.4823529411764706,0.6549019607843137,0.7529411764705882,13.000074387022327,168232
0.49019607843137253,0.5019607843137255,0.23529411764705882,1.0000057220786405,906169
0.16862745098039217,0.3137254901960784,0.17647058823529413,2385.0136471575574,88943
0.25098039215686274,0.11372549019607843,0.12549019607843137,25.000143051966013,943250
0.615686274509804,0.7764705882352941,0.788235294117647,8.000045776629124,156146
0.7450980392156863,0.8627450980392157,0.8745098039215686,16.000091553258248,868836
0.7333333333333333,0.9019607843137255,0.9215686274509803,2.000011444157281,854363
0.5725490196078431,0.611764705882353,0.7490196078431373,2.000011444157281,902986
0.2549019607843137,0.30980392156862746,0.13333333333333333,129.00073814814462,916443
0.3254901960784314,0.3568627450980392,0.17254901960784313,156.0008926442679,704249
0.30980392156862746,0.44313725490196076,0.1843137254901961,110.00062942865046,428896
0.30980392156862746,0.44313725490196076,0.20392156862745098,91.00052070915628,392011
0.8156862745098039,0.803921568627451,0.8117647058823529,156.0008926442679,924955
0.12156862745098039,0.27450980392156865,0.27450980392156865,17.000097275336888,111033
0.24705882352941178,0.3803921568627451,0.27058823529411763,18.000102997415528,130530
0.09411764705882353,0.25098039215686274,0.4117647058823529,6.000034332471843,152862
0.49019607843137253,0.6274509803921569,0.5372549019607843,6.000034332471843,203311
0.3686274509803922,0.5019607843137255,0.3843137254901961,12.000068664943687,310920
0.054901960784313725,0.06274509803921569,0.058823529411764705,2.000011444157281,836006
0.2823529411764706,0.37254901960784315,0.5019607843137255,37.000211716909696,950086
0.3764705882352941,0.37254901960784315,0.5098039215686274,2.000011444157281,895539
0.27058823529411763,0.4980392156862745,0.6470588235294118,24.000137329887373,917456
0.4392156862745098,0.4980392156862745,0.6549019607843137,16.000091553258248,975834
0.12549019607843137,0.11372549019607843,0.29411764705882354,4.000022888314562,954271
0.10196078431372549,0.23921568627450981,0.3764705882352941,20.00011444157281,438832
0.6941176470588235,0.5843137254901961,0.43137254901960786,80.00045776629123,776808
0.6705882352941176,0.7490196078431373,0.7647058823529411,211.00120735859315,266799
0.6823529411764706,0.8117647058823529,0.807843137254902,2.000011444157281,152046
0.7176470588235294,0.8352941176470589,0.807843137254902,21.00012016365145,834870
0.6823529411764706,0.788235294117647,0.8431372549019608,72.00041198966211,829822
0.6666666666666666,0.8274509803921568,0.8431372549019608,2.000011444157281,162300
0.7450980392156863,0.8352941176470589,0.8392156862745098,119.00068092735822,197156
0.27058823529411763,0.1803921568627451,0.20784313725490197,135.00077248061646,940775
0.32941176470588235,0.16862745098039217,0.20392156862745098,70.00040054550483,915617
0.8784313725490196,0.7254901960784313,0.6862745098039216,10.000057220786404,1007733
0.6274509803921569,0.6745098039215687,0.7803921568627451,23.00013160780873,829706
0.6941176470588235,0.6470588235294118,0.7529411764705882,1.0000057220786405,901963
0.6823529411764706,0.7411764705882353,0.8156862745098039,27.000154496123294,859467
0.6901960784313725,0.7372549019607844,0.8235294117647058,7.0000400545504835,859472
0.611764705882353,0.4745098039215686,0.2627450980392157,202.0011558598854,184629
0.5568627450980392,0.5607843137254902,0.30980392156862746,18.000102997415528,208050
0.611764705882353,0.5843137254901961,0.30980392156862746,24.000137329887373,774926
0.12549019607843137,0.058823529411764705,0.027450980392156862,52.00029754808931,809626
0.2235294117647059,0.054901960784313725,0.058823529411764705,1.0000057220786405,1005684
0.1450980392156863,0.043137254901960784,0.06274509803921569,8.000045776629124,878131
0.15294117647058825,0.28627450980392155,0.15294117647058825,277.0015850157834,95136
0.050980392156862744,0.13725490196078433,0.1843137254901961,1.0000057220786405,201110
0.050980392156862744,0.17647058823529413,0.2196078431372549,8.000045776629124,124371
0.050980392156862744,0.19215686274509805,0.19607843137254902,2.000011444157281,164354
0.06666666666666667,0.2196078431372549,0.21568627450980393,28.000160218201934,157174
0.5411764705882353,0.6901960784313725,0.6666666666666666,4.000022888314562,834866
0.6,0.6980392156862745,0.6392156862745098,57.00032615848251,308870
0.5529411764705883,0.7254901960784313,0.7058823529411765,11.000062942865044,828700
0.6,0.4235294117647059,0.4392156862745098,148.00084686763878,924846
0.6274509803921569,0.3215686274509804,0.043137254901960784,5.000028610393202,790282
0.6274509803921569,0.3607843137254902,0.17254901960784313,44.00025177146018,850554
0.43529411764705883,0.3411764705882353,0.16862745098039217,10.000057220786404,711379
0.49411764705882355,0.3333333333333333,0.1607843137254902,21.00012016365145,186680
0.24705882352941178,0.12549019607843137,0.047058823529411764,156.0008926442679,850734
0.2196078431372549,0.24313725490196078,0.058823529411764705,1.0000057220786405,922599
0.16862745098039217,0.24705882352941178,0.12156862745098039,22.00012588573009,319451
0.23921568627450981,0.18823529411764706,0.11372549019607843,3.0000171662359216,680640
0.29411764705882354,0.3411764705882353,0.13725490196078433,101.0005779299427,874351
0.28627450980392155,0.37254901960784315,0.15294117647058825,449.0025692133096,552849
0.29411764705882354,0.3215686274509804,0.1568627450980392,34.000194550673775,701151
0.6274509803921569,0.5529411764705883,0.5647058823529412,132.00075531438054,852165
0.6901960784313725,0.5490196078431373,0.5607843137254902,3.0000171662359216,911737
0.41568627450980394,0.5764705882352941,0.5137254901960784,6.000034332471843,192032
0.4823529411764706,0.5803921568627451,0.5372549019607843,73.00041771174075,290032
0.4235294117647059,0.5647058823529412,0.5725490196078431,73.00041771174075,142824
0.5843137254901961,0.5529411764705883,0.6313725490196078,17.000097275336888,945931
0.5215686274509804,0.5529411764705883,0.6901960784313725,1.0000057220786405,857420
0.5725490196078431,0.5529411764705883,0.6862745098039216,1.0000057220786405,902984
0.5294117647058824,0.6,0.6941176470588235,158.0009040884252,948036
0.5647058823529412,0.6196078431372549,0.6901960784313725,98.00056076370677,981749
0.43137254901960786,0.5019607843137255,0.30980392156862746,51.00029182601067,304255
0.43529411764705883,0.5019607843137255,0.3137254901960784,74.00042343381939,302212
0.4980392156862745,0.5607843137254902,0.3686274509803922,1.0000057220786405,300189
0.5686274509803921,0.30980392156862746,0.26666666666666666,5.000028610393202,1020147
0.5137254901960784,0.3058823529411765,0.3333333333333333,13.000074387022327,966926
0.1607843137254902,0.1843137254901961,0.27450980392156865,216.00123596898635,163105
0.19607843137254902,0.16862745098039217,0.25098039215686274,24.000137329887373,907819
0.1607843137254902,0.13725490196078433,0.3137254901960784,9.000051498707764,947083
0.2235294117647059,0.1843137254901961,0.3333333333333333,7.0000400545504835,939895
0.21568627450980393,0.3137254901960784,0.1411764705882353,123.00070381567278,636910
0.21568627450980393,0.34901960784313724,0.17647058823529413,178.001018529998,153599
0.30980392156862746,0.4588235294117647,0.4196078431372549,11.000062942865044,829725
0.3686274509803922,0.4588235294117647,0.4196078431372549,70.00040054550483,318935
0.30980392156862746,0.4392156862745098,0.48627450980392156,30.000171662359215,589488
0.13725490196078433,0.30196078431372547,0.2784313725490196,66.00037765719027,105895
0.17647058823529413,0.33725490196078434,0.30980392156862746,8.000045776629124,171534
0.22745098039215686,0.3568627450980392,0.30196078431372547,52.00029754808931,194086
0.16862745098039217,0.3333333333333333,0.3411764705882353,16.000091553258248,161277
0.23921568627450981,0.3215686274509804,0.37254901960784315,190.00108719494168,590459
0.7686274509803922,0.7490196078431373,0.615686274509804,8.000045776629124,219486
0.8823529411764706,0.7686274509803922,0.6078431372549019,1.0000057220786405,148720
0.8823529411764706,0.7843137254901961,0.7294117647058823,34.000194550673775,872712
0.6980392156862745,0.4980392156862745,0.40784313725490196,179.00102425207663,955878
0.6431372549019608,0.43137254901960786,0.4392156862745098,1.0000057220786405,1042558
0.6862745098039216,0.49411764705882355,0.4470588235294118,33.000188828595135,995536
0.1803921568627451,0.21568627450980393,0.12941176470588237,8.000045776629124,469700
0.12549019607843137,0.21568627450980393,0.1568627450980392,63.00036049095435,136898
0.16470588235294117,0.18823529411764706,0.1843137254901961,65.00037193511163,188802
0.1568627450980392,0.23921568627450981,0.1568627450980392,860.0049209876308,249658
0.3137254901960784,0.2980392156862745,0.40784313725490196,85.00048637668444,856393
0.27450980392156865,0.29411764705882354,0.48627450980392156,12.000068664943687,857405
0.3137254901960784,0.30196078431372547,0.4588235294117647,1.0000057220786405,856382
0.7529411764705882,0.7764705882352941,0.8196078431372549,293.00167656904165,881855
0.7843137254901961,0.7764705882352941,0.8235294117647058,29.000165940280574,834719
0.7490196078431373,0.796078431372549,0.8666666666666667,118.00067520527958,834082
0.7843137254901961,0.8,0.8470588235294118,87.00049782084172,866435
0.2784313725490196,0.40784313725490196,0.13333333333333333,3.0000171662359216,467959
0.29411764705882354,0.40784313725490196,0.15294117647058825,481.0027523198261,442282
0.2784313725490196,0.40784313725490196,0.16862745098039217,265.0015163508397,414534
0.09019607843137255,0.09411764705882353,0.09019607843137255,3.0000171662359216,458175
0.08627450980392157,0.09411764705882353,0.10980392156862745,885.0050640395968,464362
0.30980392156862746,0.4470588235294118,0.27058823529411763,1.0000057220786405,203315
0.30980392156862746,0.403921568627451,0.3254901960784314,41.00023460522426,446131
0.28627450980392155,0.4392156862745098,0.3333333333333333,12.000068664943687,263784
0.3568627450980392,0.47843137254901963,0.34509803921568627,79.0004520442126,239190
0.18823529411764706,0.2784313725490196,0.12549019607843137,172.00098419752615,651232
0.24705882352941178,0.25882352941176473,0.13725490196078433,5.000028610393202,242260
0.23529411764705882,0.2549019607843137,0.17254901960784313,51.00029182601067,596718
0.2196078431372549,0.3058823529411765,0.1607843137254902,533.0030498679154,221153
0.3764705882352941,0.3843137254901961,0.1450980392156863,64.00036621303299,875374
0.45098039215686275,0.42745098039215684,0.17254901960784313,4.000022888314562,924649
0.43137254901960786,0.4392156862745098,0.16862745098039217,1.0000057220786405,875372
0.45098039215686275,0.45098039215686275,0.16862745098039217,20.00011444157281,883585
0.49411764705882355,0.3803921568627451,0.24705882352941178,88.00050354292036,753304
0.19607843137254902,0.34901960784313724,0.18823529411764706,196.00112152741355,117680
0.21568627450980393,0.3254901960784314,0.2196078431372549,84.0004806546058,140908
0.22745098039215686,0.3411764705882353,0.2235294117647059,550.0031471432522,176771
0.2,0.34901960784313724,0.2235294117647059,4.000022888314562,87858
0.44313725490196076,0.42745098039215684,0.5137254901960784,169.00096703129023,986801
0.4,0.43137254901960786,0.5764705882352941,9.000051498707764,956323
0.26666666666666666,0.4235294117647059,0.596078431372549,35.000200272752416,169262
0.3607843137254902,0.42745098039215684,0.5647058823529412,16.000091553258248,950161
0.2901960784313726,0.4470588235294118,0.5607843137254902,100.00057220786405,456295
0.35294117647058826,0.18823529411764706,0.03137254901960784,3.0000171662359216,735966
0.2901960784313726,0.19607843137254902,0.12156862745098039,153.000875478032,802486
0.6823529411764706,0.6901960784313725,0.5372549019607843,11.000062942865044,599789
0.7450980392156863,0.6980392156862745,0.5529411764705883,19.00010871949417,227686
0.6627450980392157,0.7098039215686275,0.6196078431372549,125.00071525983006,520925
0.17254901960784313,0.3137254901960784,0.42745098039215684,15.000085831179607,440897
0.1607843137254902,0.2901960784313726,0.4588235294117647,58.00033188056115,175411
0.18823529411764706,0.28627450980392155,0.4666666666666667,79.0004520442126,173362
0.17647058823529413,0.3215686274509804,0.4392156862745098,15.000085831179607,438852
0.29411764705882354,0.3137254901960784,0.20784313725490197,134.00076675853782,625398
0.2823529411764706,0.3411764705882353,0.2196078431372549,74.00042343381939,616196
0.2901960784313726,0.37254901960784315,0.23137254901960785,795.0045490525192,425665
0.7764705882352941,0.8509803921568627,0.8352941176470589,24.000137329887373,834879
0.8,0.8509803921568627,0.8392156862745098,82.00046921044851,968656
0.7725490196078432,0.8156862745098039,0.8431372549019608,318.00181962100766,621757
0.7764705882352941,0.8588235294117647,0.8431372549019608,60.00034332471843,223655
0.8,0.8509803921568627,0.8705882352941177,279.0015964599407,844046
0.7137254901960784,0.7490196078431373,0.7686274509803922,472.0027008211183,1028923
0.7098039215686275,0.7843137254901961,0.7607843137254902,10.000057220786404,571077
0.7372549019607844,0.796078431372549,0.7686274509803922,66.00037765719027,571070
0.7058823529411765,0.788235294117647,0.803921568627451,48.000274659774746,102775
0.7450980392156863,0.7803921568627451,0.807843137254902,718.0041084524638,794887
0.14901960784313725,0.1568627450980392,0.14901960784313725,43.00024604938154,427296
0.16862745098039217,0.1411764705882353,0.17254901960784313,411.00235177432126,173336
0.6509803921568628,0.6078431372549019,0.4549019607843137,796.0045547745979,157923
0.6392156862745098,0.5882352941176471,0.47058823529411764,306.001750956064,142612
0.6431372549019608,0.596078431372549,0.4823529411764706,230.0013160780873,429300
0.8274509803921568,0.6666666666666666,0.6313725490196078,36.000205994831056,993370
0.8156862745098039,0.7058823529411765,0.6784313725490196,166.0009498650543,986254
0.7490196078431373,0.6784313725490196,0.6901960784313725,41.00023460522426,932091
0.8470588235294118,0.7372549019607844,0.7019607843137254,117.00066948320094,926847
0.058823529411764705,0.043137254901960784,0.13725490196078433,4.000022888314562,865720
0.09803921568627451,0.050980392156862744,0.12549019607843137,6.000034332471843,831746
0.058823529411764705,0.09803921568627451,0.14901960784313725,98.00056076370677,220668
0.0,0.023529411764705882,0.20392156862745098,25.000143051966013,966596
0.054901960784313725,0.06274509803921569,0.24705882352941178,12.000068664943687,951191
0.12156862745098039,0.10196078431372549,0.24313725490196078,35.000200272752416,942976
0.7215686274509804,0.6901960784313725,0.7490196078431373,320.00183106516494,817265
0.6941176470588235,0.7137254901960784,0.7843137254901961,3.0000171662359216,802880
0.2784313725490196,0.40784313725490196,0.19215686274509805,54.00030899224659,381756
0.29411764705882354,0.43529411764705883,0.19215686274509805,760.0043487797667,401232
0.2784313725490196,0.40784313725490196,0.23921568627450981,13.000074387022327,216704
0.42745098039215684,0.5215686274509804,0.4196078431372549,76.00043487797667,683736
0.43529411764705883,0.5607843137254902,0.39215686274509803,1.0000057220786405,709339
0.4745098039215686,0.5607843137254902,0.41568627450980394,25.000143051966013,474828
0.4235294117647059,0.5333333333333333,0.4980392156862745,68.00038910134755,293499
0.42745098039215684,0.5607843137254902,0.4588235294117647,2.000011444157281,298624
0.4549019607843137,0.5725490196078431,0.4470588235294118,41.00023460522426,220735
0.4235294117647059,0.1803921568627451,0.14901960784313725,38.00021743898834,980145
0.4823529411764706,0.23529411764705882,0.16470588235294117,160.00091553258247,1047575
0.3803921568627451,0.1843137254901961,0.20392156862745098,3.0000171662359216,1002641
0.23921568627450981,0.1450980392156863,0.13333333333333333,272.0015564053902,934578
0.20784313725490197,0.1411764705882353,0.1607843137254902,51.00029182601067,864621
0.24313725490196078,0.14901960784313725,0.1568627450980392,40.00022888314562,927479
0.23137254901960785,0.1843137254901961,0.1568627450980392,636.0036392420153,597383
0.1450980392156863,0.09019607843137255,0.08627450980392157,745.0042629485871,927459
0.1568627450980392,0.08235294117647059,0.06274509803921569,250.00143051966012,912171
0.13333333333333333,0.08627450980392157,0.09411764705882353,54.00030899224659,901656
0.1843137254901961,0.0784313725490196,0.12156862745098039,11.000062942865044,891443
0.1607843137254902,0.12156862745098039,0.09803921568627451,661.0037822939813,673156
0.09019607843137255,0.18823529411764706,0.13725490196078433,1.0000057220786405,103082
0.07058823529411765,0.18823529411764706,0.1843137254901961,3.0000171662359216,124374
0.11372549019607843,0.20784313725490197,0.1568627450980392,602.0034446913415,106188
0.396078431372549,0.5294117647058824,0.6274509803921569,183.0010471403912,184638
0.43137254901960786,0.5764705882352941,0.6509803921568628,166.0009498650543,528005
0.4980392156862745,0.5568627450980392,0.6941176470588235,3.0000171662359216,860507
0.4,0.6196078431372549,0.7294117647058823,55.00031471432523,916427
0.4470588235294118,0.6196078431372549,0.7215686274509804,47.0002689376961,891786
0.4,0.49019607843137253,0.26666666666666666,119.00068092735822,266863
0.43529411764705883,0.47843137254901963,0.25098039215686274,689.0039425121832,220273
0.403921568627451,0.47058823529411764,0.2901960784313726,85.00048637668444,321613
0.6078431372549019,0.7490196078431373,0.6901960784313725,1.0000057220786405,828702
0.6352941176470588,0.7137254901960784,0.6941176470588235,571.0032673069037,343543
0.6823529411764706,0.7137254901960784,0.6980392156862745,663.0037937381386,588473
0.6470588235294118,0.7176470588235294,0.7098039215686275,20.00011444157281,603311
0.6745098039215687,0.7215686274509804,0.7137254901960784,117.00066948320094,613010
0.6509803921568628,0.7215686274509804,0.7372549019607844,85.00048637668444,585376
0.6745098039215687,0.7215686274509804,0.7254901960784313,537.0030727562299,833850
0.796078431372549,0.8901960784313725,0.8980392156862745,74.00042343381939,869915
0.8705882352941177,0.9372549019607843,0.9098039215686274,7.0000400545504835,845078
0.8470588235294118,0.9215686274509803,0.9450980392156862,4.000022888314562,145678
0.8705882352941177,0.9529411764705882,0.9411764705882353,15.000085831179607,870939
0.7019607843137254,0.7607843137254902,0.8117647058823529,352.0020141716814,594026
0.7019607843137254,0.788235294117647,0.8392156862745098,64.00036621303299,896916
0.7019607843137254,0.7725490196078432,0.8470588235294118,3.0000171662359216,850357
0.7058823529411765,0.807843137254902,0.8549019607843137,26.000148774044654,910263
0.7294117647058823,0.792156862745098,0.8431372549019608,58.00033188056115,877312
0.5647058823529412,0.2980392156862745,0.14901960784313725,52.00029754808931,871248
0.5450980392156862,0.3215686274509804,0.1843137254901961,117.00066948320094,828000
0.6039215686274509,0.35294117647058826,0.1843137254901961,208.00119019235723,883558
0.5686274509803921,0.3058823529411765,0.2,18.000102997415528,972807
0.06274509803921569,0.027450980392156862,0.0196078431372549,38.00021743898834,849665
0.10980392156862745,0.027450980392156862,0.0196078431372549,4.000022888314562,852403
0.09411764705882353,0.043137254901960784,0.027450980392156862,693.0039654004978,813727
0.06666666666666667,0.027450980392156862,0.03137254901960784,4.000022888314562,157994
0.09803921568627451,0.027450980392156862,0.047058823529411764,3.0000171662359216,860713
0.803921568627451,0.7647058823529411,0.7529411764705882,539.0030842003872,902315
0.7764705882352941,0.8,0.7686274509803922,255.00145913005332,449164
0.788235294117647,0.796078431372549,0.7686274509803922,283.00161934825525,695608
0.8,0.7764705882352941,0.788235294117647,376.0021515015688,927001
0.6823529411764706,0.6470588235294118,0.6901960784313725,563.0032215302746,993804
0.6274509803921569,0.6509803921568628,0.7176470588235294,6.000034332471843,793625
0.6588235294117647,0.6509803921568628,0.7372549019607844,1.0000057220786405,815656
0.6784313725490196,0.43137254901960786,0.27058823529411763,158.0009040884252,802409
0.6470588235294118,0.4745098039215686,0.26666666666666666,145.00082970140286,747249
0.7294117647058823,0.47843137254901963,0.25098039215686274,69.00039482342619,853631
0.6862745098039216,0.49411764705882355,0.3411764705882353,18.000102997415528,894796
0.30196078431372547,0.21176470588235294,0.15294117647058825,582.0033302497687,708998
0.26666666666666666,0.23529411764705882,0.14901960784313725,5.000028610393202,662225
0.30980392156862746,0.2235294117647059,0.13333333333333333,16.000091553258248,733874
0.2784313725490196,0.23137254901960785,0.1843137254901961,612.003501912128,707076
0.6901960784313725,0.7019607843137254,0.6941176470588235,586.0033531380833,451199
0.7333333333333333,0.6862745098039216,0.7098039215686275,858.0049095434736,1028647
0.6980392156862745,0.7333333333333333,0.7137254901960784,363.00207711454647,219562
0.7176470588235294,0.7333333333333333,0.7019607843137254,401.00229455353485,389340
0.7333333333333333,0.7176470588235294,0.7254901960784313,685.0039196238687,834565
0.9529411764705882,0.9098039215686274,0.8745098039215686,1.0000057220786405,1006716
0.9058823529411765,0.9450980392156862,0.9137254901960784,122.00069809359414,108968
0.9450980392156862,0.9529411764705882,0.8980392156862745,20.00011444157281,406747
0.8784313725490196,0.9098039215686274,0.9372549019607843,8.000045776629124,833059
0.8745098039215686,0.9529411764705882,0.9647058823529412,44.00025177146018,257630
0.9647058823529412,0.9686274509803922,0.9490196078431372,9.000051498707764,304369
0.6039215686274509,0.5647058823529412,0.45098039215686275,175.00100136376207,123190
0.592156862745098,0.611764705882353,0.4549019607843137,790.004520442126,242920
0.5607843137254902,0.5647058823529412,0.49019607843137253,209.00119591443587,596698
0.6039215686274509,0.5764705882352941,0.47843137254901963,187.00107002870575,681642
0.6039215686274509,0.6196078431372549,0.49411764705882355,781.0044689434183,414923
0.5882352941176471,0.6588235294117647,0.7098039215686275,497.0028438730843,978718
0.5843137254901961,0.6509803921568628,0.7176470588235294,39.00022316106698,935757
0.592156862745098,0.6509803921568628,0.7176470588235294,33.000188828595135,981783
0.5607843137254902,0.6549019607843137,0.7176470588235294,125.00071525983006,534131
0.45098039215686275,0.4627450980392157,0.3254901960784314,358.00204850415327,476272
0.49019607843137253,0.44313725490196076,0.3411764705882353,94.0005378753922,508147
0.4745098039215686,0.49019607843137253,0.3215686274509804,894.0051155383046,481483
0.4666666666666667,0.4470588235294118,0.34901960784313724,83.00047493252715,650858
0.4980392156862745,0.4549019607843137,0.35294117647058826,185.00105858454847,607751
0.4745098039215686,0.48627450980392156,0.34509803921568627,639.0036564082512,481391
0.8431372549019608,0.8313725490196079,0.8117647058823529,216.00123596898635,863894
0.8352941176470589,0.8431372549019608,0.8352941176470589,202.0011558598854,322071
0.8588235294117647,0.8470588235294118,0.8352941176470589,169.00096703129023,884031
0.8470588235294118,0.8313725490196079,0.8470588235294118,67.00038337926891,866493
0.7803921568627451,0.807843137254902,0.8823529411764706,1.0000057220786405,827940
0.803921568627451,0.8470588235294118,0.8784313725490196,107.00061226241453,858521
0.2,0.2235294117647059,0.21176470588235294,99.00056648578541,540207
0.24313725490196078,0.2196078431372549,0.19215686274509805,660.0037765719027,686800
0.23921568627450981,0.2,0.2196078431372549,182.00104141831255,370956
0.19215686274509805,0.23137254901960785,0.24313725490196078,773.0044231667891,344447
0.1411764705882353,0.13333333333333333,0.08627450980392157,2.000011444157281,679649
0.1843137254901961,0.12549019607843137,0.08235294117647059,102.00058365202133,808624
0.14901960784313725,0.16862745098039217,0.10980392156862745,1.0000057220786405,677596
0.1568627450980392,0.1568627450980392,0.12156862745098039,11.000062942865044,657140
0.7686274509803922,0.7568627450980392,0.6745098039215687,154.00088120011063,490721
0.8588235294117647,0.7647058823529411,0.6745098039215687,27.000154496123294,850594
0.8431372549019608,0.8235294117647058,0.6784313725490196,1.0000057220786405,229737
0.792156862745098,0.8196078431372549,0.7411764705882353,13.000074387022327,651976
0.8392156862745098,0.8235294117647058,0.7450980392156863,37.000211716909696,476867
0.5254901960784314,0.5176470588235295,0.4,538.0030784783086,424221
0.5490196078431373,0.5215686274509804,0.3843137254901961,99.00056648578541,100709
0.5058823529411764,0.5254901960784314,0.40784313725490196,76.00043487797667,410841
0.5568627450980392,0.5137254901960784,0.42745098039215684,174.00099564168343,601651
0.5411764705882353,0.5568627450980392,0.41568627450980394,859.0049152655522,430223
0.3137254901960784,0.403921568627451,0.15294117647058825,128.00073242606598,501628
0.36470588235294116,0.4,0.1411764705882353,2.000011444157281,872293
0.3176470588235294,0.41568627450980394,0.15294117647058825,498.00284959516296,470915
0.36470588235294116,0.38823529411764707,0.17254901960784313,14.000080109100967,717575
0.34901960784313724,0.43529411764705883,0.1803921568627451,132.00075531438054,506709
0.4470588235294118,0.5058823529411764,0.3333333333333333,760.0043487797667,336984
0.4980392156862745,0.5137254901960784,0.3215686274509804,625.0035762991503,71059
0.4627450980392157,0.5294117647058824,0.33725490196078434,31.000177384437855,297107
0.4745098039215686,0.5372549019607843,0.32941176470588235,414.0023689405572,285852
0.4588235294117647,0.5333333333333333,0.3568627450980392,44.00025177146018,430770
0.49019607843137253,0.5411764705882353,0.35294117647058826,604.0034561354988,297123
0.33725490196078434,0.3058823529411765,0.20392156862745098,163.0009326988184,3097
0.36470588235294116,0.2823529411764706,0.21568627450980393,468.00267793280375,783856
0.33725490196078434,0.2784313725490196,0.23529411764705882,638.0036506861726,454963
0.3568627450980392,0.27450980392156865,0.2196078431372549,487.0027866522979,619919
0.32941176470588235,0.28627450980392155,0.2235294117647059,503.00287820555616,707175
0.6274509803921569,0.5411764705882353,0.6549019607843137,2.000011444157281,902983
0.6862745098039216,0.615686274509804,0.6313725490196078,107.00061226241453,1016409
0.6470588235294118,0.6196078431372549,0.6862745098039216,5.000028610393202,842152
0.6980392156862745,0.6078431372549019,0.6980392156862745,1.0000057220786405,901962
0.5568627450980392,0.6274509803921569,0.5294117647058824,18.000102997415528,544801
0.615686274509804,0.6901960784313725,0.5568627450980392,4.000022888314562,716552
0.5333333333333333,0.6352941176470588,0.6039215686274509,59.00033760263979,704256
0.611764705882353,0.7137254901960784,0.5647058823529412,13.000074387022327,709338
0.6509803921568628,0.7058823529411765,0.7529411764705882,739.0042286161153,977699
0.6431372549019608,0.7254901960784313,0.7568627450980392,236.00135041055916,899619
0.6352941176470588,0.7098039215686275,0.7803921568627451,19.00010871949417,936806
0.6784313725490196,0.7098039215686275,0.788235294117647,8.000045776629124,933710
0.6352941176470588,0.7294117647058823,0.7803921568627451,48.000274659774746,902048
0.6705882352941176,0.7411764705882353,0.7843137254901961,694.0039711225764,603286
0.39215686274509803,0.1803921568627451,0.043137254901960784,166.0009498650543,834358
0.3764705882352941,0.1411764705882353,0.10196078431372549,46.00026321561746,1003624
0.5764705882352941,0.5019607843137255,0.3176470588235294,867.0049610421813,5428
0.592156862745098,0.5215686274509804,0.33725490196078434,32.000183106516495,3378
0.592156862745098,0.5568627450980392,0.33725490196078434,227.0012989118514,162923
0.5882352941176471,0.5176470588235295,0.34901960784313724,270.0015449612329,108594
0.6,0.5137254901960784,0.3686274509803922,684.00391390179,78924
0.5803921568627451,0.5529411764705883,0.34901960784313724,729.0041713953289,96611
0.6549019607843137,0.5607843137254902,0.4,13.000074387022327,659784
0.6274509803921569,0.592156862745098,0.39215686274509803,346.0019798392096,183508
0.6745098039215687,0.6039215686274509,0.38823529411764707,3.0000171662359216,841546
0.6549019607843137,0.5725490196078431,0.43529411764705883,102.00058365202133,777867
0.6705882352941176,0.596078431372549,0.41568627450980394,19.00010871949417,151789
0.21568627450980393,0.25098039215686274,0.0784313725490196,1.0000057220786405,927733
0.23137254901960785,0.2627450980392157,0.08235294117647059,7.0000400545504835,927732
0.19607843137254902,0.30980392156862746,0.08627450980392157,4.000022888314562,444405
0.18823529411764706,0.27450980392156865,0.12156862745098039,830.0047493252716,650211
0.23529411764705882,0.2784313725490196,0.11764705882352941,22.00012588573009,925682
0.25098039215686274,0.27058823529411763,0.06666666666666667,109.00062370657182,909252
0.3176470588235294,0.30980392156862746,0.08235294117647059,3.0000171662359216,923624
0.32941176470588235,0.34901960784313724,0.11372549019607843,74.00042343381939,891801
0.8392156862745098,0.6235294117647059,0.36470588235294116,1.0000057220786405,841376
0.5686274509803921,0.5098039215686274,0.396078431372549,196.00112152741355,617743
0.5607843137254902,0.5411764705882353,0.3764705882352941,50.00028610393203,598753
0.5764705882352941,0.5019607843137255,0.4196078431372549,241.00137902095236,512254
0.615686274509804,0.5215686274509804,0.4196078431372549,771.0044117226319,795221
0.5764705882352941,0.5294117647058824,0.40784313725490196,159.00090981050383,700074
0.6,0.5568627450980392,0.43529411764705883,667.0038166264532,127280
0.7647058823529411,0.792156862745098,0.8117647058823529,869.0049724863386,726276
0.7607843137254902,0.8,0.8235294117647058,1397.0079937438607,757981
0.7490196078431373,0.792156862745098,0.8352941176470589,503.00287820555616,700417
0.7764705882352941,0.792156862745098,0.8392156862745098,102.00058365202133,832563
0.7607843137254902,0.796078431372549,0.8274509803921568,2137.0122280820547,648253
0.4392156862745098,0.4627450980392157,0.25098039215686274,488.00279237437655,202808
0.49019607843137253,0.4392156862745098,0.25882352941176473,317.001813898929,116742
0.4549019607843137,0.4666666666666667,0.2980392156862745,765.0043773901599,504001
0.48627450980392156,0.4392156862745098,0.30980392156862746,10.000057220786404,702110
0.47058823529411764,0.49411764705882355,0.29411764705882354,320.00183106516494,58771
0.396078431372549,0.28627450980392155,0.38823529411764707,20.00011444157281,933668
0.4823529411764706,0.30196078431372547,0.40784313725490196,1.0000057220786405,928564
0.39215686274509803,0.37254901960784315,0.47058823529411764,216.00123596898635,802254
0.4980392156862745,0.37254901960784315,0.4627450980392157,32.000183106516495,928549
0.6235294117647059,0.6509803921568628,0.6509803921568628,478.00273515359015,429668
0.6549019607843137,0.6274509803921569,0.6470588235294118,446.00255204707366,844913
0.6392156862745098,0.6705882352941176,0.6274509803921569,373.00213433533287,486052
0.6745098039215687,0.6666666666666666,0.6392156862745098,460.0026321561746,871014
0.6470588235294118,0.6588235294117647,0.6588235294117647,541.0030956445445,406161
0.6666666666666666,0.6705882352941176,0.6745098039215687,554.0031700315668,797102
0.13333333333333333,0.15294117647058825,0.18823529411764706,335.00191689634454,184797
0.1568627450980392,0.1450980392156863,0.19215686274509805,47.0002689376961,883100
0.12549019607843137,0.1450980392156863,0.2196078431372549,25.000143051966013,368161
0.16470588235294117,0.15294117647058825,0.2235294117647059,10.000057220786404,886317
0.14901960784313725,0.16470588235294117,0.22745098039215686,759.0043430576881,309653
0.1568627450980392,0.17647058823529413,0.24313725490196078,354.0020256158387,413307
0.396078431372549,0.25882352941176473,0.19607843137254902,404.0023117197708,178470
0.43529411764705883,0.2549019607843137,0.2,150.00085831179607,921709
0.38823529411764707,0.2823529411764706,0.21568627450980393,602.0034446913415,656749
0.43137254901960786,0.30196078431372547,0.20392156862745098,232.0013275222446,725674
0.40784313725490196,0.27450980392156865,0.24705882352941178,430.0024604938154,966187
0.40784313725490196,0.30980392156862746,0.23529411764705882,600.0034332471843,769428
0.5254901960784314,0.5686274509803921,0.3843137254901961,389.00222588859117,287934
0.5294117647058824,0.5686274509803921,0.4,754.0043144472949,299198
0.5529411764705883,0.596078431372549,0.4,4.000022888314562,710402
0.5254901960784314,0.5686274509803921,0.43529411764705883,702.0040168992056,573551
0.5215686274509804,0.592156862745098,0.43529411764705883,1.0000057220786405,476875
0.5568627450980392,0.592156862745098,0.40784313725490196,77.00044060005531,259276
0.0196078431372549,0.0196078431372549,0.027450980392156862,312.0017852885358,206232
0.043137254901960784,0.01568627450980392,0.01568627450980392,460.0026321561746,655095
0.023529411764705882,0.027450980392156862,0.03137254901960784,437.0025005483659,209311
0.0392156862745098,0.027450980392156862,0.043137254901960784,78.00044632213395,164095
0.027450980392156862,0.03137254901960784,0.043137254901960784,104.00059509617861,205222
0.5254901960784314,0.5764705882352941,0.6470588235294118,782.0044746654969,1005262
0.5529411764705883,0.5647058823529412,0.6352941176470588,472.0027008211183,815662
0.5098039215686274,0.592156862745098,0.6470588235294118,514.0029411484212,1005561
0.5568627450980392,0.592156862745098,0.6313725490196078,581.0033245276901,844953
0.5137254901960784,0.5803921568627451,0.6549019607843137,216.00123596898635,952116
0.5529411764705883,0.5803921568627451,0.6627450980392157,157.00089836634655,947995
0.5176470588235295,0.6078431372549019,0.6745098039215687,648.003707906959,1003492
0.3333333333333333,0.18823529411764706,0.1411764705882353,616.0035248004425,942682
0.34509803921568627,0.19215686274509805,0.15294117647058825,300.00171662359213,947820
0.3333333333333333,0.23137254901960785,0.14901960784313725,99.00056648578541,737947
0.37254901960784315,0.2235294117647059,0.13333333333333333,171.0009784754475,885484
0.34901960784313724,0.21568627450980393,0.1843137254901961,692.0039596784192,953984
0.3686274509803922,0.2196078431372549,0.16862745098039217,324.0018539534795,943697
0.4549019607843137,0.3254901960784314,0.27058823529411763,539.0030842003872,916924
0.47058823529411764,0.32941176470588235,0.2784313725490196,82.00046921044851,923212
0.47843137254901963,0.3686274509803922,0.26666666666666666,697.0039882888124,35908
0.45098039215686275,0.3215686274509804,0.28627450980392155,446.00255204707366,909757
0.48627450980392156,0.3137254901960784,0.28627450980392155,332.0018997301086,956914
0.4549019607843137,0.3607843137254902,0.2901960784313726,625.0035762991503,782760
0.4745098039215686,0.34901960784313724,0.2901960784313726,450.0025749353882,905614
0.5803921568627451,0.4,0.3411764705882353,788.0045089979687,1026067
0.5764705882352941,0.43529411764705883,0.3215686274509804,36.000205994831056,705212
0.6196078431372549,0.41568627450980394,0.3333333333333333,256.00146485213196,960540
0.6039215686274509,0.4,0.3568627450980392,438.00250627044454,971021
0.5803921568627451,0.41568627450980394,0.36470588235294116,239.00136757679508,1011978
0.3176470588235294,0.403921568627451,0.25882352941176473,138.00078964685238,112067
0.3411764705882353,0.4235294117647059,0.25098039215686274,694.0039711225764,15772
0.33725490196078434,0.39215686274509803,0.2823529411764706,18.000102997415528,533213
0.37254901960784315,0.4,0.2901960784313726,31.000177384437855,426660
0.3333333333333333,0.40784313725490196,0.28627450980392155,26.000148774044654,418476
0.37254901960784315,0.4196078431372549,0.2823529411764706,97.00055504162813,524311
0.5882352941176471,0.5803921568627451,0.3803921568627451,444.0025406029164,208100
0.5725490196078431,0.596078431372549,0.3843137254901961,103.00058937409997,229576
0.6039215686274509,0.592156862745098,0.403921568627451,290.0016594028057,190707
0.5607843137254902,0.5764705882352941,0.43137254901960786,544.0031128107804,416953
0.6196078431372549,0.5647058823529412,0.40784313725490196,288.00164795864845,87372
0.5647058823529412,0.596078431372549,0.41568627450980394,569.0032558627464,258252
0.6,0.6,0.43137254901960786,893.005109816226,213234
0.21176470588235294,0.18823529411764706,0.14901960784313725,20.00011444157281,690751
0.24705882352941178,0.18823529411764706,0.15294117647058825,488.00279237437655,673243
0.2,0.23529411764705882,0.1450980392156863,8.000045776629124,555753
0.2196078431372549,0.22745098039215686,0.1411764705882353,9.000051498707764,599791
0.21176470588235294,0.19607843137254902,0.1803921568627451,856.0048980993163,703016
0.20392156862745098,0.24705882352941178,0.1607843137254902,15.000085831179607,555754
0.23921568627450981,0.2235294117647059,0.1843137254901961,73.00041771174075,585216
0.2549019607843137,0.21176470588235294,0.18823529411764706,323.00184823140086,707160
0.30196078431372547,0.21176470588235294,0.20784313725490197,152.00086975595335,174365
0.25098039215686274,0.20784313725490197,0.23529411764705882,55.00031471432523,590550
0.29411764705882354,0.20784313725490197,0.24705882352941178,64.00036621303299,942827
0.2784313725490196,0.23529411764705882,0.24705882352941178,671.0038395147677,882093
0.30980392156862746,0.2196078431372549,0.23137254901960785,181.0010356962339,940747
0.396078431372549,0.3764705882352941,0.27058823529411763,74.00042343381939,599763
0.4117647058823529,0.38823529411764707,0.2784313725490196,25.000143051966013,519396
0.40784313725490196,0.42745098039215684,0.26666666666666666,352.0020141716814,524514
0.38823529411764707,0.3803921568627451,0.30196078431372547,44.00025177146018,437548
0.4235294117647059,0.396078431372549,0.30980392156862746,180.00102997415527,699952
0.4117647058823529,0.43137254901960786,0.2823529411764706,102.00058365202133,534549
0.2,0.27450980392156865,0.20392156862745098,23.00013160780873,106926
0.23529411764705882,0.2549019607843137,0.21176470588235294,28.000160218201934,203132
0.24313725490196078,0.30980392156862746,0.21568627450980393,544.0031128107804,538336
0.21176470588235294,0.2549019607843137,0.24705882352941178,11.000062942865044,391617
0.24705882352941178,0.25098039215686274,0.23137254901960785,114.00065231696502,469476
0.18823529411764706,0.3058823529411765,0.24313725490196078,11.000062942865044,151024
0.24313725490196078,0.30196078431372547,0.2196078431372549,53.00030327016795,559852
0.21176470588235294,0.1411764705882353,0.08235294117647059,355.00203133791734,774857
0.24313725490196078,0.15294117647058825,0.0784313725490196,555.0031757536455,779942
0.21176470588235294,0.17647058823529413,0.08235294117647059,2.000011444157281,834972
0.24705882352941178,0.1568627450980392,0.08627450980392157,40.00022888314562,798383
0.22745098039215686,0.13333333333333333,0.10196078431372549,515.0029468704998,925333
0.20392156862745098,0.1568627450980392,0.11764705882352941,452.0025863795455,727499
0.22745098039215686,0.1607843137254902,0.10980392156862745,719.0041141745425,730556
0.17647058823529413,0.2627450980392157,0.16470588235294117,1181.0067577748744,263007
0.16862745098039217,0.27058823529411763,0.16470588235294117,2265.0129605081206,203655
0.1803921568627451,0.2784313725490196,0.16470588235294117,2599.0148716823865,298821
0.1607843137254902,0.2627450980392157,0.1803921568627451,1386.0079308009956,151196
0.17254901960784313,0.2627450980392157,0.17254901960784313,74.00042343381939,228171
0.16470588235294117,0.27450980392156865,0.17647058823529413,3209.0183621503575,176967
0.1803921568627451,0.27450980392156865,0.17647058823529413,2346.0134239964905,260933
0.5647058823529412,0.3843137254901961,0.38823529411764707,628.0035934653862,943279
0.611764705882353,0.4,0.3803921568627451,52.00029754808931,962725
0.5764705882352941,0.403921568627451,0.4196078431372549,87.00049782084172,967905
0.6039215686274509,0.403921568627451,0.4196078431372549,9.000051498707764,914819
0.592156862745098,0.43529411764705883,0.41568627450980394,380.00217438988335,1043869
0.2196078431372549,0.2784313725490196,0.3254901960784314,689.0039425121832,163256
0.21568627450980393,0.2823529411764706,0.3176470588235294,96.00054931954949,412275
0.23921568627450981,0.2823529411764706,0.33725490196078434,550.0031471432522,268672
0.20784313725490197,0.2784313725490196,0.34901960784313724,547.0031299770163,594551
0.2235294117647059,0.2784313725490196,0.34509803921568627,224.00128174561547,137676
0.21176470588235294,0.2823529411764706,0.37254901960784315,338.00193406258046,517702
0.22745098039215686,0.2823529411764706,0.36470588235294116,889.0050869279114,260561
0.20784313725490197,0.3176470588235294,0.09019607843137255,16.000091553258248,449514
0.2235294117647059,0.33725490196078434,0.09019607843137255,8.000045776629124,460799
0.20784313725490197,0.3215686274509804,0.10588235294117647,102.00058365202133,420837
0.3411764705882353,0.21568627450980393,0.2,684.00391390179,926227
0.37254901960784315,0.20392156862745098,0.19607843137254902,350.00200272752414,893026
0.3137254901960784,0.2,0.2196078431372549,99.00056648578541,908668
0.34509803921568627,0.20392156862745098,0.22745098039215686,57.00032615848251,917652
0.3411764705882353,0.22745098039215686,0.23921568627450981,124.00070953775142,903688
0.34901960784313724,0.23921568627450981,0.24313725490196078,377.00215722364743,975399
0.403921568627451,0.4588235294117647,0.3137254901960784,61.00034904679707,383032
0.38823529411764707,0.47843137254901963,0.3215686274509804,26.000148774044654,195113
0.396078431372549,0.4392156862745098,0.3607843137254902,13.000074387022327,675538
0.43529411764705883,0.4470588235294118,0.36470588235294116,28.000160218201934,626241
0.3803921568627451,0.48627450980392156,0.35294117647058826,8.000045776629124,519907
0.43529411764705883,0.47843137254901963,0.34509803921568627,27.000154496123294,441368
0.5137254901960784,0.5176470588235295,0.2784313725490196,385.0022030002766,199804
0.5294117647058824,0.5019607843137255,0.27450980392156865,46.00026321561746,178285
0.5176470588235295,0.5294117647058824,0.2784313725490196,57.00032615848251,208032
0.5490196078431373,0.5529411764705883,0.27450980392156865,10.000057220786404,877424
0.5176470588235295,0.5098039215686274,0.3058823529411765,730.0041771174075,63875
0.5215686274509804,0.5450980392156862,0.3058823529411765,422.0024147171863,227519
0.5333333333333333,0.5411764705882353,0.29411764705882354,841.0048122681367,208019
0.6196078431372549,0.4549019607843137,0.3254901960784314,38.00021743898834,878263
0.5607843137254902,0.48627450980392156,0.33725490196078434,799.0045719408338,718501
0.6078431372549019,0.49019607843137253,0.32941176470588235,108.00061798449318,772759
0.5803921568627451,0.4666666666666667,0.34901960784313724,285.0016307924125,26763
0.6,0.45098039215686275,0.35294117647058826,35.000200272752416,855078
0.6039215686274509,0.48627450980392156,0.37254901960784315,590.0033760263979,32894
0.6549019607843137,0.4588235294117647,0.39215686274509803,262.0014991846038,955518
0.6392156862745098,0.47058823529411764,0.403921568627451,47.0002689376961,993353
0.6549019607843137,0.47058823529411764,0.403921568627451,337.0019283405018,940160
0.6313725490196078,0.4627450980392157,0.4117647058823529,881.0050411512823,935967
0.6549019607843137,0.4627450980392157,0.42745098039215684,63.00036049095435,1007688
0.6352941176470588,0.47058823529411764,0.43137254901960786,553.0031643094882,899169
0.6823529411764706,0.49411764705882355,0.4196078431372549,709.004056953756,1027330
0.6274509803921569,0.5098039215686274,0.45098039215686275,159.00090981050383,912222
0.6745098039215687,0.5176470588235295,0.4627450980392157,510.00291826010664,985296
0.6588235294117647,0.5411764705882353,0.4588235294117647,39.00022316106698,897628
0.6431372549019608,0.5019607843137255,0.47058823529411764,461.00263787825327,1040520
0.6235294117647059,0.5372549019607843,0.49411764705882355,135.00077248061646,922142
0.6823529411764706,0.5372549019607843,0.4980392156862745,258.00147629628924,1010857
0.07450980392156863,0.08235294117647059,0.14901960784313725,84.0004806546058,868814
0.10196078431372549,0.08235294117647059,0.12941176470588237,22.00012588573009,840980
0.07450980392156863,0.11372549019607843,0.1411764705882353,559.00319864196,499245
0.0784313725490196,0.06666666666666667,0.16470588235294117,2.000011444157281,861633
0.12156862745098039,0.08627450980392157,0.17647058823529413,5.000028610393202,829702
0.0784313725490196,0.10980392156862745,0.1568627450980392,131.0007495923019,374329
0.09411764705882353,0.11764705882352941,0.1568627450980392,198.00113297157083,828956
0.4666666666666667,0.3843137254901961,0.2627450980392157,433.00247766005134,61445
0.4666666666666667,0.4117647058823529,0.25098039215686274,10.000057220786404,99329
0.4980392156862745,0.4196078431372549,0.27058823529411763,465.00266076656783,81958
0.4470588235294118,0.3764705882352941,0.30196078431372547,415.0023746626358,510238
0.49411764705882355,0.39215686274509803,0.28627450980392155,885.0050640395968,678252
0.4470588235294118,0.4117647058823529,0.30980392156862746,53.00030327016795,667237
0.49411764705882355,0.40784313725490196,0.28627450980392155,198.00113297157083,52261
0.25882352941176473,0.34901960784313724,0.1607843137254902,2283.013063505536,676757
0.27450980392156865,0.3568627450980392,0.1607843137254902,2946.0168572436746,585655
0.2627450980392157,0.3686274509803922,0.16862745098039217,908.0051956474056,379738
0.2627450980392157,0.3568627450980392,0.1843137254901961,878.0050239850464,335801
0.27058823529411763,0.34901960784313724,0.17647058823529413,1508.0086288945897,697119
0.25882352941176473,0.37254901960784315,0.17647058823529413,615.0035190783639,371566
0.2784313725490196,0.3607843137254902,0.1843137254901961,1968.0112610507645,676666
0.16470588235294117,0.28627450980392155,0.16470588235294117,3465.0198270024894,64489
0.17647058823529413,0.2901960784313726,0.1607843137254902,1899.0108662273383,178093
0.16470588235294117,0.2980392156862745,0.16862745098039217,1901.0108776714956,65473
0.1803921568627451,0.30980392156862746,0.16470588235294117,2403.013750154973,140213
0.16862745098039217,0.2901960784313726,0.1843137254901961,1396.007988021782,2631
0.17647058823529413,0.2901960784313726,0.1803921568627451,2320.013275222446,5671
0.16862745098039217,0.30196078431372547,0.17254901960784313,842.0048179902153,45973
0.1803921568627451,0.30980392156862746,0.1843137254901961,884.0050583175182,147282
0.2823529411764706,0.2627450980392157,0.2549019607843137,399.0022831093776,608817
0.26666666666666666,0.2901960784313726,0.2784313725490196,109.00062370657182,653952
0.2901960784313726,0.28627450980392155,0.25882352941176473,433.00247766005134,644716
0.26666666666666666,0.27450980392156865,0.2980392156862745,584.003341693926,282958
0.3058823529411765,0.2784313725490196,0.2901960784313726,94.0005378753922,331049
0.26666666666666666,0.30980392156862746,0.30196078431372547,577.0033016393755,419420
0.29411764705882354,0.2823529411764706,0.28627450980392155,634.003627797858,335284
0.5843137254901961,0.6431372549019608,0.6352941176470588,313.00179101061445,486071
0.6039215686274509,0.6509803921568628,0.6392156862745098,486.0027809302193,628415
0.5764705882352941,0.6823529411764706,0.6431372549019608,10.000057220786404,182813
0.611764705882353,0.6705882352941176,0.6274509803921569,262.0014991846038,572517
0.6039215686274509,0.6352941176470588,0.6823529411764706,855.0048923772376,911261
0.5803921568627451,0.6627450980392157,0.6705882352941176,152.00086975595335,488038
0.6039215686274509,0.6745098039215687,0.6745098039215687,474.0027122652756,585857
0.7843137254901961,0.6549019607843137,0.5254901960784314,79.0004520442126,829020
0.8196078431372549,0.6470588235294118,0.5058823529411764,9.000051498707764,855682
0.7490196078431373,0.6941176470588235,0.5176470588235295,7.0000400545504835,226659
0.8117647058823529,0.6941176470588235,0.5411764705882353,7.0000400545504835,858754
0.8352941176470589,0.6627450980392157,0.592156862745098,62.00035476887571,960663
0.7686274509803922,0.7137254901960784,0.6196078431372549,148.00084686763878,736597
0.8549019607843137,0.7215686274509804,0.5882352941176471,28.000160218201934,849571
0.22745098039215686,0.3137254901960784,0.12549019607843137,2110.0120735859314,831388
0.23137254901960785,0.32941176470588235,0.12549019607843137,120.00068664943686,574462
0.24705882352941178,0.3333333333333333,0.12941176470588237,2382.0136299913215,558014
0.2235294117647059,0.3137254901960784,0.1450980392156863,1526.0087318920052,638905
0.23921568627450981,0.3215686274509804,0.1450980392156863,1317.0075359775694,636802
0.23137254901960785,0.32941176470588235,0.15294117647058825,81.00046348836987,332797
0.24705882352941178,0.3411764705882353,0.1450980392156863,2035.0116444300334,581572
0.19607843137254902,0.21176470588235294,0.2784313725490196,302.0017280677494,239048
0.24313725490196078,0.20784313725490197,0.25098039215686274,31.000177384437855,885151
0.22745098039215686,0.24313725490196078,0.27450980392156865,833.0047664915076,355668
0.2,0.21568627450980393,0.2823529411764706,44.00025177146018,314928
0.23529411764705882,0.20784313725490197,0.2823529411764706,12.000068664943687,855359
0.21176470588235294,0.23137254901960785,0.2823529411764706,856.0048980993163,161186
0.23529411764705882,0.24705882352941178,0.28627450980392155,254.00145340797468,331196
0.5764705882352941,0.4627450980392157,0.396078431372549,179.00102425207663,937512
0.615686274509804,0.45098039215686275,0.3843137254901961,418.00239182887174,1028127
0.5882352941176471,0.49411764705882355,0.3764705882352941,384.00219727819797,5286
0.6,0.48627450980392156,0.38823529411764707,309.0017681222999,905814
0.5803921568627451,0.4470588235294118,0.43137254901960786,335.00191689634454,892343
0.5607843137254902,0.47058823529411764,0.4196078431372549,223.00127602353683,931364
0.6,0.4745098039215686,0.42745098039215684,137.00078392477374,1026220
0.403921568627451,0.32941176470588235,0.27058823529411763,665.0038051822959,456991
0.3803921568627451,0.34901960784313724,0.27058823529411763,160.00091553258247,695892
0.4117647058823529,0.34901960784313724,0.2627450980392157,513.0029354263426,727666
0.3803921568627451,0.32941176470588235,0.2823529411764706,217.001241691065,658033
0.40784313725490196,0.33725490196078434,0.28627450980392155,205.0011730261213,661210
0.3803921568627451,0.36470588235294116,0.30980392156862746,300.00171662359213,425379
0.4196078431372549,0.34509803921568627,0.29411764705882354,428.00244904965814,478475
0.12941176470588237,0.23137254901960785,0.1607843137254902,3022.0172921216513,93848
0.1411764705882353,0.23137254901960785,0.1607843137254902,224.00128174561547,85620
0.12549019607843137,0.23137254901960785,0.17254901960784313,36.000205994831056,86758
0.12549019607843137,0.23921568627450981,0.17254901960784313,773.0044231667891,69323
0.1411764705882353,0.24705882352941178,0.17254901960784313,380.00217438988335,142111
0.6235294117647059,0.5176470588235295,0.38823529411764707,94.0005378753922,750950
0.6823529411764706,0.5019607843137255,0.4,10.000057220786404,896001
0.6274509803921569,0.5568627450980392,0.4,334.0019111742659,136323
0.6627450980392157,0.5490196078431373,0.403921568627451,52.00029754808931,693570
0.6235294117647059,0.5254901960784314,0.4196078431372549,81.00046348836987,22707
0.6705882352941176,0.5098039215686274,0.43137254901960786,51.00029182601067,1036304
0.6666666666666666,0.5568627450980392,0.41568627450980394,55.00031471432523,882335
0.1411764705882353,0.2627450980392157,0.18823529411764706,499.0028553172416,48897
0.16862745098039217,0.2784313725490196,0.18823529411764706,550.0031471432522,145047
0.15294117647058825,0.2823529411764706,0.19215686274509805,110.00062942865046,72471
0.1450980392156863,0.27058823529411763,0.23529411764705882,13.000074387022327,142827
0.17647058823529413,0.25882352941176473,0.24705882352941178,7.0000400545504835,108979
0.15294117647058825,0.2823529411764706,0.2235294117647059,4.000022888314562,144876
0.1803921568627451,0.2980392156862745,0.22745098039215686,9.000051498707764,200235
0.27450980392156865,0.3411764705882353,0.3764705882352941,694.0039711225764,616054
0.2823529411764706,0.3254901960784314,0.396078431372549,314.0017967326931,374255
0.25098039215686274,0.34901960784313724,0.3803921568627451,213.00121880275043,380399
0.2823529411764706,0.34509803921568627,0.3843137254901961,463.00264932241055,128452
0.2549019607843137,0.33725490196078434,0.40784313725490196,395.002260221063,403057
0.2901960784313726,0.3411764705882353,0.41568627450980394,90.00051498707764,280955
0.27450980392156865,0.3568627450980392,0.4235294117647059,568.0032501406678,341516
0.29411764705882354,0.36470588235294116,0.42745098039215684,561.0032100861173,384554
0.5098039215686274,0.5215686274509804,0.3333333333333333,532.0030441458367,67984
0.5568627450980392,0.5254901960784314,0.3137254901960784,169.00096703129023,23911
0.5176470588235295,0.5568627450980392,0.3411764705882353,330.00188828595134,259257
0.5529411764705883,0.5450980392156862,0.33725490196078434,575.0032901952183,36214
0.5098039215686274,0.5137254901960784,0.34901960784313724,799.0045719408338,467148
0.5450980392156862,0.5098039215686274,0.3686274509803922,35.000200272752416,683708
0.5019607843137255,0.5490196078431373,0.3568627450980392,507.0029010938707,293038
0.5568627450980392,0.5490196078431373,0.3568627450980392,345.00197411713094,74112
0.5686274509803921,0.5843137254901961,0.6509803921568628,403.00230599769213,1028789
0.596078431372549,0.5882352941176471,0.6274509803921569,229.00131035600867,794666
0.5607843137254902,0.615686274509804,0.6274509803921569,472.0027008211183,607896
0.592156862745098,0.6196078431372549,0.6470588235294118,558.0031929198814,289390
0.5725490196078431,0.5843137254901961,0.6588235294117647,26.000148774044654,810576
0.6196078431372549,0.5882352941176471,0.6588235294117647,11.000062942865044,828526
0.5843137254901961,0.6078431372549019,0.6588235294117647,781.0044689434183,1032893
0.6078431372549019,0.6196078431372549,0.6549019607843137,781.0044689434183,266849
0.5058823529411764,0.396078431372549,0.25882352941176473,248.00141907550284,752271
0.5372549019607843,0.3803921568627451,0.25098039215686274,82.00046921044851,888470
0.5058823529411764,0.4235294117647059,0.26666666666666666,103.00058937409997,92190
0.5450980392156862,0.40784313725490196,0.2627450980392157,47.0002689376961,788115
0.5098039215686274,0.396078431372549,0.28627450980392155,709.004056953756,27739
0.5490196078431373,0.39215686274509803,0.2823529411764706,47.0002689376961,891493
0.13333333333333333,0.19607843137254902,0.2549019607843137,440.0025177146018,450071
0.13333333333333333,0.2196078431372549,0.2784313725490196,26.000148774044654,203170
0.1803921568627451,0.22745098039215686,0.25882352941176473,445.002546324995,328274
0.13333333333333333,0.20392156862745098,0.2901960784313726,249.00142479758148,241161
0.1568627450980392,0.20392156862745098,0.28627450980392155,234.00133896640187,455188
0.14901960784313725,0.22745098039215686,0.30980392156862746,128.00073242606598,376357
0.1843137254901961,0.22745098039215686,0.2980392156862745,781.0044689434183,385548
0.3843137254901961,0.3137254901960784,0.21568627450980393,58.00033188056115,5188
0.43529411764705883,0.3215686274509804,0.2,48.000274659774746,752270
0.3803921568627451,0.3568627450980392,0.21568627450980393,1.0000057220786405,612080
0.41568627450980394,0.34509803921568627,0.20784313725490197,2.000011444157281,702167
0.4,0.34509803921568627,0.23529411764705882,68.00038910134755,20483
0.4196078431372549,0.34509803921568627,0.23921568627450981,564.0032272523532,35848
0.23529411764705882,0.12156862745098039,0.12549019607843137,36.000205994831056,929960
0.1568627450980392,0.11764705882352941,0.20784313725490197,10.000057220786404,815655
0.12941176470588237,0.2549019607843137,0.16470588235294117,1458.0083427906577,8996
0.14901960784313725,0.25098039215686274,0.16862745098039217,3421.019575231029,178897
0.13725490196078433,0.26666666666666666,0.1568627450980392,105.00060081825725,1882
0.1411764705882353,0.27058823529411763,0.1607843137254902,1982.0113411598654,10055
0.13725490196078433,0.25098039215686274,0.17647058823529413,1362.0077934711082,115474
0.15294117647058825,0.25098039215686274,0.17647058823529413,2387.0136586017147,126713
0.13725490196078433,0.26666666666666666,0.1843137254901961,146.0008354234815,57098
0.15294117647058825,0.27450980392156865,0.17254901960784313,1847.010568679249,80696
0.19215686274509805,0.2901960784313726,0.1607843137254902,1279.007318538581,211911
0.20392156862745098,0.2901960784313726,0.1568627450980392,269.0015392391543,279499
0.19607843137254902,0.30196078431372547,0.16470588235294117,1199.0068607722899,199627
0.21176470588235294,0.3058823529411765,0.16862745098039217,1292.0073929256034,291806
0.19215686274509805,0.28627450980392155,0.17647058823529413,2963.0169545190115,259953
0.20392156862745098,0.29411764705882354,0.17647058823529413,398.00227738729893,308945
0.19607843137254902,0.3058823529411765,0.1843137254901961,2716.0155411655874,6679
0.21568627450980393,0.30980392156862746,0.1803921568627451,2492.014259419972,287646
0.7843137254901961,0.8117647058823529,0.8235294117647058,128.00073242606598,874137
0.803921568627451,0.8156862745098039,0.8196078431372549,193.00110436117762,975706
0.788235294117647,0.8274509803921568,0.8156862745098039,20.00011444157281,103827
0.803921568627451,0.8274509803921568,0.8235294117647058,54.00030899224659,978911
0.796078431372549,0.8196078431372549,0.8352941176470589,2799.0160160981145,651497
0.792156862745098,0.8274509803921568,0.8352941176470589,72.00041198966211,850376
0.807843137254902,0.8274509803921568,0.8392156862745098,522.0029869250503,749872
0.4470588235294118,0.5176470588235295,0.5607843137254902,264.0015106287611,252406
0.49019607843137253,0.5019607843137255,0.5725490196078431,282.0016136261766,930620
0.4666666666666667,0.5372549019607843,0.5647058823529412,463.00264932241055,624300
0.47058823529411764,0.5568627450980392,0.5686274509803921,395.002260221063,292395
0.4666666666666667,0.5215686274509804,0.592156862745098,241.00137902095236,841983
0.49019607843137253,0.5215686274509804,0.596078431372549,260.0014877404465,974546
0.4666666666666667,0.5450980392156862,0.611764705882353,594.0033989147124,930774
0.47843137254901963,0.5411764705882353,0.611764705882353,521.0029812029717,942071
0.5607843137254902,0.5607843137254902,0.5882352941176471,445.002546324995,803304
0.596078431372549,0.5764705882352941,0.5607843137254902,301.00172234567077,301301
0.5803921568627451,0.611764705882353,0.5882352941176471,287.0016422365698,426511
0.6039215686274509,0.611764705882353,0.5882352941176471,371.0021228911756,386682
0.5764705882352941,0.5764705882352941,0.6,303.00173378982805,812527
0.6078431372549019,0.5843137254901961,0.615686274509804,274.0015678495475,794655
0.5607843137254902,0.6039215686274509,0.6039215686274509,499.0028553172416,285077
0.611764705882353,0.6196078431372549,0.611764705882353,489.0027980964552,122300
0.5019607843137255,0.4392156862745098,0.26666666666666666,251.00143624173876,110612
0.5333333333333333,0.4392156862745098,0.27450980392156865,1.0000057220786405,153841
0.5019607843137255,0.48627450980392156,0.27058823529411763,767.0043888343172,160789
0.5411764705882353,0.4980392156862745,0.2784313725490196,57.00032615848251,11614
0.5019607843137255,0.4392156862745098,0.2823529411764706,340.00194550673774,86023
0.5568627450980392,0.44313725490196076,0.30980392156862746,582.0033302497687,54363
0.5254901960784314,0.49019607843137253,0.2823529411764706,207.0011844702786,150536
0.5450980392156862,0.47058823529411764,0.3058823529411765,761.0043545018453,97314
0.06274509803921569,0.12549019607843137,0.1411764705882353,9.000051498707764,225672
0.09019607843137255,0.17647058823529413,0.13333333333333333,78.00044632213395,102086
0.09411764705882353,0.16862745098039217,0.12549019607843137,436.00249482628726,94918
0.08235294117647059,0.13333333333333333,0.17647058823529413,95.00054359747084,552538
0.0784313725490196,0.1568627450980392,0.17647058823529413,1.0000057220786405,379445
0.12156862745098039,0.1568627450980392,0.1843137254901961,24.000137329887373,181716
0.24705882352941178,0.49411764705882355,0.6352941176470588,2.000011444157281,913348
0.15294117647058825,0.19607843137254902,0.21568627450980393,36.000205994831056,204191
0.1411764705882353,0.23921568627450981,0.20392156862745098,7.0000400545504835,154099
0.1803921568627451,0.2196078431372549,0.21176470588235294,3.0000171662359216,361851
0.14901960784313725,0.19215686274509805,0.24313725490196078,354.0020256158387,159193
0.12549019607843137,0.23529411764705882,0.22745098039215686,2.000011444157281,146924
0.1843137254901961,0.2196078431372549,0.24705882352941178,43.00024604938154,169349
0.5137254901960784,0.3137254901960784,0.2627450980392157,309.0017681222999,964696
0.5529411764705883,0.32941176470588235,0.25882352941176473,768.0043945563959,969757
0.5019607843137255,0.37254901960784315,0.26666666666666666,48.000274659774746,693578
0.5529411764705883,0.34509803921568627,0.27450980392156865,110.00062942865046,892957
0.5254901960784314,0.3333333333333333,0.30980392156862746,510.00291826010664,1038582
0.5529411764705883,0.3411764705882353,0.2980392156862745,541.0030956445445,940075
0.5176470588235295,0.35294117647058826,0.30980392156862746,89.000509264999,920699
0.5568627450980392,0.3568627450980392,0.28627450980392155,507.0029010938707,975012
0.1450980392156863,0.07450980392156863,0.0196078431372549,142.00081253516694,736976
0.1568627450980392,0.0784313725490196,0.01568627450980392,174.00099564168343,736977
0.1843137254901961,0.09411764705882353,0.023529411764705882,6.000034332471843,724693
0.16470588235294117,0.09019607843137255,0.050980392156862744,592.0033874705551,885534
0.15294117647058825,0.10196078431372549,0.054901960784313725,77.00044060005531,799418
0.1843137254901961,0.10588235294117647,0.054901960784313725,352.0020141716814,878286
0.2549019607843137,0.34901960784313724,0.12549019607843137,757.0043316135308,517048
0.26666666666666666,0.35294117647058826,0.13333333333333333,79.0004520442126,534417
0.2627450980392157,0.3686274509803922,0.13725490196078433,1180.0067520527957,544746
0.27450980392156865,0.36470588235294116,0.13725490196078433,895.0051212603832,535441
0.26666666666666666,0.35294117647058826,0.15294117647058825,2109.0120678638527,744344
0.2549019607843137,0.37254901960784315,0.1411764705882353,1118.00639728392,425864
0.26666666666666666,0.3607843137254902,0.15294117647058825,1547.008852055657,846708
0.4549019607843137,0.5058823529411764,0.3803921568627451,21.00012016365145,642789
0.44313725490196076,0.5490196078431373,0.38823529411764707,18.000102997415528,470732
0.4627450980392157,0.5019607843137255,0.43529411764705883,14.000080109100967,562887
0.49019607843137253,0.5176470588235295,0.43137254901960786,44.00025177146018,648822
0.45098039215686275,0.5294117647058824,0.42745098039215684,9.000051498707764,462527
0.4823529411764706,0.5529411764705883,0.43137254901960786,26.000148774044654,726805
0.6862745098039216,0.6509803921568628,0.6901960784313725,103.00058937409997,1033830
0.7215686274509804,0.6509803921568628,0.6862745098039216,1.0000057220786405,944428
0.7215686274509804,0.6745098039215687,0.6941176470588235,540.0030899224658,1030709
0.6941176470588235,0.6823529411764706,0.7176470588235294,415.0023746626358,900405
0.7176470588235294,0.6823529411764706,0.7176470588235294,19.00010871949417,1017360
0.6980392156862745,0.5607843137254902,0.5215686274509804,145.00082970140286,999654
0.7450980392156863,0.5882352941176471,0.5215686274509804,258.00147629628924,956538
0.7294117647058823,0.615686274509804,0.5176470588235295,23.00013160780873,211282
0.7019607843137254,0.5764705882352941,0.5333333333333333,523.002992647129,1038622
0.7254901960784313,0.5882352941176471,0.5568627450980392,333.00190545218726,1033416
0.7137254901960784,0.6,0.5568627450980392,82.00046921044851,955870
0.7372549019607844,0.6,0.5490196078431373,108.00061798449318,1019001
0.5098039215686274,0.3137254901960784,0.3176470588235294,443.00253488083774,1046750
0.5411764705882353,0.3411764705882353,0.3333333333333333,127.00072670398734,971271
0.5098039215686274,0.34509803921568627,0.3176470588235294,345.00197411713094,984285
0.5568627450980392,0.3686274509803922,0.3411764705882353,754.0043144472949,971926
0.5098039215686274,0.3333333333333333,0.3607843137254902,110.00062942865046,930997
0.5529411764705883,0.3411764705882353,0.34509803921568627,23.00013160780873,967950
0.5137254901960784,0.37254901960784315,0.34901960784313724,333.00190545218726,920391
0.5450980392156862,0.3568627450980392,0.3568627450980392,573.003278751061,1035387
0.5176470588235295,0.3843137254901961,0.3254901960784314,293.00167656904165,922079
0.5372549019607843,0.4,0.33725490196078434,150.00085831179607,929351
0.5098039215686274,0.41568627450980394,0.3254901960784314,486.0027809302193,465135
0.5450980392156862,0.43529411764705883,0.3215686274509804,447.0025577691523,700771
0.5176470588235295,0.38823529411764707,0.35294117647058826,138.00078964685238,902588
0.5333333333333333,0.3843137254901961,0.36470588235294116,669.0038280706104,899436
0.5215686274509804,0.4196078431372549,0.35294117647058826,240.00137329887372,357613
0.5333333333333333,0.40784313725490196,0.34901960784313724,228.00130463393003,919034
0.5803921568627451,0.5647058823529412,0.3254901960784314,549.0031414211736,189587
0.6039215686274509,0.5607843137254902,0.3411764705882353,312.0017852885358,159865
0.5725490196078431,0.592156862745098,0.3411764705882353,1.0000057220786405,911301
0.6039215686274509,0.6,0.3215686274509804,5.000028610393202,886663
0.5843137254901961,0.5607843137254902,0.36470588235294116,354.0020256158387,87404
0.5764705882352941,0.6,0.3568627450980392,3.0000171662359216,906168
0.615686274509804,0.592156862745098,0.37254901960784315,38.00021743898834,191679
0.6941176470588235,0.6392156862745098,0.6352941176470588,341.0019512288164,813109
0.7372549019607844,0.6470588235294118,0.6313725490196078,214.00122452482907,983369
0.6862745098039216,0.6549019607843137,0.6274509803921569,304.0017395119067,921141
0.7411764705882353,0.6823529411764706,0.6509803921568628,203.00116158196403,880921
0.7098039215686275,0.6431372549019608,0.6549019607843137,528.0030212575222,956714
0.7254901960784313,0.6470588235294118,0.6627450980392157,52.00029754808931,926963
0.6862745098039216,0.6745098039215687,0.6588235294117647,549.0031414211736,882267
0.7450980392156863,0.6705882352941176,0.6666666666666666,390.0022316106698,926980
0.7215686274509804,0.7568627450980392,0.792156862745098,1529.0087490582412,787738
0.7372549019607844,0.7607843137254902,0.7803921568627451,919.0052585902706,844285
0.7294117647058823,0.7647058823529411,0.7843137254901961,257.0014705742106,1035024
0.7372549019607844,0.7686274509803922,0.792156862745098,1189.0068035515035,724170
0.7254901960784313,0.7529411764705882,0.796078431372549,723.004137062857,879788
0.7411764705882353,0.7568627450980392,0.803921568627451,289.0016536807271,773139
0.7294117647058823,0.7686274509803922,0.807843137254902,3087.0176640567634,740494
0.7411764705882353,0.7764705882352941,0.803921568627451,2303.013177947109,769292
0.13725490196078433,0.2235294117647059,0.13725490196078433,282.0016136261766,264932
0.1411764705882353,0.2196078431372549,0.13725490196078433,132.00075531438054,221053
0.12941176470588237,0.23529411764705882,0.12941176470588237,739.0042286161153,59367
0.1450980392156863,0.24313725490196078,0.13725490196078433,38.00021743898834,337684
0.12941176470588237,0.22745098039215686,0.15294117647058825,2736.01565560716,163588
0.15294117647058825,0.23137254901960785,0.14901960784313725,2353.013464051041,298757
0.13333333333333333,0.24705882352941178,0.14901960784313725,1448.0082855698713,25579
0.15294117647058825,0.24313725490196078,0.14901960784313725,2499.0142994745224,261851
0.2627450980392157,0.25882352941176473,0.21568627450980393,104.00059509617861,478693
0.2823529411764706,0.2549019607843137,0.2,582.0033302497687,736821
0.25882352941176473,0.30980392156862746,0.20784313725490197,246.00140763134556,609015
0.2901960784313726,0.2980392156862745,0.2,36.000205994831056,703243
0.27450980392156865,0.2549019607843137,0.23921568627450981,511.0029239821853,393486
0.2901960784313726,0.2549019607843137,0.2196078431372549,855.0048923772376,482593
0.25098039215686274,0.2980392156862745,0.23137254901960785,71.00040626758347,655092
0.30196078431372547,0.29411764705882354,0.24705882352941178,117.00066948320094,430460
0.6627450980392157,0.7529411764705882,0.6705882352941176,2.000011444157281,717578
0.7098039215686275,0.7607843137254902,0.6627450980392157,35.000200272752416,240213
0.6588235294117647,0.7647058823529411,0.7333333333333333,44.00025177146018,703230
0.7294117647058823,0.8117647058823529,0.7450980392156863,2.000011444157281,713478
0.3764705882352941,0.4588235294117647,0.18823529411764706,4.000022888314562,501596
0.396078431372549,0.49411764705882355,0.21568627450980393,1.0000057220786405,483149
0.4235294117647059,0.47058823529411764,0.23529411764705882,169.00096703129023,237714
0.3137254901960784,0.4,0.4666666666666667,432.0024719379727,318981
0.37254901960784315,0.38823529411764707,0.4666666666666667,206.00117874819995,304742
0.3411764705882353,0.4117647058823529,0.4549019607843137,354.0020256158387,253503
0.3686274509803922,0.4117647058823529,0.44313725490196076,420.002403273029,188879
0.3137254901960784,0.403921568627451,0.49019607843137253,152.00086975595335,280125
0.35294117647058826,0.396078431372549,0.47058823529411764,70.00040054550483,246330
0.33725490196078434,0.40784313725490196,0.4745098039215686,523.002992647129,428650
0.3686274509803922,0.41568627450980394,0.4823529411764706,344.0019683950523,315953
0.32941176470588235,0.3333333333333333,0.32941176470588235,429.0024547717368,137602
0.35294117647058826,0.3215686274509804,0.3215686274509804,209.00119591443587,377144
0.3333333333333333,0.3568627450980392,0.32941176470588235,158.0009040884252,413154
0.36470588235294116,0.34901960784313724,0.3215686274509804,340.00194550673774,387505
0.3215686274509804,0.3333333333333333,0.36470588235294116,383.00219155611927,467610
0.34509803921568627,0.3137254901960784,0.37254901960784315,101.0005779299427,906787
0.32941176470588235,0.34509803921568627,0.3686274509803922,447.0025577691523,362043
0.37254901960784315,0.35294117647058826,0.3568627450980392,422.0024147171863,124236
0.6313725490196078,0.4627450980392157,0.44313725490196076,154.00088120011063,1011877
0.6666666666666666,0.4588235294117647,0.4392156862745098,4.000022888314562,947440
0.6627450980392157,0.48627450980392156,0.45098039215686275,513.0029354263426,944183
0.6274509803921569,0.4627450980392157,0.47058823529411764,15.000085831179607,952507
0.6392156862745098,0.49411764705882355,0.4823529411764706,406.00232316392805,1047796
0.6549019607843137,0.47843137254901963,0.47058823529411764,80.00045776629123,922000
0.27058823529411763,0.13333333333333333,0.13333333333333333,154.00088120011063,1026215
0.2980392156862745,0.15294117647058825,0.12549019607843137,98.00056076370677,931959
0.2627450980392157,0.16862745098039217,0.14901960784313725,649.0037136290376,896466
0.30196078431372547,0.16862745098039217,0.12941176470588237,682.0039024576328,936551
0.2549019607843137,0.14901960784313725,0.1607843137254902,30.000171662359215,936668
0.30196078431372547,0.15294117647058825,0.1568627450980392,24.000137329887373,891999
0.27450980392156865,0.1568627450980392,0.1568627450980392,235.00134468848051,935648
0.2901960784313726,0.17647058823529413,0.1568627450980392,592.0033874705551,943763
0.2823529411764706,0.15294117647058825,0.26666666666666666,4.000022888314562,891034
0.3058823529411765,0.23921568627450981,0.34901960784313724,37.000211716909696,828688
0.33725490196078434,0.23529411764705882,0.3137254901960784,4.000022888314562,861410
0.3764705882352941,0.25882352941176473,0.2549019607843137,336.0019226184232,980607
0.4235294117647059,0.27058823529411763,0.2627450980392157,496.0028381510057,889971
0.39215686274509803,0.28627450980392155,0.2627450980392157,258.00147629628924,905666
0.42745098039215684,0.2823529411764706,0.27450980392156865,782.0044746654969,915988
0.3843137254901961,0.27058823529411763,0.29411764705882354,152.00086975595335,970399
0.4196078431372549,0.27450980392156865,0.2901960784313726,87.00049782084172,971994
0.38823529411764707,0.2823529411764706,0.30196078431372547,101.0005779299427,968350
0.42745098039215684,0.2901960784313726,0.2823529411764706,219.00125313522227,978566
0.20784313725490197,0.26666666666666666,0.2784313725490196,53.00030327016795,375227
0.23921568627450981,0.25098039215686274,0.2627450980392157,681.0038967355541,212334
0.21568627450980393,0.3058823529411765,0.2627450980392157,5.000028610393202,102814
0.24705882352941178,0.2823529411764706,0.27450980392156865,25.000143051966013,316727
0.21568627450980393,0.25098039215686274,0.3058823529411765,538.0030784783086,400882
0.21568627450980393,0.2823529411764706,0.3058823529411765,9.000051498707764,190942
0.23137254901960785,0.28627450980392155,0.2823529411764706,119.00068092735822,365037
0.8392156862745098,0.8784313725490196,0.8901960784313725,208.00119019235723,802383
0.8196078431372549,0.9176470588235294,0.9019607843137255,14.000080109100967,180757
0.8549019607843137,0.9137254901960784,0.8941176470588236,72.00041198966211,854536
0.8196078431372549,0.8980392156862745,0.9137254901960784,27.000154496123294,852380
0.8705882352941177,0.8901960784313725,0.9058823529411765,209.00119591443587,823620
0.8392156862745098,0.9215686274509803,0.9254901960784314,31.000177384437855,828799
0.8705882352941177,0.9058823529411765,0.9098039215686274,119.00068092735822,874951
0.5215686274509804,0.5725490196078431,0.4392156862745098,19.00010871949417,579711
0.5098039215686274,0.596078431372549,0.4588235294117647,5.000028610393202,191010
0.5568627450980392,0.592156862745098,0.4627450980392157,288.00164795864845,323805
0.5019607843137255,0.5607843137254902,0.48627450980392156,19.00010871949417,394459
0.5529411764705883,0.5725490196078431,0.48627450980392156,77.00044060005531,373979
0.5137254901960784,0.6,0.49019607843137253,7.0000400545504835,499409
0.5490196078431373,0.596078431372549,0.48627450980392156,81.00046348836987,561229
0.7607843137254902,0.7058823529411765,0.7058823529411765,468.00267793280375,821384
0.7803921568627451,0.7137254901960784,0.6941176470588235,101.0005779299427,883545
0.7725490196078432,0.7294117647058823,0.6980392156862745,286.00163651449117,880748
0.788235294117647,0.7254901960784313,0.7058823529411765,233.00133324432323,889141
0.7490196078431373,0.7098039215686275,0.7254901960784313,244.00139618718828,853053
0.788235294117647,0.7058823529411765,0.7176470588235294,10.000057220786404,945450
0.7490196078431373,0.7294117647058823,0.7450980392156863,689.0039425121832,843813
0.807843137254902,0.7294117647058823,0.7176470588235294,258.00147629628924,880469
0.26666666666666666,0.4,0.4666666666666667,248.00141907550284,478801
0.3058823529411765,0.3803921568627451,0.45098039215686275,596.0034103588697,427654
0.27058823529411763,0.4196078431372549,0.4666666666666667,8.000045776629124,305538
0.2980392156862745,0.4117647058823529,0.4666666666666667,111.0006351507291,522848
0.27450980392156865,0.3843137254901961,0.48627450980392156,441.00252343668046,228890
0.28627450980392155,0.39215686274509803,0.49019607843137253,438.00250627044454,254519
0.27450980392156865,0.4117647058823529,0.4980392156862745,57.00032615848251,495192
0.2980392156862745,0.4117647058823529,0.47843137254901963,356.002037059996,168418
0.3411764705882353,0.45098039215686275,0.5137254901960784,367.002100002861,507445
0.37254901960784315,0.4666666666666667,0.5058823529411764,419.0023975509504,546487
0.33725490196078434,0.48627450980392156,0.5098039215686274,30.000171662359215,103837
0.3568627450980392,0.47843137254901963,0.5215686274509804,142.00081253516694,475656
0.32941176470588235,0.4549019607843137,0.5333333333333333,431.00246621589406,510601
0.35294117647058826,0.4627450980392157,0.5450980392156862,276.00157929370476,252379
0.33725490196078434,0.4745098039215686,0.5490196078431373,147.00084114556014,494161
0.34901960784313724,0.49019607843137253,0.5450980392156862,442.0025291587591,480852
0.7490196078431373,0.5490196078431373,0.5019607843137255,1.0000057220786405,1005682
0.8156862745098039,0.611764705882353,0.5490196078431373,1.0000057220786405,956561
0.7607843137254902,0.615686274509804,0.5803921568627451,218.00124741314363,1034283
0.8274509803921568,0.615686274509804,0.5647058823529412,1.0000057220786405,956562
0.4,0.5019607843137255,0.5725490196078431,468.00267793280375,256472
0.40784313725490196,0.5254901960784314,0.5647058823529412,489.0027980964552,294365
0.39215686274509803,0.5333333333333333,0.5803921568627451,72.00041198966211,580239
0.4235294117647059,0.5294117647058824,0.5803921568627451,284.0016250703339,242221
0.3843137254901961,0.5176470588235295,0.596078431372549,172.00098419752615,264720
0.41568627450980394,0.5176470588235295,0.6,156.0008926442679,262704
0.3843137254901961,0.5411764705882353,0.611764705882353,179.00102425207663,235031
0.40784313725490196,0.5450980392156862,0.6078431372549019,424.0024261613436,480899
0.5137254901960784,0.5647058823529412,0.5803921568627451,304.0017395119067,575159
0.5450980392156862,0.5764705882352941,0.5647058823529412,464.0026550444892,551607
0.5137254901960784,0.592156862745098,0.5843137254901961,35.000200272752416,644823
0.5568627450980392,0.592156862745098,0.5725490196078431,128.00073242606598,302525
0.5254901960784314,0.5882352941176471,0.596078431372549,438.00250627044454,330316
0.5529411764705883,0.5686274509803921,0.592156862745098,327.0018711197154,129483
0.5254901960784314,0.596078431372549,0.611764705882353,165.00094414297567,278916
0.5450980392156862,0.6039215686274509,0.6039215686274509,372.00212861325423,554615
0.26666666666666666,0.1450980392156863,0.07450980392156863,460.0026321561746,806671
0.29411764705882354,0.15294117647058825,0.07450980392156863,183.0010471403912,833185
0.26666666666666666,0.16470588235294117,0.0784313725490196,56.00032043640387,700103
0.2980392156862745,0.1568627450980392,0.0784313725490196,189.00108147286304,726748
0.27058823529411763,0.15294117647058825,0.11764705882352941,349.0019970054455,925325
0.28627450980392155,0.15294117647058825,0.11764705882352941,53.00030327016795,921208
0.26666666666666666,0.1568627450980392,0.10980392156862745,427.0024433275795,895648
0.28627450980392155,0.1803921568627451,0.10196078431372549,464.0026550444892,749223
0.5019607843137255,0.4588235294117647,0.3411764705882353,141.0008068130883,691777
0.5529411764705883,0.4470588235294118,0.3176470588235294,829.004743603193,46173
0.5058823529411764,0.4980392156862745,0.3254901960784314,15.000085831179607,408228
0.5568627450980392,0.4745098039215686,0.3176470588235294,181.0010356962339,90164
0.5019607843137255,0.4470588235294118,0.3568627450980392,268.00153351707564,699034
0.5411764705882353,0.4549019607843137,0.3607843137254902,424.0024261613436,569608
0.5058823529411764,0.4745098039215686,0.3686274509803922,95.00054359747084,574157
0.5333333333333333,0.48627450980392156,0.35294117647058826,188.0010757507844,680637
0.3764705882352941,0.3803921568627451,0.403921568627451,353.00201989376006,340593
0.40784313725490196,0.396078431372549,0.3843137254901961,166.0009498650543,118161
0.4,0.41568627450980394,0.3843137254901961,179.00102425207663,339206
0.42745098039215684,0.4235294117647059,0.403921568627451,269.0015392391543,387715
0.4,0.3843137254901961,0.4117647058823529,304.0017395119067,133460
0.4117647058823529,0.403921568627451,0.42745098039215684,110.00062942865046,459422
0.39215686274509803,0.4196078431372549,0.43137254901960786,417.0023861067931,902724
0.4196078431372549,0.40784313725490196,0.40784313725490196,335.00191689634454,342316
0.22745098039215686,0.3254901960784314,0.19607843137254902,1569.008977941387,135688
0.23529411764705882,0.3254901960784314,0.19607843137254902,341.0019512288164,357073
0.23137254901960785,0.32941176470588235,0.19607843137254902,2048.0117188170557,420570
0.23921568627450981,0.33725490196078434,0.19607843137254902,863.0049381538668,304037
0.22745098039215686,0.3215686274509804,0.20392156862745098,301.00172234567077,462553
0.24313725490196078,0.3254901960784314,0.21176470588235294,337.0019283405018,500449
0.2196078431372549,0.3411764705882353,0.21176470588235294,1780.01018529998,183962
0.24313725490196078,0.3411764705882353,0.20784313725490197,1266.0072441515588,149020
0.38823529411764707,0.4470588235294118,0.5098039215686274,278.00159073786205,288146
0.4235294117647059,0.4392156862745098,0.5176470588235295,123.00070381567278,861437
0.3843137254901961,0.47058823529411764,0.5058823529411764,285.0016307924125,306736
0.43137254901960786,0.47843137254901963,0.5019607843137255,330.00188828595134,552630
0.396078431372549,0.4666666666666667,0.5490196078431373,145.00082970140286,416333
0.41568627450980394,0.4549019607843137,0.5568627450980392,192.00109863909898,969440
0.396078431372549,0.4745098039215686,0.5372549019607843,466.00266648864647,306538
0.40784313725490196,0.49019607843137253,0.5490196078431373,287.0016422365698,869733
0.2823529411764706,0.3764705882352941,0.16470588235294117,2073.0118618690217,757586
0.30196078431372547,0.38823529411764707,0.16470588235294117,611.0034961900493,557977
0.2901960784313726,0.4,0.1568627450980392,650.0037193511163,382975
0.30196078431372547,0.396078431372549,0.1607843137254902,744.0042572265085,542598
0.28627450980392155,0.3803921568627451,0.17254901960784313,1748.0100021934636,753433
0.2980392156862745,0.38823529411764707,0.17647058823529413,1304.007461590547,513845
0.2823529411764706,0.39215686274509803,0.1803921568627451,719.0041141745425,376750
0.3058823529411765,0.396078431372549,0.1803921568627451,539.0030842003872,515894
0.4392156862745098,0.4666666666666667,0.4549019607843137,320.00183106516494,336239
0.47843137254901963,0.4549019607843137,0.4470588235294118,175.00100136376207,303541
0.4588235294117647,0.47843137254901963,0.45098039215686275,194.00111008325626,601802
0.49411764705882355,0.48627450980392156,0.4392156862745098,230.0013160780873,370057
0.4666666666666667,0.45098039215686275,0.47058823529411764,260.0014877404465,281869
0.4745098039215686,0.4470588235294118,0.4980392156862745,122.00069809359414,994972
0.4549019607843137,0.47058823529411764,0.48627450980392156,429.0024547717368,343634
0.48627450980392156,0.47058823529411764,0.49411764705882355,341.0019512288164,147773
0.0784313725490196,0.06666666666666667,0.023529411764705882,2.000011444157281,672469
0.10980392156862745,0.06274509803921569,0.027450980392156862,5.000028610393202,753340
0.07450980392156863,0.06274509803921569,0.058823529411764705,516.0029525925785,571726
0.5137254901960784,0.5019607843137255,0.5176470588235295,255.00145913005332,878983
0.5529411764705883,0.5176470588235295,0.5176470588235295,182.00104141831255,124358
0.5215686274509804,0.5568627450980392,0.5254901960784314,216.00123596898635,633491
0.5529411764705883,0.5294117647058824,0.5058823529411764,278.00159073786205,126301
0.5176470588235295,0.5176470588235295,0.5294117647058824,165.00094414297567,367241
0.5294117647058824,0.5254901960784314,0.5333333333333333,118.00067520527958,349818
0.5176470588235295,0.5372549019607843,0.5294117647058824,419.0023975509504,280145
0.5450980392156862,0.5450980392156862,0.5411764705882353,422.0024147171863,117131
0.2549019607843137,0.2627450980392157,0.3411764705882353,176.0010070858407,155950
0.29411764705882354,0.2549019607843137,0.3137254901960784,45.00025749353882,959166
0.25098039215686274,0.29411764705882354,0.33725490196078434,748.004280114823,341556
0.29411764705882354,0.30196078431372547,0.33725490196078434,427.0024433275795,353873
0.25098039215686274,0.2784313725490196,0.37254901960784315,28.000160218201934,304614
0.28627450980392155,0.25882352941176473,0.34509803921568627,19.00010871949417,847005
0.25098039215686274,0.2980392156862745,0.37254901960784315,445.002546324995,343623
0.30196078431372547,0.3058823529411765,0.3568627450980392,147.00084114556014,358888
0.3803921568627451,0.403921568627451,0.21176470588235294,33.000188828595135,203840
0.40784313725490196,0.396078431372549,0.19215686274509805,8.000045776629124,719579
0.39215686274509803,0.4196078431372549,0.21568627450980393,178.001018529998,212045
0.42745098039215684,0.43529411764705883,0.21176470588235294,14.000080109100967,810800
0.3764705882352941,0.403921568627451,0.23529411764705882,48.000274659774746,537820
0.42745098039215684,0.3764705882352941,0.24313725490196078,2.000011444157281,706206
0.40784313725490196,0.4196078431372549,0.2235294117647059,314.0017967326931,195611
0.6862745098039216,0.5843137254901961,0.4470588235294118,21.00012016365145,789093
0.7450980392156863,0.5764705882352941,0.45098039215686275,9.000051498707764,870217
0.6862745098039216,0.592156862745098,0.45098039215686275,48.000274659774746,784994
0.7450980392156863,0.6,0.44313725490196076,12.000068664943687,839265
0.7137254901960784,0.5647058823529412,0.4980392156862745,24.000137329887373,1033235
0.7450980392156863,0.5607843137254902,0.47058823529411764,76.00043487797667,909343
0.7372549019607844,0.611764705882353,0.47843137254901963,13.000074387022327,148724
0.2549019607843137,0.3215686274509804,0.33725490196078434,153.000875478032,283989
0.3058823529411765,0.3176470588235294,0.3411764705882353,507.0029010938707,336479
0.27058823529411763,0.34509803921568627,0.3333333333333333,4.000022888314562,361847
0.2901960784313726,0.34509803921568627,0.3411764705882353,44.00025177146018,352647
0.25098039215686274,0.3176470588235294,0.36470588235294116,490.00280381853383,588384
0.30980392156862746,0.32941176470588235,0.3568627450980392,628.0035934653862,305474
0.25098039215686274,0.34509803921568627,0.34901960784313724,26.000148774044654,513558
0.29411764705882354,0.3568627450980392,0.37254901960784315,166.0009498650543,372302
0.4588235294117647,0.5098039215686274,0.2784313725490196,227.0012989118514,259214
0.47843137254901963,0.5176470588235295,0.2784313725490196,516.0029525925785,242842
0.4980392156862745,0.5294117647058824,0.2784313725490196,7.0000400545504835,228514
0.4470588235294118,0.5019607843137255,0.28627450980392155,493.00282098476976,275613
0.4745098039215686,0.5137254901960784,0.2823529411764706,485.00277520814063,252065
0.4980392156862745,0.5411764705882353,0.30196078431372547,257.0014705742106,240816
0.5764705882352941,0.4588235294117647,0.4627450980392157,112.00064087280774,939190
0.596078431372549,0.4392156862745098,0.44313725490196076,803.0045948291483,928958
0.5764705882352941,0.48627450980392156,0.44313725490196076,104.00059509617861,898486
0.596078431372549,0.4980392156862745,0.4470588235294118,537.0030727562299,900530
0.5803921568627451,0.4392156862745098,0.47843137254901963,63.00036049095435,920408
0.596078431372549,0.4666666666666667,0.47058823529411764,55.00031471432523,974139
0.5725490196078431,0.4745098039215686,0.49411764705882355,87.00049782084172,992613
0.592156862745098,0.47058823529411764,0.49411764705882355,191.00109291702032,1044955
0.4549019607843137,0.39215686274509803,0.32941176470588235,306.001750956064,634379
0.49411764705882355,0.3803921568627451,0.33725490196078434,442.0025291587591,899492
0.4470588235294118,0.42745098039215684,0.3411764705882353,187.00107002870575,657018
0.47058823529411764,0.4117647058823529,0.33725490196078434,377.00215722364743,448754
0.4588235294117647,0.4,0.3686274509803922,140.00080109100966,322825
0.47058823529411764,0.38823529411764707,0.3568627450980392,111.0006351507291,887170
0.4627450980392157,0.4196078431372549,0.34509803921568627,188.0010757507844,495863
0.47058823529411764,0.4235294117647059,0.3607843137254902,194.00111008325626,247103
0.6235294117647059,0.5843137254901961,0.5803921568627451,204.00116730404267,875811
0.6666666666666666,0.5647058823529412,0.5803921568627451,227.0012989118514,958761
0.6470588235294118,0.6196078431372549,0.5843137254901961,254.00145340797468,298240
0.6549019607843137,0.6078431372549019,0.5647058823529412,204.00116730404267,326121
0.6235294117647059,0.5725490196078431,0.6039215686274509,217.001241691065,1012292
0.6627450980392157,0.5725490196078431,0.6,129.00073814814462,1024647
0.6235294117647059,0.592156862745098,0.6196078431372549,345.00197411713094,929001
0.6549019607843137,0.6196078431372549,0.592156862745098,364.0020828366251,120138
0.3803921568627451,0.4470588235294118,0.4549019607843137,241.00137902095236,620221
0.41568627450980394,0.45098039215686275,0.4470588235294118,410.0023460522426,170473
0.39215686274509803,0.48627450980392156,0.4666666666666667,20.00011444157281,280919
0.41568627450980394,0.4823529411764706,0.4392156862745098,102.00058365202133,556607
0.396078431372549,0.4666666666666667,0.48627450980392156,442.0025291587591,642726
0.41568627450980394,0.4627450980392157,0.47058823529411764,339.0019397846591,360946
0.396078431372549,0.48627450980392156,0.49411764705882355,106.0006065403359,373279
0.41568627450980394,0.47058823529411764,0.49019607843137253,280.0016021820193,326175
0.12941176470588237,0.25882352941176473,0.13725490196078433,298.00170517943485,71532
0.1450980392156863,0.2549019607843137,0.13333333333333333,141.0008068130883,114663
0.13725490196078433,0.26666666666666666,0.13725490196078433,1.0000057220786405,102307
0.1411764705882353,0.26666666666666666,0.13725490196078433,24.000137329887373,109466
0.13725490196078433,0.25098039215686274,0.14901960784313725,1280.0073242606597,4094
0.1411764705882353,0.2549019607843137,0.15294117647058825,2385.0136471575574,33770
0.13725490196078433,0.26666666666666666,0.1450980392156863,144.00082397932422,55145
0.15294117647058825,0.2784313725490196,0.15294117647058825,3361.019231906311,72625
0.4392156862745098,0.5019607843137255,0.5058823529411764,239.00136757679508,616125
0.4745098039215686,0.5137254901960784,0.5176470588235295,366.0020942807824,465557
0.44313725490196076,0.5294117647058824,0.5176470588235295,27.000154496123294,484893
0.49019607843137253,0.5372549019607843,0.5254901960784314,130.00074387022326,399999
0.45098039215686275,0.5137254901960784,0.5450980392156862,353.00201989376006,900671
0.4823529411764706,0.5176470588235295,0.5411764705882353,273.00156212746884,337510
0.4588235294117647,0.5372549019607843,0.5490196078431373,164.00093842089703,601773
0.47058823529411764,0.5372549019607843,0.5333333333333333,337.0019283405018,520884
0.6509803921568628,0.5019607843137255,0.2823529411764706,58.00033188056115,832321
0.7294117647058823,0.5176470588235295,0.29411764705882354,37.000211716909696,847524
0.6666666666666666,0.5686274509803921,0.2784313725490196,9.000051498707764,229734
0.6627450980392157,0.5176470588235295,0.3686274509803922,161.0009212546611,790137
0.7450980392156863,0.5411764705882353,0.37254901960784315,92.00052643123492,798329
0.6235294117647059,0.5764705882352941,0.37254901960784315,87.00049782084172,167077
0.7450980392156863,0.5607843137254902,0.37254901960784315,28.000160218201934,854641
0.4666666666666667,0.27450980392156865,0.27058823529411763,298.00170517943485,1036503
0.49019607843137253,0.27058823529411763,0.2627450980392157,92.00052643123492,942539
0.4627450980392157,0.2901960784313726,0.2784313725490196,306.001750956064,1022234
0.4823529411764706,0.30196078431372547,0.2784313725490196,393.00224877690573,1006744
0.45098039215686275,0.27450980392156865,0.29411764705882354,85.00048637668444,1028397
0.4745098039215686,0.27058823529411763,0.30196078431372547,14.000080109100967,936163
0.4470588235294118,0.2901960784313726,0.2901960784313726,312.0017852885358,964809
0.49019607843137253,0.29411764705882354,0.2980392156862745,371.0021228911756,1047769
0.38823529411764707,0.20392156862745098,0.19607843137254902,141.0008068130883,951435
0.41568627450980394,0.21176470588235294,0.20392156862745098,20.00011444157281,1044644
0.3803921568627451,0.22745098039215686,0.20784313725490197,605.0034618575775,1006712
0.4235294117647059,0.2196078431372549,0.2,249.00142479758148,1017023
0.3803921568627451,0.20784313725490197,0.2196078431372549,31.000177384437855,996507
0.40784313725490196,0.21568627450980393,0.23921568627450981,11.000062942865044,970004
0.396078431372549,0.24705882352941178,0.2235294117647059,560.0032043640387,978532
0.4235294117647059,0.23921568627450981,0.22745098039215686,237.0013561326378,900238
0.3215686274509804,0.3803921568627451,0.396078431372549,206.00117874819995,607853
0.34509803921568627,0.3843137254901961,0.403921568627451,428.00244904965814,403025
0.3411764705882353,0.4117647058823529,0.3764705882352941,4.000022888314562,404971
0.37254901960784315,0.4196078431372549,0.3843137254901961,61.00034904679707,351621
0.32941176470588235,0.403921568627451,0.41568627450980394,418.00239182887174,564811
0.3568627450980392,0.39215686274509803,0.43529411764705883,473.00270654319695,378462
0.32941176470588235,0.43137254901960786,0.43529411764705883,50.00028610393203,398916
0.3568627450980392,0.4196078431372549,0.4196078431372549,211.00120735859315,543285
0.12941176470588237,0.10588235294117647,0.09803921568627451,889.0050869279114,603582
0.1450980392156863,0.10588235294117647,0.10196078431372549,48.000274659774746,212301
0.12941176470588237,0.11372549019607843,0.09803921568627451,2177.0124569652003,720463
0.14901960784313725,0.12156862745098039,0.10588235294117647,1808.010345518182,639458
0.12941176470588237,0.09803921568627451,0.11764705882352941,93.00053215331356,893434
0.1450980392156863,0.10588235294117647,0.11372549019607843,30.000171662359215,895489
0.12941176470588237,0.11764705882352941,0.11764705882352941,1466.0083885672868,473483
0.1411764705882353,0.12156862745098039,0.12156862745098039,724.0041427849357,643582
0.2235294117647059,0.3137254901960784,0.1568627450980392,1222.0069923800986,307197
0.23921568627450981,0.3254901960784314,0.16470588235294117,174.00099564168343,313330
0.22745098039215686,0.3333333333333333,0.16862745098039217,470.00268937696103,335731
0.24313725490196078,0.3333333333333333,0.1607843137254902,1074.0061455124599,648106
0.2196078431372549,0.3215686274509804,0.1803921568627451,1614.0092354349258,281566
0.23921568627450981,0.3254901960784314,0.1803921568627451,90.00051498707764,305053
0.22745098039215686,0.33725490196078434,0.17647058823529413,1322.0075645879626,335709
0.23921568627450981,0.3411764705882353,0.1803921568627451,1158.0066261670656,336851
0.8862745098039215,0.8941176470588236,0.8980392156862745,487.0027866522979,852524
0.8745098039215686,0.9058823529411765,0.9019607843137255,120.00068664943686,826900
0.9098039215686274,0.9058823529411765,0.8823529411764706,28.000160218201934,141560
0.8862745098039215,0.9019607843137255,0.9098039215686274,333.00190545218726,826938
0.8862745098039215,0.9333333333333333,0.9215686274509803,703.0040226212842,872895
0.9137254901960784,0.9176470588235294,0.9137254901960784,99.00056648578541,671006
0.8117647058823529,0.8392156862745098,0.8823529411764706,9.000051498707764,864896
0.8588235294117647,0.8352941176470589,0.8745098039215686,1.0000057220786405,840339
0.8627450980392157,0.8705882352941177,0.8745098039215686,743.0042515044298,204326
0.8274509803921568,0.8627450980392157,0.9058823529411765,3.0000171662359216,845458
0.8588235294117647,0.8705882352941177,0.9058823529411765,3.0000171662359216,841364
0.19215686274509805,0.3215686274509804,0.16862745098039217,1110.006351507291,120820
0.21568627450980393,0.3137254901960784,0.16470588235294117,732.0041885615648,256996
0.2,0.32941176470588235,0.16862745098039217,50.00028610393203,143347
0.21176470588235294,0.3333333333333333,0.16862745098039217,403.00230599769213,182243
0.19215686274509805,0.3215686274509804,0.17647058823529413,1150.0065803904365,95221
0.21176470588235294,0.3215686274509804,0.1843137254901961,2008.01148993391,258744
0.18823529411764706,0.32941176470588235,0.17647058823529413,701.0040111771269,147361
0.20784313725490197,0.3333333333333333,0.17647058823529413,862.0049324317881,174030
0.32941176470588235,0.26666666666666666,0.26666666666666666,107.00061226241453,784946
0.3686274509803922,0.27450980392156865,0.2627450980392157,127.00072670398734,884086
0.3137254901960784,0.29411764705882354,0.27450980392156865,566.0032386965105,392464
0.34509803921568627,0.30980392156862746,0.27450980392156865,362.0020713924678,688846
0.32941176470588235,0.25098039215686274,0.28627450980392155,51.00029182601067,948921
0.34509803921568627,0.2784313725490196,0.3058823529411765,131.0007495923019,889260
0.33725490196078434,0.3058823529411765,0.30980392156862746,268.00153351707564,278846
0.3686274509803922,0.2901960784313726,0.30980392156862746,104.00059509617861,886175
0.050980392156862744,0.14901960784313725,0.28627450980392155,4.000022888314562,168236
0.09019607843137255,0.17647058823529413,0.29411764705882354,168.0009613092116,444969
0.047058823529411764,0.21568627450980393,0.25098039215686274,3.0000171662359216,164353
0.11372549019607843,0.2,0.3058823529411765,135.00077248061646,447011
0.023529411764705882,0.12549019607843137,0.32941176470588235,11.000062942865044,977890
0.10980392156862745,0.1450980392156863,0.3607843137254902,17.000097275336888,966594
0.09019607843137255,0.20784313725490197,0.34509803921568627,84.0004806546058,155924
0.10196078431372549,0.09803921568627451,0.10588235294117647,1205.0068951047617,164158
0.10980392156862745,0.09411764705882353,0.09411764705882353,1864.0106659545859,681529
0.10588235294117647,0.10980392156862745,0.10196078431372549,5.000028610393202,469359
0.12156862745098039,0.10980392156862745,0.10588235294117647,242.001384743031,641573
0.10196078431372549,0.10588235294117647,0.11764705882352941,1419.0081196295907,542216
0.11764705882352941,0.10588235294117647,0.10980392156862745,581.0033245276901,614945
0.10588235294117647,0.10980392156862745,0.11372549019607843,278.00159073786205,194904
0.10980392156862745,0.11372549019607843,0.12156862745098039,1138.0065117254928,563760
0.4549019607843137,0.26666666666666666,0.21568627450980393,252.0014419638174,983115
0.47843137254901963,0.2549019607843137,0.2,200.0011444157281,947289
0.44313725490196076,0.30196078431372547,0.19215686274509805,110.00062942865046,795302
0.47058823529411764,0.3058823529411765,0.21176470588235294,107.00061226241453,897677
0.4627450980392157,0.2627450980392157,0.24705882352941178,335.00191689634454,958618
0.47058823529411764,0.26666666666666666,0.23921568627450981,236.00135041055916,1033410
0.4470588235294118,0.28627450980392155,0.2235294117647059,88.00050354292036,923224
0.4980392156862745,0.2901960784313726,0.22745098039215686,348.00199128336686,906328
0.4470588235294118,0.5647058823529412,0.6235294117647059,345.00197411713094,276874
0.49411764705882355,0.5843137254901961,0.6235294117647059,729.0041713953289,225838
0.4549019607843137,0.592156862745098,0.6313725490196078,42.0002403273029,101765
0.47058823529411764,0.592156862745098,0.6470588235294118,208.00119019235723,517768
0.4666666666666667,0.5843137254901961,0.6549019607843137,41.00023460522426,467549
0.48627450980392156,0.5803921568627451,0.6549019607843137,68.00038910134755,932811
0.4392156862745098,0.6078431372549019,0.6627450980392157,36.000205994831056,924645
0.47843137254901963,0.6,0.6627450980392157,194.00111008325626,543375
0.4549019607843137,0.4392156862745098,0.5098039215686274,195.0011158053349,975545
0.48627450980392156,0.4549019607843137,0.5254901960784314,150.00085831179607,1017491
0.4549019607843137,0.49411764705882355,0.5058823529411764,312.0017852885358,336463
0.47843137254901963,0.4745098039215686,0.5019607843137255,219.00125313522227,142644
0.4666666666666667,0.4627450980392157,0.5294117647058824,203.00116158196403,969415
0.47843137254901963,0.4588235294117647,0.5333333333333333,107.00061226241453,948968
0.4666666666666667,0.49411764705882355,0.5529411764705883,231.00132180016595,806421
0.4823529411764706,0.4980392156862745,0.5294117647058824,234.00133896640187,367204
0.5607843137254902,0.33725490196078434,0.2784313725490196,158.0009040884252,904237
0.592156862745098,0.3333333333333333,0.26666666666666666,7.0000400545504835,1013987
0.5647058823529412,0.37254901960784315,0.2784313725490196,200.0011444157281,917601
0.6,0.3607843137254902,0.2627450980392157,115.00065803904366,924728
0.5607843137254902,0.33725490196078434,0.2823529411764706,53.00030327016795,932887
0.596078431372549,0.37254901960784315,0.2901960784313726,144.00082397932422,982044
0.07450980392156863,0.06666666666666667,0.06666666666666667,1092.0062485098754,495988
0.08235294117647059,0.07450980392156863,0.07058823529411765,1735.0099278064413,445719
0.07058823529411765,0.0784313725490196,0.07450980392156863,2.000011444157281,676592
0.09019607843137255,0.0784313725490196,0.07450980392156863,280.0016021820193,459189
0.07450980392156863,0.07058823529411765,0.0784313725490196,1208.0069122709976,214342
0.0784313725490196,0.07058823529411765,0.08235294117647059,644.0036850186444,379186
0.07450980392156863,0.0784313725490196,0.09019607843137255,215.0012302469077,222588
0.09019607843137255,0.0784313725490196,0.0784313725490196,1340.0076675853782,453935
0.19215686274509805,0.09019607843137255,0.027450980392156862,47.0002689376961,804613
0.20392156862745098,0.10196078431372549,0.0196078431372549,165.00094414297567,731863
0.2196078431372549,0.10588235294117647,0.00392156862745098,143.00081825724558,755436
0.18823529411764706,0.08627450980392157,0.0392156862745098,77.00044060005531,843554
0.19215686274509805,0.09411764705882353,0.0392156862745098,662.00378801606,799484
0.23529411764705882,0.11372549019607843,0.047058823529411764,513.0029354263426,804486
0.25098039215686274,0.35294117647058826,0.19215686274509805,751.0042972810589,467726
0.27058823529411763,0.34901960784313724,0.18823529411764706,675.0038624030823,682764
0.2627450980392157,0.3607843137254902,0.19607843137254902,879.005029707125,285349
0.27450980392156865,0.37254901960784315,0.19607843137254902,830.0047493252716,508700
0.2627450980392157,0.34901960784313724,0.20784313725490197,952.0054474188657,366278
0.2784313725490196,0.3568627450980392,0.20392156862745098,745.0042629485871,571170
0.2549019607843137,0.36470588235294116,0.20784313725490197,1018.005825076056,21971
0.27058823529411763,0.3686274509803922,0.20392156862745098,473.00270654319695,294567
0.21568627450980393,0.27058823529411763,0.38823529411764707,140.00080109100966,413192
0.22745098039215686,0.2549019607843137,0.3843137254901961,35.000200272752416,850460
0.21176470588235294,0.3058823529411765,0.403921568627451,511.0029239821853,543349
0.2196078431372549,0.3058823529411765,0.4,509.002912538028,436796
0.2,0.26666666666666666,0.4196078431372549,21.00012016365145,949058
0.23921568627450981,0.2784313725490196,0.43529411764705883,6.000034332471843,143611
0.20392156862745098,0.30196078431372547,0.41568627450980394,239.00136757679508,448056
0.23137254901960785,0.30980392156862746,0.43529411764705883,109.00062370657182,392730
0.6980392156862745,0.7294117647058823,0.7607843137254902,1207.006906548919,1044199
0.7058823529411765,0.7215686274509804,0.7607843137254902,557.0031871978027,917835
0.6941176470588235,0.7333333333333333,0.7490196078431373,297.0016994573562,289227
0.7019607843137254,0.7333333333333333,0.7607843137254902,800.0045776629124,1017633
0.6980392156862745,0.7294117647058823,0.7686274509803922,481.0027523198261,701711
0.7058823529411765,0.7215686274509804,0.7725490196078432,580.0033188056115,829471
0.6901960784313725,0.7372549019607844,0.7764705882352941,840.004806546058,719994
0.7058823529411765,0.7333333333333333,0.7764705882352941,1491.0085316192528,793142
0.6392156862745098,0.6313725490196078,0.5803921568627451,199.00113869364947,388766
0.6588235294117647,0.6470588235294118,0.5607843137254902,192.00109863909898,255279
0.6431372549019608,0.6627450980392157,0.5686274509803921,79.0004520442126,584388
0.6745098039215687,0.6784313725490196,0.5803921568627451,114.00065231696502,685762
0.6470588235294118,0.6431372549019608,0.6039215686274509,417.0023861067931,384651
0.6745098039215687,0.6274509803921569,0.592156862745098,271.00155068331156,774532
0.6274509803921569,0.6666666666666666,0.6196078431372549,98.00056076370677,651958
0.6784313725490196,0.6823529411764706,0.592156862745098,192.00109863909898,487111
0.20392156862745098,0.3254901960784314,0.403921568627451,55.00031471432523,508498
0.24313725490196078,0.3215686274509804,0.3843137254901961,496.0028381510057,591473
0.21568627450980393,0.34901960784313724,0.39215686274509803,4.000022888314562,379431
0.24705882352941178,0.34509803921568627,0.38823529411764707,19.00010871949417,376365
0.21176470588235294,0.32941176470588235,0.4196078431372549,211.00120735859315,453196
0.24705882352941178,0.3254901960784314,0.4117647058823529,614.0035133562852,864792
0.21568627450980393,0.34901960784313724,0.43137254901960786,9.000051498707764,514663
0.24313725490196078,0.37254901960784315,0.42745098039215684,144.00082397932422,299390
0.611764705882353,0.6352941176470588,0.38823529411764707,4.000022888314562,912328
0.5529411764705883,0.6274509803921569,0.49411764705882355,4.000022888314562,475852
0.6901960784313725,0.5176470588235295,0.4666666666666667,416.00238038471446,1046600
0.7176470588235294,0.5137254901960784,0.4470588235294118,21.00012016365145,1011930
0.7137254901960784,0.5294117647058824,0.44313725490196076,107.00061226241453,901135
0.7254901960784313,0.5333333333333333,0.4666666666666667,107.00061226241453,1045695
0.6901960784313725,0.5254901960784314,0.48627450980392156,194.00111008325626,954421
0.7333333333333333,0.5215686274509804,0.48627450980392156,2.000011444157281,960669
0.6862745098039216,0.5294117647058824,0.47058823529411764,474.0027122652756,948395
0.7215686274509804,0.5450980392156862,0.48627450980392156,226.00129318977275,988214
0.3411764705882353,0.3254901960784314,0.2784313725490196,129.00073814814462,405986
0.37254901960784315,0.3254901960784314,0.25098039215686274,397.0022716652203,699014
0.32941176470588235,0.36470588235294116,0.26666666666666666,25.000143051966013,571107
0.34509803921568627,0.34901960784313724,0.27058823529411763,36.000205994831056,613073
0.3215686274509804,0.3215686274509804,0.3058823529411765,381.002180111962,429413
0.37254901960784315,0.3411764705882353,0.30980392156862746,404.0023117197708,641602
0.3215686274509804,0.34901960784313724,0.29411764705882354,29.000165940280574,396589
0.35294117647058826,0.3686274509803922,0.2901960784313726,137.00078392477374,613079
0.6235294117647059,0.3803921568627451,0.17647058823529413,41.00023460522426,834156
0.6862745098039216,0.40784313725490196,0.1843137254901961,1.0000057220786405,849532
0.6901960784313725,0.43137254901960786,0.20392156862745098,14.000080109100967,817817
0.6627450980392157,0.44313725490196076,0.23921568627450981,38.00021743898834,835175
0.7058823529411765,0.4549019607843137,0.21568627450980393,47.0002689376961,815720
0.7215686274509804,0.792156862745098,0.8196078431372549,379.0021686678047,703186
0.7215686274509804,0.8,0.8235294117647058,21.00012016365145,286249
0.7450980392156863,0.803921568627451,0.8235294117647058,57.00032615848251,274892
0.7176470588235294,0.7803921568627451,0.8274509803921568,100.00057220786405,573495
0.7411764705882353,0.788235294117647,0.8274509803921568,462.0026436003319,806064
0.7294117647058823,0.796078431372549,0.8274509803921568,12.000068664943687,872854
0.7333333333333333,0.807843137254902,0.8392156862745098,103.00058937409997,863794
0.3411764705882353,0.3215686274509804,0.21176470588235294,54.00030899224659,2050
0.3686274509803922,0.3254901960784314,0.21568627450980393,200.0011444157281,5161
0.3176470588235294,0.37254901960784315,0.19215686274509805,548.003135699095,260109
0.34901960784313724,0.3686274509803922,0.21568627450980393,9.000051498707764,673535
0.3137254901960784,0.3137254901960784,0.23137254901960785,25.000143051966013,689898
0.37254901960784315,0.3254901960784314,0.24705882352941178,179.00102425207663,645878
0.3215686274509804,0.37254901960784315,0.2196078431372549,477.0027294315115,567467
0.34509803921568627,0.3568627450980392,0.23137254901960785,28.000160218201934,508128
0.3333333333333333,0.33725490196078434,0.3764705882352941,86.00049209876308,340522
0.3607843137254902,0.3254901960784314,0.3843137254901961,87.00049782084172,868723
0.3137254901960784,0.3568627450980392,0.3843137254901961,547.0031299770163,327013
0.35294117647058826,0.3686274509803922,0.3764705882352941,316.0018081768504,131516
0.3215686274509804,0.3137254901960784,0.43137254901960786,37.000211716909696,956139
0.35294117647058826,0.32941176470588235,0.4235294117647059,104.00059509617861,953059
0.33725490196078434,0.3686274509803922,0.4235294117647059,257.0014705742106,118178
0.3686274509803922,0.36470588235294116,0.4235294117647059,83.00047493252715,283232
0.37254901960784315,0.5098039215686274,0.5215686274509804,57.00032615848251,361009
0.2901960784313726,0.5058823529411764,0.611764705882353,2.000011444157281,928751
0.3686274509803922,0.5647058823529412,0.5725490196078431,1.0000057220786405,163327
0.2,0.2901960784313726,0.12549019607843137,1175.0067234424025,619481
0.20784313725490197,0.29411764705882354,0.12549019607843137,1463.008371401051,601072
0.2,0.2980392156862745,0.12941176470588237,19.00010871949417,628714
0.21568627450980393,0.30196078431372547,0.12941176470588237,2412.0138016536807,605154
0.19607843137254902,0.2901960784313726,0.14901960784313725,265.0015163508397,305118
0.20392156862745098,0.2901960784313726,0.14901960784313725,92.00052643123492,314332
0.18823529411764706,0.3058823529411765,0.15294117647058825,226.00129318977275,169951
0.21568627450980393,0.30196078431372547,0.14901960784313725,377.00215722364743,250873
0.6313725490196078,0.5803921568627451,0.6313725490196078,40.00022888314562,998801
0.6627450980392157,0.5882352941176471,0.6235294117647059,4.000022888314562,953767
0.6274509803921569,0.6,0.6392156862745098,524.0029983692076,856137
0.6549019607843137,0.611764705882353,0.6313725490196078,534.003055589994,898398
0.6352941176470588,0.5882352941176471,0.6745098039215687,2.000011444157281,932681
0.6549019607843137,0.5843137254901961,0.6666666666666666,1.0000057220786405,929590
0.6509803921568628,0.596078431372549,0.6627450980392157,343.00196267297366,839817
0.6627450980392157,0.611764705882353,0.6549019607843137,55.00031471432523,836755
0.5607843137254902,0.5843137254901961,0.5098039215686274,119.00068092735822,408222
0.592156862745098,0.5882352941176471,0.5254901960784314,125.00071525983006,588483
0.5843137254901961,0.596078431372549,0.5058823529411764,116.0006637611223,196889
0.596078431372549,0.592156862745098,0.5176470588235295,249.00142479758148,602841
0.5764705882352941,0.5607843137254902,0.5490196078431373,320.00183106516494,390795
0.615686274509804,0.5686274509803921,0.5568627450980392,257.0014705742106,889175
0.5882352941176471,0.611764705882353,0.5529411764705883,99.00056648578541,665251
0.615686274509804,0.611764705882353,0.5333333333333333,196.00112152741355,595649
0.7019607843137254,0.7137254901960784,0.6313725490196078,229.00131035600867,377046
0.7450980392156863,0.7137254901960784,0.6352941176470588,169.00096703129023,437469
0.6980392156862745,0.7254901960784313,0.6470588235294118,35.000200272752416,623318
0.7333333333333333,0.7450980392156863,0.6470588235294118,76.00043487797667,566514
0.7137254901960784,0.6941176470588235,0.6588235294117647,433.00247766005134,336158
0.7176470588235294,0.7137254901960784,0.6666666666666666,280.0016021820193,394899
0.6980392156862745,0.7176470588235294,0.6745098039215687,97.00055504162813,523976
0.7254901960784313,0.7450980392156863,0.6549019607843137,147.00084114556014,593148
0.6901960784313725,0.5647058823529412,0.5764705882352941,224.00128174561547,937210
0.7215686274509804,0.5882352941176471,0.5647058823529412,87.00049782084172,1013804
0.6862745098039216,0.6196078431372549,0.5803921568627451,258.00147629628924,840708
0.7254901960784313,0.6078431372549019,0.5725490196078431,402.0023002756135,1027180
0.7019607843137254,0.5882352941176471,0.6,15.000085831179607,987684
0.7254901960784313,0.5882352941176471,0.592156862745098,1.0000057220786405,915583
0.6901960784313725,0.6196078431372549,0.596078431372549,288.00164795864845,860208
0.7215686274509804,0.615686274509804,0.6078431372549019,177.00101280791935,962839
0.6392156862745098,0.5607843137254902,0.5254901960784314,193.00110436117762,769396
0.6549019607843137,0.5843137254901961,0.5098039215686274,109.00062370657182,674095
0.6392156862745098,0.6196078431372549,0.5215686274509804,180.00102997415527,141605
0.6823529411764706,0.6078431372549019,0.5254901960784314,263.00150490668244,231716
0.6235294117647059,0.5607843137254902,0.5529411764705883,163.0009326988184,849976
0.6823529411764706,0.5647058823529412,0.5568627450980392,151.0008640338747,992815
0.6235294117647059,0.6039215686274509,0.5333333333333333,163.0009326988184,546499
0.6666666666666666,0.6078431372549019,0.5490196078431373,228.00130463393003,379112
0.09803921568627451,0.18823529411764706,0.13725490196078433,523.002992647129,94913
0.11372549019607843,0.2,0.13725490196078433,231.00132180016595,110237
0.10588235294117647,0.21176470588235294,0.13725490196078433,38.00021743898834,10941
0.11372549019607843,0.21568627450980393,0.12549019607843137,179.00102425207663,16334
0.10196078431372549,0.19215686274509805,0.1411764705882353,901.0051555928551,99006
0.10980392156862745,0.2,0.1450980392156863,652.0037307952736,102052
0.10196078431372549,0.21176470588235294,0.1450980392156863,213.00121880275043,14033
0.11372549019607843,0.20784313725490197,0.14901960784313725,2974.0170174618765,145111
0.2,0.3137254901960784,0.18823529411764706,518.0029640367358,11780
0.21176470588235294,0.3254901960784314,0.18823529411764706,2764.015815825362,25070
0.2,0.3333333333333333,0.18823529411764706,102.00058365202133,162694
0.21176470588235294,0.3333333333333333,0.19607843137254902,968.005538972124,50694
0.2,0.3137254901960784,0.21176470588235294,67.00038337926891,124518
0.20784313725490197,0.3176470588235294,0.20392156862745098,841.0048122681367,161386
0.19607843137254902,0.3411764705882353,0.20784313725490197,17.000097275336888,105287
0.21568627450980393,0.33725490196078434,0.20392156862745098,408.00233460808533,201374
0.0196078431372549,0.027450980392156862,0.06274509803921569,1.0000057220786405,295302
0.0392156862745098,0.0196078431372549,0.06666666666666667,3.0000171662359216,825628
0.027450980392156862,0.054901960784313725,0.08627450980392157,81.00046348836987,199064
0.023529411764705882,0.027450980392156862,0.09411764705882353,1.0000057220786405,862653
0.0196078431372549,0.047058823529411764,0.10980392156862745,4.000022888314562,304513
0.03529411764705882,0.043137254901960784,0.10196078431372549,23.00013160780873,872949
0.22745098039215686,0.34509803921568627,0.19215686274509805,434.00248338213,235168
0.23921568627450981,0.34901960784313724,0.19607843137254902,1128.0064545047064,465666
0.22745098039215686,0.36470588235294116,0.18823529411764706,35.000200272752416,160744
0.24705882352941178,0.3607843137254902,0.19215686274509805,266.00152207291836,333672
0.23137254901960785,0.34901960784313724,0.21176470588235294,955.0054645851017,38415
0.23921568627450981,0.3568627450980392,0.21568627450980393,2068.0118332586285,162358
0.23137254901960785,0.36470588235294116,0.21568627450980393,26.000148774044654,3564
0.24705882352941178,0.36470588235294116,0.21568627450980393,735.0042057278007,175660
0.25098039215686274,0.3254901960784314,0.12941176470588237,249.00142479758148,776137
0.27450980392156865,0.3254901960784314,0.13333333333333333,34.000194550673775,893858
0.2549019607843137,0.33725490196078434,0.13333333333333333,1934.0110665000907,801766
0.26666666666666666,0.32941176470588235,0.13725490196078433,34.000194550673775,894886
0.25098039215686274,0.3215686274509804,0.1411764705882353,26.000148774044654,724898
0.26666666666666666,0.3215686274509804,0.1411764705882353,6.000034332471843,856922
0.2549019607843137,0.3411764705882353,0.14901960784313725,3227.018465147773,728967
0.26666666666666666,0.3411764705882353,0.1450980392156863,123.00070381567278,742335
0.4,0.396078431372549,0.4627450980392157,93.00053215331356,113067
0.43137254901960786,0.4,0.4666666666666667,92.00052643123492,857300
0.3764705882352941,0.4235294117647059,0.4588235294117647,392.0022430548271,134466
0.4235294117647059,0.42745098039215684,0.45098039215686275,267.001527794997,142679
0.403921568627451,0.4,0.48627450980392156,134.00076675853782,947949
0.42745098039215684,0.3803921568627451,0.4980392156862745,138.00078964685238,929599
0.403921568627451,0.43529411764705883,0.4823529411764706,133.00076103645918,683721
0.43529411764705883,0.43529411764705883,0.49019607843137253,126.0007209819087,897580
0.6980392156862745,0.6509803921568628,0.5607843137254902,189.00108147286304,537302
0.7411764705882353,0.6313725490196078,0.5803921568627451,87.00049782084172,887932
0.7098039215686275,0.6588235294117647,0.5843137254901961,160.00091553258247,651552
0.7254901960784313,0.6627450980392157,0.5882352941176471,169.00096703129023,769387
0.6980392156862745,0.6313725490196078,0.592156862745098,197.00112724949219,704830
0.7294117647058823,0.6235294117647059,0.596078431372549,185.00105858454847,1047680
0.7058823529411765,0.6705882352941176,0.6196078431372549,213.00121880275043,200992
0.7294117647058823,0.6823529411764706,0.596078431372549,174.00099564168343,616713
0.5254901960784314,0.5254901960784314,0.5882352941176471,189.00108147286304,868540
0.5490196078431373,0.5137254901960784,0.5607843137254902,99.00056648578541,844923
0.5215686274509804,0.5568627450980392,0.5647058823529412,246.00140763134556,327193
0.5411764705882353,0.5372549019607843,0.5686274509803921,204.00116730404267,834693
0.5058823529411764,0.5215686274509804,0.592156862745098,57.00032615848251,982730
0.5529411764705883,0.5176470588235295,0.596078431372549,20.00011444157281,929604
0.5019607843137255,0.5529411764705883,0.6,336.0019226184232,953212
0.5372549019607843,0.5333333333333333,0.596078431372549,212.0012130806718,1027747
0.6588235294117647,0.6666666666666666,0.43529411764705883,25.000143051966013,886662
0.7215686274509804,0.6313725490196078,0.3843137254901961,10.000057220786404,805673
0.6313725490196078,0.6352941176470588,0.4980392156862745,217.001241691065,185621
0.6862745098039216,0.6235294117647059,0.4980392156862745,83.00047493252715,127191
0.6784313725490196,0.6862745098039216,0.4980392156862745,3.0000171662359216,895901
0.2823529411764706,0.3568627450980392,0.16862745098039217,105.00060081825725,614252
0.3058823529411765,0.34901960784313724,0.1568627450980392,16.000091553258248,715523
0.2823529411764706,0.3686274509803922,0.1568627450980392,2024.0115814871683,777064
0.3058823529411765,0.37254901960784315,0.16862745098039217,75.00042915589803,766729
0.29411764705882354,0.35294117647058826,0.1803921568627451,370.00211716909695,280591
0.2980392156862745,0.3568627450980392,0.1803921568627451,74.00042343381939,274444
0.2823529411764706,0.3686274509803922,0.17647058823529413,2336.013366775704,648033
0.3058823529411765,0.3607843137254902,0.1843137254901961,368.00210572493967,258086
0.6588235294117647,0.6,0.47843137254901963,815.004663494092,117035
0.6745098039215687,0.6039215686274509,0.4823529411764706,2155.01233107947,97504
0.6666666666666666,0.611764705882353,0.4823529411764706,179.00102425207663,135424
0.6745098039215687,0.611764705882353,0.4823529411764706,359.0020542262319,126184
0.6549019607843137,0.596078431372549,0.4980392156862745,43.00024604938154,505061
0.6823529411764706,0.6039215686274509,0.48627450980392156,1097.0062771202686,39188
0.6627450980392157,0.611764705882353,0.48627450980392156,72.00041198966211,133406
0.6823529411764706,0.6078431372549019,0.49019607843137253,642.0036735744872,101559
0.5215686274509804,0.4392156862745098,0.3843137254901961,154.00088120011063,914914
0.5372549019607843,0.44313725490196076,0.3803921568627451,244.00139618718828,796126
0.5137254901960784,0.4823529411764706,0.3803921568627451,153.000875478032,663138
0.5333333333333333,0.4980392156862745,0.4,277.0015850157834,676521
0.5019607843137255,0.4549019607843137,0.41568627450980394,131.0007495923019,350472
0.5529411764705883,0.4666666666666667,0.4235294117647059,109.00062370657182,789924
0.5254901960784314,0.47058823529411764,0.42745098039215684,116.0006637611223,440979
0.5529411764705883,0.48627450980392156,0.43529411764705883,155.00088692218927,365802
0.6470588235294118,0.5215686274509804,0.5058823529411764,163.0009326988184,1046871
0.6549019607843137,0.5058823529411764,0.5098039215686274,176.0010070858407,934034
0.6352941176470588,0.5411764705882353,0.5019607843137255,106.0006065403359,809009
0.6627450980392157,0.5450980392156862,0.5058823529411764,437.0025005483659,1031584
0.6235294117647059,0.5137254901960784,0.5411764705882353,32.000183106516495,1041875
0.6823529411764706,0.5254901960784314,0.5333333333333333,12.000068664943687,906378
0.6392156862745098,0.5450980392156862,0.5450980392156862,129.00073814814462,1016430
0.6784313725490196,0.5333333333333333,0.5372549019607843,247.0014133534242,906390
0.5058823529411764,0.24705882352941178,0.1803921568627451,1.0000057220786405,1046720
0.5607843137254902,0.35294117647058826,0.3803921568627451,12.000068664943687,916871
0.3254901960784314,0.3843137254901961,0.2,1243.00711254375,288785
0.33725490196078434,0.3803921568627451,0.19607843137254902,552.0031585874095,224260
0.3137254901960784,0.39215686274509803,0.19215686274509805,575.0032901952183,592714
0.3333333333333333,0.39215686274509803,0.2,301.00172234567077,270377
0.3254901960784314,0.38823529411764707,0.20392156862745098,580.0033188056115,291892
0.32941176470588235,0.38823529411764707,0.20392156862745098,206.00117874819995,296988
0.3215686274509804,0.396078431372549,0.20392156862745098,314.0017967326931,621385
0.32941176470588235,0.39215686274509803,0.21568627450980393,1320.0075531438054,308256
0.5764705882352941,0.5215686274509804,0.4549019607843137,158.0009040884252,891278
0.611764705882353,0.5176470588235295,0.4470588235294118,161.0009212546611,702782
0.5882352941176471,0.5411764705882353,0.44313725490196076,165.00094414297567,670393
0.6,0.5490196078431373,0.45098039215686275,276.00157929370476,596223
0.5725490196078431,0.5098039215686274,0.49019607843137253,124.00070953775142,885097
0.592156862745098,0.5215686274509804,0.4745098039215686,77.00044060005531,825478
0.5764705882352941,0.5333333333333333,0.47058823529411764,139.00079536893102,429727
0.615686274509804,0.5490196078431373,0.4745098039215686,172.00098419752615,788038
0.4,0.38823529411764707,0.3254901960784314,146.0008354234815,639589
0.4196078431372549,0.3803921568627451,0.3333333333333333,254.00145340797468,424266
0.39215686274509803,0.42745098039215684,0.3254901960784314,23.00013160780873,99726
0.43529411764705883,0.4117647058823529,0.3333333333333333,67.00038337926891,654951
0.3843137254901961,0.3803921568627451,0.36470588235294116,306.001750956064,352623
0.41568627450980394,0.3764705882352941,0.3568627450980392,285.0016307924125,315659
0.4,0.40784313725490196,0.37254901960784315,44.00025177146018,631357
0.42745098039215684,0.40784313725490196,0.36470588235294116,145.00082970140286,354608
0.16470588235294117,0.12941176470588237,0.09803921568627451,620.0035476887571,683390
0.17254901960784313,0.13725490196078433,0.10588235294117647,494.0028267068484,761372
0.16862745098039217,0.1450980392156863,0.10588235294117647,2.000011444157281,748079
0.1803921568627451,0.1411764705882353,0.10588235294117647,44.00025177146018,754141
0.1607843137254902,0.13333333333333333,0.10980392156862745,2075.011873313179,535948
0.17254901960784313,0.13725490196078433,0.11764705882352941,558.0031929198814,613830
0.16470588235294117,0.1411764705882353,0.11372549019607843,312.0017852885358,718378
0.17254901960784313,0.1411764705882353,0.11372549019607843,971.0055561383599,631223
0.3137254901960784,0.4588235294117647,0.20784313725490197,270.0015449612329,400206
0.3568627450980392,0.45098039215686275,0.18823529411764706,177.00101280791935,512871
0.3333333333333333,0.47058823529411764,0.20392156862745098,7.0000400545504835,410454
0.34901960784313724,0.47058823529411764,0.19215686274509805,9.000051498707764,462670
0.33725490196078434,0.4392156862745098,0.23137254901960785,251.00143624173876,257640
0.3568627450980392,0.44313725490196076,0.24313725490196078,552.0031585874095,324251
0.09803921568627451,0.06274509803921569,0.06274509803921569,347.0019855612882,912087
0.11764705882352941,0.07450980392156863,0.06274509803921569,193.00110436117762,902836
0.10588235294117647,0.08627450980392157,0.07450980392156863,1273.0072842061093,605557
0.11372549019607843,0.09019607843137255,0.07450980392156863,329.0018825638727,607655
0.09411764705882353,0.07450980392156863,0.0784313725490196,132.00075531438054,582151
0.12156862745098039,0.06666666666666667,0.0784313725490196,22.00012588573009,827653
0.10588235294117647,0.08627450980392157,0.08235294117647059,2078.011890479415,596373
0.10980392156862745,0.09019607843137255,0.08235294117647059,671.0038395147677,479488
0.2,0.1568627450980392,0.12941176470588237,1047.0059910163366,642495
0.21176470588235294,0.16862745098039217,0.13725490196078433,976.0055847487531,544037
0.19607843137254902,0.17647058823529413,0.13725490196078433,16.000091553258248,661089
0.21176470588235294,0.17647058823529413,0.12549019607843137,92.00052643123492,759337
0.2,0.16862745098039217,0.1411764705882353,1142.0065346138074,697863
0.20392156862745098,0.16862745098039217,0.1450980392156863,620.0035476887571,493839
0.2,0.1803921568627451,0.15294117647058825,224.00128174561547,708132
0.20392156862745098,0.17254901960784313,0.15294117647058825,919.0052585902706,464220
0.30980392156862746,0.3137254901960784,0.09019607843137255,1.0000057220786405,915411
0.25098039215686274,0.33725490196078434,0.11764705882352941,20.00011444157281,519083
0.3058823529411765,0.3333333333333333,0.10588235294117647,42.0002403273029,883588
0.4470588235294118,0.33725490196078434,0.3176470588235294,111.0006351507291,902592
0.49019607843137253,0.3254901960784314,0.3254901960784314,306.001750956064,917623
0.4588235294117647,0.34901960784313724,0.33725490196078434,129.00073814814462,907409
0.47058823529411764,0.3607843137254902,0.3215686274509804,281.00160790409797,886132
0.4470588235294118,0.3411764705882353,0.37254901960784315,101.0005779299427,940767
0.49019607843137253,0.33725490196078434,0.3568627450980392,137.00078392477374,980271
0.44313725490196076,0.37254901960784315,0.3607843137254902,81.00046348836987,885129
0.49411764705882355,0.3607843137254902,0.36470588235294116,105.00060081825725,989821
0.27058823529411763,0.3411764705882353,0.4392156862745098,84.0004806546058,257505
0.2901960784313726,0.33725490196078434,0.44313725490196076,20.00011444157281,254416
0.25882352941176473,0.3607843137254902,0.4392156862745098,600.0034332471843,464397
0.30196078431372547,0.3686274509803922,0.4392156862745098,232.0013275222446,347714
0.25882352941176473,0.3137254901960784,0.49411764705882355,10.000057220786404,968647
0.30980392156862746,0.3137254901960784,0.4823529411764706,2.000011444157281,940919
0.25882352941176473,0.35294117647058826,0.47058823529411764,258.00147629628924,252440
0.2823529411764706,0.3686274509803922,0.48627450980392156,44.00025177146018,958383
0.7843137254901961,0.8196078431372549,0.8431372549019608,1070.0061226241453,745475
0.8,0.8235294117647058,0.8431372549019608,1101.0063000085831,674995
0.792156862745098,0.8274509803921568,0.8509803921568627,196.00112152741355,617644
0.803921568627451,0.8274509803921568,0.8431372549019608,2396.0137101004225,628779
0.792156862745098,0.8235294117647058,0.8588235294117647,9.000051498707764,809420
0.8,0.8196078431372549,0.8627450980392157,21.00012016365145,828466
0.788235294117647,0.8313725490196079,0.8588235294117647,25.000143051966013,807443
0.807843137254902,0.8392156862745098,0.8627450980392157,143.00081825724558,823601
0.5019607843137255,0.3803921568627451,0.1607843137254902,1.0000057220786405,231784
0.615686274509804,0.3764705882352941,0.17647058823529413,2.000011444157281,832109
0.5098039215686274,0.3803921568627451,0.24705882352941178,74.00042343381939,763531
0.5843137254901961,0.3843137254901961,0.24705882352941178,187.00107002870575,788078
0.5137254901960784,0.4666666666666667,0.23137254901960785,33.000188828595135,710355
0.5607843137254902,0.45098039215686275,0.23921568627450981,13.000074387022327,734951
0.2549019607843137,0.3803921568627451,0.16862745098039217,383.00219155611927,402229
0.26666666666666666,0.3764705882352941,0.1568627450980392,1583.009058050488,390095
0.2627450980392157,0.39215686274509803,0.16862745098039217,37.000211716909696,411446
0.2784313725490196,0.403921568627451,0.16862745098039217,717.0041027303852,408427
0.2549019607843137,0.3803921568627451,0.1803921568627451,501.0028667613989,368459
0.26666666666666666,0.38823529411764707,0.17647058823529413,892.0051040941473,378742
0.2627450980392157,0.39215686274509803,0.17254901960784313,54.00030899224659,412466
0.27058823529411763,0.4,0.17647058823529413,691.0039539563405,390984
0.5058823529411764,0.3843137254901961,0.396078431372549,65.00037193511163,920721
0.5568627450980392,0.3764705882352941,0.38823529411764707,572.0032730289823,1030451
0.5137254901960784,0.43529411764705883,0.3803921568627451,81.00046348836987,134553
0.5372549019607843,0.41568627450980394,0.3843137254901961,149.00085258971743,884080
0.5098039215686274,0.396078431372549,0.43137254901960786,54.00030899224659,833693
0.5490196078431373,0.39215686274509803,0.40784313725490196,154.00088120011063,1000020
0.5058823529411764,0.4196078431372549,0.4235294117647059,50.00028610393203,909899
0.5568627450980392,0.42745098039215684,0.40784313725490196,83.00047493252715,952540
0.5411764705882353,0.25882352941176473,0.047058823529411764,83.00047493252715,814878
0.5686274509803921,0.2784313725490196,0.0196078431372549,45.00025749353882,784133
0.611764705882353,0.3176470588235294,0.054901960784313725,5.000028610393202,789256
0.5137254901960784,0.2627450980392157,0.11764705882352941,98.00056076370677,858948
0.5882352941176471,0.30196078431372547,0.11764705882352941,58.00033188056115,842360
0.5764705882352941,0.3176470588235294,0.11372549019607843,13.000074387022327,788229
0.27450980392156865,0.3843137254901961,0.5019607843137255,196.00112152741355,476793
0.28627450980392155,0.3843137254901961,0.5098039215686274,127.00072670398734,269811
0.27450980392156865,0.40784313725490196,0.5019607843137255,108.00061798449318,468554
0.3058823529411765,0.41568627450980394,0.5058823529411764,456.00260926786007,271905
0.25098039215686274,0.3843137254901961,0.5450980392156862,25.000143051966013,295400
0.2901960784313726,0.3764705882352941,0.5294117647058824,14.000080109100967,290273
0.27450980392156865,0.4196078431372549,0.5372549019607843,65.00037193511163,469605
0.29411764705882354,0.43137254901960786,0.5333333333333333,201.00115013780675,506458
0.7490196078431373,0.7490196078431373,0.7098039215686275,143.00081825724558,384226
0.807843137254902,0.7764705882352941,0.6980392156862745,141.0008068130883,475842
0.7607843137254902,0.7803921568627451,0.7137254901960784,13.000074387022327,411295
0.792156862745098,0.7843137254901961,0.7058823529411765,36.000205994831056,432347
0.7647058823529411,0.7568627450980392,0.7176470588235294,381.002180111962,305390
0.803921568627451,0.7529411764705882,0.7333333333333333,287.0016422365698,928990
0.7607843137254902,0.788235294117647,0.7411764705882353,70.00040054550483,485025
0.807843137254902,0.803921568627451,0.7333333333333333,118.00067520527958,558807
0.13725490196078433,0.12941176470588237,0.13725490196078433,1025.0058651306065,524741
0.1411764705882353,0.12549019607843137,0.13333333333333333,1040.005950961786,478535
0.13725490196078433,0.1411764705882353,0.13333333333333333,12.000068664943687,404814
0.14901960784313725,0.1411764705882353,0.13333333333333333,208.00119019235723,394612
0.12549019607843137,0.13725490196078433,0.15294117647058825,1025.0058651306065,378282
0.15294117647058825,0.12941176470588237,0.1450980392156863,318.00181962100766,368898
0.13333333333333333,0.1450980392156863,0.14901960784313725,322.0018425093222,681710
0.1450980392156863,0.1411764705882353,0.1411764705882353,792.0045318862833,658143
0.1568627450980392,0.13725490196078433,0.12549019607843137,524.0029983692076,551339
0.1843137254901961,0.12941176470588237,0.12941176470588237,71.00040626758347,849199
0.16470588235294117,0.14901960784313725,0.13333333333333333,1078.0061684007744,488848
0.1803921568627451,0.14901960784313725,0.13333333333333333,1791.0102482428451,673247
0.1568627450980392,0.12549019607843137,0.14901960784313725,54.00030899224659,894458
0.1803921568627451,0.13333333333333333,0.14901960784313725,13.000074387022327,811396
0.16470588235294117,0.15294117647058825,0.1450980392156863,802.0045891070697,426324
0.1803921568627451,0.15294117647058825,0.1411764705882353,356.002037059996,599528
0.45098039215686275,0.3137254901960784,0.21176470588235294,81.00046348836987,723625
0.47058823529411764,0.3176470588235294,0.21568627450980393,61.00034904679707,784009
0.4549019607843137,0.34901960784313724,0.20392156862745098,3.0000171662359216,717495
0.4980392156862745,0.36470588235294116,0.19607843137254902,10.000057220786404,893711
0.4392156862745098,0.3333333333333333,0.2235294117647059,400.0022888314562,742021
0.49019607843137253,0.3254901960784314,0.23137254901960785,64.00036621303299,887396
0.4392156862745098,0.35294117647058826,0.24313725490196078,386.00220872235525,50204
0.4745098039215686,0.35294117647058826,0.22745098039215686,137.00078392477374,755341
0.6980392156862745,0.7568627450980392,0.7803921568627451,407.0023288860067,233010
0.7137254901960784,0.7607843137254902,0.792156862745098,1227.0070209904918,745547
0.6901960784313725,0.7647058823529411,0.788235294117647,27.000154496123294,520846
0.7098039215686275,0.7764705882352941,0.7843137254901961,47.0002689376961,431681
0.6980392156862745,0.7568627450980392,0.796078431372549,422.0024147171863,643321
0.7098039215686275,0.7607843137254902,0.8,1855.010614455878,748593
0.6862745098039216,0.7686274509803922,0.8,34.000194550673775,931823
0.7098039215686275,0.7647058823529411,0.803921568627451,533.0030498679154,670731
0.4,0.3137254901960784,0.3411764705882353,83.00047493252715,961195
0.41568627450980394,0.3176470588235294,0.3333333333333333,77.00044060005531,999025
0.396078431372549,0.3607843137254902,0.3176470588235294,310.00177384437853,412908
0.43137254901960786,0.37254901960784315,0.3137254901960784,161.0009212546611,351501
0.38823529411764707,0.3137254901960784,0.36470588235294116,80.00045776629123,963246
0.4117647058823529,0.3215686274509804,0.34509803921568627,151.0008640338747,998005
0.39215686274509803,0.34509803921568627,0.34509803921568627,182.00104141831255,236918
0.40784313725490196,0.34509803921568627,0.3686274509803922,90.00051498707764,886191
0.8666666666666667,0.8745098039215686,0.807843137254902,10.000057220786404,506564
0.8,0.8823529411764706,0.8705882352941177,20.00011444157281,157169
0.44313725490196076,0.4549019607843137,0.3764705882352941,157.00089836634655,656049
0.4745098039215686,0.44313725490196076,0.403921568627451,174.00099564168343,586441
0.4666666666666667,0.4745098039215686,0.3764705882352941,42.0002403273029,485598
0.4980392156862745,0.49411764705882355,0.3843137254901961,83.00047493252715,408795
0.4392156862745098,0.44313725490196076,0.4196078431372549,240.00137329887372,331052
0.4823529411764706,0.4627450980392157,0.43137254901960786,199.00113869364947,376195
0.4666666666666667,0.4745098039215686,0.4235294117647059,82.00046921044851,455945
0.49019607843137253,0.48627450980392156,0.4117647058823529,145.00082970140286,673408
0.2823529411764706,0.3803921568627451,0.13725490196078433,663.0037937381386,518088
0.2980392156862745,0.3803921568627451,0.13333333333333333,36.000205994831056,493483
0.2901960784313726,0.39215686274509803,0.13725490196078433,203.00116158196403,460711
0.2980392156862745,0.39215686274509803,0.13725490196078433,34.000194550673775,487311
0.2823529411764706,0.38823529411764707,0.1450980392156863,987.0056476916182,449407
0.2980392156862745,0.38823529411764707,0.15294117647058825,273.00156212746884,529279
0.2823529411764706,0.39215686274509803,0.15294117647058825,919.0052585902706,422848
0.30196078431372547,0.396078431372549,0.1411764705882353,1372.0078506918946,478112
0.19215686274509805,0.3137254901960784,0.44313725490196076,151.0008640338747,546445
0.23529411764705882,0.3333333333333333,0.4549019607843137,290.0016594028057,151813
0.20784313725490197,0.34509803921568627,0.45098039215686275,19.00010871949417,879084
0.24313725490196078,0.3568627450980392,0.4470588235294118,338.00193406258046,525953
0.21176470588235294,0.3333333333333333,0.49019607843137253,39.00022316106698,432684
0.2235294117647059,0.3254901960784314,0.4745098039215686,33.000188828595135,437796
0.21568627450980393,0.35294117647058826,0.47843137254901963,21.00012016365145,426537
0.22745098039215686,0.34901960784313724,0.4823529411764706,217.001241691065,971733
0.5882352941176471,0.5215686274509804,0.5098039215686274,104.00059509617861,147702
0.596078431372549,0.5254901960784314,0.5098039215686274,65.00037193511163,882060
0.5843137254901961,0.5372549019607843,0.5137254901960784,212.0012130806718,298232
0.596078431372549,0.5568627450980392,0.5176470588235295,130.00074387022326,135570
0.5882352941176471,0.5215686274509804,0.5372549019607843,122.00069809359414,911902
0.615686274509804,0.5254901960784314,0.5568627450980392,86.00049209876308,1024651
0.5607843137254902,0.5372549019607843,0.5411764705882353,255.00145913005332,904697
0.615686274509804,0.5333333333333333,0.5333333333333333,131.0007495923019,832608
0.7176470588235294,0.7176470588235294,0.7607843137254902,763.0043659460026,912689
0.7372549019607844,0.7176470588235294,0.7490196078431373,452.0025863795455,1032708
0.7215686274509804,0.7450980392156863,0.7490196078431373,283.00161934825525,878936
0.7450980392156863,0.7372549019607844,0.7490196078431373,129.00073814814462,861375
0.7215686274509804,0.7215686274509804,0.7686274509803922,562.0032158081959,902359
0.7372549019607844,0.7294117647058823,0.7686274509803922,272.0015564053902,1004984
0.7294117647058823,0.7411764705882353,0.7725490196078432,868.00496676426,943462
0.7450980392156863,0.7372549019607844,0.7764705882352941,1057.006048237123,904477
0.5176470588235295,0.5686274509803921,0.3411764705882353,100.00057220786405,260264
0.5529411764705883,0.5686274509803921,0.32941176470588235,257.0014705742106,223422
0.5215686274509804,0.5686274509803921,0.36470588235294116,271.00155068331156,279723
0.5529411764705883,0.5764705882352941,0.3686274509803922,459.002626434096,238800
0.6588235294117647,0.6901960784313725,0.7254901960784313,496.0028381510057,876960
0.6784313725490196,0.6862745098039216,0.7254901960784313,300.00171662359213,854098
0.6666666666666666,0.7019607843137254,0.7254901960784313,163.0009326988184,1003446
0.6705882352941176,0.7019607843137254,0.7215686274509804,220.0012588573009,1046500
0.6549019607843137,0.6980392156862745,0.7411764705882353,676.0038681251609,1019629
0.6745098039215687,0.6980392156862745,0.7411764705882353,639.0036564082512,712988
0.6666666666666666,0.7137254901960784,0.7372549019607844,1066.0060997358307,493199
0.6705882352941176,0.7019607843137254,0.7333333333333333,773.0044231667891,707881
0.4549019607843137,0.5647058823529412,0.5803921568627451,54.00030899224659,384505
0.49411764705882355,0.5686274509803921,0.5725490196078431,158.0009040884252,508596
0.45098039215686275,0.6196078431372549,0.5803921568627451,1.0000057220786405,180760
0.49411764705882355,0.592156862745098,0.5803921568627451,5.000028610393202,214528
0.45098039215686275,0.5607843137254902,0.6196078431372549,281.00160790409797,289258
0.48627450980392156,0.5843137254901961,0.6039215686274509,518.0029640367358,287178
0.45098039215686275,0.6078431372549019,0.615686274509804,10.000057220786404,243282
0.4980392156862745,0.6196078431372549,0.615686274509804,55.00031471432523,208299
0.5411764705882353,0.6745098039215687,0.7607843137254902,32.000183106516495,883573
0.592156862745098,0.6509803921568628,0.7529411764705882,59.00033760263979,943998
0.5450980392156862,0.7058823529411765,0.788235294117647,25.000143051966013,926693
0.611764705882353,0.6862745098039216,0.7725490196078432,149.00085258971743,905031
0.5882352941176471,0.7294117647058823,0.8156862745098039,5.000028610393202,915399
0.3215686274509804,0.40784313725490196,0.16862745098039217,1165.0066662216161,531300
0.32941176470588235,0.41568627450980394,0.16470588235294117,207.0011844702786,504693
0.3176470588235294,0.4235294117647059,0.1607843137254902,517.0029583146571,458624
0.32941176470588235,0.42745098039215684,0.16470588235294117,560.0032043640387,479085
0.3215686274509804,0.40784313725490196,0.17254901960784313,513.0029354263426,526157
0.32941176470588235,0.41568627450980394,0.1843137254901961,495.00283242892704,557948
0.3254901960784314,0.42745098039215684,0.1803921568627451,344.0019683950523,496454
0.3411764705882353,0.43529411764705883,0.17254901960784313,504.0028839276348,493421
0.09019607843137255,0.14901960784313725,0.20784313725490197,86.00049209876308,543337
0.11372549019607843,0.13725490196078433,0.20392156862745098,425.0024318834222,298369
0.08235294117647059,0.1568627450980392,0.19215686274509805,6.000034332471843,338386
0.11372549019607843,0.1607843137254902,0.21568627450980393,207.0011844702786,872953
0.08627450980392157,0.14901960784313725,0.2235294117647059,25.000143051966013,472628
0.09411764705882353,0.15294117647058825,0.23529411764705882,45.00025749353882,454171
0.08235294117647059,0.1568627450980392,0.23921568627450981,22.00012588573009,472659
0.12156862745098039,0.17647058823529413,0.2235294117647059,250.00143051966012,542292
0.2823529411764706,0.34509803921568627,0.2,677.0038738472396,632604
0.30196078431372547,0.34901960784313724,0.2,19.00010871949417,593079
0.2901960784313726,0.3607843137254902,0.19215686274509805,944.0054016422366,646949
0.3058823529411765,0.37254901960784315,0.19215686274509805,669.0038280706104,297998
0.2901960784313726,0.35294117647058826,0.21176470588235294,381.002180111962,607000
0.30196078431372547,0.3568627450980392,0.20784313725490197,76.00043487797667,578740
0.2901960784313726,0.36470588235294116,0.20392156862745098,699.0039997329696,648989
0.2980392156862745,0.3686274509803922,0.20392156862745098,785.0044918317328,595755
0.19215686274509805,0.08627450980392157,0.09019607843137255,19.00010871949417,922755
0.2196078431372549,0.06666666666666667,0.0784313725490196,5.000028610393202,1039492
0.21568627450980393,0.09803921568627451,0.08235294117647059,599.0034275251056,1032282
0.24313725490196078,0.10588235294117647,0.09019607843137255,85.00048637668444,945279
0.18823529411764706,0.08235294117647059,0.11764705882352941,12.000068664943687,945334
0.23529411764705882,0.09019607843137255,0.10196078431372549,1.0000057220786405,1021083
0.2,0.11372549019607843,0.09803921568627451,260.0014877404465,930472
0.23921568627450981,0.10196078431372549,0.10980392156862745,73.00041771174075,906360
0.6235294117647059,0.403921568627451,0.33725490196078434,82.00046921044851,1021177
0.6274509803921569,0.41568627450980394,0.33725490196078434,315.00180245477173,939083
0.6549019607843137,0.43529411764705883,0.3333333333333333,15.000085831179607,925762
0.6235294117647059,0.403921568627451,0.34509803921568627,17.000097275336888,999501
0.6313725490196078,0.43529411764705883,0.3607843137254902,592.0033874705551,896026
0.6627450980392157,0.43137254901960786,0.3607843137254902,19.00010871949417,913452
0.3764705882352941,0.20784313725490197,0.12549019607843137,79.0004520442126,884340
0.4196078431372549,0.20392156862745098,0.14901960784313725,17.000097275336888,1043544
0.39215686274509803,0.22745098039215686,0.13333333333333333,172.00098419752615,884538
0.41568627450980394,0.24705882352941178,0.1450980392156863,153.000875478032,882285
0.4,0.21568627450980393,0.1607843137254902,159.00090981050383,909398
0.41568627450980394,0.20392156862745098,0.1843137254901961,63.00036049095435,999626
0.3803921568627451,0.23137254901960785,0.1843137254901961,263.00150490668244,929365
0.43529411764705883,0.24313725490196078,0.1803921568627451,127.00072670398734,890883
0.5254901960784314,0.5254901960784314,0.4627450980392157,109.00062370657182,394903
0.5333333333333333,0.5176470588235295,0.4627450980392157,121.0006923715155,357600
0.5254901960784314,0.5411764705882353,0.44313725490196076,59.00033760263979,350470
0.5372549019607843,0.5568627450980392,0.4392156862745098,132.00075531438054,430291
0.5058823529411764,0.5137254901960784,0.47058823529411764,181.0010356962339,512701
0.5450980392156862,0.5019607843137255,0.4980392156862745,172.00098419752615,311542
0.5254901960784314,0.5411764705882353,0.4745098039215686,91.00052070915628,337371
0.5294117647058824,0.5372549019607843,0.4745098039215686,155.00088692218927,373083
0.06274509803921569,0.03529411764705882,0.00784313725490196,1.0000057220786405,684752
0.09019607843137255,0.0392156862745098,0.011764705882352941,9.000051498707764,732869
0.07058823529411765,0.047058823529411764,0.00784313725490196,1.0000057220786405,684751
0.06666666666666667,0.03137254901960784,0.0196078431372549,2725.015592664295,833278
0.08627450980392157,0.043137254901960784,0.023529411764705882,1099.0062885644259,782052
0.07450980392156863,0.047058823529411764,0.027450980392156862,14.000080109100967,678600
0.09019607843137255,0.047058823529411764,0.027450980392156862,195.0011158053349,829192
0.2549019607843137,0.12549019607843137,0.011764705882352941,54.00030899224659,750315
0.30980392156862746,0.14901960784313725,0.027450980392156862,42.0002403273029,806689
0.30980392156862746,0.1568627450980392,0.027450980392156862,4.000022888314562,758516
0.25098039215686274,0.12549019607843137,0.047058823529411764,569.0032558627464,816748
0.2980392156862745,0.13725490196078433,0.03529411764705882,322.0018425093222,807544
0.3058823529411765,0.1568627450980392,0.03529411764705882,6.000034332471843,753385
0.2901960784313726,0.38823529411764707,0.19607843137254902,608.0034790238134,494365
0.3058823529411765,0.3764705882352941,0.19215686274509805,866.0049553201027,592698
0.28627450980392155,0.39215686274509803,0.18823529411764706,340.00194550673774,370595
0.30196078431372547,0.403921568627451,0.2,304.0017395119067,495390
0.2901960784313726,0.38823529411764707,0.21568627450980393,483.00276376398335,333707
0.30196078431372547,0.3843137254901961,0.21176470588235294,706.0040397875201,327340
0.2901960784313726,0.396078431372549,0.20784313725490197,340.00194550673774,279188
0.2980392156862745,0.403921568627451,0.21176470588235294,290.0016594028057,275085
0.45098039215686275,0.403921568627451,0.396078431372549,82.00046921044851,892501
0.4745098039215686,0.403921568627451,0.3764705882352941,61.00034904679707,136592
0.4470588235294118,0.43137254901960786,0.3764705882352941,233.00133324432323,693908
0.49411764705882355,0.4117647058823529,0.403921568627451,154.00088120011063,891231
0.4666666666666667,0.4,0.41568627450980394,87.00049782084172,883085
0.4823529411764706,0.3764705882352941,0.43137254901960786,98.00056076370677,931614
0.44313725490196076,0.42745098039215684,0.43137254901960786,177.00101280791935,308512
0.4745098039215686,0.4196078431372549,0.4117647058823529,90.00051498707764,278831
0.3254901960784314,0.3843137254901961,0.2235294117647059,807.0046177174629,582839
0.33725490196078434,0.38823529411764707,0.2196078431372549,564.0032272523532,565469
0.3137254901960784,0.403921568627451,0.2235294117647059,294.0016822911203,324263
0.32941176470588235,0.396078431372549,0.2196078431372549,558.0031929198814,322573
0.3254901960784314,0.3843137254901961,0.23921568627450981,224.00128174561547,561280
0.33725490196078434,0.38823529411764707,0.24313725490196078,726.0041542290929,549991
0.3176470588235294,0.39215686274509803,0.23921568627450981,312.0017852885358,383677
0.3333333333333333,0.39215686274509803,0.24313725490196078,439.0025119925232,561276
0.32941176470588235,0.15294117647058825,0.15294117647058825,22.00012588573009,932055
0.34901960784313724,0.1450980392156863,0.12941176470588237,1.0000057220786405,1019121
0.3137254901960784,0.1803921568627451,0.13725490196078433,576.0032959172969,930401
0.3686274509803922,0.1607843137254902,0.14901960784313725,57.00032615848251,975005
0.3137254901960784,0.14901960784313725,0.17254901960784313,12.000068664943687,1002642
0.3568627450980392,0.15294117647058825,0.1568627450980392,1.0000057220786405,995521
0.3333333333333333,0.16862745098039217,0.16862745098039217,211.00120735859315,931022
0.34901960784313724,0.1843137254901961,0.16470588235294117,78.00044632213395,902978
0.5019607843137255,0.6431372549019608,0.6392156862745098,34.000194550673775,179734
0.5529411764705883,0.6235294117647059,0.6235294117647059,157.00089836634655,318010
0.5411764705882353,0.6627450980392157,0.6274509803921569,9.000051498707764,227906
0.5215686274509804,0.6235294117647059,0.6627450980392157,127.00072670398734,554644
0.5411764705882353,0.6509803921568628,0.6705882352941176,600.0034332471843,581268
0.5254901960784314,0.6627450980392157,0.6588235294117647,3.0000171662359216,234056
0.5568627450980392,0.6705882352941176,0.6666666666666666,24.000137329887373,229791
0.5803921568627451,0.6431372549019608,0.5882352941176471,113.00064659488638,416002
0.6,0.6392156862745098,0.5882352941176471,142.00081253516694,141717
0.5607843137254902,0.6549019607843137,0.5882352941176471,8.000045776629124,915406
0.6039215686274509,0.6588235294117647,0.5725490196078431,70.00040054550483,617689
0.5803921568627451,0.6235294117647059,0.615686274509804,165.00094414297567,633501
0.592156862745098,0.6509803921568628,0.596078431372549,336.0019226184232,616660
0.5647058823529412,0.6588235294117647,0.6039215686274509,17.000097275336888,678654
0.596078431372549,0.6549019607843137,0.6196078431372549,103.00058937409997,586889
0.32941176470588235,0.44313725490196076,0.17647058823529413,677.0038738472396,461656
0.34509803921568627,0.4470588235294118,0.1803921568627451,269.0015392391543,480082
0.2235294117647059,0.28627450980392155,0.12941176470588237,59.00033760263979,928765
0.23921568627450981,0.2901960784313726,0.12549019607843137,6.000034332471843,926709
0.2235294117647059,0.30980392156862746,0.13333333333333333,3108.017784220415,698315
0.23529411764705882,0.30980392156862746,0.13725490196078433,148.00084686763878,613285
0.22745098039215686,0.2823529411764706,0.15294117647058825,1.0000057220786405,596218
0.2196078431372549,0.3058823529411765,0.1411764705882353,391.00223733274845,638897
0.23921568627450981,0.3058823529411765,0.15294117647058825,1.0000057220786405,678695
0.19215686274509805,0.29411764705882354,0.19215686274509805,584.003341693926,135759
0.21176470588235294,0.2901960784313726,0.2,13.000074387022327,517859
0.2,0.30980392156862746,0.19607843137254902,1575.0090122738588,156240
0.20392156862745098,0.30980392156862746,0.2,1052.0060196267298,124474
0.18823529411764706,0.29411764705882354,0.20392156862745098,14.000080109100967,153229
0.2,0.3058823529411765,0.20392156862745098,288.00164795864845,164486
0.20392156862745098,0.30196078431372547,0.20784313725490197,151.0008640338747,215608
0.14901960784313725,0.21176470588235294,0.3333333333333333,47.0002689376961,146682
0.1607843137254902,0.2,0.3254901960784314,17.000097275336888,261692
0.15294117647058825,0.22745098039215686,0.3411764705882353,165.00094414297567,400931
0.1803921568627451,0.24705882352941178,0.32941176470588235,451.00258065746686,285188
0.12941176470588237,0.19607843137254902,0.36470588235294116,6.000034332471843,151845
0.17647058823529413,0.21568627450980393,0.34901960784313724,4.000022888314562,393757
0.1450980392156863,0.23137254901960785,0.34901960784313724,88.00050354292036,246303
0.16470588235294117,0.2235294117647059,0.34509803921568627,115.00065803904366,473707
0.6235294117647059,0.6941176470588235,0.7215686274509804,447.0025577691523,279051
0.6431372549019608,0.6862745098039216,0.7294117647058823,792.0045318862833,1028824
0.6352941176470588,0.7058823529411765,0.7215686274509804,68.00038910134755,575584
0.6431372549019608,0.7019607843137254,0.7254901960784313,129.00073814814462,220720
0.6313725490196078,0.6941176470588235,0.7372549019607844,540.0030899224658,926567
0.6509803921568628,0.6901960784313725,0.7333333333333333,1041.0059566838647,604233
0.6352941176470588,0.7058823529411765,0.7411764705882353,135.00077248061646,610484
0.6509803921568628,0.7019607843137254,0.7450980392156863,349.0019970054455,930734
0.6274509803921569,0.5725490196078431,0.4117647058823529,976.0055847487531,40276
0.6392156862745098,0.5686274509803921,0.41568627450980394,38.00021743898834,128146
0.6352941176470588,0.5882352941176471,0.41568627450980394,281.00160790409797,166103
0.6431372549019608,0.5882352941176471,0.4196078431372549,139.00079536893102,151742
0.6352941176470588,0.5725490196078431,0.42745098039215684,602.0034446913415,129152
0.6431372549019608,0.5686274509803921,0.43529411764705883,667.0038166264532,68908
0.6352941176470588,0.5803921568627451,0.43529411764705883,169.00096703129023,94528
0.6431372549019608,0.5764705882352941,0.43529411764705883,573.003278751061,67897
0.792156862745098,0.7843137254901961,0.8156862745098039,144.00082397932422,866965
0.8,0.792156862745098,0.8117647058823529,49.000280381853386,914655
0.7803921568627451,0.807843137254902,0.8156862745098039,608.0034790238134,836826
0.803921568627451,0.807843137254902,0.8235294117647058,149.00085258971743,799835
0.7803921568627451,0.792156862745098,0.8313725490196079,52.00029754808931,814198
0.8,0.792156862745098,0.8274509803921568,13.000074387022327,909539
0.7803921568627451,0.807843137254902,0.8274509803921568,2328.013320999075,659689
0.803921568627451,0.803921568627451,0.8352941176470589,91.00052070915628,784438
0.6901960784313725,0.6352941176470588,0.5137254901960784,396.00226594314165,694981
0.7411764705882353,0.6235294117647059,0.5137254901960784,33.000188828595135,844387
0.7098039215686275,0.6627450980392157,0.5058823529411764,12.000068664943687,734900
0.7215686274509804,0.6588235294117647,0.5254901960784314,12.000068664943687,180528
0.6901960784313725,0.6274509803921569,0.5490196078431373,204.00116730404267,873063
0.7215686274509804,0.6313725490196078,0.5333333333333333,66.00037765719027,752992
0.7058823529411765,0.6666666666666666,0.5529411764705883,77.00044060005531,196928
0.7372549019607844,0.6549019607843137,0.5372549019607843,53.00030327016795,729433
0.25882352941176473,0.38823529411764707,0.13725490196078433,313.00179101061445,408572
0.27450980392156865,0.3803921568627451,0.13333333333333333,1136.0065002813355,457662
0.2627450980392157,0.39215686274509803,0.13333333333333333,7.0000400545504835,438259
0.26666666666666666,0.39215686274509803,0.13333333333333333,145.00082970140286,426998
0.2627450980392157,0.3803921568627451,0.1450980392156863,414.0023689405572,419767
0.27058823529411763,0.3843137254901961,0.1450980392156863,1031.0058994630783,421836
0.2627450980392157,0.39215686274509803,0.15294117647058825,11.000062942865044,432961
0.27450980392156865,0.396078431372549,0.1450980392156863,336.0019226184232,444380
0.6588235294117647,0.5686274509803921,0.4470588235294118,171.0009784754475,90300
0.6705882352941176,0.5725490196078431,0.4392156862745098,8.000045776629124,674125
0.6549019607843137,0.5803921568627451,0.45098039215686275,280.0016021820193,78121
0.6823529411764706,0.5843137254901961,0.4392156862745098,22.00012588573009,667982
0.6549019607843137,0.5607843137254902,0.4549019607843137,838.0047951019008,37078
0.6745098039215687,0.5725490196078431,0.4549019607843137,8.000045776629124,706887
0.6588235294117647,0.5843137254901961,0.4588235294117647,1858.010631622114,14611
0.6705882352941176,0.5803921568627451,0.4627450980392157,204.00116730404267,94405
0.4588235294117647,0.44313725490196076,0.20784313725490197,8.000045776629124,781076
0.47058823529411764,0.45098039215686275,0.21568627450980393,4.000022888314562,779026
0.4666666666666667,0.47058823529411764,0.19215686274509805,1.0000057220786405,905143
0.4745098039215686,0.4745098039215686,0.18823529411764706,11.000062942865044,887691
0.4549019607843137,0.4588235294117647,0.24705882352941178,611.0034961900493,182285
0.49411764705882355,0.4470588235294118,0.2235294117647059,22.00012588573009,738027
0.45098039215686275,0.47843137254901963,0.24705882352941178,165.00094414297567,226437
0.49411764705882355,0.47843137254901963,0.23529411764705882,19.00010871949417,778001
0.2901960784313726,0.4196078431372549,0.16862745098039217,677.0038738472396,413528
0.30980392156862746,0.40784313725490196,0.16862745098039217,628.0035934653862,491333
0.28627450980392155,0.4235294117647059,0.16862745098039217,23.00013160780873,425795
0.30980392156862746,0.42745098039215684,0.16862745098039217,184.00105286246983,456526
0.29411764705882354,0.4196078431372549,0.1803921568627451,628.0035934653862,439092
0.30980392156862746,0.4117647058823529,0.17254901960784313,311.0017795664572,485181
0.2901960784313726,0.4235294117647059,0.17254901960784313,272.0015564053902,436036
0.30196078431372547,0.4235294117647059,0.17254901960784313,598.003421803027,442175
0.5098039215686274,0.4470588235294118,0.4549019607843137,72.00041198966211,799193
0.5294117647058824,0.4470588235294118,0.4588235294117647,68.00038910134755,923468
0.5137254901960784,0.47058823529411764,0.4392156862745098,161.0009212546611,136496
0.5568627450980392,0.47058823529411764,0.4627450980392157,134.00076675853782,292095
0.5137254901960784,0.4588235294117647,0.47058823529411764,62.00035476887571,110968
0.5333333333333333,0.4666666666666667,0.4823529411764706,65.00037193511163,912929
0.5254901960784314,0.49019607843137253,0.4980392156862745,157.00089836634655,922164
0.5450980392156862,0.47843137254901963,0.4823529411764706,111.0006351507291,924212
0.6274509803921569,0.5607843137254902,0.4470588235294118,57.00032615848251,579840
0.6509803921568628,0.5725490196078431,0.4470588235294118,1047.0059910163366,81188
0.6352941176470588,0.5803921568627451,0.44313725490196076,157.00089836634655,119076
0.6509803921568628,0.5882352941176471,0.4470588235294118,1160.006637611223,133284
0.6352941176470588,0.5607843137254902,0.4627450980392157,34.000194550673775,776587
0.6470588235294118,0.5725490196078431,0.4549019607843137,499.0028553172416,91288
0.6274509803921569,0.5882352941176471,0.4549019607843137,39.00022316106698,134442
0.6509803921568628,0.5882352941176471,0.4549019607843137,282.0016136261766,116008
0.4392156862745098,0.3803921568627451,0.45098039215686275,145.00082970140286,980307
0.47843137254901963,0.4,0.4392156862745098,91.00052070915628,989513
0.4549019607843137,0.4235294117647059,0.4392156862745098,112.00064087280774,134532
0.4823529411764706,0.41568627450980394,0.4666666666666667,116.0006637611223,994960
0.44313725490196076,0.4,0.4745098039215686,48.000274659774746,948960
0.47843137254901963,0.4,0.49019607843137253,13.000074387022327,935691
0.4627450980392157,0.43529411764705883,0.4980392156862745,166.0009498650543,963270
0.4823529411764706,0.42745098039215684,0.4823529411764706,122.00069809359414,993942
0.5843137254901961,0.38823529411764707,0.2549019607843137,59.00033760263979,890693
0.6196078431372549,0.3764705882352941,0.27058823529411763,66.00037765719027,973831
0.5725490196078431,0.40784313725490196,0.25098039215686274,53.00030327016795,879210
0.6,0.40784313725490196,0.27058823529411763,35.000200272752416,788094
0.5882352941176471,0.38823529411764707,0.3058823529411765,176.0010070858407,904244
0.6,0.3764705882352941,0.2901960784313726,306.001750956064,1034499
0.5647058823529412,0.4235294117647059,0.2980392156862745,58.00033188056115,762522
0.611764705882353,0.42745098039215684,0.2823529411764706,58.00033188056115,791143
0.7647058823529411,0.6941176470588235,0.6274509803921569,119.00068092735822,739667
0.796078431372549,0.6980392156862745,0.6313725490196078,30.000171662359215,951439
0.7529411764705882,0.7215686274509804,0.6470588235294118,99.00056648578541,445662
0.788235294117647,0.7411764705882353,0.6352941176470588,28.000160218201934,715447
0.7686274509803922,0.7019607843137254,0.6666666666666666,199.00113869364947,879888
0.788235294117647,0.6941176470588235,0.6549019607843137,94.0005378753922,875790
0.7568627450980392,0.7294117647058823,0.6588235294117647,167.00095558713295,468195
0.7843137254901961,0.7215686274509804,0.6823529411764706,71.00040626758347,879885
0.2823529411764706,0.3843137254901961,0.2235294117647059,464.0026550444892,33215
0.30196078431372547,0.3803921568627451,0.23137254901960785,404.0023117197708,384708
0.2823529411764706,0.4,0.22745098039215686,703.0040226212842,207445
0.2980392156862745,0.396078431372549,0.23137254901960785,294.0016822911203,40387
0.2823529411764706,0.3803921568627451,0.23529411764705882,235.00134468848051,443073
0.30980392156862746,0.3843137254901961,0.23529411764705882,192.00109863909898,404155
0.2823529411764706,0.403921568627451,0.24705882352941178,484.002769486062,190001
0.3058823529411765,0.39215686274509803,0.24313725490196078,442.0025291587591,424636
0.25098039215686274,0.3176470588235294,0.18823529411764706,293.00167656904165,653057
0.26666666666666666,0.3215686274509804,0.2,49.000280381853386,645883
0.25882352941176473,0.3411764705882353,0.19607843137254902,443.00253488083774,525070
0.27058823529411763,0.3411764705882353,0.18823529411764706,582.0033302497687,550688
0.25098039215686274,0.3176470588235294,0.21568627450980393,608.0034790238134,454331
0.27450980392156865,0.3137254901960784,0.21568627450980393,109.00062370657182,607986
0.25882352941176473,0.32941176470588235,0.20784313725490197,499.0028553172416,576271
0.26666666666666666,0.32941176470588235,0.21176470588235294,608.0034790238134,619267
0.3137254901960784,0.4666666666666667,0.5607843137254902,101.0005779299427,470615
0.3686274509803922,0.45098039215686275,0.5607843137254902,45.00025749353882,944934
0.33725490196078434,0.47058823529411764,0.5647058823529412,199.00113869364947,474642
0.3686274509803922,0.49019607843137253,0.5607843137254902,376.0021515015688,282090
0.3137254901960784,0.4549019607843137,0.6,6.000034332471843,152852
0.34509803921568627,0.4666666666666667,0.592156862745098,7.0000400545504835,414237
0.33725490196078434,0.4980392156862745,0.592156862745098,27.000154496123294,458285
0.34509803921568627,0.48627450980392156,0.615686274509804,35.000200272752416,984057
0.09019607843137255,0.027450980392156862,0.08627450980392157,1.0000057220786405,871857
0.06666666666666667,0.058823529411764705,0.07058823529411765,718.0041084524638,859582
0.09803921568627451,0.058823529411764705,0.0784313725490196,50.00028610393203,856403
0.06666666666666667,0.03529411764705882,0.09411764705882353,12.000068664943687,852315
0.09411764705882353,0.0392156862745098,0.09411764705882353,5.000028610393202,869810
0.6235294117647059,0.7098039215686275,0.6235294117647059,39.00022316106698,912326
0.6745098039215687,0.6862745098039216,0.6235294117647059,109.00062370657182,662198
0.6470588235294118,0.7215686274509804,0.6392156862745098,5.000028610393202,668376
0.6745098039215687,0.7176470588235294,0.6431372549019608,16.000091553258248,894873
0.6313725490196078,0.6901960784313725,0.6745098039215687,227.0012989118514,625895
0.6627450980392157,0.7019607843137254,0.6666666666666666,357.0020427820746,277793
0.6431372549019608,0.7450980392156863,0.6745098039215687,10.000057220786404,703229
0.6784313725490196,0.7176470588235294,0.6627450980392157,21.00012016365145,654013
0.3333333333333333,0.4392156862745098,0.2627450980392157,125.00071525983006,199220
0.3607843137254902,0.4392156862745098,0.25882352941176473,579.0033130835328,31142
0.36470588235294116,0.4745098039215686,0.26666666666666666,13.000074387022327,227912
0.33725490196078434,0.4588235294117647,0.30196078431372547,18.000102997415528,181799
0.36470588235294116,0.4627450980392157,0.28627450980392155,32.000183106516495,703219
0.3686274509803922,0.47843137254901963,0.30980392156862746,3.0000171662359216,257636
0.16862745098039217,0.1607843137254902,0.16862745098039217,659.003770849824,376202
0.17647058823529413,0.16862745098039217,0.1607843137254902,534.003055589994,541141
0.16470588235294117,0.17647058823529413,0.16470588235294117,35.000200272752416,396699
0.1843137254901961,0.17254901960784313,0.16470588235294117,231.00132180016595,649791
0.16862745098039217,0.16470588235294117,0.17254901960784313,640.0036621303299,151940
0.17254901960784313,0.16862745098039217,0.1803921568627451,181.0010356962339,410050
0.1607843137254902,0.17647058823529413,0.17647058823529413,275.0015735716261,180596
0.1843137254901961,0.1843137254901961,0.1803921568627451,519.0029697588144,358812
0.396078431372549,0.5098039215686274,0.5254901960784314,34.000194550673775,592513
0.43529411764705883,0.5019607843137255,0.5215686274509804,106.0006065403359,563901
0.39215686274509803,0.5411764705882353,0.5137254901960784,3.0000171662359216,219707
0.43529411764705883,0.5450980392156862,0.5215686274509804,6.000034332471843,140776
0.3803921568627451,0.5058823529411764,0.5450980392156862,205.0011730261213,521830
0.42745098039215684,0.5137254901960784,0.5411764705882353,354.0020256158387,627380
0.4,0.5333333333333333,0.5411764705882353,8.000045776629124,484873
0.43137254901960786,0.5333333333333333,0.5450980392156862,52.00029754808931,606909
0.23137254901960785,0.19607843137254902,0.16470588235294117,693.0039654004978,605614
0.23921568627450981,0.19607843137254902,0.1607843137254902,826.0047264369571,446711
0.23137254901960785,0.20392156862745098,0.16470588235294117,28.000160218201934,741903
0.24313725490196078,0.20784313725490197,0.16470588235294117,147.00084114556014,715276
0.2196078431372549,0.18823529411764706,0.17647058823529413,452.0025863795455,450862
0.23529411764705882,0.2,0.17254901960784313,260.0014877404465,551284
0.23137254901960785,0.20392156862745098,0.17647058823529413,169.00096703129023,664109
0.24705882352941178,0.21176470588235294,0.17647058823529413,485.00277520814063,700929
0.5333333333333333,0.5607843137254902,0.4196078431372549,329.0018825638727,389256
0.5450980392156862,0.5607843137254902,0.40784313725490196,344.0019683950523,447654
0.5411764705882353,0.5764705882352941,0.40784313725490196,150.00085831179607,283857
0.5529411764705883,0.5843137254901961,0.4117647058823529,251.00143624173876,292040
0.5411764705882353,0.5647058823529412,0.42745098039215684,754.0043144472949,398476
0.5450980392156862,0.5647058823529412,0.4235294117647059,685.0039196238687,429199
0.5411764705882353,0.5803921568627451,0.43137254901960786,209.00119591443587,316606
0.5450980392156862,0.5803921568627451,0.4235294117647059,328.00187684179406,307385
0.5803921568627451,0.3411764705882353,0.3215686274509804,15.000085831179607,944590
0.5764705882352941,0.37254901960784315,0.3176470588235294,605.0034618575775,945187
0.592156862745098,0.3686274509803922,0.3176470588235294,50.00028610393203,942153
0.5647058823529412,0.3686274509803922,0.35294117647058826,78.00044632213395,994613
0.596078431372549,0.3607843137254902,0.34509803921568627,6.000034332471843,945616
0.12549019607843137,0.0784313725490196,0.12941176470588237,9.000051498707764,802188
0.12941176470588237,0.10196078431372549,0.12549019607843137,629.0035991874648,870867
0.1843137254901961,0.11764705882352941,0.12941176470588237,55.00031471432523,808327
0.12941176470588237,0.08235294117647059,0.1568627450980392,1.0000057220786405,880063
0.13333333333333333,0.10980392156862745,0.1568627450980392,46.00026321561746,883104
0.16470588235294117,0.12156862745098039,0.16470588235294117,12.000068664943687,855368
0.22745098039215686,0.16470588235294117,0.12941176470588237,478.00273515359015,734633
0.23921568627450981,0.16862745098039217,0.12941176470588237,65.00037193511163,740771
0.2235294117647059,0.17254901960784313,0.13333333333333333,320.00183106516494,765471
0.24313725490196078,0.1843137254901961,0.13333333333333333,546.0031242549377,751078
0.2196078431372549,0.16862745098039217,0.1411764705882353,102.00058365202133,463103
0.24705882352941178,0.1607843137254902,0.1450980392156863,42.0002403273029,475831
0.22745098039215686,0.1843137254901961,0.15294117647058825,934.0053444214502,519478
0.23529411764705882,0.1803921568627451,0.1411764705882353,519.0029697588144,757303
0.6862745098039216,0.5254901960784314,0.5254901960784314,18.000102997415528,918677
0.7176470588235294,0.5254901960784314,0.5176470588235295,1.0000057220786405,905371
0.6901960784313725,0.5411764705882353,0.5137254901960784,510.00291826010664,1007797
0.7254901960784313,0.5529411764705883,0.5058823529411764,67.00038337926891,1032203
0.6862745098039216,0.5215686274509804,0.5372549019607843,1.0000057220786405,925886
0.6862745098039216,0.5450980392156862,0.5529411764705883,143.00081825724558,905347
0.7215686274509804,0.5568627450980392,0.5294117647058824,8.000045776629124,938422
0.3137254901960784,0.15294117647058825,0.06274509803921569,10.000057220786404,856910
0.3254901960784314,0.17647058823529413,0.09019607843137255,261.00149346252516,886599
0.34509803921568627,0.16862745098039217,0.07058823529411765,201.00115013780675,818826
0.32941176470588235,0.15294117647058825,0.12156862745098039,9.000051498707764,960626
0.3686274509803922,0.14901960784313725,0.10980392156862745,1.0000057220786405,1010801
0.3176470588235294,0.17254901960784313,0.11764705882352941,233.00133324432323,909935
0.35294117647058826,0.1803921568627451,0.09411764705882353,32.000183106516495,813715
0.5843137254901961,0.6862745098039216,0.7058823529411765,18.000102997415528,101759
0.6039215686274509,0.7019607843137254,0.7058823529411765,258.00147629628924,370199
0.5686274509803921,0.7176470588235294,0.7137254901960784,1.0000057220786405,839015
0.615686274509804,0.7176470588235294,0.7019607843137254,5.000028610393202,115137
0.5882352941176471,0.6862745098039216,0.7333333333333333,18.000102997415528,425516
0.615686274509804,0.6862745098039216,0.7254901960784313,419.0023975509504,586868
0.5725490196078431,0.7294117647058823,0.7333333333333333,8.000045776629124,839013
0.6,0.7294117647058823,0.7254901960784313,15.000085831179607,112057
0.3568627450980392,0.4196078431372549,0.2196078431372549,661.0037822939813,237623
0.37254901960784315,0.4196078431372549,0.2196078431372549,236.00135041055916,234567
0.35294117647058826,0.43529411764705883,0.23137254901960785,183.0010471403912,307859
0.3686274509803922,0.43529411764705883,0.22745098039215686,484.002769486062,267371
0.34901960784313724,0.4117647058823529,0.23921568627450981,345.00197411713094,339976
0.3686274509803922,0.4117647058823529,0.24313725490196078,344.0019683950523,554202
0.34509803921568627,0.43137254901960786,0.23529411764705882,248.00141907550284,324253
0.37254901960784315,0.43137254901960786,0.24313725490196078,462.0026436003319,304205
0.2,0.2823529411764706,0.10588235294117647,12.000068664943687,737279
0.21176470588235294,0.29411764705882354,0.10588235294117647,28.000160218201934,813054
0.19607843137254902,0.3058823529411765,0.09803921568627451,1.0000057220786405,417763
0.21568627450980393,0.2980392156862745,0.10588235294117647,10.000057220786404,800762
0.2,0.2823529411764706,0.12156862745098039,794.0045433304406,692202
0.20392156862745098,0.2901960784313726,0.12156862745098039,1072.0061340683026,892911
0.2,0.2980392156862745,0.11764705882352941,1.0000057220786405,593917
0.20392156862745098,0.2980392156862745,0.11372549019607843,1036.0059280734715,735220
0.2627450980392157,0.3843137254901961,0.2235294117647059,762.004360223924,217741
0.27450980392156865,0.3843137254901961,0.23137254901960785,1148.0065689462792,165404
0.25882352941176473,0.39215686274509803,0.2235294117647059,14.000080109100967,232093
0.27450980392156865,0.39215686274509803,0.22745098039215686,529.0030269796008,12733
0.25098039215686274,0.3764705882352941,0.24313725490196078,63.00036049095435,182899
0.26666666666666666,0.3803921568627451,0.23529411764705882,201.00115013780675,146932
0.2627450980392157,0.39215686274509803,0.23529411764705882,11.000062942865044,201328
0.26666666666666666,0.396078431372549,0.23529411764705882,200.0011444157281,207486
0.8196078431372549,0.7529411764705882,0.7490196078431373,132.00075531438054,921841
0.8666666666666667,0.7764705882352941,0.7529411764705882,6.000034332471843,1046655
0.8313725490196079,0.803921568627451,0.7529411764705882,184.00105286246983,343269
0.8431372549019608,0.796078431372549,0.7607843137254902,57.00032615848251,851616
0.8196078431372549,0.7647058823529411,0.803921568627451,23.00013160780873,840977
0.8196078431372549,0.807843137254902,0.7803921568627451,299.0017109015135,306422
0.8666666666666667,0.803921568627451,0.7803921568627451,30.000171662359215,931093
0.5019607843137255,0.5294117647058824,0.38823529411764707,132.00075531438054,411719
0.5176470588235295,0.5333333333333333,0.3843137254901961,347.0019855612882,448685
0.5098039215686274,0.5568627450980392,0.38823529411764707,96.00054931954949,315563
0.5254901960784314,0.5568627450980392,0.38823529411764707,37.000211716909696,573557
0.5019607843137255,0.5372549019607843,0.396078431372549,846.0048408785299,398425
0.5137254901960784,0.5411764705882353,0.4,721.0041256186997,443510
0.5019607843137255,0.5450980392156862,0.4,387.0022144444339,358525
0.5176470588235295,0.5450980392156862,0.4,332.0018997301086,395370
0.6509803921568628,0.4392156862745098,0.33725490196078434,53.00030327016795,986152
0.6549019607843137,0.4549019607843137,0.3411764705882353,23.00013160780873,909338
0.6235294117647059,0.47058823529411764,0.3176470588235294,35.000200272752416,789112
0.6666666666666666,0.4980392156862745,0.3137254901960784,35.000200272752416,872128
0.6313725490196078,0.4470588235294118,0.37254901960784315,292.001670846963,910428
0.6627450980392157,0.4470588235294118,0.3686274509803922,214.00122452482907,1034504
0.6274509803921569,0.4980392156862745,0.3607843137254902,26.000148774044654,785044
0.6666666666666666,0.4980392156862745,0.3607843137254902,41.00023460522426,757480
0.6549019607843137,0.7215686274509804,0.7529411764705882,275.0015735716261,521881
0.6745098039215687,0.7176470588235294,0.7529411764705882,1071.006128346224,601179
0.6666666666666666,0.7333333333333333,0.7568627450980392,30.000171662359215,516757
0.6784313725490196,0.7333333333333333,0.7568627450980392,92.00052643123492,960423
0.6588235294117647,0.7215686274509804,0.7686274509803922,382.00218583404063,947124
0.6784313725490196,0.7176470588235294,0.7686274509803922,703.0040226212842,608309
0.6666666666666666,0.7333333333333333,0.7764705882352941,40.00022888314562,597129
0.6745098039215687,0.7411764705882353,0.7764705882352941,274.0015678495475,871842
0.32941176470588235,0.4470588235294118,0.4470588235294118,14.000080109100967,420441
0.34901960784313724,0.44313725490196076,0.45098039215686275,76.00043487797667,428627
0.3215686274509804,0.47058823529411764,0.4392156862745098,5.000028610393202,679637
0.34509803921568627,0.47058823529411764,0.4549019607843137,6.000034332471843,411239
0.3176470588235294,0.4470588235294118,0.4980392156862745,167.00095558713295,236032
0.35294117647058826,0.45098039215686275,0.49411764705882355,395.002260221063,463486
0.3333333333333333,0.4745098039215686,0.47843137254901963,7.0000400545504835,406088
0.3686274509803922,0.4745098039215686,0.48627450980392156,42.0002403273029,270955
0.09803921568627451,0.10588235294117647,0.13333333333333333,262.0014991846038,398951
0.10980392156862745,0.10196078431372549,0.12549019607843137,88.00050354292036,833817
0.09803921568627451,0.11372549019607843,0.13725490196078433,600.0034332471843,239995
0.11372549019607843,0.11764705882352941,0.12941176470588237,1195.0068378839753,486876
0.09411764705882353,0.10196078431372549,0.1411764705882353,50.00028610393203,325178
0.10980392156862745,0.09411764705882353,0.1411764705882353,9.000051498707764,838933
0.10196078431372549,0.11372549019607843,0.1450980392156863,337.0019283405018,402914
0.12156862745098039,0.12156862745098039,0.14901960784313725,307.0017566781426,260484
0.7176470588235294,0.7607843137254902,0.8117647058823529,11.000062942865044,604175
0.7411764705882353,0.7607843137254902,0.8196078431372549,27.000154496123294,823407
0.7294117647058823,0.7764705882352941,0.8117647058823529,1692.0096817570598,769073
0.7411764705882353,0.7764705882352941,0.8117647058823529,1086.0062141774035,695529
0.7254901960784313,0.7607843137254902,0.8392156862745098,2.000011444157281,829707
0.7333333333333333,0.7490196078431373,0.8313725490196079,2.000011444157281,821798
0.7176470588235294,0.7764705882352941,0.8274509803921568,19.00010871949417,607387
0.7411764705882353,0.7764705882352941,0.8274509803921568,8.000045776629124,804942
0.2549019607843137,0.35294117647058826,0.23137254901960785,493.00282098476976,479965
0.2784313725490196,0.34901960784313724,0.2235294117647059,270.0015449612329,565002
0.25098039215686274,0.3686274509803922,0.2235294117647059,1196.006843606054,200315
0.2784313725490196,0.3686274509803922,0.2235294117647059,706.0040397875201,400076
0.2627450980392157,0.3568627450980392,0.23529411764705882,46.00026321561746,504540
0.26666666666666666,0.34509803921568627,0.24313725490196078,47.0002689376961,526048
0.2627450980392157,0.3607843137254902,0.23921568627450981,38.00021743898834,686812
0.2784313725490196,0.37254901960784315,0.23529411764705882,29.000165940280574,139756
0.5137254901960784,0.25882352941176473,0.21568627450980393,44.00025177146018,1005780
0.5372549019607843,0.27450980392156865,0.19215686274509805,10.000057220786404,943212
0.5019607843137255,0.2980392156862745,0.2,63.00036049095435,747232
0.5529411764705883,0.2901960784313726,0.21568627450980393,44.00025177146018,949370
0.5019607843137255,0.2784313725490196,0.2196078431372549,37.000211716909696,965783
0.5294117647058824,0.2784313725490196,0.22745098039215686,6.000034332471843,1004613
0.5058823529411764,0.2901960784313726,0.23921568627450981,376.0021515015688,879666
0.5529411764705883,0.30980392156862746,0.24705882352941178,126.0007209819087,1040567
0.45098039215686275,0.4745098039215686,0.3137254901960784,285.0016307924125,494760
0.4549019607843137,0.47843137254901963,0.3254901960784314,353.00201989376006,495755
0.44313725490196076,0.49411764705882355,0.3254901960784314,62.00035476887571,343102
0.4627450980392157,0.48627450980392156,0.3215686274509804,69.00039482342619,575614
0.44313725490196076,0.4745098039215686,0.32941176470588235,945.0054073643153,495695
0.4549019607843137,0.47843137254901963,0.33725490196078434,355.00203133791734,484449
0.44313725490196076,0.48627450980392156,0.3411764705882353,548.003135699095,409601
0.4549019607843137,0.48627450980392156,0.3411764705882353,203.00116158196403,483410
0.4,0.21568627450980393,0.25098039215686274,156.0008926442679,929583
0.4470588235294118,0.24313725490196078,0.25098039215686274,14.000080109100967,945391
0.3764705882352941,0.24705882352941178,0.3411764705882353,2.000011444157281,931656
0.45098039215686275,0.47843137254901963,0.34509803921568627,414.0023689405572,439355
0.4549019607843137,0.4823529411764706,0.34509803921568627,74.00042343381939,481350
0.45098039215686275,0.48627450980392156,0.34901960784313724,698.003994010891,442388
0.4549019607843137,0.49019607843137253,0.35294117647058826,1248.0071411541433,469007
0.44313725490196076,0.47058823529411764,0.3607843137254902,4.000022888314562,602844
0.4666666666666667,0.47058823529411764,0.37254901960784315,5.000028610393202,393669
0.45098039215686275,0.4980392156862745,0.3607843137254902,3.0000171662359216,461869
0.4666666666666667,0.4980392156862745,0.3607843137254902,306.001750956064,453659
0.7529411764705882,0.7529411764705882,0.788235294117647,586.0033531380833,919850
0.7764705882352941,0.7529411764705882,0.7843137254901961,219.00125313522227,933235
0.7568627450980392,0.7764705882352941,0.792156862745098,524.0029983692076,859695
0.7725490196078432,0.7647058823529411,0.7843137254901961,240.00137329887372,863446
0.7607843137254902,0.7490196078431373,0.803921568627451,210.0012016365145,842882
0.7764705882352941,0.7607843137254902,0.796078431372549,32.000183106516495,882926
0.7490196078431373,0.7725490196078432,0.807843137254902,602.0034446913415,975214
0.7764705882352941,0.7725490196078432,0.803921568627451,302.0017280677494,908647
0.6862745098039216,0.6901960784313725,0.7294117647058823,330.00188828595134,855117
0.7019607843137254,0.6941176470588235,0.7215686274509804,293.00167656904165,1039900
0.6862745098039216,0.7058823529411765,0.7254901960784313,120.00068664943686,194070
0.7137254901960784,0.7098039215686275,0.7294117647058823,65.00037193511163,882853
0.6901960784313725,0.6941176470588235,0.7372549019607844,745.0042629485871,981435
0.7019607843137254,0.6901960784313725,0.7333333333333333,256.00146485213196,999909
0.6862745098039216,0.7137254901960784,0.7411764705882353,379.0021686678047,838823
0.7019607843137254,0.7019607843137254,0.7411764705882353,522.0029869250503,993750
0.5647058823529412,0.5137254901960784,0.2627450980392157,4.000022888314562,709330
0.596078431372549,0.5215686274509804,0.2784313725490196,4.000022888314562,743151
0.5647058823529412,0.5294117647058824,0.27450980392156865,3.0000171662359216,787225
0.615686274509804,0.5411764705882353,0.2784313725490196,2.000011444157281,769800
0.5607843137254902,0.5137254901960784,0.2980392156862745,265.0015163508397,6486
0.6,0.5019607843137255,0.2823529411764706,2.000011444157281,859993
0.5647058823529412,0.5568627450980392,0.30980392156862746,381.002180111962,198816
0.6078431372549019,0.5529411764705883,0.30196078431372547,12.000068664943687,797474
0.592156862745098,0.6549019607843137,0.6980392156862745,270.0015449612329,1007511
0.611764705882353,0.6588235294117647,0.6980392156862745,227.0012989118514,963418
0.596078431372549,0.6745098039215687,0.6980392156862745,126.0007209819087,549542
0.611764705882353,0.6784313725490196,0.6862745098039216,143.00081825724558,553003
0.596078431372549,0.6627450980392157,0.7137254901960784,645.0036907407231,1008609
0.615686274509804,0.6627450980392157,0.7019607843137254,629.0035991874648,1017818
0.596078431372549,0.6745098039215687,0.7098039215686275,188.0010757507844,509579
0.611764705882353,0.6823529411764706,0.7098039215686275,438.00250627044454,585849
0.2196078431372549,0.34509803921568627,0.1607843137254902,134.00076675853782,397094
0.23921568627450981,0.34509803921568627,0.1607843137254902,326.0018653976368,466718
0.23137254901960785,0.3607843137254902,0.16862745098039217,5.000028610393202,395051
0.23921568627450981,0.36470588235294116,0.16470588235294117,168.0009613092116,409390
0.2235294117647059,0.35294117647058826,0.17254901960784313,593.0033931926338,401185
0.24313725490196078,0.34509803921568627,0.17647058823529413,936.0053558656075,334722
0.2235294117647059,0.3607843137254902,0.1843137254901961,37.000211716909696,402205
0.23529411764705882,0.36470588235294116,0.17647058823529413,455.0026035457814,375600
0.6235294117647059,0.5294117647058824,0.41568627450980394,465.00266076656783,72847
0.6392156862745098,0.5411764705882353,0.4196078431372549,12.000068664943687,72901
0.6313725490196078,0.5529411764705883,0.4196078431372549,604.0034561354988,15641
0.6509803921568628,0.5529411764705883,0.41568627450980394,32.000183106516495,782933
0.6352941176470588,0.5411764705882353,0.42745098039215684,665.0038051822959,81042
0.6392156862745098,0.5411764705882353,0.43137254901960786,18.000102997415528,173347
0.6313725490196078,0.5490196078431373,0.43137254901960786,539.0030842003872,650535
0.6392156862745098,0.5568627450980392,0.4235294117647059,298.00170517943485,114840
0.403921568627451,0.3333333333333333,0.3764705882352941,96.00054931954949,1004143
0.4196078431372549,0.32941176470588235,0.396078431372549,88.00050354292036,905585
0.4,0.35294117647058826,0.403921568627451,105.00060081825725,898539
0.4235294117647059,0.34509803921568627,0.38823529411764707,84.0004806546058,996985
0.3764705882352941,0.33725490196078434,0.41568627450980394,49.000280381853386,959172
0.41568627450980394,0.3411764705882353,0.4117647058823529,21.00012016365145,908835
0.396078431372549,0.35294117647058826,0.42745098039215684,100.00057220786405,969397
0.42745098039215684,0.34901960784313724,0.40784313725490196,110.00062942865046,977575
0.4823529411764706,0.5019607843137255,0.34901960784313724,103.00058937409997,467100
0.48627450980392156,0.5098039215686274,0.34901960784313724,241.00137902095236,470190
0.47058823529411764,0.5254901960784314,0.3568627450980392,32.000183106516495,329855
0.4980392156862745,0.5176470588235295,0.3568627450980392,74.00042343381939,463018
0.47058823529411764,0.5098039215686274,0.3686274509803922,1027.0058765747638,426030
0.48627450980392156,0.5058823529411764,0.37254901960784315,360.00205994831055,479453
0.47843137254901963,0.5176470588235295,0.36470588235294116,557.0031871978027,407598
0.4980392156862745,0.5137254901960784,0.3686274509803922,216.00123596898635,462992
0.2196078431372549,0.3254901960784314,0.09803921568627451,20.00011444157281,464867
0.2235294117647059,0.33725490196078434,0.09803921568627451,147.00084114556014,458748
0.23529411764705882,0.3411764705882353,0.10196078431372549,54.00030899224659,479210
0.23137254901960785,0.3137254901960784,0.12156862745098039,1380.0078964685238,759769
0.23529411764705882,0.3254901960784314,0.12156862745098039,563.0032215302746,792571
0.23137254901960785,0.3411764705882353,0.10980392156862745,246.00140763134556,453599
0.24313725490196078,0.3411764705882353,0.12156862745098039,188.0010757507844,418762
0.8862745098039215,0.796078431372549,0.7686274509803922,25.000143051966013,1005717
0.8862745098039215,0.8313725490196079,0.7529411764705882,55.00031471432523,205130
0.9647058823529412,0.8352941176470589,0.796078431372549,4.000022888314562,1017999
0.8784313725490196,0.8666666666666667,0.8705882352941177,77.00044060005531,863315
0.9529411764705882,0.8666666666666667,0.8156862745098039,1.0000057220786405,1007732
0.12549019607843137,0.25098039215686274,0.33725490196078434,10.000057220786404,287164
0.1803921568627451,0.25098039215686274,0.3176470588235294,214.00122452482907,164301
0.13333333333333333,0.3058823529411765,0.3333333333333333,5.000028610393202,157173
0.1803921568627451,0.28627450980392155,0.3254901960784314,6.000034332471843,100751
0.1450980392156863,0.2549019607843137,0.3686274509803922,43.00024604938154,405024
0.17254901960784313,0.25098039215686274,0.34901960784313724,322.0018425093222,476724
0.15294117647058825,0.30196078431372547,0.3607843137254902,2.000011444157281,234997
0.1803921568627451,0.28627450980392155,0.37254901960784315,43.00024604938154,501318
0.027450980392156862,0.06274509803921569,0.08627450980392157,1.0000057220786405,225671
0.047058823529411764,0.06274509803921569,0.07058823529411765,454.0025978237028,170340
0.023529411764705882,0.08235294117647059,0.11764705882352941,4.000022888314562,200085
0.058823529411764705,0.0784313725490196,0.09411764705882353,182.00104141831255,222690
0.058823529411764705,0.09803921568627451,0.12156862745098039,3.0000171662359216,855489
0.25098039215686274,0.2,0.16862745098039217,490.00280381853383,683488
0.27450980392156865,0.2,0.1607843137254902,154.00088120011063,599330
0.2549019607843137,0.20784313725490197,0.16862745098039217,355.00203133791734,603557
0.2784313725490196,0.21568627450980393,0.1607843137254902,545.003118532859,625025
0.25882352941176473,0.19215686274509805,0.17254901960784313,47.0002689376961,499963
0.26666666666666666,0.19607843137254902,0.1843137254901961,28.000160218201934,358639
0.2549019607843137,0.20392156862745098,0.17647058823529413,575.0032901952183,541009
0.26666666666666666,0.21568627450980393,0.1843137254901961,374.0021400574115,535895
0.8823529411764706,0.8862745098039215,0.792156862745098,20.00011444157281,874166
0.9529411764705882,0.8941176470588236,0.7764705882352941,2.000011444157281,147695
0.8745098039215686,0.8784313725490196,0.8313725490196079,132.00075531438054,372241
0.9372549019607843,0.8901960784313725,0.8549019607843137,2.000011444157281,1006715
0.9098039215686274,0.9490196078431372,0.8666666666666667,1.0000057220786405,232854
0.9921568627450981,0.9607843137254902,0.8666666666666667,2.000011444157281,147692
0.38823529411764707,0.41568627450980394,0.25098039215686274,401.00229455353485,534721
0.39215686274509803,0.4196078431372549,0.2549019607843137,114.00065231696502,535751
0.3803921568627451,0.43529411764705883,0.25882352941176473,231.00132180016595,324668
0.403921568627451,0.4235294117647059,0.25882352941176473,328.00187684179406,533711
0.3803921568627451,0.4196078431372549,0.27058823529411763,479.0027408756688,531564
0.403921568627451,0.41568627450980394,0.2784313725490196,60.00034332471843,507104
0.3803921568627451,0.43137254901960786,0.27450980392156865,439.0025119925232,542859
0.396078431372549,0.43137254901960786,0.2784313725490196,487.0027866522979,524429
0.6274509803921569,0.6431372549019608,0.5137254901960784,83.00047493252715,608998
0.6666666666666666,0.6274509803921569,0.5215686274509804,112.00064087280774,622864
0.6509803921568628,0.6627450980392157,0.5254901960784314,9.000051498707764,223490
0.6666666666666666,0.6549019607843137,0.5176470588235295,21.00012016365145,618219
0.6313725490196078,0.6313725490196078,0.5450980392156862,157.00089836634655,350428
0.6745098039215687,0.6274509803921569,0.5529411764705883,169.00096703129023,913225
0.6509803921568628,0.6588235294117647,0.5529411764705883,49.000280381853386,418001
0.6666666666666666,0.6745098039215687,0.5490196078431373,34.000194550673775,405991
0.7176470588235294,0.7490196078431373,0.7607843137254902,110.00062942865046,956339
0.7411764705882353,0.7529411764705882,0.7568627450980392,242.001384743031,983002
0.7176470588235294,0.7725490196078432,0.7568627450980392,37.000211716909696,398914
0.7372549019607844,0.7647058823529411,0.7529411764705882,84.0004806546058,343570
0.7215686274509804,0.7529411764705882,0.7725490196078432,1386.0079308009956,880212
0.7411764705882353,0.7529411764705882,0.7647058823529411,504.0028839276348,977847
0.7254901960784313,0.7647058823529411,0.7686274509803922,48.000274659774746,244283
0.7411764705882353,0.7686274509803922,0.7764705882352941,125.00071525983006,974823
0.07450980392156863,0.0392156862745098,0.03137254901960784,448.00256349123094,894656
0.0784313725490196,0.043137254901960784,0.03137254901960784,65.00037193511163,862934
0.07450980392156863,0.047058823529411764,0.03137254901960784,118.00067520527958,815808
0.09019607843137255,0.058823529411764705,0.043137254901960784,760.0043487797667,685780
0.07058823529411765,0.043137254901960784,0.047058823529411764,52.00029754808931,840097
0.0784313725490196,0.03137254901960784,0.058823529411764705,7.0000400545504835,827664
0.07058823529411765,0.054901960784313725,0.054901960784313725,789.0045147200474,709087
0.08627450980392157,0.054901960784313725,0.047058823529411764,274.0015678495475,902848
0.7490196078431373,0.6509803921568628,0.6352941176470588,93.00053215331356,903279
0.7843137254901961,0.6392156862745098,0.6274509803921569,11.000062942865044,1041538
0.7568627450980392,0.6588235294117647,0.6470588235294118,149.00085258971743,960799
0.807843137254902,0.6705882352941176,0.6392156862745098,106.0006065403359,961714
0.7490196078431373,0.6509803921568628,0.6588235294117647,4.000022888314562,936188
0.7725490196078432,0.6823529411764706,0.6784313725490196,226.00129318977275,933281
0.7843137254901961,0.6784313725490196,0.6588235294117647,38.00021743898834,946355
0.8156862745098039,0.8431372549019608,0.8549019607843137,281.00160790409797,821697
0.8274509803921568,0.8431372549019608,0.8470588235294118,436.00249482628726,794719
0.8235294117647058,0.8627450980392157,0.8509803921568627,41.00023460522426,833796
0.8274509803921568,0.8627450980392157,0.8549019607843137,54.00030899224659,820507
0.8196078431372549,0.8470588235294118,0.8666666666666667,795.0045490525192,791900
0.8274509803921568,0.8431372549019608,0.8627450980392157,659.003770849824,817610
0.8235294117647058,0.8588235294117647,0.8627450980392157,68.00038910134755,784763
0.8392156862745098,0.8588235294117647,0.8705882352941177,166.0009498650543,816584
0.3254901960784314,0.39215686274509803,0.5215686274509804,27.000154496123294,876995
0.3686274509803922,0.396078431372549,0.5019607843137255,34.000194550673775,960223
0.3254901960784314,0.42745098039215684,0.5137254901960784,313.00179101061445,388652
0.34901960784313724,0.43137254901960786,0.5019607843137255,113.00064659488638,446071
0.3333333333333333,0.403921568627451,0.5294117647058824,3.0000171662359216,852245
0.35294117647058826,0.3843137254901961,0.5294117647058824,6.000034332471843,856377
0.3254901960784314,0.43137254901960786,0.5490196078431373,84.0004806546058,439866
0.37254901960784315,0.40784313725490196,0.5568627450980392,39.00022316106698,856376
0.12941176470588237,0.13333333333333333,0.1568627450980392,273.00156212746884,427408
0.15294117647058825,0.12549019607843137,0.1607843137254902,53.00030327016795,188715
0.13333333333333333,0.14901960784313725,0.16470588235294117,621.0035534108357,225650
0.14901960784313725,0.14901960784313725,0.1607843137254902,788.0045089979687,498113
0.12549019607843137,0.13725490196078433,0.17254901960784313,60.00034332471843,145838
0.14901960784313725,0.13725490196078433,0.17647058823529413,16.000091553258248,862589
0.12941176470588237,0.1411764705882353,0.17254901960784313,408.00233460808533,297305
0.14901960784313725,0.15294117647058825,0.1803921568627451,249.00142479758148,837931
0.07058823529411765,0.07450980392156863,0.10196078431372549,151.0008640338747,397927
0.08235294117647059,0.07450980392156863,0.09411764705882353,63.00036049095435,868819
0.07450980392156863,0.08627450980392157,0.10196078431372549,426.00243760550086,166265
0.08235294117647059,0.08627450980392157,0.09411764705882353,1413.008085297119,371050
0.07058823529411765,0.07450980392156863,0.11372549019607843,15.000085831179607,317978
0.08235294117647059,0.07450980392156863,0.10980392156862745,9.000051498707764,144787
0.07058823529411765,0.09019607843137255,0.12156862745098039,147.00084114556014,174490
0.09019607843137255,0.08627450980392157,0.11372549019607843,222.0012703014582,151992
0.7607843137254902,0.7803921568627451,0.792156862745098,162.00092697673975,821405
0.7764705882352941,0.792156862745098,0.788235294117647,354.0020256158387,978777
0.7568627450980392,0.796078431372549,0.7803921568627451,24.000137329887373,892465
0.7686274509803922,0.807843137254902,0.788235294117647,60.00034332471843,103823
0.7529411764705882,0.7803921568627451,0.807843137254902,1310.007495923019,723169
0.7764705882352941,0.792156862745098,0.803921568627451,337.0019283405018,992116
0.7529411764705882,0.807843137254902,0.796078431372549,66.00037765719027,561835
0.7686274509803922,0.803921568627451,0.803921568627451,124.00070953775142,954283
0.3843137254901961,0.4470588235294118,0.2627450980392157,549.0031414211736,24984
0.396078431372549,0.45098039215686275,0.25882352941176473,73.00041771174075,9610
0.3764705882352941,0.4666666666666667,0.2549019607843137,97.00055504162813,310932
0.4,0.4627450980392157,0.25098039215686274,158.0009040884252,275576
0.3843137254901961,0.44313725490196076,0.2784313725490196,632.0036163537007,357377
0.403921568627451,0.45098039215686275,0.27058823529411763,196.00112152741355,95662
0.38823529411764707,0.4549019607843137,0.27450980392156865,168.0009613092116,54705
0.396078431372549,0.4588235294117647,0.27058823529411763,560.0032043640387,51635
0.41568627450980394,0.4392156862745098,0.2901960784313726,458.00262071201735,507033
0.42745098039215684,0.4470588235294118,0.28627450980392155,199.00113869364947,511147
0.40784313725490196,0.4666666666666667,0.28627450980392155,197.00112724949219,314463
0.42745098039215684,0.4627450980392157,0.28627450980392155,171.0009784754475,615648
0.40784313725490196,0.4470588235294118,0.3058823529411765,514.0029411484212,507947
0.4235294117647059,0.45098039215686275,0.3058823529411765,179.00102425207663,499837
0.40784313725490196,0.4627450980392157,0.3058823529411765,283.00161934825525,370712
0.42745098039215684,0.4549019607843137,0.30980392156862746,419.0023975509504,499797
0.7490196078431373,0.5568627450980392,0.4196078431372549,3.0000171662359216,857920
0.7607843137254902,0.6196078431372549,0.4235294117647059,58.00033188056115,800355
0.8156862745098039,0.6196078431372549,0.38823529411764707,1.0000057220786405,844445
0.7490196078431373,0.5411764705882353,0.47058823529411764,8.000045776629124,1031329
0.7607843137254902,0.592156862745098,0.4823529411764706,81.00046348836987,870218
0.1843137254901961,0.2901960784313726,0.08627450980392157,1.0000057220786405,414691
0.1803921568627451,0.27058823529411763,0.11372549019607843,598.003421803027,652283
0.1843137254901961,0.2823529411764706,0.12156862745098039,3.0000171662359216,649196
0.3568627450980392,0.40784313725490196,0.25882352941176473,199.00113869364947,551055
0.3686274509803922,0.4117647058823529,0.2627450980392157,628.0035934653862,532591
0.3568627450980392,0.42745098039215684,0.25882352941176473,298.00170517943485,83391
0.37254901960784315,0.43529411764705883,0.25882352941176473,510.00291826010664,335904
0.3568627450980392,0.4196078431372549,0.27058823529411763,26.000148774044654,373766
0.37254901960784315,0.41568627450980394,0.26666666666666666,532.0030441458367,539756
0.3568627450980392,0.4235294117647059,0.27058823529411763,39.00022316106698,377856
0.3686274509803922,0.43529411764705883,0.2784313725490196,166.0009498650543,356010
0.5843137254901961,0.5215686274509804,0.5725490196078431,57.00032615848251,962020
0.611764705882353,0.5254901960784314,0.5607843137254902,19.00010871949417,1024652
0.5686274509803921,0.5411764705882353,0.5725490196078431,181.0010356962339,801879
0.6196078431372549,0.5372549019607843,0.5764705882352941,154.00088120011063,1023626
0.5725490196078431,0.5137254901960784,0.596078431372549,4.000022888314562,929591
0.596078431372549,0.5019607843137255,0.6,3.0000171662359216,929574
0.5686274509803921,0.5568627450980392,0.6,128.00073242606598,847007
0.592156862745098,0.5529411764705883,0.6,51.00029182601067,867552
0.7764705882352941,0.6431372549019608,0.5843137254901961,72.00041198966211,1035517
0.807843137254902,0.6352941176470588,0.5803921568627451,67.00038337926891,968867
0.7607843137254902,0.6666666666666666,0.5647058823529412,18.000102997415528,791141
0.796078431372549,0.6627450980392157,0.5882352941176471,18.000102997415528,1007729
0.7529411764705882,0.6352941176470588,0.6,245.00140190926692,1047684
0.7803921568627451,0.6313725490196078,0.596078431372549,85.00048637668444,991308
0.7607843137254902,0.6588235294117647,0.596078431372549,41.00023460522426,878339
0.788235294117647,0.6588235294117647,0.6196078431372549,48.000274659774746,1032341
0.5098039215686274,0.3176470588235294,0.19215686274509805,90.00051498707764,775790
0.5568627450980392,0.33725490196078434,0.19215686274509805,74.00042343381939,826975
0.5215686274509804,0.34509803921568627,0.21568627450980393,21.00012016365145,864318
0.5529411764705883,0.35294117647058826,0.20784313725490197,33.000188828595135,850549
0.5254901960784314,0.3333333333333333,0.2196078431372549,104.00059509617861,857918
0.5529411764705883,0.3215686274509804,0.2196078431372549,107.00061226241453,993342
0.5176470588235295,0.3686274509803922,0.23137254901960785,77.00044060005531,884389
0.5568627450980392,0.34901960784313724,0.24705882352941178,82.00046921044851,727757
0.3843137254901961,0.19215686274509805,0.09019607843137255,142.00081253516694,827029
0.4235294117647059,0.2,0.06666666666666667,120.00068664943686,849729
0.3843137254901961,0.2235294117647059,0.08627450980392157,1.0000057220786405,182576
0.42745098039215684,0.2196078431372549,0.09019607843137255,6.000034332471843,846667
0.3803921568627451,0.20784313725490197,0.12156862745098039,148.00084686763878,886595
0.4117647058823529,0.21568627450980393,0.09803921568627451,41.00023460522426,850565
0.3843137254901961,0.2235294117647059,0.10980392156862745,40.00022888314562,845428
0.4117647058823529,0.2196078431372549,0.10196078431372549,88.00050354292036,865114
0.10196078431372549,0.09411764705882353,0.07058823529411765,5.000028610393202,664311
0.11764705882352941,0.09411764705882353,0.07450980392156863,52.00029754808931,693708
0.12156862745098039,0.11372549019607843,0.07058823529411765,2.000011444157281,838989
0.10588235294117647,0.09411764705882353,0.08235294117647059,254.00145340797468,713185
0.11372549019607843,0.09803921568627451,0.08235294117647059,2017.0115414326178,525671
0.09803921568627451,0.10980392156862745,0.08627450980392157,1.0000057220786405,417035
0.11764705882352941,0.11372549019607843,0.09019607843137255,6.000034332471843,655071
0.10588235294117647,0.2196078431372549,0.1568627450980392,3.0000171662359216,65268
0.11372549019607843,0.22745098039215686,0.1568627450980392,1415.0080967412762,42744
0.12156862745098039,0.23529411764705882,0.16470588235294117,827.0047321590357,42722
0.12156862745098039,0.23137254901960785,0.17254901960784313,12.000068664943687,88809
0.12156862745098039,0.24705882352941178,0.17647058823529413,59.00033760263979,46847
0.5019607843137255,0.2784313725490196,0.2549019607843137,7.0000400545504835,871486
0.5019607843137255,0.2980392156862745,0.27058823529411763,348.00199128336686,872512
0.5294117647058824,0.30196078431372547,0.2784313725490196,83.00047493252715,939459
0.5019607843137255,0.2784313725490196,0.28627450980392155,2.000011444157281,928979
0.5411764705882353,0.2784313725490196,0.2901960784313726,1.0000057220786405,996547
0.5215686274509804,0.30980392156862746,0.2901960784313726,111.0006351507291,995573
0.5490196078431373,0.3058823529411765,0.28627450980392155,21.00012016365145,931027
0.0392156862745098,0.03529411764705882,0.0392156862745098,219.00125313522227,377229
0.054901960784313725,0.043137254901960784,0.043137254901960784,391.00223733274845,544185
0.043137254901960784,0.047058823529411764,0.0392156862745098,1.0000057220786405,668397
0.054901960784313725,0.047058823529411764,0.043137254901960784,42.0002403273029,543029
0.03529411764705882,0.043137254901960784,0.054901960784313725,424.0024261613436,383400
0.047058823529411764,0.043137254901960784,0.050980392156862744,299.0017109015135,484806
0.043137254901960784,0.050980392156862744,0.058823529411764705,110.00062942865046,179590
0.050980392156862744,0.050980392156862744,0.058823529411764705,798.0045662187551,481718
0.5098039215686274,0.6392156862745098,0.6901960784313725,56.00032043640387,882550
0.5529411764705883,0.6313725490196078,0.6941176470588235,377.00215722364743,947174
0.5098039215686274,0.6588235294117647,0.7098039215686275,1.0000057220786405,153891
0.5568627450980392,0.6588235294117647,0.7098039215686275,65.00037193511163,521865
0.5176470588235295,0.6431372549019608,0.7333333333333333,12.000068664943687,864647
0.5411764705882353,0.6274509803921569,0.7254901960784313,30.000171662359215,863620
0.5137254901960784,0.6666666666666666,0.7215686274509804,2.000011444157281,153892
0.5333333333333333,0.6549019607843137,0.7215686274509804,25.000143051966013,866695
0.8196078431372549,0.8156862745098039,0.7686274509803922,82.00046921044851,204063
0.8470588235294118,0.8196078431372549,0.7490196078431373,34.000194550673775,478910
0.8235294117647058,0.8431372549019608,0.7607843137254902,4.000022888314562,212312
0.8431372549019608,0.8431372549019608,0.7686274509803922,17.000097275336888,476868
0.8274509803921568,0.8156862745098039,0.803921568627451,230.0013160780873,869465
0.8549019607843137,0.8156862745098039,0.803921568627451,118.00067520527958,844049
0.8352941176470589,0.8470588235294118,0.807843137254902,45.00025749353882,398999
0.8509803921568627,0.8549019607843137,0.788235294117647,36.000205994831056,209236
0.396078431372549,0.4549019607843137,0.5647058823529412,36.000205994831056,944928
0.40784313725490196,0.4392156862745098,0.5607843137254902,45.00025749353882,854308
0.3764705882352941,0.47843137254901963,0.5764705882352941,256.00146485213196,963335
0.40784313725490196,0.4980392156862745,0.5686274509803921,188.0010757507844,354843
0.396078431372549,0.4666666666666667,0.611764705882353,5.000028610393202,969673
0.4235294117647059,0.4588235294117647,0.611764705882353,4.000022888314562,859479
0.3803921568627451,0.4980392156862745,0.596078431372549,9.000051498707764,258563
0.43137254901960786,0.49019607843137253,0.596078431372549,22.00012588573009,976621
0.27450980392156865,0.12156862745098039,0.03137254901960784,103.00058937409997,810618
0.27450980392156865,0.11764705882352941,0.12156862745098039,38.00021743898834,954512
0.5176470588235295,0.5607843137254902,0.5215686274509804,20.00011444157281,496318
0.5294117647058824,0.5764705882352941,0.5254901960784314,89.000509264999,655064
0.5215686274509804,0.596078431372549,0.5254901960784314,6.000034332471843,127455
0.5490196078431373,0.596078431372549,0.5176470588235295,29.000165940280574,423587
0.5176470588235295,0.5607843137254902,0.5490196078431373,105.00060081825725,435807
0.5490196078431373,0.5647058823529412,0.5568627450980392,251.00143624173876,414334
0.5176470588235295,0.596078431372549,0.5294117647058824,19.00010871949417,547879
0.5568627450980392,0.6196078431372549,0.5372549019607843,44.00025177146018,537613
0.3254901960784314,0.15294117647058825,0.027450980392156862,9.000051498707764,802589
0.34509803921568627,0.14901960784313725,0.027450980392156862,1.0000057220786405,801394
0.33725490196078434,0.1607843137254902,0.023529411764705882,20.00011444157281,760560
0.3686274509803922,0.17254901960784313,0.023529411764705882,33.000188828595135,790289
0.3333333333333333,0.14901960784313725,0.043137254901960784,116.0006637611223,806518
0.34901960784313724,0.15294117647058825,0.03137254901960784,6.000034332471843,801395
0.32941176470588235,0.1607843137254902,0.058823529411764705,139.00079536893102,843589
0.34509803921568627,0.16470588235294117,0.0392156862745098,233.00133324432323,800365
0.40784313725490196,0.47058823529411764,0.3137254901960784,372.00212861325423,384006
0.42745098039215684,0.47843137254901963,0.3176470588235294,445.002546324995,346191
0.4196078431372549,0.48627450980392156,0.3215686274509804,20.00011444157281,332902
0.4235294117647059,0.48627450980392156,0.3176470588235294,306.001750956064,323700
0.4196078431372549,0.4823529411764706,0.32941176470588235,9.000051498707764,373819
0.43529411764705883,0.47843137254901963,0.3411764705882353,709.004056953756,462867
0.4117647058823529,0.49411764705882355,0.32941176470588235,5.000028610393202,427690
0.43137254901960786,0.49411764705882355,0.32941176470588235,344.0019683950523,339040
0.09803921568627451,0.1803921568627451,0.12156862745098039,38.00021743898834,108182
0.09411764705882353,0.18823529411764706,0.10980392156862745,100.00057220786405,8189
0.25098039215686274,0.3254901960784314,0.1607843137254902,49.000280381853386,685872
0.25882352941176473,0.3411764705882353,0.1568627450980392,1099.0062885644259,622471
0.26666666666666666,0.33725490196078434,0.16862745098039217,63.00036049095435,685873
0.2627450980392157,0.3254901960784314,0.1843137254901961,167.00095558713295,655115
0.27058823529411763,0.3137254901960784,0.1843137254901961,18.000102997415528,705293
0.25098039215686274,0.33725490196078434,0.17647058823529413,358.00204850415327,331694
0.26666666666666666,0.33725490196078434,0.17254901960784313,452.0025863795455,674601
0.7137254901960784,0.7686274509803922,0.6941176470588235,20.00011444157281,239185
0.7215686274509804,0.7490196078431373,0.7137254901960784,87.00049782084172,637626
0.7098039215686275,0.788235294117647,0.7058823529411765,2.000011444157281,711428
0.7372549019607844,0.7803921568627451,0.6901960784313725,2.000011444157281,134629
0.7137254901960784,0.7490196078431373,0.7411764705882353,83.00047493252715,633513
0.7215686274509804,0.7490196078431373,0.7411764705882353,334.0019111742659,276075
0.7098039215686275,0.7843137254901961,0.7294117647058823,4.000022888314562,176661
0.7411764705882353,0.7803921568627451,0.7176470588235294,14.000080109100967,483016
0.4588235294117647,0.27058823529411763,0.1450980392156863,94.0005378753922,861880
0.47843137254901963,0.27450980392156865,0.13333333333333333,71.00040626758347,774922
0.4666666666666667,0.2823529411764706,0.1450980392156863,1.0000057220786405,857942
0.49411764705882355,0.28627450980392155,0.14901960784313725,22.00012588573009,754408
0.4549019607843137,0.27058823529411763,0.17647058823529413,133.00076103645918,744155
0.4823529411764706,0.27450980392156865,0.17647058823529413,48.000274659774746,745183
0.4549019607843137,0.2980392156862745,0.1843137254901961,60.00034332471843,778878
0.49019607843137253,0.30196078431372547,0.1568627450980392,112.00064087280774,878435
0.44313725490196076,0.4627450980392157,0.5607843137254902,11.000062942865044,936736
0.48627450980392156,0.4666666666666667,0.5843137254901961,2.000011444157281,926539
0.4588235294117647,0.48627450980392156,0.5607843137254902,296.00169373527757,995000
0.47843137254901963,0.49411764705882355,0.5647058823529412,192.00109863909898,1017502
0.4470588235294118,0.4627450980392157,0.592156862745098,2.000011444157281,932702
0.48627450980392156,0.4666666666666667,0.596078431372549,1.0000057220786405,934756
0.45098039215686275,0.49411764705882355,0.592156862745098,27.000154496123294,969453
0.47058823529411764,0.4980392156862745,0.592156862745098,10.000057220786404,952074
0.7843137254901961,0.8117647058823529,0.8313725490196079,1713.0098019207112,630861
0.788235294117647,0.8117647058823529,0.8313725490196079,1079.006174122853,742701
0.7803921568627451,0.8235294117647058,0.8274509803921568,17.000097275336888,325136
0.788235294117647,0.8196078431372549,0.8313725490196079,44.00025177146018,842970
0.7843137254901961,0.8117647058823529,0.8352941176470589,1835.0105000143053,627791
0.792156862745098,0.8117647058823529,0.8352941176470589,2089.01195342228,716972
0.7803921568627451,0.8196078431372549,0.8392156862745098,111.0006351507291,836829
0.792156862745098,0.8235294117647058,0.8352941176470589,1584.0090637725666,855293
0.1568627450980392,0.2823529411764706,0.18823529411764706,613.0035076342066,113448
0.1843137254901961,0.28627450980392155,0.18823529411764706,797.0045604966765,93758
0.16862745098039217,0.2980392156862745,0.2,189.00108147286304,210485
0.1803921568627451,0.3058823529411765,0.19215686274509805,453.00259210162415,156489
0.16470588235294117,0.28627450980392155,0.21176470588235294,11.000062942865044,165382
0.17254901960784313,0.29411764705882354,0.20784313725490197,3.0000171662359216,128784
0.16862745098039217,0.2980392156862745,0.20392156862745098,15.000085831179607,125730
0.1843137254901961,0.30980392156862746,0.20392156862745098,32.000183106516495,5722
0.5647058823529412,0.6235294117647059,0.5254901960784314,93.00053215331356,606399
0.6078431372549019,0.6313725490196078,0.5058823529411764,155.00088692218927,249092
0.5764705882352941,0.6588235294117647,0.5019607843137255,6.000034332471843,730902
0.6078431372549019,0.6784313725490196,0.5176470588235295,8.000045776629124,730901
0.5803921568627451,0.6352941176470588,0.5333333333333333,118.00067520527958,543775
0.6196078431372549,0.6235294117647059,0.5411764705882353,121.0006923715155,340434
0.5764705882352941,0.6627450980392157,0.5333333333333333,3.0000171662359216,240215
0.6196078431372549,0.6666666666666666,0.5294117647058824,20.00011444157281,522972
0.45098039215686275,0.5176470588235295,0.4666666666666667,25.000143051966013,277752
0.49411764705882355,0.5254901960784314,0.45098039215686275,84.0004806546058,349846
0.4549019607843137,0.5568627450980392,0.4666666666666667,11.000062942865044,531162
0.49019607843137253,0.5490196078431373,0.45098039215686275,20.00011444157281,629484
0.4588235294117647,0.5176470588235295,0.47843137254901963,115.00065803904366,661137
0.47843137254901963,0.5215686274509804,0.49411764705882355,220.0012588573009,632469
0.45098039215686275,0.5490196078431373,0.4745098039215686,10.000057220786404,509648
0.49019607843137253,0.5529411764705883,0.47843137254901963,38.00021743898834,254220
0.5647058823529412,0.6,0.4745098039215686,477.0027294315115,347326
0.5843137254901961,0.6,0.47843137254901963,841.0048122681367,394433
0.5725490196078431,0.6078431372549019,0.4823529411764706,47.0002689376961,538645
0.5882352941176471,0.6196078431372549,0.4823529411764706,280.0016021820193,262387
0.5686274509803921,0.596078431372549,0.49019607843137253,18.000102997415528,437932
0.5803921568627451,0.6039215686274509,0.48627450980392156,190.00108719494168,340177
0.5607843137254902,0.611764705882353,0.49411764705882355,35.000200272752416,596136
0.5843137254901961,0.6078431372549019,0.49019607843137253,198.00113297157083,312546
0.8117647058823529,0.8235294117647058,0.8431372549019608,63.00036049095435,121178
0.8274509803921568,0.8196078431372549,0.8470588235294118,16.000091553258248,866494
0.8156862745098039,0.8392156862745098,0.8549019607843137,1565.0089550530724,612505
0.8392156862745098,0.8392156862745098,0.8549019607843137,206.00117874819995,915673
0.8235294117647058,0.8196078431372549,0.8588235294117647,10.000057220786404,892110
0.8274509803921568,0.8235294117647058,0.8627450980392157,4.000022888314562,919863
0.8156862745098039,0.8392156862745098,0.8588235294117647,200.0011444157281,746825
0.8352941176470589,0.8392156862745098,0.8627450980392157,21.00012016365145,863871
0.6588235294117647,0.5686274509803921,0.47058823529411764,157.00089836634655,31941
0.6784313725490196,0.5686274509803921,0.47058823529411764,4.000022888314562,203053
0.6627450980392157,0.5764705882352941,0.4745098039215686,715.0040912862279,37069
0.6784313725490196,0.5882352941176471,0.47843137254901963,998.0057106344832,63741
0.6549019607843137,0.5647058823529412,0.49019607843137253,14.000080109100967,884368
0.6784313725490196,0.5607843137254902,0.4980392156862745,7.0000400545504835,874582
0.6666666666666666,0.5882352941176471,0.49019607843137253,49.000280381853386,20695
0.6745098039215687,0.5882352941176471,0.4980392156862745,134.00076675853782,769390
0.3137254901960784,0.4196078431372549,0.22745098039215686,250.00143051966012,252531
0.32941176470588235,0.4117647058823529,0.23137254901960785,261.00149346252516,322214
0.3215686274509804,0.42745098039215684,0.23137254901960785,245.00140190926692,240225
0.33725490196078434,0.43137254901960786,0.23137254901960785,249.00142479758148,287378
0.3176470588235294,0.4196078431372549,0.24313725490196078,405.0023174418494,33217
0.3333333333333333,0.41568627450980394,0.24313725490196078,243.00139046510964,45497
0.3254901960784314,0.43529411764705883,0.24705882352941178,303.00173378982805,211527
0.3411764705882353,0.43529411764705883,0.23529411764705882,119.00068092735822,295573
0.803921568627451,0.5450980392156862,0.25882352941176473,47.0002689376961,832156
0.8117647058823529,0.5529411764705883,0.2549019607843137,1.0000057220786405,824984
0.792156862745098,0.5686274509803921,0.30980392156862746,18.000102997415528,840346
0.8156862745098039,0.5647058823529412,0.2627450980392157,12.000068664943687,832154
0.7490196078431373,0.5333333333333333,0.3607843137254902,9.000051498707764,837268
0.8,0.5764705882352941,0.3176470588235294,31.000177384437855,839321
0.8156862745098039,0.5843137254901961,0.32941176470588235,11.000062942865044,837273
0.13725490196078433,0.12549019607843137,0.10588235294117647,9.000051498707764,735753
0.14901960784313725,0.12549019607843137,0.10588235294117647,235.00134468848051,668086
0.15294117647058825,0.1411764705882353,0.10588235294117647,4.000022888314562,647873
0.13725490196078433,0.12549019607843137,0.10980392156862745,219.00125313522227,475485
0.14901960784313725,0.12549019607843137,0.11764705882352941,1566.008960775151,706031
0.13725490196078433,0.1411764705882353,0.12156862745098039,2.000011444157281,664313
0.14901960784313725,0.1411764705882353,0.12156862745098039,18.000102997415528,667385
0.19215686274509805,0.16862745098039217,0.1568627450980392,238.00136185471644,478557
0.20392156862745098,0.16470588235294117,0.16470588235294117,54.00030899224659,186699
0.2,0.1843137254901961,0.16470588235294117,445.002546324995,441699
0.20392156862745098,0.17647058823529413,0.1568627450980392,697.0039882888124,487828
0.19607843137254902,0.1607843137254902,0.1803921568627451,37.000211716909696,491201
0.21176470588235294,0.1568627450980392,0.1803921568627451,15.000085831179607,253353
0.19215686274509805,0.1843137254901961,0.17254901960784313,395.002260221063,429427
0.20784313725490197,0.1803921568627451,0.17647058823529413,161.0009212546611,126308
0.24705882352941178,0.2823529411764706,0.10196078431372549,2.000011444157281,905148
0.2196078431372549,0.30980392156862746,0.09803921568627451,1.0000057220786405,501710
0.2235294117647059,0.29411764705882354,0.12156862745098039,48.000274659774746,717753
0.24705882352941178,0.2901960784313726,0.10980392156862745,21.00012016365145,908228
0.22745098039215686,0.30980392156862746,0.12156862745098039,1861.01064878835,853974
0.23529411764705882,0.30980392156862746,0.12156862745098039,89.000509264999,809936
0.24705882352941178,0.3764705882352941,0.17647058823529413,51.00029182601067,384816
0.24705882352941178,0.3764705882352941,0.18823529411764706,75.00042915589803,381738
0.3803921568627451,0.44313725490196076,0.28627450980392155,313.00179101061445,378880
0.403921568627451,0.44313725490196076,0.29411764705882354,314.0017967326931,513155
0.38823529411764707,0.4549019607843137,0.2901960784313726,50.00028610393203,363522
0.39215686274509803,0.4588235294117647,0.2901960784313726,474.0027122652756,329823
0.38823529411764707,0.45098039215686275,0.2980392156862745,30.000171662359215,380941
0.39215686274509803,0.4392156862745098,0.3058823529411765,436.00249482628726,500747
0.3843137254901961,0.4666666666666667,0.30980392156862746,10.000057220786404,501459
0.396078431372549,0.4588235294117647,0.3058823529411765,373.00213433533287,386053
0.6039215686274509,0.5294117647058824,0.3803921568627451,87.00049782084172,98387
0.611764705882353,0.5372549019607843,0.3843137254901961,231.00132180016595,98389
0.6,0.5529411764705883,0.3764705882352941,100.00057220786405,94545
0.6078431372549019,0.5490196078431373,0.3803921568627451,656.0037536835881,123993
0.6,0.5294117647058824,0.396078431372549,23.00013160780873,202025
0.615686274509804,0.5372549019607843,0.396078431372549,352.0020141716814,5410
0.6,0.5529411764705883,0.396078431372549,15.000085831179607,102733
0.611764705882353,0.5529411764705883,0.39215686274509803,526.0030098133649,55627
0.23137254901960785,0.396078431372549,0.43137254901960786,18.000102997415528,106921
0.22745098039215686,0.4196078431372549,0.4549019607843137,106.0006065403359,107948
0.2,0.18823529411764706,0.18823529411764706,397.0022716652203,427476
0.20784313725490197,0.19215686274509805,0.19607843137254902,315.00180245477173,551423
0.2,0.20784313725490197,0.2,45.00025749353882,433500
0.20392156862745098,0.21176470588235294,0.18823529411764706,180.00102997415527,646722
0.18823529411764706,0.18823529411764706,0.21568627450980393,375.00214577949015,327029
0.20392156862745098,0.19215686274509805,0.21568627450980393,104.00059509617861,281914
0.18823529411764706,0.20392156862745098,0.20784313725490197,264.0015106287611,438748
0.20392156862745098,0.21176470588235294,0.21176470588235294,301.00172234567077,469466
0.25882352941176473,0.3803921568627451,0.19215686274509805,222.0012703014582,366402
0.2784313725490196,0.3764705882352941,0.2,532.0030441458367,337856
0.2627450980392157,0.396078431372549,0.19215686274509805,24.000137329887373,391981
0.2784313725490196,0.4,0.18823529411764706,203.00116158196403,453410
0.25882352941176473,0.3803921568627451,0.21568627450980393,258.00147629628924,206442
0.2784313725490196,0.38823529411764707,0.20784313725490197,596.0034103588697,278166
0.2627450980392157,0.396078431372549,0.20392156862745098,1.0000057220786405,412446
0.2784313725490196,0.396078431372549,0.21568627450980393,128.00073242606598,259733
0.1568627450980392,0.25882352941176473,0.13725490196078433,5.000028610393202,360213
0.17254901960784313,0.25882352941176473,0.13725490196078433,3.0000171662359216,207831
0.1568627450980392,0.2784313725490196,0.13725490196078433,17.000097275336888,138204
0.1803921568627451,0.26666666666666666,0.13725490196078433,13.000074387022327,318427
0.16470588235294117,0.25882352941176473,0.15294117647058825,632.0036163537007,337657
0.17254901960784313,0.2549019607843137,0.14901960784313725,93.00053215331356,290512
0.1568627450980392,0.27058823529411763,0.1450980392156863,1020.0058365202133,101322
0.1843137254901961,0.2784313725490196,0.14901960784313725,168.0009613092116,207823
0.10588235294117647,0.2196078431372549,0.13725490196078433,2.000011444157281,13099
0.11764705882352941,0.22745098039215686,0.13333333333333333,587.0033588601619,3022
0.11372549019607843,0.24313725490196078,0.12941176470588237,66.00037765719027,72554
0.10588235294117647,0.2196078431372549,0.1450980392156863,33.000188828595135,19186
0.11764705882352941,0.2196078431372549,0.14901960784313725,1100.0062942865045,45712
0.11764705882352941,0.23921568627450981,0.15294117647058825,160.00091553258247,49964
0.5607843137254902,0.592156862745098,0.44313725490196076,400.0022888314562,291044
0.5843137254901961,0.6039215686274509,0.45098039215686275,253.00144768589604,245996
0.5647058823529412,0.6078431372549019,0.45098039215686275,12.000068664943687,367283
0.5882352941176471,0.611764705882353,0.45098039215686275,58.00033188056115,244961
0.5647058823529412,0.592156862745098,0.4627450980392157,579.0033130835328,319697
0.5803921568627451,0.6,0.4666666666666667,318.00181962100766,316627
0.5686274509803921,0.6078431372549019,0.4549019607843137,41.00023460522426,626933
0.5843137254901961,0.611764705882353,0.4627450980392157,272.0015564053902,263395
0.39215686274509803,0.27450980392156865,0.32941176470588235,29.000165940280574,941811
0.43529411764705883,0.2784313725490196,0.3411764705882353,15.000085831179607,929580
0.38823529411764707,0.2980392156862745,0.32941176470588235,149.00085258971743,940762
0.41568627450980394,0.29411764705882354,0.3254901960784314,202.0011558598854,978468
0.4196078431372549,0.26666666666666666,0.34509803921568627,1.0000057220786405,931657
0.3803921568627451,0.30980392156862746,0.34509803921568627,52.00029754808931,830597
0.4117647058823529,0.2980392156862745,0.34509803921568627,28.000160218201934,937728
0.1607843137254902,0.16862745098039217,0.19215686274509805,237.0013561326378,416140
0.17254901960784313,0.16862745098039217,0.19215686274509805,53.00030327016795,526852
0.16470588235294117,0.17254901960784313,0.19607843137254902,509.002912538028,328053
0.17254901960784313,0.17647058823529413,0.18823529411764706,457.0026149899387,244117
0.16470588235294117,0.16862745098039217,0.20784313725490197,60.00034332471843,374341
0.1843137254901961,0.1607843137254902,0.20784313725490197,17.000097275336888,852265
0.16470588235294117,0.1803921568627451,0.21176470588235294,378.00216294572607,569938
0.17254901960784313,0.17254901960784313,0.20392156862745098,180.00102997415527,272798
0.2980392156862745,0.5372549019607843,0.6705882352941176,21.00012016365145,910268
0.34901960784313724,0.5372549019607843,0.6784313725490196,74.00042343381939,171310
0.32941176470588235,0.5686274509803921,0.6784313725490196,11.000062942865044,929775
0.37254901960784315,0.5450980392156862,0.6862745098039216,2.000011444157281,175409
0.33725490196078434,0.5803921568627451,0.7019607843137254,10.000057220786404,916428
0.6,0.5333333333333333,0.3568627450980392,363.00207711454647,119872
0.6078431372549019,0.5372549019607843,0.3568627450980392,2.000011444157281,314
0.6,0.5529411764705883,0.3568627450980392,334.0019111742659,148582
0.611764705882353,0.5568627450980392,0.3568627450980392,12.000068664943687,162971
0.6,0.5411764705882353,0.3607843137254902,335.00191689634454,136291
0.6078431372549019,0.5333333333333333,0.3686274509803922,67.00038337926891,2351
0.6039215686274509,0.5568627450980392,0.36470588235294116,585.0033474160047,144471
0.611764705882353,0.5529411764705883,0.37254901960784315,186.00106430662711,16713
0.5607843137254902,0.6274509803921569,0.6901960784313725,417.0023861067931,974699
0.5882352941176471,0.6313725490196078,0.6862745098039216,243.00139046510964,857360
0.5686274509803921,0.6392156862745098,0.6862745098039216,221.00126457937955,948141
0.5803921568627451,0.6470588235294118,0.6941176470588235,478.00273515359015,934842
0.5686274509803921,0.6352941176470588,0.7019607843137254,37.000211716909696,968486
0.5764705882352941,0.6352941176470588,0.7019607843137254,24.000137329887373,955180
0.5725490196078431,0.6470588235294118,0.7058823529411765,108.00061798449318,964384
0.5843137254901961,0.6509803921568628,0.7098039215686275,349.0019970054455,914310
0.3411764705882353,0.18823529411764706,0.08235294117647059,2.000011444157281,736986
0.3686274509803922,0.18823529411764706,0.09019607843137255,35.000200272752416,769796
0.3411764705882353,0.18823529411764706,0.11764705882352941,141.0008068130883,889457
0.35294117647058826,0.18823529411764706,0.10196078431372549,283.00161934825525,878412
0.3333333333333333,0.23921568627450981,0.09803921568627451,4.000022888314562,232808
0.35294117647058826,0.2235294117647059,0.12156862745098039,4.000022888314562,880305
0.4666666666666667,0.5254901960784314,0.6509803921568628,11.000062942865044,871883
0.47843137254901963,0.5215686274509804,0.6235294117647059,3.0000171662359216,936773
0.4627450980392157,0.5568627450980392,0.6274509803921569,154.00088120011063,974744
0.47058823529411764,0.5450980392156862,0.6235294117647059,282.0016136261766,954138
0.45098039215686275,0.5215686274509804,0.6705882352941176,1.0000057220786405,973780
0.47843137254901963,0.5215686274509804,0.6705882352941176,1.0000057220786405,857409
0.45098039215686275,0.5490196078431373,0.6588235294117647,4.000022888314562,971734
0.49411764705882355,0.5372549019607843,0.6549019607843137,12.000068664943687,937836
0.28627450980392155,0.2196078431372549,0.16470588235294117,150.00085831179607,748006
0.30196078431372547,0.22745098039215686,0.16862745098039217,399.0022831093776,649572
0.2823529411764706,0.23921568627450981,0.16862745098039217,2.000011444157281,758313
0.3058823529411765,0.23529411764705882,0.16862745098039217,6.000034332471843,753239
0.2823529411764706,0.2196078431372549,0.17254901960784313,480.00274659774743,760302
0.30980392156862746,0.23137254901960785,0.17647058823529413,518.0029640367358,547075
0.29411764705882354,0.23529411764705882,0.1803921568627451,96.00054931954949,741987
0.2980392156862745,0.23921568627450981,0.1803921568627451,216.00123596898635,782883
0.6352941176470588,0.6549019607843137,0.6980392156862745,158.0009040884252,1036999
0.6509803921568628,0.6549019607843137,0.6862745098039216,100.00057220786405,921901
0.6235294117647059,0.6823529411764706,0.6941176470588235,93.00053215331356,603814
0.6431372549019608,0.6823529411764706,0.6862745098039216,85.00048637668444,321092
0.6313725490196078,0.6588235294117647,0.7098039215686275,319.0018253430863,978398
0.6509803921568628,0.6627450980392157,0.7137254901960784,403.00230599769213,792586
0.6235294117647059,0.6705882352941176,0.7058823529411765,457.0026149899387,936838
0.6470588235294118,0.6823529411764706,0.7058823529411765,249.00142479758148,979961
0.6862745098039216,0.6,0.4823529411764706,52.00029754808931,84195
0.7058823529411765,0.592156862745098,0.4823529411764706,7.0000400545504835,808540
0.6901960784313725,0.615686274509804,0.4745098039215686,9.000051498707764,783993
0.7019607843137254,0.6196078431372549,0.47058823529411764,10.000057220786404,611052
0.6901960784313725,0.6,0.49411764705882355,908.0051956474056,60659
0.7019607843137254,0.6039215686274509,0.48627450980392156,3.0000171662359216,703812
0.6941176470588235,0.6078431372549019,0.4980392156862745,832.0047607694289,65780
0.7058823529411765,0.611764705882353,0.4980392156862745,8.000045776629124,705861
0.6666666666666666,0.6588235294117647,0.6980392156862745,190.00108719494168,1044018
0.6745098039215687,0.6588235294117647,0.6980392156862745,274.0015678495475,1042039
0.6588235294117647,0.6745098039215687,0.6980392156862745,61.00034904679707,800323
0.6745098039215687,0.6823529411764706,0.6901960784313725,47.0002689376961,901699
0.6627450980392157,0.6666666666666666,0.7058823529411765,529.0030269796008,894246
0.6705882352941176,0.6588235294117647,0.7019607843137254,303.00173378982805,1039967
0.6588235294117647,0.6705882352941176,0.7137254901960784,171.0009784754475,834633
0.6745098039215687,0.6705882352941176,0.7137254901960784,246.00140763134556,969164
0.15294117647058825,0.2627450980392157,0.3764705882352941,27.000154496123294,431649
0.17647058823529413,0.2627450980392157,0.4,164.00093842089703,443951
0.14901960784313725,0.2823529411764706,0.4,5.000028610393202,436782
0.1803921568627451,0.29411764705882354,0.38823529411764707,100.00057220786405,503401
0.12549019607843137,0.25882352941176473,0.4196078431372549,15.000085831179607,156948
0.1843137254901961,0.25098039215686274,0.4235294117647059,38.00021743898834,151846
0.14901960784313725,0.30980392156862746,0.40784313725490196,2.000011444157281,370194
0.1843137254901961,0.2980392156862745,0.4196078431372549,99.00056648578541,461417
0.18823529411764706,0.13725490196078433,0.10196078431372549,135.00077248061646,759222
0.20392156862745098,0.12549019607843137,0.10196078431372549,90.00051498707764,905999
0.19607843137254902,0.1450980392156863,0.10588235294117647,220.0012588573009,723373
0.21176470588235294,0.14901960784313725,0.10196078431372549,109.00062370657182,735690
0.19215686274509805,0.12549019607843137,0.12156862745098039,59.00033760263979,891348
0.20392156862745098,0.12941176470588237,0.11372549019607843,77.00044060005531,926390
0.18823529411764706,0.1411764705882353,0.11372549019607843,805.0046062733056,687485
0.21176470588235294,0.15294117647058825,0.12156862745098039,304.0017395119067,615780
0.5294117647058824,0.5725490196078431,0.4392156862745098,96.00054931954949,353430
0.5568627450980392,0.5725490196078431,0.44313725490196076,267.001527794997,393376
0.5372549019607843,0.5764705882352941,0.4470588235294118,286.00163651449117,353446
0.5450980392156862,0.5764705882352941,0.44313725490196076,763.0043659460026,369820
0.5411764705882353,0.5725490196078431,0.4588235294117647,7.0000400545504835,291053
0.5568627450980392,0.5725490196078431,0.4666666666666667,11.000062942865044,373976
0.5411764705882353,0.5882352941176471,0.4549019607843137,14.000080109100967,331955
0.5568627450980392,0.5882352941176471,0.4627450980392157,353.00201989376006,347322
0.6274509803921569,0.6627450980392157,0.7176470588235294,69.00039482342619,1023693
0.6392156862745098,0.6549019607843137,0.7176470588235294,197.00112724949219,792600
0.6274509803921569,0.6705882352941176,0.7215686274509804,871.0049839304959,997360
0.6470588235294118,0.6705882352941176,0.7176470588235294,444.0025406029164,865404
0.6313725490196078,0.6666666666666666,0.7333333333333333,1.0000057220786405,943943
0.6431372549019608,0.6666666666666666,0.7333333333333333,7.0000400545504835,795697
0.6313725490196078,0.6823529411764706,0.7333333333333333,109.00062370657182,993048
0.6392156862745098,0.6823529411764706,0.7333333333333333,74.00042343381939,1015531
0.2784313725490196,0.3764705882352941,0.39215686274509803,12.000068664943687,354785
0.30196078431372547,0.403921568627451,0.403921568627451,42.0002403273029,485917
0.25882352941176473,0.4196078431372549,0.3764705882352941,1.0000057220786405,104868
0.28627450980392155,0.4196078431372549,0.4,7.0000400545504835,124380
0.27058823529411763,0.3803921568627451,0.4117647058823529,61.00034904679707,600716
0.2980392156862745,0.3803921568627451,0.41568627450980394,296.00169373527757,885191
0.27058823529411763,0.43529411764705883,0.4196078431372549,6.000034332471843,113086
0.30980392156862746,0.40784313725490196,0.4196078431372549,10.000057220786404,872988
0.3764705882352941,0.25098039215686274,0.13725490196078433,13.000074387022327,893715
0.42745098039215684,0.25098039215686274,0.1411764705882353,36.000205994831056,782962
0.43529411764705883,0.2901960784313726,0.14901960784313725,2.000011444157281,871264
0.3803921568627451,0.25098039215686274,0.1843137254901961,166.0009498650543,195899
0.41568627450980394,0.27450980392156865,0.1803921568627451,128.00073242606598,779923
0.403921568627451,0.28627450980392155,0.1843137254901961,38.00021743898834,769697
0.42745098039215684,0.2901960784313726,0.1803921568627451,51.00029182601067,788133
0.09803921568627451,0.043137254901960784,0.043137254901960784,8.000045776629124,211278
0.09803921568627451,0.054901960784313725,0.0392156862745098,917.0052471461133,798413
0.12156862745098039,0.058823529411764705,0.03137254901960784,438.00250627044454,850616
0.10196078431372549,0.0392156862745098,0.047058823529411764,3.0000171662359216,859690
0.09803921568627451,0.058823529411764705,0.058823529411764705,336.0019226184232,914135
0.10980392156862745,0.058823529411764705,0.050980392156862744,32.000183106516495,912115
0.12941176470588237,0.09803921568627451,0.07058823529411765,73.00041771174075,720305
0.15294117647058825,0.09411764705882353,0.07058823529411765,106.0006065403359,893612
0.1450980392156863,0.11764705882352941,0.07450980392156863,1.0000057220786405,670424
0.12549019607843137,0.10196078431372549,0.08627450980392157,987.0056476916182,606682
0.15294117647058825,0.09411764705882353,0.09019607843137255,146.0008354234815,919273
0.13725490196078433,0.10980392156862745,0.09019607843137255,142.00081253516694,665030
0.15294117647058825,0.11372549019607843,0.09019607843137255,274.0015678495475,803526
0.3764705882352941,0.4392156862745098,0.3803921568627451,20.00011444157281,619212
0.4196078431372549,0.45098039215686275,0.396078431372549,57.00032615848251,663192
0.4,0.4745098039215686,0.3803921568627451,11.000062942865044,287984
0.43137254901960786,0.47843137254901963,0.38823529411764707,16.000091553258248,436522
0.3803921568627451,0.4588235294117647,0.4196078431372549,84.0004806546058,616156
0.4117647058823529,0.4549019607843137,0.4196078431372549,201.00115013780675,563798
0.38823529411764707,0.49411764705882355,0.41568627450980394,12.000068664943687,646896
0.41568627450980394,0.47058823529411764,0.43137254901960786,25.000143051966013,652945
0.4627450980392157,0.3333333333333333,0.39215686274509803,25.000143051966013,1033666
0.47843137254901963,0.3254901960784314,0.3843137254901961,28.000160218201934,1028533
0.4666666666666667,0.34901960784313724,0.3843137254901961,134.00076675853782,988811
0.47058823529411764,0.3686274509803922,0.403921568627451,90.00051498707764,983699
0.44313725490196076,0.3411764705882353,0.40784313725490196,3.0000171662359216,929569
0.45098039215686275,0.3607843137254902,0.4117647058823529,113.00064659488638,989840
0.49019607843137253,0.3686274509803922,0.42745098039215684,33.000188828595135,986424
0.5607843137254902,0.5725490196078431,0.44313725490196076,25.000143051966013,398500
0.5764705882352941,0.5647058823529412,0.45098039215686275,10.000057220786404,667323
0.5686274509803921,0.5843137254901961,0.44313725490196076,633.0036220757794,414914
0.5764705882352941,0.5843137254901961,0.45098039215686275,58.00033188056115,392406
0.5647058823529412,0.5607843137254902,0.4549019607843137,14.000080109100967,630495
0.5803921568627451,0.5647058823529412,0.4666666666666667,18.000102997415528,687771
0.5647058823529412,0.5882352941176471,0.4588235294117647,882.0050468733609,323793
0.5764705882352941,0.5882352941176471,0.4627450980392157,56.00032043640387,402618
0.6549019607843137,0.6627450980392157,0.7176470588235294,116.0006637611223,792614
0.6745098039215687,0.6666666666666666,0.7176470588235294,30.000171662359215,995837
0.6666666666666666,0.6823529411764706,0.7294117647058823,636.0036392420153,978392
0.6705882352941176,0.6823529411764706,0.7254901960784313,613.0035076342066,973213
0.6627450980392157,0.6666666666666666,0.7333333333333333,1.0000057220786405,804308
0.6588235294117647,0.6823529411764706,0.7333333333333333,175.00100136376207,881859
0.6705882352941176,0.6784313725490196,0.7333333333333333,123.00070381567278,906548
0.40784313725490196,0.4470588235294118,0.3137254901960784,164.00093842089703,482323
0.43529411764705883,0.45098039215686275,0.3137254901960784,16.000091553258248,479341
0.41568627450980394,0.4588235294117647,0.3254901960784314,566.0032386965105,481285
0.4235294117647059,0.4588235294117647,0.3176470588235294,556.0031814757241,419856
0.43137254901960786,0.44313725490196076,0.33725490196078434,6.000034332471843,658172
0.4196078431372549,0.4588235294117647,0.32941176470588235,22.00012588573009,481284
0.43529411764705883,0.4666666666666667,0.32941176470588235,343.00196267297366,481325
0.8431372549019608,0.8784313725490196,0.8823529411764706,182.00104141831255,865844
0.8588235294117647,0.8784313725490196,0.8745098039215686,144.00082397932422,103809
0.8509803921568627,0.8941176470588236,0.8823529411764706,43.00024604938154,873931
0.8588235294117647,0.8980392156862745,0.8823529411764706,40.00022888314562,881078
0.8549019607843137,0.8745098039215686,0.8901960784313725,440.0025177146018,810347
0.8666666666666667,0.8862745098039215,0.8901960784313725,547.0031299770163,855599
0.8431372549019608,0.8901960784313725,0.8980392156862745,72.00041198966211,859696
0.8666666666666667,0.8901960784313725,0.9019607843137255,201.00115013780675,806239
0.32941176470588235,0.2627450980392157,0.3176470588235294,45.00025749353882,852404
0.34901960784313724,0.2627450980392157,0.3254901960784314,45.00025749353882,959160
0.3333333333333333,0.30196078431372547,0.3333333333333333,107.00061226241453,327146
0.34509803921568627,0.2980392156862745,0.3137254901960784,71.00040626758347,223660
0.3176470588235294,0.2784313725490196,0.35294117647058826,18.000102997415528,952022
0.34901960784313724,0.2784313725490196,0.34901960784313724,9.000051498707764,938757
0.3215686274509804,0.28627450980392155,0.34901960784313724,67.00038337926891,956098
0.3568627450980392,0.29411764705882354,0.35294117647058826,54.00030899224659,933637
0.15294117647058825,0.29411764705882354,0.16470588235294117,1312.0075073671762,91005
0.15294117647058825,0.2980392156862745,0.16862745098039217,24.000137329887373,84860
0.14901960784313725,0.2823529411764706,0.17254901960784313,324.0018539534795,11079
0.15294117647058825,0.2980392156862745,0.1843137254901961,2.000011444157281,37700
0.6901960784313725,0.6549019607843137,0.6862745098039216,492.0028152626911,1027672
0.7098039215686275,0.6627450980392157,0.6941176470588235,221.00126457937955,1000992
0.6901960784313725,0.6705882352941176,0.6901960784313725,65.00037193511163,945579
0.7137254901960784,0.6745098039215687,0.6980392156862745,109.00062370657182,1035853
0.6941176470588235,0.6666666666666666,0.7019607843137254,130.00074387022326,1036920
0.7058823529411765,0.6627450980392157,0.7137254901960784,49.000280381853386,867559
0.6941176470588235,0.6745098039215687,0.7058823529411765,261.00149346252516,920951
0.7098039215686275,0.6823529411764706,0.7137254901960784,335.00191689634454,925051
0.6980392156862745,0.7254901960784313,0.7803921568627451,29.000165940280574,808973
0.7058823529411765,0.7294117647058823,0.7843137254901961,75.00042915589803,833585
0.6941176470588235,0.7450980392156863,0.792156862745098,1040.005950961786,793700
0.7058823529411765,0.7333333333333333,0.7843137254901961,430.0024604938154,811075
0.6862745098039216,0.7254901960784313,0.8,3.0000171662359216,884492
0.7098039215686275,0.7294117647058823,0.796078431372549,2.000011444157281,801859
0.6980392156862745,0.7450980392156863,0.796078431372549,60.00034332471843,678918
0.7137254901960784,0.7450980392156863,0.796078431372549,19.00010871949417,808968
0.34901960784313724,0.2549019607843137,0.18823529411764706,348.00199128336686,715133
0.36470588235294116,0.25882352941176473,0.19215686274509805,161.0009212546611,690523
0.34509803921568627,0.2784313725490196,0.2,101.0005779299427,736885
0.36470588235294116,0.26666666666666666,0.19607843137254902,178.001018529998,663870
0.3568627450980392,0.2627450980392157,0.21568627450980393,154.00088120011063,633112
0.3686274509803922,0.25098039215686274,0.21568627450980393,38.00021743898834,939519
0.3568627450980392,0.27058823529411763,0.20392156862745098,337.0019283405018,772675
0.36470588235294116,0.27058823529411763,0.20392156862745098,337.0019283405018,642383
0.6588235294117647,0.596078431372549,0.45098039215686275,273.00156212746884,133305
0.6823529411764706,0.596078431372549,0.45098039215686275,14.000080109100967,682322
0.6549019607843137,0.6078431372549019,0.45098039215686275,57.00032615848251,150735
0.6745098039215687,0.615686274509804,0.45098039215686275,3.0000171662359216,734904
0.6666666666666666,0.6,0.4666666666666667,1006.0057564111123,121007
0.6745098039215687,0.6,0.4627450980392157,62.00035476887571,756378
0.6666666666666666,0.615686274509804,0.4627450980392157,229.00131035600867,147653
0.6705882352941176,0.615686274509804,0.4666666666666667,9.000051498707764,147652
0.4470588235294118,0.3568627450980392,0.25098039215686274,208.00119019235723,770634
0.4549019607843137,0.3568627450980392,0.2549019607843137,228.00130463393003,39985
0.44313725490196076,0.3607843137254902,0.2549019607843137,281.00160790409797,26660
0.4588235294117647,0.3607843137254902,0.25882352941176473,396.00226594314165,620877
0.44313725490196076,0.3568627450980392,0.2784313725490196,160.00091553258247,574719
0.4627450980392157,0.34901960784313724,0.26666666666666666,126.0007209819087,195878
0.4392156862745098,0.3607843137254902,0.27058823529411763,80.00045776629123,743022
0.4549019607843137,0.36470588235294116,0.26666666666666666,163.0009326988184,743031
0.18823529411764706,0.13725490196078433,0.18823529411764706,9.000051498707764,844051
0.24705882352941178,0.15294117647058825,0.18823529411764706,2.000011444157281,924489
0.21176470588235294,0.1803921568627451,0.21176470588235294,272.0015564053902,182563
0.2196078431372549,0.1843137254901961,0.20392156862745098,44.00025177146018,294212
0.19215686274509805,0.15294117647058825,0.23137254901960785,3.0000171662359216,857426
0.23921568627450981,0.15294117647058825,0.23921568627450981,2.000011444157281,833792
0.21176470588235294,0.1843137254901961,0.2196078431372549,52.00029754808931,144863
0.23137254901960785,0.17254901960784313,0.23137254901960785,22.00012588573009,820608
0.12549019607843137,0.16470588235294117,0.2,245.00140190926692,868876
0.1450980392156863,0.16862745098039217,0.18823529411764706,437.0025005483659,571989
0.13725490196078433,0.1803921568627451,0.19607843137254902,20.00011444157281,546358
0.1411764705882353,0.17647058823529413,0.2,167.00095558713295,185832
0.13333333333333333,0.1607843137254902,0.21568627450980393,188.0010757507844,402917
0.14901960784313725,0.16470588235294117,0.21568627450980393,180.00102997415527,303664
0.13725490196078433,0.17254901960784313,0.21176470588235294,78.00044632213395,860694
0.1411764705882353,0.1803921568627451,0.21176470588235294,309.0017681222999,226701
0.2549019607843137,0.19215686274509805,0.13333333333333333,198.00113297157083,767451
0.27058823529411763,0.19215686274509805,0.13725490196078433,161.0009212546611,695708
0.27450980392156865,0.20784313725490197,0.13725490196078433,2.000011444157281,568027
0.2549019607843137,0.19607843137254902,0.15294117647058825,613.0035076342066,616783
0.2784313725490196,0.2,0.15294117647058825,451.00258065746686,692602
0.2549019607843137,0.20392156862745098,0.15294117647058825,38.00021743898834,704126
0.2784313725490196,0.20392156862745098,0.14901960784313725,158.0009040884252,710033
0.6666666666666666,0.6901960784313725,0.7490196078431373,63.00036049095435,813140
0.6823529411764706,0.6980392156862745,0.7529411764705882,119.00068092735822,909642
0.6588235294117647,0.7058823529411765,0.7529411764705882,736.0042114498793,992045
0.6823529411764706,0.7098039215686275,0.7568627450980392,606.0034675796561,877720
0.6627450980392157,0.6901960784313725,0.7647058823529411,4.000022888314562,801858
0.6705882352941176,0.6941176470588235,0.7647058823529411,4.000022888314562,795700
0.6666666666666666,0.7137254901960784,0.7647058823529411,38.00021743898834,606242
0.6705882352941176,0.7098039215686275,0.7647058823529411,44.00025177146018,608311
0.7725490196078432,0.8156862745098039,0.7647058823529411,10.000057220786404,272635
0.803921568627451,0.8235294117647058,0.7529411764705882,63.00036049095435,585410
0.792156862745098,0.8549019607843137,0.7686274509803922,2.000011444157281,133606
0.7764705882352941,0.8117647058823529,0.8,76.00043487797667,879018
0.807843137254902,0.8274509803921568,0.788235294117647,230.0013160780873,533179
0.7607843137254902,0.8470588235294118,0.803921568627451,2.000011444157281,258658
0.807843137254902,0.8549019607843137,0.807843137254902,19.00010871949417,400603
0.5294117647058824,0.6,0.6627450980392157,253.00144768589604,933827
0.5490196078431373,0.6,0.6588235294117647,180.00102997415527,923577
0.5372549019607843,0.611764705882353,0.6627450980392157,152.00086975595335,1012684
0.5490196078431373,0.615686274509804,0.6666666666666666,212.0012130806718,1026032
0.5333333333333333,0.6,0.6745098039215687,129.00073814814462,972563
0.5450980392156862,0.6039215686274509,0.6705882352941176,98.00056076370677,1013455
0.5411764705882353,0.615686274509804,0.6823529411764706,241.00137902095236,1001425
0.5450980392156862,0.611764705882353,0.6823529411764706,331.00189400803,962332
0.34509803921568627,0.38823529411764707,0.2196078431372549,80.00045776629123,358050
0.36470588235294116,0.3843137254901961,0.2235294117647059,8.000045776629124,388775
0.34509803921568627,0.39215686274509803,0.23137254901960785,309.0017681222999,572607
0.3607843137254902,0.396078431372549,0.23137254901960785,40.00022888314562,604361
0.34901960784313724,0.3843137254901961,0.24705882352941178,198.00113297157083,539694
0.36470588235294116,0.3803921568627451,0.24705882352941178,14.000080109100967,531471
0.34509803921568627,0.39215686274509803,0.24705882352941178,691.0039539563405,547945
0.37254901960784315,0.403921568627451,0.23921568627450981,244.00139618718828,542948
0.7176470588235294,0.6941176470588235,0.7254901960784313,305.00174523398533,949556
0.7372549019607844,0.6901960784313725,0.7215686274509804,150.00085831179607,829575
0.7254901960784313,0.7019607843137254,0.7254901960784313,121.0006923715155,893200
0.7450980392156863,0.7098039215686275,0.7294117647058823,227.0012989118514,899421
0.7294117647058823,0.6980392156862745,0.7333333333333333,65.00037193511163,1014291
0.7372549019607844,0.6901960784313725,0.7333333333333333,6.000034332471843,833695
0.7176470588235294,0.7019607843137254,0.7372549019607844,384.00219727819797,855238
0.7372549019607844,0.7058823529411765,0.7333333333333333,324.0018539534795,1020418
0.23137254901960785,0.34509803921568627,0.12941176470588237,43.00024604938154,406498
0.23529411764705882,0.35294117647058826,0.12941176470588237,660.0037765719027,409564
0.24705882352941178,0.36470588235294116,0.13333333333333333,314.0017967326931,416746
0.23137254901960785,0.34901960784313724,0.1450980392156863,4.000022888314562,394110
0.24705882352941178,0.34901960784313724,0.15294117647058825,413.00236321847854,837458
0.24705882352941178,0.36470588235294116,0.1450980392156863,143.00081825724558,409469
0.6039215686274509,0.4392156862745098,0.40784313725490196,272.0015564053902,939181
0.611764705882353,0.45098039215686275,0.4196078431372549,203.00116158196403,1008954
0.6039215686274509,0.4549019607843137,0.4196078431372549,43.00024604938154,1030199
0.6078431372549019,0.4627450980392157,0.40784313725490196,112.00064087280774,1018205
0.596078431372549,0.4470588235294118,0.43137254901960786,400.0022888314562,1019283
0.615686274509804,0.44313725490196076,0.42745098039215684,123.00070381567278,995465
0.6039215686274509,0.4588235294117647,0.43529411764705883,164.00093842089703,1039815
0.615686274509804,0.4549019607843137,0.4235294117647059,258.00147629628924,980243
0.25098039215686274,0.22745098039215686,0.2,361.0020656703892,539049
0.26666666666666666,0.2235294117647059,0.19215686274509805,346.0019798392096,481586
0.2627450980392157,0.23921568627450981,0.2,46.00026321561746,678435
0.26666666666666666,0.24705882352941178,0.19607843137254902,169.00096703129023,725573
0.25882352941176473,0.23137254901960785,0.20784313725490197,206.00117874819995,661034
0.26666666666666666,0.2235294117647059,0.20392156862745098,104.00059509617861,485755
0.25882352941176473,0.23921568627450981,0.20784313725490197,114.00065231696502,688762
0.2784313725490196,0.24313725490196078,0.21176470588235294,224.00128174561547,653833
0.12549019607843137,0.2,0.12549019607843137,47.0002689376961,273164
0.13333333333333333,0.21176470588235294,0.13725490196078433,651.0037250731949,293652
0.1450980392156863,0.21568627450980393,0.13725490196078433,78.00044632213395,305907
0.12549019607843137,0.2,0.1411764705882353,1.0000057220786405,120465
0.13725490196078433,0.21568627450980393,0.1411764705882353,758.0043373356094,262931
0.1411764705882353,0.21568627450980393,0.1411764705882353,34.000194550673775,250621
0.3176470588235294,0.25098039215686274,0.19607843137254902,218.00124741314363,749044
0.33725490196078434,0.25098039215686274,0.18823529411764706,441.00252343668046,737695
0.3254901960784314,0.26666666666666666,0.19607843137254902,17.000097275336888,704128
0.3411764705882353,0.2784313725490196,0.19607843137254902,46.00026321561746,3140
0.3215686274509804,0.25882352941176473,0.21568627450980393,294.0016822911203,544109
0.3411764705882353,0.25098039215686274,0.21176470588235294,238.00136185471644,546040
0.3215686274509804,0.26666666666666666,0.21176470588235294,97.00055504162813,739887
0.32941176470588235,0.27450980392156865,0.21568627450980393,208.00119019235723,579876
0.4117647058823529,0.47058823529411764,0.2901960784313726,383.00219155611927,337962
0.43137254901960786,0.47058823529411764,0.2823529411764706,242.001384743031,62880
0.4196078431372549,0.48627450980392156,0.2901960784313726,39.00022316106698,297086
0.42745098039215684,0.49019607843137253,0.2901960784313726,130.00074387022326,296058
0.40784313725490196,0.47058823529411764,0.2980392156862745,362.0020713924678,329806
0.4235294117647059,0.4823529411764706,0.2980392156862745,129.00073814814462,312416
0.4196078431372549,0.49411764705882355,0.30980392156862746,50.00028610393203,316521
0.42745098039215684,0.48627450980392156,0.30980392156862746,216.00123596898635,322660
0.7490196078431373,0.7843137254901961,0.8117647058823529,946.0054130863939,682249
0.7568627450980392,0.7843137254901961,0.8156862745098039,205.0011730261213,726219
0.7529411764705882,0.792156862745098,0.8156862745098039,844.0048294343726,754923
0.7607843137254902,0.788235294117647,0.8156862745098039,1278.0073128165025,727263
0.7490196078431373,0.7843137254901961,0.8235294117647058,113.00064659488638,608270
0.7607843137254902,0.7843137254901961,0.8235294117647058,37.000211716909696,851078
0.7490196078431373,0.788235294117647,0.8235294117647058,1604.0091782141394,663628
0.7568627450980392,0.792156862745098,0.8196078431372549,1151.0065861125152,682225
0.6,0.5058823529411764,0.38823529411764707,267.001527794997,3261
0.6078431372549019,0.5098039215686274,0.38823529411764707,69.00039482342619,53387
0.6,0.5137254901960784,0.38823529411764707,141.0008068130883,13483
0.6196078431372549,0.5215686274509804,0.3843137254901961,153.000875478032,709293
0.596078431372549,0.5058823529411764,0.396078431372549,172.00098419752615,8408
0.611764705882353,0.5098039215686274,0.403921568627451,170.00097275336887,34954
0.6,0.5254901960784314,0.4,133.00076103645918,9392
0.611764705882353,0.5176470588235295,0.396078431372549,438.00250627044454,76905
0.09803921568627451,0.06274509803921569,0.0392156862745098,83.00047493252715,814775
0.12156862745098039,0.07058823529411765,0.03529411764705882,485.00277520814063,880337
0.10588235294117647,0.08235294117647059,0.03137254901960784,1.0000057220786405,684750
0.12156862745098039,0.0784313725490196,0.043137254901960784,6.000034332471843,803500
0.10588235294117647,0.06666666666666667,0.058823529411764705,344.0019683950523,923360
0.11372549019607843,0.06666666666666667,0.050980392156862744,569.0032558627464,913071
0.10588235294117647,0.08235294117647059,0.058823529411764705,10.000057220786404,670460
0.12156862745098039,0.0784313725490196,0.058823529411764705,42.0002403273029,893676
0.2901960784313726,0.4117647058823529,0.23137254901960785,250.00143051966012,233088
0.3058823529411765,0.4117647058823529,0.2235294117647059,380.00217438988335,225864
0.30980392156862746,0.4235294117647059,0.22745098039215686,74.00042343381939,259709
0.2823529411764706,0.40784313725490196,0.23921568627450981,226.00129318977275,9674
0.30196078431372547,0.4117647058823529,0.24313725490196078,488.00279237437655,18879
0.29411764705882354,0.4235294117647059,0.23529411764705882,2.000011444157281,246418
0.30980392156862746,0.42745098039215684,0.23529411764705882,114.00065231696502,244348
0.6862745098039216,0.6862745098039216,0.7529411764705882,77.00044060005531,829549
0.7058823529411765,0.6980392156862745,0.7490196078431373,14.000080109100967,819248
0.6862745098039216,0.7058823529411765,0.7568627450980392,600.0034332471843,887998
0.7058823529411765,0.7137254901960784,0.7607843137254902,695.0039768446551,878810
0.6901960784313725,0.6980392156862745,0.7647058823529411,2.000011444157281,881847
0.7098039215686275,0.6980392156862745,0.7647058823529411,1.0000057220786405,847992
0.6901960784313725,0.7058823529411765,0.7647058823529411,86.00049209876308,961868
0.7137254901960784,0.7137254901960784,0.7647058823529411,45.00025749353882,900325
0.5686274509803921,0.6274509803921569,0.4666666666666667,4.000022888314562,478922
0.611764705882353,0.6235294117647059,0.4470588235294118,11.000062942865044,221403
0.5882352941176471,0.6235294117647059,0.48627450980392156,34.000194550673775,269559
0.6,0.6352941176470588,0.49411764705882355,329.0018825638727,564464
0.615686274509804,0.6627450980392157,0.47843137254901963,1.0000057220786405,906167
0.13725490196078433,0.07058823529411765,0.043137254901960784,442.0025291587591,872197
0.1411764705882353,0.07058823529411765,0.03529411764705882,171.0009784754475,821001
0.12941176470588237,0.0784313725490196,0.0392156862745098,58.00033188056115,750280
0.1411764705882353,0.0784313725490196,0.0392156862745098,114.00065231696502,888613
0.12941176470588237,0.07450980392156863,0.054901960784313725,280.0016021820193,889531
0.1450980392156863,0.07450980392156863,0.058823529411764705,35.000200272752416,916236
0.12549019607843137,0.08627450980392157,0.054901960784313725,174.00099564168343,811711
0.14901960784313725,0.09019607843137255,0.054901960784313725,241.00137902095236,778975
0.2823529411764706,0.22745098039215686,0.18823529411764706,268.00153351707564,639443
0.3058823529411765,0.22745098039215686,0.19215686274509805,98.00056076370677,554229
0.29411764705882354,0.24313725490196078,0.19607843137254902,269.0015392391543,541082
0.30980392156862746,0.24705882352941178,0.18823529411764706,377.00215722364743,751179
0.2901960784313726,0.23137254901960785,0.20784313725490197,29.000165940280574,564662
0.3058823529411765,0.22745098039215686,0.21176470588235294,13.000074387022327,274709
0.2823529411764706,0.24313725490196078,0.21568627450980393,269.0015392391543,567769
0.2980392156862745,0.24313725490196078,0.21176470588235294,184.00105286246983,439539
0.3137254901960784,0.3764705882352941,0.16862745098039217,15.000085831179607,751354
0.33725490196078434,0.3764705882352941,0.16470588235294117,4.000022888314562,725775
0.3137254901960784,0.403921568627451,0.1607843137254902,439.0025119925232,513902
0.3176470588235294,0.38823529411764707,0.1843137254901961,143.00081825724558,567101
0.3411764705882353,0.3803921568627451,0.1803921568627451,6.000034332471843,713431
0.3137254901960784,0.4,0.17647058823529413,868.00496676426,527169
0.32941176470588235,0.403921568627451,0.1843137254901961,31.000177384437855,559947
0.35294117647058826,0.23137254901960785,0.19215686274509805,358.00204850415327,919989
0.3607843137254902,0.23137254901960785,0.19607843137254902,275.0015735716261,958020
0.34509803921568627,0.24705882352941178,0.19215686274509805,41.00023460522426,728466
0.3607843137254902,0.23529411764705882,0.2,39.00022316106698,956042
0.3568627450980392,0.23137254901960785,0.20392156862745098,187.00107002870575,949770
0.3686274509803922,0.23137254901960785,0.20784313725490197,225.0012874676941,974445
0.3568627450980392,0.23529411764705882,0.21176470588235294,83.00047493252715,894322
0.37254901960784315,0.24313725490196078,0.21568627450980393,289.0016536807271,908683
0.1568627450980392,0.19607843137254902,0.2235294117647059,289.0016536807271,354753
0.1803921568627451,0.2,0.2235294117647059,320.00183106516494,176500
0.16862745098039217,0.20392156862745098,0.2196078431372549,29.000165940280574,351576
0.17254901960784313,0.20392156862745098,0.22745098039215686,132.00075531438054,324962
0.16862745098039217,0.18823529411764706,0.23921568627450981,219.00125313522227,333194
0.1843137254901961,0.19607843137254902,0.23529411764705882,149.00085258971743,294236
0.16470588235294117,0.20784313725490197,0.23529411764705882,99.00056648578541,600681
0.1843137254901961,0.21176470588235294,0.24705882352941178,257.0014705742106,347580
0.17647058823529413,0.2823529411764706,0.13725490196078433,12.000068664943687,184299
0.16862745098039217,0.2823529411764706,0.14901960784313725,921.0052700344279,98301
0.17647058823529413,0.28627450980392155,0.1411764705882353,331.00189400803,163826
0.16470588235294117,0.2980392156862745,0.15294117647058825,42.0002403273029,132020
0.17254901960784313,0.2980392156862745,0.15294117647058825,184.00105286246983,121849
0.3568627450980392,0.40784313725490196,0.2,22.00012588573009,241798
0.37254901960784315,0.4117647058823529,0.19607843137254902,4.000022888314562,728850
0.35294117647058826,0.43529411764705883,0.2,130.00074387022326,553810
0.3607843137254902,0.43137254901960786,0.2,1.0000057220786405,557893
0.35294117647058826,0.40784313725490196,0.20784313725490197,738.0042228940366,246863
0.36470588235294116,0.4117647058823529,0.21176470588235294,455.0026035457814,255068
0.34509803921568627,0.4235294117647059,0.20784313725490197,30.000171662359215,558905
0.37254901960784315,0.42745098039215684,0.21568627450980393,103.00058937409997,240748
0.47843137254901963,0.5098039215686274,0.3764705882352941,46.00026321561746,446507
0.48627450980392156,0.5098039215686274,0.3764705882352941,36.000205994831056,407634
0.4823529411764706,0.5254901960784314,0.3803921568627451,297.0016994573562,367717
0.48627450980392156,0.5137254901960784,0.3803921568627451,1059.0060596812802,458804
0.4823529411764706,0.5058823529411764,0.403921568627451,2.000011444157281,620262
0.49019607843137253,0.5019607843137255,0.396078431372549,5.000028610393202,174345
0.4745098039215686,0.5137254901960784,0.4,6.000034332471843,252173
0.49411764705882355,0.5176470588235295,0.403921568627451,21.00012016365145,411297
0.44313725490196076,0.5019607843137255,0.34509803921568627,204.00116730404267,341103
0.4549019607843137,0.5019607843137255,0.35294117647058826,429.0024547717368,389178
0.45098039215686275,0.5137254901960784,0.35294117647058826,20.00011444157281,350298
0.4588235294117647,0.5176470588235295,0.35294117647058826,240.00137329887372,329865
0.4470588235294118,0.5098039215686274,0.3607843137254902,1.0000057220786405,376893
0.4666666666666667,0.5019607843137255,0.3607843137254902,339.0019397846591,407612
0.4392156862745098,0.5215686274509804,0.36470588235294116,7.0000400545504835,616708
0.4666666666666667,0.5137254901960784,0.36470588235294116,230.0013160780873,362592
0.6039215686274509,0.6627450980392157,0.7176470588235294,259.0014820183679,987916
0.6078431372549019,0.6627450980392157,0.7215686274509804,214.00122452482907,911242
0.6039215686274509,0.6705882352941176,0.7215686274509804,146.0008354234815,963386
0.615686274509804,0.6745098039215687,0.7215686274509804,679.0038852913968,926685
0.596078431372549,0.6627450980392157,0.7450980392156863,7.0000400545504835,856357
0.615686274509804,0.6666666666666666,0.7333333333333333,9.000051498707764,980754
0.6039215686274509,0.6823529411764706,0.7333333333333333,21.00012016365145,921504
0.6196078431372549,0.6745098039215687,0.7333333333333333,126.0007209819087,981797
0.5333333333333333,0.5098039215686274,0.2901960784313726,279.0015964599407,162862
0.5450980392156862,0.5019607843137255,0.2901960784313726,124.00070953775142,150582
0.5372549019607843,0.5137254901960784,0.29411764705882354,205.0011730261213,165965
0.5490196078431373,0.5137254901960784,0.29411764705882354,94.0005378753922,4445
0.5411764705882353,0.5098039215686274,0.30196078431372547,16.000091553258248,146443
0.5450980392156862,0.5058823529411764,0.2980392156862745,176.0010070858407,151613
0.5294117647058824,0.5215686274509804,0.30980392156862746,175.00100136376207,39289
0.5529411764705883,0.5215686274509804,0.3058823529411765,385.0022030002766,163904
0.6274509803921569,0.5411764705882353,0.4392156862745098,93.00053215331356,17618
0.6431372549019608,0.5411764705882353,0.45098039215686275,12.000068664943687,701759
0.6313725490196078,0.5450980392156862,0.4392156862745098,356.002037059996,44196
0.6392156862745098,0.5529411764705883,0.44313725490196076,753.0043087252162,48287
0.6274509803921569,0.5333333333333333,0.4627450980392157,31.000177384437855,919030
0.6392156862745098,0.5372549019607843,0.4588235294117647,8.000045776629124,940587
0.6235294117647059,0.5490196078431373,0.4549019607843137,44.00025177146018,265524
0.6470588235294118,0.5529411764705883,0.4549019607843137,144.00082397932422,19690
0.1607843137254902,0.30980392156862746,0.5058823529411764,1.0000057220786405,162075
0.19215686274509805,0.30980392156862746,0.5019607843137255,3.0000171662359216,151822
0.17647058823529413,0.3333333333333333,0.5137254901960784,7.0000400545504835,157975
0.23137254901960785,0.34509803921568627,0.5019607843137255,76.00043487797667,426548
0.23921568627450981,0.3607843137254902,0.5607843137254902,3.0000171662359216,147720
0.24705882352941178,0.4117647058823529,0.5568627450980392,66.00037765719027,296429
0.24705882352941178,0.45098039215686275,0.5450980392156862,2.000011444157281,194976
0.19607843137254902,0.4117647058823529,0.5764705882352941,9.000051498707764,924643
0.2196078431372549,0.4549019607843137,0.6039215686274509,13.000074387022327,927722
0.38823529411764707,0.41568627450980394,0.2196078431372549,217.001241691065,201751
0.396078431372549,0.41568627450980394,0.2196078431372549,75.00042915589803,195599
0.3843137254901961,0.42745098039215684,0.2235294117647059,453.00259210162415,218180
0.4,0.42745098039215684,0.22745098039215686,364.0020828366251,204805
0.38823529411764707,0.4196078431372549,0.24705882352941178,220.0012588573009,551136
0.39215686274509803,0.4196078431372549,0.24705882352941178,21.00012016365145,533731
0.3843137254901961,0.43137254901960786,0.24705882352941178,60.00034332471843,26002
0.403921568627451,0.43137254901960786,0.23529411764705882,28.000160218201934,206856
0.6,0.5686274509803921,0.3803921568627451,180.00102997415527,85346
0.6196078431372549,0.5607843137254902,0.3803921568627451,450.0025749353882,155802
0.596078431372549,0.5803921568627451,0.3803921568627451,47.0002689376961,202974
0.6196078431372549,0.5882352941176471,0.3803921568627451,160.00091553258247,182471
0.6039215686274509,0.5647058823529412,0.396078431372549,20.00011444157281,102735
0.615686274509804,0.5607843137254902,0.396078431372549,422.0024147171863,47434
0.596078431372549,0.5882352941176471,0.403921568627451,77.00044060005531,192763
0.615686274509804,0.5764705882352941,0.396078431372549,80.00045776629123,71004
0.7686274509803922,0.8,0.8274509803921568,833.0047664915076,701549
0.7764705882352941,0.796078431372549,0.8274509803921568,240.00137329887372,883927
0.7686274509803922,0.803921568627451,0.8274509803921568,870.0049782084172,724149
0.7764705882352941,0.803921568627451,0.8313725490196079,2839.01624498126,752859
0.7647058823529411,0.796078431372549,0.8352941176470589,37.000211716909696,611348
0.7725490196078432,0.796078431372549,0.8352941176470589,17.000097275336888,891097
0.7686274509803922,0.803921568627451,0.8352941176470589,448.00256349123094,707701
0.7725490196078432,0.807843137254902,0.8392156862745098,442.0025291587591,574492
0.2627450980392157,0.3254901960784314,0.2196078431372549,397.0022716652203,597755
0.26666666666666666,0.3215686274509804,0.2196078431372549,145.00082970140286,591605
0.2549019607843137,0.3411764705882353,0.2235294117647059,309.0017681222999,507611
0.27058823529411763,0.33725490196078434,0.23137254901960785,467.0026722107251,573178
0.2627450980392157,0.3215686274509804,0.24705882352941178,14.000080109100967,493257
0.26666666666666666,0.3254901960784314,0.23529411764705882,9.000051498707764,572136
0.2627450980392157,0.3411764705882353,0.23529411764705882,16.000091553258248,539368
0.2784313725490196,0.3411764705882353,0.23921568627450981,73.00041771174075,576248
0.22745098039215686,0.34901960784313724,0.2196078431372549,227.0012989118514,190095
0.24313725490196078,0.34901960784313724,0.2196078431372549,540.0030899224658,489209
0.23137254901960785,0.3607843137254902,0.2235294117647059,7.0000400545504835,196248
0.24705882352941178,0.3607843137254902,0.2235294117647059,609.003484745892,177737
0.22745098039215686,0.34509803921568627,0.23529411764705882,7.0000400545504835,492253
0.23529411764705882,0.3568627450980392,0.23529411764705882,15.000085831179607,169601
0.23137254901960785,0.37254901960784315,0.24705882352941178,2.000011444157281,31716
0.24705882352941178,0.3686274509803922,0.23529411764705882,20.00011444157281,187010
0.38823529411764707,0.28627450980392155,0.2196078431372549,286.00163651449117,659801
0.39215686274509803,0.2901960784313726,0.2196078431372549,122.00069809359414,570620
0.38823529411764707,0.2980392156862745,0.23137254901960785,184.00105286246983,778668
0.4,0.30196078431372547,0.22745098039215686,246.00140763134556,764307
0.3803921568627451,0.29411764705882354,0.23921568627450981,80.00045776629123,631068
0.403921568627451,0.2823529411764706,0.23529411764705882,66.00037765719027,937457
0.38823529411764707,0.2980392156862745,0.23921568627450981,202.0011558598854,211253
0.39215686274509803,0.3058823529411765,0.23529411764705882,219.00125313522227,560398
0.3803921568627451,0.39215686274509803,0.5098039215686274,24.000137329887373,968403
0.4196078431372549,0.403921568627451,0.5019607843137255,3.0000171662359216,964302
0.4,0.4117647058823529,0.5254901960784314,71.00040626758347,966357
0.42745098039215684,0.4235294117647059,0.5098039215686274,168.0009613092116,983734
0.38823529411764707,0.396078431372549,0.5372549019607843,4.000022888314562,856387
0.4,0.43529411764705883,0.5294117647058824,51.00029182601067,982722
0.4117647058823529,0.43529411764705883,0.5294117647058824,29.000165940280574,963291
0.6549019607843137,0.6274509803921569,0.6666666666666666,218.00124741314363,794688
0.6745098039215687,0.6274509803921569,0.6666666666666666,249.00142479758148,1016355
0.6549019607843137,0.6392156862745098,0.6627450980392157,38.00021743898834,965948
0.6784313725490196,0.6431372549019608,0.6627450980392157,102.00058365202133,1040060
0.6666666666666666,0.6352941176470588,0.6784313725490196,128.00073242606598,990731
0.6705882352941176,0.6352941176470588,0.6705882352941176,81.00046348836987,901299
0.6627450980392157,0.6392156862745098,0.6823529411764706,142.00081253516694,841867
0.6705882352941176,0.6392156862745098,0.6823529411764706,436.00249482628726,994828
0.3176470588235294,0.2,0.16862745098039217,219.00125313522227,931288
0.33725490196078434,0.2,0.16862745098039217,254.00145340797468,947844
0.3176470588235294,0.20784313725490197,0.16470588235294117,16.000091553258248,745146
0.32941176470588235,0.20784313725490197,0.16470588235294117,60.00034332471843,927311
0.3137254901960784,0.2,0.17647058823529413,316.0018081768504,945683
0.32941176470588235,0.2,0.17254901960784313,121.0006923715155,932484
0.3254901960784314,0.20392156862745098,0.1803921568627451,112.00064087280774,950932
0.3333333333333333,0.20392156862745098,0.1803921568627451,295.00168801319893,929210
0.21176470588235294,0.20784313725490197,0.3176470588235294,6.000034332471843,942977
0.2235294117647059,0.21176470588235294,0.3215686274509804,2.000011444157281,861349
0.21176470588235294,0.24705882352941178,0.3137254901960784,256.00146485213196,195056
0.2196078431372549,0.24313725490196078,0.3215686274509804,48.000274659774746,307773
0.20392156862745098,0.18823529411764706,0.3568627450980392,4.000022888314562,944003
0.24313725490196078,0.19607843137254902,0.3607843137254902,1.0000057220786405,940920
0.19607843137254902,0.24705882352941178,0.34901960784313724,26.000148774044654,376349
0.24705882352941178,0.2196078431372549,0.3568627450980392,5.000028610393202,936812
0.47058823529411764,0.3764705882352941,0.2627450980392157,97.00055504162813,8300
0.48627450980392156,0.3764705882352941,0.25098039215686274,41.00023460522426,750211
0.47058823529411764,0.403921568627451,0.25882352941176473,81.00046348836987,87040
0.49019607843137253,0.396078431372549,0.2627450980392157,12.000068664943687,709291
0.47843137254901963,0.3764705882352941,0.27058823529411763,428.00244904965814,767570
0.49411764705882355,0.38823529411764707,0.27058823529411763,334.0019111742659,54338
0.47843137254901963,0.4,0.27058823529411763,185.00105858454847,65561
0.49411764705882355,0.396078431372549,0.2784313725490196,210.0012016365145,49206
0.23137254901960785,0.34901960784313724,0.10588235294117647,89.000509264999,429048
0.23921568627450981,0.34901960784313724,0.10588235294117647,169.00096703129023,472049
0.24313725490196078,0.3607843137254902,0.10588235294117647,31.000177384437855,451582
0.23137254901960785,0.34901960784313724,0.12156862745098039,118.00067520527958,416737
0.24313725490196078,0.35294117647058826,0.10980392156862745,697.0039882888124,464860
0.23137254901960785,0.3607843137254902,0.10980392156862745,1.0000057220786405,453630
0.24313725490196078,0.36470588235294116,0.11372549019607843,272.0015564053902,445433
0.8156862745098039,0.7568627450980392,0.7137254901960784,47.0002689376961,846435
0.8588235294117647,0.7568627450980392,0.6941176470588235,17.000097275336888,872711
0.8235294117647058,0.792156862745098,0.7137254901960784,22.00012588573009,470718
0.8509803921568627,0.7843137254901961,0.7019607843137254,1.0000057220786405,194849
0.8196078431372549,0.7607843137254902,0.7333333333333333,124.00070953775142,873749
0.8705882352941177,0.7490196078431373,0.7215686274509804,35.000200272752416,1024135
0.8352941176470589,0.792156862745098,0.7372549019607844,81.00046348836987,264632
0.8588235294117647,0.7843137254901961,0.7294117647058823,16.000091553258248,886613
0.5686274509803921,0.5333333333333333,0.3137254901960784,258.00147629628924,160856
0.5882352941176471,0.5411764705882353,0.3215686274509804,198.00113297157083,158825
0.5647058823529412,0.5450980392156862,0.3215686274509804,102.00058365202133,172124
0.5803921568627451,0.5450980392156862,0.3176470588235294,225.0012874676941,170102
0.5725490196078431,0.5294117647058824,0.32941176470588235,76.00043487797667,13654
0.5882352941176471,0.5333333333333333,0.3411764705882353,323.00184823140086,137285
0.5725490196078431,0.5450980392156862,0.3333333333333333,50.00028610393203,25954
0.5882352941176471,0.5568627450980392,0.3333333333333333,138.00078964685238,172166
0.4823529411764706,0.4745098039215686,0.25882352941176473,353.00201989376006,183363
0.48627450980392156,0.4823529411764706,0.2627450980392157,128.00073242606598,181320
0.4823529411764706,0.49411764705882355,0.2549019607843137,123.00070381567278,212119
0.49019607843137253,0.49411764705882355,0.25882352941176473,47.0002689376961,206979
0.47843137254901963,0.4745098039215686,0.26666666666666666,90.00051498707764,178224
0.49411764705882355,0.4823529411764706,0.26666666666666666,180.00102997415527,163861
0.47843137254901963,0.49411764705882355,0.26666666666666666,146.0008354234815,213116
0.4980392156862745,0.49019607843137253,0.27450980392156865,299.0017109015135,176163
0.7529411764705882,0.5764705882352941,0.5058823529411764,71.00040626758347,942178
0.7843137254901961,0.5882352941176471,0.5254901960784314,2.000011444157281,959640
0.7647058823529411,0.596078431372549,0.5254901960784314,42.0002403273029,1002584
0.7803921568627451,0.6078431372549019,0.5254901960784314,5.000028610393202,938087
0.7490196078431373,0.5882352941176471,0.5411764705882353,40.00022888314562,999495
0.7647058823529411,0.615686274509804,0.5411764705882353,142.00081253516694,1007725
0.788235294117647,0.6196078431372549,0.5529411764705883,38.00021743898834,967847
0.596078431372549,0.5725490196078431,0.34901960784313724,157.00089836634655,184454
0.6078431372549019,0.5607843137254902,0.35294117647058826,136.0007782026951,158826
0.6,0.5803921568627451,0.34901960784313724,155.00088692218927,192694
0.6078431372549019,0.5803921568627451,0.3568627450980392,102.00058365202133,189634
0.6039215686274509,0.5607843137254902,0.3607843137254902,162.00092697673975,153715
0.611764705882353,0.5725490196078431,0.3607843137254902,224.00128174561547,171153
0.6039215686274509,0.5882352941176471,0.3686274509803922,121.0006923715155,195790
0.611764705882353,0.5882352941176471,0.3686274509803922,283.00161934825525,188607
0.5764705882352941,0.3411764705882353,0.20784313725490197,39.00022316106698,830248
0.6039215686274509,0.33725490196078434,0.18823529411764706,2.000011444157281,884582
0.5607843137254902,0.34901960784313724,0.21568627450980393,49.000280381853386,794241
0.6,0.36470588235294116,0.21568627450980393,66.00037765719027,804455
0.5725490196078431,0.32941176470588235,0.23529411764705882,72.00041198966211,793212
0.596078431372549,0.3411764705882353,0.24313725490196078,5.000028610393202,904203
0.5607843137254902,0.36470588235294116,0.2235294117647059,65.00037193511163,777840
0.596078431372549,0.36470588235294116,0.22745098039215686,33.000188828595135,877294
0.3176470588235294,0.23137254901960785,0.16862745098039217,241.00137902095236,696720
0.32941176470588235,0.22745098039215686,0.16862745098039217,42.0002403273029,746897
0.3254901960784314,0.23529411764705882,0.16862745098039217,49.000280381853386,722315
0.3333333333333333,0.23529411764705882,0.16470588235294117,29.000165940280574,709986
0.3137254901960784,0.22745098039215686,0.17254901960784313,177.00101280791935,771503
0.32941176470588235,0.23137254901960785,0.17254901960784313,22.00012588573009,671068
0.3254901960784314,0.23529411764705882,0.17254901960784313,404.0023117197708,565978
0.3333333333333333,0.24705882352941178,0.1843137254901961,354.0020256158387,660831
0.2196078431372549,0.22745098039215686,0.22745098039215686,257.0014705742106,514522
0.23529411764705882,0.2235294117647059,0.23137254901960785,183.0010471403912,609847
0.2235294117647059,0.23529411764705882,0.2196078431372549,63.00036049095435,437596
0.24313725490196078,0.23529411764705882,0.22745098039215686,140.00080109100966,441637
0.22745098039215686,0.2235294117647059,0.23529411764705882,204.00116730404267,231752
0.23921568627450981,0.23137254901960785,0.24705882352941178,82.00046921044851,364868
0.23137254901960785,0.24313725490196078,0.24313725490196078,196.00112152741355,387507
0.24313725490196078,0.24705882352941178,0.24313725490196078,192.00109863909898,406861
0.3333333333333333,0.396078431372549,0.3137254901960784,11.000062942865044,459453
0.37254901960784315,0.39215686274509803,0.3333333333333333,36.000205994831056,410076
0.3215686274509804,0.42745098039215684,0.3137254901960784,14.000080109100967,690949
0.3607843137254902,0.42745098039215684,0.3215686274509804,11.000062942865044,533212
0.3411764705882353,0.3803921568627451,0.34901960784313724,59.00033760263979,649906
0.34509803921568627,0.39215686274509803,0.37254901960784315,164.00093842089703,343521
0.3215686274509804,0.40784313725490196,0.3607843137254902,12.000068664943687,100729
0.3568627450980392,0.4117647058823529,0.3686274509803922,22.00012588573009,611033
0.8117647058823529,0.8196078431372549,0.8156862745098039,173.0009899196048,951271
0.8274509803921568,0.8156862745098039,0.8196078431372549,81.00046348836987,916733
0.8156862745098039,0.8313725490196079,0.8196078431372549,81.00046348836987,257625
0.8313725490196079,0.8274509803921568,0.8235294117647058,56.00032043640387,871709
0.8117647058823529,0.8196078431372549,0.8274509803921568,151.0008640338747,884881
0.8313725490196079,0.8196078431372549,0.8313725490196079,53.00030327016795,803944
0.8196078431372549,0.8352941176470589,0.8352941176470589,516.0029525925785,170497
0.8274509803921568,0.8274509803921568,0.8352941176470589,203.00116158196403,800864
0.03529411764705882,0.0392156862745098,0.07058823529411765,34.000194550673775,337362
0.054901960784313725,0.043137254901960784,0.06274509803921569,17.000097275336888,185671
0.043137254901960784,0.054901960784313725,0.07450980392156863,103.00058937409997,421358
0.054901960784313725,0.058823529411764705,0.06274509803921569,1017.0058193539774,227664
0.03137254901960784,0.043137254901960784,0.08235294117647059,6.000034332471843,860600
0.054901960784313725,0.0392156862745098,0.09019607843137255,1.0000057220786405,862652
0.03137254901960784,0.050980392156862744,0.08235294117647059,39.00022316106698,198042
0.054901960784313725,0.054901960784313725,0.08627450980392157,91.00052070915628,337363
0.6235294117647059,0.47058823529411764,0.4392156862745098,260.0014877404465,991478
0.6431372549019608,0.47843137254901963,0.4470588235294118,186.00106430662711,1037687
0.6274509803921569,0.48627450980392156,0.45098039215686275,57.00032615848251,1037601
0.6470588235294118,0.49019607843137253,0.4392156862745098,161.0009212546611,1012047
0.6235294117647059,0.4745098039215686,0.4627450980392157,195.0011158053349,981246
0.6470588235294118,0.47058823529411764,0.4627450980392157,58.00033188056115,995633
0.6313725490196078,0.49411764705882355,0.4588235294117647,169.00096703129023,1035329
0.6509803921568628,0.49019607843137253,0.4588235294117647,219.00125313522227,1023173
0.3215686274509804,0.25882352941176473,0.14901960784313725,4.000022888314562,734906
0.3568627450980392,0.25098039215686274,0.1411764705882353,13.000074387022327,752265
0.3254901960784314,0.25098039215686274,0.1803921568627451,101.0005779299427,698760
0.34509803921568627,0.2549019607843137,0.1803921568627451,199.00113869364947,704908
0.3137254901960784,0.2823529411764706,0.1843137254901961,2.000011444157281,29
0.34509803921568627,0.28627450980392155,0.1843137254901961,6.000034332471843,559832
0.19215686274509805,0.22745098039215686,0.2627450980392157,230.0013160780873,504325
0.21176470588235294,0.23137254901960785,0.25098039215686274,245.00140190926692,580167
0.18823529411764706,0.23921568627450981,0.2627450980392157,33.000188828595135,392648
0.20784313725490197,0.23921568627450981,0.2627450980392157,149.00085258971743,325954
0.19215686274509805,0.2196078431372549,0.27450980392156865,197.00112724949219,257450
0.21176470588235294,0.23137254901960785,0.26666666666666666,125.00071525983006,355798
0.19215686274509805,0.24313725490196078,0.27058823529411763,128.00073242606598,886254
0.20392156862745098,0.23529411764705882,0.2784313725490196,190.00108719494168,320886
0.03529411764705882,0.03137254901960784,0.027450980392156862,19.00010871949417,666349
0.054901960784313725,0.03137254901960784,0.023529411764705882,1272.0072784840306,820960
0.054901960784313725,0.047058823529411764,0.023529411764705882,1.0000057220786405,677599
0.34509803921568627,0.38823529411764707,0.25098039215686274,41.00023460522426,539719
0.3607843137254902,0.3764705882352941,0.25882352941176473,11.000062942865044,548076
0.3568627450980392,0.403921568627451,0.25882352941176473,718.0041084524638,545896
0.3607843137254902,0.396078431372549,0.25098039215686274,372.00212861325423,527480
0.34509803921568627,0.3803921568627451,0.27450980392156865,6.000034332471843,569057
0.37254901960784315,0.3764705882352941,0.27450980392156865,5.000028610393202,467166
0.3568627450980392,0.4,0.27058823529411763,44.00025177146018,524305
0.3607843137254902,0.403921568627451,0.27058823529411763,90.00051498707764,529439
0.4470588235294118,0.6313725490196078,0.6745098039215687,29.000165940280574,195106
0.396078431372549,0.6235294117647059,0.7215686274509804,5.000028610393202,912319
0.48627450980392156,0.6313725490196078,0.7058823529411765,46.00026321561746,297452
0.5019607843137255,0.23921568627450981,0.027450980392156862,73.00041771174075,800533
0.5019607843137255,0.24705882352941178,0.08627450980392157,7.0000400545504835,836216
0.7686274509803922,0.796078431372549,0.8117647058823529,355.00203133791734,985040
0.7725490196078432,0.8,0.8156862745098039,131.0007495923019,842973
0.7647058823529411,0.803921568627451,0.8156862745098039,12.000068664943687,943055
0.7764705882352941,0.803921568627451,0.8117647058823529,21.00012016365145,834755
0.7647058823529411,0.8,0.8235294117647058,2506.014339529073,699623
0.7725490196078432,0.8,0.8235294117647058,1042.0059624059434,703705
0.7686274509803922,0.803921568627451,0.8235294117647058,180.00102997415527,866876
0.7764705882352941,0.803921568627451,0.8235294117647058,873.0049953746532,696467
0.41568627450980394,0.4470588235294118,0.22745098039215686,138.00078964685238,225396
0.43137254901960786,0.44313725490196076,0.23137254901960785,28.000160218201934,199779
0.40784313725490196,0.4549019607843137,0.23137254901960785,45.00025749353882,238718
0.43529411764705883,0.4627450980392157,0.23137254901960785,4.000022888314562,221330
0.40784313725490196,0.45098039215686275,0.23529411764705882,253.00144768589604,216158
0.43137254901960786,0.44313725490196076,0.23921568627450981,317.001813898929,191523
0.4196078431372549,0.4666666666666667,0.24313725490196078,250.00143051966012,240756
0.43529411764705883,0.4588235294117647,0.23921568627450981,243.00139046510964,207968
0.3254901960784314,0.5019607843137255,0.5803921568627451,8.000045776629124,875016
0.3607843137254902,0.5137254901960784,0.5843137254901961,155.00088692218927,460337
0.3568627450980392,0.5450980392156862,0.5882352941176471,6.000034332471843,160250
0.3411764705882353,0.5215686274509804,0.611764705882353,13.000074387022327,443939
0.3686274509803922,0.5254901960784314,0.615686274509804,124.00070953775142,564884
0.36470588235294116,0.5294117647058824,0.596078431372549,12.000068664943687,519797
0.27450980392156865,0.4392156862745098,0.5137254901960784,5.000028610393202,221607
0.3058823529411765,0.4392156862745098,0.5098039215686274,78.00044632213395,416263
0.27450980392156865,0.45098039215686275,0.5450980392156862,4.000022888314562,456226
0.30196078431372547,0.4549019607843137,0.5294117647058824,221.00126457937955,502336
0.30196078431372547,0.47843137254901963,0.5568627450980392,8.000045776629124,501313
0.41568627450980394,0.3254901960784314,0.22745098039215686,93.00053215331356,761433
0.42745098039215684,0.3254901960784314,0.2196078431372549,93.00053215331356,774818
0.40784313725490196,0.33725490196078434,0.23137254901960785,129.00073814814462,38932
0.4235294117647059,0.3333333333333333,0.2235294117647059,35.000200272752416,762463
0.40784313725490196,0.3176470588235294,0.23529411764705882,244.00139618718828,643415
0.43529411764705883,0.3215686274509804,0.24705882352941178,160.00091553258247,772516
0.4117647058823529,0.33725490196078434,0.23921568627450981,270.0015449612329,15414
0.4235294117647059,0.3411764705882353,0.23921568627450981,235.00134468848051,28723
0.6862745098039216,0.6,0.5019607843137255,82.00046921044851,28911
0.7098039215686275,0.592156862745098,0.5058823529411764,2.000011444157281,890515
0.6941176470588235,0.611764705882353,0.5019607843137255,847.0048466006085,86240
0.7019607843137254,0.615686274509804,0.5058823529411764,115.00065803904366,68826
0.6862745098039216,0.592156862745098,0.5215686274509804,5.000028610393202,684338
0.7098039215686275,0.6039215686274509,0.5215686274509804,3.0000171662359216,869448
0.6862745098039216,0.615686274509804,0.5137254901960784,60.00034332471843,468198
0.7019607843137254,0.6196078431372549,0.5176470588235295,133.00076103645918,42245
0.7098039215686275,0.7019607843137254,0.5607843137254902,20.00011444157281,601837
0.7333333333333333,0.6862745098039216,0.5764705882352941,36.000205994831056,749241
0.7019607843137254,0.7176470588235294,0.5843137254901961,5.000028610393202,678593
0.7019607843137254,0.7098039215686275,0.611764705882353,104.00059509617861,416981
0.7372549019607844,0.7058823529411765,0.6039215686274509,118.00067520527958,697014
0.7019607843137254,0.7176470588235294,0.6196078431372549,17.000097275336888,584953
0.7333333333333333,0.7176470588235294,0.596078431372549,10.000057220786404,732860
0.5058823529411764,0.33725490196078434,0.3764705882352941,10.000057220786404,947417
0.5019607843137255,0.35294117647058826,0.38823529411764707,144.00082397932422,996944
0.5294117647058824,0.35294117647058826,0.39215686274509803,129.00073814814462,1020322
0.5254901960784314,0.37254901960784315,0.41568627450980394,24.000137329887373,989502
0.5490196078431373,0.3686274509803922,0.4117647058823529,3.0000171662359216,928945
0.7333333333333333,0.7803921568627451,0.8156862745098039,844.0048294343726,739452
0.7411764705882353,0.7803921568627451,0.8156862745098039,1470.0084114556014,731275
0.7372549019607844,0.788235294117647,0.8117647058823529,16.000091553258248,878007
0.7450980392156863,0.788235294117647,0.8156862745098039,119.00068092735822,660562
0.7372549019607844,0.7843137254901961,0.8235294117647058,741.0042400602725,743446
0.7450980392156863,0.7843137254901961,0.8196078431372549,744.0042572265085,741474
0.7372549019607844,0.788235294117647,0.8196078431372549,115.00065803904366,739375
0.7411764705882353,0.788235294117647,0.8196078431372549,902.0051613149337,754777
0.23529411764705882,0.3137254901960784,0.12549019607843137,853.0048809330804,741339
0.24313725490196078,0.3137254901960784,0.12549019607843137,169.00096703129023,739257
0.23529411764705882,0.3215686274509804,0.12941176470588237,1175.0067234424025,843660
0.24313725490196078,0.3254901960784314,0.12941176470588237,805.0046062733056,812008
0.23921568627450981,0.3176470588235294,0.13333333333333333,437.0025005483659,872362
0.24313725490196078,0.3176470588235294,0.13333333333333333,70.00040054550483,729019
0.23529411764705882,0.3215686274509804,0.13725490196078433,602.0034446913415,893882
0.24705882352941178,0.3215686274509804,0.13333333333333333,837.0047893798221,748463
0.5686274509803921,0.40784313725490196,0.3764705882352941,145.00082970140286,1029295
0.5764705882352941,0.40784313725490196,0.3764705882352941,185.00105858454847,1026256
0.5686274509803921,0.42745098039215684,0.3803921568627451,26.000148774044654,985248
0.5803921568627451,0.42745098039215684,0.3843137254901961,54.00030899224659,1033324
0.5686274509803921,0.4196078431372549,0.396078431372549,278.00159073786205,1006871
0.5843137254901961,0.4117647058823529,0.396078431372549,274.0015678495475,1045734
0.5725490196078431,0.42745098039215684,0.403921568627451,46.00026321561746,1003888
0.5764705882352941,0.43137254901960786,0.396078431372549,226.00129318977275,1041707
0.13333333333333333,0.1843137254901961,0.3843137254901961,3.0000171662359216,967621
0.12941176470588237,0.24313725490196078,0.43137254901960786,61.00034904679707,149771
0.20784313725490197,0.24313725490196078,0.42745098039215684,11.000062942865044,956324
0.1843137254901961,0.23137254901960785,0.4392156862745098,2.000011444157281,959405
0.7529411764705882,0.7607843137254902,0.7607843137254902,164.00093842089703,976835
0.7686274509803922,0.7568627450980392,0.7490196078431373,54.00030899224659,118086
0.7529411764705882,0.7647058823529411,0.7568627450980392,92.00052643123492,123196
0.7725490196078432,0.7686274509803922,0.7568627450980392,61.00034904679707,121151
0.7529411764705882,0.7490196078431373,0.7764705882352941,214.00122452482907,1013176
0.7686274509803922,0.7607843137254902,0.7725490196078432,183.0010471403912,846034
0.7490196078431373,0.7647058823529411,0.7725490196078432,295.00168801319893,990076
0.7686274509803922,0.7725490196078432,0.7725490196078432,169.00096703129023,979910
0.16470588235294117,0.1568627450980392,0.13333333333333333,18.000102997415528,475578
0.1843137254901961,0.1568627450980392,0.12941176470588237,270.0015449612329,710152
0.1607843137254902,0.17254901960784313,0.13725490196078433,1.0000057220786405,664312
0.1568627450980392,0.1568627450980392,0.1450980392156863,214.00122452482907,378221
0.1843137254901961,0.16470588235294117,0.14901960784313725,700.0040054550483,404845
0.1568627450980392,0.17647058823529413,0.14901960784313725,4.000022888314562,670453
0.1843137254901961,0.17254901960784313,0.14901960784313725,18.000102997415528,450842
0.18823529411764706,0.2,0.2196078431372549,154.00088120011063,283982
0.21568627450980393,0.18823529411764706,0.22745098039215686,26.000148774044654,186666
0.18823529411764706,0.20392156862745098,0.2196078431372549,323.00184823140086,444892
0.21568627450980393,0.21568627450980393,0.23137254901960785,283.00161934825525,294216
0.18823529411764706,0.19607843137254902,0.23529411764705882,48.000274659774746,198090
0.20392156862745098,0.2,0.23921568627450981,16.000091553258248,255403
0.19607843137254902,0.20392156862745098,0.24705882352941178,264.0015106287611,161181
0.20784313725490197,0.21176470588235294,0.23921568627450981,105.00060081825725,362853
0.4745098039215686,0.5294117647058824,0.3843137254901961,183.0010471403912,479945
0.49019607843137253,0.5294117647058824,0.3843137254901961,505.00288964971344,372854
0.4823529411764706,0.5450980392156862,0.3843137254901961,3.0000171662359216,331919
0.49411764705882355,0.5490196078431373,0.3803921568627451,147.00084114556014,321683
0.47843137254901963,0.5372549019607843,0.4,5.000028610393202,591098
0.49411764705882355,0.5333333333333333,0.39215686274509803,209.00119591443587,375918
0.4745098039215686,0.5568627450980392,0.396078431372549,4.000022888314562,497370
0.49019607843137253,0.5450980392156862,0.39215686274509803,153.000875478032,340112
0.3843137254901961,0.3137254901960784,0.2196078431372549,263.00150490668244,72
0.396078431372549,0.3254901960784314,0.22745098039215686,227.0012989118514,33814
0.3843137254901961,0.33725490196078434,0.22745098039215686,81.00046348836987,13312
0.396078431372549,0.3333333333333333,0.22745098039215686,220.0012588573009,23579
0.3843137254901961,0.3176470588235294,0.24705882352941178,108.00061798449318,582955
0.403921568627451,0.3137254901960784,0.24705882352941178,182.00104141831255,728701
0.3764705882352941,0.32941176470588235,0.24705882352941178,10.000057220786404,536812
0.4,0.33725490196078434,0.24313725490196078,115.00065803904366,730742
0.09803921568627451,0.12549019607843137,0.1607843137254902,154.00088120011063,164285
0.12156862745098039,0.12941176470588237,0.16862745098039217,429.0024547717368,414304
0.10588235294117647,0.1450980392156863,0.16470588235294117,7.0000400545504835,212410
0.12156862745098039,0.14901960784313725,0.16862745098039217,123.00070381567278,208317
0.09411764705882353,0.12941176470588237,0.1843137254901961,92.00052643123492,858582
0.10980392156862745,0.13725490196078433,0.17647058823529413,136.0007782026951,531001
0.09803921568627451,0.1450980392156863,0.1843137254901961,44.00025177146018,879110
0.11372549019607843,0.1450980392156863,0.17647058823529413,217.001241691065,223676
0.0,0.058823529411764705,0.25098039215686274,6.000034332471843,985079
0.0,0.0784313725490196,0.25098039215686274,46.00026321561746,973785
0.0784313725490196,0.10980392156862745,0.2901960784313726,18.000102997415528,953246
0.027450980392156862,0.12156862745098039,0.3176470588235294,3.0000171662359216,986105
0.07058823529411765,0.10980392156862745,0.3137254901960784,2.000011444157281,956325
0.2823529411764706,0.18823529411764706,0.16862745098039217,22.00012588573009,915894
0.30196078431372547,0.18823529411764706,0.1607843137254902,115.00065803904366,929220
0.2901960784313726,0.20784313725490197,0.1568627450980392,520.002975480893,743843
0.2980392156862745,0.20784313725490197,0.1568627450980392,172.00098419752615,739728
0.2901960784313726,0.2,0.1803921568627451,23.00013160780873,891352
0.3058823529411765,0.19215686274509805,0.17254901960784313,173.0009899196048,936622
0.28627450980392155,0.21568627450980393,0.17254901960784313,137.00078392477374,573711
0.2980392156862745,0.21568627450980393,0.17254901960784313,36.000205994831056,588044
0.25098039215686274,0.3568627450980392,0.10588235294117647,3.0000171662359216,488443
0.25098039215686274,0.36470588235294116,0.10588235294117647,19.00010871949417,482294
0.2549019607843137,0.34901960784313724,0.12156862745098039,322.0018425093222,514001
0.26666666666666666,0.3568627450980392,0.12156862745098039,13.000074387022327,505775
0.25882352941176473,0.37254901960784315,0.11764705882352941,746.0042686706657,461813
0.26666666666666666,0.3607843137254902,0.12156862745098039,91.00052070915628,497599
0.1450980392156863,0.23921568627450981,0.1568627450980392,809.0046291616202,216849
0.14901960784313725,0.23921568627450981,0.1607843137254902,263.00150490668244,194330
0.1450980392156863,0.24313725490196078,0.1607843137254902,886.0050697616755,182036
0.14901960784313725,0.24705882352941178,0.1568627450980392,943.005395920158,195429
0.1411764705882353,0.23529411764705882,0.16470588235294117,398.00227738729893,113296
0.15294117647058825,0.23921568627450981,0.16862745098039217,101.0005779299427,107137
0.1411764705882353,0.24705882352941178,0.16862745098039217,940.0053787539221,160436
0.15294117647058825,0.24705882352941178,0.16862745098039217,412.0023574963999,81507
0.5647058823529412,0.6352941176470588,0.6549019607843137,112.00064087280774,594613
0.5764705882352941,0.6274509803921569,0.6666666666666666,96.00054931954949,958396
0.5725490196078431,0.6470588235294118,0.6627450980392157,70.00040054550483,308745
0.5803921568627451,0.6470588235294118,0.6588235294117647,65.00037193511163,515738
0.5725490196078431,0.6352941176470588,0.6784313725490196,346.0019798392096,832731
0.5843137254901961,0.6313725490196078,0.6745098039215687,229.00131035600867,275921
0.5686274509803921,0.6470588235294118,0.6784313725490196,102.00058365202133,532125
0.5803921568627451,0.6431372549019608,0.6745098039215687,167.00095558713295,993138
0.7647058823529411,0.6235294117647059,0.43529411764705883,2.000011444157281,800356
0.8392156862745098,0.6313725490196078,0.3803921568627451,12.000068664943687,843424
0.7725490196078432,0.6352941176470588,0.4549019607843137,42.0002403273029,803427
0.8156862745098039,0.6588235294117647,0.49019607843137253,18.000102997415528,845468
0.6274509803921569,0.596078431372549,0.40784313725490196,248.00141907550284,177385
0.6431372549019608,0.596078431372549,0.41568627450980394,210.0012016365145,158915
0.6235294117647059,0.6078431372549019,0.4196078431372549,17.000097275336888,195807
0.6392156862745098,0.6078431372549019,0.4117647058823529,17.000097275336888,177346
0.6274509803921569,0.6,0.42745098039215684,120.00068664943686,179446
0.6431372549019608,0.6039215686274509,0.42745098039215684,421.00240899510766,171239
0.6313725490196078,0.6078431372549019,0.43137254901960786,55.00031471432523,184561
0.6431372549019608,0.6078431372549019,0.43137254901960786,91.00052070915628,172277
0.592156862745098,0.40784313725490196,0.3568627450980392,189.00108147286304,1028122
0.6078431372549019,0.41568627450980394,0.34901960784313724,210.0012016365145,994344
0.592156862745098,0.43529411764705883,0.35294117647058826,8.000045776629124,854050
0.6196078431372549,0.4235294117647059,0.34509803921568627,59.00033760263979,907334
0.596078431372549,0.41568627450980394,0.36470588235294116,233.00133324432323,977983
0.6078431372549019,0.41568627450980394,0.37254901960784315,193.00110436117762,984352
0.596078431372549,0.4235294117647059,0.36470588235294116,57.00032615848251,880714
0.615686274509804,0.43137254901960786,0.36470588235294116,228.00130463393003,899140
0.3764705882352941,0.41568627450980394,0.2823529411764706,112.00064087280774,515084
0.39215686274509803,0.4196078431372549,0.28627450980392155,9.000051498707764,498740
0.3843137254901961,0.4235294117647059,0.28627450980392155,408.00233460808533,518159
0.403921568627451,0.43137254901960786,0.28627450980392155,502.0028724834775,506959
0.3764705882352941,0.40784313725490196,0.3058823529411765,3.0000171662359216,584424
0.39215686274509803,0.4196078431372549,0.3058823529411765,5.000028610393202,590572
0.38823529411764707,0.4235294117647059,0.2980392156862745,24.000137329887373,504840
0.39215686274509803,0.43529411764705883,0.2980392156862745,111.0006351507291,506886
0.38823529411764707,0.25882352941176473,0.2196078431372549,263.00150490668244,943612
0.403921568627451,0.2627450980392157,0.23137254901960785,211.00120735859315,914835
0.3843137254901961,0.26666666666666666,0.23137254901960785,74.00042343381939,932340
0.396078431372549,0.26666666666666666,0.22745098039215686,77.00044060005531,922065
0.38823529411764707,0.25882352941176473,0.23529411764705882,92.00052643123492,948762
0.396078431372549,0.2549019607843137,0.24705882352941178,176.0010070858407,971407
0.3764705882352941,0.2784313725490196,0.24705882352941178,65.00037193511163,884427
0.39215686274509803,0.2784313725490196,0.23529411764705882,213.00121880275043,929269
0.3254901960784314,0.21568627450980393,0.2549019607843137,10.000057220786404,941806
0.36470588235294116,0.21176470588235294,0.25098039215686274,7.0000400545504835,911532
0.3411764705882353,0.2196078431372549,0.25098039215686274,87.00049782084172,940783
0.3568627450980392,0.24313725490196078,0.2549019607843137,121.0006923715155,909834
0.3411764705882353,0.21176470588235294,0.28627450980392155,4.000022888314562,847123
0.3176470588235294,0.24705882352941178,0.30196078431372547,36.000205994831056,956092
0.3686274509803922,0.24313725490196078,0.2980392156862745,25.000143051966013,861414
0.1568627450980392,0.25098039215686274,0.1607843137254902,844.0048294343726,97859
0.16470588235294117,0.2549019607843137,0.1607843137254902,471.00269509903967,316149
0.1607843137254902,0.2627450980392157,0.1607843137254902,412.0023574963999,237252
0.16470588235294117,0.2627450980392157,0.1607843137254902,448.00256349123094,331534
0.1607843137254902,0.25098039215686274,0.16862745098039217,509.002912538028,105070
0.16470588235294117,0.2549019607843137,0.16470588235294117,251.00143624173876,222042
0.1607843137254902,0.2627450980392157,0.16862745098039217,987.0056476916182,200501
0.16862745098039217,0.2627450980392157,0.16470588235294117,697.0039882888124,111154
0.5372549019607843,0.5137254901960784,0.20784313725490197,17.000097275336888,901037
0.6352941176470588,0.5215686274509804,0.22745098039215686,1.0000057220786405,230759
0.6313725490196078,0.6313725490196078,0.6901960784313725,123.00070381567278,966090
0.6392156862745098,0.6352941176470588,0.6862745098039216,57.00032615848251,791555
0.6274509803921569,0.6431372549019608,0.6980392156862745,269.0015392391543,847961
0.6470588235294118,0.6470588235294118,0.6980392156862745,426.00243760550086,964058
0.6235294117647059,0.6352941176470588,0.7098039215686275,1.0000057220786405,786459
0.6235294117647059,0.6470588235294118,0.7058823529411765,144.00082397932422,814169
0.6470588235294118,0.6509803921568628,0.7019607843137254,132.00075531438054,974307
0.7176470588235294,0.7294117647058823,0.7803921568627451,34.000194550673775,773140
0.7372549019607844,0.7294117647058823,0.7843137254901961,12.000068664943687,819287
0.7254901960784313,0.7450980392156863,0.7843137254901961,509.002912538028,950638
0.7372549019607844,0.7450980392156863,0.792156862745098,527.0030155354435,954701
0.7333333333333333,0.7294117647058823,0.796078431372549,3.0000171662359216,830567
0.7294117647058823,0.7450980392156863,0.803921568627451,41.00023460522426,837683
0.7450980392156863,0.7450980392156863,0.8,25.000143051966013,843906
0.592156862745098,0.6352941176470588,0.6980392156862745,94.0005378753922,1004275
0.6196078431372549,0.6274509803921569,0.6941176470588235,110.00062942865046,834721
0.592156862745098,0.6470588235294118,0.6980392156862745,410.0023460522426,934891
0.615686274509804,0.6431372549019608,0.6941176470588235,220.0012588573009,1033925
0.596078431372549,0.6313725490196078,0.7019607843137254,4.000022888314562,962900
0.611764705882353,0.6352941176470588,0.7058823529411765,7.0000400545504835,872652
0.596078431372549,0.6470588235294118,0.7019607843137254,229.00131035600867,1040280
0.615686274509804,0.6431372549019608,0.7098039215686275,76.00043487797667,957772
0.13725490196078433,0.1607843137254902,0.1607843137254902,25.000143051966013,390568
0.1450980392156863,0.16470588235294117,0.16470588235294117,294.0016822911203,414175
0.12941176470588237,0.17647058823529413,0.16862745098039217,1.0000057220786405,414977
0.15294117647058825,0.17254901960784313,0.16862745098039217,3.0000171662359216,683763
0.12941176470588237,0.1607843137254902,0.1803921568627451,147.00084114556014,181641
0.1450980392156863,0.16862745098039217,0.1803921568627451,621.0035534108357,582221
0.12941176470588237,0.17254901960784313,0.1843137254901961,1.0000057220786405,375228
0.1411764705882353,0.17254901960784313,0.1843137254901961,45.00025749353882,371142
0.7843137254901961,0.792156862745098,0.792156862745098,204.00116730404267,977747
0.796078431372549,0.7803921568627451,0.7843137254901961,87.00049782084172,884895
0.788235294117647,0.807843137254902,0.7843137254901961,86.00049209876308,574149
0.803921568627451,0.803921568627451,0.792156862745098,58.00033188056115,118203
0.792156862745098,0.7843137254901961,0.807843137254902,189.00108147286304,857254
0.796078431372549,0.788235294117647,0.796078431372549,92.00052643123492,834563
0.788235294117647,0.796078431372549,0.796078431372549,261.00149346252516,983919
0.796078431372549,0.807843137254902,0.807843137254902,155.00088692218927,958346
0.27450980392156865,0.3137254901960784,0.2784313725490196,13.000074387022327,365035
0.3058823529411765,0.3254901960784314,0.27058823529411763,19.00010871949417,623305
0.2784313725490196,0.3607843137254902,0.25882352941176473,23.00013160780873,122330
0.2980392156862745,0.3686274509803922,0.2627450980392157,44.00025177146018,582382
0.2784313725490196,0.3137254901960784,0.29411764705882354,25.000143051966013,370111
0.2901960784313726,0.33725490196078434,0.28627450980392155,143.00081825724558,370103
0.2784313725490196,0.34901960784313724,0.2980392156862745,4.000022888314562,697081
0.30980392156862746,0.36470588235294116,0.3058823529411765,11.000062942865044,370104
0.5176470588235295,0.5176470588235295,0.6274509803921569,1.0000057220786405,851220
0.5058823529411764,0.5568627450980392,0.6274509803921569,233.00133324432323,982742
0.5490196078431373,0.5490196078431373,0.6392156862745098,38.00021743898834,854311
0.5019607843137255,0.5529411764705883,0.6705882352941176,5.000028610393202,933728
0.5490196078431373,0.5529411764705883,0.6823529411764706,5.000028610393202,948107
0.45098039215686275,0.21176470588235294,0.011764705882352941,33.000188828595135,768760
0.47058823529411764,0.21568627450980393,0.01568627450980392,1.0000057220786405,811805
0.4627450980392157,0.2235294117647059,0.01568627450980392,25.000143051966013,784138
0.4823529411764706,0.2235294117647059,0.0196078431372549,82.00046921044851,796435
0.4470588235294118,0.2,0.03137254901960784,61.00034904679707,815908
0.47058823529411764,0.21568627450980393,0.03137254901960784,4.000022888314562,818978
0.4470588235294118,0.22745098039215686,0.043137254901960784,18.000102997415528,744164
0.49019607843137253,0.23137254901960785,0.050980392156862744,58.00033188056115,802578
0.2627450980392157,0.21176470588235294,0.25098039215686274,8.000045776629124,896493
0.2980392156862745,0.21568627450980393,0.2627450980392157,20.00011444157281,930562
0.25098039215686274,0.2235294117647059,0.26666666666666666,119.00068092735822,222637
0.2901960784313726,0.23921568627450981,0.25098039215686274,49.000280381853386,884160
0.25098039215686274,0.2,0.2980392156862745,5.000028610393202,940922
0.28627450980392155,0.2,0.30980392156862746,1.0000057220786405,935785
0.27058823529411763,0.24705882352941178,0.2901960784313726,35.000200272752416,322026
0.29411764705882354,0.24705882352941178,0.30196078431372547,43.00024604938154,899585
0.44313725490196076,0.47058823529411764,0.2901960784313726,145.00082970140286,601277
0.4588235294117647,0.4823529411764706,0.2823529411764706,62.00035476887571,39311
0.4392156862745098,0.49411764705882355,0.2823529411764706,78.00044632213395,279689
0.4549019607843137,0.48627450980392156,0.2901960784313726,119.00068092735822,60829
0.44313725490196076,0.47843137254901963,0.2980392156862745,109.00062370657182,96671
0.4666666666666667,0.4823529411764706,0.2980392156862745,296.00169373527757,374443
0.4470588235294118,0.49019607843137253,0.3058823529411765,153.000875478032,66981
0.4588235294117647,0.49411764705882355,0.30196078431372547,156.0008926442679,95645
0.6901960784313725,0.7294117647058823,0.7215686274509804,94.0005378753922,414310
0.7137254901960784,0.7294117647058823,0.7254901960784313,93.00053215331356,901682
0.6901960784313725,0.7450980392156863,0.7215686274509804,41.00023460522426,273006
0.7058823529411765,0.7333333333333333,0.7215686274509804,84.0004806546058,503460
0.6980392156862745,0.7254901960784313,0.7411764705882353,397.0022716652203,972771
0.7019607843137254,0.7176470588235294,0.7372549019607844,211.00120735859315,1028051
0.6941176470588235,0.7333333333333333,0.7333333333333333,76.00043487797667,505499
0.7137254901960784,0.7411764705882353,0.7450980392156863,99.00056648578541,880217
0.592156862745098,0.41568627450980394,0.3803921568627451,153.000875478032,1043655
0.611764705882353,0.4196078431372549,0.3764705882352941,60.00034332471843,1037673
0.6,0.42745098039215684,0.3843137254901961,168.0009613092116,892020
0.611764705882353,0.43137254901960786,0.3843137254901961,272.0015564053902,987158
0.6,0.4196078431372549,0.4,60.00034332471843,994614
0.611764705882353,0.4196078431372549,0.4,17.000097275336888,970886
0.596078431372549,0.43529411764705883,0.4,214.00122452482907,1019154
0.611764705882353,0.43529411764705883,0.396078431372549,146.0008354234815,1041791
0.10588235294117647,0.13725490196078433,0.13725490196078433,16.000091553258248,834940
0.12156862745098039,0.12549019607843137,0.12941176470588237,295.00168801319893,382294
0.10588235294117647,0.12941176470588237,0.14901960784313725,96.00054931954949,325025
0.11764705882352941,0.12941176470588237,0.14901960784313725,660.0037765719027,214477
0.10588235294117647,0.14901960784313725,0.14901960784313725,2.000011444157281,871932
0.11372549019607843,0.1450980392156863,0.14901960784313725,19.00010871949417,416223
0.7137254901960784,0.5137254901960784,0.3764705882352941,14.000080109100967,858945
0.7215686274509804,0.5019607843137255,0.3803921568627451,4.000022888314562,848696
0.6901960784313725,0.5333333333333333,0.39215686274509803,7.0000400545504835,797279
0.7254901960784313,0.5529411764705883,0.403921568627451,16.000091553258248,862896
0.7019607843137254,0.5137254901960784,0.43529411764705883,191.00109291702032,1027321
0.7215686274509804,0.5137254901960784,0.43529411764705883,6.000034332471843,1022097
0.7019607843137254,0.5294117647058824,0.43137254901960786,15.000085831179607,906261
0.7176470588235294,0.5411764705882353,0.4235294117647059,18.000102997415528,868168
0.5098039215686274,0.2627450980392157,0.12549019607843137,44.00025177146018,870222
0.5333333333333333,0.2784313725490196,0.12549019607843137,7.0000400545504835,862024
0.5215686274509804,0.2980392156862745,0.14901960784313725,32.000183106516495,809576
0.5529411764705883,0.2901960784313726,0.12941176470588237,55.00031471432523,829225
0.5058823529411764,0.25098039215686274,0.17254901960784313,12.000068664943687,1003618
0.5294117647058824,0.2784313725490196,0.1803921568627451,4.000022888314562,1045518
0.5058823529411764,0.30196078431372547,0.17254901960784313,78.00044632213395,826977
0.5372549019607843,0.3058823529411765,0.1803921568627451,36.000205994831056,884562
0.2235294117647059,0.19607843137254902,0.19215686274509805,117.00066948320094,421346
0.23529411764705882,0.18823529411764706,0.19607843137254902,40.00022888314562,895481
0.2235294117647059,0.20392156862745098,0.18823529411764706,280.0016021820193,358734
0.24313725490196078,0.21176470588235294,0.18823529411764706,271.00155068331156,729690
0.23137254901960785,0.19607843137254902,0.20784313725490197,15.000085831179607,437898
0.23921568627450981,0.19215686274509805,0.20784313725490197,12.000068664943687,895482
0.2235294117647059,0.21568627450980393,0.20392156862745098,246.00140763134556,651831
0.23921568627450981,0.21176470588235294,0.20784313725490197,91.00052070915628,487884
0.34901960784313724,0.28627450980392155,0.22745098039215686,151.0008640338747,546082
0.37254901960784315,0.2823529411764706,0.2235294117647059,243.00139046510964,884156
0.35294117647058826,0.3058823529411765,0.23137254901960785,57.00032615848251,741982
0.3607843137254902,0.3058823529411765,0.23137254901960785,114.00065231696502,689881
0.3568627450980392,0.28627450980392155,0.23529411764705882,114.00065231696502,467251
0.3686274509803922,0.29411764705882354,0.23529411764705882,119.00068092735822,343279
0.3568627450980392,0.3058823529411765,0.23921568627450981,109.00062370657182,478904
0.3607843137254902,0.30980392156862746,0.24313725490196078,165.00094414297567,690755
0.5176470588235295,0.3843137254901961,0.4392156862745098,25.000143051966013,1022377
0.5294117647058824,0.396078431372549,0.4588235294117647,14.000080109100967,1024429
0.5098039215686274,0.4196078431372549,0.4666666666666667,71.00040626758347,987799
0.5490196078431373,0.43137254901960786,0.4470588235294118,72.00041198966211,1010288
0.5058823529411764,0.403921568627451,0.47058823529411764,2.000011444157281,941822
0.5529411764705883,0.396078431372549,0.47843137254901963,1.0000057220786405,904003
0.5098039215686274,0.4196078431372549,0.4823529411764706,56.00032043640387,988484
0.5490196078431373,0.43529411764705883,0.47843137254901963,26.000148774044654,906611
0.5725490196078431,0.4745098039215686,0.34901960784313724,77.00044060005531,9377
0.5803921568627451,0.47058823529411764,0.34509803921568627,367.002100002861,24709
0.5647058823529412,0.49019607843137253,0.3568627450980392,18.000102997415528,683701
0.5764705882352941,0.49019607843137253,0.34509803921568627,208.00119019235723,729754
0.5686274509803921,0.47058823529411764,0.37254901960784315,52.00029754808931,221489
0.5803921568627451,0.4823529411764706,0.3686274509803922,107.00061226241453,2232
0.5607843137254902,0.49019607843137253,0.3607843137254902,39.00022316106698,748149
0.5882352941176471,0.4980392156862745,0.37254901960784315,196.00112152741355,12457
0.5058823529411764,0.5294117647058824,0.41568627450980394,2.000011444157281,386266
0.5176470588235295,0.5411764705882353,0.40784313725490196,49.000280381853386,439404
0.5019607843137255,0.5529411764705883,0.40784313725490196,130.00074387022326,356498
0.5254901960784314,0.5490196078431373,0.41568627450980394,851.0048694889231,413795
0.5058823529411764,0.5333333333333333,0.43529411764705883,4.000022888314562,401052
0.5176470588235295,0.5372549019607843,0.43137254901960786,8.000045776629124,359064
0.5019607843137255,0.5450980392156862,0.43529411764705883,6.000034332471843,283891
0.5176470588235295,0.5568627450980392,0.4235294117647059,13.000074387022327,354972
0.6313725490196078,0.45098039215686275,0.3843137254901961,201.00115013780675,925811
0.6431372549019608,0.44313725490196076,0.3764705882352941,113.00064659488638,926761
0.6352941176470588,0.4588235294117647,0.38823529411764707,15.000085831179607,852994
0.6431372549019608,0.4588235294117647,0.38823529411764707,85.00048637668444,990244
0.6313725490196078,0.44313725490196076,0.4,264.0015106287611,976971
0.6431372549019608,0.45098039215686275,0.396078431372549,76.00043487797667,967835
0.6352941176470588,0.4549019607843137,0.403921568627451,111.0006351507291,854025
0.6431372549019608,0.4588235294117647,0.396078431372549,191.00109291702032,993315
0.5098039215686274,0.4117647058823529,0.29411764705882354,181.0010356962339,732813
0.5215686274509804,0.4196078431372549,0.29411764705882354,255.00145913005332,64562
0.5019607843137255,0.43529411764705883,0.28627450980392155,87.00049782084172,83990
0.5137254901960784,0.43137254901960786,0.28627450980392155,118.00067520527958,78879
0.5019607843137255,0.40784313725490196,0.30980392156862746,49.000280381853386,776775
0.5176470588235295,0.4196078431372549,0.30196078431372547,228.00130463393003,48189
0.5019607843137255,0.42745098039215684,0.3058823529411765,18.000102997415528,684731
0.5215686274509804,0.42745098039215684,0.2980392156862745,117.00066948320094,65582
0.3764705882352941,0.44313725490196076,0.23137254901960785,221.00126457937955,262259
0.4,0.44313725490196076,0.2235294117647059,310.00177384437853,236667
0.403921568627451,0.4549019607843137,0.23137254901960785,12.000068664943687,233581
0.38823529411764707,0.45098039215686275,0.24705882352941178,207.0011844702786,287836
0.39215686274509803,0.45098039215686275,0.23921568627450981,112.00064087280774,269435
0.3843137254901961,0.4627450980392157,0.24705882352941178,41.00023460522426,300681
0.403921568627451,0.4549019607843137,0.23529411764705882,147.00084114556014,232549
0.12941176470588237,0.23921568627450981,0.1607843137254902,518.0029640367358,14000
0.13333333333333333,0.23529411764705882,0.1568627450980392,997.0057049124046,172808
0.12549019607843137,0.24705882352941178,0.1568627450980392,219.00125313522227,3857
0.13333333333333333,0.24313725490196078,0.1607843137254902,258.00147629628924,19084
0.12941176470588237,0.23921568627450981,0.16862745098039217,372.00212861325423,117528
0.13725490196078433,0.23921568627450981,0.16470588235294117,615.0035190783639,54916
0.12941176470588237,0.24313725490196078,0.16470588235294117,607.0034733017347,22219
0.13333333333333333,0.24705882352941178,0.16862745098039217,596.0034103588697,8869
0.45098039215686275,0.4745098039215686,0.2549019607843137,120.00068664943686,207961
0.4666666666666667,0.47058823529411764,0.2549019607843137,275.0015735716261,190543
0.4392156862745098,0.49019607843137253,0.25882352941176473,179.00102425207663,254100
0.4588235294117647,0.49411764705882355,0.2549019607843137,189.00108147286304,223377
0.4470588235294118,0.47843137254901963,0.27058823529411763,88.00050354292036,18821
0.4549019607843137,0.4823529411764706,0.27058823529411763,41.00023460522426,17795
0.44313725490196076,0.4980392156862745,0.27058823529411763,93.00053215331356,261259
0.4627450980392157,0.4980392156862745,0.26666666666666666,57.00032615848251,242845
0.40784313725490196,0.3254901960784314,0.25098039215686274,190.00108719494168,593239
0.4235294117647059,0.3215686274509804,0.2549019607843137,91.00052070915628,584972
0.4196078431372549,0.3333333333333333,0.2627450980392157,162.00092697673975,534767
0.4235294117647059,0.32941176470588235,0.2549019607843137,208.00119019235723,216370
0.40784313725490196,0.3137254901960784,0.27058823529411763,45.00025749353882,550129
0.43529411764705883,0.3215686274509804,0.27058823529411763,47.0002689376961,916944
0.41568627450980394,0.32941176470588235,0.27058823529411763,125.00071525983006,343278
0.43137254901960786,0.3333333333333333,0.27058823529411763,165.00094414297567,527617
0.27058823529411763,0.36470588235294116,0.1568627450980392,483.00276376398335,817005
0.2784313725490196,0.36470588235294116,0.1568627450980392,785.0044918317328,756582
0.27058823529411763,0.37254901960784315,0.1607843137254902,487.0027866522979,835413
0.27450980392156865,0.3686274509803922,0.1568627450980392,686.0039253459473,772939
0.27058823529411763,0.3607843137254902,0.16862745098039217,293.00167656904165,672630
0.2784313725490196,0.3607843137254902,0.16862745098039217,812.0046463278561,703346
0.27058823529411763,0.3686274509803922,0.16470588235294117,218.00124741314363,754447
0.2784313725490196,0.37254901960784315,0.16470588235294117,355.00203133791734,576439
0.16470588235294117,0.09803921568627451,0.07450980392156863,150.00085831179607,911012
0.17647058823529413,0.09411764705882353,0.07058823529411765,137.00078392477374,917285
0.16862745098039217,0.10980392156862745,0.07058823529411765,32.000183106516495,740028
0.1843137254901961,0.11764705882352941,0.07058823529411765,134.00076675853782,740023
0.1568627450980392,0.09411764705882353,0.08627450980392157,141.0008068130883,919281
0.17647058823529413,0.10196078431372549,0.0784313725490196,126.0007209819087,915109
0.1568627450980392,0.11372549019607843,0.09019607843137255,171.0009784754475,590109
0.1843137254901961,0.11764705882352941,0.08627450980392157,132.00075531438054,835922
0.34509803921568627,0.38823529411764707,0.2,21.00012016365145,224265
0.34509803921568627,0.396078431372549,0.19607843137254902,35.000200272752416,236636
0.34901960784313724,0.38823529411764707,0.20392156862745098,41.00023460522426,228372
0.37254901960784315,0.38823529411764707,0.21568627450980393,7.0000400545504835,375464
0.3568627450980392,0.403921568627451,0.21176470588235294,754.0043144472949,225301
0.37254901960784315,0.403921568627451,0.21176470588235294,163.0009326988184,209923
0.5607843137254902,0.44313725490196076,0.3176470588235294,165.00094414297567,769637
0.5882352941176471,0.44313725490196076,0.3137254901960784,14.000080109100967,880228
0.5725490196078431,0.4588235294117647,0.3176470588235294,159.00090981050383,669007
0.5882352941176471,0.4549019607843137,0.3176470588235294,25.000143051966013,771704
0.5686274509803921,0.45098039215686275,0.3333333333333333,113.00064659488638,10385
0.5764705882352941,0.4392156862745098,0.3411764705882353,6.000034332471843,915275
0.5686274509803921,0.4627450980392157,0.32941176470588235,406.00232316392805,65614
0.5764705882352941,0.4666666666666667,0.3411764705882353,123.00070381567278,26753
0.4196078431372549,0.4392156862745098,0.2627450980392157,36.000205994831056,522453
0.4235294117647059,0.4392156862745098,0.25882352941176473,5.000028610393202,506076
0.40784313725490196,0.4549019607843137,0.2627450980392157,53.00030327016795,30100
0.43137254901960786,0.4666666666666667,0.25882352941176473,74.00042343381939,8577
0.40784313725490196,0.4392156862745098,0.27058823529411763,286.00163651449117,603332
0.4235294117647059,0.44313725490196076,0.26666666666666666,268.00153351707564,524511
0.40784313725490196,0.4549019607843137,0.26666666666666666,197.00112724949219,39326
0.42745098039215684,0.4549019607843137,0.27450980392156865,89.000509264999,534748
0.8392156862745098,0.8745098039215686,0.8274509803921568,5.000028610393202,532157
0.8705882352941177,0.8941176470588236,0.8235294117647058,20.00011444157281,212311
0.8705882352941177,0.9098039215686274,0.8392156862745098,1.0000057220786405,555746
0.8274509803921568,0.8823529411764706,0.8705882352941177,95.00054359747084,820499
0.8549019607843137,0.8745098039215686,0.8588235294117647,125.00071525983006,310914
0.8627450980392157,0.9058823529411765,0.8666666666666667,5.000028610393202,838034
0.8235294117647058,0.8549019607843137,0.8745098039215686,103.00058937409997,830854
0.8352941176470589,0.8509803921568627,0.8745098039215686,140.00080109100966,813393
0.8235294117647058,0.8705882352941177,0.8784313725490196,77.00044060005531,833859
0.8352941176470589,0.8588235294117647,0.8784313725490196,627.0035877433075,820555
0.8117647058823529,0.8470588235294118,0.8941176470588236,5.000028610393202,876080
0.8196078431372549,0.8627450980392157,0.8901960784313725,19.00010871949417,872849
0.8392156862745098,0.8705882352941177,0.8901960784313725,31.000177384437855,802381
0.4470588235294118,0.21176470588235294,0.08235294117647059,31.000177384437855,818800
0.4588235294117647,0.2235294117647059,0.07450980392156863,43.00024604938154,849727
0.49411764705882355,0.23921568627450981,0.09019607843137255,26.000148774044654,852801
0.4588235294117647,0.21568627450980393,0.10196078431372549,2.000011444157281,849550
0.4549019607843137,0.24705882352941178,0.10196078431372549,100.00057220786405,750309
0.4823529411764706,0.24705882352941178,0.10980392156862745,48.000274659774746,867149
0.3137254901960784,0.3215686274509804,0.4666666666666667,30.000171662359215,966355
0.34509803921568627,0.3215686274509804,0.4392156862745098,25.000143051966013,854319
0.32941176470588235,0.36470588235294116,0.45098039215686275,59.00033760263979,118108
0.3686274509803922,0.3686274509803922,0.4588235294117647,62.00035476887571,967366
0.3137254901960784,0.3333333333333333,0.49019607843137253,10.000057220786404,957351
0.3411764705882353,0.36470588235294116,0.4823529411764706,25.000143051966013,945938
0.34901960784313724,0.3607843137254902,0.49411764705882355,36.000205994831056,966353
0.4627450980392157,0.2784313725490196,0.3215686274509804,12.000068664943687,957697
0.4470588235294118,0.2823529411764706,0.3137254901960784,116.0006637611223,950494
0.47843137254901963,0.30980392156862746,0.3411764705882353,92.00052643123492,934089
0.4588235294117647,0.30980392156862746,0.35294117647058826,16.000091553258248,947391
0.4745098039215686,0.3058823529411765,0.34509803921568627,10.000057220786404,924821
0.19215686274509805,0.27450980392156865,0.1568627450980392,628.0035934653862,266167
0.20784313725490197,0.2784313725490196,0.16862745098039217,14.000080109100967,329423
0.19607843137254902,0.25882352941176473,0.1803921568627451,4.000022888314562,507600
0.21176470588235294,0.2549019607843137,0.1843137254901961,4.000022888314562,123356
0.18823529411764706,0.27450980392156865,0.17254901960784313,322.0018425093222,264031
0.21568627450980393,0.27450980392156865,0.1843137254901961,8.000045776629124,461505
0.2,0.13333333333333333,0.12941176470588237,35.000200272752416,902678
0.21176470588235294,0.13333333333333333,0.13725490196078433,39.00022316106698,904731
0.19607843137254902,0.15294117647058825,0.13333333333333333,692.0039596784192,712239
0.20784313725490197,0.15294117647058825,0.13333333333333333,89.000509264999,587036
0.2,0.13333333333333333,0.1411764705882353,15.000085831179607,859492
0.20392156862745098,0.12941176470588237,0.1450980392156863,10.000057220786404,904732
0.2,0.1450980392156863,0.14901960784313725,69.00039482342619,239922
0.20784313725490197,0.1411764705882353,0.14901960784313725,31.000177384437855,338208
0.1843137254901961,0.3215686274509804,0.18823529411764706,237.0013561326378,44946
0.1843137254901961,0.32941176470588235,0.2196078431372549,5.000028610393202,63270
0.6392156862745098,0.4,0.2,68.00038910134755,835179
0.6705882352941176,0.403921568627451,0.19215686274509805,12.000068664943687,814742
0.6431372549019608,0.4117647058823529,0.21568627450980393,14.000080109100967,840301
0.6588235294117647,0.40784313725490196,0.19607843137254902,31.000177384437855,819817
0.6313725490196078,0.396078431372549,0.2196078431372549,24.000137329887373,790277
0.6549019607843137,0.3843137254901961,0.2196078431372549,4.000022888314562,874320
0.6352941176470588,0.43529411764705883,0.24313725490196078,52.00029754808931,754423
0.6627450980392157,0.43137254901960786,0.24705882352941178,37.000211716909696,860847
0.6235294117647059,0.43529411764705883,0.38823529411764707,221.00126457937955,956470
0.6549019607843137,0.43529411764705883,0.396078431372549,3.0000171662359216,937183
0.6274509803921569,0.4196078431372549,0.43137254901960786,17.000097275336888,905369
0.22745098039215686,0.2549019607843137,0.2823529411764706,176.0010070858407,647821
0.24705882352941178,0.25882352941176473,0.2823529411764706,137.00078392477374,322864
0.23137254901960785,0.26666666666666666,0.28627450980392155,36.000205994831056,385512
0.23921568627450981,0.2784313725490196,0.29411764705882354,141.0008068130883,198119
0.23137254901960785,0.2549019607843137,0.3058823529411765,133.00076103645918,378453
0.23921568627450981,0.2549019607843137,0.30196078431372547,90.00051498707764,274855
0.22745098039215686,0.26666666666666666,0.3058823529411765,107.00061226241453,360020
0.23529411764705882,0.27450980392156865,0.30196078431372547,141.0008068130883,307627
0.5294117647058824,0.41568627450980394,0.28627450980392155,91.00052070915628,672081
0.5568627450980392,0.41568627450980394,0.2823529411764706,13.000074387022327,768622
0.5333333333333333,0.4235294117647059,0.29411764705882354,51.00029182601067,52299
0.5529411764705883,0.4235294117647059,0.28627450980392155,24.000137329887373,770688
0.5372549019607843,0.4196078431372549,0.30196078431372547,264.0015106287611,21602
0.5450980392156862,0.4196078431372549,0.30980392156862746,12.000068664943687,23660
0.5333333333333333,0.4235294117647059,0.3058823529411765,339.0019397846591,5250
0.5450980392156862,0.43137254901960786,0.30980392156862746,158.0009040884252,34906
0.5647058823529412,0.3568627450980392,0.28627450980392155,197.00112724949219,921698
0.5803921568627451,0.35294117647058826,0.28627450980392155,48.000274659774746,978956
0.5647058823529412,0.36470588235294116,0.2901960784313726,78.00044632213395,1008746
0.5882352941176471,0.37254901960784315,0.29411764705882354,81.00046348836987,1044521
0.5686274509803921,0.34901960784313724,0.3058823529411765,135.00077248061646,973982
0.5843137254901961,0.3568627450980392,0.2980392156862745,33.000188828595135,925782
0.5647058823529412,0.37254901960784315,0.2980392156862745,200.0011444157281,886820
0.5882352941176471,0.37254901960784315,0.2980392156862745,180.00102997415527,893969
0.6352941176470588,0.6274509803921569,0.6588235294117647,70.00040054550483,918367
0.6470588235294118,0.6313725490196078,0.6588235294117647,88.00050354292036,954683
0.6274509803921569,0.6509803921568628,0.6666666666666666,64.00036621303299,199192
0.6392156862745098,0.6470588235294118,0.6549019607843137,39.00022316106698,288362
0.6313725490196078,0.6313725490196078,0.6823529411764706,296.00169373527757,957884
0.6509803921568628,0.6352941176470588,0.6745098039215687,218.00124741314363,796744
0.6235294117647059,0.6392156862745098,0.6823529411764706,70.00040054550483,798723
0.6470588235294118,0.6431372549019608,0.6823529411764706,104.00059509617861,785429
0.16470588235294117,0.19607843137254902,0.19607843137254902,25.000143051966013,836918
0.1843137254901961,0.19607843137254902,0.2,264.0015106287611,455122
0.16862745098039217,0.20392156862745098,0.18823529411764706,2.000011444157281,330209
0.17647058823529413,0.20392156862745098,0.2,6.000034332471843,266538
0.1607843137254902,0.19215686274509805,0.21176470588235294,156.0008926442679,324963
0.1843137254901961,0.19215686274509805,0.20784313725490197,433.00247766005134,431522
0.1568627450980392,0.20392156862745098,0.20392156862745098,8.000045776629124,655087
0.17647058823529413,0.21176470588235294,0.21568627450980393,51.00029182601067,649964
0.3254901960784314,0.4196078431372549,0.19215686274509805,132.00075531438054,521017
0.33725490196078434,0.4117647058823529,0.2,336.0019226184232,559934
0.3176470588235294,0.42745098039215684,0.19215686274509805,53.00030327016795,486192
0.3333333333333333,0.4235294117647059,0.18823529411764706,117.00066948320094,510785
0.3176470588235294,0.40784313725490196,0.20784313725490197,117.00066948320094,346026
0.3411764705882353,0.40784313725490196,0.21568627450980393,154.00088120011063,285748
0.3215686274509804,0.4235294117647059,0.21176470588235294,19.00010871949417,263790
0.32941176470588235,0.4235294117647059,0.21568627450980393,16.000091553258248,285309
0.7607843137254902,0.8117647058823529,0.8156862745098039,27.000154496123294,952210
0.7686274509803922,0.8156862745098039,0.8235294117647058,63.00036049095435,888580
0.7568627450980392,0.8313725490196079,0.8235294117647058,2.000011444157281,886229
0.7647058823529411,0.8313725490196079,0.8235294117647058,14.000080109100967,265831
0.7568627450980392,0.8235294117647058,0.8274509803921568,43.00024604938154,229953
0.7725490196078432,0.8117647058823529,0.8392156862745098,747.0042743927444,754710
0.7529411764705882,0.8274509803921568,0.8313725490196079,15.000085831179607,951198
0.7647058823529411,0.8392156862745098,0.8313725490196079,30.000171662359215,134626
0.5686274509803921,0.4117647058823529,0.4117647058823529,115.00065803904366,993615
0.5803921568627451,0.4117647058823529,0.4117647058823529,120.00068664943686,1048027
0.5725490196078431,0.4235294117647059,0.40784313725490196,61.00034904679707,999760
0.5882352941176471,0.43529411764705883,0.4117647058823529,412.0023574963999,1026436
0.5607843137254902,0.40784313725490196,0.43137254901960786,44.00025177146018,955595
0.5843137254901961,0.4196078431372549,0.43529411764705883,36.000205994831056,988726
0.5686274509803921,0.4235294117647059,0.42745098039215684,25.000143051966013,992589
0.5764705882352941,0.42745098039215684,0.4235294117647059,121.0006923715155,993610
0.18823529411764706,0.2549019607843137,0.3137254901960784,145.00082970140286,575088
0.20784313725490197,0.25882352941176473,0.3215686274509804,148.00084686763878,515632
0.2,0.26666666666666666,0.3137254901960784,43.00024604938154,276860
0.21176470588235294,0.27450980392156865,0.3215686274509804,138.00078964685238,158128
0.2,0.2549019607843137,0.32941176470588235,133.00076103645918,582248
0.20392156862745098,0.2549019607843137,0.3411764705882353,90.00051498707764,200185
0.2,0.26666666666666666,0.3411764705882353,89.000509264999,485941
0.21176470588235294,0.2784313725490196,0.3333333333333333,148.00084686763878,223702
0.27450980392156865,0.3803921568627451,0.27450980392156865,20.00011444157281,518878
0.28627450980392155,0.3803921568627451,0.2549019607843137,69.00039482342619,513753
0.3058823529411765,0.41568627450980394,0.25098039215686274,101.0005779299427,175649
0.25098039215686274,0.3843137254901961,0.29411764705882354,11.000062942865044,211510
0.30196078431372547,0.3843137254901961,0.28627450980392155,16.000091553258248,460480
0.27058823529411763,0.4117647058823529,0.28627450980392155,4.000022888314562,493276
0.30980392156862746,0.40784313725490196,0.2901960784313726,11.000062942865044,517858
0.2627450980392157,0.25882352941176473,0.25098039215686274,156.0008926442679,553474
0.26666666666666666,0.25098039215686274,0.2549019607843137,108.00061798449318,391565
0.2549019607843137,0.27450980392156865,0.2627450980392157,77.00044060005531,196983
0.26666666666666666,0.2784313725490196,0.2549019607843137,119.00068092735822,380202
0.25882352941176473,0.25882352941176473,0.26666666666666666,169.00096703129023,293176
0.2784313725490196,0.25098039215686274,0.27058823529411763,53.00030327016795,376034
0.25098039215686274,0.27058823529411763,0.27058823529411763,130.00074387022326,404956
0.27058823529411763,0.27450980392156865,0.27058823529411763,119.00068092735822,445918
0.8470588235294118,0.8431372549019608,0.8470588235294118,291.00166512488437,885897
0.8666666666666667,0.8509803921568627,0.8509803921568627,88.00050354292036,870499
0.8470588235294118,0.8588235294117647,0.8509803921568627,75.00042915589803,180746
0.8627450980392157,0.8588235294117647,0.8549019607843137,63.00036049095435,839870
0.8470588235294118,0.8509803921568627,0.8666666666666667,70.00040054550483,908480
0.8588235294117647,0.8509803921568627,0.8588235294117647,23.00013160780873,913621
0.8509803921568627,0.8588235294117647,0.8588235294117647,186.00106430662711,845320
0.8588235294117647,0.8666666666666667,0.8705882352941177,134.00076675853782,826843
0.2549019607843137,0.27058823529411763,0.3803921568627451,7.0000400545504835,833056
0.28627450980392155,0.27450980392156865,0.3764705882352941,4.000022888314562,856395
0.2549019607843137,0.2980392156862745,0.3764705882352941,142.00081253516694,355941
0.28627450980392155,0.2980392156862745,0.3843137254901961,31.000177384437855,855197
0.2549019607843137,0.27450980392156865,0.40784313725490196,5.000028610393202,950166
0.2549019607843137,0.3058823529411765,0.4117647058823529,35.000200272752416,292390
0.2901960784313726,0.2980392156862745,0.43529411764705883,8.000045776629124,864664
0.45098039215686275,0.21568627450980393,0.18823529411764706,2.000011444157281,1043552
0.44313725490196076,0.24705882352941178,0.2,140.00080109100966,923729
0.49019607843137253,0.23921568627450981,0.18823529411764706,25.000143051966013,967844
0.44313725490196076,0.23921568627450981,0.24313725490196078,57.00032615848251,947429
0.4745098039215686,0.24313725490196078,0.22745098039215686,7.0000400545504835,995520
0.5725490196078431,0.3843137254901961,0.35294117647058826,139.00079536893102,995629
0.5764705882352941,0.3843137254901961,0.34901960784313724,84.0004806546058,939225
0.5725490196078431,0.4,0.34901960784313724,72.00041198966211,998657
0.5882352941176471,0.39215686274509803,0.34901960784313724,183.0010471403912,945189
0.5607843137254902,0.38823529411764707,0.3607843137254902,96.00054931954949,978055
0.5764705882352941,0.38823529411764707,0.36470588235294116,38.00021743898834,1016938
0.5725490196078431,0.403921568627451,0.36470588235294116,162.00092697673975,1037430
0.5843137254901961,0.4,0.3686274509803922,149.00085258971743,996487
0.1568627450980392,0.24313725490196078,0.13725490196078433,3.0000171662359216,311100
0.1843137254901961,0.24313725490196078,0.13725490196078433,2.000011444157281,680665
0.1568627450980392,0.23137254901960785,0.14901960784313725,46.00026321561746,298742
0.17254901960784313,0.22745098039215686,0.1411764705882353,2.000011444157281,554731
0.1607843137254902,0.24313725490196078,0.15294117647058825,853.0048809330804,292586
0.17254901960784313,0.24705882352941178,0.1411764705882353,11.000062942865044,260032
0.5294117647058824,0.5372549019607843,0.3803921568627451,174.00099564168343,454843
0.5568627450980392,0.5372549019607843,0.3843137254901961,8.000045776629124,99694
0.5372549019607843,0.5450980392156862,0.3843137254901961,85.00048637668444,451783
0.5450980392156862,0.5490196078431373,0.38823529411764707,41.00023460522426,442580
0.5294117647058824,0.5411764705882353,0.39215686274509803,58.00033188056115,441509
0.5490196078431373,0.5294117647058824,0.39215686274509803,4.000022888314562,193962
0.5333333333333333,0.5568627450980392,0.39215686274509803,420.002403273029,545837
0.5450980392156862,0.5529411764705883,0.4,122.00069809359414,430275
0.1607843137254902,0.19215686274509805,0.25098039215686274,119.00068092735822,850458
0.17254901960784313,0.2,0.2627450980392157,62.00035476887571,877042
0.16470588235294117,0.21568627450980393,0.2627450980392157,161.0009212546611,142784
0.17254901960784313,0.20784313725490197,0.2549019607843137,221.00126457937955,417273
0.16470588235294117,0.18823529411764706,0.27058823529411763,43.00024604938154,338448
0.1843137254901961,0.19607843137254902,0.2784313725490196,27.000154496123294,294487
0.1607843137254902,0.20784313725490197,0.2784313725490196,146.0008354234815,309654
0.17647058823529413,0.21176470588235294,0.26666666666666666,132.00075531438054,871903
0.4,0.19607843137254902,0.023529411764705882,17.000097275336888,760564
0.40784313725490196,0.19607843137254902,0.01568627450980392,34.000194550673775,770814
0.4,0.18823529411764706,0.043137254901960784,44.00025177146018,803613
0.40784313725490196,0.18823529411764706,0.0392156862745098,122.00069809359414,828208
0.41568627450980394,0.2196078431372549,0.058823529411764705,9.000051498707764,750310
0.3137254901960784,0.23137254901960785,0.19607843137254902,34.000194550673775,565972
0.3333333333333333,0.2235294117647059,0.18823529411764706,97.00055504162813,933347
0.3137254901960784,0.24313725490196078,0.19215686274509805,405.0023174418494,619918
0.32941176470588235,0.24705882352941178,0.18823529411764706,188.0010757507844,657764
0.3176470588235294,0.22745098039215686,0.21176470588235294,14.000080109100967,890242
0.3333333333333333,0.2196078431372549,0.21568627450980393,43.00024604938154,970262
0.3215686274509804,0.24313725490196078,0.20784313725490197,85.00048637668444,251180
0.32941176470588235,0.24313725490196078,0.20392156862745098,38.00021743898834,633115
0.6588235294117647,0.5098039215686274,0.47058823529411764,161.0009212546611,1037552
0.6705882352941176,0.5058823529411764,0.47058823529411764,70.00040054550483,1019027
0.6549019607843137,0.5215686274509804,0.4823529411764706,129.00073814814462,1036407
0.6705882352941176,0.5215686274509804,0.4745098039215686,168.0009613092116,1042599
0.6666666666666666,0.5058823529411764,0.49019607843137253,51.00029182601067,916867
0.6705882352941176,0.5019607843137255,0.49411764705882355,14.000080109100967,914814
0.6666666666666666,0.5176470588235295,0.49411764705882355,170.00097275336887,979074
0.6705882352941176,0.5137254901960784,0.49411764705882355,141.0008068130883,1024043
0.2549019607843137,0.34901960784313724,0.1450980392156863,428.00244904965814,575431
0.2627450980392157,0.34509803921568627,0.1450980392156863,819.0046863824066,764798
0.25098039215686274,0.3568627450980392,0.1411764705882353,88.00050354292036,369660
0.2627450980392157,0.3568627450980392,0.1411764705882353,196.00112152741355,563169
0.25098039215686274,0.34901960784313724,0.14901960784313725,234.00133896640187,357368
0.25882352941176473,0.34509803921568627,0.15294117647058825,812.0046463278561,604071
0.2549019607843137,0.3568627450980392,0.14901960784313725,224.00128174561547,809807
0.25882352941176473,0.3568627450980392,0.14901960784313725,812.0046463278561,808802
0.10588235294117647,0.07450980392156863,0.09411764705882353,32.000183106516495,165130
0.11372549019607843,0.07058823529411765,0.10588235294117647,12.000068664943687,855371
0.09803921568627451,0.09019607843137255,0.10196078431372549,662.00378801606,579051
0.10980392156862745,0.09019607843137255,0.09803921568627451,102.00058365202133,174355
0.10196078431372549,0.06274509803921569,0.11372549019607843,4.000022888314562,590541
0.12156862745098039,0.06666666666666667,0.11372549019607843,3.0000171662359216,870833
0.09803921568627451,0.09019607843137255,0.10980392156862745,57.00032615848251,842017
0.11764705882352941,0.09019607843137255,0.10980392156862745,30.000171662359215,842127
0.6235294117647059,0.5725490196078431,0.3803921568627451,39.00022316106698,165039
0.6313725490196078,0.5803921568627451,0.38823529411764707,225.0012874676941,162992
0.6274509803921569,0.5647058823529412,0.4,320.00183106516494,134288
0.6509803921568628,0.5647058823529412,0.4,9.000051498707764,722607
0.6352941176470588,0.5882352941176471,0.4,303.00173378982805,168121
0.6,0.3803921568627451,0.3176470588235294,165.00094414297567,926755
0.6078431372549019,0.3843137254901961,0.3176470588235294,23.00013160780873,930865
0.6,0.4,0.3215686274509804,98.00056076370677,956444
0.615686274509804,0.396078431372549,0.3254901960784314,107.00061226241453,1036547
0.592156862745098,0.38823529411764707,0.32941176470588235,104.00059509617861,880684
0.6078431372549019,0.38823529411764707,0.32941176470588235,11.000062942865044,918548
0.592156862745098,0.4,0.33725490196078434,271.00155068331156,899151
0.6196078431372549,0.403921568627451,0.3411764705882353,116.0006637611223,959617
