x0,x1,x2,weight,source_index
0.24705882352941178,0.5176470588235295,0.8235294117647058,1170.0114744505504,131420
0.24313725490196078,0.27058823529411763,0.8117647058823529,43.00042171057578,277668
0.17647058823529413,0.4470588235294118,0.8901960784313725,5.000049036113463,218115
0.35294117647058826,0.26666666666666666,0.9019607843137255,21.000205951676545,409261
0.25882352941176473,0.41568627450980394,0.9019607843137255,13.000127493895004,276720
0.49019607843137253,0.49411764705882355,0.9372549019607843,35.00034325279424,429199
0.1843137254901961,0.4392156862745098,0.8784313725490196,8.000078457781541,296704
0.24313725490196078,0.41568627450980394,0.8666666666666667,48.000470746689246,411475
0.1843137254901961,0.4627450980392157,0.8627450980392157,89.00087284281965,218116
0.11372549019607843,0.30196078431372547,0.596078431372549,21.000205951676545,175198
0.12156862745098039,0.2627450980392157,0.6549019607843137,4.0000392288907705,57613
0.615686274509804,0.807843137254902,0.8235294117647058,18.000176530008467,89154
0.7215686274509804,0.9215686274509803,0.8392156862745098,20.000196144453852,92954
0.7450980392156863,0.8862745098039215,0.8980392156862745,3.000029421668078,177542
0.3137254901960784,0.39215686274509803,0.7686274509803922,102.00100033671464,18652
0.26666666666666666,0.396078431372549,0.8431372549019608,58.00056881891617,253931
0.3607843137254902,0.38823529411764707,0.8274509803921568,17.000166722785774,385085
0.9529411764705882,0.9411764705882353,0.9294117647058824,68.0006668911431,424283
0.8705882352941177,0.8862745098039215,0.34901960784313724,3.000029421668078,437585
0.6313725490196078,0.35294117647058826,0.7647058823529411,18.000176530008467,146850
0.17254901960784313,0.3803921568627451,0.6784313725490196,62.00060804780694,107715
0.23529411764705882,0.3843137254901961,0.6588235294117647,171.00167703508043,311909
0.1843137254901961,0.4549019607843137,0.6941176470588235,7.000068650558848,247554
0.24705882352941178,0.44313725490196076,0.6941176470588235,126.00123571005926,37426
0.3607843137254902,0.1803921568627451,0.8980392156862745,24.000235373344623,270445
0.09803921568627451,0.09019607843137255,0.6666666666666666,35.00034325279424,275750
0.10196078431372549,0.2196078431372549,0.6470588235294118,11.000107879449619,480807
0.30980392156862746,0.5686274509803921,0.792156862745098,6.000058843336156,208642
0.36470588235294116,0.5725490196078431,0.7803921568627451,109.0010689872735,85353
0.30980392156862746,0.5725490196078431,0.8666666666666667,60.00058843336156,329066
0.9411764705882353,0.6235294117647059,0.8470588235294118,31.00030402390347,38967
0.9490196078431372,0.6509803921568628,0.792156862745098,19.00018633723116,300514
0.9411764705882353,0.5882352941176471,0.9529411764705882,20.000196144453852,16230
0.4588235294117647,0.5568627450980392,0.8588235294117647,138.0013533967316,221212
0.4745098039215686,0.12156862745098039,0.5137254901960784,11.000107879449619,156336
0.9411764705882353,0.5411764705882353,0.4980392156862745,13.000127493895004,295967
0.6431372549019608,0.33725490196078434,0.5725490196078431,33.00032363834886,307360
0.6039215686274509,0.6823529411764706,0.9529411764705882,108.0010591800508,366273
0.788235294117647,0.8823529411764706,0.9372549019607843,111.00108860171888,409270
0.8666666666666667,0.9607843137254902,0.9215686274509803,11.000107879449619,308018
0.807843137254902,0.9450980392156862,0.9529411764705882,1.0000098072226926,188963
0.8666666666666667,0.9529411764705882,0.984313725490196,100.00098072226926,181570
0.6705882352941176,0.8196078431372549,0.9490196078431372,2.0000196144453852,234426
0.6862745098039216,0.8196078431372549,0.984313725490196,7.000068650558848,166405
0.2901960784313726,0.45098039215686275,0.803921568627451,257.002520456232,512153
0.6745098039215687,0.3607843137254902,0.12941176470588237,9.000088265004234,410675
0.6392156862745098,0.39215686274509803,0.13333333333333333,17.000166722785774,268467
0.7137254901960784,0.3764705882352941,0.13725490196078433,13.000127493895004,609592
0.25098039215686274,0.36470588235294116,0.09019607843137255,17.000166722785774,238035
0.3137254901960784,0.26666666666666666,0.20784313725490197,6.000058843336156,522799
0.7254901960784313,0.7568627450980392,0.25098039215686274,1.0000098072226926,174511
0.984313725490196,0.9686274509803922,0.9764705882352941,95.0009316861558,129739
0.9686274509803922,1.0,0.9568627450980393,633.0062079719644,27470
0.9803921568627451,0.9607843137254902,0.9882352941176471,364.0035698290601,304566
0.33725490196078434,0.1411764705882353,0.09411764705882353,19.00018633723116,518044
0.3764705882352941,0.1450980392156863,0.058823529411764705,24.000235373344623,518045
0.2823529411764706,0.12941176470588237,0.2196078431372549,9.000088265004234,535957
0.47843137254901963,0.13725490196078433,0.2235294117647059,12.000117686672311,516962
0.5450980392156862,0.6941176470588235,0.792156862745098,19.00018633723116,325443
0.611764705882353,0.6941176470588235,0.8235294117647058,58.00056881891617,574198
0.5568627450980392,0.6941176470588235,0.8705882352941177,66.00064727669772,495635
0.3686274509803922,0.3607843137254902,0.3215686274509804,12.000117686672311,411488
0.43137254901960786,0.6627450980392157,0.592156862745098,40.000392288907705,214294
0.1411764705882353,0.3843137254901961,0.7490196078431373,5.000049036113463,289059
0.16862745098039217,0.40784313725490196,0.7372549019607844,97.00095130060119,95532
0.3568627450980392,0.5215686274509804,0.16470588235294117,1.0000098072226926,237084
0.9294117647058824,0.8901960784313725,0.3333333333333333,105.00102975838273,395431
0.9137254901960784,0.9568627450980393,0.3803921568627451,3.000029421668078,179242
0.6352941176470588,0.6666666666666666,0.9137254901960784,126.00123571005926,508791
0.6901960784313725,0.7529411764705882,0.8941176470588236,175.00171626397122,591302
0.6313725490196078,0.6745098039215687,0.9725490196078431,54.0005295900254,187652
0.7450980392156863,0.6352941176470588,0.9568627450980393,151.0014808906266,335088
0.7098039215686275,0.6941176470588235,0.9803921568627451,138.0013533967316,186694
0.2784313725490196,0.45098039215686275,0.7137254901960784,321.0031481184843,454297
0.2823529411764706,0.45098039215686275,0.7254901960784313,310.0030402390347,406805
0.2627450980392157,0.4745098039215686,0.7215686274509804,49.00048055391194,228396
0.2901960784313726,0.5019607843137255,0.7058823529411765,68.0006668911431,197317
0.2784313725490196,0.47843137254901963,0.7568627450980392,266.00260872123624,67282
0.28627450980392155,0.4980392156862745,0.7607843137254902,630.0061785502963,322501
0.8313725490196079,0.6862745098039216,0.9411764705882353,51.00050016835732,104037
0.8156862745098039,0.6588235294117647,0.9764705882352941,8.000078457781541,226320
0.4588235294117647,0.29411764705882354,0.5607843137254902,41.0004020961304,49781
0.4745098039215686,0.35294117647058826,0.5568627450980392,78.00076496337002,228257
0.9294117647058824,0.9411764705882353,0.6431372549019608,28.000274602235393,419523
0.8784313725490196,0.9137254901960784,0.7058823529411765,36.000353060016934,319526
0.9921568627450981,0.9333333333333333,0.7176470588235294,94.0009218789331,239976
0.6470588235294118,0.5803921568627451,0.8196078431372549,43.00042171057578,413873
0.7450980392156863,0.6274509803921569,0.7764705882352941,112.00109840894157,316847
0.45098039215686275,0.29411764705882354,0.6431372549019608,6.000058843336156,231100
0.403921568627451,0.36470588235294116,0.6823529411764706,135.0013239750635,330265
0.4823529411764706,0.27450980392156865,0.7019607843137254,17.000166722785774,520620
0.5843137254901961,0.28627450980392155,0.37254901960784315,17.000166722785774,512218
0.6862745098039216,0.2549019607843137,0.26666666666666666,1.0000098072226926,314016
0.5137254901960784,0.27450980392156865,0.4117647058823529,29.000284409458086,314965
0.6666666666666666,0.26666666666666666,0.4470588235294118,23.00022556612193,379490
0.9176470588235294,0.9098039215686274,0.7764705882352941,29.000284409458086,462285
0.984313725490196,0.9019607843137255,0.8,28.000274602235393,395552
0.9333333333333333,0.9490196078431372,0.8156862745098039,46.00045113224386,419525
0.9294117647058824,0.9254901960784314,0.8823529411764706,29.000284409458086,463236
0.9450980392156862,0.9215686274509803,0.8705882352941177,17.000166722785774,435478
0.9058823529411765,0.9921568627450981,0.8274509803921568,42.00041190335309,80609
0.403921568627451,0.5450980392156862,0.8901960784313725,108.0010591800508,152557
0.49019607843137253,0.5568627450980392,0.9215686274509803,25.000245180567315,340938
0.42745098039215684,0.5058823529411764,0.9686274509803922,1.0000098072226926,213066
0.4588235294117647,0.5607843137254902,0.9568627450980393,3.000029421668078,208308
0.4,0.6078431372549019,0.9607843137254902,2.0000196144453852,369533
0.4549019607843137,0.6274509803921569,0.9607843137254902,6.000058843336156,364751
0.6901960784313725,0.5568627450980392,0.9490196078431372,135.0013239750635,348342
0.6980392156862745,0.5647058823529412,0.9686274509803922,179.00175549286197,331298
0.6431372549019608,0.6,0.9529411764705882,45.00044132502117,361329
0.0,0.09019607843137255,0.4392156862745098,35.00034325279424,115309
0.12156862745098039,0.07058823529411765,0.44313725490196076,34.00033344557155,32805
0.00784313725490196,0.08627450980392157,0.5098039215686274,73.00071592725656,493157
0.11372549019607843,0.07450980392156863,0.4666666666666667,156.00152992674003,279723
0.9176470588235294,0.7607843137254902,0.5254901960784314,64.00062766225233,551618
0.8784313725490196,0.8666666666666667,0.5215686274509804,6.000058843336156,333736
0.8941176470588236,0.796078431372549,0.6274509803921569,41.0004020961304,543059
0.9725490196078431,0.8117647058823529,0.5803921568627451,38.00037267446232,559106
0.9254901960784314,0.8235294117647058,0.592156862745098,18.000176530008467,239017
0.5607843137254902,0.6392156862745098,0.19607843137254902,69.0006766983658,225700
0.5647058823529412,0.6392156862745098,0.19607843137254902,7.000068650558848,241852
0.5607843137254902,0.6352941176470588,0.20392156862745098,103.00101014393734,456238
0.5725490196078431,0.6431372549019608,0.2196078431372549,167.00163780618968,454334
0.6196078431372549,0.7098039215686275,0.25882352941176473,12.000117686672311,218104
0.5176470588235295,0.45098039215686275,0.9019607843137255,35.00034325279424,257156
0.5607843137254902,0.396078431372549,0.9607843137254902,50.00049036113463,255243
0.5098039215686274,0.4627450980392157,0.9529411764705882,7.000068650558848,214967
0.43529411764705883,0.6352941176470588,0.8901960784313725,31.00030402390347,190630
0.4549019607843137,0.6941176470588235,0.9176470588235294,1.0000098072226926,181045
0.43137254901960786,0.6549019607843137,0.9529411764705882,1.0000098072226926,324479
0.4666666666666667,0.6392156862745098,0.9529411764705882,44.000431517798475,208076
0.49019607843137253,0.7019607843137254,0.9568627450980393,2.0000196144453852,227441
0.5450980392156862,0.12549019607843137,0.5411764705882353,59.00057862613886,501624
0.5647058823529412,0.23529411764705882,0.6431372549019608,36.000353060016934,151584
0.403921568627451,0.15294117647058825,0.3411764705882353,27.0002647950127,91494
0.29411764705882354,0.12156862745098039,0.49411764705882355,41.0004020961304,278935
0.6745098039215687,0.6862745098039216,0.7764705882352941,57.00055901169348,526845
0.7254901960784313,0.6470588235294118,0.8117647058823529,37.00036286723963,314002
0.6392156862745098,0.7058823529411765,0.8117647058823529,99.00097091504657,515401
0.6941176470588235,0.7098039215686275,0.7803921568627451,42.00041190335309,535374
0.6549019607843137,0.6901960784313725,0.8705882352941177,90.00088265004234,535369
0.7294117647058823,0.6509803921568628,0.8823529411764706,93.00091207171042,336115
0.7294117647058823,0.7215686274509804,0.8666666666666667,167.00163780618968,605831
0.611764705882353,0.8274509803921568,0.25882352941176473,132.00129455339544,127251
0.1607843137254902,0.10196078431372549,0.7098039215686275,38.00037267446232,280822
0.28627450980392155,0.19607843137254902,0.8117647058823529,107.0010493728281,376973
0.3137254901960784,0.24705882352941178,0.8196078431372549,147.0014416617358,272359
0.30196078431372547,0.1450980392156863,0.8313725490196079,79.00077477059271,354150
0.27450980392156865,0.20392156862745098,0.8392156862745098,20.000196144453852,279009
0.37254901960784315,0.24313725490196078,0.8745098039215686,109.0010689872735,339908
0.5725490196078431,0.4196078431372549,0.6941176470588235,14.000137301117697,410423
0.5803921568627451,0.5019607843137255,0.6392156862745098,7.000068650558848,402054
0.6039215686274509,0.4666666666666667,0.7294117647058823,104.00101995116003,412321
0.9411764705882353,0.6352941176470588,0.27058823529411763,5.000049036113463,611463
0.8862745098039215,0.7490196078431373,0.26666666666666666,36.000353060016934,379252
0.9411764705882353,0.6862745098039216,0.33725490196078434,16.000156915563082,602895
0.3254901960784314,0.11764705882352941,0.6980392156862745,18.000176530008467,408177
0.9372549019607843,0.9058823529411765,0.5137254901960784,29.000284409458086,313841
0.9411764705882353,0.9137254901960784,0.5294117647058824,79.00077477059271,379325
0.8784313725490196,0.984313725490196,0.5725490196078431,9.000088265004234,92065
0.9058823529411765,0.9372549019607843,0.5764705882352941,33.00032363834886,324272
0.9686274509803922,0.9254901960784314,0.596078431372549,30.00029421668078,408833
0.13725490196078433,0.06274509803921569,0.5294117647058824,156.00152992674003,460476
0.18823529411764706,0.09803921568627451,0.5490196078431373,98.00096110782388,40429
0.2196078431372549,0.4627450980392157,0.7764705882352941,395.0038738529636,345156
0.24705882352941178,0.4588235294117647,0.7686274509803922,1372.0134555095342,543168
0.22745098039215686,0.4588235294117647,0.788235294117647,1809.0177412658509,375611
0.23529411764705882,0.4588235294117647,0.792156862745098,2278.022340853294,434008
0.6666666666666666,0.8156862745098039,0.7725490196078432,19.00018633723116,196591
0.7019607843137254,0.7803921568627451,0.8235294117647058,35.00034325279424,452727
0.6705882352941176,0.8313725490196079,0.7803921568627451,12.000117686672311,157571
0.7254901960784313,0.8666666666666667,0.8156862745098039,50.00049036113463,188965
0.6509803921568628,0.8196078431372549,0.8313725490196079,10.000098072226926,79657
0.7333333333333333,0.8705882352941177,0.8705882352941177,40.000392288907705,156619
0.807843137254902,0.23921568627450981,0.6431372549019608,18.000176530008467,39006
0.9215686274509803,0.2196078431372549,0.6509803921568628,24.000235373344623,34261
0.5607843137254902,0.11764705882352941,0.3254901960784314,41.0004020961304,304322
0.5176470588235295,0.11764705882352941,0.5058823529411764,31.00030402390347,147792
0.34509803921568627,0.5333333333333333,0.8274509803921568,525.0051487919136,479504
0.3254901960784314,0.5294117647058824,0.8588235294117647,477.00467804522435,232633
0.34901960784313724,0.5294117647058824,0.8627450980392157,135.0013239750635,445486
0.33725490196078434,0.5607843137254902,0.8588235294117647,561.0055018519306,191674
0.7450980392156863,0.9490196078431372,0.6352941176470588,24.000235373344623,118606
0.7254901960784313,0.9098039215686274,0.7450980392156863,16.000156915563082,105303
0.4117647058823529,0.20392156862745098,0.7725490196078432,130.00127493895005,408178
0.44313725490196076,0.23921568627450981,0.8117647058823529,1.0000098072226926,239648
0.7529411764705882,0.9372549019607843,0.5450980392156862,2.0000196144453852,120509
0.8666666666666667,0.8823529411764706,0.5450980392156862,14.000137301117697,446137
0.807843137254902,0.9019607843137255,0.596078431372549,1.0000098072226926,180186
0.8509803921568627,0.8862745098039215,0.6274509803921569,11.000107879449619,447028
0.7803921568627451,0.9647058823529412,0.611764705882353,29.000284409458086,117657
0.6235294117647059,0.3843137254901961,0.7647058823529411,128.00125532450465,150631
0.5058823529411764,0.4196078431372549,0.8274509803921568,119.00116705950042,307675
0.5686274509803921,0.4196078431372549,0.8352941176470589,23.00022556612193,227301
0.5372549019607843,0.4666666666666667,0.8392156862745098,171.00167703508043,300076
0.8941176470588236,0.9490196078431372,0.9764705882352941,424.0041582624217,104699
0.9058823529411765,0.9764705882352941,0.9568627450980393,4.0000392288907705,93339
0.9294117647058824,0.9803921568627451,0.9764705882352941,160.00156915563082,62962
0.9058823529411765,0.9764705882352941,0.9882352941176471,18.000176530008467,104687
0.19607843137254902,0.3843137254901961,0.792156862745098,3.000029421668078,367050
0.2235294117647059,0.4,0.7764705882352941,15.00014710834039,385072
0.20784313725490197,0.3803921568627451,0.796078431372549,9.000088265004234,368000
0.24313725490196078,0.3843137254901961,0.8196078431372549,10.000098072226926,281632
0.21176470588235294,0.43529411764705883,0.807843137254902,63.00061785502963,354315
0.23529411764705882,0.43137254901960786,0.8117647058823529,179.00175549286197,428767
0.5529411764705883,0.5098039215686274,0.8156862745098039,86.00084342115156,427551
0.596078431372549,0.5058823529411764,0.8235294117647058,175.00171626397122,287076
0.6235294117647059,0.5764705882352941,0.803921568627451,65.00063746947502,314954
0.5372549019607843,0.5529411764705883,0.8549019607843137,118.00115725227772,302290
0.5803921568627451,0.5764705882352941,0.8509803921568627,89.00087284281965,238851
0.5058823529411764,0.3058823529411765,0.9294117647058824,177.00173587841658,287527
0.5725490196078431,0.3764705882352941,0.9098039215686274,53.00051978280271,382510
0.5137254901960784,0.3058823529411765,0.9568627450980393,16.000156915563082,275163
0.5254901960784314,0.34901960784313724,0.9529411764705882,153.00150050507196,337033
0.592156862745098,0.37254901960784315,0.9647058823529412,31.00030402390347,299871
0.8823529411764706,0.9058823529411765,0.9686274509803922,158.00154954118543,391052
0.9176470588235294,0.8862745098039215,0.9529411764705882,106.00103956560542,610566
0.8980392156862745,0.8862745098039215,0.9921568627450981,96.00094149337849,322645
0.9098039215686274,0.8862745098039215,0.9921568627450981,84.00082380670618,498908
0.9098039215686274,0.9176470588235294,0.9882352941176471,236.00231450455544,439283
0.8352941176470589,0.9137254901960784,0.9647058823529412,97.00095130060119,196553
0.8431372549019608,0.9137254901960784,0.9921568627450981,159.00155934840814,99958
0.43529411764705883,0.396078431372549,0.6392156862745098,127.00124551728196,29840
0.3764705882352941,0.49411764705882355,0.6392156862745098,160.00156915563082,328890
0.44313725490196076,0.4980392156862745,0.6509803921568628,149.0014612761812,598997
0.3843137254901961,0.38823529411764707,0.7254901960784313,128.00125532450465,537840
0.4627450980392157,0.4627450980392157,0.7254901960784313,88.00086303559695,226753
0.9372549019607843,0.7568627450980392,0.44313725490196076,13.000127493895004,404099
0.9215686274509803,0.8431372549019608,0.396078431372549,15.00014710834039,369735
0.9490196078431372,0.8745098039215686,0.40784313725490196,10.000098072226926,368785
0.9058823529411765,0.7686274509803922,0.47058823529411764,99.00097091504657,400304
0.9137254901960784,0.8784313725490196,0.4588235294117647,8.000078457781541,314791
0.9607843137254902,0.8196078431372549,0.5098039215686274,29.000284409458086,543997
0.17254901960784313,0.4470588235294118,0.7843137254901961,804.0078850070448,306342
0.2627450980392157,0.5411764705882353,0.8470588235294118,129.00126513172734,47812
0.2627450980392157,0.5098039215686274,0.8627450980392157,21.000205951676545,131383
0.29411764705882354,0.5215686274509804,0.8588235294117647,134.0013141678408,210102
0.25882352941176473,0.5411764705882353,0.8705882352941177,37.00036286723963,139453
0.29411764705882354,0.5529411764705883,0.8588235294117647,192.00188298675698,319568
0.8901960784313725,0.7843137254901961,0.9333333333333333,79.00077477059271,321587
0.9568627450980393,0.7568627450980392,0.9490196078431372,4.0000392288907705,237883
0.9647058823529412,0.8627450980392157,0.9490196078431372,9.000088265004234,2932
0.9686274509803922,0.803921568627451,0.9882352941176471,39.00038248168501,43742
0.9725490196078431,0.8313725490196079,0.984313725490196,146.00143185451313,33254
0.9098039215686274,0.8862745098039215,0.39215686274509803,64.00062766225233,395441
0.9921568627450981,0.9254901960784314,0.38823529411764707,163.0015985772989,380273
0.9294117647058824,0.9568627450980393,0.43529411764705883,3.000029421668078,178292
0.9215686274509803,0.9058823529411765,0.49019607843137253,59.00057862613886,391656
0.984313725490196,0.9215686274509803,0.4549019607843137,117.00114744505504,411724
0.9372549019607843,0.9686274509803922,0.4745098039215686,3.000029421668078,179245
0.8784313725490196,0.8117647058823529,0.27450980392156865,173.00169664952583,335693
0.9450980392156862,0.8,0.2823529411764706,2.0000196144453852,372594
0.9490196078431372,0.8549019607843137,0.3215686274509804,129.00126513172734,370686
0.8784313725490196,0.7843137254901961,0.35294117647058826,4.0000392288907705,338535
0.9294117647058824,0.8784313725490196,0.3568627450980392,85.00083361392888,409829
0.9607843137254902,0.8549019607843137,0.35294117647058826,12.000117686672311,372587
0.396078431372549,0.6039215686274509,0.8313725490196079,38.00037267446232,196372
0.4235294117647059,0.6,0.8431372549019608,180.00176530008468,118877
0.4,0.6,0.8823529411764706,95.0009316861558,137936
0.7254901960784313,0.41568627450980394,0.1568627450980392,146.00143185451313,412580
0.6431372549019608,0.4117647058823529,0.2235294117647059,44.000431517798475,481977
0.7450980392156863,0.4235294117647059,0.23529411764705882,13.000127493895004,600093
0.6392156862745098,0.47843137254901963,0.24313725490196078,86.00084342115156,481963
0.7294117647058823,0.47843137254901963,0.20392156862745098,47.00046093946655,257113
0.25098039215686274,0.45098039215686275,0.7803921568627451,2231.0218799138274,420971
0.26666666666666666,0.4470588235294118,0.7803921568627451,1007.0098758732514,449374
0.25882352941176473,0.4627450980392157,0.7843137254901961,2329.022841021651,468657
0.26666666666666666,0.4666666666666667,0.7803921568627451,914.0089638015411,551681
0.3254901960784314,0.5372549019607843,0.7686274509803922,72.00070612003387,81553
0.37254901960784315,0.5647058823529412,0.7764705882352941,143.00140243284505,529671
0.32941176470588235,0.5411764705882353,0.8196078431372549,486.0047663102286,175911
0.788235294117647,0.8352941176470589,0.9803921568627451,351.0034423351651,164488
0.7803921568627451,0.8784313725490196,0.9607843137254902,530.0051978280271,250680
0.803921568627451,0.8431372549019608,0.9882352941176471,223.00218701066046,40103
0.7529411764705882,0.8588235294117647,0.9882352941176471,484.00474669578324,98092
0.9725490196078431,0.9882352941176471,0.9882352941176471,857.0084047898475,284885
0.996078431372549,0.9882352941176471,0.9921568627450981,223.00218701066046,266826
0.984313725490196,1.0,0.984313725490196,1621.0158975079846,136815
0.984313725490196,0.9882352941176471,1.0,482.0047270813378,277191
1.0,0.9882352941176471,1.0,467.0045799729975,34275
0.5490196078431373,0.6392156862745098,0.9058823529411765,234.00229489011008,232620
0.5019607843137255,0.6549019607843137,0.9333333333333333,530.0051978280271,235635
0.5333333333333333,0.6509803921568628,0.9333333333333333,78.00076496337002,198611
0.8941176470588236,0.7725490196078432,0.25882352941176473,17.000166722785774,377355
0.6549019607843137,0.4392156862745098,0.792156862745098,60.00058843336156,159178
0.7372549019607844,0.4117647058823529,0.7764705882352941,10.000098072226926,144940
0.6980392156862745,0.5019607843137255,0.8235294117647058,11.000107879449619,144929
0.6862745098039216,0.403921568627451,0.8392156862745098,1.0000098072226926,163940
0.7215686274509804,0.4392156862745098,0.8745098039215686,6.000058843336156,163944
0.6862745098039216,0.4470588235294118,0.8352941176470589,35.00034325279424,164889
0.7411764705882353,0.47058823529411764,0.8509803921568627,23.00022556612193,492114
0.8352941176470589,0.8823529411764706,0.9137254901960784,135.0013239750635,503032
0.8705882352941177,0.9019607843137255,0.9176470588235294,327.00320696182047,415722
0.8235294117647058,0.9215686274509803,0.9176470588235294,7.000068650558848,200429
0.8705882352941177,0.9294117647058824,0.9137254901960784,15.00014710834039,426941
0.8392156862745098,0.8862745098039215,0.9372549019607843,602.0059039480609,315004
0.8352941176470589,0.9137254901960784,0.9490196078431372,21.000205951676545,419424
0.8549019607843137,0.9333333333333333,0.9450980392156862,151.0014808906266,188009
0.7764705882352941,0.8509803921568627,0.9137254901960784,43.00042171057578,405163
0.807843137254902,0.8549019607843137,0.9176470588235294,612.0060020202878,236411
0.807843137254902,0.8352941176470589,0.9411764705882353,410.004020961304,512406
0.7764705882352941,0.8627450980392157,0.9411764705882353,184.00180452897544,287647
0.42745098039215684,0.27058823529411763,0.9215686274509803,92.00090226448772,259999
0.41568627450980394,0.3176470588235294,0.9137254901960784,7.000068650558848,258104
0.47843137254901963,0.3411764705882353,0.9215686274509803,172.00168684230312,322808
0.48627450980392156,0.30980392156862746,0.9529411764705882,27.0002647950127,260945
0.4666666666666667,0.33725490196078434,0.9607843137254902,5.000049036113463,256202
0.25882352941176473,0.13333333333333333,0.6627450980392157,176.0017260711939,264538
0.3411764705882353,0.17254901960784313,0.6941176470588235,56.000549204470786,381290
0.3333333333333333,0.21176470588235294,0.6588235294117647,153.00150050507196,21506
0.3411764705882353,0.13333333333333333,0.7333333333333333,152.00149069784928,439545
0.27450980392156865,0.19215686274509805,0.7294117647058823,150.00147108340389,311283
0.5568627450980392,0.7686274509803922,0.34901960784313724,20.000196144453852,137616
0.6039215686274509,0.8274509803921568,0.32941176470588235,42.00041190335309,133822
0.39215686274509803,0.27450980392156865,0.8,84.00082380670618,405330
0.4627450980392157,0.3058823529411765,0.7843137254901961,22.000215758899238,368926
0.40784313725490196,0.27450980392156865,0.8392156862745098,74.00072573447926,401530
0.3803921568627451,0.3176470588235294,0.8313725490196079,32.000313831126164,322687
0.49019607843137253,0.36470588235294116,0.8784313725490196,98.00096110782388,385377
0.44313725490196076,0.596078431372549,0.8352941176470589,582.0057078036072,168004
0.4823529411764706,0.596078431372549,0.8509803921568627,91.00089245726502,538319
0.4392156862745098,0.5882352941176471,0.8588235294117647,455.0044622863251,294505
0.47058823529411764,0.592156862745098,0.8588235294117647,51.00050016835732,222161
0.41568627450980394,0.6392156862745098,0.8235294117647058,4.0000392288907705,144260
0.47843137254901963,0.6313725490196078,0.8117647058823529,52.000509975580016,518403
0.4745098039215686,0.7019607843137254,0.7843137254901961,1.0000098072226926,144261
0.43529411764705883,0.6509803921568628,0.8745098039215686,32.000313831126164,46847
0.8980392156862745,0.6901960784313725,0.4,66.00064727669772,565878
0.9411764705882353,0.6862745098039216,0.39215686274509803,2.0000196144453852,408846
0.9372549019607843,0.6627450980392157,0.4666666666666667,15.00014710834039,563028
0.9529411764705882,0.6745098039215687,0.45098039215686275,2.0000196144453852,563027
0.9098039215686274,0.7098039215686275,0.4627450980392157,83.00081399948348,560174
0.9411764705882353,0.7450980392156863,0.4588235294117647,85.00083361392888,249467
0.1843137254901961,0.4549019607843137,0.7254901960784313,74.00072573447926,70701
0.7764705882352941,0.26666666666666666,0.2549019607843137,2.0000196144453852,304518
0.803921568627451,0.7725490196078432,0.28627450980392155,119.00116705950042,470790
0.8117647058823529,0.8235294117647058,0.27450980392156865,4.0000392288907705,419290
0.7686274509803922,0.7647058823529411,0.35294117647058826,22.000215758899238,433575
0.8235294117647058,0.796078431372549,0.36470588235294116,34.00033344557155,336646
0.8117647058823529,0.8196078431372549,0.37254901960784315,4.0000392288907705,428833
0.8549019607843137,0.8274509803921568,0.32941176470588235,47.00046093946655,321452
0.5647058823529412,0.10588235294117647,0.12156862745098039,34.00033344557155,298830
0.6313725490196078,0.12549019607843137,0.10196078431372549,11.000107879449619,302627
0.5333333333333333,0.14901960784313725,0.09803921568627451,5.000049036113463,314018
0.5137254901960784,0.12549019607843137,0.23529411764705882,28.000274602235393,297881
0.6313725490196078,0.12549019607843137,0.18823529411764706,1.0000098072226926,371912
0.5490196078431373,0.13725490196078433,0.19607843137254902,16.000156915563082,314972
0.7529411764705882,0.9254901960784314,0.43529411764705883,114.00111802338697,108274
0.8745098039215686,0.9137254901960784,0.4117647058823529,5.000049036113463,178288
0.7647058823529411,0.9490196078431372,0.44313725490196076,37.00036286723963,107293
0.7725490196078432,0.9411764705882353,0.48627450980392156,51.00050016835732,105445
0.8666666666666667,0.9098039215686274,0.4823529411764706,3.000029421668078,373630
0.8196078431372549,0.9882352941176471,0.5058823529411764,41.0004020961304,101575
0.26666666666666666,0.5254901960784314,0.7843137254901961,172.00168684230312,62072
0.30196078431372547,0.5176470588235295,0.788235294117647,326.0031971545978,331031
0.2784313725490196,0.5490196078431373,0.788235294117647,4.0000392288907705,63974
0.30980392156862746,0.5372549019607843,0.788235294117647,28.000274602235393,243576
0.2784313725490196,0.5490196078431373,0.8196078431372549,52.000509975580016,134264
0.2823529411764706,0.5450980392156862,0.8235294117647058,172.00168684230312,168385
0.3058823529411765,0.27450980392156865,0.6862745098039216,119.00116705950042,502181
0.30980392156862746,0.3686274509803922,0.6392156862745098,38.00037267446232,295770
0.3607843137254902,0.35294117647058826,0.6980392156862745,89.00087284281965,213504
0.30980392156862746,0.2549019607843137,0.7019607843137254,86.00084342115156,498373
0.27450980392156865,0.3411764705882353,0.7450980392156863,47.00046093946655,470338
0.3568627450980392,0.33725490196078434,0.7176470588235294,89.00087284281965,511128
0.7647058823529411,0.5647058823529412,0.615686274509804,24.000235373344623,298616
0.9019607843137255,0.5058823529411764,0.5411764705882353,8.000078457781541,293119
0.8823529411764706,0.7450980392156863,0.611764705882353,39.00038248168501,232376
0.8862745098039215,0.6196078431372549,0.7450980392156863,24.000235373344623,299562
0.9490196078431372,0.6313725490196078,0.7607843137254902,1.0000098072226926,300513
0.5764705882352941,0.7019607843137254,0.9176470588235294,697.0068356342167,64726
0.6078431372549019,0.7176470588235294,0.8980392156862745,636.0062373936325,544807
0.5843137254901961,0.7254901960784313,0.8901960784313725,34.00033344557155,346368
0.6078431372549019,0.7294117647058823,0.9098039215686274,312.00305985348007,193466
0.5803921568627451,0.7411764705882353,0.9450980392156862,127.00124551728196,246762
0.12549019607843137,0.054901960784313725,0.4392156862745098,92.00090226448772,81071
0.17647058823529413,0.12549019607843137,0.41568627450980394,30.00029421668078,332176
0.24705882352941178,0.10588235294117647,0.4392156862745098,12.000117686672311,115268
0.18823529411764706,0.054901960784313725,0.45098039215686275,5.000049036113463,458558
0.23137254901960785,0.09411764705882353,0.4745098039215686,29.000284409458086,277022
0.17647058823529413,0.4117647058823529,0.7411764705882353,35.00034325279424,104091
0.17254901960784313,0.4392156862745098,0.7411764705882353,739.0072475375698,26069
0.16470588235294117,0.4117647058823529,0.7490196078431373,64.00062766225233,16583
0.1843137254901961,0.41568627450980394,0.7529411764705882,22.000215758899238,102013
0.0,0.058823529411764705,0.5529411764705883,103.00101014393734,320767
0.027450980392156862,0.11372549019607843,0.5529411764705883,83.00081399948348,496956
0.0,0.0784313725490196,0.5882352941176471,52.000509975580016,279560
0.09411764705882353,0.09803921568627451,0.6,40.000392288907705,314125
0.8901960784313725,0.9098039215686274,0.9098039215686274,52.000509975580016,339634
0.9176470588235294,0.8941176470588236,0.9176470588235294,14.000137301117697,608658
0.8941176470588236,0.9254901960784314,0.9176470588235294,29.000284409458086,335835
0.9294117647058824,0.9254901960784314,0.9137254901960784,34.00033344557155,428849
0.9137254901960784,0.8862745098039215,0.9372549019607843,83.00081399948348,606763
0.9254901960784314,0.9333333333333333,0.9333333333333333,587.0057568397206,323560
0.8196078431372549,0.8470588235294118,0.9098039215686274,65.00063746947502,548558
0.8705882352941177,0.8352941176470589,0.9176470588235294,20.000196144453852,334065
0.8666666666666667,0.8666666666666667,0.9137254901960784,265.00259891401356,211583
0.8156862745098039,0.8431372549019608,0.9372549019607843,28.000274602235393,510506
0.8666666666666667,0.8313725490196079,0.9490196078431372,23.00022556612193,281913
0.8470588235294118,0.8784313725490196,0.9215686274509803,661.0064825741998,506002
0.11764705882352941,0.00784313725490196,0.0784313725490196,24.000235373344623,552114
0.24705882352941178,0.0392156862745098,0.01568627450980392,29.000284409458086,550216
0.10980392156862745,0.19215686274509805,0.09803921568627451,12.000117686672311,501861
0.13333333333333333,0.22745098039215686,0.043137254901960784,7.000068650558848,238986
0.2,0.06666666666666667,0.2,43.00042171057578,551170
0.10588235294117647,0.1450980392156863,0.25098039215686274,4.0000392288907705,466162
0.14901960784313725,0.13725490196078433,0.21176470588235294,1.0000098072226926,470913
0.43529411764705883,0.43529411764705883,0.4235294117647059,19.00018633723116,269406
0.4588235294117647,0.4,0.4470588235294118,141.00138281839966,407702
0.3764705882352941,0.44313725490196076,0.43529411764705883,5.000049036113463,505617
0.4745098039215686,0.4745098039215686,0.4470588235294118,8.000078457781541,360581
0.403921568627451,0.38823529411764707,0.49019607843137253,42.00041190335309,604367
0.4,0.49019607843137253,0.45098039215686275,21.000205951676545,464754
0.47843137254901963,0.47058823529411764,0.47058823529411764,58.00056881891617,412590
0.30196078431372547,0.39215686274509803,0.10588235294117647,3.000029421668078,497108
0.3176470588235294,0.4470588235294118,0.13333333333333333,51.00050016835732,504706
0.7019607843137254,0.7843137254901961,0.9019607843137255,683.006698333099,4704
0.7294117647058823,0.7843137254901961,0.9019607843137255,112.00109840894157,592234
0.7058823529411765,0.8117647058823529,0.8901960784313725,291.0028539018036,393832
0.7176470588235294,0.7803921568627451,0.9215686274509803,546.0053547435901,529749
0.7372549019607844,0.7607843137254902,0.9411764705882353,80.00078457781541,516423
0.6941176470588235,0.792156862745098,0.9490196078431372,528.0051782135818,352078
0.7333333333333333,0.8,0.9333333333333333,595.0058352975021,67743
0.37254901960784315,0.5411764705882353,0.36470588235294116,4.0000392288907705,236132
0.4980392156862745,0.6392156862745098,0.33725490196078434,12.000117686672311,452422
0.3686274509803922,0.5137254901960784,0.49411764705882355,23.00022556612193,459058
0.4745098039215686,0.6392156862745098,0.4823529411764706,15.00014710834039,230464
0.25098039215686274,0.47058823529411764,0.8274509803921568,140.00137301117695,381789
0.30196078431372547,0.47058823529411764,0.8549019607843137,31.00030402390347,258834
0.27058823529411763,0.4627450980392157,0.8588235294117647,7.000068650558848,216816
0.28627450980392155,0.47058823529411764,0.8745098039215686,5.000049036113463,418345
0.2627450980392157,0.4823529411764706,0.8705882352941177,11.000107879449619,363803
0.30196078431372547,0.49019607843137253,0.8666666666666667,11.000107879449619,371027
0.7568627450980392,0.7725490196078432,0.8235294117647058,41.0004020961304,539168
0.8235294117647058,0.788235294117647,0.7803921568627451,25.000245180567315,397303
0.7607843137254902,0.8784313725490196,0.8235294117647058,22.000215758899238,199480
0.8588235294117647,0.8352941176470589,0.8156862745098039,23.00022556612193,532594
0.8549019607843137,0.7647058823529411,0.8862745098039215,53.00051978280271,508405
0.8156862745098039,0.8470588235294118,0.8745098039215686,76.00074534892464,461159
0.7254901960784313,0.4235294117647059,0.8901960784313725,1.0000098072226926,164892
0.7254901960784313,0.4588235294117647,0.8980392156862745,3.000029421668078,165842
0.6274509803921569,0.4235294117647059,0.9686274509803922,11.000107879449619,292267
0.6901960784313725,0.49019607843137253,0.9568627450980393,1.0000098072226926,214959
0.4235294117647059,0.39215686274509803,0.7764705882352941,110.00107879449618,336188
0.47058823529411764,0.4470588235294118,0.788235294117647,125.00122590283658,291359
0.41568627450980394,0.42745098039215684,0.8862745098039215,32.000313831126164,251968
0.47058823529411764,0.38823529411764707,0.8431372549019608,59.00057862613886,305779
0.4235294117647059,0.49019607843137253,0.8549019607843137,73.00071592725656,449127
0.44313725490196076,0.4745098039215686,0.8705882352941177,97.00095130060119,457662
0.1607843137254902,0.12941176470588237,0.5529411764705883,118.00115725227772,230598
0.18823529411764706,0.13725490196078433,0.5294117647058824,112.00109840894157,331220
0.1843137254901961,0.25098039215686274,0.5607843137254902,17.000166722785774,233455
0.23137254901960785,0.20392156862745098,0.5725490196078431,15.00014710834039,372060
0.1843137254901961,0.20784313725490197,0.6352941176470588,57.00055901169348,472232
0.24705882352941178,0.2196078431372549,0.6313725490196078,83.00081399948348,225849
0.6862745098039216,0.8980392156862745,0.4196078431372549,45.00044132502117,126219
0.7450980392156863,0.9450980392156862,0.4470588235294118,3.000029421668078,118639
0.6705882352941176,0.8823529411764706,0.45098039215686275,7.000068650558848,126210
0.7333333333333333,0.9098039215686274,0.45098039215686275,118.00115725227772,111143
0.7450980392156863,0.9450980392156862,0.4588235294117647,18.000176530008467,120530
0.6745098039215687,0.7686274509803922,0.2901960784313726,12.000117686672311,218103
0.7137254901960784,0.796078431372549,0.3137254901960784,37.00036286723963,217145
0.6313725490196078,0.8156862745098039,0.3411764705882353,21.000205951676545,186134
0.7137254901960784,0.7725490196078432,0.3254901960784314,24.000235373344623,217147
0.6901960784313725,0.8784313725490196,0.3843137254901961,12.000117686672311,116843
0.6941176470588235,0.7764705882352941,0.9686274509803922,470.0046093946655,288798
0.7294117647058823,0.7843137254901961,0.9686274509803922,50.00049036113463,70575
0.6980392156862745,0.7764705882352941,0.984313725490196,109.0010689872735,222234
0.7450980392156863,0.7725490196078432,0.984313725490196,25.000245180567315,116449
0.6980392156862745,0.803921568627451,0.984313725490196,588.0057666469432,100942
0.7333333333333333,0.8117647058823529,0.984313725490196,380.0037267446232,221308
0.5215686274509804,0.6352941176470588,0.8352941176470589,538.0052762858086,503227
0.5372549019607843,0.6549019607843137,0.8470588235294118,456.00447209354786,567585
0.5294117647058824,0.6705882352941176,0.8509803921568627,59.00057862613886,531696
0.5568627450980392,0.6745098039215687,0.8313725490196079,335.00328541960204,547689
0.5490196078431373,0.6509803921568628,0.8784313725490196,275.0026969862405,152803
0.5215686274509804,0.6627450980392157,0.8823529411764706,214.0020987456562,142736
0.5333333333333333,0.6627450980392157,0.8862745098039215,645.0063256586367,59960
0.8156862745098039,0.3215686274509804,0.5137254901960784,32.000313831126164,299573
0.8784313725490196,0.36470588235294116,0.5372549019607843,7.000068650558848,367157
0.792156862745098,0.47843137254901963,0.5137254901960784,33.00032363834886,296913
0.9333333333333333,0.45098039215686275,0.6078431372549019,40.000392288907705,367153
0.9137254901960784,0.2823529411764706,0.6509803921568628,9.000088265004234,39923
0.792156862745098,0.4666666666666667,0.7411764705882353,35.00034325279424,152551
0.8784313725490196,0.4745098039215686,0.7411764705882353,11.000107879449619,38968
0.30196078431372547,0.06666666666666667,0.058823529411764705,1.0000098072226926,535959
0.37254901960784315,0.06666666666666667,0.047058823529411764,14.000137301117697,519839
0.25098039215686274,0.0392156862745098,0.10980392156862745,32.000313831126164,550220
0.3254901960784314,0.058823529411764705,0.12941176470588237,20.000196144453852,516041
0.27450980392156865,0.11764705882352941,0.08627450980392157,1.0000098072226926,520896
0.33725490196078434,0.07058823529411765,0.08235294117647059,18.000176530008467,515086
0.20784313725490197,0.47843137254901963,0.807843137254902,595.0058352975021,7882
0.19607843137254902,0.49019607843137253,0.807843137254902,276.0027067934632,288367
0.21568627450980393,0.49019607843137253,0.803921568627451,499.00489380412364,171768
0.2,0.48627450980392156,0.8156862745098039,2734.026812946842,200731
0.20392156862745098,0.48627450980392156,0.8117647058823529,694.0068062125487,193116
0.19607843137254902,0.49019607843137253,0.8117647058823529,232.0022752756647,215012
0.20784313725490197,0.49019607843137253,0.8156862745098039,1079.0105819932853,199766
0.3137254901960784,0.4588235294117647,0.792156862745098,128.00125532450465,99275
0.3568627450980392,0.4549019607843137,0.7686274509803922,33.00032363834886,425658
0.3607843137254902,0.49019607843137253,0.792156862745098,194.00190260120237,79159
0.3254901960784314,0.4588235294117647,0.803921568627451,74.00072573447926,362772
0.36470588235294116,0.4627450980392157,0.807843137254902,26.000254987790008,372716
0.3137254901960784,0.4980392156862745,0.8235294117647058,411.00403076852666,406592
0.34509803921568627,0.48627450980392156,0.8156862745098039,85.00083361392888,147808
0.43137254901960786,0.30980392156862746,0.09019607843137255,55.00053939724809,517108
0.43529411764705883,0.32941176470588235,0.10196078431372549,4.0000392288907705,519962
0.5490196078431373,0.4235294117647059,0.5450980392156862,27.0002647950127,238114
0.5647058823529412,0.4235294117647059,0.5215686274509804,7.000068650558848,229552
0.5764705882352941,0.48627450980392156,0.5411764705882353,56.000549204470786,381104
0.5019607843137255,0.39215686274509803,0.6352941176470588,49.00048055391194,220047
0.5725490196078431,0.4196078431372549,0.6313725490196078,8.000078457781541,363354
0.5294117647058824,0.49019607843137253,0.5803921568627451,50.00049036113463,397296
0.5803921568627451,0.4666666666666667,0.6313725490196078,14.000137301117697,373789
0.7568627450980392,0.5058823529411764,0.19215686274509805,98.00096110782388,410689
0.8352941176470589,0.5176470588235295,0.19215686274509805,41.0004020961304,605784
0.7607843137254902,0.5098039215686274,0.25098039215686274,174.0017064567485,265659
0.8274509803921568,0.5411764705882353,0.20392156862745098,79.00077477059271,601037
0.8117647058823529,0.6078431372549019,0.2549019607843137,78.00076496337002,236200
0.984313725490196,0.8901960784313725,0.3058823529411765,56.000549204470786,392565
0.9725490196078431,0.9411764705882353,0.3176470588235294,269.0026381429043,349821
0.3764705882352941,0.5058823529411764,0.792156862745098,296.00290293791704,568776
0.41568627450980394,0.5215686274509804,0.7764705882352941,51.00050016835732,397130
0.4,0.5372549019607843,0.7647058823529411,479.0046976596698,611244
0.43137254901960786,0.5647058823529412,0.7843137254901961,322.003157925707,903
0.403921568627451,0.5333333333333333,0.8196078431372549,192.00188298675698,425140
0.4117647058823529,0.5254901960784314,0.807843137254902,28.000274602235393,331114
0.4196078431372549,0.5607843137254902,0.8117647058823529,451.0044230574344,589463
0.8784313725490196,0.8117647058823529,0.6980392156862745,19.00018633723116,233324
0.9411764705882353,0.803921568627451,0.6745098039215687,3.000029421668078,558155
0.9372549019607843,0.8549019607843137,0.6549019607843137,56.000549204470786,397449
0.8980392156862745,0.7843137254901961,0.7294117647058823,3.000029421668078,398397
0.9411764705882353,0.8117647058823529,0.7568627450980392,1.0000098072226926,543916
0.9372549019607843,0.8588235294117647,0.7098039215686275,66.00064727669772,535378
0.9450980392156862,0.8470588235294118,0.7176470588235294,23.00022556612193,530684
0.5137254901960784,0.5647058823529412,0.17647058823529413,48.000470746689246,461926
0.5725490196078431,0.5490196078431373,0.16862745098039217,5.000049036113463,187816
0.6235294117647059,0.6,0.18823529411764706,20.000196144453852,188765
0.5058823529411764,0.5254901960784314,0.20392156862745098,1.0000098072226926,188769
0.611764705882353,0.5450980392156862,0.21568627450980393,4.0000392288907705,490760
0.5333333333333333,0.615686274509804,0.2,93.00091207171042,467655
0.5882352941176471,0.6274509803921569,0.25098039215686274,25.000245180567315,452433
0.30980392156862746,0.054901960784313725,0.16862745098039217,43.00042171057578,108583
0.2823529411764706,0.07450980392156863,0.1450980392156863,11.000107879449619,547361
0.33725490196078434,0.0784313725490196,0.14901960784313725,21.000205951676545,533107
0.30196078431372547,0.047058823529411764,0.2235294117647059,29.000284409458086,111431
0.27058823529411763,0.0784313725490196,0.21568627450980393,14.000137301117697,514141
0.3411764705882353,0.0784313725490196,0.23137254901960785,37.00036286723963,98137
0.4117647058823529,0.4392156862745098,0.5333333333333333,54.0005295900254,604361
0.4588235294117647,0.4235294117647059,0.5333333333333333,60.00058843336156,416245
0.41568627450980394,0.47843137254901963,0.5294117647058824,29.000284409458086,396364
0.44313725490196076,0.49019607843137253,0.5529411764705883,129.00126513172734,332088
0.4196078431372549,0.43137254901960786,0.5882352941176471,62.00060804780694,517129
0.4117647058823529,0.48627450980392156,0.611764705882353,74.00072573447926,484841
0.49019607843137253,0.4980392156862745,0.5764705882352941,51.00050016835732,390642
0.20784313725490197,0.4627450980392157,0.7254901960784313,127.00124551728196,184879
0.24313725490196078,0.44313725490196076,0.7294117647058823,122.0011964811685,449572
0.19607843137254902,0.4823529411764706,0.7254901960784313,46.00045113224386,177097
0.23529411764705882,0.47843137254901963,0.7098039215686275,53.00051978280271,392614
0.2,0.49019607843137253,0.7568627450980392,304.00298139569855,173601
0.2235294117647059,0.4745098039215686,0.7529411764705882,173.00169664952583,339497
0.42745098039215684,0.5098039215686274,0.17254901960784313,66.00064727669772,238991
0.4196078431372549,0.5803921568627451,0.19607843137254902,1.0000098072226926,236134
0.4980392156862745,0.5725490196078431,0.17254901960784313,72.00070612003387,233289
0.43529411764705883,0.5490196078431373,0.23529411764705882,5.000049036113463,242790
0.4392156862745098,0.5490196078431373,0.21568627450980393,4.0000392288907705,462858
0.4745098039215686,0.5764705882352941,0.23529411764705882,17.000166722785774,482865
0.4666666666666667,0.6313725490196078,0.8901960784313725,308.00302062458934,172751
0.44313725490196076,0.6901960784313725,0.9137254901960784,2.0000196144453852,181044
0.49411764705882355,0.6627450980392157,0.9019607843137255,80.00078457781541,202097
0.4549019607843137,0.6392156862745098,0.9333333333333333,173.00169664952583,137930
0.4823529411764706,0.6588235294117647,0.9333333333333333,577.0056587674936,154109
0.4666666666666667,0.6745098039215687,0.9254901960784314,5.000049036113463,409662
0.49019607843137253,0.6627450980392157,0.9254901960784314,108.0010591800508,106641
0.28627450980392155,0.4470588235294118,0.7372549019607844,320.00313831126164,606104
0.30196078431372547,0.4549019607843137,0.7372549019607844,61.00059824058425,549772
0.29411764705882354,0.4588235294117647,0.7372549019607844,187.00183395064352,572580
0.30196078431372547,0.4666666666666667,0.7411764705882353,164.0016083845216,590632
0.30980392156862746,0.4470588235294118,0.7490196078431373,69.0006766983658,368624
0.30196078431372547,0.4666666666666667,0.7568627450980392,1503.014740255707,605266
0.5176470588235295,0.3843137254901961,0.1843137254901961,112.00109840894157,348236
0.5490196078431373,0.4666666666666667,0.17254901960784313,2.0000196144453852,486961
0.6039215686274509,0.44313725490196076,0.16470588235294117,12.000117686672311,485762
0.6078431372549019,0.403921568627451,0.2196078431372549,94.0009218789331,483878
0.5607843137254902,0.45098039215686275,0.25882352941176473,4.0000392288907705,335882
0.5843137254901961,0.4627450980392157,0.23529411764705882,61.00059824058425,480082
0.1843137254901961,0.11764705882352941,0.788235294117647,12.000117686672311,274256
0.22745098039215686,0.12549019607843137,0.8313725490196079,7.000068650558848,270452
0.4666666666666667,0.6823529411764706,0.20392156862745098,158.00154954118543,151998
0.5098039215686274,0.7215686274509804,0.2196078431372549,290.00284409458084,168130
0.5372549019607843,0.7411764705882353,0.22745098039215686,85.00083361392888,136765
0.5176470588235295,0.7176470588235294,0.23137254901960785,1.0000098072226926,141520
0.5254901960784314,0.7411764705882353,0.23137254901960785,539.0052860930314,156694
0.5372549019607843,0.7372549019607844,0.24313725490196078,568.0055705024894,145316
0.6274509803921569,0.7137254901960784,0.8980392156862745,150.00147108340389,453663
0.6784313725490196,0.7137254901960784,0.8980392156862745,28.000274602235393,548656
0.6431372549019608,0.7294117647058823,0.8901960784313725,659.0064629597545,522183
0.6666666666666666,0.7411764705882353,0.8941176470588236,436.004275949094,603650
0.6274509803921569,0.7215686274509804,0.9372549019607843,112.00109840894157,25840
0.6862745098039216,0.7215686274509804,0.9450980392156862,19.00018633723116,202957
0.6666666666666666,0.7529411764705882,0.9490196078431372,307.00301081736666,158505
0.40784313725490196,0.5215686274509804,0.6470588235294118,50.00049036113463,325184
0.44313725490196076,0.5450980392156862,0.6666666666666666,68.0006668911431,304253
0.41568627450980394,0.596078431372549,0.6470588235294118,15.00014710834039,310043
0.45098039215686275,0.5725490196078431,0.6745098039215687,20.000196144453852,397341
0.4980392156862745,0.5372549019607843,0.7215686274509804,123.00120628839119,333019
0.38823529411764707,0.611764705882353,0.7372549019607844,37.00036286723963,125253
0.49411764705882355,0.5686274509803921,0.7568627450980392,63.00061785502963,387093
0.3764705882352941,0.5333333333333333,0.8313725490196079,53.00051978280271,367608
0.43137254901960786,0.5333333333333333,0.8313725490196079,18.000176530008467,446282
0.42745098039215684,0.5607843137254902,0.8431372549019608,268.0026283356816,249740
0.396078431372549,0.5254901960784314,0.8823529411764706,20.000196144453852,343788
0.43529411764705883,0.5333333333333333,0.8745098039215686,10.000098072226926,262619
0.40784313725490196,0.5647058823529412,0.8784313725490196,144.00141224006774,71584
0.1843137254901961,0.2901960784313726,0.6980392156862745,93.00091207171042,34837
0.22745098039215686,0.27058823529411763,0.6509803921568628,111.00108860171888,25203
0.1607843137254902,0.3333333333333333,0.6627450980392157,92.00090226448772,17597
0.19607843137254902,0.3333333333333333,0.6980392156862745,44.000431517798475,120037
0.17647058823529413,0.30980392156862746,0.7058823529411765,10.000098072226926,33887
0.24705882352941178,0.27450980392156865,0.7098039215686275,43.00042171057578,475075
0.18823529411764706,0.34901960784313724,0.7176470588235294,82.0008041922608,31902
0.6549019607843137,0.7647058823529411,0.9607843137254902,703.0068944775529,145431
0.6352941176470588,0.792156862745098,0.9803921568627451,20.000196144453852,246761
0.6862745098039216,0.788235294117647,0.9686274509803922,223.00218701066046,145424
0.6549019607843137,0.7843137254901961,0.984313725490196,7.000068650558848,136995
0.6666666666666666,0.7803921568627451,0.984313725490196,104.00101995116003,16332
0.6549019607843137,0.8,0.984313725490196,17.000166722785774,195443
0.6862745098039216,0.796078431372549,0.984313725490196,165.00161819174429,209061
0.5372549019607843,0.2901960784313726,0.6509803921568628,15.00014710834039,267560
0.5647058823529412,0.29411764705882354,0.6392156862745098,14.000137301117697,313822
0.5803921568627451,0.3686274509803922,0.6784313725490196,3.000029421668078,369066
0.5254901960784314,0.26666666666666666,0.7058823529411765,8.000078457781541,526311
0.6235294117647059,0.28627450980392155,0.7490196078431373,8.000078457781541,145898
0.5019607843137255,0.37254901960784315,0.7058823529411765,78.00076496337002,339220
0.6196078431372549,0.3764705882352941,0.7607843137254902,19.00018633723116,153480
0.796078431372549,0.16862745098039217,0.12941176470588237,40.000392288907705,959
0.8784313725490196,0.18823529411764706,0.2235294117647059,18.000176530008467,9505
0.788235294117647,0.29411764705882354,0.3686274509803922,39.00038248168501,303561
0.9176470588235294,0.2627450980392157,0.2901960784313726,16.000156915563082,296921
0.8666666666666667,0.396078431372549,0.37254901960784315,16.000156915563082,302617
0.8784313725490196,0.3803921568627451,0.3764705882352941,2.0000196144453852,301665
0.8862745098039215,0.36470588235294116,0.396078431372549,6.000058843336156,305466
0.8666666666666667,0.43529411764705883,0.45098039215686275,16.000156915563082,292171
0.9372549019607843,0.4980392156862745,0.4745098039215686,22.000215758899238,295968
0.21568627450980393,0.4627450980392157,0.8274509803921568,140.00137301117695,354520
0.23529411764705882,0.47058823529411764,0.8549019607843137,177.00173587841658,317582
0.21568627450980393,0.5019607843137255,0.8274509803921568,347.00340310627433,205778
0.20392156862745098,0.4666666666666667,0.8705882352941177,13.000127493895004,275773
0.22745098039215686,0.45098039215686275,0.8862745098039215,14.000137301117697,364142
0.19607843137254902,0.49411764705882355,0.8745098039215686,32.000313831126164,212145
0.24705882352941178,0.48627450980392156,0.8588235294117647,8.000078457781541,210172
0.1803921568627451,0.4549019607843137,0.796078431372549,191.0018731795343,190523
0.17647058823529413,0.4470588235294118,0.8117647058823529,52.000509975580016,168717
0.1843137254901961,0.4666666666666667,0.8117647058823529,248.00243219122777,305316
0.22745098039215686,0.4549019607843137,0.796078431372549,1144.0112194627604,412198
0.24705882352941178,0.45098039215686275,0.796078431372549,1134.0111213905334,387685
0.24705882352941178,0.4627450980392157,0.803921568627451,2612.025616465673,446352
0.23137254901960785,0.44313725490196076,0.8156862745098039,29.000284409458086,369695
0.24313725490196078,0.45098039215686275,0.8156862745098039,63.00061785502963,391742
0.2196078431372549,0.47058823529411764,0.8156862745098039,511.00501149079594,281399
0.24313725490196078,0.4666666666666667,0.8117647058823529,823.008071344276,309815
0.2627450980392157,0.12156862745098039,0.796078431372549,165.00161819174429,358902
0.29411764705882354,0.12156862745098039,0.796078431372549,42.00041190335309,270067
0.6470588235294118,0.7137254901960784,0.8274509803921568,231.002265468442,549452
0.6705882352941176,0.7215686274509804,0.8470588235294118,27.0002647950127,511557
0.6313725490196078,0.7254901960784313,0.8549019607843137,121.00118667394581,508900
0.6588235294117647,0.7372549019607844,0.8549019607843137,218.002137974547,557050
0.6431372549019608,0.7137254901960784,0.8666666666666667,446.0043740213209,561820
0.6823529411764706,0.7019607843137254,0.8823529411764706,40.000392288907705,231533
0.6313725490196078,0.7333333333333333,0.8823529411764706,575.0056391530483,556192
0.6784313725490196,0.7254901960784313,0.8745098039215686,651.0063845019729,13425
0.0392156862745098,0.027450980392156862,0.2823529411764706,90.00088265004234,328370
0.06666666666666667,0.0196078431372549,0.3058823529411765,11.000107879449619,375569
0.047058823529411764,0.11372549019607843,0.2901960784313726,19.00018633723116,41356
0.10196078431372549,0.08627450980392157,0.30980392156862746,9.000088265004234,8029
0.03529411764705882,0.07450980392156863,0.3764705882352941,11.000107879449619,233452
0.10980392156862745,0.09411764705882353,0.3254901960784314,18.000176530008467,517361
0.5490196078431373,0.5058823529411764,0.5333333333333333,56.000549204470786,611351
0.6196078431372549,0.5215686274509804,0.5725490196078431,118.00115725227772,379202
0.5137254901960784,0.5803921568627451,0.5372549019607843,10.000098072226926,367935
0.6196078431372549,0.6039215686274509,0.5725490196078431,12.000117686672311,366265
0.5411764705882353,0.5490196078431373,0.615686274509804,78.00076496337002,398258
0.5411764705882353,0.6274509803921569,0.592156862745098,22.000215758899238,397338
0.6078431372549019,0.6,0.6235294117647059,33.00032363834886,417216
0.30980392156862746,0.42745098039215684,0.5647058823529412,9.000088265004234,524701
0.3568627450980392,0.403921568627451,0.5725490196078431,28.000274602235393,413388
0.2901960784313726,0.4666666666666667,0.5294117647058824,36.000353060016934,507555
0.3137254901960784,0.48627450980392156,0.5529411764705883,60.00058843336156,511335
0.30980392156862746,0.3843137254901961,0.6078431372549019,69.0006766983658,507484
0.3137254901960784,0.3843137254901961,0.6313725490196078,124.00121609561388,64992
0.25098039215686274,0.4588235294117647,0.615686274509804,109.0010689872735,255151
0.3215686274509804,0.48627450980392156,0.6352941176470588,121.00118667394581,480018
0.8156862745098039,0.3137254901960784,0.7647058823529411,42.00041190335309,502554
0.9254901960784314,0.3686274509803922,0.807843137254902,3.000029421668078,39955
0.9254901960784314,0.39215686274509803,0.7803921568627451,26.000254987790008,25725
0.9254901960784314,0.49019607843137253,0.9019607843137255,2.0000196144453852,150645
0.2784313725490196,0.12549019607843137,0.7176470588235294,688.0067473692125,406270
0.28627450980392155,0.11372549019607843,0.7294117647058823,191.0018731795343,425320
0.26666666666666666,0.11372549019607843,0.7411764705882353,521.0051095630229,278949
0.3058823529411765,0.12156862745098039,0.7568627450980392,709.006953320889,408249
0.2,0.45098039215686275,0.796078431372549,83.00081399948348,349552
0.21176470588235294,0.4470588235294118,0.8,674.0066100680948,359055
0.21568627450980393,0.4666666666666667,0.796078431372549,854.0083753681795,309986
0.18823529411764706,0.4549019607843137,0.8156862745098039,55.00053939724809,272142
0.21568627450980393,0.4549019607843137,0.8117647058823529,88.00086303559695,336272
0.19607843137254902,0.4627450980392157,0.8235294117647058,442.00433479243014,303348
0.20392156862745098,0.47058823529411764,0.8235294117647058,162.0015887700762,289325
0.5372549019607843,0.5058823529411764,0.6980392156862745,113.00110821616427,214386
0.5882352941176471,0.5568627450980392,0.6431372549019608,20.000196144453852,381095
0.5058823529411764,0.5843137254901961,0.6392156862745098,33.00032363834886,397323
0.5882352941176471,0.615686274509804,0.6509803921568628,52.000509975580016,334917
0.5490196078431373,0.5215686274509804,0.7058823529411765,148.00145146895852,206778
0.5686274509803921,0.5215686274509804,0.7490196078431373,49.00048055391194,362549
0.5098039215686274,0.5725490196078431,0.7294117647058823,70.00068650558848,296716
0.5882352941176471,0.5843137254901961,0.7137254901960784,39.00038248168501,372552
0.45098039215686275,0.5764705882352941,0.8901960784313725,119.00116705950042,319743
0.4745098039215686,0.596078431372549,0.9137254901960784,19.00018633723116,438699
0.48627450980392156,0.6235294117647059,0.9137254901960784,603.0059137552837,194789
0.44313725490196076,0.5882352941176471,0.9215686274509803,8.000078457781541,243922
0.4823529411764706,0.5803921568627451,0.9294117647058824,2.0000196144453852,443436
0.45098039215686275,0.611764705882353,0.9215686274509803,123.00120628839119,323923
0.47058823529411764,0.6274509803921569,0.9450980392156862,57.00055901169348,364749
0.5843137254901961,0.6980392156862745,0.9607843137254902,596.0058451047248,224236
0.6039215686274509,0.7176470588235294,0.9725490196078431,334.00327561237935,221367
0.5882352941176471,0.7333333333333333,0.9764705882352941,166.00162799896697,193961
0.6901960784313725,0.7803921568627451,0.8549019607843137,141.00138281839966,449710
0.7254901960784313,0.7803921568627451,0.8549019607843137,53.00051978280271,465874
0.7176470588235294,0.803921568627451,0.8549019607843137,5.000049036113463,450659
0.7294117647058823,0.788235294117647,0.8274509803921568,27.0002647950127,364376
0.7294117647058823,0.7843137254901961,0.8705882352941177,298.0029225523624,553287
0.6980392156862745,0.796078431372549,0.8862745098039215,95.0009316861558,390020
0.7333333333333333,0.796078431372549,0.8862745098039215,611.0059922130652,477538
0.7607843137254902,0.5568627450980392,0.8156862745098039,14.000137301117697,531200
0.8745098039215686,0.5137254901960784,0.7725490196078432,5.000049036113463,9581
0.7803921568627451,0.6235294117647059,0.807843137254902,49.00048055391194,522647
0.8627450980392157,0.6274509803921569,0.7843137254901961,2.0000196144453852,386161
0.788235294117647,0.5568627450980392,0.8313725490196079,18.000176530008467,529303
0.8470588235294118,0.5647058823529412,0.8784313725490196,22.000215758899238,494006
0.8509803921568627,0.6196078431372549,0.8549019607843137,8.000078457781541,530238
0.2549019607843137,0.5058823529411764,0.6431372549019608,23.00022556612193,220964
0.3411764705882353,0.5490196078431373,0.6588235294117647,55.00053939724809,334717
0.30980392156862746,0.5686274509803921,0.6941176470588235,2.0000196144453852,216210
0.34509803921568627,0.5803921568627451,0.6666666666666666,4.0000392288907705,217138
0.30196078431372547,0.5058823529411764,0.7529411764705882,123.00120628839119,299801
0.3568627450980392,0.5764705882352941,0.7607843137254902,19.00018633723116,130004
0.9490196078431372,0.9529411764705882,0.8549019607843137,2.0000196144453852,435687
0.996078431372549,0.9725490196078431,0.8509803921568627,18.000176530008467,567716
0.9568627450980393,0.984313725490196,0.8392156862745098,28.000274602235393,309917
0.9490196078431372,0.9529411764705882,0.8745098039215686,4.0000392288907705,305182
0.996078431372549,0.9607843137254902,0.8588235294117647,9.000088265004234,564863
0.9568627450980393,0.9921568627450981,0.8862745098039215,22.000215758899238,23700
0.6509803921568628,0.7568627450980392,0.9176470588235294,115.00112783060965,25802
0.6784313725490196,0.7607843137254902,0.8901960784313725,494.0048447680102,505100
0.6470588235294118,0.788235294117647,0.9137254901960784,2.0000196144453852,332981
0.6862745098039216,0.807843137254902,0.9137254901960784,39.00038248168501,375761
0.6509803921568628,0.7647058823529411,0.9333333333333333,308.00302062458934,386117
0.6509803921568628,0.792156862745098,0.9294117647058824,2.0000196144453852,226758
0.6823529411764706,0.796078431372549,0.9372549019607843,111.00108860171888,186357
0.592156862745098,0.7176470588235294,0.8470588235294118,98.00096110782388,547541
0.6039215686274509,0.6980392156862745,0.8509803921568627,422.0041386479763,518275
0.5725490196078431,0.7333333333333333,0.8313725490196079,2.0000196144453852,326392
0.6078431372549019,0.7294117647058823,0.8470588235294118,36.000353060016934,343521
0.5686274509803921,0.6980392156862745,0.8823529411764706,399.00391308185436,90496
0.5803921568627451,0.7254901960784313,0.8666666666666667,6.000058843336156,346369
0.611764705882353,0.7254901960784313,0.8705882352941177,120.00117686672311,355800
0.9686274509803922,0.9450980392156862,0.792156862745098,1.0000098072226926,306126
0.9882352941176471,0.9686274509803922,0.792156862745098,25.000245180567315,307076
0.9568627450980393,0.996078431372549,0.7647058823529411,154.00151031229467,79668
0.9568627450980393,0.9725490196078431,0.8196078431372549,1.0000098072226926,314657
0.9921568627450981,0.9490196078431372,0.8117647058823529,21.000205951676545,565815
0.9686274509803922,0.996078431372549,0.796078431372549,56.000549204470786,33232
0.2823529411764706,0.4549019607843137,0.7647058823529411,949.0093070543353,549169
0.2980392156862745,0.44313725490196076,0.7647058823529411,50.00049036113463,532961
0.2980392156862745,0.47058823529411764,0.7647058823529411,271.0026577573497,596779
0.28627450980392155,0.4549019607843137,0.7803921568627451,108.0010591800508,533056
0.2980392156862745,0.45098039215686275,0.788235294117647,39.00038248168501,408567
0.2901960784313726,0.4627450980392157,0.7803921568627451,268.0026283356816,539708
0.30980392156862746,0.4588235294117647,0.792156862745098,55.00053939724809,607241
0.5607843137254902,0.42745098039215684,0.43529411764705883,29.000284409458086,485752
0.5647058823529412,0.4392156862745098,0.4235294117647059,15.00014710834039,388855
0.5215686274509804,0.45098039215686275,0.4470588235294118,29.000284409458086,404051
0.592156862745098,0.49019607843137253,0.396078431372549,29.000284409458086,413536
0.5019607843137255,0.4196078431372549,0.47843137254901963,87.00085322837425,389647
0.5764705882352941,0.4235294117647059,0.47843137254901963,13.000127493895004,238113
0.596078431372549,0.48627450980392156,0.47058823529411764,19.00018633723116,398354
0.5019607843137255,0.5647058823529412,0.9058823529411765,28.000274602235393,253090
0.6196078431372549,0.5529411764705883,0.9098039215686274,104.00101995116003,296274
0.5176470588235295,0.6274509803921569,0.8980392156862745,162.0015887700762,202414
0.596078431372549,0.611764705882353,0.9176470588235294,64.00062766225233,425403
0.5098039215686274,0.5607843137254902,0.9529411764705882,5.000049036113463,211163
0.5882352941176471,0.5098039215686274,0.9686274509803922,25.000245180567315,214015
0.5490196078431373,0.6235294117647059,0.9529411764705882,18.000176530008467,330491
0.596078431372549,0.6196078431372549,0.9568627450980393,23.00022556612193,206394
0.6784313725490196,0.8823529411764706,0.3176470588235294,2.0000196144453852,122478
0.6745098039215687,0.8823529411764706,0.37254901960784315,103.00101014393734,128131
0.7137254901960784,0.8235294117647058,0.9607843137254902,107.0010493728281,32496
0.7176470588235294,0.8509803921568627,0.9607843137254902,2.0000196144453852,400399
0.7450980392156863,0.8627450980392157,0.9647058823529412,30.00029421668078,201114
0.7137254901960784,0.8196078431372549,0.984313725490196,102.00100033671464,321955
0.7372549019607844,0.8274509803921568,0.984313725490196,671.0065806464268,151088
0.7490196078431373,0.8745098039215686,0.9882352941176471,42.00041190335309,350088
0.9215686274509803,0.21568627450980393,0.5764705882352941,107.0010493728281,36152
0.9647058823529412,0.9490196078431372,0.7058823529411765,7.000068650558848,315673
0.996078431372549,0.9686274509803922,0.7176470588235294,10.000098072226926,314663
0.9490196078431372,0.996078431372549,0.7215686274509804,599.0058745263929,82525
0.996078431372549,0.9882352941176471,0.7176470588235294,127.00124551728196,314674
0.9607843137254902,0.9686274509803922,0.7372549019607844,6.000058843336156,424236
0.984313725490196,0.9450980392156862,0.7333333333333333,10.000098072226926,571518
0.9607843137254902,0.984313725490196,0.7411764705882353,607.0059529841744,52228
1.0,0.984313725490196,0.7568627450980392,312.00305985348007,308984
0.4392156862745098,0.5882352941176471,0.792156862745098,188.0018437578662,97169
0.4745098039215686,0.5882352941176471,0.788235294117647,103.00101014393734,585600
0.4392156862745098,0.6,0.788235294117647,26.000254987790008,300754
0.47843137254901963,0.6039215686274509,0.792156862745098,68.0006668911431,459332
0.4627450980392157,0.592156862745098,0.8235294117647058,582.0057078036072,603600
0.4745098039215686,0.596078431372549,0.8156862745098039,131.00128474617273,605526
0.4666666666666667,0.615686274509804,0.8117647058823529,170.00166722785775,97168
0.47058823529411764,0.6039215686274509,0.803921568627451,399.00391308185436,541946
0.9686274509803922,0.8470588235294118,0.596078431372549,48.000470746689246,532581
0.9725490196078431,0.8313725490196079,0.5803921568627451,279.0027362151312,534489
0.9686274509803922,0.8509803921568627,0.5764705882352941,51.00050016835732,561981
0.9803921568627451,0.8509803921568627,0.592156862745098,445.0043642140982,562026
0.9607843137254902,0.8470588235294118,0.615686274509804,16.000156915563082,240927
0.9764705882352941,0.8392156862745098,0.615686274509804,11.000107879449619,533535
0.9647058823529412,0.8705882352941177,0.615686274509804,89.00087284281965,535410
0.9764705882352941,0.8705882352941177,0.6313725490196078,704.0069042847756,557240
0.29411764705882354,0.4745098039215686,0.7647058823529411,2462.024145382269,600607
0.30980392156862746,0.4745098039215686,0.7725490196078432,2375.023292153895,435256
0.2901960784313726,0.49019607843137253,0.7725490196078432,74.00072573447926,216820
0.30196078431372547,0.4980392156862745,0.7647058823529411,104.00101995116003,215871
0.2901960784313726,0.48627450980392156,0.792156862745098,627.0061491286283,553546
0.30196078431372547,0.4823529411764706,0.7803921568627451,427.00418768408974,600105
0.2823529411764706,0.49019607843137253,0.788235294117647,260.0025498779001,403213
0.30196078431372547,0.49019607843137253,0.788235294117647,220.00215758899236,547841
0.5490196078431373,0.12941176470588237,0.5411764705882353,143.00140243284505,507317
0.5686274509803921,0.13725490196078433,0.5725490196078431,132.00129455339544,502568
0.5372549019607843,0.19215686274509805,0.5725490196078431,5.000049036113463,149686
0.5882352941176471,0.20392156862745098,0.5529411764705883,9.000088265004234,309079
0.5490196078431373,0.1450980392156863,0.596078431372549,29.000284409458086,509226
0.615686274509804,0.1607843137254902,0.6078431372549019,67.0006570839204,500669
0.5529411764705883,0.21176470588235294,0.615686274509804,12.000117686672311,157284
0.611764705882353,0.20784313725490197,0.6196078431372549,10.000098072226926,146841
0.2627450980392157,0.45098039215686275,0.7372549019607844,145.00142204729042,491326
0.27058823529411763,0.4549019607843137,0.7450980392156863,195.00191240842506,443802
0.25098039215686274,0.4666666666666667,0.7333333333333333,70.00068650558848,405978
0.27450980392156865,0.4588235294117647,0.7411764705882353,124.00121609561388,503682
0.2549019607843137,0.45098039215686275,0.7607843137254902,1259.01234729337,605980
0.2784313725490196,0.45098039215686275,0.7607843137254902,2454.0240669244877,546284
0.25882352941176473,0.4627450980392157,0.7568627450980392,765.0075025253599,424808
0.26666666666666666,0.4627450980392157,0.7607843137254902,1496.0146716051481,521816
0.2196078431372549,0.4823529411764706,0.796078431372549,724.0071004292295,173680
0.24705882352941178,0.47843137254901963,0.796078431372549,923.0090520665453,271851
0.22745098039215686,0.49019607843137253,0.803921568627451,565.0055410808213,181279
0.23921568627450981,0.49019607843137253,0.8,450.00441325021166,173690
0.2235294117647059,0.47843137254901963,0.8235294117647058,1271.0124649800423,264289
0.23921568627450981,0.47843137254901963,0.8156862745098039,1027.0100720177054,355749
0.2196078431372549,0.49019607843137253,0.8117647058823529,639.0062668153006,171762
0.24705882352941178,0.4980392156862745,0.8196078431372549,844.0082772959526,187923
0.5764705882352941,0.6470588235294118,0.8274509803921568,83.00081399948348,590405
0.6,0.6509803921568628,0.8431372549019608,9.000088265004234,606787
0.5686274509803921,0.6784313725490196,0.8509803921568627,545.0053449363675,529787
0.6,0.6745098039215687,0.8274509803921568,209.00204970954275,592215
0.5725490196078431,0.6549019607843137,0.8588235294117647,43.00042171057578,534506
0.611764705882353,0.6588235294117647,0.8627450980392157,10.000098072226926,386141
0.592156862745098,0.6823529411764706,0.8666666666666667,560.0054920447078,605549
0.596078431372549,0.6862745098039216,0.8666666666666667,142.00139262562234,247747
0.1843137254901961,0.1450980392156863,0.6705882352941176,27.0002647950127,276690
0.21176470588235294,0.13725490196078433,0.6862745098039216,131.00128474617273,281769
0.1607843137254902,0.23921568627450981,0.6470588235294118,49.00048055391194,82999
0.20392156862745098,0.2235294117647059,0.6431372549019608,132.00129455339544,14807
0.12549019607843137,0.17254901960784313,0.7333333333333333,2.0000196144453852,280515
0.21176470588235294,0.17254901960784313,0.7176470588235294,26.000254987790008,285567
0.1843137254901961,0.2,0.7098039215686275,6.000058843336156,273835
0.23921568627450981,0.24705882352941178,0.7490196078431373,26.000254987790008,277640
0.7686274509803922,0.6392156862745098,0.8196078431372549,50.00049036113463,511259
0.8588235294117647,0.6588235294117647,0.8196078431372549,4.0000392288907705,387109
0.7568627450980392,0.7450980392156863,0.7686274509803922,15.00014710834039,525901
0.8588235294117647,0.6941176470588235,0.8235294117647058,4.0000392288907705,385213
0.792156862745098,0.6392156862745098,0.8823529411764706,142.00139262562234,532151
0.8313725490196079,0.6666666666666666,0.8705882352941177,30.00029421668078,518848
0.8,0.6941176470588235,0.8823529411764706,59.00057862613886,238837
0.8549019607843137,0.7333333333333333,0.8823529411764706,92.00090226448772,515998
0.6352941176470588,0.6313725490196078,0.19607843137254902,1.0000098072226926,190665
0.6901960784313725,0.6666666666666666,0.21568627450980393,83.00081399948348,188756
0.6666666666666666,0.7176470588235294,0.25098039215686274,34.00033344557155,223787
0.7490196078431373,0.7372549019607844,0.23921568627450981,96.00094149337849,184009
0.6078431372549019,0.30196078431372547,0.13333333333333333,1.0000098072226926,421205
0.6039215686274509,0.3764705882352941,0.12549019607843137,6.000058843336156,266561
0.403921568627451,0.5803921568627451,0.8941176470588236,342.00335407016087,191961
0.43137254901960786,0.5843137254901961,0.9019607843137255,444.0043544068755,241071
0.3843137254901961,0.6,0.8941176470588236,120.00117686672311,156402
0.42745098039215684,0.6,0.9098039215686274,535.0052468641405,188134
0.3843137254901961,0.5882352941176471,0.9215686274509803,8.000078457781541,161187
0.42745098039215684,0.592156862745098,0.9294117647058824,20.000196144453852,292732
0.3764705882352941,0.6039215686274509,0.9215686274509803,8.000078457781541,223830
0.43529411764705883,0.615686274509804,0.9333333333333333,97.00095130060119,258477
0.5294117647058824,0.7568627450980392,0.23137254901960785,184.00180452897544,155701
0.5568627450980392,0.792156862745098,0.24313725490196078,14.000137301117697,138585
0.3411764705882353,0.13333333333333333,0.788235294117647,240.00235373344623,249130
0.35294117647058826,0.12941176470588237,0.7803921568627451,586.0057470324979,405386
0.32941176470588235,0.17254901960784313,0.7686274509803922,37.00036286723963,446266
0.36470588235294116,0.17254901960784313,0.792156862745098,40.000392288907705,432033
0.3215686274509804,0.14901960784313725,0.8235294117647058,166.00162799896697,361746
0.3607843137254902,0.13333333333333333,0.8,439.00430537076204,417706
0.3176470588235294,0.16862745098039217,0.796078431372549,26.000254987790008,413055
0.3568627450980392,0.17647058823529413,0.796078431372549,38.00037267446232,436778
0.21568627450980393,0.09411764705882353,0.6549019607843137,253.00248122734124,444319
0.2235294117647059,0.09411764705882353,0.6627450980392157,113.00110821616427,447187
0.18823529411764706,0.10196078431372549,0.6431372549019608,60.00058843336156,298875
0.2196078431372549,0.10588235294117647,0.6470588235294118,77.00075515614733,279884
0.21568627450980393,0.09411764705882353,0.6745098039215687,92.00090226448772,453842
0.2196078431372549,0.09411764705882353,0.6745098039215687,29.000284409458086,292227
0.20392156862745098,0.10196078431372549,0.6980392156862745,187.00183395064352,260539
0.2549019607843137,0.1607843137254902,0.5372549019607843,9.000088265004234,373009
0.36470588235294116,0.1843137254901961,0.5450980392156862,5.000049036113463,315545
0.2784313725490196,0.19607843137254902,0.5725490196078431,14.000137301117697,510711
0.36470588235294116,0.24313725490196078,0.5568627450980392,31.00030402390347,382902
0.25098039215686274,0.13725490196078433,0.611764705882353,80.00078457781541,414829
0.3176470588235294,0.18823529411764706,0.6078431372549019,4.0000392288907705,244405
0.35294117647058826,0.23137254901960785,0.611764705882353,50.00049036113463,495514
0.30980392156862746,0.27450980392156865,0.788235294117647,59.00057862613886,281766
0.3568627450980392,0.30980392156862746,0.7843137254901961,119.00116705950042,315287
0.27450980392156865,0.32941176470588235,0.807843137254902,55.00053939724809,378877
0.3137254901960784,0.33725490196078434,0.7843137254901961,51.00050016835732,385083
0.29411764705882354,0.25882352941176473,0.8274509803921568,7.000068650558848,276160
0.36470588235294116,0.2784313725490196,0.8862745098039215,64.00062766225233,411159
0.2901960784313726,0.3686274509803922,0.8823529411764706,10.000098072226926,271023
0.3411764705882353,0.37254901960784315,0.8274509803921568,21.000205951676545,259785
0.18823529411764706,0.4549019607843137,0.7647058823529411,148.00145146895852,60566
0.21176470588235294,0.45098039215686275,0.7686274509803922,120.00117686672311,122155
0.19607843137254902,0.4666666666666667,0.7686274509803922,2313.022684106088,84373
0.21176470588235294,0.4627450980392157,0.7764705882352941,332.00325599793393,236859
0.19607843137254902,0.4549019607843137,0.7803921568627451,86.00084342115156,309047
0.21568627450980393,0.45098039215686275,0.788235294117647,720.0070612003387,356173
0.19607843137254902,0.4666666666666667,0.7843137254901961,1991.019526180381,43108
0.21568627450980393,0.4666666666666667,0.7843137254901961,456.00447209354786,331929
0.38823529411764707,0.42745098039215684,0.1843137254901961,9.000088265004234,495157
0.4980392156862745,0.3803921568627451,0.1843137254901961,4.0000392288907705,342537
0.44313725490196076,0.49019607843137253,0.15294117647058825,40.000392288907705,466659
0.3843137254901961,0.4392156862745098,0.23921568627450981,9.000088265004234,503716
0.48627450980392156,0.3843137254901961,0.21568627450980393,27.0002647950127,356758
0.3843137254901961,0.48627450980392156,0.2549019607843137,20.000196144453852,509439
0.4470588235294118,0.4980392156862745,0.2,2.0000196144453852,467604
0.8156862745098039,0.8470588235294118,0.9607843137254902,82.0008041922608,86704
0.8549019607843137,0.8196078431372549,0.9647058823529412,160.00156915563082,292433
0.8392156862745098,0.8549019607843137,0.9529411764705882,514.005040912464,286739
0.8588235294117647,0.8666666666666667,0.9647058823529412,87.00085322837425,333047
0.8313725490196079,0.8274509803921568,0.984313725490196,65.00063746947502,296228
0.8509803921568627,0.8274509803921568,0.9882352941176471,97.00095130060119,296230
0.8274509803921568,0.8745098039215686,0.9882352941176471,467.0045799729975,4573
0.8588235294117647,0.8784313725490196,0.984313725490196,46.00045113224386,289579
0.5215686274509804,0.3333333333333333,0.8980392156862745,410.004020961304,383517
0.5333333333333333,0.3333333333333333,0.9137254901960784,50.00049036113463,386346
0.5254901960784314,0.34901960784313724,0.9176470588235294,86.00084342115156,374979
0.5372549019607843,0.3568627450980392,0.9058823529411765,396.00388366018626,369286
0.5098039215686274,0.33725490196078434,0.9215686274509803,191.0018731795343,347476
0.5411764705882353,0.33725490196078434,0.9333333333333333,48.000470746689246,244372
0.5058823529411764,0.3764705882352941,0.9372549019607843,90.00088265004234,316159
0.5372549019607843,0.34901960784313724,0.9215686274509803,231.002265468442,364548
0.1450980392156863,0.09019607843137255,0.5372549019607843,419.00410922630823,5283
0.16862745098039217,0.09411764705882353,0.5411764705882353,82.0008041922608,41374
0.13725490196078433,0.12549019607843137,0.5411764705882353,25.000245180567315,233449
0.1568627450980392,0.10588235294117647,0.5137254901960784,49.00048055391194,13794
0.13725490196078433,0.08235294117647059,0.5686274509803921,276.0027067934632,473191
0.16470588235294117,0.07450980392156863,0.5725490196078431,40.000392288907705,460479
0.13725490196078433,0.12156862745098039,0.5725490196078431,367.0035992507282,20500
0.16470588235294117,0.11764705882352941,0.5529411764705883,240.00235373344623,2438
0.7686274509803922,0.7647058823529411,0.24705882352941178,166.00162799896697,181162
0.2627450980392157,0.30196078431372547,0.5686274509803921,23.00022556612193,3264
0.37254901960784315,0.26666666666666666,0.5176470588235295,51.00050016835732,243456
0.25098039215686274,0.3215686274509804,0.5176470588235295,28.000274602235393,436142
0.32941176470588235,0.3333333333333333,0.5490196078431373,45.00044132502117,168515
0.2980392156862745,0.30196078431372547,0.6039215686274509,21.000205951676545,64073
0.37254901960784315,0.3058823529411765,0.6235294117647059,42.00041190335309,355316
0.2823529411764706,0.3686274509803922,0.6196078431372549,63.00061785502963,550138
0.37254901960784315,0.3411764705882353,0.5882352941176471,85.00083361392888,173273
0.9450980392156862,0.9764705882352941,0.996078431372549,945.0092678254446,302057
0.9607843137254902,0.9803921568627451,0.996078431372549,872.008551898188,238308
0.9450980392156862,1.0,0.984313725490196,220.00215758899236,91438
0.9568627450980393,0.9921568627450981,0.996078431372549,746.0073161881287,217661
0.9490196078431372,0.9882352941176471,1.0,833.0081694165029,47634
0.9686274509803922,0.984313725490196,1.0,677.0066394897628,279072
0.9411764705882353,1.0,1.0,246.00241257678238,57287
0.9607843137254902,0.996078431372549,1.0,1145.011229269983,61980
0.8784313725490196,0.18823529411764706,0.2627450980392157,1.0000098072226926,13
0.8980392156862745,0.19607843137254902,0.30196078431372547,69.0006766983658,14255
0.3803921568627451,0.43137254901960786,0.12549019607843137,65.00063746947502,478060
0.4392156862745098,0.4666666666666667,0.13333333333333333,1.0000098072226926,469506
0.7686274509803922,0.5529411764705883,0.9019607843137255,2.0000196144453852,492110
0.8235294117647058,0.5490196078431373,0.9098039215686274,4.0000392288907705,494951
0.8352941176470589,0.615686274509804,0.9294117647058824,7.000068650558848,144933
0.7568627450980392,0.6274509803921569,0.9647058823529412,57.00055901169348,224438
0.6352941176470588,0.4549019607843137,0.792156862745098,249.00244199845045,148718
0.6549019607843137,0.49019607843137253,0.792156862745098,52.000509975580016,153422
0.6705882352941176,0.49411764705882355,0.7647058823529411,5.000049036113463,246430
0.6509803921568628,0.4588235294117647,0.8,63.00061785502963,146828
0.6823529411764706,0.45098039215686275,0.8,23.00022556612193,143045
0.6549019607843137,0.4980392156862745,0.8,580.0056881891617,154381
0.6627450980392157,0.5019607843137255,0.8,413.004050382972,158178
0.3333333333333333,0.47058823529411764,0.7294117647058823,198.00194183009313,603511
0.34509803921568627,0.45098039215686275,0.7176470588235294,56.000549204470786,491272
0.3137254901960784,0.4823529411764706,0.7215686274509804,75.00073554170194,533039
0.37254901960784315,0.4745098039215686,0.7254901960784313,100.00098072226926,214038
0.3137254901960784,0.4588235294117647,0.7333333333333333,241.0023635406689,602477
0.37254901960784315,0.4627450980392157,0.7372549019607844,39.00038248168501,511210
0.32941176470588235,0.49019607843137253,0.7490196078431373,476.00466823800167,575013
0.36470588235294116,0.4980392156862745,0.7568627450980392,167.00163780618968,572396
0.7764705882352941,0.5098039215686274,0.3058823529411765,35.00034325279424,583938
0.8235294117647058,0.5647058823529412,0.3137254901960784,19.00018633723116,605652
0.8117647058823529,0.5882352941176471,0.27058823529411763,58.00056881891617,251380
0.8392156862745098,0.6235294117647059,0.30196078431372547,170.00166722785775,576333
0.792156862745098,0.5411764705882353,0.3843137254901961,19.00018633723116,580137
0.8588235294117647,0.5607843137254902,0.3843137254901961,7.000068650558848,580136
0.807843137254902,0.5686274509803921,0.32941176470588235,6.000058843336156,235255
0.8156862745098039,0.5843137254901961,0.3411764705882353,23.00022556612193,256104
0.8862745098039215,0.9450980392156862,0.6627450980392157,3.000029421668078,320428
0.9372549019607843,0.9490196078431372,0.6431372549019608,6.000058843336156,312887
0.8980392156862745,0.9921568627450981,0.6549019607843137,274.00268717901776,99612
0.9098039215686274,0.9921568627450981,0.6549019607843137,372.00364828684167,79759
0.9333333333333333,0.9686274509803922,0.6745098039215687,3.000029421668078,329843
0.8901960784313725,0.9921568627450981,0.6784313725490196,12.000117686672311,98660
0.9098039215686274,0.9882352941176471,0.6745098039215687,672.0065904536494,75019
0.8941176470588236,0.8352941176470589,0.2784313725490196,102.00100033671464,471746
0.9137254901960784,0.8352941176470589,0.2784313725490196,303.0029715884759,366911
0.8784313725490196,0.8549019607843137,0.2823529411764706,150.00147108340389,454682
0.9215686274509803,0.8588235294117647,0.28627450980392155,478.0046878524471,470797
0.9058823529411765,0.8392156862745098,0.3176470588235294,23.00022556612193,390656
0.9372549019607843,0.8470588235294118,0.30980392156862746,16.000156915563082,382102
0.8784313725490196,0.8627450980392157,0.3215686274509804,93.00091207171042,179253
0.9294117647058824,0.8784313725490196,0.29411764705882354,167.00163780618968,357440
0.25882352941176473,0.47843137254901963,0.8,856.0083949826248,461543
0.26666666666666666,0.47843137254901963,0.807843137254902,600.0058843336155,466286
0.2627450980392157,0.5019607843137255,0.807843137254902,368.0036090579509,359559
0.2784313725490196,0.49019607843137253,0.8,168.00164761341236,361888
0.2549019607843137,0.47843137254901963,0.8235294117647058,967.0094835843438,310740
0.26666666666666666,0.48627450980392156,0.8235294117647058,921.0090324520999,290780
0.2549019607843137,0.49411764705882355,0.8117647058823529,1003.0098366443607,192616
0.26666666666666666,0.49019607843137253,0.8235294117647058,354.00347175683316,343795
0.7725490196078432,0.403921568627451,0.15294117647058825,41.0004020961304,609588
0.8235294117647058,0.4235294117647059,0.1607843137254902,1.0000098072226926,611484
0.8313725490196079,0.5019607843137255,0.1843137254901961,30.00029421668078,606734
0.7568627450980392,0.40784313725490196,0.24705882352941178,4.0000392288907705,392654
0.803921568627451,0.47843137254901963,0.20392156862745098,35.00034325279424,405925
0.8156862745098039,0.49019607843137253,0.21568627450980393,2.0000196144453852,404975
0.17254901960784313,0.44313725490196076,0.7411764705882353,260.0025498779001,56477
0.1843137254901961,0.4588235294117647,0.7411764705882353,39.00038248168501,30153
0.1843137254901961,0.4588235294117647,0.7490196078431373,304.00298139569855,123947
0.9490196078431372,0.7764705882352941,0.4666666666666667,450.00441325021166,568700
0.9686274509803922,0.788235294117647,0.47058823529411764,107.0010493728281,574333
0.9725490196078431,0.8,0.4745098039215686,20.000196144453852,572426
0.9568627450980393,0.7843137254901961,0.48627450980392156,180.00176530008468,578197
0.9647058823529412,0.796078431372549,0.4980392156862745,414.00406019019476,550652
0.9725490196078431,0.803921568627451,0.5058823529411764,120.00117686672311,573395
0.16470588235294117,0.38823529411764707,0.7725490196078432,1.0000098072226926,265491
0.1843137254901961,0.39215686274509803,0.796078431372549,1.0000098072226926,274784
0.16862745098039217,0.42745098039215684,0.8,43.00042171057578,74524
0.4549019607843137,0.3215686274509804,0.6392156862745098,317.00310888959353,366756
0.47843137254901963,0.34509803921568627,0.6627450980392157,244.002392962337,363915
0.4666666666666667,0.34901960784313724,0.6627450980392157,88.00086303559695,365814
0.47843137254901963,0.37254901960784315,0.6470588235294118,119.00116705950042,42214
0.4588235294117647,0.34509803921568627,0.6784313725490196,1.0000098072226926,321251
0.48627450980392156,0.34509803921568627,0.6705882352941176,16.000156915563082,303192
0.4666666666666667,0.36470588235294116,0.6823529411764706,34.00033344557155,500262
0.4745098039215686,0.35294117647058826,0.6745098039215687,466.00457016577474,355366
0.5176470588235295,0.7568627450980392,0.41568627450980394,7.000068650558848,143315
0.6235294117647059,0.8392156862745098,0.41568627450980394,29.000284409458086,130964
0.5411764705882353,0.7764705882352941,0.49411764705882355,5.000049036113463,135710
0.5764705882352941,0.788235294117647,0.49019607843137253,86.00084342115156,131909
0.6235294117647059,0.8196078431372549,0.4980392156862745,8.000078457781541,191832
0.4235294117647059,0.17254901960784313,0.5137254901960784,14.000137301117697,318405
0.47843137254901963,0.12941176470588237,0.5490196078431373,15.00014710834039,501626
0.45098039215686275,0.19215686274509805,0.5372549019607843,20.000196144453852,320301
0.4117647058823529,0.16862745098039217,0.5882352941176471,3.000029421668078,498776
0.4980392156862745,0.1607843137254902,0.615686274509804,7.000068650558848,509227
0.4,0.23529411764705882,0.6352941176470588,15.00014710834039,232997
0.47058823529411764,0.24313725490196078,0.5882352941176471,12.000117686672311,319355
0.5764705882352941,0.4,0.9137254901960784,176.0017260711939,373992
0.596078431372549,0.396078431372549,0.9098039215686274,1.0000098072226926,268513
0.5686274509803921,0.41568627450980394,0.9098039215686274,103.00101014393734,313297
0.6,0.4392156862745098,0.9137254901960784,28.000274602235393,359788
0.5725490196078431,0.39215686274509803,0.9450980392156862,290.00284409458084,274223
0.596078431372549,0.39215686274509803,0.9372549019607843,10.000098072226926,294170
0.592156862745098,0.4235294117647059,0.9254901960784314,407.0039915396359,365443
0.596078431372549,0.43529411764705883,0.9333333333333333,220.00215758899236,330372
0.4666666666666667,0.6313725490196078,0.8470588235294118,19.00018633723116,434509
0.4980392156862745,0.6352941176470588,0.8509803921568627,210.00205951676546,145034
0.44313725490196076,0.6784313725490196,0.8352941176470589,1.0000098072226926,143310
0.4980392156862745,0.6627450980392157,0.8470588235294118,3.000029421668078,176292
0.4666666666666667,0.6392156862745098,0.8705882352941177,170.00166722785775,82003
0.4666666666666667,0.6901960784313725,0.8862745098039215,3.000029421668078,180094
0.47843137254901963,0.6745098039215687,0.8745098039215686,18.000176530008467,184883
0.3843137254901961,0.058823529411764705,0.03529411764705882,58.00056881891617,529313
0.40784313725490196,0.07058823529411765,0.06666666666666667,94.0009218789331,516023
0.47058823529411764,0.0784313725490196,0.06666666666666667,38.00037267446232,518868
0.39215686274509803,0.06274509803921569,0.08627450980392157,8.000078457781541,532191
0.4196078431372549,0.07450980392156863,0.09803921568627451,37.00036286723963,511283
0.4980392156862745,0.08627450980392157,0.07450980392156863,68.0006668911431,517916
0.8509803921568627,0.8862745098039215,0.9254901960784314,1152.011297920542,525736
0.8627450980392157,0.8862745098039215,0.9215686274509803,1230.012062883912,328336
0.8588235294117647,0.9019607843137255,0.9294117647058824,85.00083361392888,451705
0.8745098039215686,0.9019607843137255,0.9333333333333333,674.0066100680948,461181
0.8549019607843137,0.8901960784313725,0.9411764705882353,389.00381500962743,469752
0.8627450980392157,0.8823529411764706,0.9411764705882353,428.0041974913124,484144
0.8588235294117647,0.9098039215686274,0.9372549019607843,115.00112783060965,344387
0.8666666666666667,0.8980392156862745,0.9372549019607843,741.0072671520152,499345
0.4392156862745098,0.34509803921568627,0.6039215686274509,118.00115725227772,251078
0.4745098039215686,0.33725490196078434,0.5803921568627451,12.000117686672311,248231
0.4588235294117647,0.36470588235294116,0.6039215686274509,403.00395231074515,40292
0.47843137254901963,0.3568627450980392,0.5843137254901961,16.000156915563082,250133
0.4588235294117647,0.3176470588235294,0.6352941176470588,136.0013337822862,371506
0.47843137254901963,0.32941176470588235,0.6352941176470588,46.00045113224386,335372
0.45098039215686275,0.36470588235294116,0.611764705882353,423.00414845519896,230204
0.47058823529411764,0.3607843137254902,0.611764705882353,36.000353060016934,222566
0.42745098039215684,0.1803921568627451,0.9098039215686274,5.000049036113463,306526
0.4392156862745098,0.18823529411764706,0.9058823529411765,1.0000098072226926,306525
0.41568627450980394,0.2196078431372549,0.9019607843137255,150.00147108340389,274239
0.4392156862745098,0.22745098039215686,0.8980392156862745,139.00136320395427,244380
0.2,0.48627450980392156,0.7647058823529411,754.0073946459103,228400
0.21176470588235294,0.4823529411764706,0.7725490196078432,193.00189279397966,226674
0.2,0.49019607843137253,0.7764705882352941,27.0002647950127,167843
0.20784313725490197,0.4980392156862745,0.7764705882352941,63.00061785502963,66841
0.20784313725490197,0.4745098039215686,0.7803921568627451,458.0044917079932,115523
0.2,0.49411764705882355,0.7843137254901961,82.0008041922608,166893
0.21176470588235294,0.49019607843137253,0.7843137254901961,178.0017456856393,53540
0.18823529411764706,0.4235294117647059,0.7764705882352941,886.0086891993056,438887
0.20784313725490197,0.4235294117647059,0.7686274509803922,312.00305985348007,504434
0.2,0.43137254901960786,0.7686274509803922,684.0067081403217,471168
0.20784313725490197,0.43137254901960786,0.7725490196078432,1564.0153384962912,491123
0.19215686274509805,0.4235294117647059,0.7803921568627451,90.00088265004234,258823
0.21568627450980393,0.4235294117647059,0.7803921568627451,5.000049036113463,416099
0.19607843137254902,0.42745098039215684,0.7803921568627451,233.00228508288737,426547
0.21176470588235294,0.4392156862745098,0.788235294117647,887.0086990065283,445510
0.20392156862745098,0.403921568627451,0.7019607843137254,37.00036286723963,55524
0.23921568627450981,0.403921568627451,0.7294117647058823,21.000205951676545,119070
0.21176470588235294,0.43137254901960786,0.7215686274509804,135.0013239750635,144786
0.23137254901960785,0.43529411764705883,0.7176470588235294,120.00117686672311,177082
0.19607843137254902,0.40784313725490196,0.7372549019607844,21.000205951676545,120045
0.2196078431372549,0.4,0.7568627450980392,14.000137301117697,359425
0.2,0.43529411764705883,0.7411764705882353,414.00406019019476,154258
0.22745098039215686,0.43529411764705883,0.7607843137254902,383.0037561662913,155246
0.6274509803921569,0.7215686274509804,0.9568627450980393,35.00034325279424,227085
0.6588235294117647,0.7098039215686275,0.9647058823529412,24.000235373344623,317888
0.6784313725490196,0.7372549019607844,0.9803921568627451,161.0015789628535,6740
0.2627450980392157,0.4549019607843137,0.796078431372549,637.0062472008552,431359
0.26666666666666666,0.4549019607843137,0.803921568627451,122.0011964811685,408486
0.25098039215686274,0.4666666666666667,0.8,2275.022311431626,450118
0.2784313725490196,0.47058823529411764,0.796078431372549,677.0066394897628,368599
0.25098039215686274,0.45098039215686275,0.8117647058823529,50.00049036113463,414199
0.27450980392156865,0.4470588235294118,0.8156862745098039,37.00036286723963,408482
0.2549019607843137,0.4666666666666667,0.8235294117647058,548.0053743580355,308010
0.27450980392156865,0.47058823529411764,0.8117647058823529,171.00167703508043,350553
0.5686274509803921,0.7764705882352941,0.23921568627450981,428.0041974913124,133906
0.5882352941176471,0.8,0.24705882352941178,529.0051880208044,128224
0.6,0.8117647058823529,0.25098039215686274,166.00162799896697,127267
0.7098039215686275,0.5686274509803921,0.8549019607843137,35.00034325279424,132507
0.7411764705882353,0.5725490196078431,0.8509803921568627,86.00084342115156,125874
0.7098039215686275,0.6,0.8509803921568627,16.000156915563082,183845
0.7411764705882353,0.6,0.8509803921568627,9.000088265004234,183855
0.7058823529411765,0.5725490196078431,0.8588235294117647,88.00086303559695,131625
0.7254901960784313,0.596078431372549,0.8862745098039215,625.0061295141829,323019
0.7137254901960784,0.6078431372549019,0.8588235294117647,52.000509975580016,183844
0.7411764705882353,0.615686274509804,0.8823529411764706,211.00206932398814,184808
0.9019607843137255,0.9450980392156862,0.5882352941176471,2.0000196144453852,414757
0.9333333333333333,0.9686274509803922,0.6039215686274509,1.0000098072226926,319530
0.8901960784313725,0.984313725490196,0.6039215686274509,364.0035698290601,85459
0.9333333333333333,0.9764705882352941,0.592156862745098,3.000029421668078,321378
0.9098039215686274,0.9450980392156862,0.611764705882353,8.000078457781541,414758
0.8941176470588236,0.9882352941176471,0.6235294117647059,572.0056097313802,96778
0.9176470588235294,0.9882352941176471,0.6352941176470588,170.00166722785775,81641
0.5176470588235295,0.38823529411764707,0.7254901960784313,237.00232431177815,330659
0.5372549019607843,0.40784313725490196,0.7215686274509804,221.00216739621507,221612
0.5215686274509804,0.42745098039215684,0.7294117647058823,12.000117686672311,217820
0.5490196078431373,0.41568627450980394,0.7019607843137254,83.00081399948348,409474
0.5098039215686274,0.4,0.7490196078431373,78.00076496337002,339229
0.5490196078431373,0.40784313725490196,0.7333333333333333,57.00055901169348,313540
0.5294117647058824,0.4235294117647059,0.7490196078431373,70.00068650558848,307963
0.5490196078431373,0.4235294117647059,0.7529411764705882,355.0034815640559,321165
0.8862745098039215,0.6352941176470588,0.2627450980392157,159.00155934840814,603756
0.9215686274509803,0.6549019607843137,0.2901960784313726,211.00206932398814,598058
0.9058823529411765,0.6627450980392157,0.2823529411764706,6.000058843336156,598089
0.9098039215686274,0.6705882352941176,0.2901960784313726,181.00177510730737,596187
0.8901960784313725,0.6470588235294118,0.3176470588235294,52.000509975580016,582030
0.9215686274509803,0.6588235294117647,0.30980392156862746,59.00057862613886,605767
0.8941176470588236,0.6627450980392157,0.3176470588235294,2.0000196144453852,596152
0.9254901960784314,0.6823529411764706,0.3058823529411765,430.00421710575785,603832
0.8352941176470589,0.7843137254901961,0.9803921568627451,120.00117686672311,312365
0.8549019607843137,0.7647058823529411,0.9803921568627451,198.00194183009313,330334
0.8274509803921568,0.8156862745098039,0.9764705882352941,127.00124551728196,288642
0.8745098039215686,0.803921568627451,0.9764705882352941,223.00218701066046,132600
0.8313725490196079,0.7686274509803922,0.984313725490196,116.00113763783234,317124
0.8588235294117647,0.7686274509803922,0.984313725490196,115.00112783060965,286665
0.8392156862745098,0.807843137254902,0.984313725490196,71.00069631281117,282841
0.8588235294117647,0.8156862745098039,0.9882352941176471,115.00112783060965,306690
0.45098039215686275,0.26666666666666666,0.9098039215686274,249.00244199845045,355082
0.47843137254901963,0.27058823529411763,0.9176470588235294,185.00181433619812,242482
0.4666666666666667,0.28627450980392155,0.9098039215686274,84.00082380670618,350330
0.49019607843137253,0.30196078431372547,0.8901960784313725,330.00323638348857,374992
0.4627450980392157,0.25882352941176473,0.9215686274509803,44.000431517798475,281813
0.49411764705882355,0.2823529411764706,0.9294117647058824,37.00036286723963,247223
0.45098039215686275,0.3058823529411765,0.9411764705882353,38.00037267446232,392978
0.49019607843137253,0.30196078431372547,0.9490196078431372,115.00112783060965,262843
0.8862745098039215,0.2,0.4588235294117647,401.0039326962997,6719
0.9137254901960784,0.20784313725490197,0.45098039215686275,373.00365809406435,28534
0.8901960784313725,0.20392156862745098,0.5019607843137255,43.00042171057578,5776
0.9098039215686274,0.20784313725490197,0.4823529411764706,258.0025302634547,35170
0.7803921568627451,0.6431372549019608,0.9019607843137255,193.00189279397966,113538
0.788235294117647,0.6431372549019608,0.9019607843137255,78.00076496337002,116364
0.7803921568627451,0.6901960784313725,0.9019607843137255,43.00042171057578,317948
0.792156862745098,0.6705882352941176,0.9176470588235294,76.00074534892464,113574
0.7607843137254902,0.6588235294117647,0.9411764705882353,116.00113763783234,335988
0.792156862745098,0.6509803921568628,0.9333333333333333,17.000166722785774,219674
0.7529411764705882,0.6862745098039216,0.9490196078431372,144.00141224006774,178185
0.807843137254902,0.6862745098039216,0.9294117647058824,407.0039915396359,111641
0.3176470588235294,0.5686274509803921,0.8313725490196079,75.00073554170194,339564
0.3686274509803922,0.5803921568627451,0.8549019607843137,332.00325599793393,332006
0.33725490196078434,0.6078431372549019,0.8431372549019608,1.0000098072226926,284609
0.34509803921568627,0.6,0.8509803921568627,12.000117686672311,338613
0.32941176470588235,0.5803921568627451,0.8705882352941177,175.00171626397122,313857
0.36470588235294116,0.5686274509803921,0.8745098039215686,464.0045505513294,155039
0.3607843137254902,0.6078431372549019,0.8588235294117647,14.000137301117697,284594
0.6901960784313725,0.5333333333333333,0.8431372549019608,130.00127493895005,140176
0.7294117647058823,0.5215686274509804,0.8549019607843137,9.000088265004234,145880
0.7098039215686275,0.5372549019607843,0.8352941176470589,680.006668911431,138224
0.7490196078431373,0.5647058823529412,0.8392156862745098,110.00107879449618,141148
0.7098039215686275,0.5254901960784314,0.8666666666666667,19.00018633723116,166788
0.7294117647058823,0.5254901960784314,0.8588235294117647,4.0000392288907705,153406
0.7098039215686275,0.5372549019607843,0.8666666666666667,83.00081399948348,167737
0.7254901960784313,0.5647058823529412,0.8588235294117647,30.00029421668078,176259
0.6509803921568628,0.5568627450980392,0.6431372549019608,12.000117686672311,376350
0.7215686274509804,0.5254901960784314,0.6823529411764706,7.000068650558848,511267
0.6509803921568628,0.6039215686274509,0.6823529411764706,88.00086303559695,366863
0.7490196078431373,0.5803921568627451,0.6666666666666666,15.00014710834039,294065
0.6705882352941176,0.5411764705882353,0.7058823529411765,38.00037267446232,369992
0.6980392156862745,0.5450980392156862,0.7019607843137254,61.00059824058425,298612
0.6823529411764706,0.5882352941176471,0.7490196078431373,11.000107879449619,312102
0.7294117647058823,0.5882352941176471,0.7450980392156863,34.00033344557155,299561
0.8156862745098039,0.9686274509803922,0.5294117647058824,6.000058843336156,98798
0.8156862745098039,0.984313725490196,0.5254901960784314,363.0035600218374,95913
0.8470588235294118,0.9882352941176471,0.5411764705882353,3.000029421668078,100598
0.8352941176470589,0.9882352941176471,0.5450980392156862,405.0039719251905,93052
0.8549019607843137,0.9882352941176471,0.5686274509803921,275.0026969862405,90199
0.39215686274509803,0.2823529411764706,0.7137254901960784,81.0007943850381,357043
0.40784313725490196,0.2549019607843137,0.7294117647058823,3.000029421668078,274022
0.39215686274509803,0.28627450980392155,0.7137254901960784,209.00204970954275,354198
0.41568627450980394,0.30980392156862746,0.7137254901960784,253.00248122734124,352278
0.3764705882352941,0.27450980392156865,0.7333333333333333,13.000127493895004,484123
0.43529411764705883,0.2627450980392157,0.7607843137254902,3.000029421668078,367031
0.403921568627451,0.30196078431372547,0.7411764705882353,161.0015789628535,436690
0.40784313725490196,0.30980392156862746,0.7450980392156863,326.0031971545978,327616
0.6352941176470588,0.13333333333333333,0.28627450980392155,90.00088265004234,374758
0.7098039215686275,0.14901960784313725,0.3176470588235294,50.00049036113463,378548
0.6509803921568628,0.21568627450980393,0.27450980392156865,3.000029421668078,311177
0.7333333333333333,0.23529411764705882,0.2627450980392157,1.0000098072226926,312117
0.6862745098039216,0.1568627450980392,0.34901960784313724,38.00037267446232,386156
0.7176470588235294,0.1607843137254902,0.3333333333333333,72.00070612003387,370010
0.6588235294117647,0.21176470588235294,0.3843137254901961,4.0000392288907705,381391
0.7254901960784313,0.2,0.36470588235294116,3.000029421668078,293127
0.5725490196078431,0.6313725490196078,0.9058823529411765,35.00034325279424,215873
0.6,0.6392156862745098,0.9098039215686274,11.000107879449619,174394
0.5647058823529412,0.6862745098039216,0.9098039215686274,497.0048741896782,96172
0.6078431372549019,0.6901960784313725,0.9019607843137255,80.00078457781541,24840
0.5843137254901961,0.6392156862745098,0.9372549019607843,10.000098072226926,455768
0.6235294117647059,0.6549019607843137,0.9294117647058824,11.000107879449619,123103
0.5725490196078431,0.6901960784313725,0.9411764705882353,341.0033442629382,202386
0.6,0.6784313725490196,0.9294117647058824,40.000392288907705,232618
0.3843137254901961,0.2823529411764706,0.4470588235294118,13.000127493895004,243460
0.44313725490196076,0.3137254901960784,0.4470588235294118,5.000049036113463,486964
0.43529411764705883,0.37254901960784315,0.41568627450980394,21.000205951676545,403896
0.45098039215686275,0.34509803921568627,0.38823529411764707,77.00075515614733,403890
0.3764705882352941,0.27058823529411763,0.49019607843137253,96.00094149337849,242506
0.4823529411764706,0.26666666666666666,0.47058823529411764,14.000137301117697,275118
0.3803921568627451,0.3176470588235294,0.5098039215686274,23.00022556612193,106679
0.48627450980392156,0.35294117647058826,0.5019607843137255,6.000058843336156,492662
0.2784313725490196,0.39215686274509803,0.7294117647058823,22.000215758899238,522696
0.2901960784313726,0.3803921568627451,0.7019607843137254,12.000117686672311,61224
0.2784313725490196,0.41568627450980394,0.7019607843137254,196.00192221564777,549192
0.3058823529411765,0.4235294117647059,0.7215686274509804,124.00121609561388,469413
0.2627450980392157,0.396078431372549,0.7529411764705882,22.000215758899238,275112
0.2823529411764706,0.403921568627451,0.7372549019607844,19.00018633723116,525546
0.2784313725490196,0.4392156862745098,0.7411764705882353,420.0041190335309,533048
0.30196078431372547,0.4392156862745098,0.7568627450980392,199.00195163731584,531057
0.403921568627451,0.5764705882352941,0.7803921568627451,24.000235373344623,526822
0.4235294117647059,0.5686274509803921,0.788235294117647,126.00123571005926,540059
0.3843137254901961,0.6039215686274509,0.788235294117647,5.000049036113463,325423
0.43137254901960786,0.6,0.792156862745098,3.000029421668078,522102
0.4,0.5764705882352941,0.8196078431372549,164.0016083845216,414676
0.4117647058823529,0.5686274509803921,0.8,664.0065119958679,533398
0.403921568627451,0.6078431372549019,0.8235294117647058,5.000049036113463,221927
0.43137254901960786,0.6078431372549019,0.807843137254902,22.000215758899238,74907
0.043137254901960784,0.16862745098039217,0.3137254901960784,1.0000098072226926,400067
0.09803921568627451,0.23921568627450981,0.2901960784313726,1.0000098072226926,502815
0.0392156862745098,0.1568627450980392,0.3843137254901961,6.000058843336156,521631
0.06666666666666667,0.1607843137254902,0.3764705882352941,11.000107879449619,37554
0.12156862745098039,0.19607843137254902,0.32941176470588235,1.0000098072226926,548153
0.8784313725490196,0.5372549019607843,0.19607843137254902,1.0000098072226926,611476
0.8823529411764706,0.5607843137254902,0.20784313725490197,15.00014710834039,607679
0.06666666666666667,0.03137254901960784,0.38823529411764707,2.0000196144453852,95316
0.07058823529411765,0.03529411764705882,0.38823529411764707,293.00287351624894,100067
0.09411764705882353,0.0392156862745098,0.4117647058823529,99.00097091504657,104829
0.08627450980392157,0.047058823529411764,0.43137254901960786,243.0023831551143,5251
0.11764705882352941,0.050980392156862744,0.43529411764705883,344.00337368460623,83921
0.803921568627451,0.6352941176470588,0.3058823529411765,10.000098072226926,404106
0.8705882352941177,0.6352941176470588,0.27058823529411763,53.00051978280271,605655
0.8,0.7372549019607844,0.2627450980392157,28.000274602235393,336629
0.8509803921568627,0.7333333333333333,0.2784313725490196,27.0002647950127,379241
0.803921568627451,0.6666666666666666,0.37254901960784315,3.000029421668078,402220
0.8627450980392157,0.6588235294117647,0.34509803921568627,90.00088265004234,238093
0.7568627450980392,0.7254901960784313,0.36470588235294116,21.000205951676545,392557
0.8705882352941177,0.6941176470588235,0.3607843137254902,11.000107879449619,397460
0.5529411764705883,0.41568627450980394,0.27450980392156865,56.000549204470786,490540
0.5764705882352941,0.4392156862745098,0.28627450980392155,19.00018633723116,482936
0.5490196078431373,0.4980392156862745,0.3137254901960784,8.000078457781541,418349
0.5803921568627451,0.4549019607843137,0.3215686274509804,72.00070612003387,344411
0.5176470588235295,0.403921568627451,0.3607843137254902,27.0002647950127,606260
0.6039215686274509,0.4392156862745098,0.3843137254901961,14.000137301117697,390755
0.5607843137254902,0.4549019607843137,0.33725490196078434,15.00014710834039,485789
0.6078431372549019,0.44313725490196076,0.3607843137254902,32.000313831126164,240013
0.9450980392156862,0.9647058823529412,0.9098039215686274,13.000127493895004,314069
0.996078431372549,0.9686274509803922,0.8980392156862745,8.000078457781541,564862
0.9647058823529412,0.996078431372549,0.9019607843137255,30.00029421668078,23695
1.0,0.996078431372549,0.8941176470588236,467.0045799729975,52139
0.9529411764705882,0.9607843137254902,0.9372549019607843,71.00069631281117,315971
0.996078431372549,0.9725490196078431,0.9215686274509803,3.000029421668078,568660
0.9450980392156862,0.984313725490196,0.9490196078431372,34.00033344557155,104663
1.0,1.0,0.9333333333333333,335.00328541960204,46436
0.3764705882352941,0.33725490196078434,0.6,22.000215758899238,532194
0.43529411764705883,0.34509803921568627,0.6,489.0047957318967,62150
0.3764705882352941,0.37254901960784315,0.596078431372549,15.00014710834039,34581
0.43529411764705883,0.3568627450980392,0.592156862745098,302.0029617812532,238743
0.3764705882352941,0.3333333333333333,0.6313725490196078,7.000068650558848,380994
0.43529411764705883,0.34509803921568627,0.615686274509804,21.000205951676545,54563
0.38823529411764707,0.34901960784313724,0.6352941176470588,25.000245180567315,61222
0.43137254901960786,0.3764705882352941,0.6235294117647059,74.00072573447926,227352
0.33725490196078434,0.38823529411764707,0.11372549019607843,179.00175549286197,492310
0.3607843137254902,0.403921568627451,0.13333333333333333,136.0013337822862,499912
0.32941176470588235,0.41568627450980394,0.12156862745098039,17.000166722785774,497107
0.3607843137254902,0.4117647058823529,0.11372549019607843,621.0060902852921,482807
0.7647058823529411,0.9490196078431372,0.45098039215686275,264.0025891067909,111073
0.796078431372549,0.9725490196078431,0.47843137254901963,157.00153973396274,101615
0.7764705882352941,0.9764705882352941,0.47843137254901963,6.000058843336156,114841
0.796078431372549,0.9803921568627451,0.47843137254901963,32.000313831126164,101600
0.7686274509803922,0.9647058823529412,0.4823529411764706,53.00051978280271,116731
0.792156862745098,0.9725490196078431,0.49019607843137253,113.00110821616427,111998
0.7725490196078432,0.9803921568627451,0.4823529411764706,14.000137301117697,115785
0.807843137254902,0.9882352941176471,0.4980392156862745,308.00302062458934,103468
0.7568627450980392,0.6313725490196078,0.9686274509803922,330.00323638348857,295233
0.792156862745098,0.6470588235294118,0.9725490196078431,19.00018633723116,223473
0.7764705882352941,0.6666666666666666,0.9647058823529412,280.0027460223539,211150
0.8,0.6862745098039216,0.9686274509803922,308.00302062458934,313257
0.3058823529411765,0.06274509803921569,0.2627450980392157,12.000117686672311,104805
0.3333333333333333,0.06274509803921569,0.3215686274509804,26.000254987790008,4221
0.29411764705882354,0.08235294117647059,0.2901960784313726,35.00034325279424,7075
0.3607843137254902,0.07058823529411765,0.2901960784313726,60.00058843336156,120013
0.2784313725490196,0.050980392156862744,0.3333333333333333,2.0000196144453852,316503
0.3176470588235294,0.06274509803921569,0.3254901960784314,2.0000196144453852,108607
0.26666666666666666,0.08627450980392157,0.34509803921568627,32.000313831126164,105756
0.3607843137254902,0.07058823529411765,0.36470588235294116,65.00063746947502,2330
0.17647058823529413,0.4470588235294118,0.7647058823529411,5361.052576520855,109943
0.1803921568627451,0.44313725490196076,0.7647058823529411,128.00125532450465,139343
0.17647058823529413,0.45098039215686275,0.7647058823529411,873.0085617054107,142152
0.1803921568627451,0.4549019607843137,0.7686274509803922,4702.0461135611,137469
0.17647058823529413,0.4470588235294118,0.7764705882352941,121.00118667394581,74491
0.1803921568627451,0.4470588235294118,0.7725490196078432,42.00041190335309,138393
0.17647058823529413,0.45098039215686275,0.7764705882352941,1105.0108369810753,136284
0.1803921568627451,0.4549019607843137,0.7725490196078432,2520.0247142011854,148781
0.38823529411764707,0.26666666666666666,0.1568627450980392,7.000068650558848,514243
0.41568627450980394,0.3254901960784314,0.1803921568627451,3.000029421668078,360558
0.43529411764705883,0.3137254901960784,0.20392156862745098,2.0000196144453852,511393
0.43529411764705883,0.36470588235294116,0.25882352941176473,4.0000392288907705,522809
0.4549019607843137,0.3333333333333333,0.21568627450980393,15.00014710834039,508543
0.2784313725490196,0.5254901960784314,0.8941176470588236,14.000137301117697,327163
0.3137254901960784,0.5529411764705883,0.9058823529411765,71.00069631281117,160238
0.3058823529411765,0.5686274509803921,0.8941176470588236,6.000058843336156,336693
0.33725490196078434,0.5686274509803921,0.8901960784313725,139.00136320395427,350066
0.7686274509803922,0.6823529411764706,0.24313725490196078,18.000176530008467,332821
0.8431372549019608,0.6549019607843137,0.25882352941176473,14.000137301117697,415511
0.7803921568627451,0.7529411764705882,0.25882352941176473,125.00122590283658,320500
0.8352941176470589,0.7490196078431373,0.2549019607843137,72.00070612003387,414587
0.20392156862745098,0.10588235294117647,0.7254901960784313,165.00161819174429,260545
0.2196078431372549,0.10196078431372549,0.7058823529411765,442.00433479243014,284635
0.21176470588235294,0.10980392156862745,0.7333333333333333,54.0005295900254,258644
0.2196078431372549,0.10980392156862745,0.7411764705882353,249.00244199845045,259599
0.17254901960784313,0.37254901960784315,0.3058823529411765,4.0000392288907705,240885
0.21176470588235294,0.41568627450980394,0.3411764705882353,1.0000098072226926,241836
0.11372549019607843,0.26666666666666666,0.49019607843137253,2.0000196144453852,9929
0.20784313725490197,0.4627450980392157,0.4980392156862745,3.000029421668078,241835
0.9921568627450981,0.9921568627450981,1.0,1303.0127788111686,267734
0.996078431372549,0.996078431372549,1.0,1454.014259701795,272399
0.9921568627450981,1.0,1.0,1609.0157798213124,79056
1.0,1.0,1.0,9877.096865938534,94216
0.6705882352941176,0.6352941176470588,0.6666666666666666,26.000254987790008,396331
0.7019607843137254,0.6823529411764706,0.6588235294117647,45.00044132502117,564800
0.6392156862745098,0.7411764705882353,0.6862745098039216,11.000107879449619,345034
0.7450980392156863,0.7019607843137254,0.6392156862745098,17.000166722785774,565750
0.6784313725490196,0.6431372549019608,0.7333333333333333,38.00037267446232,364964
0.7098039215686275,0.6784313725490196,0.7176470588235294,33.00032363834886,578097
0.6392156862745098,0.7529411764705882,0.7137254901960784,28.000274602235393,406932
0.7490196078431373,0.7098039215686275,0.7019607843137254,21.000205951676545,394453
0.9686274509803922,0.8274509803921568,0.5333333333333333,105.00102975838273,548739
0.9764705882352941,0.8274509803921568,0.5333333333333333,203.0019908662066,563869
0.9764705882352941,0.8549019607843137,0.5372549019607843,5.000049036113463,554364
0.9686274509803922,0.8274509803921568,0.5568627450980392,112.00109840894157,561084
0.9725490196078431,0.8352941176470589,0.5686274509803921,430.00421710575785,538289
0.9647058823529412,0.8509803921568627,0.5568627450980392,5.000049036113463,242817
0.9764705882352941,0.8509803921568627,0.5725490196078431,15.00014710834039,555316
0.9058823529411765,0.20392156862745098,0.40784313725490196,104.00101995116003,5723
0.9215686274509803,0.20392156862745098,0.38823529411764707,126.00123571005926,25659
0.8862745098039215,0.2,0.44313725490196076,317.00310888959353,7666
0.9098039215686274,0.20392156862745098,0.4196078431372549,311.0030500462574,13324
0.6980392156862745,0.592156862745098,0.9058823529411765,72.00070612003387,482195
0.7294117647058823,0.592156862745098,0.8941176470588236,21.000205951676545,123016
0.7176470588235294,0.6274509803921569,0.8941176470588236,144.00141224006774,176285
0.7294117647058823,0.6235294117647059,0.9137254901960784,101.00099052949196,337914
0.7019607843137254,0.5803921568627451,0.9450980392156862,226.00221643232854,341735
0.7215686274509804,0.5803921568627451,0.9372549019607843,10.000098072226926,257119
0.6901960784313725,0.6196078431372549,0.9215686274509803,77.00075515614733,313529
0.7215686274509804,0.6,0.9215686274509803,202.00198105898392,342645
0.8784313725490196,0.7490196078431373,0.2549019607843137,6.000058843336156,372605
0.9647058823529412,0.9607843137254902,0.3254901960784314,52.000509975580016,344122
0.9803921568627451,0.9607843137254902,0.3254901960784314,394.0038640457409,333699
0.996078431372549,0.9803921568627451,0.3333333333333333,89.00087284281965,327056
0.9647058823529412,0.9450980392156862,0.3686274509803922,29.000284409458086,430926
0.996078431372549,0.9450980392156862,0.3764705882352941,252.00247142011852,359285
1.0,0.984313725490196,0.3607843137254902,32.000313831126164,323256
0.23921568627450981,0.4470588235294118,0.7647058823529411,995.0097581865791,561251
0.24705882352941178,0.4470588235294118,0.7647058823529411,3295.032314798772,574655
0.23921568627450981,0.4549019607843137,0.7686274509803922,454.00445247910244,525121
0.24313725490196078,0.4549019607843137,0.7686274509803922,2413.023664828357,511822
0.23921568627450981,0.44313725490196076,0.7725490196078432,3815.0374145545725,563250
0.24313725490196078,0.44313725490196076,0.7725490196078432,1075.0105427643946,551893
0.23921568627450981,0.45098039215686275,0.7764705882352941,649.0063648875275,545099
0.24705882352941178,0.4549019607843137,0.7725490196078432,796.0078065492634,440942
0.43529411764705883,0.5333333333333333,0.5490196078431373,48.000470746689246,333738
0.4666666666666667,0.5568627450980392,0.5215686274509804,26.000254987790008,395450
0.403921568627451,0.611764705882353,0.5137254901960784,20.000196144453852,220963
0.49411764705882355,0.5882352941176471,0.5450980392156862,26.000254987790008,426887
0.40784313725490196,0.5215686274509804,0.5764705882352941,34.00033344557155,417442
0.47058823529411764,0.5058823529411764,0.596078431372549,25.000245180567315,418158
0.41568627450980394,0.5843137254901961,0.5764705882352941,15.00014710834039,175437
0.49019607843137253,0.6235294117647059,0.596078431372549,15.00014710834039,478116
0.44313725490196076,0.3843137254901961,0.6431372549019608,85.00083361392888,46016
0.49019607843137253,0.4,0.6588235294117647,97.00095130060119,33649
0.4627450980392157,0.4117647058823529,0.6431372549019608,31.00030402390347,35551
0.4745098039215686,0.42745098039215684,0.6627450980392157,280.0027460223539,223863
0.4470588235294118,0.396078431372549,0.6705882352941176,18.000176530008467,149537
0.47058823529411764,0.3803921568627451,0.6901960784313725,35.00034325279424,149536
0.4549019607843137,0.4117647058823529,0.6823529411764706,16.000156915563082,351151
0.48627450980392156,0.43137254901960786,0.6745098039215687,272.0026675645724,226719
0.7647058823529411,0.7058823529411765,0.9803921568627451,157.00153973396274,136405
0.8117647058823529,0.7098039215686275,0.9725490196078431,365.0035796362828,317963
0.7725490196078432,0.7333333333333333,0.9568627450980393,82.0008041922608,297151
0.803921568627451,0.7254901960784313,0.9725490196078431,214.0020987456562,321863
0.803921568627451,0.7490196078431373,0.984313725490196,9.000088265004234,134502
0.3176470588235294,0.5098039215686274,0.8392156862745098,550.005393972481,285975
0.32941176470588235,0.5058823529411764,0.8274509803921568,106.00103956560542,427443
0.3215686274509804,0.5294117647058824,0.8352941176470589,330.00323638348857,29662
0.32941176470588235,0.5294117647058824,0.8274509803921568,181.00177510730737,5911
0.3176470588235294,0.5176470588235295,0.8431372549019608,745.007306380906,266977
0.32941176470588235,0.5176470588235295,0.8470588235294118,136.0013337822862,263196
0.3254901960784314,0.5294117647058824,0.8470588235294118,547.0053645508128,276589
0.33725490196078434,0.5294117647058824,0.8509803921568627,612.0060020202878,287863
0.5137254901960784,0.3764705882352941,0.17647058823529413,161.0015789628535,350136
0.6235294117647059,0.3686274509803922,0.1411764705882353,7.000068650558848,267507
0.5372549019607843,0.3764705882352941,0.2235294117647059,29.000284409458086,611031
0.5647058823529412,0.37254901960784315,0.22745098039215686,3.000029421668078,414476
0.7647058823529411,0.7686274509803922,0.9098039215686274,19.00018633723116,389152
0.8117647058823529,0.7686274509803922,0.9019607843137255,10.000098072226926,131652
0.7568627450980392,0.8156862745098039,0.9019607843137255,508.00498206912783,482287
0.803921568627451,0.8156862745098039,0.9019607843137255,19.00018633723116,515475
0.7607843137254902,0.7686274509803922,0.9215686274509803,10.000098072226926,606753
0.788235294117647,0.7568627450980392,0.9450980392156862,44.000431517798475,102181
0.7529411764705882,0.8156862745098039,0.9254901960784314,149.0014612761812,397048
0.807843137254902,0.788235294117647,0.9411764705882353,22.000215758899238,298123
0.3764705882352941,0.20784313725490197,0.8549019607843137,93.00091207171042,343704
0.43529411764705883,0.21568627450980393,0.8509803921568627,137.00134358950888,381653
0.38823529411764707,0.25098039215686274,0.8431372549019608,24.000235373344623,410083
0.4196078431372549,0.2235294117647059,0.8470588235294118,13.000127493895004,413890
0.3843137254901961,0.20392156862745098,0.8627450980392157,89.00087284281965,345601
0.41568627450980394,0.2,0.8823529411764706,199.00195163731584,311267
0.38823529411764707,0.2235294117647059,0.8627450980392157,30.00029421668078,342753
0.43137254901960786,0.25098039215686274,0.8862745098039215,196.00192221564777,348441
0.8392156862745098,0.7176470588235294,0.9803921568627451,210.00205951676546,220642
0.8549019607843137,0.7098039215686275,0.9803921568627451,3.000029421668078,219684
0.8352941176470589,0.7450980392156863,0.9725490196078431,413.004050382972,297109
0.8549019607843137,0.7450980392156863,0.9803921568627451,87.00085322837425,319871
0.8352941176470589,0.7490196078431373,0.984313725490196,44.000431517798475,207343
0.8627450980392157,0.7490196078431373,0.984313725490196,21.000205951676545,95504
0.8784313725490196,0.8392156862745098,0.9686274509803922,149.0014612761812,297190
0.9098039215686274,0.8392156862745098,0.9725490196078431,54.0005295900254,320825
0.9019607843137255,0.8705882352941177,0.9686274509803922,56.000549204470786,301935
0.9372549019607843,0.8666666666666667,0.9764705882352941,80.00078457781541,123084
0.9058823529411765,0.8431372549019608,0.984313725490196,185.00181433619812,328432
0.9137254901960784,0.8313725490196079,0.984313725490196,124.00121609561388,307547
0.8784313725490196,0.8627450980392157,0.9882352941176471,54.0005295900254,284857
0.9333333333333333,0.8549019607843137,0.9882352941176471,72.00070612003387,304687
0.5803921568627451,0.45098039215686275,0.9137254901960784,25.000245180567315,375874
0.6235294117647059,0.4588235294117647,0.9176470588235294,89.00087284281965,363530
0.592156862745098,0.4823529411764706,0.9058823529411765,14.000137301117697,488847
0.611764705882353,0.4745098039215686,0.9137254901960784,18.000176530008467,376820
0.5843137254901961,0.4666666666666667,0.9254901960784314,32.000313831126164,365426
0.6078431372549019,0.4470588235294118,0.9333333333333333,492.00482515356475,328477
0.5803921568627451,0.49019607843137253,0.9411764705882353,13.000127493895004,261679
0.6235294117647059,0.4823529411764706,0.9333333333333333,89.00087284281965,361658
0.6431372549019608,0.7803921568627451,0.6745098039215687,56.000549204470786,416420
0.6901960784313725,0.7647058823529411,0.6784313725490196,15.00014710834039,413801
0.6627450980392157,0.8784313725490196,0.6705882352941176,13.000127493895004,117654
0.7058823529411765,0.8431372549019608,0.6549019607843137,18.000176530008467,166131
0.6470588235294118,0.8156862745098039,0.7215686274509804,24.000235373344623,194685
0.7294117647058823,0.788235294117647,0.7176470588235294,21.000205951676545,463182
0.6705882352941176,0.8745098039215686,0.7098039215686275,14.000137301117697,111953
0.6941176470588235,0.8196078431372549,0.7411764705882353,32.000313831126164,183254
0.28627450980392155,0.5176470588235295,0.8274509803921568,407.0039915396359,117428
0.30980392156862746,0.5176470588235295,0.8352941176470589,445.0043642140982,460590
0.2823529411764706,0.5215686274509804,0.8352941176470589,487.0047761174513,204040
0.30196078431372547,0.5294117647058824,0.8392156862745098,601.0058941408382,223066
0.2823529411764706,0.5098039215686274,0.8470588235294118,194.00190260120237,223402
0.3058823529411765,0.5137254901960784,0.8509803921568627,328.0032167690432,272738
0.29411764705882354,0.5294117647058824,0.8549019607843137,462.004530936884,179719
0.30196078431372547,0.5294117647058824,0.8549019607843137,149.0014612761812,360972
0.6274509803921569,0.5215686274509804,0.5686274509803921,13.000127493895004,606746
0.7098039215686275,0.5529411764705883,0.5686274509803921,6.000058843336156,608646
0.6862745098039216,0.615686274509804,0.5372549019607843,17.000166722785774,408844
0.7411764705882353,0.6274509803921569,0.5254901960784314,17.000166722785774,404972
0.6313725490196078,0.5450980392156862,0.592156862745098,41.0004020961304,377299
0.7411764705882353,0.5098039215686274,0.611764705882353,3.000029421668078,513165
0.6627450980392157,0.5803921568627451,0.5843137254901961,88.00086303559695,392624
0.7450980392156863,0.5764705882352941,0.5764705882352941,5.000049036113463,609596
0.5294117647058824,0.6431372549019608,0.28627450980392155,29.000284409458086,453372
0.592156862745098,0.6470588235294118,0.27058823529411763,12.000117686672311,185919
0.5333333333333333,0.7529411764705882,0.29411764705882354,45.00044132502117,150926
0.5882352941176471,0.6980392156862745,0.3176470588235294,3.000029421668078,217156
0.5529411764705883,0.6509803921568628,0.3333333333333333,16.000156915563082,238059
0.592156862745098,0.6745098039215687,0.34901960784313724,7.000068650558848,182119
0.5450980392156862,0.7529411764705882,0.33725490196078434,70.00068650558848,143319
0.6235294117647059,0.7372549019607844,0.3411764705882353,6.000058843336156,215252
0.7137254901960784,0.8980392156862745,0.39215686274509803,145.00142204729042,113024
0.7254901960784313,0.9058823529411765,0.41568627450980394,21.000205951676545,112079
0.7137254901960784,0.9137254901960784,0.41568627450980394,8.000078457781541,121496
0.7411764705882353,0.9333333333333333,0.41568627450980394,226.00221643232854,110150
0.7137254901960784,0.8941176470588236,0.4235294117647059,25.000245180567315,113038
0.7333333333333333,0.9098039215686274,0.4392156862745098,27.0002647950127,111137
0.7098039215686275,0.9137254901960784,0.4196078431372549,48.000470746689246,124331
0.7372549019607844,0.9254901960784314,0.4196078431372549,250.00245180567316,115817
0.9568627450980393,0.9529411764705882,0.4745098039215686,23.00022556612193,416649
0.984313725490196,0.9686274509803922,0.47843137254901963,260.0025498779001,418549
0.9490196078431372,0.9921568627450981,0.47843137254901963,2.0000196144453852,178293
0.9921568627450981,0.9764705882352941,0.47058823529411764,80.00078457781541,432809
0.9490196078431372,0.9529411764705882,0.4980392156862745,6.000058843336156,177342
0.984313725490196,0.9607843137254902,0.5019607843137255,246.00241257678238,430903
0.9686274509803922,0.984313725490196,0.49411764705882355,1.0000098072226926,315667
0.9921568627450981,0.9764705882352941,0.4823529411764706,130.00127493895005,340315
0.16470588235294117,0.4235294117647059,0.7137254901960784,133.00130436061812,9159
0.17647058823529413,0.4235294117647059,0.7137254901960784,21.000205951676545,29859
0.16862745098039217,0.42745098039215684,0.7137254901960784,3.000029421668078,18542
0.17647058823529413,0.43529411764705883,0.7019607843137254,19.00018633723116,4211
0.1568627450980392,0.4117647058823529,0.7215686274509804,2537.024880923971,37623
0.1843137254901961,0.41568627450980394,0.7215686274509804,38.00037267446232,29832
0.16862745098039217,0.42745098039215684,0.7254901960784313,127.00124551728196,6387
0.17647058823529413,0.42745098039215684,0.7215686274509804,112.00109840894157,10883
0.6588235294117647,0.15294117647058825,0.5686274509803921,21.000205951676545,515864
0.6431372549019608,0.24313725490196078,0.5176470588235295,1.0000098072226926,153495
0.6901960784313725,0.25098039215686274,0.5137254901960784,3.000029421668078,154445
0.6313725490196078,0.14901960784313725,0.5882352941176471,148.00145146895852,515869
0.7058823529411765,0.1803921568627451,0.6274509803921569,9.000088265004234,497820
0.6431372549019608,0.21176470588235294,0.6352941176470588,3.000029421668078,149695
0.7333333333333333,0.22745098039215686,0.611764705882353,1.0000098072226926,16229
0.9098039215686274,0.8823529411764706,0.2901960784313726,1.0000098072226926,465090
0.8941176470588236,0.8862745098039215,0.29411764705882354,38.00037267446232,443283
0.9176470588235294,0.8862745098039215,0.2980392156862745,596.0058451047248,460364
0.9333333333333333,0.9176470588235294,0.3058823529411765,107.0010493728281,339430
0.6274509803921569,0.5176470588235295,0.7686274509803922,14.000137301117697,408522
0.6588235294117647,0.5176470588235295,0.7843137254901961,8.000078457781541,399046
0.6313725490196078,0.5411764705882353,0.792156862745098,7.000068650558848,161961
0.6666666666666666,0.5647058823529412,0.7686274509803922,15.00014710834039,235997
0.6431372549019608,0.5333333333333333,0.8,61.00059824058425,162912
0.6745098039215687,0.5176470588235295,0.8235294117647058,594.0058254902794,166755
0.6313725490196078,0.5411764705882353,0.8235294117647058,15.00014710834039,284236
0.6784313725490196,0.5372549019607843,0.8235294117647058,26.000254987790008,279452
0.2235294117647059,0.44313725490196076,0.7803921568627451,1159.0113665711008,472085
0.22745098039215686,0.44313725490196076,0.7843137254901961,3873.0379833734887,507178
0.2235294117647059,0.45098039215686275,0.7843137254901961,911.0089343798729,413162
0.22745098039215686,0.45098039215686275,0.7803921568627451,872.008551898188,479550
0.2235294117647059,0.4470588235294118,0.792156862745098,737.0072279231244,455873
0.23137254901960785,0.44313725490196076,0.788235294117647,243.0023831551143,451503
0.2235294117647059,0.45098039215686275,0.792156862745098,1347.013210328967,421710
0.23137254901960785,0.4549019607843137,0.788235294117647,2663.0261166340306,496665
0.22745098039215686,0.41568627450980394,0.7764705882352941,5.000049036113463,359424
0.24705882352941178,0.4235294117647059,0.7686274509803922,12.000117686672311,489360
0.2235294117647059,0.43529411764705883,0.7686274509803922,1501.0147206412616,520573
0.24705882352941178,0.4392156862745098,0.7647058823529411,639.0062668153006,583162
0.2235294117647059,0.4196078431372549,0.792156862745098,1.0000098072226926,373700
0.24313725490196078,0.4235294117647059,0.788235294117647,5.000049036113463,378448
0.2235294117647059,0.4392156862745098,0.7803921568627451,701.0068748631076,508191
0.23921568627450981,0.4392156862745098,0.792156862745098,80.00078457781541,418289
0.25098039215686274,0.5137254901960784,0.8313725490196079,1307.0128180400593,150362
0.26666666666666666,0.5176470588235295,0.8274509803921568,1030.0101014393733,117101
0.2627450980392157,0.5254901960784314,0.8352941176470589,43.00042171057578,301614
0.2784313725490196,0.5254901960784314,0.8352941176470589,222.00217720343775,172159
0.2627450980392157,0.5058823529411764,0.8431372549019608,68.0006668911431,205373
0.27058823529411763,0.5176470588235295,0.8431372549019608,195.00191240842506,177841
0.2549019607843137,0.5215686274509804,0.8431372549019608,13.000127493895004,154602
0.27058823529411763,0.5294117647058824,0.8431372549019608,57.00055901169348,328118
0.6862745098039216,0.5254901960784314,0.17254901960784313,7.000068650558848,372599
0.7137254901960784,0.5450980392156862,0.1843137254901961,79.00077477059271,373551
0.6313725490196078,0.615686274509804,0.19215686274509805,11.000107879449619,189714
0.7372549019607844,0.5725490196078431,0.18823529411764706,2.0000196144453852,374490
0.6588235294117647,0.5058823529411764,0.23921568627450981,6.000058843336156,377345
0.7411764705882353,0.5254901960784314,0.21176470588235294,62.00060804780694,245695
0.6392156862745098,0.615686274509804,0.2,9.000088265004234,186867
0.7294117647058823,0.5725490196078431,0.25882352941176473,7.000068650558848,402219
0.01568627450980392,0.050980392156862744,0.45098039215686275,339.0033246484928,511193
0.043137254901960784,0.050980392156862744,0.47843137254901963,35.00034325279424,486472
0.0,0.058823529411764705,0.4980392156862745,249.00244199845045,487451
0.054901960784313725,0.054901960784313725,0.5098039215686274,101.00099052949196,44329
0.3803921568627451,0.25882352941176473,0.5411764705882353,79.00077477059271,349615
0.42745098039215684,0.26666666666666666,0.5411764705882353,13.000127493895004,160913
0.396078431372549,0.2980392156862745,0.5411764705882353,158.00154954118543,165673
0.41568627450980394,0.29411764705882354,0.5372549019607843,44.000431517798475,230158
0.38823529411764707,0.25882352941176473,0.5490196078431373,137.00134358950888,371488
0.4196078431372549,0.26666666666666666,0.5607843137254902,101.00099052949196,374344
0.396078431372549,0.3058823529411765,0.5490196078431373,87.00085322837425,166628
0.40784313725490196,0.30980392156862746,0.5529411764705883,99.00097091504657,160924
0.9411764705882353,0.7098039215686275,0.4,50.00049036113463,602909
0.9568627450980393,0.7333333333333333,0.403921568627451,377.00369732295513,582854
0.9411764705882353,0.7215686274509804,0.43529411764705883,28.000274602235393,392712
0.9647058823529412,0.7529411764705882,0.42745098039215684,263.00257929956814,590531
0.9098039215686274,0.9215686274509803,0.9607843137254902,176.0017260711939,444150
0.9372549019607843,0.9137254901960784,0.9607843137254902,19.00018633723116,336911
0.9215686274509803,0.9411764705882353,0.9647058823529412,1560.0152992674005,436513
0.9254901960784314,0.9294117647058824,0.9607843137254902,618.006060863624,433603
0.9098039215686274,0.9254901960784314,0.9686274509803922,40.000392288907705,429873
0.9254901960784314,0.9215686274509803,0.9686274509803922,20.000196144453852,427905
0.9137254901960784,0.9294117647058824,0.9686274509803922,192.00188298675698,424172
0.9294117647058824,0.9411764705882353,0.9686274509803922,243.0023831551143,445978
0.4588235294117647,0.4,0.45098039215686275,88.00086303559695,404855
0.47058823529411764,0.40784313725490196,0.47058823529411764,100.00098072226926,395356
0.4666666666666667,0.4117647058823529,0.4627450980392157,19.00018633723116,408655
0.4823529411764706,0.4196078431372549,0.47058823529411764,133.00130436061812,409608
0.4470588235294118,0.3843137254901961,0.4823529411764706,1.0000098072226926,423104
0.4666666666666667,0.41568627450980394,0.48627450980392156,111.00108860171888,394415
0.49019607843137253,0.43137254901960786,0.49411764705882355,265.00259891401356,409615
0.9176470588235294,0.9529411764705882,0.9882352941176471,753.0073848386876,43547
0.9254901960784314,0.9529411764705882,0.996078431372549,263.00257929956814,75305
0.9176470588235294,0.9686274509803922,0.9921568627450981,720.0070612003387,62881
0.9254901960784314,0.9607843137254902,0.996078431372549,1091.0106996799577,13085
0.9372549019607843,0.9725490196078431,1.0,12.000117686672311,233661
0.9647058823529412,0.9725490196078431,0.5294117647058824,16.000156915563082,419521
0.9921568627450981,0.9568627450980393,0.5215686274509804,266.00260872123624,422356
0.9607843137254902,0.9921568627450981,0.5372549019607843,1.0000098072226926,178294
1.0,0.984313725490196,0.5333333333333333,136.0013337822862,337446
0.9490196078431372,0.9450980392156862,0.5450980392156862,15.00014710834039,406026
0.984313725490196,0.9568627450980393,0.5607843137254902,71.00069631281117,417614
0.9686274509803922,0.984313725490196,0.5607843137254902,4.0000392288907705,177343
1.0,0.9882352941176471,0.5568627450980392,199.00195163731584,421395
0.6588235294117647,0.42745098039215684,0.3176470588235294,13.000127493895004,601994
0.6901960784313725,0.43137254901960786,0.2901960784313726,3.000029421668078,597243
0.6666666666666666,0.45098039215686275,0.2627450980392157,66.00064727669772,479128
0.7254901960784313,0.4588235294117647,0.2784313725490196,33.00032363834886,397470
0.6274509803921569,0.43137254901960786,0.37254901960784315,11.000107879449619,599144
0.6901960784313725,0.4392156862745098,0.3333333333333333,2.0000196144453852,610545
0.6784313725490196,0.45098039215686275,0.3686274509803922,33.00032363834886,608645
0.7176470588235294,0.49019607843137253,0.3411764705882353,14.000137301117697,396454
0.20392156862745098,0.11764705882352941,0.7843137254901961,111.00108860171888,280903
0.22745098039215686,0.11372549019607843,0.7725490196078432,487.0047761174513,296094
0.21176470588235294,0.11764705882352941,0.8,41.0004020961304,289451
0.24705882352941178,0.12549019607843137,0.796078431372549,46.00045113224386,248207
0.5764705882352941,0.4666666666666667,0.7843137254901961,154.00151031229467,292764
0.6235294117647059,0.4666666666666667,0.7725490196078432,109.0010689872735,310692
0.5803921568627451,0.5019607843137255,0.7686274509803922,46.00045113224386,207703
0.6,0.49019607843137253,0.792156862745098,54.0005295900254,287058
0.5843137254901961,0.47058823529411764,0.8,56.000549204470786,312607
0.6039215686274509,0.4666666666666667,0.8,15.00014710834039,313553
0.5686274509803921,0.4745098039215686,0.8,169.00165742063504,293726
0.596078431372549,0.49019607843137253,0.803921568627451,74.00072573447926,290868
0.12549019607843137,0.050980392156862744,0.45098039215686275,207.00203009509738,96282
0.16470588235294117,0.054901960784313725,0.47058823529411764,9.000088265004234,455706
0.1450980392156863,0.058823529411764705,0.5098039215686274,434.0042563346486,54771
0.17254901960784313,0.058823529411764705,0.5019607843137255,27.0002647950127,455708
0.9568627450980393,0.9098039215686274,0.9803921568627451,81.0007943850381,311141
0.9803921568627451,0.9098039215686274,0.9803921568627451,3.000029421668078,121195
0.9450980392156862,0.9294117647058824,0.9803921568627451,98.00096110782388,398655
0.984313725490196,0.9372549019607843,0.9725490196078431,20.000196144453852,124042
0.9607843137254902,0.8862745098039215,0.9921568627450981,67.0006570839204,314194
0.9803921568627451,0.8862745098039215,0.9921568627450981,104.00101995116003,130696
0.9490196078431372,0.9372549019607843,0.9882352941176471,104.00101995116003,347352
0.9921568627450981,0.9411764705882353,0.996078431372549,195.00191240842506,132592
0.26666666666666666,0.40784313725490196,0.7725490196078432,17.000166722785774,469388
0.2823529411764706,0.40784313725490196,0.7725490196078432,17.000166722785774,514047
0.2784313725490196,0.4392156862745098,0.7686274509803922,342.00335407016087,486410
0.30196078431372547,0.43529411764705883,0.7686274509803922,129.00126513172734,488310
0.2549019607843137,0.38823529411764707,0.807843137254902,9.000088265004234,478907
0.2823529411764706,0.40784313725490196,0.8117647058823529,11.000107879449619,379828
0.2784313725490196,0.43529411764705883,0.8117647058823529,107.0010493728281,382678
0.2823529411764706,0.4392156862745098,0.8117647058823529,36.000353060016934,384795
0.7137254901960784,0.592156862745098,0.9529411764705882,267.0026185284589,345529
0.7294117647058823,0.5764705882352941,0.9725490196078431,130.00127493895005,218729
0.7176470588235294,0.6,0.9529411764705882,46.00045113224386,298094
0.7294117647058823,0.6039215686274509,0.9529411764705882,219.00214778176968,329396
0.011764705882352941,0.03137254901960784,0.396078431372549,101.00099052949196,502620
0.03137254901960784,0.03137254901960784,0.39215686274509803,9.000088265004234,505470
0.0,0.03529411764705882,0.4117647058823529,210.00205951676546,514985
0.043137254901960784,0.03529411764705882,0.396078431372549,44.000431517798475,110550
0.0,0.043137254901960784,0.44313725490196076,251.00246161289584,496932
0.054901960784313725,0.043137254901960784,0.44313725490196076,46.00045113224386,36609
0.6274509803921569,0.5215686274509804,0.8352941176470589,164.0016083845216,280423
0.6666666666666666,0.5137254901960784,0.8274509803921568,220.00215758899236,163897
0.6509803921568628,0.5450980392156862,0.8470588235294118,71.00069631281117,282314
0.6784313725490196,0.5529411764705883,0.8431372549019608,52.000509975580016,171466
0.6470588235294118,0.5215686274509804,0.8588235294117647,22.000215758899238,282331
0.6588235294117647,0.5215686274509804,0.8666666666666667,10.000098072226926,283283
0.6392156862745098,0.5647058823529412,0.8627450980392157,85.00083361392888,338023
0.6588235294117647,0.5490196078431373,0.8627450980392157,34.00033344557155,277572
0.9411764705882353,0.6980392156862745,0.34901960784313724,87.00085322837425,597218
0.9411764705882353,0.7254901960784313,0.34901960784313724,2.0000196144453852,589545
0.9411764705882353,0.6980392156862745,0.3607843137254902,258.0025302634547,582022
0.9450980392156862,0.7254901960784313,0.37254901960784315,309.003030431812,586693
0.6901960784313725,0.4627450980392157,0.1568627450980392,104.00101995116003,253307
0.7294117647058823,0.4470588235294118,0.1568627450980392,111.00108860171888,392645
0.7058823529411765,0.47843137254901963,0.16470588235294117,88.00086303559695,259950
0.7294117647058823,0.4823529411764706,0.16470588235294117,18.000176530008467,412656
0.6901960784313725,0.4666666666666667,0.19215686274509805,31.00030402390347,241908
0.7333333333333333,0.4627450980392157,0.1803921568627451,14.000137301117697,412584
0.7058823529411765,0.49411764705882355,0.17647058823529413,103.00101014393734,257078
0.7294117647058823,0.4823529411764706,0.17647058823529413,183.00179472175276,272288
0.6352941176470588,0.5215686274509804,0.9529411764705882,97.00095130060119,373971
0.6588235294117647,0.5098039215686274,0.9607843137254902,293.00287351624894,358812
0.6509803921568628,0.5490196078431373,0.9647058823529412,19.00018633723116,366072
0.6705882352941176,0.5372549019607843,0.9529411764705882,242.00237334789162,245743
0.8352941176470589,0.984313725490196,0.5843137254901961,34.00033344557155,111960
0.8666666666666667,0.9882352941176471,0.5803921568627451,460.0045113224386,91123
0.8431372549019608,0.984313725490196,0.6196078431372549,7.000068650558848,109108
0.8745098039215686,0.9921568627450981,0.611764705882353,148.00145146895852,80738
0.7137254901960784,0.6470588235294118,0.9137254901960784,136.0013337822862,330422
0.7254901960784313,0.6313725490196078,0.9019607843137255,68.0006668911431,185760
0.7137254901960784,0.6627450980392157,0.9137254901960784,27.0002647950127,313344
0.7215686274509804,0.6627450980392157,0.9176470588235294,24.000235373344623,323781
0.7176470588235294,0.6588235294117647,0.9254901960784314,79.00077477059271,298161
0.7411764705882353,0.6352941176470588,0.9254901960784314,119.00116705950042,337913
0.7019607843137254,0.6745098039215687,0.9254901960784314,29.000284409458086,184788
0.7450980392156863,0.6862745098039216,0.9490196078431372,157.00153973396274,316190
0.5254901960784314,0.6941176470588235,0.9137254901960784,10.000098072226926,314982
0.5372549019607843,0.6941176470588235,0.9019607843137255,186.00182414342083,465265
0.5411764705882353,0.7411764705882353,0.9019607843137255,3.000029421668078,72447
0.5294117647058824,0.6941176470588235,0.9411764705882353,29.000284409458086,132221
0.5568627450980392,0.6941176470588235,0.9490196078431372,406.0039817324132,183353
0.5254901960784314,0.7372549019607844,0.9294117647058824,1.0000098072226926,180095
0.5490196078431373,0.7254901960784313,0.9294117647058824,1.0000098072226926,191580
0.1843137254901961,0.4627450980392157,0.7803921568627451,2714.0266168023877,144171
0.1843137254901961,0.4666666666666667,0.7843137254901961,1142.011199848315,196271
0.1803921568627451,0.4588235294117647,0.788235294117647,4543.044554212693,199962
0.1843137254901961,0.4666666666666667,0.792156862745098,1717.0168390013632,188458
0.5647058823529412,0.7764705882352941,0.2823529411764706,130.00127493895005,173757
0.596078431372549,0.7843137254901961,0.27058823529411763,1.0000098072226926,175678
0.5882352941176471,0.788235294117647,0.26666666666666666,174.0017064567485,172825
0.596078431372549,0.792156862745098,0.27058823529411763,133.00130436061812,174726
0.5764705882352941,0.7803921568627451,0.3058823529411765,47.00046093946655,193789
0.5843137254901961,0.796078431372549,0.2980392156862745,68.0006668911431,190898
0.6078431372549019,0.796078431372549,0.29411764705882354,70.00068650558848,177570
0.5058823529411764,0.4549019607843137,0.5294117647058824,116.00113763783234,385879
0.5568627450980392,0.47058823529411764,0.5137254901960784,31.00030402390347,413429
0.5137254901960784,0.4823529411764706,0.5137254901960784,96.00094149337849,391586
0.5529411764705883,0.4980392156862745,0.5137254901960784,75.00073554170194,408693
0.5137254901960784,0.47058823529411764,0.5450980392156862,15.00014710834039,391582
0.5411764705882353,0.4666666666666667,0.5450980392156862,4.0000392288907705,414365
0.5215686274509804,0.4823529411764706,0.5607843137254902,159.00155934840814,400140
0.5372549019607843,0.4823529411764706,0.5450980392156862,125.00122590283658,404891
0.3843137254901961,0.3254901960784314,0.7098039215686275,42.00041190335309,354950
0.43137254901960786,0.3176470588235294,0.7215686274509804,50.00049036113463,359872
0.4,0.36470588235294116,0.7058823529411765,22.000215758899238,363872
0.4117647058823529,0.35294117647058826,0.7254901960784313,15.00014710834039,317444
0.4,0.3333333333333333,0.7411764705882353,92.00090226448772,327638
0.40784313725490196,0.3176470588235294,0.7529411764705882,342.00335407016087,333329
0.403921568627451,0.35294117647058826,0.7411764705882353,24.000235373344623,486935
0.4117647058823529,0.3568627450980392,0.7372549019607844,29.000284409458086,517774
0.9607843137254902,0.9529411764705882,0.41568627450980394,26.000254987790008,426176
0.996078431372549,0.9686274509803922,0.396078431372549,236.00231450455544,349800
1.0,0.9803921568627451,0.396078431372549,40.000392288907705,318514
0.9686274509803922,0.9450980392156862,0.4235294117647059,7.000068650558848,433769
1.0,0.9725490196078431,0.4470588235294118,234.00229489011008,333675
0.9411764705882353,0.9921568627450981,0.4470588235294118,3.000029421668078,179244
0.9921568627450981,0.9764705882352941,0.43137254901960786,65.00063746947502,342216
0.1843137254901961,0.4627450980392157,0.8,6606.064786513108,246530
0.1843137254901961,0.4666666666666667,0.8,2336.02290967221,182788
0.17647058823529413,0.4588235294117647,0.807843137254902,3.000029421668078,182020
0.1803921568627451,0.4627450980392157,0.803921568627451,261.0025596851228,231284
0.1843137254901961,0.4666666666666667,0.807843137254902,549.0053841652582,300626
0.9686274509803922,0.9529411764705882,0.6666666666666666,9.000088265004234,423288
1.0,0.9725490196078431,0.6588235294117647,51.00050016835732,322252
0.9647058823529412,0.9764705882352941,0.6509803921568628,4.0000392288907705,408868
1.0,0.9764705882352941,0.6666666666666666,155.00152011951735,318478
0.9647058823529412,0.9647058823529412,0.6862745098039216,4.0000392288907705,334590
0.9725490196078431,0.9725490196078431,0.6705882352941176,22.000215758899238,408871
0.9490196078431372,0.9921568627450981,0.6941176470588235,134.0013141678408,74979
1.0,0.984313725490196,0.6745098039215687,228.00223604677393,309946
0.3176470588235294,0.48627450980392156,0.7764705882352941,109.0010689872735,464333
0.3333333333333333,0.47843137254901963,0.7686274509803922,30.00029421668078,426647
0.3137254901960784,0.49411764705882355,0.7686274509803922,738.0072377303471,553535
0.32941176470588235,0.4980392156862745,0.7647058823529411,298.0029225523624,499100
0.3176470588235294,0.48627450980392156,0.7803921568627451,99.00097091504657,597881
0.32941176470588235,0.4823529411764706,0.7803921568627451,12.000117686672311,572576
0.3254901960784314,0.4980392156862745,0.7843137254901961,810.007943850381,577130
0.3333333333333333,0.49411764705882355,0.792156862745098,320.00313831126164,554523
0.9686274509803922,0.8392156862745098,0.6549019607843137,12.000117686672311,532585
0.9725490196078431,0.8470588235294118,0.6431372549019608,10.000098072226926,529696
0.9686274509803922,0.8588235294117647,0.6392156862745098,64.00062766225233,530646
0.984313725490196,0.8784313725490196,0.6509803921568628,460.0045113224386,542039
0.9686274509803922,0.8274509803921568,0.6745098039215687,14.000137301117697,544867
0.9725490196078431,0.8235294117647058,0.6941176470588235,2.0000196144453852,398398
0.9647058823529412,0.8627450980392157,0.6784313725490196,26.000254987790008,542974
0.9764705882352941,0.8705882352941177,0.6823529411764706,14.000137301117697,544877
0.15294117647058825,0.27058823529411763,0.5176470588235295,12.000117686672311,175196
0.20784313725490197,0.28627450980392155,0.5254901960784314,23.00022556612193,547287
0.17254901960784313,0.3215686274509804,0.5333333333333333,2.0000196144453852,401018
0.19607843137254902,0.37254901960784315,0.5686274509803921,24.000235373344623,264650
0.1803921568627451,0.2901960784313726,0.6352941176470588,25.000245180567315,119093
0.2235294117647059,0.2784313725490196,0.611764705882353,18.000176530008467,77264
0.1843137254901961,0.3411764705882353,0.6196078431372549,10.000098072226926,69773
0.2235294117647059,0.35294117647058826,0.6039215686274509,35.00034325279424,413355
0.8235294117647058,0.7686274509803922,0.26666666666666666,65.00063746947502,424032
0.8705882352941177,0.7843137254901961,0.27058823529411763,17.000166722785774,422134
0.8392156862745098,0.8117647058823529,0.26666666666666666,289.00283428735816,470819
0.8627450980392157,0.796078431372549,0.26666666666666666,159.00155934840814,424085
0.8313725490196079,0.7764705882352941,0.29411764705882354,10.000098072226926,329985
0.8470588235294118,0.7764705882352941,0.3137254901960784,2.0000196144453852,431678
0.8392156862745098,0.788235294117647,0.29411764705882354,29.000284409458086,328084
0.8509803921568627,0.8,0.2980392156862745,25.000245180567315,332834
0.25882352941176473,0.4823529411764706,0.8274509803921568,370.00362867239625,302193
0.27450980392156865,0.48627450980392156,0.8274509803921568,285.00279505846737,295517
0.25882352941176473,0.49019607843137253,0.8313725490196079,1173.0115038722183,241512
0.26666666666666666,0.49411764705882355,0.8352941176470589,449.004403442989,229162
0.25098039215686274,0.48627450980392156,0.8549019607843137,18.000176530008467,210171
0.2784313725490196,0.48627450980392156,0.8431372549019608,13.000127493895004,323900
0.2549019607843137,0.5019607843137255,0.8470588235294118,44.000431517798475,206331
0.2784313725490196,0.5019607843137255,0.8509803921568627,30.00029421668078,375139
0.3333333333333333,0.043137254901960784,0.027450980392156862,378.0037071301778,526481
0.34509803921568627,0.047058823529411764,0.027450980392156862,115.00112783060965,538835
0.32941176470588235,0.043137254901960784,0.050980392156862744,42.00041190335309,530289
0.36470588235294116,0.06274509803921569,0.043137254901960784,52.000509975580016,525518
0.7725490196078432,0.8823529411764706,0.9725490196078431,15.00014710834039,348187
0.807843137254902,0.8862745098039215,0.9764705882352941,245.0024027695597,61098
0.807843137254902,0.9176470588235294,0.9725490196078431,1.0000098072226926,155667
0.7686274509803922,0.8862745098039215,0.9882352941176471,22.000215758899238,354923
0.807843137254902,0.9058823529411765,0.9921568627450981,298.0029225523624,194488
0.8117647058823529,0.9215686274509803,0.9921568627450981,1.0000098072226926,104643
0.6588235294117647,0.7725490196078432,0.5490196078431373,62.00060804780694,170699
0.7294117647058823,0.803921568627451,0.5215686274509804,11.000107879449619,172593
0.6549019607843137,0.8196078431372549,0.5215686274509804,11.000107879449619,179451
0.7019607843137254,0.8235294117647058,0.5254901960784314,3.000029421668078,217141
0.6431372549019608,0.807843137254902,0.6352941176470588,36.000353060016934,152819
0.7215686274509804,0.8,0.6274509803921569,7.000068650558848,331836
0.6705882352941176,0.8313725490196079,0.5764705882352941,10.000098072226926,180402
0.7372549019607844,0.8313725490196079,0.5803921568627451,5.000049036113463,171645
0.5137254901960784,0.5882352941176471,0.1803921568627451,269.0026381429043,232345
0.5372549019607843,0.5843137254901961,0.17647058823529413,66.00064727669772,460031
0.5254901960784314,0.6,0.1803921568627451,97.00095130060119,231399
0.5529411764705883,0.615686274509804,0.19215686274509805,142.00139262562234,458136
0.09019607843137255,0.06274509803921569,0.4745098039215686,61.00059824058425,38516
0.09803921568627451,0.06274509803921569,0.47058823529411764,107.0010493728281,37565
0.07058823529411765,0.054901960784313725,0.5019607843137255,106.00103956560542,481731
0.10196078431372549,0.054901960784313725,0.4980392156862745,294.0028833234716,42398
0.44313725490196076,0.5137254901960784,0.1568627450980392,254.00249103456392,478088
0.47843137254901963,0.5254901960784314,0.1607843137254902,25.000245180567315,462869
0.4627450980392157,0.5450980392156862,0.1607843137254902,94.0009218789331,483808
0.47058823529411764,0.5490196078431373,0.16470588235294117,116.00113763783234,479051
0.4588235294117647,0.5215686274509804,0.17254901960784313,3.000029421668078,465706
0.4470588235294118,0.5607843137254902,0.17254901960784313,11.000107879449619,241841
0.4823529411764706,0.5607843137254902,0.16862745098039217,65.00063746947502,475250
0.5254901960784314,0.6313725490196078,0.7647058823529411,14.000137301117697,481177
0.5490196078431373,0.6313725490196078,0.792156862745098,32.000313831126164,499214
0.5019607843137255,0.6666666666666666,0.7843137254901961,7.000068650558848,71109
0.5529411764705883,0.6627450980392157,0.7843137254901961,3.000029421668078,481179
0.5254901960784314,0.6352941176470588,0.8,195.00191240842506,603913
0.5607843137254902,0.6549019607843137,0.8235294117647058,257.002520456232,593161
0.5019607843137255,0.6705882352941176,0.807843137254902,7.000068650558848,326391
0.5490196078431373,0.6784313725490196,0.8235294117647058,52.000509975580016,200408
0.7529411764705882,0.792156862745098,0.6470588235294118,8.000078457781541,461281
0.8156862745098039,0.807843137254902,0.6941176470588235,14.000137301117697,386929
0.803921568627451,0.8470588235294118,0.6666666666666666,17.000166722785774,416644
0.8274509803921568,0.8745098039215686,0.6941176470588235,11.000107879449619,312885
0.792156862745098,0.8117647058823529,0.7450980392156863,18.000176530008467,323196
0.8705882352941177,0.7686274509803922,0.7450980392156863,24.000235373344623,344409
0.7843137254901961,0.8274509803921568,0.7607843137254902,25.000245180567315,305204
0.8313725490196079,0.8745098039215686,0.7529411764705882,23.00022556612193,431830
0.2549019607843137,0.5058823529411764,0.8,178.0017456856393,191637
0.27058823529411763,0.5098039215686274,0.807843137254902,158.00154954118543,216384
0.25882352941176473,0.5294117647058824,0.8,43.00042171057578,133314
0.27058823529411763,0.5294117647058824,0.796078431372549,56.000549204470786,328162
0.25882352941176473,0.5058823529411764,0.8235294117647058,1075.0105427643946,206924
0.27058823529411763,0.5098039215686274,0.8117647058823529,519.0050899485775,142746
0.2549019607843137,0.5254901960784314,0.8156862745098039,62.00060804780694,171234
0.26666666666666666,0.5215686274509804,0.8196078431372549,148.00145146895852,131350
0.3176470588235294,0.12549019607843137,0.7843137254901961,510.00500168357325,402576
0.34509803921568627,0.12549019607843137,0.7803921568627451,45.00044132502117,420556
0.3137254901960784,0.12549019607843137,0.803921568627451,2.0000196144453852,294186
0.30196078431372547,0.5450980392156862,0.5607843137254902,15.00014710834039,240909
0.3686274509803922,0.5450980392156862,0.5529411764705883,39.00038248168501,450536
0.3058823529411765,0.5803921568627451,0.5333333333333333,1.0000098072226926,224765
0.34901960784313724,0.5803921568627451,0.5529411764705883,5.000049036113463,172612
0.28627450980392155,0.5215686274509804,0.592156862745098,29.000284409458086,245650
0.3686274509803922,0.5215686274509804,0.6039215686274509,43.00042171057578,332788
0.3568627450980392,0.5882352941176471,0.5843137254901961,7.000068650558848,178318
0.4,0.3176470588235294,0.5294117647058824,9.000088265004234,171379
0.42745098039215684,0.3333333333333333,0.5215686274509804,33.00032363834886,61188
0.3843137254901961,0.34901960784313724,0.5333333333333333,3.000029421668078,62138
0.38823529411764707,0.3254901960784314,0.5529411764705883,128.00125532450465,66915
0.4235294117647059,0.33725490196078434,0.5725490196078431,365.0035796362828,228276
0.4,0.3568627450980392,0.5647058823529412,3.000029421668078,64042
0.43529411764705883,0.35294117647058826,0.5725490196078431,12.000117686672311,64047
0.5058823529411764,0.592156862745098,0.8431372549019608,26.000254987790008,92654
0.5529411764705883,0.596078431372549,0.8549019607843137,15.00014710834039,398080
0.5058823529411764,0.6274509803921569,0.8392156862745098,240.00235373344623,577963
0.5333333333333333,0.6274509803921569,0.8313725490196079,22.000215758899238,604588
0.5019607843137255,0.5803921568627451,0.8823529411764706,23.00022556612193,249298
0.5490196078431373,0.5843137254901961,0.8784313725490196,18.000176530008467,179073
0.5098039215686274,0.6196078431372549,0.8862745098039215,173.00169664952583,197742
0.5450980392156862,0.611764705882353,0.8588235294117647,33.00032363834886,534421
0.058823529411764705,0.14901960784313725,0.5647058823529412,5.000049036113463,496007
0.10588235294117647,0.15294117647058825,0.5333333333333333,48.000470746689246,1435
0.09411764705882353,0.2,0.5607843137254902,15.00014710834039,11890
0.0392156862745098,0.15294117647058825,0.592156862745098,4.0000392288907705,477955
0.07058823529411765,0.16862745098039217,0.611764705882353,35.00034325279424,473200
0.054901960784313725,0.20392156862745098,0.592156862745098,1.0000098072226926,45290
0.10980392156862745,0.19215686274509805,0.6078431372549019,29.000284409458086,22406
0.25098039215686274,0.12549019607843137,0.5333333333333333,6.000058843336156,28057
0.34509803921568627,0.12549019607843137,0.5647058823529412,2.0000196144453852,274203
0.25098039215686274,0.10980392156862745,0.6313725490196078,126.00123571005926,313155
0.33725490196078434,0.12156862745098039,0.6235294117647059,3.000029421668078,270408
0.7098039215686275,0.8235294117647058,0.8941176470588236,10.000098072226926,392881
0.7490196078431373,0.8196078431372549,0.9019607843137255,129.00126513172734,481077
0.7490196078431373,0.8745098039215686,0.9176470588235294,10.000098072226926,175639
0.7098039215686275,0.8196078431372549,0.9372549019607843,38.00037267446232,359671
0.7490196078431373,0.8352941176470589,0.9490196078431372,346.00339329905165,184199
0.7450980392156863,0.8509803921568627,0.9254901960784314,13.000127493895004,371962
0.9607843137254902,0.9529411764705882,0.5803921568627451,16.000156915563082,348835
1.0,0.9725490196078431,0.5843137254901961,112.00109840894157,323230
0.9686274509803922,0.9921568627450981,0.6,5.000049036113463,318582
1.0,0.9803921568627451,0.5803921568627451,141.00138281839966,333652
0.9686274509803922,0.9607843137254902,0.6078431372549019,19.00018633723116,329845
0.996078431372549,0.9607843137254902,0.615686274509804,57.00055901169348,332694
0.9411764705882353,0.9764705882352941,0.6078431372549019,5.000049036113463,322374
1.0,0.9921568627450981,0.615686274509804,191.0018731795343,333660
0.2235294117647059,0.33725490196078434,0.08235294117647059,23.00022556612193,497111
0.1803921568627451,0.2823529411764706,0.1450980392156863,11.000107879449619,500914
0.0392156862745098,0.043137254901960784,0.17254901960784313,36.000353060016934,325527
0.06666666666666667,0.054901960784313725,0.1568627450980392,3.000029421668078,386704
0.054901960784313725,0.10588235294117647,0.1803921568627451,3.000029421668078,468063
0.07058823529411765,0.07058823529411765,0.18823529411764706,5.000049036113463,470914
0.0,0.03137254901960784,0.24705882352941178,71.00069631281117,110560
0.12156862745098039,0.047058823529411764,0.25882352941176473,2.0000196144453852,8028
0.023529411764705882,0.07058823529411765,0.2549019607843137,4.0000392288907705,42308
0.10588235294117647,0.10196078431372549,0.21568627450980393,12.000117686672311,326474
0.39215686274509803,0.5294117647058824,0.4196078431372549,11.000107879449619,460957
0.47058823529411764,0.5647058823529412,0.43529411764705883,8.000078457781541,453394
0.40784313725490196,0.592156862745098,0.43137254901960786,9.000088265004234,461957
0.4823529411764706,0.596078431372549,0.4392156862745098,29.000284409458086,477165
0.3803921568627451,0.5058823529411764,0.5058823529411764,23.00022556612193,398282
0.45098039215686275,0.5254901960784314,0.45098039215686275,6.000058843336156,396366
0.40784313725490196,0.596078431372549,0.5058823529411764,22.000215758899238,216208
0.47058823529411764,0.5882352941176471,0.4666666666666667,28.000274602235393,432577
0.25882352941176473,0.4745098039215686,0.7764705882352941,118.00115725227772,111698
0.27450980392156865,0.47843137254901963,0.7647058823529411,624.0061197069601,575451
0.25098039215686274,0.5019607843137255,0.7725490196078432,41.0004020961304,21608
0.27058823529411763,0.49411764705882355,0.7686274509803922,53.00051978280271,438272
0.2549019607843137,0.47843137254901963,0.792156862745098,275.0026969862405,371533
0.27450980392156865,0.4823529411764706,0.7843137254901961,799.0078359709314,500420
0.2549019607843137,0.5019607843137255,0.7803921568627451,133.00130436061812,180131
0.2784313725490196,0.49019607843137253,0.792156862745098,109.0010689872735,400360
0.6352941176470588,0.8431372549019608,0.2784313725490196,122.0011964811685,122525
0.6470588235294118,0.8549019607843137,0.28627450980392155,111.00108860171888,121582
0.6274509803921569,0.8431372549019608,0.2980392156862745,38.00037267446232,130998
0.6549019607843137,0.8588235294117647,0.30196078431372547,88.00086303559695,128157
0.6666666666666666,0.8666666666666667,0.30980392156862746,175.00171626397122,123432
0.4666666666666667,0.6941176470588235,0.20784313725490197,4.0000392288907705,170049
0.47843137254901963,0.6941176470588235,0.20784313725490197,525.0051487919136,155794
0.4980392156862745,0.7254901960784313,0.2196078431372549,5.000049036113463,173838
0.2901960784313726,0.1843137254901961,0.4117647058823529,18.000176530008467,533143
0.3215686274509804,0.15294117647058825,0.40784313725490196,17.000166722785774,123808
0.2549019607843137,0.25098039215686274,0.4470588235294118,10.000098072226926,553067
0.34901960784313724,0.24705882352941178,0.403921568627451,28.000274602235393,535006
0.2627450980392157,0.1450980392156863,0.47843137254901963,4.0000392288907705,116219
0.37254901960784315,0.1568627450980392,0.48627450980392156,15.00014710834039,277045
0.30980392156862746,0.19215686274509805,0.4745098039215686,16.000156915563082,172346
0.3137254901960784,0.24705882352941178,0.47843137254901963,25.000245180567315,522695
0.4666666666666667,0.3176470588235294,0.09411764705882353,48.000470746689246,507611
0.47843137254901963,0.3411764705882353,0.10196078431372549,211.00206932398814,511422
0.45098039215686275,0.3176470588235294,0.12156862745098039,21.000205951676545,377344
0.49019607843137253,0.3411764705882353,0.10588235294117647,163.0015985772989,500957
0.4392156862745098,0.34901960784313724,0.12156862745098039,4.0000392288907705,519966
0.4823529411764706,0.34901960784313724,0.10588235294117647,83.00081399948348,510474
0.8823529411764706,0.9215686274509803,0.984313725490196,358.00351098572395,9333
0.9058823529411765,0.9254901960784314,0.9882352941176471,96.00094149337849,324541
0.8862745098039215,0.9333333333333333,0.9882352941176471,1010.0099052949196,241271
0.9019607843137255,0.9294117647058824,0.996078431372549,648.0063550803048,55245
0.6274509803921569,0.47058823529411764,0.9176470588235294,3.000029421668078,323725
0.6431372549019608,0.4980392156862745,0.9176470588235294,16.000156915563082,320873
0.6274509803921569,0.4627450980392157,0.9372549019607843,59.00057862613886,358792
0.6392156862745098,0.4980392156862745,0.9372549019607843,443.0043445996528,358828
0.6627450980392157,0.4980392156862745,0.9490196078431372,4.0000392288907705,232972
0.8784313725490196,0.8941176470588236,0.9294117647058824,40.000392288907705,458342
0.8784313725490196,0.9019607843137255,0.9333333333333333,342.00335407016087,476391
0.8941176470588236,0.8980392156862745,0.9333333333333333,22.000215758899238,211540
0.8823529411764706,0.8941176470588236,0.9372549019607843,27.0002647950127,447840
0.8941176470588236,0.8823529411764706,0.9450980392156862,9.000088265004234,607707
0.8784313725490196,0.9058823529411765,0.9411764705882353,1416.0138870273327,486908
0.8941176470588236,0.9098039215686274,0.9490196078431372,221.00216739621507,447836
0.5137254901960784,0.3411764705882353,0.6470588235294118,87.00085322837425,416130
0.5372549019607843,0.34509803921568627,0.6666666666666666,6.000058843336156,423732
0.5215686274509804,0.34901960784313724,0.6549019607843137,106.00103956560542,414229
0.5411764705882353,0.3607843137254902,0.6666666666666666,21.000205951676545,412326
0.5137254901960784,0.34509803921568627,0.6705882352941176,17.000166722785774,306051
0.5333333333333333,0.34509803921568627,0.6705882352941176,8.000078457781541,422782
0.5215686274509804,0.37254901960784315,0.6862745098039216,211.00206932398814,299397
0.5450980392156862,0.3764705882352941,0.6823529411764706,60.00058843336156,411381
0.4666666666666667,0.2627450980392157,0.8431372549019608,7.000068650558848,237747
0.48627450980392156,0.2823529411764706,0.8431372549019608,1.0000098072226926,407228
0.4392156862745098,0.28627450980392155,0.8549019607843137,10.000098072226926,396780
0.4980392156862745,0.3058823529411765,0.8549019607843137,4.0000392288907705,392973
0.4549019607843137,0.2549019607843137,0.8823529411764706,268.0026283356816,401546
0.4745098039215686,0.2627450980392157,0.8862745098039215,106.00103956560542,369311
0.4549019607843137,0.29411764705882354,0.8627450980392157,13.000127493895004,395830
0.4980392156862745,0.3058823529411765,0.8862745098039215,106.00103956560542,382575
0.24705882352941178,0.5294117647058824,0.6313725490196078,3.000029421668078,222865
0.23529411764705882,0.5137254901960784,0.6745098039215687,29.000284409458086,177368
0.7803921568627451,0.807843137254902,0.5450980392156862,19.00018633723116,371732
0.8470588235294118,0.7568627450980392,0.5294117647058824,5.000049036113463,229534
0.7764705882352941,0.8509803921568627,0.5137254901960784,20.000196144453852,171647
0.8509803921568627,0.8705882352941177,0.5254901960784314,23.00022556612193,389761
0.7647058823529411,0.788235294117647,0.6196078431372549,13.000127493895004,434520
0.8627450980392157,0.8,0.6196078431372549,14.000137301117697,239965
0.8,0.8392156862745098,0.611764705882353,22.000215758899238,348939
0.8666666666666667,0.8784313725490196,0.596078431372549,12.000117686672311,451837
0.6392156862745098,0.807843137254902,0.4392156862745098,34.00033344557155,188026
0.7058823529411765,0.7725490196078432,0.43137254901960786,11.000107879449619,218090
0.6392156862745098,0.8588235294117647,0.43137254901960786,22.000215758899238,130014
0.6352941176470588,0.803921568627451,0.5098039215686274,34.00033344557155,170889
0.7333333333333333,0.7647058823529411,0.47843137254901963,8.000078457781541,423089
0.6431372549019608,0.8274509803921568,0.48627450980392156,18.000176530008467,171840
0.7450980392156863,0.8235294117647058,0.4980392156862745,1.0000098072226926,221886
0.5098039215686274,0.6549019607843137,0.6431372549019608,19.00018633723116,407878
0.6196078431372549,0.6705882352941176,0.6745098039215687,12.000117686672311,331124
0.5607843137254902,0.7176470588235294,0.6392156862745098,7.000068650558848,311949
0.5882352941176471,0.7019607843137254,0.6705882352941176,9.000088265004234,340389
0.5450980392156862,0.6313725490196078,0.7137254901960784,20.000196144453852,312757
0.6039215686274509,0.6745098039215687,0.7607843137254902,32.000313831126164,534425
0.5176470588235295,0.7450980392156863,0.7137254901960784,7.000068650558848,124304
0.592156862745098,0.7098039215686275,0.7372549019607844,22.000215758899238,318575
0.8784313725490196,0.5607843137254902,0.30196078431372547,2.0000196144453852,404024
0.8901960784313725,0.6274509803921569,0.28627450980392155,95.0009316861558,591531
0.8784313725490196,0.5607843137254902,0.36470588235294116,2.0000196144453852,582036
0.8980392156862745,0.6274509803921569,0.33725490196078434,28.000274602235393,256105
0.5215686274509804,0.6470588235294118,0.44313725490196076,16.000156915563082,238060
0.615686274509804,0.6431372549019608,0.4,9.000088265004234,197293
0.5490196078431373,0.7529411764705882,0.403921568627451,34.00033344557155,137613
0.6196078431372549,0.7019607843137254,0.43529411764705883,8.000078457781541,327156
0.5607843137254902,0.6352941176470588,0.4627450980392157,18.000176530008467,333802
0.6196078431372549,0.6666666666666666,0.4823529411764706,16.000156915563082,397329
0.5215686274509804,0.7450980392156863,0.4823529411764706,17.000166722785774,137611
0.6078431372549019,0.6980392156862745,0.5058823529411764,9.000088265004234,330954
0.5019607843137255,0.4470588235294118,0.6627450980392157,41.0004020961304,237181
0.5411764705882353,0.44313725490196076,0.6666666666666666,3.000029421668078,243818
0.5294117647058824,0.4980392156862745,0.6627450980392157,7.000068650558848,212483
0.5333333333333333,0.5019607843137255,0.6666666666666666,3.000029421668078,212484
0.5137254901960784,0.4588235294117647,0.6901960784313725,362.00355021461473,218178
0.5450980392156862,0.47058823529411764,0.6941176470588235,23.00022556612193,210551
0.5176470588235295,0.4980392156862745,0.6705882352941176,54.0005295900254,329329
0.5372549019607843,0.4823529411764706,0.6941176470588235,11.000107879449619,211509
0.6509803921568628,0.5058823529411764,0.9176470588235294,15.00014710834039,320872
0.6588235294117647,0.5176470588235295,0.9176470588235294,2.0000196144453852,265664
0.6352941176470588,0.5607843137254902,0.9176470588235294,19.00018633723116,361333
0.6862745098039216,0.5607843137254902,0.9176470588235294,38.00037267446232,345487
0.6392156862745098,0.5058823529411764,0.9254901960784314,123.00120628839119,352184
0.6588235294117647,0.5098039215686274,0.9450980392156862,132.00129455339544,326567
0.6549019607843137,0.5568627450980392,0.9411764705882353,14.000137301117697,365125
0.6627450980392157,0.5372549019607843,0.9411764705882353,159.00155934840814,355974
0.7803921568627451,0.1803921568627451,0.396078431372549,5.000049036113463,310025
0.8509803921568627,0.18823529411764706,0.44313725490196076,1.0000098072226926,26602
0.7647058823529411,0.20392156862745098,0.403921568627451,15.00014710834039,374748
0.8705882352941177,0.19215686274509805,0.403921568627451,54.0005295900254,63
0.7686274509803922,0.1843137254901961,0.5058823529411764,3.000029421668078,1029
0.8156862745098039,0.18823529411764706,0.49019607843137253,2.0000196144453852,78
0.7803921568627451,0.22745098039215686,0.45098039215686275,10.000098072226926,370956
0.8705882352941177,0.2,0.5058823529411764,35.00034325279424,6727
0.9686274509803922,0.9450980392156862,0.3176470588235294,121.00118667394581,346029
0.9803921568627451,0.9529411764705882,0.3176470588235294,370.00362867239625,360248
0.9215686274509803,0.9450980392156862,0.9647058823529412,86.00084342115156,329263
0.9333333333333333,0.9450980392156862,0.9647058823529412,586.0057470324979,421474
0.9176470588235294,0.9686274509803922,0.9647058823529412,22.000215758899238,89525
0.9333333333333333,0.9607843137254902,0.9529411764705882,39.00038248168501,422430
0.9098039215686274,0.9450980392156862,0.9764705882352941,236.00231450455544,359683
0.9372549019607843,0.9568627450980393,0.9803921568627451,619.0060706708467,375832
0.9137254901960784,0.9607843137254902,0.9686274509803922,158.00154954118543,287794
0.9294117647058824,0.9647058823529412,0.9803921568627451,204.00200067342928,245991
0.9450980392156862,0.7803921568627451,0.5254901960784314,45.00044132502117,544957
0.9607843137254902,0.8,0.5333333333333333,193.00189279397966,581979
0.9725490196078431,0.8117647058823529,0.5176470588235295,107.0010493728281,543048
0.9686274509803922,0.7725490196078432,0.5725490196078431,16.000156915563082,387884
0.9686274509803922,0.807843137254902,0.5450980392156862,61.00059824058425,580091
0.9725490196078431,0.8156862745098039,0.5490196078431373,65.00063746947502,575339
0.8901960784313725,0.9176470588235294,0.9568627450980393,291.0028539018036,62846
0.9019607843137255,0.9215686274509803,0.9529411764705882,479.0046976596698,454528
0.8862745098039215,0.9294117647058824,0.9529411764705882,89.00087284281965,332991
0.8980392156862745,0.9411764705882353,0.9647058823529412,295.0028931306943,42593
0.8862745098039215,0.9254901960784314,0.9686274509803922,150.00147108340389,42897
0.9058823529411765,0.9137254901960784,0.9803921568627451,63.00061785502963,321656
0.8901960784313725,0.9411764705882353,0.9803921568627451,305.00299120292124,51575
0.9058823529411765,0.9333333333333333,0.9725490196078431,259.0025400706774,328333
0.803921568627451,0.8901960784313725,0.7686274509803922,9.000088265004234,412623
0.8352941176470589,0.9019607843137255,0.788235294117647,11.000107879449619,419490
0.8196078431372549,0.9529411764705882,0.8117647058823529,23.00022556612193,96754
0.7843137254901961,0.9058823529411765,0.8705882352941177,33.00032363834886,188012
0.8392156862745098,0.8823529411764706,0.8823529411764706,23.00022556612193,304559
0.788235294117647,0.9529411764705882,0.8549019607843137,7.000068650558848,85356
0.8392156862745098,0.9725490196078431,0.8745098039215686,13.000127493895004,73961
0.4392156862745098,0.3176470588235294,0.7176470588235294,18.000176530008467,497397
0.47058823529411764,0.3411764705882353,0.7294117647058823,3.000029421668078,362762
0.44313725490196076,0.36470588235294116,0.7294117647058823,14.000137301117697,530102
0.47058823529411764,0.3686274509803922,0.7098039215686275,120.00117686672311,374367
0.44313725490196076,0.3333333333333333,0.7568627450980392,207.00203009509738,354215
0.47843137254901963,0.33725490196078434,0.7568627450980392,5.000049036113463,274968
0.4549019607843137,0.37254901960784315,0.7490196078431373,81.0007943850381,510713
0.47058823529411764,0.3568627450980392,0.7568627450980392,28.000274602235393,352274
0.6274509803921569,0.6627450980392157,0.3058823529411765,15.00014710834039,193489
0.7254901960784313,0.6392156862745098,0.3137254901960784,9.000088265004234,420261
0.6549019607843137,0.7019607843137254,0.2901960784313726,20.000196144453852,174513
0.7215686274509804,0.7058823529411765,0.2784313725490196,25.000245180567315,433574
0.6352941176470588,0.6588235294117647,0.36470588235294116,9.000088265004234,191587
0.7294117647058823,0.6509803921568628,0.33725490196078434,8.000078457781541,385895
0.6549019607843137,0.7215686274509804,0.3411764705882353,19.00018633723116,184935
0.7058823529411765,0.7372549019607844,0.3254901960784314,14.000137301117697,227584
0.2549019607843137,0.1411764705882353,0.7843137254901961,55.00053939724809,376020
0.2980392156862745,0.1411764705882353,0.7803921568627451,133.00130436061812,424444
0.2549019607843137,0.1843137254901961,0.7764705882352941,12.000117686672311,259572
0.2823529411764706,0.17647058823529413,0.7725490196078432,28.000274602235393,311289
0.27450980392156865,0.12941176470588237,0.803921568627451,46.00045113224386,357001
0.2901960784313726,0.12941176470588237,0.796078431372549,148.00145146895852,246299
0.25098039215686274,0.16862745098039217,0.803921568627451,12.000117686672311,273308
0.29411764705882354,0.16862745098039217,0.8196078431372549,41.0004020961304,381719
0.403921568627451,0.26666666666666666,0.5764705882352941,26.000254987790008,365790
0.42745098039215684,0.2823529411764706,0.5882352941176471,187.00183395064352,342977
0.396078431372549,0.2980392156862745,0.5882352941176471,9.000088265004234,482223
0.43137254901960786,0.2901960784313726,0.6,128.00125532450465,370549
0.38823529411764707,0.26666666666666666,0.6313725490196078,13.000127493895004,492654
0.4196078431372549,0.2823529411764706,0.6235294117647059,8.000078457781541,314594
0.3803921568627451,0.3137254901960784,0.6313725490196078,7.000068650558848,319347
0.43137254901960786,0.30196078431372547,0.6078431372549019,96.00094149337849,359147
0.5607843137254902,0.7607843137254902,0.9254901960784314,1.0000098072226926,72446
0.6235294117647059,0.7568627450980392,0.9176470588235294,34.00033344557155,188907
0.6196078431372549,0.7647058823529411,0.9803921568627451,83.00081399948348,60908
0.22745098039215686,0.4823529411764706,0.8313725490196079,314.0030794679255,262397
0.23921568627450981,0.48627450980392156,0.8274509803921568,359.00352079294663,265215
0.23137254901960785,0.4980392156862745,0.8392156862745098,139.00136320395427,199738
0.23921568627450981,0.49019607843137253,0.8274509803921568,992.0097287649111,240554
0.2196078431372549,0.47843137254901963,0.8470588235294118,10.000098072226926,373649
0.23921568627450981,0.48627450980392156,0.8470588235294118,6.000058843336156,373635
0.23137254901960785,0.49411764705882355,0.8549019607843137,23.00022556612193,227620
0.24705882352941178,0.49411764705882355,0.8470588235294118,21.000205951676545,274696
0.19215686274509805,0.4745098039215686,0.8,1754.0172018686028,126668
0.2,0.4745098039215686,0.8,170.00166722785775,293880
0.19215686274509805,0.4823529411764706,0.8,100.00098072226926,143767
0.2,0.4823529411764706,0.796078431372549,346.00339329905165,157519
0.18823529411764706,0.4745098039215686,0.807843137254902,3626.035560989483,273179
0.19607843137254902,0.4745098039215686,0.807843137254902,419.00410922630823,286286
0.19215686274509805,0.4823529411764706,0.807843137254902,184.00180452897544,195995
0.19607843137254902,0.4823529411764706,0.803921568627451,827.0081105731668,237909
0.42745098039215684,0.2823529411764706,0.30196078431372547,5.000049036113463,408637
0.45098039215686275,0.30196078431372547,0.30980392156862746,3.000029421668078,406736
0.43137254901960786,0.37254901960784315,0.28627450980392155,10.000098072226926,522810
0.4980392156862745,0.37254901960784315,0.30196078431372547,20.000196144453852,610998
0.42745098039215684,0.3058823529411765,0.33725490196078434,3.000029421668078,487913
0.4627450980392157,0.3137254901960784,0.3254901960784314,2.0000196144453852,404836
0.43529411764705883,0.3568627450980392,0.32941176470588235,6.000058843336156,511392
0.45098039215686275,0.36470588235294116,0.3333333333333333,67.0006570839204,606278
0.7568627450980392,0.8,0.4235294117647059,12.000117686672311,224734
0.8666666666666667,0.803921568627451,0.42745098039215684,18.000176530008467,489809
0.807843137254902,0.8470588235294118,0.41568627450980394,3.000029421668078,329020
0.8352941176470589,0.8196078431372549,0.43529411764705883,27.0002647950127,426935
0.8117647058823529,0.8156862745098039,0.4823529411764706,17.000166722785774,459381
0.8196078431372549,0.796078431372549,0.4823529411764706,4.0000392288907705,425037
0.7647058823529411,0.8431372549019608,0.5058823529411764,10.000098072226926,176388
0.8705882352941177,0.8745098039215686,0.49411764705882355,24.000235373344623,390709
0.7647058823529411,0.7568627450980392,0.9803921568627451,23.00022556612193,222520
0.8,0.7764705882352941,0.9647058823529412,74.00072573447926,286754
0.7568627450980392,0.8,0.9764705882352941,183.00179472175276,207929
0.788235294117647,0.8156862745098039,0.9725490196078431,32.000313831126164,292398
0.7568627450980392,0.7647058823529411,0.984313725490196,15.00014710834039,110744
0.8117647058823529,0.7607843137254902,0.984313725490196,25.000245180567315,300051
0.7568627450980392,0.803921568627451,0.984313725490196,74.00072573447926,180085
0.8,0.803921568627451,0.984313725490196,31.00030402390347,219210
0.788235294117647,0.18823529411764706,0.5294117647058824,2.0000196144453852,3880
0.7843137254901961,0.19215686274509805,0.5607843137254902,14.000137301117697,12429
0.8313725490196079,0.19215686274509805,0.5254901960784314,44.000431517798475,3879
0.803921568627451,0.20392156862745098,0.5882352941176471,12.000117686672311,25724
0.8705882352941177,0.2196078431372549,0.6313725490196078,42.00041190335309,38056
0.5137254901960784,0.596078431372549,0.7686274509803922,18.000176530008467,523071
0.5372549019607843,0.5843137254901961,0.7803921568627451,10.000098072226926,420436
0.5058823529411764,0.6,0.7686274509803922,61.00059824058425,478509
0.5333333333333333,0.615686274509804,0.7647058823529411,17.000166722785774,507723
0.5215686274509804,0.596078431372549,0.803921568627451,22.000215758899238,604856
0.5333333333333333,0.596078431372549,0.796078431372549,10.000098072226926,452344
0.5019607843137255,0.6235294117647059,0.807843137254902,265.00259891401356,529603
0.5333333333333333,0.6274509803921569,0.8156862745098039,51.00050016835732,566574
0.8509803921568627,0.9254901960784314,0.9921568627450981,481.00471727411514,336777
0.8627450980392157,0.9176470588235294,0.9921568627450981,807.007914428713,127379
0.8549019607843137,0.9294117647058824,0.9921568627450981,98.00096110782388,15314
0.8705882352941177,0.9294117647058824,0.9921568627450981,420.0041190335309,49669
0.5176470588235295,0.3843137254901961,0.9019607843137255,23.00022556612193,403429
0.5568627450980392,0.3803921568627451,0.9058823529411765,142.00139262562234,375897
0.5176470588235295,0.4235294117647059,0.8941176470588236,6.000058843336156,365424
0.5568627450980392,0.42745098039215684,0.8941176470588236,20.000196144453852,380604
0.5098039215686274,0.3803921568627451,0.9490196078431372,13.000127493895004,322809
0.5490196078431373,0.3843137254901961,0.9294117647058824,228.00223604677393,327540
0.5568627450980392,0.4235294117647059,0.9215686274509803,18.000176530008467,373026
0.3137254901960784,0.2627450980392157,0.7098039215686275,116.00113763783234,498377
0.34901960784313724,0.26666666666666666,0.7098039215686275,85.00083361392888,494569
0.3333333333333333,0.2980392156862745,0.7098039215686275,28.000274602235393,505029
0.36470588235294116,0.3058823529411765,0.7098039215686275,55.00053939724809,216337
0.3176470588235294,0.2627450980392157,0.7607843137254902,73.00071592725656,495532
0.3607843137254902,0.27450980392156865,0.7411764705882353,26.000254987790008,497418
0.3254901960784314,0.28627450980392155,0.7568627450980392,30.00029421668078,479387
0.35294117647058826,0.28627450980392155,0.7568627450980392,36.000353060016934,480331
0.43529411764705883,0.1607843137254902,0.41568627450980394,2.0000196144453852,309059
0.4745098039215686,0.1843137254901961,0.4392156862745098,2.0000196144453852,251193
0.43529411764705883,0.19607843137254902,0.4235294117647059,14.000137301117697,312865
0.4470588235294118,0.19215686274509805,0.396078431372549,10.000098072226926,312866
0.4196078431372549,0.17254901960784313,0.5098039215686274,12.000117686672311,317455
0.48627450980392156,0.12941176470588237,0.4980392156862745,7.000068650558848,160140
0.38823529411764707,0.23529411764705882,0.5019607843137255,58.00056881891617,367680
0.4745098039215686,0.21568627450980393,0.45098039215686275,6.000058843336156,308108
0.6431372549019608,0.12941176470588237,0.17254901960784313,33.00032363834886,373813
0.7098039215686275,0.15294117647058825,0.16470588235294117,16.000156915563082,306430
0.6705882352941176,0.21176470588235294,0.18823529411764706,3.000029421668078,308324
0.7098039215686275,0.2,0.19215686274509805,8.000078457781541,304523
0.6666666666666666,0.13725490196078433,0.23137254901960785,24.000235373344623,370961
0.7176470588235294,0.1607843137254902,0.20784313725490197,10.000098072226926,310213
0.6784313725490196,0.20392156862745098,0.24313725490196078,3.000029421668078,309279
0.7294117647058823,0.25098039215686274,0.24313725490196078,14.000137301117697,310224
0.2823529411764706,0.5137254901960784,0.796078431372549,171.00167703508043,139895
0.2980392156862745,0.5098039215686274,0.807843137254902,163.0015985772989,398871
0.29411764705882354,0.5294117647058824,0.807843137254902,76.00074534892464,311100
0.30196078431372547,0.5215686274509804,0.807843137254902,96.00094149337849,296947
0.2901960784313726,0.5137254901960784,0.8117647058823529,312.00305985348007,13525
0.2980392156862745,0.5176470588235295,0.8235294117647058,243.0023831551143,13512
0.28627450980392155,0.5254901960784314,0.8235294117647058,478.0046878524471,26828
0.30980392156862746,0.5215686274509804,0.8235294117647058,237.00232431177815,6868
0.8431372549019608,0.8196078431372549,0.27058823529411763,36.000353060016934,468921
0.8666666666666667,0.8431372549019608,0.2784313725490196,262.00256949234546,458475
0.8705882352941177,0.8588235294117647,0.2823529411764706,75.00073554170194,452778
0.8431372549019608,0.8431372549019608,0.3176470588235294,8.000078457781541,461333
0.8588235294117647,0.8274509803921568,0.30196078431372547,45.00044132502117,317643
0.8666666666666667,0.8588235294117647,0.3058823529411765,17.000166722785774,464181
0.3803921568627451,0.2823529411764706,0.6549019607843137,38.00037267446232,365579
0.41568627450980394,0.2823529411764706,0.6470588235294118,4.0000392288907705,496461
0.403921568627451,0.28627450980392155,0.6392156862745098,4.0000392288907705,485070
0.40784313725490196,0.29411764705882354,0.6431372549019608,8.000078457781541,360070
0.3843137254901961,0.26666666666666666,0.6901960784313725,294.0028833234716,348493
0.43137254901960786,0.2549019607843137,0.6862745098039216,7.000068650558848,508278
0.3843137254901961,0.3137254901960784,0.6980392156862745,69.0006766983658,374139
0.4117647058823529,0.28627450980392155,0.6901960784313725,16.000156915563082,500248
0.8823529411764706,0.6549019607843137,0.33725490196078434,57.00055901169348,597101
0.9137254901960784,0.6509803921568628,0.33725490196078434,24.000235373344623,397378
0.9019607843137255,0.6745098039215687,0.35294117647058826,27.0002647950127,246627
0.9254901960784314,0.6705882352941176,0.3333333333333333,208.00203990232006,604815
0.8784313725490196,0.6470588235294118,0.3686274509803922,7.000068650558848,599001
0.9098039215686274,0.6549019607843137,0.36470588235294116,4.0000392288907705,574430
0.8823529411764706,0.6823529411764706,0.3764705882352941,64.00062766225233,570629
0.9137254901960784,0.6705882352941176,0.3686274509803922,49.00048055391194,392714
0.4196078431372549,0.5686274509803921,0.8588235294117647,187.00183395064352,111697
0.42745098039215684,0.5725490196078431,0.8627450980392157,115.00112783060965,218534
0.4196078431372549,0.5882352941176471,0.8666666666666667,369.00361886517356,126481
0.42745098039215684,0.596078431372549,0.8588235294117647,317.00310888959353,39709
0.41568627450980394,0.5764705882352941,0.8784313725490196,155.00152011951735,198561
0.4235294117647059,0.5686274509803921,0.8784313725490196,62.00060804780694,241069
0.4196078431372549,0.5843137254901961,0.8784313725490196,307.00301081736666,318220
0.4235294117647059,0.5882352941176471,0.8745098039215686,248.00243219122777,180558
0.8784313725490196,0.7843137254901961,0.9764705882352941,15.00014710834039,320823
0.9372549019607843,0.7607843137254902,0.9725490196078431,5.000049036113463,142085
0.8784313725490196,0.792156862745098,0.9725490196078431,163.0015985772989,313249
0.9176470588235294,0.796078431372549,0.9725490196078431,4.0000392288907705,236934
0.8823529411764706,0.7843137254901961,0.984313725490196,36.000353060016934,98338
0.9176470588235294,0.7647058823529411,0.984313725490196,5.000049036113463,140180
0.9019607843137255,0.8156862745098039,0.9882352941176471,189.0018535650889,306599
0.9215686274509803,0.8117647058823529,0.9882352941176471,22.000215758899238,135448
0.2823529411764706,0.47843137254901963,0.796078431372549,371.003638479619,441125
0.2980392156862745,0.47843137254901963,0.803921568627451,91.00089245726502,524735
0.2823529411764706,0.49019607843137253,0.807843137254902,274.00268717901776,463438
0.30980392156862746,0.5019607843137255,0.803921568627451,193.00189279397966,322561
0.28627450980392155,0.48627450980392156,0.8235294117647058,269.0026381429043,339140
0.30980392156862746,0.4745098039215686,0.8117647058823529,83.00081399948348,377128
0.29411764705882354,0.49019607843137253,0.8235294117647058,286.0028048656901,329655
0.30196078431372547,0.49019607843137253,0.8156862745098039,187.00183395064352,460663
0.15294117647058825,0.1607843137254902,0.43137254901960786,13.000127493895004,323623
0.20392156862745098,0.13333333333333333,0.403921568627451,10.000098072226926,173296
0.14901960784313725,0.21568627450980393,0.42745098039215684,8.000078457781541,435190
0.19215686274509805,0.23921568627450981,0.41568627450980394,14.000137301117697,433293
0.12941176470588237,0.13725490196078433,0.4549019607843137,29.000284409458086,87706
0.20784313725490197,0.17647058823529413,0.5098039215686274,14.000137301117697,328363
0.16862745098039217,0.23921568627450981,0.45098039215686275,11.000107879449619,431393
0.19215686274509805,0.23137254901960785,0.45098039215686275,10.000098072226926,522109
0.5450980392156862,0.7568627450980392,0.5176470588235295,1.0000098072226926,133809
0.6196078431372549,0.796078431372549,0.5647058823529412,74.00072573447926,197591
0.6078431372549019,0.8274509803921568,0.5686274509803921,3.000029421668078,196649
0.5607843137254902,0.7686274509803922,0.592156862745098,2.0000196144453852,129057
0.596078431372549,0.7764705882352941,0.5803921568627451,28.000274602235393,197560
0.6039215686274509,0.8235294117647058,0.6235294117647059,1.0000098072226926,126206
0.3137254901960784,0.054901960784313725,0.2,286.0028048656901,100038
0.34509803921568627,0.058823529411764705,0.2235294117647059,103.00101014393734,110503
0.33725490196078434,0.058823529411764705,0.23529411764705882,24.000235373344623,122854
0.34509803921568627,0.06274509803921569,0.23529411764705882,17.000166722785774,123803
0.8196078431372549,0.8823529411764706,0.9921568627450981,500.0049036113463,10255
0.8392156862745098,0.8823529411764706,0.9921568627450981,477.00467804522435,35329
0.8196078431372549,0.8980392156862745,0.9921568627450981,172.00168684230312,265036
0.8313725490196079,0.9019607843137255,0.9921568627450981,566.005550888044,187997
0.2784313725490196,0.396078431372549,0.44313725490196076,2.0000196144453852,503761
0.36470588235294116,0.3843137254901961,0.4470588235294118,3.000029421668078,412438
0.3058823529411765,0.4823529411764706,0.403921568627451,6.000058843336156,507554
0.3176470588235294,0.4588235294117647,0.4392156862745098,36.000353060016934,501811
0.25882352941176473,0.3843137254901961,0.47058823529411764,1.0000098072226926,503762
0.3568627450980392,0.38823529411764707,0.49019607843137253,7.000068650558848,515191
0.26666666666666666,0.4745098039215686,0.4666666666666667,9.000088265004234,242787
0.3333333333333333,0.4588235294117647,0.48627450980392156,43.00042171057578,490402
0.7725490196078432,0.16862745098039217,0.1803921568627451,12.000117686672311,295976
0.8588235294117647,0.1843137254901961,0.18823529411764706,35.00034325279424,8554
0.792156862745098,0.21176470588235294,0.1843137254901961,1.0000098072226926,306418
0.8156862745098039,0.19215686274509805,0.1843137254901961,1.0000098072226926,309264
0.7686274509803922,0.18823529411764706,0.23529411764705882,5.000049036113463,309268
0.8588235294117647,0.1843137254901961,0.22745098039215686,22.000215758899238,4761
0.7764705882352941,0.23137254901960785,0.23137254901960785,13.000127493895004,302622
0.8313725490196079,0.21176470588235294,0.23137254901960785,18.000176530008467,307364
0.1411764705882353,0.07450980392156863,0.592156862745098,52.000509975580016,276696
0.17647058823529413,0.09411764705882353,0.5882352941176471,87.00085322837425,318856
0.15294117647058825,0.12549019607843137,0.5803921568627451,23.00022556612193,13850
0.1843137254901961,0.12549019607843137,0.592156862745098,85.00083361392888,31018
0.1450980392156863,0.0784313725490196,0.615686274509804,14.000137301117697,275745
0.17254901960784313,0.08235294117647059,0.6078431372549019,144.00141224006774,450974
0.12549019607843137,0.10980392156862745,0.6313725490196078,9.000088265004234,313182
0.1803921568627451,0.09803921568627451,0.611764705882353,13.000127493895004,319800
0.34901960784313724,0.5490196078431373,0.8392156862745098,230.0022556612193,54387
0.37254901960784315,0.5372549019607843,0.8352941176470589,271.0026577573497,482338
0.34509803921568627,0.5607843137254902,0.8352941176470589,111.00108860171888,101899
0.37254901960784315,0.5607843137254902,0.8392156862745098,256.0025106490093,147444
0.35294117647058826,0.5450980392156862,0.8431372549019608,222.00217720343775,405485
0.36470588235294116,0.5411764705882353,0.8549019607843137,186.00182414342083,376126
0.3568627450980392,0.5568627450980392,0.8470588235294118,167.00163780618968,112322
0.3607843137254902,0.5529411764705883,0.8509803921568627,264.0025891067909,187198
0.4470588235294118,0.6039215686274509,0.8705882352941177,260.0025498779001,460277
0.4627450980392157,0.6078431372549019,0.8588235294117647,196.00192221564777,168261
0.4470588235294118,0.6235294117647059,0.8666666666666667,69.0006766983658,213512
0.4666666666666667,0.615686274509804,0.8627450980392157,201.0019712517612,181549
0.45098039215686275,0.6078431372549019,0.8823529411764706,309.003030431812,402361
0.4666666666666667,0.611764705882353,0.8784313725490196,182.00178491453005,372335
0.4392156862745098,0.615686274509804,0.8745098039215686,165.00161819174429,384365
0.4549019607843137,0.6235294117647059,0.8823529411764706,315.00308927514817,377694
0.6274509803921569,0.4627450980392157,0.9529411764705882,128.00125532450465,350293
0.6745098039215687,0.4549019607843137,0.9686274509803922,8.000078457781541,214962
0.6392156862745098,0.48627450980392156,0.9647058823529412,261.0025596851228,338900
0.6784313725490196,0.4980392156862745,0.9607843137254902,27.0002647950127,214010
0.6470588235294118,0.6588235294117647,0.39215686274509803,7.000068650558848,431667
0.7098039215686275,0.6705882352941176,0.4,8.000078457781541,479373
0.6862745098039216,0.7254901960784313,0.38823529411764707,23.00022556612193,194466
0.7450980392156863,0.7215686274509804,0.4235294117647059,18.000176530008467,480298
0.6470588235294118,0.6784313725490196,0.49411764705882355,13.000127493895004,200150
0.7215686274509804,0.6352941176470588,0.49411764705882355,8.000078457781541,382090
0.6431372549019608,0.7254901960784313,0.5098039215686274,21.000205951676545,181135
0.6901960784313725,0.7215686274509804,0.49411764705882355,7.000068650558848,200154
0.403921568627451,0.15294117647058825,0.7764705882352941,8.000078457781541,399618
0.3764705882352941,0.16862745098039217,0.792156862745098,7.000068650558848,424343
0.4235294117647059,0.17647058823529413,0.7764705882352941,2.0000196144453852,398668
0.3843137254901961,0.13725490196078433,0.803921568627451,263.00257929956814,401614
0.4,0.16862745098039217,0.8235294117647058,133.00130436061812,393993
0.40784313725490196,0.16862745098039217,0.8235294117647058,6.000058843336156,396836
0.592156862745098,0.5137254901960784,0.8470588235294118,39.00038248168501,317157
0.6,0.5254901960784314,0.8549019607843137,136.0013337822862,334235
0.5686274509803921,0.5450980392156862,0.8431372549019608,21.000205951676545,287991
0.615686274509804,0.5372549019607843,0.8470588235294118,70.00068650558848,338026
0.5764705882352941,0.5254901960784314,0.8784313725490196,27.0002647950127,257157
0.6235294117647059,0.5294117647058824,0.8705882352941177,55.00053939724809,242889
0.5686274509803921,0.5411764705882353,0.8823529411764706,12.000117686672311,153505
0.6196078431372549,0.5490196078431373,0.8705882352941177,58.00056881891617,321899
0.6392156862745098,0.6431372549019608,0.5725490196078431,10.000098072226926,399272
0.7490196078431373,0.6431372549019608,0.5137254901960784,21.000205951676545,403072
0.6823529411764706,0.7254901960784313,0.5215686274509804,7.000068650558848,420290
0.7058823529411765,0.7058823529411765,0.5333333333333333,8.000078457781541,416442
0.6509803921568628,0.6588235294117647,0.6352941176470588,13.000127493895004,366268
0.6980392156862745,0.6352941176470588,0.6039215686274509,10.000098072226926,390816
0.6470588235294118,0.7137254901960784,0.5882352941176471,25.000245180567315,394501
0.7333333333333333,0.7058823529411765,0.592156862745098,10.000098072226926,352957
0.8941176470588236,0.6941176470588235,0.34901960784313724,1.0000098072226926,409813
0.9372549019607843,0.7058823529411765,0.3411764705882353,255.00250084178663,592402
0.9019607843137255,0.6980392156862745,0.3764705882352941,6.000058843336156,250419
0.9254901960784314,0.6941176470588235,0.3607843137254902,146.00143185451313,591403
0.9058823529411765,0.7254901960784313,0.3764705882352941,1.0000098072226926,408864
0.9372549019607843,0.7294117647058823,0.37254901960784315,7.000068650558848,587648
0.6470588235294118,0.44313725490196076,0.1450980392156863,14.000137301117697,259927
0.6745098039215687,0.4549019607843137,0.1568627450980392,324.0031775401524,246657
0.6509803921568628,0.4823529411764706,0.1607843137254902,5.000049036113463,375450
0.6823529411764706,0.4745098039215686,0.1607843137254902,14.000137301117697,259922
0.6274509803921569,0.4470588235294118,0.19215686274509805,9.000088265004234,484819
0.6705882352941176,0.4549019607843137,0.17647058823529413,33.00032363834886,242859
0.6352941176470588,0.5019607843137255,0.1803921568627451,1.0000098072226926,378292
0.6823529411764706,0.4745098039215686,0.16862745098039217,15.00014710834039,252340
0.9647058823529412,0.7647058823529411,0.403921568627451,84.00082380670618,577159
0.9450980392156862,0.8156862745098039,0.403921568627451,1.0000098072226926,413612
0.9529411764705882,0.7686274509803922,0.4392156862745098,317.00310888959353,587677
0.9686274509803922,0.792156862745098,0.44313725490196076,10.000098072226926,573363
0.9725490196078431,0.796078431372549,0.4470588235294118,2.0000196144453852,573366
0.09019607843137255,0.07058823529411765,0.5294117647058824,36.000353060016934,477928
0.11372549019607843,0.09019607843137255,0.5137254901960784,177.00173587841658,232499
0.07058823529411765,0.12549019607843137,0.5411764705882353,6.000058843336156,503603
0.11372549019607843,0.10196078431372549,0.5372549019607843,12.000117686672311,50953
0.07450980392156863,0.07058823529411765,0.5490196078431373,59.00057862613886,476037
0.09411764705882353,0.0784313725490196,0.5529411764705883,91.00089245726502,357822
0.06274509803921569,0.09803921568627451,0.5647058823529412,5.000049036113463,319830
0.11764705882352941,0.10588235294117647,0.5450980392156862,27.0002647950127,82046
0.47843137254901963,0.6313725490196078,0.8980392156862745,284.0027852512447,243239
0.49019607843137253,0.6392156862745098,0.8941176470588236,262.00256949234546,176770
0.4823529411764706,0.6509803921568628,0.9019607843137255,69.0006766983658,86726
0.4980392156862745,0.6549019607843137,0.9019607843137255,175.00171626397122,4038
0.4823529411764706,0.6431372549019608,0.9098039215686274,278.00272640790854,173865
0.48627450980392156,0.6313725490196078,0.9137254901960784,253.00248122734124,322033
0.4823529411764706,0.6549019607843137,0.9137254901960784,74.00072573447926,415658
0.4980392156862745,0.6549019607843137,0.9058823529411765,257.002520456232,140710
0.39215686274509803,0.4392156862745098,0.30980392156862746,4.0000392288907705,504667
0.49019607843137253,0.3843137254901961,0.2823529411764706,32.000313831126164,501938
0.3764705882352941,0.44313725490196076,0.27450980392156865,13.000127493895004,486602
0.42745098039215684,0.38823529411764707,0.32941176470588235,8.000078457781541,522811
0.49411764705882355,0.4117647058823529,0.3333333333333333,40.000392288907705,607206
0.4,0.4823529411764706,0.3568627450980392,4.0000392288907705,466653
0.49019607843137253,0.4470588235294118,0.3686274509803922,2.0000196144453852,357707
0.6862745098039216,0.3803921568627451,0.6470588235294118,6.000058843336156,303356
0.6901960784313725,0.42745098039215684,0.6431372549019608,6.000058843336156,327289
0.6666666666666666,0.4627450980392157,0.6666666666666666,5.000049036113463,380439
0.7490196078431373,0.47843137254901963,0.6588235294117647,9.000088265004234,364303
0.6352941176470588,0.39215686274509803,0.7215686274509804,12.000117686672311,534994
0.7137254901960784,0.4392156862745098,0.7058823529411765,2.0000196144453852,531190
0.6784313725490196,0.4588235294117647,0.7372549019607844,23.00022556612193,247384
0.7019607843137254,0.48627450980392156,0.7254901960784313,39.00038248168501,247388
0.3803921568627451,0.15294117647058825,0.8274509803921568,42.00041190335309,297983
0.4117647058823529,0.1568627450980392,0.8509803921568627,3.000029421668078,405362
0.3843137254901961,0.1843137254901961,0.8431372549019608,188.0018437578662,370277
0.41568627450980394,0.1803921568627451,0.8274509803921568,99.00097091504657,394937
0.3843137254901961,0.1843137254901961,0.8823529411764706,22.000215758899238,241546
0.41568627450980394,0.1843137254901961,0.8666666666666667,50.00049036113463,400613
0.7725490196078432,0.7019607843137254,0.9137254901960784,14.000137301117697,168696
0.796078431372549,0.6980392156862745,0.9176470588235294,25.000245180567315,248569
0.7529411764705882,0.7411764705882353,0.8901960784313725,16.000156915563082,239099
0.788235294117647,0.7333333333333333,0.9176470588235294,15.00014710834039,131653
0.7529411764705882,0.7215686274509804,0.9411764705882353,71.00069631281117,424334
0.803921568627451,0.7058823529411765,0.9372549019607843,183.00179472175276,100264
0.7607843137254902,0.7490196078431373,0.9372549019607843,25.000245180567315,513576
0.8117647058823529,0.7294117647058823,0.9294117647058824,53.00051978280271,326540
0.8196078431372549,0.8588235294117647,0.9215686274509803,195.00191240842506,489643
0.8313725490196079,0.8588235294117647,0.9294117647058824,76.00074534892464,513394
0.8196078431372549,0.8666666666666667,0.9333333333333333,277.00271660068586,353034
0.8392156862745098,0.8705882352941177,0.9254901960784314,686.0067277547671,530495
0.8196078431372549,0.8588235294117647,0.9490196078431372,57.00055901169348,423150
0.8352941176470589,0.8627450980392157,0.9372549019607843,17.000166722785774,514346
0.8274509803921568,0.8745098039215686,0.9411764705882353,146.00143185451313,432065
0.8431372549019608,0.8784313725490196,0.9372549019607843,141.00138281839966,50513
0.16470588235294117,0.42745098039215684,0.7490196078431373,3957.0388071801945,87015
0.16862745098039217,0.43529411764705883,0.7529411764705882,2169.0212718660205,50796
0.16862745098039217,0.43137254901960786,0.7607843137254902,119.00116705950042,44139
0.16862745098039217,0.43529411764705883,0.7568627450980392,113.00110821616427,84100
0.6470588235294118,0.5372549019607843,0.29411764705882354,15.00014710834039,420260
0.7333333333333333,0.5215686274509804,0.2901960784313726,12.000117686672311,270405
0.6392156862745098,0.6274509803921569,0.27450980392156865,2.0000196144453852,199198
0.7333333333333333,0.6078431372549019,0.2980392156862745,3.000029421668078,378288
0.6470588235294118,0.5568627450980392,0.32941176470588235,42.00041190335309,377337
0.7333333333333333,0.5333333333333333,0.3607843137254902,6.000058843336156,611353
0.6705882352941176,0.6039215686274509,0.37254901960784315,11.000107879449619,333025
0.6901960784313725,0.6039215686274509,0.3843137254901961,7.000068650558848,490761
0.9450980392156862,0.9529411764705882,0.9607843137254902,98.00096110782388,408160
0.9568627450980393,0.9568627450980393,0.9647058823529412,26.000254987790008,352094
0.9529411764705882,0.9647058823529412,0.9647058823529412,47.00046093946655,229739
0.9647058823529412,0.9725490196078431,0.9647058823529412,58.00056881891617,336902
0.9411764705882353,0.9529411764705882,0.9725490196078431,646.0063354658595,415765
0.9686274509803922,0.9490196078431372,0.9725490196078431,49.00048055391194,303615
0.9529411764705882,0.9607843137254902,0.9803921568627451,454.00445247910244,410032
0.9686274509803922,0.9725490196078431,0.9803921568627451,183.00179472175276,371090
0.8784313725490196,0.9450980392156862,0.996078431372549,303.0029715884759,196557
0.9058823529411765,0.9490196078431372,0.996078431372549,1056.0103564271635,245070
0.8862745098039215,0.9607843137254902,0.9921568627450981,38.00037267446232,197735
0.8941176470588236,0.9607843137254902,0.996078431372549,164.0016083845216,200447
0.5333333333333333,0.5254901960784314,0.41568627450980394,9.000088265004234,395413
0.5843137254901961,0.5137254901960784,0.41568627450980394,16.000156915563082,384942
0.5254901960784314,0.6235294117647059,0.403921568627451,14.000137301117697,451480
0.592156862745098,0.6078431372549019,0.38823529411764707,4.0000392288907705,189686
0.5333333333333333,0.5137254901960784,0.4980392156862745,10.000098072226926,407746
0.6235294117647059,0.5137254901960784,0.5098039215686274,25.000245180567315,577288
0.5372549019607843,0.6078431372549019,0.5058823529411764,12.000117686672311,396367
0.611764705882353,0.5686274509803921,0.4627450980392157,7.000068650558848,480060
0.4470588235294118,0.27058823529411763,0.6,31.00030402390347,313656
0.4980392156862745,0.2549019607843137,0.6039215686274509,4.0000392288907705,270407
0.45098039215686275,0.2901960784313726,0.5843137254901961,62.00060804780694,340118
0.4823529411764706,0.3058823529411765,0.5764705882352941,4.0000392288907705,172343
0.4392156862745098,0.2823529411764706,0.6235294117647059,1.0000098072226926,320299
0.4823529411764706,0.27058823529411763,0.611764705882353,6.000058843336156,310803
0.4392156862745098,0.30196078431372547,0.6196078431372549,252.00247142011852,342985
0.4745098039215686,0.3137254901960784,0.6313725490196078,27.0002647950127,331575
0.5058823529411764,0.3254901960784314,0.10196078431372549,2.0000196144453852,375448
0.5019607843137255,0.3411764705882353,0.10588235294117647,66.00064727669772,499068
0.5333333333333333,0.34509803921568627,0.10980392156862745,1.0000098072226926,375442
0.5098039215686274,0.3607843137254902,0.12156862745098039,241.0023635406689,353911
0.5490196078431373,0.3686274509803922,0.11764705882352941,77.00075515614733,375447
0.30980392156862746,0.43529411764705883,0.17254901960784313,2.0000196144453852,497114
0.3568627450980392,0.43137254901960786,0.19607843137254902,36.000353060016934,492305
0.3568627450980392,0.4470588235294118,0.1803921568627451,25.000245180567315,508481
0.2627450980392157,0.4117647058823529,0.23921568627450981,4.0000392288907705,241837
0.36470588235294116,0.4392156862745098,0.2549019607843137,10.000098072226926,493255
0.3058823529411765,0.45098039215686275,0.21176470588235294,1.0000098072226926,505656
0.3686274509803922,0.4549019607843137,0.22745098039215686,17.000166722785774,508477
0.19215686274509805,0.4627450980392157,0.796078431372549,237.00232431177815,296688
0.19607843137254902,0.4627450980392157,0.796078431372549,53.00051978280271,295736
0.18823529411764706,0.47058823529411764,0.8,1550.0152011951736,286372
0.19607843137254902,0.4666666666666667,0.796078431372549,160.00156915563082,310086
0.18823529411764706,0.4588235294117647,0.807843137254902,20.000196144453852,260742
0.2,0.4627450980392157,0.807843137254902,21.000205951676545,304336
0.19215686274509805,0.47058823529411764,0.803921568627451,3733.0366103623114,281517
0.19607843137254902,0.47058823529411764,0.803921568627451,268.0026283356816,285336
0.6784313725490196,0.13333333333333333,0.09019607843137255,62.00060804780694,307378
0.6901960784313725,0.13725490196078433,0.09411764705882353,32.000313831126164,305478
0.788235294117647,0.6470588235294118,0.5254901960784314,11.000107879449619,248507
0.8196078431372549,0.6627450980392157,0.5176470588235295,12.000117686672311,390815
0.8,0.7333333333333333,0.5294117647058824,13.000127493895004,394462
0.8745098039215686,0.7019607843137254,0.5137254901960784,19.00018633723116,558274
0.7529411764705882,0.6901960784313725,0.5843137254901961,8.000078457781541,247558
0.8588235294117647,0.6705882352941176,0.5882352941176471,2.0000196144453852,555423
0.7843137254901961,0.7215686274509804,0.6352941176470588,12.000117686672311,343460
0.8549019607843137,0.7333333333333333,0.6078431372549019,17.000166722785774,551619
0.9411764705882353,0.8823529411764706,0.29411764705882354,366.0035894435055,381182
0.9568627450980393,0.8941176470588236,0.30196078431372547,18.000176530008467,389723
0.9490196078431372,0.8980392156862745,0.2980392156862745,783.0076790553683,357466
0.9568627450980393,0.9019607843137255,0.30196078431372547,281.00275582957664,361213
0.9411764705882353,0.8823529411764706,0.3215686274509804,3.000029421668078,422166
0.9607843137254902,0.8901960784313725,0.3176470588235294,7.000068650558848,336585
0.9529411764705882,0.8980392156862745,0.30980392156862746,14.000137301117697,339435
0.9607843137254902,0.8980392156862745,0.30980392156862746,29.000284409458086,393543
0.2823529411764706,0.4588235294117647,0.7490196078431373,192.00188298675698,558321
0.2901960784313726,0.4627450980392157,0.7490196078431373,234.00229489011008,556892
0.28627450980392155,0.4666666666666667,0.7490196078431373,93.00091207171042,577757
0.29411764705882354,0.47058823529411764,0.7529411764705882,88.00086303559695,602444
0.2823529411764706,0.4588235294117647,0.7607843137254902,2185.0214287815834,532073
0.29411764705882354,0.4627450980392157,0.7607843137254902,1881.0184473858849,592896
0.2823529411764706,0.4666666666666667,0.7568627450980392,422.0041386479763,571119
0.29411764705882354,0.4666666666666667,0.7607843137254902,901.008836307646,588187
0.3215686274509804,0.5137254901960784,0.796078431372549,231.002265468442,371053
0.3333333333333333,0.5058823529411764,0.807843137254902,171.00167703508043,461485
0.3176470588235294,0.5294117647058824,0.807843137254902,116.00113763783234,49625
0.33725490196078434,0.5254901960784314,0.796078431372549,177.00173587841658,34959
0.3254901960784314,0.5098039215686274,0.8156862745098039,205.002010480652,414620
0.33725490196078434,0.5176470588235295,0.8117647058823529,120.00117686672311,409936
0.3215686274509804,0.5333333333333333,0.8235294117647058,239.00234392622355,371934
0.33725490196078434,0.5215686274509804,0.8117647058823529,239.00234392622355,480445
0.8274509803921568,0.8549019607843137,0.9019607843137255,124.00121609561388,480166
0.8313725490196079,0.8549019607843137,0.8941176470588236,21.000205951676545,504980
0.8274509803921568,0.8705882352941177,0.8980392156862745,59.00057862613886,484007
0.8313725490196079,0.8705882352941177,0.9019607843137255,38.00037267446232,484005
0.8274509803921568,0.8627450980392157,0.9137254901960784,431.0042269129805,515500
0.8313725490196079,0.8588235294117647,0.9137254901960784,219.00214778176968,536191
0.8274509803921568,0.8705882352941177,0.9176470588235294,139.00136320395427,335928
0.8352941176470589,0.8666666666666667,0.9137254901960784,465.00456035855206,530511
0.7529411764705882,0.5725490196078431,0.8549019607843137,15.00014710834039,136310
0.7843137254901961,0.5686274509803921,0.8431372549019608,4.0000392288907705,143041
0.7568627450980392,0.615686274509804,0.8274509803921568,11.000107879449619,240738
0.7843137254901961,0.6196078431372549,0.8392156862745098,4.0000392288907705,520749
0.7607843137254902,0.5803921568627451,0.8627450980392157,211.00206932398814,139161
0.788235294117647,0.5843137254901961,0.8784313725490196,2.0000196144453852,142094
0.7568627450980392,0.6039215686274509,0.8784313725490196,120.00117686672311,120186
0.792156862745098,0.6235294117647059,0.8666666666666667,7.000068650558848,517901
0.7647058823529411,0.7607843137254902,0.8431372549019608,2.0000196144453852,211539
0.7843137254901961,0.7764705882352941,0.8313725490196079,5.000049036113463,550557
0.7568627450980392,0.8,0.8509803921568627,16.000156915563082,202058
0.796078431372549,0.8156862745098039,0.8352941176470589,3.000029421668078,381530
0.7686274509803922,0.7843137254901961,0.8666666666666667,7.000068650558848,205831
0.807843137254902,0.7725490196078432,0.8862745098039215,3.000029421668078,340711
0.7725490196078432,0.8156862745098039,0.8784313725490196,329.0032265762659,459377
0.7843137254901961,0.8156862745098039,0.8705882352941177,6.000058843336156,508779
0.8588235294117647,0.8823529411764706,0.6745098039215687,15.00014710834039,442278
0.7725490196078432,0.9725490196078431,0.6431372549019608,7.000068650558848,113855
0.8509803921568627,0.9921568627450981,0.6980392156862745,34.00033344557155,104355
0.788235294117647,0.8941176470588236,0.7058823529411765,3.000029421668078,311947
0.8470588235294118,0.8862745098039215,0.7411764705882353,10.000098072226926,438478
0.8117647058823529,0.984313725490196,0.7254901960784313,7.000068650558848,104354
0.8196078431372549,0.9803921568627451,0.7372549019607844,16.000156915563082,103404
0.5568627450980392,0.4,0.12941176470588237,42.00041190335309,488627
0.5843137254901961,0.4117647058823529,0.13333333333333333,50.00049036113463,493355
0.5490196078431373,0.1568627450980392,0.2784313725490196,7.000068650558848,308113
0.6078431372549019,0.12941176470588237,0.2901960784313726,32.000313831126164,376659
0.5372549019607843,0.23137254901960785,0.2627450980392157,1.0000098072226926,315918
0.5294117647058824,0.12941176470588237,0.36470588235294116,14.000137301117697,156345
0.6039215686274509,0.12941176470588237,0.3568627450980392,28.000274602235393,302426
0.5450980392156862,0.24313725490196078,0.32941176470588235,5.000049036113463,513167
0.5764705882352941,0.20392156862745098,0.32941176470588235,5.000049036113463,312127
0.7647058823529411,0.8274509803921568,0.8980392156862745,355.0034815640559,564691
0.7725490196078432,0.8235294117647058,0.8941176470588236,226.00221643232854,547625
0.7568627450980392,0.8352941176470589,0.8980392156862745,7.000068650558848,341528
0.7764705882352941,0.8470588235294118,0.9019607843137255,91.00089245726502,442263
0.7607843137254902,0.8235294117647058,0.9058823529411765,207.00203009509738,512667
0.7725490196078432,0.8196078431372549,0.9137254901960784,295.0028931306943,550427
0.7607843137254902,0.8352941176470589,0.9098039215686274,35.00034325279424,444166
0.7764705882352941,0.8431372549019608,0.9137254901960784,248.00243219122777,520122
0.7725490196078432,0.8274509803921568,0.8470588235294118,6.000058843336156,431829
0.8,0.8196078431372549,0.8470588235294118,8.000078457781541,367211
0.7647058823529411,0.8549019607843137,0.8313725490196079,5.000049036113463,190870
0.8117647058823529,0.8509803921568627,0.8509803921568627,3.000029421668078,425183
0.7686274509803922,0.8196078431372549,0.8862745098039215,157.00153973396274,541878
0.8117647058823529,0.8431372549019608,0.8862745098039215,158.00154954118543,524815
0.7647058823529411,0.8705882352941177,0.8705882352941177,10.000098072226926,371009
0.8117647058823529,0.8549019607843137,0.8862745098039215,18.000176530008467,503979
0.4392156862745098,0.19607843137254902,0.8549019607843137,8.000078457781541,388297
0.4470588235294118,0.23137254901960785,0.8509803921568627,12.000117686672311,379753
0.4392156862745098,0.21176470588235294,0.8823529411764706,45.00044132502117,289431
0.45098039215686275,0.25098039215686274,0.8784313725490196,298.0029225523624,402497
0.4745098039215686,0.24705882352941178,0.8862745098039215,1.0000098072226926,302720
0.40784313725490196,0.5764705882352941,0.8313725490196079,244.002392962337,89572
0.42745098039215684,0.5686274509803921,0.8313725490196079,140.00137301117695,419456
0.41568627450980394,0.596078431372549,0.8352941176470589,73.00071592725656,73957
0.4235294117647059,0.5882352941176471,0.8392156862745098,168.00164761341236,41572
0.4196078431372549,0.5725490196078431,0.8431372549019608,247.0024223840051,458632
0.42745098039215684,0.5803921568627451,0.8470588235294118,137.00134358950888,392910
0.4196078431372549,0.5843137254901961,0.8509803921568627,207.00203009509738,143659
0.42745098039215684,0.592156862745098,0.8470588235294118,234.00229489011008,99020
0.9411764705882353,0.9176470588235294,0.3058823529411765,299.0029323595851,338481
0.9647058823529412,0.9137254901960784,0.3058823529411765,304.00298139569855,382159
0.9490196078431372,0.9215686274509803,0.30980392156862746,94.0009218789331,459393
0.9607843137254902,0.9254901960784314,0.30980392156862746,315.00308927514817,347936
0.9490196078431372,0.9294117647058824,0.30980392156862746,108.0010591800508,448014
0.9607843137254902,0.9333333333333333,0.3137254901960784,320.00313831126164,346037
0.5725490196078431,0.3843137254901961,0.7019607843137254,93.00091207171042,332519
0.5725490196078431,0.4117647058823529,0.7137254901960784,55.00053939724809,421846
0.5843137254901961,0.403921568627451,0.7490196078431373,18.000176530008467,418059
0.6235294117647059,0.39215686274509803,0.7568627450980392,3.000029421668078,162987
0.5843137254901961,0.42745098039215684,0.7490196078431373,152.00149069784928,428493
0.6039215686274509,0.43137254901960786,0.7450980392156863,36.000353060016934,324922
0.8431372549019608,0.5686274509803921,0.2,19.00018633723116,611373
0.8627450980392157,0.5882352941176471,0.21176470588235294,132.00129455339544,609465
0.8705882352941177,0.6039215686274509,0.21568627450980393,127.00124551728196,607568
0.8156862745098039,0.5803921568627451,0.23921568627450981,23.00022556612193,397464
0.8588235294117647,0.5764705882352941,0.2549019607843137,44.000431517798475,595336
0.8196078431372549,0.6078431372549019,0.2549019607843137,1.0000098072226926,411698
0.8705882352941177,0.6078431372549019,0.23137254901960785,11.000107879449619,604743
0.19215686274509805,0.12941176470588237,0.5882352941176471,71.00069631281117,319798
0.24313725490196078,0.15294117647058825,0.5764705882352941,33.00032363834886,16658
0.21568627450980393,0.1803921568627451,0.5764705882352941,18.000176530008467,229644
0.23921568627450981,0.16470588235294117,0.6,55.00053939724809,231542
0.21176470588235294,0.13333333333333333,0.6313725490196078,43.00042171057578,353064
0.2196078431372549,0.1568627450980392,0.6196078431372549,24.000235373344623,28176
0.20784313725490197,0.18823529411764706,0.6196078431372549,54.0005295900254,4353
0.2235294117647059,0.16470588235294117,0.6274509803921569,57.00055901169348,29130
0.6588235294117647,0.7686274509803922,0.9647058823529412,187.00183395064352,231874
0.6784313725490196,0.7568627450980392,0.9568627450980393,95.0009316861558,268844
0.6666666666666666,0.7764705882352941,0.9647058823529412,104.00101995116003,311597
0.6862745098039216,0.7803921568627451,0.9529411764705882,188.0018437578662,252804
0.6666666666666666,0.7647058823529411,0.9803921568627451,266.00260872123624,200508
0.6745098039215687,0.7686274509803922,0.9686274509803922,109.0010689872735,249945
0.6705882352941176,0.7764705882352941,0.9803921568627451,225.00220662510583,84652
0.6745098039215687,0.7725490196078432,0.9686274509803922,243.0023831551143,294492
0.26666666666666666,0.4588235294117647,0.7647058823529411,792.0077673203725,493175
0.27450980392156865,0.4627450980392157,0.7647058823529411,883.0086597776376,538865
0.26666666666666666,0.4666666666666667,0.7686274509803922,396.00388366018626,525628
0.2784313725490196,0.47058823529411764,0.7647058823529411,1458.0142989306858,553172
0.27058823529411763,0.4627450980392157,0.7725490196078432,458.0044917079932,611584
0.27450980392156865,0.4588235294117647,0.7725490196078432,354.00347175683316,533180
0.27058823529411763,0.4666666666666667,0.7725490196078432,887.0086990065283,537025
0.2784313725490196,0.4666666666666667,0.7725490196078432,409.0040111540813,542586
0.24705882352941178,0.13333333333333333,0.803921568627451,70.00068650558848,300852
0.24705882352941178,0.23137254901960785,0.788235294117647,2.0000196144453852,260522
0.23921568627450981,0.1607843137254902,0.8352941176470589,16.000156915563082,285658
0.5294117647058824,0.3803921568627451,0.7647058823529411,43.00042171057578,366559
0.5607843137254902,0.40784313725490196,0.7843137254901961,10.000098072226926,324974
0.5176470588235295,0.4117647058823529,0.7686274509803922,50.00049036113463,499313
0.5607843137254902,0.42745098039215684,0.7686274509803922,81.0007943850381,328770
0.5019607843137255,0.403921568627451,0.803921568627451,36.000353060016934,328555
0.5372549019607843,0.40784313725490196,0.8,5.000049036113463,318319
0.5137254901960784,0.4235294117647059,0.8117647058823529,94.0009218789331,327604
0.5450980392156862,0.43529411764705883,0.8117647058823529,33.00032363834886,491699
0.0784313725490196,0.06274509803921569,0.5215686274509804,124.00121609561388,478882
0.11372549019607843,0.06274509803921569,0.5137254901960784,218.002137974547,48114
0.06274509803921569,0.06274509803921569,0.5450980392156862,6.000058843336156,477940
0.09803921568627451,0.06274509803921569,0.5450980392156862,4.0000392288907705,475086
0.1568627450980392,0.3843137254901961,0.7098039215686275,35.00034325279424,15804
0.1843137254901961,0.39215686274509803,0.7137254901960784,6.000058843336156,6115
0.1568627450980392,0.40784313725490196,0.7098039215686275,439.00430537076204,16749
0.17647058823529413,0.40784313725490196,0.7098039215686275,7.000068650558848,17594
0.1568627450980392,0.39215686274509803,0.7254901960784313,54.0005295900254,28188
0.1803921568627451,0.39215686274509803,0.7176470588235294,8.000078457781541,27100
0.1568627450980392,0.40784313725490196,0.7215686274509804,851.0083459465114,5400
0.1803921568627451,0.403921568627451,0.7294117647058823,7.000068650558848,120028
0.3254901960784314,0.5490196078431373,0.8274509803921568,243.0023831551143,295992
0.33725490196078434,0.5450980392156862,0.8313725490196079,208.00203990232006,2105
0.3176470588235294,0.5529411764705883,0.8392156862745098,57.00055901169348,124665
0.32941176470588235,0.5568627450980392,0.8352941176470589,70.00068650558848,129414
0.3176470588235294,0.5372549019607843,0.8431372549019608,348.003412913497,145525
0.3333333333333333,0.5411764705882353,0.8431372549019608,223.00218701066046,147433
0.3137254901960784,0.5647058823529412,0.8549019607843137,117.00114744505504,336615
0.3333333333333333,0.5647058823529412,0.8509803921568627,134.0013141678408,120865
0.25098039215686274,0.47058823529411764,0.6470588235294118,24.000235373344623,178193
0.30980392156862746,0.44313725490196076,0.6666666666666666,67.0006570839204,508540
0.27450980392156865,0.47843137254901963,0.6588235294117647,14.000137301117697,410722
0.28627450980392155,0.49411764705882355,0.6666666666666666,18.000176530008467,387963
0.25098039215686274,0.45098039215686275,0.6823529411764706,84.00082380670618,448629
0.2980392156862745,0.4666666666666667,0.6784313725490196,103.00101014393734,391663
0.27058823529411763,0.4745098039215686,0.6862745098039216,21.000205951676545,325421
0.2823529411764706,0.49019607843137253,0.6941176470588235,18.000176530008467,345032
0.38823529411764707,0.5725490196078431,0.8705882352941177,216.0021183601016,206002
0.403921568627451,0.5686274509803921,0.8627450980392157,313.0030696607028,219452
0.3843137254901961,0.5882352941176471,0.8705882352941177,53.00051978280271,117062
0.403921568627451,0.592156862745098,0.8627450980392157,212.00207913121085,370110
0.38823529411764707,0.5803921568627451,0.8745098039215686,113.00110821616427,410812
0.396078431372549,0.5725490196078431,0.8745098039215686,204.00200067342928,134229
0.3843137254901961,0.5882352941176471,0.8784313725490196,85.00083361392888,185099
0.403921568627451,0.592156862745098,0.8823529411764706,188.0018437578662,177756
0.9686274509803922,0.8901960784313725,0.6666666666666666,10.000098072226926,558210
0.9803921568627451,0.8823529411764706,0.6509803921568628,249.00244199845045,547739
0.9647058823529412,0.9254901960784314,0.6549019607843137,8.000078457781541,425229
0.9803921568627451,0.9333333333333333,0.6392156862745098,2.0000196144453852,421425
0.9647058823529412,0.8980392156862745,0.6862745098039216,9.000088265004234,570558
0.9725490196078431,0.8901960784313725,0.6784313725490196,55.00053939724809,566752
0.9450980392156862,0.9372549019607843,0.6745098039215687,1.0000098072226926,415713
0.9882352941176471,0.9137254901960784,0.6862745098039216,11.000107879449619,572464
0.792156862745098,0.8509803921568627,0.9882352941176471,414.00406019019476,174945
0.8,0.8627450980392157,0.9882352941176471,232.0022752756647,277333
0.7843137254901961,0.8666666666666667,0.9882352941176471,265.00259891401356,196545
0.8117647058823529,0.8745098039215686,0.984313725490196,468.00458978022016,187017
0.2901960784313726,0.48627450980392156,0.8274509803921568,97.00095130060119,445344
0.3058823529411765,0.47843137254901963,0.8313725490196079,18.000176530008467,374279
0.28627450980392155,0.5019607843137255,0.8352941176470589,712.0069827425572,280353
0.3058823529411765,0.49411764705882355,0.8274509803921568,335.00328541960204,334388
0.28627450980392155,0.48627450980392156,0.8470588235294118,12.000117686672311,370490
0.30980392156862746,0.48627450980392156,0.8431372549019608,3.000029421668078,410347
0.2901960784313726,0.49411764705882355,0.8549019607843137,101.00099052949196,304056
0.2980392156862745,0.49411764705882355,0.8470588235294118,97.00095130060119,321050
0.5372549019607843,0.7568627450980392,0.23529411764705882,644.006315851414,146188
0.5529411764705883,0.7568627450980392,0.24313725490196078,215.00210855287892,166204
0.5450980392156862,0.7725490196078432,0.23529411764705882,32.000313831126164,137662
0.5568627450980392,0.7843137254901961,0.23921568627450981,178.0017456856393,137645
0.5372549019607843,0.7686274509803922,0.25098039215686274,77.00075515614733,157590
0.5607843137254902,0.7568627450980392,0.24705882352941178,190.0018633723116,165238
0.5450980392156862,0.7725490196078432,0.25882352941176473,11.000107879449619,153784
0.5568627450980392,0.7725490196078432,0.25882352941176473,27.0002647950127,171857
0.23137254901960785,0.47843137254901963,0.7725490196078432,178.0017456856393,17374
0.24705882352941178,0.4745098039215686,0.7686274509803922,179.00175549286197,77720
0.2235294117647059,0.4980392156862745,0.7764705882352941,59.00057862613886,171729
0.24705882352941178,0.49019607843137253,0.7764705882352941,49.00048055391194,178377
0.22745098039215686,0.4745098039215686,0.7843137254901961,276.0027067934632,312078
0.24705882352941178,0.4745098039215686,0.792156862745098,312.00305985348007,385142
0.23137254901960785,0.49019607843137253,0.792156862745098,194.00190260120237,177435
0.23921568627450981,0.5019607843137255,0.788235294117647,125.00122590283658,65343
0.9058823529411765,0.6941176470588235,0.396078431372549,22.000215758899238,569676
0.9098039215686274,0.6980392156862745,0.4,124.00121609561388,569675
0.8823529411764706,0.7490196078431373,0.396078431372549,2.0000196144453852,404118
0.9333333333333333,0.7333333333333333,0.403921568627451,45.00044132502117,397375
0.9058823529411765,0.7058823529411765,0.43137254901960786,13.000127493895004,233341
0.9294117647058824,0.7215686274509804,0.4235294117647059,44.000431517798475,236187
0.8862745098039215,0.7372549019607844,0.4392156862745098,3.000029421668078,401254
0.9333333333333333,0.7294117647058823,0.42745098039215684,90.00088265004234,564920
0.3803921568627451,0.5490196078431373,0.8274509803921568,187.00183395064352,486756
0.396078431372549,0.5372549019607843,0.8313725490196079,53.00051978280271,235050
0.3803921568627451,0.5607843137254902,0.8313725490196079,268.0026283356816,149370
0.403921568627451,0.5568627450980392,0.8313725490196079,202.00198105898392,392843
0.3764705882352941,0.5411764705882353,0.8509803921568627,123.00120628839119,247034
0.4,0.5411764705882353,0.8470588235294118,39.00038248168501,378982
0.3803921568627451,0.5529411764705883,0.8431372549019608,310.0030402390347,138839
0.4,0.5607843137254902,0.8549019607843137,185.00181433619812,381749
0.7568627450980392,0.6745098039215687,0.39215686274509803,4.0000392288907705,488861
0.8627450980392157,0.6313725490196078,0.396078431372549,25.000245180567315,598050
0.7529411764705882,0.7019607843137254,0.42745098039215684,21.000205951676545,472690
0.8745098039215686,0.7019607843137254,0.4,7.000068650558848,403153
0.7529411764705882,0.6470588235294118,0.5058823529411764,6.000058843336156,402122
0.8352941176470589,0.6823529411764706,0.5058823529411764,14.000137301117697,560176
0.796078431372549,0.7411764705882353,0.49019607843137253,4.0000392288907705,467981
0.8156862745098039,0.7254901960784313,0.4745098039215686,4.0000392288907705,382091
0.5176470588235295,0.30196078431372547,0.5411764705882353,6.000058843336156,310961
0.5647058823529412,0.30196078431372547,0.5529411764705883,4.0000392288907705,298626
0.5607843137254902,0.3411764705882353,0.5137254901960784,4.0000392288907705,329190
0.615686274509804,0.3568627450980392,0.5568627450980392,4.0000392288907705,328240
0.5019607843137255,0.26666666666666666,0.5764705882352941,3.000029421668078,534988
0.5764705882352941,0.3058823529411765,0.596078431372549,8.000078457781541,533088
0.5019607843137255,0.3333333333333333,0.6235294117647059,47.00046093946655,420877
0.596078431372549,0.3686274509803922,0.5764705882352941,9.000088265004234,363356
0.8431372549019608,0.7058823529411765,0.8941176470588236,13.000127493895004,319699
0.8549019607843137,0.7137254901960784,0.9019607843137255,5.000049036113463,109792
0.8196078431372549,0.7254901960784313,0.9019607843137255,12.000117686672311,238836
0.8705882352941177,0.7490196078431373,0.8941176470588236,11.000107879449619,526439
0.8196078431372549,0.6980392156862745,0.9450980392156862,245.0024027695597,109754
0.8470588235294118,0.7137254901960784,0.9372549019607843,8.000078457781541,111691
0.8392156862745098,0.7490196078431373,0.9490196078431372,38.00037267446232,287608
0.8588235294117647,0.7490196078431373,0.9490196078431372,8.000078457781541,217793
0.6313725490196078,0.5764705882352941,0.8470588235294118,18.000176530008467,297229
0.6784313725490196,0.5725490196078431,0.8431372549019608,27.0002647950127,400933
0.6313725490196078,0.6039215686274509,0.8313725490196079,13.000127493895004,203909
0.6745098039215687,0.6039215686274509,0.8509803921568627,9.000088265004234,399983
0.6431372549019608,0.5764705882352941,0.8823529411764706,89.00087284281965,303864
0.6588235294117647,0.5882352941176471,0.8784313725490196,102.00100033671464,318099
0.6470588235294118,0.6078431372549019,0.8823529411764706,12.000117686672311,422434
0.6745098039215687,0.615686274509804,0.8823529411764706,67.0006570839204,327583
0.6352941176470588,0.5686274509803921,0.9137254901960784,50.00049036113463,295323
0.6627450980392157,0.592156862745098,0.9019607843137255,78.00076496337002,306711
0.6313725490196078,0.6274509803921569,0.8980392156862745,17.000166722785774,411164
0.6745098039215687,0.6039215686274509,0.9058823529411765,133.00130436061812,303862
0.6352941176470588,0.5764705882352941,0.9372549019607843,9.000088265004234,369200
0.6823529411764706,0.5686274509803921,0.9215686274509803,22.000215758899238,304653
0.6274509803921569,0.615686274509804,0.9215686274509803,7.000068650558848,236291
0.6705882352941176,0.6196078431372549,0.9294117647058824,21.000205951676545,231066
0.396078431372549,0.06274509803921569,0.16470588235294117,8.000078457781541,123799
0.403921568627451,0.06666666666666667,0.1607843137254902,21.000205951676545,123798
0.4823529411764706,0.09411764705882353,0.1607843137254902,21.000205951676545,510328
0.3764705882352941,0.06274509803921569,0.23529411764705882,7.000068650558848,117160
0.3764705882352941,0.08627450980392157,0.21176470588235294,23.00022556612193,538838
0.4588235294117647,0.11764705882352941,0.24705882352941178,4.0000392288907705,509376
0.25098039215686274,0.4470588235294118,0.7686274509803922,493.00483496078743,569963
0.25882352941176473,0.4470588235294118,0.7686274509803922,934.009159945995,603167
0.2549019607843137,0.45098039215686275,0.7686274509803922,1338.0131220639628,586057
0.2627450980392157,0.45098039215686275,0.7686274509803922,683.006698333099,609772
0.2549019607843137,0.4470588235294118,0.7764705882352941,249.00244199845045,586078
0.25882352941176473,0.44313725490196076,0.7764705882352941,79.00077477059271,415249
0.2549019607843137,0.45098039215686275,0.7764705882352941,426.00417787686706,431406
0.25882352941176473,0.4549019607843137,0.7764705882352941,1161.0113861855461,423767
0.5254901960784314,0.4588235294117647,0.7764705882352941,24.000235373344623,363924
0.5529411764705883,0.44313725490196076,0.7647058823529411,129.00126513172734,495502
0.5294117647058824,0.4823529411764706,0.7843137254901961,14.000137301117697,345456
0.5372549019607843,0.47843137254901963,0.792156862745098,17.000166722785774,343561
0.5294117647058824,0.47058823529411764,0.8117647058823529,8.000078457781541,390104
0.5450980392156862,0.4549019607843137,0.8117647058823529,96.00094149337849,335190
0.5137254901960784,0.4980392156862745,0.803921568627451,15.00014710834039,505940
0.5450980392156862,0.48627450980392156,0.8235294117647058,32.000313831126164,311785
0.28627450980392155,0.4627450980392157,0.7647058823529411,618.006060863624,518823
0.2901960784313726,0.4627450980392157,0.7686274509803922,803.0078751998221,579609
0.28627450980392155,0.47058823529411764,0.7686274509803922,1709.0167605435818,545504
0.2901960784313726,0.4666666666666667,0.7686274509803922,1425.013975292337,585405
0.2823529411764706,0.4627450980392157,0.7764705882352941,153.00150050507196,469614
0.29411764705882354,0.4588235294117647,0.7764705882352941,32.000313831126164,432295
0.28627450980392155,0.47058823529411764,0.7725490196078432,151.0014808906266,579755
0.29411764705882354,0.47058823529411764,0.7725490196078432,467.0045799729975,576003
0.3764705882352941,0.12941176470588237,0.6784313725490196,2.0000196144453852,277831
0.4117647058823529,0.21176470588235294,0.6431372549019608,16.000156915563082,504478
0.45098039215686275,0.2235294117647059,0.6627450980392157,6.000058843336156,301480
0.3803921568627451,0.16862745098039217,0.7450980392156863,5.000049036113463,270411
0.38823529411764707,0.21568627450980393,0.7411764705882353,54.0005295900254,367033
0.5058823529411764,0.6313725490196078,0.5333333333333333,12.000117686672311,433521
0.5686274509803921,0.6862745098039216,0.5450980392156862,12.000117686672311,424062
0.5529411764705883,0.7254901960784313,0.5450980392156862,11.000107879449619,147115
0.6196078431372549,0.7215686274509804,0.5607843137254902,10.000098072226926,425963
0.5607843137254902,0.6509803921568628,0.6274509803921569,9.000088265004234,394502
0.596078431372549,0.6901960784313725,0.6274509803921569,16.000156915563082,244709
0.5098039215686274,0.7411764705882353,0.611764705882353,7.000068650558848,144263
0.5647058823529412,0.7294117647058823,0.6039215686274509,6.000058843336156,178286
0.6509803921568628,0.7607843137254902,0.8549019607843137,3.000029421668078,428934
0.6862745098039216,0.7803921568627451,0.8431372549019608,41.0004020961304,524749
0.6549019607843137,0.792156862745098,0.8352941176470589,4.0000392288907705,193729
0.6823529411764706,0.792156862745098,0.8509803921568627,4.0000392288907705,332983
0.6470588235294118,0.7568627450980392,0.8862745098039215,27.0002647950127,387171
0.6823529411764706,0.7607843137254902,0.8745098039215686,243.0023831551143,522176
0.6470588235294118,0.8,0.8588235294117647,3.000029421668078,71110
0.6823529411764706,0.8117647058823529,0.8705882352941177,7.000068650558848,408928
0.45098039215686275,0.3411764705882353,0.7647058823529411,58.00056881891617,340931
0.49411764705882355,0.3254901960784314,0.7725490196078432,7.000068650558848,232996
0.4549019607843137,0.37254901960784315,0.7725490196078432,147.0014416617358,347582
0.4745098039215686,0.37254901960784315,0.7686274509803922,82.0008041922608,338044
0.4588235294117647,0.33725490196078434,0.8,4.0000392288907705,352266
0.49019607843137253,0.3215686274509804,0.8,7.000068650558848,233945
0.4470588235294118,0.35294117647058826,0.796078431372549,10.000098072226926,410070
0.4745098039215686,0.34901960784313724,0.8117647058823529,17.000166722785774,368925
0.5019607843137255,0.6392156862745098,0.8941176470588236,194.00190260120237,180353
0.5176470588235295,0.6431372549019608,0.8980392156862745,59.00057862613886,196667
0.5058823529411764,0.6509803921568628,0.8941176470588236,243.0023831551143,388415
0.5215686274509804,0.6588235294117647,0.8941176470588236,206.00202028787467,68719
0.5098039215686274,0.6392156862745098,0.9137254901960784,104.00101995116003,234446
0.5215686274509804,0.6431372549019608,0.9098039215686274,34.00033344557155,197658
0.5058823529411764,0.6509803921568628,0.9176470588235294,271.0026577573497,248025
0.5254901960784314,0.6588235294117647,0.9137254901960784,216.0021183601016,129292
0.3764705882352941,0.5411764705882353,0.807843137254902,231.002265468442,590283
0.39215686274509803,0.5372549019607843,0.807843137254902,136.0013337822862,321642
0.3803921568627451,0.5568627450980392,0.803921568627451,70.00068650558848,540215
0.39215686274509803,0.5568627450980392,0.803921568627451,180.00176530008468,414738
0.3803921568627451,0.5450980392156862,0.8117647058823529,216.0021183601016,498495
0.403921568627451,0.5490196078431373,0.8235294117647058,110.00107879449618,544025
0.3803921568627451,0.5607843137254902,0.8117647058823529,155.00152011951735,157534
0.403921568627451,0.5568627450980392,0.8235294117647058,223.00218701066046,541186
0.8941176470588236,0.6313725490196078,0.9176470588235294,5.000049036113463,498753
0.9529411764705882,0.6705882352941176,0.9019607843137255,13.000127493895004,39919
0.8823529411764706,0.7215686274509804,0.9450980392156862,16.000156915563082,100237
0.9568627450980393,0.7019607843137254,0.9019607843137255,12.000117686672311,31352
0.8901960784313725,0.6862745098039216,0.9529411764705882,5.000049036113463,143036
0.9490196078431372,0.6705882352941176,0.9725490196078431,4.0000392288907705,42796
0.9372549019607843,0.7372549019607844,0.984313725490196,13.000127493895004,143034
0.9607843137254902,0.7450980392156863,0.9686274509803922,14.000137301117697,20029
0.2627450980392157,0.38823529411764707,0.6470588235294118,24.000235373344623,52627
0.2980392156862745,0.39215686274509803,0.6627450980392157,22.000215758899238,417325
0.25882352941176473,0.4117647058823529,0.6470588235294118,18.000176530008467,398166
0.2980392156862745,0.42745098039215684,0.6627450980392157,25.000245180567315,217849
0.25882352941176473,0.4,0.6784313725490196,36.000353060016934,65943
0.2980392156862745,0.396078431372549,0.6823529411764706,28.000274602235393,43126
0.2784313725490196,0.43529411764705883,0.6980392156862745,71.00069631281117,523527
0.2980392156862745,0.4392156862745098,0.6980392156862745,103.00101014393734,452337
0.21568627450980393,0.09411764705882353,0.6039215686274509,28.000274602235393,313146
0.24313725490196078,0.09019607843137255,0.5843137254901961,12.000117686672311,278942
0.18823529411764706,0.12156862745098039,0.5764705882352941,21.000205951676545,366354
0.24313725490196078,0.10980392156862745,0.6,4.0000392288907705,316008
0.18823529411764706,0.08235294117647059,0.6078431372549019,73.00071592725656,279879
0.22745098039215686,0.08627450980392157,0.6196078431372549,125.00122590283658,275926
0.19607843137254902,0.11372549019607843,0.611764705882353,33.00032363834886,354963
0.24705882352941178,0.09803921568627451,0.6352941176470588,30.00029421668078,274979
0.5333333333333333,0.6745098039215687,0.9333333333333333,218.002137974547,163504
0.5529411764705883,0.6745098039215687,0.9215686274509803,78.00076496337002,470943
0.5450980392156862,0.6901960784313725,0.9333333333333333,229.0022458539966,102736
0.5490196078431373,0.6784313725490196,0.9254901960784314,249.00244199845045,77080
0.5333333333333333,0.6745098039215687,0.9411764705882353,83.00081399948348,252764
0.5529411764705883,0.6745098039215687,0.9450980392156862,45.00044132502117,248020
0.5333333333333333,0.6862745098039216,0.9450980392156862,170.00166722785775,161512
0.5529411764705883,0.6901960784313725,0.9411764705882353,227.00222623955122,303057
0.7843137254901961,0.8235294117647058,0.8980392156862745,114.00111802338697,479257
0.803921568627451,0.8313725490196079,0.8980392156862745,14.000137301117697,495398
0.7843137254901961,0.8352941176470589,0.9019607843137255,236.00231450455544,524054
0.803921568627451,0.8392156862745098,0.8980392156862745,192.00188298675698,460325
0.788235294117647,0.8313725490196079,0.9058823529411765,63.00061785502963,502133
0.8117647058823529,0.8274509803921568,0.9098039215686274,5.000049036113463,516425
0.792156862745098,0.8470588235294118,0.9098039215686274,439.00430537076204,495581
0.807843137254902,0.8470588235294118,0.9098039215686274,231.002265468442,439375
0.5058823529411764,0.3843137254901961,0.6470588235294118,24.000235373344623,220046
0.5450980392156862,0.40784313725490196,0.6392156862745098,4.0000392288907705,220043
0.5019607843137255,0.4392156862745098,0.6666666666666666,34.00033344557155,240025
0.5333333333333333,0.4117647058823529,0.6549019607843137,3.000029421668078,296721
0.5254901960784314,0.3843137254901961,0.6941176470588235,65.00063746947502,296547
0.5490196078431373,0.38823529411764707,0.6980392156862745,142.00139262562234,410440
0.5019607843137255,0.4392156862745098,0.6705882352941176,46.00045113224386,236226
0.5607843137254902,0.4196078431372549,0.6823529411764706,4.0000392288907705,302406
0.5333333333333333,0.6666666666666666,0.8941176470588236,185.00181433619812,370477
0.5490196078431373,0.6705882352941176,0.8941176470588236,137.00134358950888,389097
0.5333333333333333,0.6784313725490196,0.9019607843137255,82.0008041922608,33040
0.5490196078431373,0.6823529411764706,0.9019607843137255,157.00153973396274,387200
0.5333333333333333,0.6666666666666666,0.9098039215686274,206.00202028787467,112311
0.5490196078431373,0.6666666666666666,0.9058823529411765,118.00115725227772,153919
0.5450980392156862,0.6784313725490196,0.9098039215686274,188.0018437578662,215498
0.5490196078431373,0.6862745098039216,0.9176470588235294,210.00205951676546,360607
0.6588235294117647,0.5372549019607843,0.4470588235294118,15.00014710834039,611352
0.7254901960784313,0.5333333333333333,0.44313725490196076,10.000098072226926,607551
0.6745098039215687,0.596078431372549,0.4470588235294118,6.000058843336156,374485
0.7098039215686275,0.5725490196078431,0.4,8.000078457781541,335869
0.6823529411764706,0.5137254901960784,0.47058823529411764,11.000107879449619,254266
0.6980392156862745,0.5294117647058824,0.4745098039215686,9.000088265004234,608501
0.6392156862745098,0.5725490196078431,0.5019607843137255,14.000137301117697,394459
0.7411764705882353,0.5803921568627451,0.5019607843137255,7.000068650558848,570634
0.6901960784313725,0.8901960784313725,0.34509803921568627,73.00071592725656,118696
0.7058823529411765,0.9058823529411765,0.3607843137254902,240.00235373344623,119624
0.7176470588235294,0.9137254901960784,0.3764705882352941,6.000058843336156,117726
0.7215686274509804,0.9137254901960784,0.3843137254901961,1.0000098072226926,120557
0.8862745098039215,0.9215686274509803,0.9333333333333333,46.00045113224386,469897
0.8980392156862745,0.9137254901960784,0.9333333333333333,65.00063746947502,377731
0.8823529411764706,0.9294117647058824,0.9333333333333333,7.000068650558848,236381
0.9019607843137255,0.9372549019607843,0.9294117647058824,10.000098072226926,22737
0.8901960784313725,0.9215686274509803,0.9490196078431372,492.00482515356475,448856
0.9019607843137255,0.9215686274509803,0.9490196078431372,561.0055018519306,453554
0.8862745098039215,0.9333333333333333,0.9490196078431372,21.000205951676545,374256
0.8941176470588236,0.9294117647058824,0.9411764705882353,77.00075515614733,467996
0.5725490196078431,0.6980392156862745,0.9294117647058824,228.00223604677393,153981
0.5882352941176471,0.6941176470588235,0.9333333333333333,191.0018731795343,222200
0.5764705882352941,0.7098039215686275,0.9333333333333333,90.00088265004234,35885
0.592156862745098,0.7098039215686275,0.9215686274509803,161.0015789628535,211739
0.5725490196078431,0.7058823529411765,0.9490196078431372,201.0019712517612,152091
0.5803921568627451,0.6980392156862745,0.9450980392156862,124.00121609561388,224254
0.5686274509803921,0.7098039215686275,0.9490196078431372,117.00114744505504,148312
0.5803921568627451,0.7215686274509804,0.9372549019607843,162.0015887700762,25465
0.796078431372549,0.8627450980392157,0.9647058823529412,124.00121609561388,55897
0.803921568627451,0.8627450980392157,0.9607843137254902,138.0013533967316,286875
0.796078431372549,0.8666666666666667,0.9607843137254902,75.00073554170194,53290
0.8,0.8666666666666667,0.9607843137254902,150.00147108340389,398007
0.792156862745098,0.8509803921568627,0.9686274509803922,261.0025596851228,69620
0.8,0.8509803921568627,0.9803921568627451,156.00152992674003,64879
0.788235294117647,0.8666666666666667,0.9725490196078431,106.00103956560542,268027
0.8,0.8745098039215686,0.9725490196078431,259.0025400706774,249964
0.5137254901960784,0.7333333333333333,0.2235294117647059,252.00247142011852,173830
0.5254901960784314,0.7294117647058823,0.22745098039215686,648.0063550803048,154821
0.5294117647058824,0.7529411764705882,0.22745098039215686,369.00361886517356,158563
0.8980392156862745,0.20784313725490197,0.5372549019607843,45.00044132502117,38037
0.9098039215686274,0.20784313725490197,0.5254901960784314,124.00121609561388,10527
0.8941176470588236,0.20784313725490197,0.5568627450980392,57.00055901169348,26669
0.9215686274509803,0.21176470588235294,0.5490196078431373,91.00089245726502,27611
0.5686274509803921,0.6431372549019608,0.7764705882352941,26.000254987790008,333967
0.6039215686274509,0.6509803921568628,0.7764705882352941,12.000117686672311,544860
0.5843137254901961,0.6666666666666666,0.792156862745098,7.000068650558848,421281
0.6078431372549019,0.6627450980392157,0.7803921568627451,10.000098072226926,468061
0.5803921568627451,0.6588235294117647,0.796078431372549,77.00075515614733,550488
0.6078431372549019,0.6470588235294118,0.8196078431372549,15.00014710834039,535372
0.5843137254901961,0.6745098039215687,0.8117647058823529,107.0010493728281,588441
0.596078431372549,0.6627450980392157,0.8235294117647058,61.00059824058425,522112
0.3254901960784314,0.4549019607843137,0.6549019607843137,33.00032363834886,523765
0.35294117647058826,0.4470588235294118,0.6627450980392157,35.00034325279424,582618
0.33725490196078434,0.4823529411764706,0.6431372549019608,18.000176530008467,350841
0.34509803921568627,0.49019607843137253,0.6509803921568628,21.000205951676545,347041
0.3254901960784314,0.45098039215686275,0.6862745098039216,89.00087284281965,607199
0.3568627450980392,0.4627450980392157,0.6980392156862745,54.0005295900254,396284
0.32941176470588235,0.49411764705882355,0.6980392156862745,22.000215758899238,305170
0.3607843137254902,0.49411764705882355,0.6980392156862745,41.0004020961304,596145
0.7647058823529411,0.9686274509803922,0.5137254901960784,10.000098072226926,119567
0.8,0.9686274509803922,0.5137254901960784,33.00032363834886,100687
0.7803921568627451,0.984313725490196,0.5333333333333333,8.000078457781541,118615
0.792156862745098,0.9764705882352941,0.5137254901960784,230.0022556612193,115775
0.7686274509803922,0.9529411764705882,0.5647058823529412,3.000029421668078,119559
0.792156862745098,0.9686274509803922,0.5686274509803921,4.0000392288907705,117660
0.7843137254901961,0.9764705882352941,0.5450980392156862,23.00022556612193,118612
0.16862745098039217,0.41568627450980394,0.7647058823529411,18.000176530008467,16568
0.17254901960784313,0.41568627450980394,0.7686274509803922,349.0034227207197,73576
0.16862745098039217,0.4392156862745098,0.7725490196078432,127.00124551728196,109901
0.17254901960784313,0.4392156862745098,0.7647058823529411,683.006698333099,105164
0.16862745098039217,0.41568627450980394,0.788235294117647,4.0000392288907705,73575
0.16862745098039217,0.4392156862745098,0.788235294117647,13.000127493895004,184835
0.1843137254901961,0.43529411764705883,0.7843137254901961,49.00048055391194,163803
0.23529411764705882,0.4470588235294118,0.7803921568627451,1685.016525170237,534745
0.24705882352941178,0.44313725490196076,0.7843137254901961,77.00075515614733,436944
0.23529411764705882,0.4549019607843137,0.7843137254901961,1251.0122688355884,437798
0.24313725490196078,0.45098039215686275,0.7803921568627451,565.0055410808213,503289
0.23529411764705882,0.4470588235294118,0.788235294117647,335.00328541960204,474917
0.24705882352941178,0.44313725490196076,0.792156862745098,32.000313831126164,404827
0.23529411764705882,0.45098039215686275,0.788235294117647,796.0078065492634,474841
0.24313725490196078,0.4549019607843137,0.788235294117647,227.00222623955122,476697
0.6470588235294118,0.1568627450980392,0.396078431372549,15.00014710834039,155393
0.7294117647058823,0.16862745098039217,0.4,7.000068650558848,310026
0.6313725490196078,0.23529411764705882,0.41568627450980394,15.00014710834039,307162
0.6901960784313725,0.21176470588235294,0.4117647058823529,15.00014710834039,310018
0.6588235294117647,0.17647058823529413,0.4823529411764706,1.0000098072226926,308129
0.7215686274509804,0.1843137254901961,0.4627450980392157,3.000029421668078,310976
0.6274509803921569,0.24313725490196078,0.4666666666666667,10.000098072226926,310962
0.7333333333333333,0.21568627450980393,0.4549019607843137,11.000107879449619,300524
0.4549019607843137,0.3803921568627451,0.6039215686274509,16.000156915563082,34589
0.47843137254901963,0.3843137254901961,0.5882352941176471,10.000098072226926,217826
0.44313725490196076,0.43529411764705883,0.6,3.000029421668078,229560
0.4980392156862745,0.4117647058823529,0.6,5.000049036113463,227650
0.4666666666666667,0.38823529411764707,0.6313725490196078,89.00087284281965,36508
0.49411764705882355,0.396078431372549,0.6313725490196078,106.00103956560542,220048
0.4627450980392157,0.43137254901960786,0.6235294117647059,26.000254987790008,229564
0.4745098039215686,0.42745098039215684,0.6235294117647059,52.000509975580016,221942
0.5725490196078431,0.39215686274509803,0.9686274509803922,93.00091207171042,270425
0.6,0.3803921568627451,0.9686274509803922,32.000313831126164,299870
0.5843137254901961,0.41568627450980394,0.9686274509803922,48.000470746689246,256187
0.611764705882353,0.43529411764705883,0.9686274509803922,133.00130436061812,282766
0.2549019607843137,0.19215686274509805,0.6588235294117647,42.00041190335309,355925
0.30980392156862746,0.21568627450980393,0.6666666666666666,26.000254987790008,500265
0.2627450980392157,0.25098039215686274,0.6666666666666666,19.00018633723116,225856
0.3058823529411765,0.2235294117647059,0.6392156862745098,50.00049036113463,373014
0.25882352941176473,0.19607843137254902,0.6823529411764706,53.00051978280271,510718
0.2980392156862745,0.21568627450980393,0.6980392156862745,34.00033344557155,354009
0.27450980392156865,0.22745098039215686,0.6823529411764706,16.000156915563082,509771
0.30196078431372547,0.23529411764705882,0.6705882352941176,66.00064727669772,499290
0.403921568627451,0.5215686274509804,0.7098039215686275,37.00036286723963,602559
0.42745098039215684,0.5058823529411764,0.7098039215686275,20.000196144453852,550672
0.3803921568627451,0.5607843137254902,0.7176470588235294,10.000098072226926,476216
0.42745098039215684,0.5607843137254902,0.7215686274509804,18.000176530008467,350142
0.38823529411764707,0.5254901960784314,0.7490196078431373,86.00084342115156,527785
0.4117647058823529,0.5333333333333333,0.7490196078431373,44.000431517798475,481830
0.403921568627451,0.5450980392156862,0.7568627450980392,23.00022556612193,329240
0.43137254901960786,0.5411764705882353,0.7607843137254902,65.00063746947502,591358
0.3568627450980392,0.5176470588235295,0.7725490196078432,187.00183395064352,600826
0.37254901960784315,0.5176470588235295,0.7686274509803922,71.00069631281117,587462
0.3568627450980392,0.5215686274509804,0.7725490196078432,44.000431517798475,541981
0.3686274509803922,0.5294117647058824,0.7686274509803922,114.00111802338697,315602
0.35294117647058826,0.5058823529411764,0.788235294117647,247.0024223840051,607412
0.36470588235294116,0.5137254901960784,0.788235294117647,86.00084342115156,521134
0.35294117647058826,0.5294117647058824,0.792156862745098,206.00202028787467,536453
0.3686274509803922,0.5215686274509804,0.7803921568627451,234.00229489011008,39240
0.7294117647058823,0.796078431372549,0.8901960784313725,231.002265468442,520145
0.7490196078431373,0.8,0.8941176470588236,171.00167703508043,506814
0.7333333333333333,0.803921568627451,0.8901960784313725,66.00064727669772,514582
0.7450980392156863,0.8117647058823529,0.9019607843137255,287.0028146729128,512578
0.7254901960784313,0.792156862745098,0.9098039215686274,125.00122590283658,558967
0.7411764705882353,0.8,0.9176470588235294,58.00056881891617,394240
0.7294117647058823,0.803921568627451,0.9058823529411765,71.00069631281117,507940
0.7411764705882353,0.807843137254902,0.9137254901960784,176.0017260711939,394219
0.18823529411764706,0.45098039215686275,0.7450980392156863,111.00108860171888,166900
0.20784313725490197,0.45098039215686275,0.7372549019607844,108.0010591800508,330965
0.18823529411764706,0.47058823529411764,0.7450980392156863,76.00074534892464,24454
0.21568627450980393,0.4666666666666667,0.7411764705882353,52.000509975580016,311966
0.19215686274509805,0.4549019607843137,0.7568627450980392,201.0019712517612,179069
0.20784313725490197,0.4470588235294118,0.7490196078431373,127.00124551728196,341408
0.18823529411764706,0.4666666666666667,0.7568627450980392,315.00308927514817,185798
0.21176470588235294,0.4666666666666667,0.7568627450980392,193.00189279397966,224773
0.7568627450980392,0.8313725490196079,0.9568627450980393,147.0014416617358,189870
0.7686274509803922,0.8196078431372549,0.9647058823529412,76.00074534892464,17223
0.7647058823529411,0.8431372549019608,0.9568627450980393,153.00150050507196,227920
0.7803921568627451,0.8431372549019608,0.9568627450980393,177.00173587841658,16902
0.7568627450980392,0.8196078431372549,0.9686274509803922,170.00166722785775,256396
0.7686274509803922,0.8235294117647058,0.9803921568627451,72.00070612003387,219411
0.7607843137254902,0.8352941176470589,0.9803921568627451,181.00177510730737,238360
0.7725490196078432,0.8470588235294118,0.9803921568627451,194.00190260120237,157560
0.5098039215686274,0.29411764705882354,0.8235294117647058,1.0000098072226926,268512
0.5019607843137255,0.3333333333333333,0.8117647058823529,10.000098072226926,268325
0.6235294117647059,0.3215686274509804,0.7686274509803922,1.0000098072226926,494021
0.5294117647058824,0.3137254901960784,0.8666666666666667,9.000088265004234,269462
0.5294117647058824,0.35294117647058826,0.8862745098039215,52.000509975580016,380663
0.25098039215686274,0.11764705882352941,0.7725490196078432,320.00313831126164,370312
0.2784313725490196,0.11764705882352941,0.7686274509803922,416.0040798046401,430116
0.2627450980392157,0.11764705882352941,0.7803921568627451,258.0025302634547,385502
0.2784313725490196,0.12156862745098039,0.7843137254901961,160.00156915563082,368394
0.6274509803921569,0.8470588235294118,0.34509803921568627,10.000098072226926,131925
0.6470588235294118,0.8627450980392157,0.3254901960784314,34.00033344557155,130041
0.6745098039215687,0.8745098039215686,0.32941176470588235,164.0016083845216,119653
0.6313725490196078,0.8196078431372549,0.3803921568627451,4.0000392288907705,188034
0.6549019607843137,0.8705882352941177,0.3803921568627451,18.000176530008467,130021
0.6823529411764706,0.8745098039215686,0.3686274509803922,58.00056881891617,117790
0.44313725490196076,0.6078431372549019,0.8901960784313725,240.00235373344623,1138
0.4588235294117647,0.6078431372549019,0.9019607843137255,121.00118667394581,388470
0.4470588235294118,0.6235294117647059,0.9019607843137255,156.00152992674003,147459
0.4627450980392157,0.6196078431372549,0.8941176470588236,313.0030696607028,315379
0.45098039215686275,0.6078431372549019,0.9176470588235294,70.00068650558848,323924
0.4627450980392157,0.6039215686274509,0.9098039215686274,49.00048055391194,244869
0.4470588235294118,0.6274509803921569,0.9137254901960784,66.00064727669772,227874
0.4549019607843137,0.615686274509804,0.9058823529411765,137.00134358950888,20210
0.8784313725490196,0.8470588235294118,0.9098039215686274,48.000470746689246,337861
0.9137254901960784,0.8196078431372549,0.9176470588235294,1.0000098072226926,315889
0.8784313725490196,0.8627450980392157,0.9137254901960784,11.000107879449619,606761
0.9098039215686274,0.8705882352941177,0.9176470588235294,5.000049036113463,497947
0.8980392156862745,0.8352941176470589,0.9215686274509803,69.0006766983658,517888
0.9254901960784314,0.8196078431372549,0.9490196078431372,9.000088265004234,317788
0.9058823529411765,0.8784313725490196,0.9411764705882353,60.00058843336156,607712
0.9176470588235294,0.8549019607843137,0.9411764705882353,83.00081399948348,514091
0.17254901960784313,0.44313725490196076,0.7529411764705882,661.0064825741998,21324
0.1803921568627451,0.44313725490196076,0.7529411764705882,88.00086303559695,34908
0.17647058823529413,0.45098039215686275,0.7529411764705882,17.000166722785774,117404
0.1803921568627451,0.45098039215686275,0.7529411764705882,145.00142204729042,75798
0.17254901960784313,0.44313725490196076,0.7568627450980392,2403.0235667561305,100324
0.1803921568627451,0.44313725490196076,0.7607843137254902,141.00138281839966,188674
0.17647058823529413,0.45098039215686275,0.7607843137254902,246.00241257678238,66259
0.1803921568627451,0.45098039215686275,0.7607843137254902,867.0085028620745,119314
0.5098039215686274,0.6431372549019608,0.9725490196078431,25.000245180567315,258826
0.5490196078431373,0.6470588235294118,0.9764705882352941,13.000127493895004,338090
0.5254901960784314,0.6901960784313725,0.9764705882352941,89.00087284281965,226243
0.5411764705882353,0.6823529411764706,0.9647058823529412,158.00154954118543,165335
0.3843137254901961,0.4470588235294118,0.12549019607843137,222.00217720343775,476163
0.4117647058823529,0.4470588235294118,0.12941176470588237,51.00050016835732,474258
0.3843137254901961,0.4745098039215686,0.13333333333333333,6.000058843336156,494264
0.4117647058823529,0.4745098039215686,0.13333333333333333,6.000058843336156,474275
0.13333333333333333,0.07058823529411765,0.4549019607843137,27.0002647950127,373011
0.16862745098039217,0.06666666666666667,0.4549019607843137,15.00014710834039,455704
0.14901960784313725,0.10196078431372549,0.47843137254901963,6.000058843336156,75375
0.1607843137254902,0.10196078431372549,0.47058823529411764,3.000029421668078,84860
0.13725490196078433,0.06666666666666667,0.5019607843137255,151.0014808906266,94401
0.16470588235294117,0.07450980392156863,0.49019607843137253,42.00041190335309,78234
0.13725490196078433,0.09803921568627451,0.5058823529411764,15.00014710834039,280673
0.16470588235294117,0.12549019607843137,0.5098039215686274,25.000245180567315,118139
0.35294117647058826,0.5137254901960784,0.8,123.00120628839119,102871
0.3686274509803922,0.5176470588235295,0.796078431372549,58.00056881891617,587478
0.35294117647058826,0.5215686274509804,0.803921568627451,246.00241257678238,554168
0.37254901960784315,0.5215686274509804,0.803921568627451,258.0025302634547,522207
0.3568627450980392,0.5098039215686274,0.8156862745098039,72.00070612003387,417546
0.3607843137254902,0.5176470588235295,0.8156862745098039,21.000205951676545,484235
0.34901960784313724,0.5333333333333333,0.8196078431372549,222.00217720343775,459172
0.37254901960784315,0.5215686274509804,0.8196078431372549,131.00128474617273,365299
0.5686274509803921,0.7607843137254902,0.34509803921568627,47.00046093946655,163284
0.5843137254901961,0.796078431372549,0.34509803921568627,55.00053939724809,193773
0.6039215686274509,0.803921568627451,0.3254901960784314,50.00049036113463,179465
0.5647058823529412,0.7803921568627451,0.36470588235294116,31.00030402390347,136665
0.596078431372549,0.7725490196078432,0.37254901960784315,3.000029421668078,195683
0.5882352941176471,0.8,0.37254901960784315,42.00041190335309,195690
0.6039215686274509,0.803921568627451,0.3686274509803922,54.0005295900254,192800
0.8980392156862745,0.19607843137254902,0.34901960784313724,76.00074534892464,11415
0.9098039215686274,0.2,0.3411764705882353,19.00018633723116,17106
0.9019607843137255,0.2,0.36470588235294116,64.00062766225233,10467
0.9176470588235294,0.20392156862745098,0.3803921568627451,123.00120628839119,25665
0.5019607843137255,0.12941176470588237,0.396078431372549,11.000107879449619,155402
0.592156862745098,0.18823529411764706,0.4,11.000107879449619,387104
0.5137254901960784,0.23137254901960785,0.4470588235294118,13.000127493895004,310011
0.5647058823529412,0.20784313725490197,0.38823529411764707,8.000078457781541,310012
0.5176470588235295,0.12941176470588237,0.4627450980392157,8.000078457781541,302429
0.615686274509804,0.17647058823529413,0.47843137254901963,5.000049036113463,312872
0.5372549019607843,0.2,0.4980392156862745,8.000078457781541,369065
0.6,0.20392156862745098,0.47843137254901963,6.000058843336156,153491
0.9882352941176471,0.996078431372549,0.9882352941176471,136.0013337822862,40006
1.0,0.996078431372549,0.9882352941176471,172.00168684230312,58145
0.9882352941176471,1.0,0.9882352941176471,185.00181433619812,62863
1.0,1.0,0.9882352941176471,254.00249103456392,46576
0.9882352941176471,0.9921568627450981,0.996078431372549,806.0079046214903,244830
0.996078431372549,0.996078431372549,0.996078431372549,1240.0121609561388,262053
0.9921568627450981,1.0,0.996078431372549,703.0068944775529,127308
1.0,1.0,0.996078431372549,974.0095522349026,98007
0.7529411764705882,0.596078431372549,0.8901960784313725,6.000058843336156,179118
0.7843137254901961,0.5843137254901961,0.8901960784313725,3.000029421668078,143980
0.7647058823529411,0.6235294117647059,0.8941176470588236,260.0025498779001,110678
0.788235294117647,0.6196078431372549,0.8901960784313725,4.0000392288907705,121111
0.7529411764705882,0.6078431372549019,0.9411764705882353,5.000049036113463,220625
0.38823529411764707,0.45098039215686275,0.14901960784313725,17.000166722785774,474253
0.40784313725490196,0.47058823529411764,0.13725490196078433,38.00037267446232,477126
0.403921568627451,0.4823529411764706,0.13725490196078433,28.000274602235393,488544
0.42745098039215684,0.49019607843137253,0.1411764705882353,177.00173587841658,475230
0.3803921568627451,0.45098039215686275,0.1843137254901961,13.000127493895004,487553
0.4235294117647059,0.47058823529411764,0.17254901960784313,1.0000098072226926,472353
0.12549019607843137,0.09019607843137255,0.6666666666666666,22.000215758899238,275752
0.17254901960784313,0.09411764705882353,0.6392156862745098,113.00110821616427,308383
0.13333333333333333,0.10196078431372549,0.6392156862745098,5.000049036113463,352122
0.1803921568627451,0.10980392156862745,0.6588235294117647,29.000284409458086,285572
0.15294117647058825,0.09411764705882353,0.6941176470588235,17.000166722785774,314138
0.1803921568627451,0.09411764705882353,0.6784313725490196,46.00045113224386,265287
0.14901960784313725,0.10588235294117647,0.6745098039215687,5.000049036113463,279870
0.1803921568627451,0.10588235294117647,0.6862745098039216,35.00034325279424,307488
0.44313725490196076,0.40784313725490196,0.7764705882352941,25.000245180567315,352530
0.48627450980392156,0.3843137254901961,0.792156862745098,95.0009316861558,325709
0.44313725490196076,0.42745098039215684,0.7686274509803922,22.000215758899238,482184
0.49411764705882355,0.4235294117647059,0.7843137254901961,20.000196144453852,326876
0.4627450980392157,0.3803921568627451,0.807843137254902,10.000098072226926,306728
0.4745098039215686,0.396078431372549,0.803921568627451,67.0006570839204,354225
0.4666666666666667,0.43137254901960786,0.8196078431372549,15.00014710834039,369408
0.49019607843137253,0.43529411764705883,0.807843137254902,18.000176530008467,316418
0.34901960784313724,0.5372549019607843,0.8588235294117647,261.0025596851228,248907
0.3607843137254902,0.5372549019607843,0.8627450980392157,176.0017260711939,313463
0.34901960784313724,0.5607843137254902,0.8705882352941177,134.0013141678408,311105
0.3686274509803922,0.5607843137254902,0.8627450980392157,216.0021183601016,327679
0.34509803921568627,0.5411764705882353,0.8784313725490196,85.00083361392888,247971
0.3607843137254902,0.5490196078431373,0.8745098039215686,41.0004020961304,270761
0.34901960784313724,0.5568627450980392,0.8862745098039215,54.0005295900254,151677
0.36470588235294116,0.5529411764705883,0.8823529411764706,117.00114744505504,245119
0.1607843137254902,0.41568627450980394,0.7372549019607844,1397.0137006901016,65168
0.16470588235294117,0.41568627450980394,0.7372549019607844,79.00077477059271,13781
0.1607843137254902,0.4196078431372549,0.7333333333333333,404.00396211796783,45316
0.16470588235294117,0.4235294117647059,0.7372549019607844,1132.011101776088,27279
0.1607843137254902,0.41568627450980394,0.7411764705882353,332.00325599793393,70844
0.16862745098039217,0.4117647058823529,0.7411764705882353,7.000068650558848,44203
0.1607843137254902,0.4235294117647059,0.7450980392156863,658.0064531525318,74657
0.16470588235294117,0.4235294117647059,0.7450980392156863,324.0031775401524,67982
0.2549019607843137,0.4627450980392157,0.7647058823529411,362.00355021461473,490481
0.2627450980392157,0.4627450980392157,0.7686274509803922,1262.012376715038,542199
0.25098039215686274,0.4666666666666667,0.7647058823529411,22.000215758899238,495148
0.25882352941176473,0.4666666666666667,0.7647058823529411,293.00287351624894,500775
0.2549019607843137,0.4588235294117647,0.7764705882352941,772.0075711759187,521297
0.2627450980392157,0.4627450980392157,0.7764705882352941,1268.0124355583741,491321
0.2549019607843137,0.4666666666666667,0.7764705882352941,99.00097091504657,502819
0.2627450980392157,0.47058823529411764,0.7764705882352941,248.00243219122777,585898
0.3411764705882353,0.2823529411764706,0.6627450980392157,37.00036286723963,308380
0.3607843137254902,0.25882352941176473,0.6509803921568628,11.000107879449619,372055
0.3254901960784314,0.2901960784313726,0.6549019607843137,7.000068650558848,493586
0.35294117647058826,0.30196078431372547,0.6666666666666666,10.000098072226926,219183
0.3411764705882353,0.25882352941176473,0.6901960784313725,54.0005295900254,495490
0.3568627450980392,0.2784313725490196,0.6705882352941176,78.00076496337002,492637
0.3333333333333333,0.2901960784313726,0.6980392156862745,32.000313831126164,219199
0.3568627450980392,0.3058823529411765,0.6980392156862745,41.0004020961304,218235
0.6941176470588235,0.788235294117647,0.9568627450980393,141.00138281839966,421629
0.7098039215686275,0.8,0.9607843137254902,168.00164761341236,282149
0.7019607843137254,0.803921568627451,0.9647058823529412,47.00046093946655,149220
0.7176470588235294,0.807843137254902,0.9568627450980393,131.00128474617273,59696
0.6980392156862745,0.788235294117647,0.9803921568627451,184.00180452897544,321943
0.7058823529411765,0.796078431372549,0.9764705882352941,155.00152011951735,184157
0.6901960784313725,0.803921568627451,0.9803921568627451,64.00062766225233,270885
0.7058823529411765,0.807843137254902,0.9686274509803922,189.0018535650889,319106
0.26666666666666666,0.4470588235294118,0.7686274509803922,146.00143185451313,515136
0.2784313725490196,0.44313725490196076,0.7686274509803922,66.00064727669772,539741
0.27058823529411763,0.45098039215686275,0.7647058823529411,558.0054724302624,607967
0.27450980392156865,0.45098039215686275,0.7686274509803922,645.0063256586367,505450
0.26666666666666666,0.4470588235294118,0.7764705882352941,1244.0122001850295,466519
0.2784313725490196,0.4470588235294118,0.7764705882352941,59.00057862613886,476966
0.26666666666666666,0.45098039215686275,0.7725490196078432,776.0076104048095,467454
0.27450980392156865,0.45098039215686275,0.7764705882352941,803.0078751998221,490245
0.054901960784313725,0.14901960784313725,0.4196078431372549,7.000068650558848,520683
0.11764705882352941,0.1450980392156863,0.4470588235294118,13.000127493895004,66922
0.054901960784313725,0.19215686274509805,0.38823529411764707,1.0000098072226926,401017
0.10196078431372549,0.2,0.41568627450980394,5.000049036113463,520678
0.027450980392156862,0.15294117647058825,0.47058823529411764,10.000098072226926,44212
0.06666666666666667,0.13725490196078433,0.47843137254901963,17.000166722785774,509268
0.050980392156862744,0.19607843137254902,0.4627450980392157,1.0000098072226926,288108
0.08235294117647059,0.23529411764705882,0.5058823529411764,13.000127493895004,175197
0.8156862745098039,0.8901960784313725,0.9568627450980393,108.0010591800508,239481
0.8352941176470589,0.8823529411764706,0.9647058823529412,178.0017456856393,42877
0.8274509803921568,0.9058823529411765,0.9647058823529412,32.000313831126164,327346
0.8313725490196079,0.9098039215686274,0.9647058823529412,74.00072573447926,392815
0.8156862745098039,0.8862745098039215,0.9803921568627451,211.00206932398814,39225
0.8431372549019608,0.8941176470588236,0.9686274509803922,223.00218701066046,382817
0.8274509803921568,0.8980392156862745,0.9764705882352941,75.00073554170194,247120
0.8431372549019608,0.9058823529411765,0.9803921568627451,169.00165742063504,259345
0.28627450980392155,0.1607843137254902,0.26666666666666666,7.000068650558848,536907
0.34901960784313724,0.1411764705882353,0.2901960784313726,4.0000392288907705,509385
0.25098039215686274,0.19215686274509805,0.29411764705882354,2.0000196144453852,117129
0.33725490196078434,0.23529411764705882,0.26666666666666666,2.0000196144453852,518043
0.29411764705882354,0.12941176470588237,0.3803921568627451,21.000205951676545,94353
0.3137254901960784,0.1568627450980392,0.37254901960784315,20.000196144453852,277977
0.29411764705882354,0.23137254901960785,0.3686274509803922,5.000049036113463,544509
0.3686274509803922,0.2,0.3764705882352941,5.000049036113463,509386
0.8941176470588236,0.9607843137254902,0.7215686274509804,3.000029421668078,419491
0.9137254901960784,0.9725490196078431,0.7137254901960784,4.0000392288907705,317628
0.9019607843137255,0.9921568627450981,0.7294117647058823,12.000117686672311,92009
0.9333333333333333,0.9921568627450981,0.7058823529411765,201.0019712517612,88223
0.9058823529411765,0.9450980392156862,0.7372549019607844,3.000029421668078,334589
0.9254901960784314,0.9725490196078431,0.7411764705882353,3.000029421668078,408829
0.8980392156862745,0.9882352941176471,0.7333333333333333,21.000205951676545,97708
0.9372549019607843,0.996078431372549,0.7568627450980392,15.00014710834039,79662
0.5176470588235295,0.4666666666666667,0.7019607843137254,42.00041190335309,220089
0.5333333333333333,0.4470588235294118,0.7019607843137254,15.00014710834039,208655
0.5098039215686274,0.49411764705882355,0.7294117647058823,40.000392288907705,228682
0.5568627450980392,0.47843137254901963,0.7137254901960784,44.000431517798475,209602
0.5098039215686274,0.4627450980392157,0.7607843137254902,19.00018633723116,429437
0.5568627450980392,0.4470588235294118,0.7568627450980392,82.0008041922608,312730
0.5019607843137255,0.4823529411764706,0.7490196078431373,11.000107879449619,502184
0.5372549019607843,0.4823529411764706,0.7568627450980392,9.000088265004234,247380
0.8392156862745098,0.7686274509803922,0.9019607843137255,18.000176530008467,504609
0.8470588235294118,0.7607843137254902,0.9098039215686274,40.000392288907705,321585
0.8235294117647058,0.788235294117647,0.8901960784313725,15.00014710834039,286633
0.8705882352941177,0.792156862745098,0.9058823529411765,41.0004020961304,524540
0.8235294117647058,0.7764705882352941,0.9490196078431372,32.000313831126164,284780
0.8549019607843137,0.7568627450980392,0.9490196078431372,23.00022556612193,208297
0.8431372549019608,0.8156862745098039,0.9215686274509803,37.00036286723963,607733
0.8666666666666667,0.8156862745098039,0.9411764705882353,54.0005295900254,415774
0.8470588235294118,0.8941176470588236,0.9921568627450981,114.00111802338697,91411
0.8666666666666667,0.8901960784313725,0.9921568627450981,29.000284409458086,290411
0.8549019607843137,0.9058823529411765,0.984313725490196,676.0066296825402,309592
0.8666666666666667,0.8980392156862745,0.9921568627450981,221.00216739621507,230705
0.6392156862745098,0.7333333333333333,0.9254901960784314,155.00152011951735,29657
0.6549019607843137,0.7333333333333333,0.9254901960784314,67.0006570839204,276574
0.6274509803921569,0.7529411764705882,0.9215686274509803,98.00096110782388,3017
0.6431372549019608,0.7450980392156863,0.9333333333333333,132.00129455339544,54264
0.6313725490196078,0.7333333333333333,0.9372549019607843,179.00175549286197,220284
0.6431372549019608,0.7294117647058823,0.9490196078431372,64.00062766225233,26863
0.6392156862745098,0.7490196078431373,0.9490196078431372,172.00168684230312,218388
0.6509803921568628,0.7450980392156863,0.9372549019607843,173.00169664952583,391835
0.3411764705882353,0.5176470588235295,0.7098039215686275,19.00018633723116,314653
0.36470588235294116,0.5058823529411764,0.7058823529411765,13.000127493895004,417259
0.32941176470588235,0.5372549019607843,0.7294117647058823,4.0000392288907705,237115
0.36470588235294116,0.5607843137254902,0.7254901960784313,3.000029421668078,310920
0.3215686274509804,0.5058823529411764,0.7568627450980392,56.000549204470786,549729
0.34901960784313724,0.5254901960784314,0.7607843137254902,143.00140243284505,425953
0.32941176470588235,0.5568627450980392,0.7568627450980392,7.000068650558848,128103
0.34509803921568627,0.5568627450980392,0.7450980392156863,14.000137301117697,80604
0.15294117647058825,0.39215686274509803,0.7098039215686275,8.000078457781541,4359
0.15294117647058825,0.403921568627451,0.7137254901960784,189.0018535650889,2485
0.15294117647058825,0.38823529411764707,0.7215686274509804,10.000098072226926,23359
0.15294117647058825,0.403921568627451,0.7254901960784313,828.0081203803895,19560
0.32941176470588235,0.403921568627451,0.7176470588235294,13.000127493895004,222604
0.3607843137254902,0.396078431372549,0.7098039215686275,20.000196144453852,166648
0.3333333333333333,0.4196078431372549,0.7098039215686275,62.00060804780694,352463
0.34901960784313724,0.4196078431372549,0.7019607843137254,22.000215758899238,245400
0.3176470588235294,0.396078431372549,0.7411764705882353,10.000098072226926,383859
0.37254901960784315,0.396078431372549,0.7372549019607844,27.0002647950127,511645
0.3137254901960784,0.43137254901960786,0.7568627450980392,75.00073554170194,516827
0.35294117647058826,0.43137254901960786,0.7411764705882353,29.000284409458086,313640
0.29411764705882354,0.12156862745098039,0.7764705882352941,544.0053351291448,413995
0.2980392156862745,0.12156862745098039,0.7647058823529411,254.00249103456392,420615
0.28627450980392155,0.12156862745098039,0.788235294117647,76.00074534892464,406400
0.30980392156862746,0.12156862745098039,0.7843137254901961,155.00152011951735,406403
0.3137254901960784,0.5058823529411764,0.7764705882352941,56.000549204470786,204103
0.33725490196078434,0.5058823529411764,0.7764705882352941,212.00207913121085,608350
0.3137254901960784,0.5215686274509804,0.7686274509803922,21.000205951676545,233127
0.3333333333333333,0.5254901960784314,0.7686274509803922,20.000196144453852,526837
0.3176470588235294,0.5058823529411764,0.788235294117647,241.0023635406689,408921
0.33725490196078434,0.5058823529411764,0.788235294117647,324.0031775401524,491502
0.3254901960784314,0.5294117647058824,0.792156862745098,71.00069631281117,45403
0.3411764705882353,0.5215686274509804,0.7803921568627451,78.00076496337002,55850
0.2823529411764706,0.29411764705882354,0.4117647058823529,5.000049036113463,540640
0.3137254901960784,0.30980392156862746,0.4196078431372549,6.000058843336156,118079
0.2627450980392157,0.3568627450980392,0.43137254901960786,6.000058843336156,264651
0.34901960784313724,0.33725490196078434,0.41568627450980394,1.0000098072226926,522796
0.28627450980392155,0.27450980392156865,0.5019607843137255,9.000088265004234,507480
0.37254901960784315,0.27058823529411763,0.4627450980392157,24.000235373344623,241557
0.26666666666666666,0.32941176470588235,0.45098039215686275,4.0000392288907705,261800
0.3215686274509804,0.36470588235294116,0.4666666666666667,8.000078457781541,466161
0.45098039215686275,0.5294117647058824,0.7686274509803922,22.000215758899238,518830
0.49411764705882355,0.5294117647058824,0.7803921568627451,12.000117686672311,326815
0.4470588235294118,0.5529411764705883,0.7686274509803922,95.0009316861558,593174
0.47843137254901963,0.5529411764705883,0.788235294117647,13.000127493895004,610598
0.4588235294117647,0.5294117647058824,0.8156862745098039,18.000176530008467,159105
0.4823529411764706,0.5294117647058824,0.8235294117647058,15.00014710834039,307851
0.4588235294117647,0.5529411764705883,0.796078431372549,53.00051978280271,369703
0.47843137254901963,0.5647058823529412,0.807843137254902,23.00022556612193,579769
0.2196078431372549,0.44313725490196076,0.7333333333333333,51.00050016835732,329942
0.23529411764705882,0.4470588235294118,0.7450980392156863,77.00075515614733,413379
0.2235294117647059,0.4627450980392157,0.7450980392156863,40.000392288907705,337653
0.23529411764705882,0.4666666666666667,0.7333333333333333,53.00051978280271,406869
0.23137254901960785,0.4549019607843137,0.7490196078431373,154.00151031229467,322513
0.24313725490196078,0.44313725490196076,0.7607843137254902,343.00336387738355,559494
0.2196078431372549,0.4666666666666667,0.7490196078431373,146.00143185451313,173452
0.24313725490196078,0.4627450980392157,0.7529411764705882,140.00137301117695,323176
0.5058823529411764,0.6392156862745098,0.8666666666666667,139.00136320395427,537224
0.5294117647058824,0.6392156862745098,0.8627450980392157,52.000509975580016,235473
0.5137254901960784,0.6549019607843137,0.8588235294117647,91.00089245726502,492782
0.5215686274509804,0.6549019607843137,0.8666666666666667,99.00097091504657,398591
0.5098039215686274,0.6352941176470588,0.8823529411764706,212.00207913121085,5963
0.5176470588235295,0.6392156862745098,0.8745098039215686,78.00076496337002,388989
0.5098039215686274,0.6509803921568628,0.8823529411764706,144.00141224006774,240112
0.5215686274509804,0.6470588235294118,0.8784313725490196,169.00165742063504,216740
0.9215686274509803,0.9764705882352941,0.9921568627450981,102.00100033671464,212892
0.9372549019607843,0.9764705882352941,0.9882352941176471,391.0038346240728,290651
0.9176470588235294,0.9921568627450981,0.9882352941176471,2.0000196144453852,183469
0.9333333333333333,0.9921568627450981,0.9882352941176471,26.000254987790008,126408
0.9176470588235294,0.9803921568627451,1.0,28.000274602235393,107545
0.9372549019607843,0.9803921568627451,1.0,371.003638479619,64858
0.9215686274509803,0.996078431372549,1.0,2.0000196144453852,59101
0.9372549019607843,1.0,1.0,60.00058843336156,189196
0.32941176470588235,0.1450980392156863,0.8313725490196079,47.00046093946655,279939
0.34901960784313724,0.1450980392156863,0.8313725490196079,22.000215758899238,286586
0.3333333333333333,0.1843137254901961,0.8470588235294118,21.000205951676545,430991
0.34509803921568627,0.1607843137254902,0.8313725490196079,124.00121609561388,366489
0.32941176470588235,0.1450980392156863,0.8823529411764706,4.0000392288907705,306530
0.34509803921568627,0.1450980392156863,0.8588235294117647,1.0000098072226926,305580
0.3411764705882353,0.16470588235294117,0.8823529411764706,9.000088265004234,307460
0.3607843137254902,0.18823529411764706,0.8627450980392157,17.000166722785774,347503
0.43529411764705883,0.5647058823529412,0.27058823529411763,10.000098072226926,461908
0.4588235294117647,0.5254901960784314,0.3215686274509804,2.0000196144453852,188770
0.41568627450980394,0.5803921568627451,0.2823529411764706,1.0000098072226926,236133
0.4392156862745098,0.5764705882352941,0.26666666666666666,21.000205951676545,486666
0.43137254901960786,0.5647058823529412,0.34901960784313724,6.000058843336156,460958
0.45098039215686275,0.5607843137254902,0.34509803921568627,1.0000098072226926,458111
0.42745098039215684,0.5882352941176471,0.3254901960784314,1.0000098072226926,235182
0.4627450980392157,0.5882352941176471,0.3764705882352941,19.00018633723116,454346
0.44313725490196076,0.25882352941176473,0.0784313725490196,53.00051978280271,517100
0.4627450980392157,0.3058823529411765,0.09019607843137255,103.00101014393734,508558
0.4745098039215686,0.2980392156862745,0.09019607843137255,52.000509975580016,509497
0.44313725490196076,0.2823529411764706,0.10588235294117647,2.0000196144453852,513294
0.4470588235294118,0.30196078431372547,0.10980392156862745,25.000245180567315,361516
0.4823529411764706,0.30980392156862746,0.11764705882352941,9.000088265004234,521855
0.803921568627451,0.39215686274509803,0.7725490196078432,8.000078457781541,501603
0.8274509803921568,0.4235294117647059,0.807843137254902,13.000127493895004,151597
0.7568627450980392,0.49019607843137253,0.8196078431372549,4.0000392288907705,164816
0.8352941176470589,0.4470588235294118,0.8235294117647058,9.000088265004234,495912
0.796078431372549,0.4117647058823529,0.8352941176470589,1.0000098072226926,493067
0.8352941176470589,0.4,0.8274509803921568,10.000098072226926,496861
0.7568627450980392,0.49411764705882355,0.8627450980392157,2.0000196144453852,492113
0.8352941176470589,0.4980392156862745,0.8666666666666667,14.000137301117697,497806
0.25882352941176473,0.09411764705882353,0.6392156862745098,6.000058843336156,271182
0.25098039215686274,0.09803921568627451,0.6666666666666666,88.00086303559695,373691
0.30980392156862746,0.11764705882352941,0.6392156862745098,27.0002647950127,370829
0.25882352941176473,0.10196078431372549,0.6980392156862745,106.00103956560542,438619
0.2980392156862745,0.10588235294117647,0.6980392156862745,16.000156915563082,411978
0.7529411764705882,0.8313725490196079,0.984313725490196,237.00232431177815,149279
0.7725490196078432,0.8274509803921568,0.984313725490196,94.0009218789331,409267
0.7647058823529411,0.8352941176470589,0.984313725490196,321.0031481184843,204109
0.7725490196078432,0.8392156862745098,0.9882352941176471,317.00310888959353,56298
0.9450980392156862,0.9568627450980393,0.984313725490196,93.00091207171042,423337
0.9647058823529412,0.9529411764705882,0.9882352941176471,56.000549204470786,280010
0.9411764705882353,0.9607843137254902,0.996078431372549,506.00496245468247,281017
0.9686274509803922,0.9725490196078431,0.9921568627450981,193.00189279397966,377747
0.9529411764705882,0.9725490196078431,1.0,68.0006668911431,239141
0.9568627450980393,0.9725490196078431,1.0,46.00045113224386,197335
0.5803921568627451,0.45098039215686275,0.9686274509803922,8.000078457781541,216864
0.6235294117647059,0.45098039215686275,0.9686274509803922,211.00206932398814,232989
0.5764705882352941,0.4980392156862745,0.9607843137254902,3.000029421668078,368272
0.615686274509804,0.5019607843137255,0.9568627450980393,18.000176530008467,317941
0.7176470588235294,0.5098039215686274,0.7725490196078432,5.000049036113463,245483
0.7450980392156863,0.5333333333333333,0.788235294117647,11.000107879449619,532148
0.6980392156862745,0.5607843137254902,0.792156862745098,45.00044132502117,398099
0.7215686274509804,0.5647058823529412,0.7843137254901961,10.000098072226926,523599
0.6980392156862745,0.5254901960784314,0.8196078431372549,83.00081399948348,144871
0.7254901960784313,0.5333333333333333,0.8156862745098039,10.000098072226926,171471
0.7019607843137254,0.5372549019607843,0.8156862745098039,55.00053939724809,168620
0.7215686274509804,0.5529411764705883,0.8235294117647058,19.00018633723116,522654
0.47058823529411764,0.6039215686274509,0.8627450980392157,99.00097091504657,355861
0.48627450980392156,0.611764705882353,0.8705882352941177,25.000245180567315,218365
0.4823529411764706,0.6274509803921569,0.8627450980392157,204.00200067342928,407154
0.49411764705882355,0.6196078431372549,0.8588235294117647,144.00141224006774,308736
0.4745098039215686,0.611764705882353,0.8862745098039215,90.00088265004234,227060
0.48627450980392156,0.611764705882353,0.8784313725490196,37.00036286723963,198568
0.47843137254901963,0.6274509803921569,0.8823529411764706,225.00220662510583,384358
0.49019607843137253,0.6196078431372549,0.8784313725490196,128.00125532450465,197617
0.32941176470588235,0.403921568627451,0.6627450980392157,18.000176530008467,47921
0.35294117647058826,0.39215686274509803,0.6588235294117647,25.000245180567315,230207
0.32941176470588235,0.43137254901960786,0.6470588235294118,44.000431517798475,539756
0.34901960784313724,0.4235294117647059,0.6588235294117647,26.000254987790008,506531
0.3215686274509804,0.40784313725490196,0.6901960784313725,21.000205951676545,176136
0.34509803921568627,0.3843137254901961,0.6823529411764706,22.000215758899238,291228
0.3411764705882353,0.42745098039215684,0.6862745098039216,52.000509975580016,556787
0.37254901960784315,0.41568627450980394,0.6901960784313725,29.000284409458086,362407
0.3803921568627451,0.5725490196078431,0.8274509803921568,108.0010591800508,134139
0.403921568627451,0.5803921568627451,0.8274509803921568,167.00163780618968,369121
0.3843137254901961,0.5882352941176471,0.8352941176470589,23.00022556612193,77256
0.396078431372549,0.5882352941176471,0.8392156862745098,31.00030402390347,530622
0.3843137254901961,0.5686274509803921,0.8509803921568627,200.00196144453852,445357
0.396078431372549,0.5803921568627451,0.8431372549019608,289.00283428735816,1170
0.38823529411764707,0.5843137254901961,0.8470588235294118,37.00036286723963,206853
0.39215686274509803,0.5882352941176471,0.8549019607843137,92.00090226448772,364405
0.7215686274509804,0.792156862745098,0.9529411764705882,123.00120628839119,230682
0.7372549019607844,0.8,0.9607843137254902,41.0004020961304,17872
0.7294117647058823,0.807843137254902,0.9607843137254902,153.00150050507196,230841
0.7372549019607844,0.807843137254902,0.9529411764705882,139.00136320395427,367621
0.7294117647058823,0.796078431372549,0.9686274509803922,82.0008041922608,218460
0.7372549019607844,0.796078431372549,0.9725490196078431,18.000176530008467,226186
0.7254901960784313,0.8117647058823529,0.9686274509803922,219.00214778176968,360554
0.7450980392156863,0.8117647058823529,0.9725490196078431,171.00167703508043,241107
0.2,0.3803921568627451,0.5529411764705883,1.0000098072226926,500916
0.24313725490196078,0.4588235294117647,0.5529411764705883,4.0000392288907705,168799
0.17647058823529413,0.3843137254901961,0.6078431372549019,2.0000196144453852,10879
0.21176470588235294,0.42745098039215684,0.5882352941176471,21.000205951676545,341392
0.23921568627450981,0.45098039215686275,0.615686274509804,31.00030402390347,340444
0.1411764705882353,0.058823529411764705,0.2901960784313726,1.0000098072226926,384805
0.21176470588235294,0.054901960784313725,0.26666666666666666,3.000029421668078,7079
0.1411764705882353,0.09411764705882353,0.3137254901960784,2.0000196144453852,410533
0.2196078431372549,0.07058823529411765,0.2627450980392157,10.000098072226926,234899
0.12941176470588237,0.03529411764705882,0.37254901960784315,11.000107879449619,460458
0.15294117647058825,0.08627450980392157,0.3843137254901961,7.000068650558848,90555
0.2196078431372549,0.08235294117647059,0.3686274509803922,25.000245180567315,100054
0.5764705882352941,0.5176470588235295,0.5882352941176471,110.00107879449618,374479
0.6078431372549019,0.5333333333333333,0.5803921568627451,20.000196144453852,374463
0.5725490196078431,0.5372549019607843,0.5764705882352941,9.000088265004234,400156
0.6078431372549019,0.5372549019607843,0.5882352941176471,54.0005295900254,373516
0.5764705882352941,0.5333333333333333,0.611764705882353,4.0000392288907705,392532
0.6078431372549019,0.5176470588235295,0.611764705882353,5.000049036113463,413418
0.5764705882352941,0.5372549019607843,0.615686274509804,7.000068650558848,395411
0.6078431372549019,0.5529411764705883,0.6235294117647059,25.000245180567315,370661
0.38823529411764707,0.21568627450980393,0.5215686274509804,11.000107879449619,356270
0.4196078431372549,0.19607843137254902,0.5411764705882353,6.000058843336156,313645
0.38823529411764707,0.25098039215686274,0.5254901960784314,102.00100033671464,370535
0.40784313725490196,0.23529411764705882,0.5254901960784314,11.000107879449619,361980
0.403921568627451,0.2196078431372549,0.5490196078431373,1.0000098072226926,381957
0.43529411764705883,0.20392156862745098,0.5450980392156862,1.0000098072226926,312695
0.396078431372549,0.25098039215686274,0.5647058823529412,87.00085322837425,356281
0.40784313725490196,0.25098039215686274,0.5529411764705883,15.00014710834039,347723
0.2235294117647059,0.4588235294117647,0.796078431372549,468.00458978022016,326975
0.23137254901960785,0.4588235294117647,0.8,486.0047663102286,412171
0.2235294117647059,0.47058823529411764,0.8,976.009571849348,361367
0.22745098039215686,0.4666666666666667,0.8,412.00404057574934,357601
0.2196078431372549,0.4627450980392157,0.803921568627451,262.00256949234546,337191
0.22745098039215686,0.4627450980392157,0.807843137254902,210.00205951676546,342133
0.2196078431372549,0.4666666666666667,0.803921568627451,287.0028146729128,289953
0.23137254901960785,0.47058823529411764,0.803921568627451,619.0060706708467,356691
0.16862745098039217,0.12941176470588237,0.26666666666666666,11.000107879449619,521844
0.24705882352941178,0.16862745098039217,0.3176470588235294,4.0000392288907705,520893
0.16862745098039217,0.19607843137254902,0.29411764705882354,2.0000196144453852,465211
0.2196078431372549,0.20784313725490197,0.3137254901960784,1.0000098072226926,327424
0.1803921568627451,0.14901960784313725,0.3568627450980392,11.000107879449619,8977
0.24313725490196078,0.1607843137254902,0.35294117647058826,7.000068650558848,122835
0.12941176470588237,0.19607843137254902,0.3607843137254902,16.000156915563082,469018
0.21176470588235294,0.23921568627450981,0.3764705882352941,6.000058843336156,263700
0.8901960784313725,0.5725490196078431,0.21176470588235294,23.00022556612193,610523
0.8784313725490196,0.6196078431372549,0.22745098039215686,47.00046093946655,608556
0.8980392156862745,0.5764705882352941,0.25882352941176473,9.000088265004234,386945
0.9098039215686274,0.596078431372549,0.23529411764705882,1.0000098072226926,611468
0.8862745098039215,0.6274509803921569,0.23529411764705882,123.00120628839119,602826
0.9137254901960784,0.6274509803921569,0.25882352941176473,28.000274602235393,606724
0.6352941176470588,0.7372549019607844,0.9647058823529412,109.0010689872735,193669
0.6470588235294118,0.7333333333333333,0.9529411764705882,31.00030402390347,156602
0.6352941176470588,0.7529411764705882,0.9647058823529412,205.002010480652,220425
0.6509803921568628,0.7490196078431373,0.9568627450980393,164.0016083845216,91308
0.6352941176470588,0.7372549019607844,0.9686274509803922,42.00041190335309,228992
0.6431372549019608,0.7333333333333333,0.9764705882352941,17.000166722785774,253539
0.6392156862745098,0.7411764705882353,0.9725490196078431,199.00195163731584,210797
0.6509803921568628,0.7490196078431373,0.9686274509803922,156.00152992674003,207048
0.1803921568627451,0.4588235294117647,0.7686274509803922,848.0083165248434,101484
0.1843137254901961,0.4666666666666667,0.7686274509803922,59.00057862613886,95785
0.1843137254901961,0.4627450980392157,0.7725490196078432,2596.02545955011,129985
0.1843137254901961,0.4666666666666667,0.7725490196078432,179.00175549286197,14554
0.6274509803921569,0.403921568627451,0.13725490196078433,23.00022556612193,266559
0.6705882352941176,0.3803921568627451,0.1411764705882353,2.0000196144453852,413527
0.6509803921568628,0.43137254901960786,0.1450980392156863,144.00141224006774,271325
0.6666666666666666,0.4392156862745098,0.14901960784313725,36.000353060016934,261817
0.6352941176470588,0.39215686274509803,0.16862745098039217,1.0000098072226926,273219
0.6705882352941176,0.3843137254901961,0.1803921568627451,6.000058843336156,610544
0.6313725490196078,0.4392156862745098,0.1803921568627451,13.000127493895004,485771
0.6588235294117647,0.43137254901960786,0.16862745098039217,5.000049036113463,273222
0.984313725490196,0.9764705882352941,0.8627450980392157,1.0000098072226926,305185
1.0,0.9803921568627451,0.8705882352941177,3.000029421668078,328916
0.984313725490196,0.996078431372549,0.8705882352941177,23.00022556612193,24655
1.0,0.996078431372549,0.8588235294117647,391.0038346240728,32238
0.9764705882352941,0.9882352941176471,0.8823529411764706,1.0000098072226926,23703
1.0,0.984313725490196,0.8784313725490196,4.0000392288907705,567715
0.9764705882352941,0.996078431372549,0.8784313725490196,22.000215758899238,30398
1.0,0.996078431372549,0.8823529411764706,470.0046093946655,41724
0.5294117647058824,0.7019607843137254,0.9686274509803922,17.000166722785774,181610
0.5529411764705883,0.6941176470588235,0.9607843137254902,207.00203009509738,213765
0.5568627450980392,0.7254901960784313,0.9803921568627451,4.0000392288907705,182560
0.40784313725490196,0.6392156862745098,0.6784313725490196,6.000058843336156,137608
0.4588235294117647,0.6784313725490196,0.6823529411764706,5.000049036113463,128105
0.48627450980392156,0.6941176470588235,0.6705882352941176,6.000058843336156,130006
0.4196078431372549,0.6431372549019608,0.7450980392156863,13.000127493895004,124303
0.4666666666666667,0.6549019607843137,0.7019607843137254,22.000215758899238,133807
0.48627450980392156,0.6980392156862745,0.7607843137254902,5.000049036113463,116702
0.43529411764705883,0.08235294117647059,0.3215686274509804,30.00029421668078,153490
0.4549019607843137,0.08627450980392157,0.2980392156862745,1.0000098072226926,156341
0.403921568627451,0.09411764705882353,0.3607843137254902,15.00014710834039,3279
0.4392156862745098,0.10196078431372549,0.37254901960784315,11.000107879449619,158241
0.6078431372549019,0.7294117647058823,0.9529411764705882,162.0015887700762,131296
0.615686274509804,0.7254901960784313,0.9529411764705882,200.00196144453852,195854
0.6039215686274509,0.7411764705882353,0.9529411764705882,29.000284409458086,136005
0.6235294117647059,0.7411764705882353,0.9529411764705882,91.00089245726502,37315
0.6039215686274509,0.7333333333333333,0.9803921568627451,123.00120628839119,242399
0.615686274509804,0.7372549019607844,0.9764705882352941,131.00128474617273,159643
0.6078431372549019,0.7450980392156863,0.9803921568627451,39.00038248168501,388014
0.611764705882353,0.7529411764705882,0.9803921568627451,135.0013239750635,60907
0.09019607843137255,0.13333333333333333,0.30980392156862746,1.0000098072226926,433292
0.11764705882352941,0.13333333333333333,0.30196078431372547,2.0000196144453852,470915
0.11372549019607843,0.1803921568627451,0.30196078431372547,224.00219681788315,560503
0.9019607843137255,0.796078431372549,0.8,2.0000196144453852,543915
0.9137254901960784,0.8784313725490196,0.7764705882352941,35.00034325279424,540120
0.9490196078431372,0.8431372549019608,0.7725490196078432,2.0000196144453852,542967
0.9019607843137255,0.8,0.8549019607843137,3.000029421668078,610547
0.9058823529411765,0.8235294117647058,0.8352941176470589,14.000137301117697,526876
0.6627450980392157,0.40784313725490196,0.403921568627451,2.0000196144453852,276095
0.6352941176470588,0.44313725490196076,0.38823529411764707,20.000196144453852,606745
0.7372549019607844,0.5019607843137255,0.4,10.000098072226926,234307
0.6470588235294118,0.4196078431372549,0.4666666666666667,5.000049036113463,270406
0.7490196078431373,0.3843137254901961,0.4666666666666667,3.000029421668078,301661
0.6705882352941176,0.4627450980392157,0.49019607843137253,6.000058843336156,233357
0.6941176470588235,0.47058823529411764,0.45098039215686275,10.000098072226926,277031
0.9686274509803922,0.8901960784313725,0.34509803921568627,36.000353060016934,370780
0.9882352941176471,0.9019607843137255,0.33725490196078434,16.000156915563082,367836
0.9686274509803922,0.9411764705882353,0.3411764705882353,56.000549204470786,443259
0.9921568627450981,0.9372549019607843,0.3254901960784314,33.00032363834886,363087
0.9490196078431372,0.8980392156862745,0.3803921568627451,26.000254987790008,412675
0.9882352941176471,0.9098039215686274,0.3607843137254902,3.000029421668078,387862
0.9529411764705882,0.9137254901960784,0.3843137254901961,20.000196144453852,418326
0.9725490196078431,0.9372549019607843,0.3568627450980392,33.00032363834886,444206
0.3568627450980392,0.5372549019607843,0.8,73.00071592725656,598957
0.37254901960784315,0.5490196078431373,0.807843137254902,171.00167703508043,143642
0.34509803921568627,0.5607843137254902,0.8,26.000254987790008,159433
0.37254901960784315,0.5568627450980392,0.807843137254902,24.000235373344623,55857
0.35294117647058826,0.5490196078431373,0.8156862745098039,185.00181433619812,3995
0.37254901960784315,0.5490196078431373,0.8156862745098039,240.00235373344623,59136
0.35294117647058826,0.5568627450980392,0.8156862745098039,83.00081399948348,5896
0.3686274509803922,0.5568627450980392,0.8235294117647058,89.00087284281965,320093
0.5725490196078431,0.396078431372549,0.1411764705882353,52.000509975580016,489566
0.6,0.39215686274509803,0.1607843137254902,21.000205951676545,494300
0.5803921568627451,0.41568627450980394,0.1568627450980392,21.000205951676545,271314
0.615686274509804,0.42745098039215684,0.1607843137254902,33.00032363834886,486710
0.5843137254901961,0.40784313725490196,0.1803921568627451,18.000176530008467,484832
0.6078431372549019,0.40784313725490196,0.19607843137254902,6.000058843336156,483880
0.5882352941176471,0.43137254901960786,0.17254901960784313,21.000205951676545,485777
0.6196078431372549,0.43529411764705883,0.1843137254901961,49.00048055391194,484823
0.00784313725490196,0.023529411764705882,0.32941176470588235,36.000353060016934,516406
0.03137254901960784,0.027450980392156862,0.32941176470588235,7.000068650558848,328369
0.023529411764705882,0.0392156862745098,0.35294117647058826,17.000166722785774,232501
0.0392156862745098,0.050980392156862744,0.3411764705882353,5.000049036113463,468073
0.00784313725490196,0.03137254901960784,0.3568627450980392,81.0007943850381,321727
0.058823529411764705,0.03137254901960784,0.3607843137254902,43.00042171057578,99107
0.0196078431372549,0.050980392156862744,0.3607843137254902,13.000127493895004,104815
0.0392156862745098,0.058823529411764705,0.3803921568627451,19.00018633723116,322678
0.40784313725490196,0.09019607843137255,0.4470588235294118,15.00014710834039,1383
0.4980392156862745,0.10980392156862745,0.41568627450980394,14.000137301117697,150640
0.4117647058823529,0.10980392156862745,0.4549019607843137,1.0000098072226926,535941
0.4627450980392157,0.10980392156862745,0.48627450980392156,25.000245180567315,154437
0.9803921568627451,0.984313725490196,0.8352941176470589,3.000029421668078,305193
1.0,0.984313725490196,0.8352941176470589,4.0000392288907705,326067
0.9764705882352941,0.996078431372549,0.8274509803921568,27.0002647950127,74921
0.9921568627450981,0.996078431372549,0.8352941176470589,326.0031971545978,28459
0.9803921568627451,0.9803921568627451,0.8431372549019608,6.000058843336156,305191
1.0,0.9803921568627451,0.8549019607843137,5.000049036113463,327967
0.9764705882352941,0.996078431372549,0.8431372549019608,35.00034325279424,70167
1.0,1.0,0.8470588235294118,474.0046486235563,29391
0.17254901960784313,0.43137254901960786,0.7529411764705882,21.000205951676545,44124
0.1803921568627451,0.43137254901960786,0.7490196078431373,10.000098072226926,90746
0.17254901960784313,0.4392156862745098,0.7529411764705882,399.00391308185436,84089
0.1803921568627451,0.4392156862745098,0.7490196078431373,26.000254987790008,321516
0.17254901960784313,0.43137254901960786,0.7607843137254902,19.00018633723116,106947
0.1803921568627451,0.43137254901960786,0.7568627450980392,6.000058843336156,105815
0.17254901960784313,0.4392156862745098,0.7568627450980392,3014.0295589691955,88010
0.1803921568627451,0.4392156862745098,0.7607843137254902,17.000166722785774,95528
0.5215686274509804,0.47058823529411764,0.4745098039215686,22.000215758899238,411530
0.5490196078431373,0.4588235294117647,0.4627450980392157,8.000078457781541,381138
0.5058823529411764,0.5019607843137255,0.4745098039215686,10.000098072226926,340642
0.5529411764705883,0.4823529411764706,0.4588235294117647,10.000098072226926,476267
0.5058823529411764,0.44313725490196076,0.5058823529411764,76.00074534892464,413408
0.5372549019607843,0.47058823529411764,0.49411764705882355,20.000196144453852,412480
0.5215686274509804,0.4745098039215686,0.5098039215686274,38.00037267446232,407735
0.5490196078431373,0.48627450980392156,0.4980392156862745,35.00034325279424,478425
0.33725490196078434,0.45098039215686275,0.8549019607843137,7.000068650558848,252917
0.34509803921568627,0.4588235294117647,0.8352941176470589,5.000049036113463,311665
0.3215686274509804,0.5019607843137255,0.8274509803921568,159.00155934840814,380798
0.37254901960784315,0.5019607843137255,0.8313725490196079,26.000254987790008,311626
0.3215686274509804,0.47058823529411764,0.8588235294117647,5.000049036113463,392175
0.37254901960784315,0.4549019607843137,0.8705882352941177,5.000049036113463,251967
0.3137254901960784,0.4980392156862745,0.8705882352941177,7.000068650558848,411769
0.3607843137254902,0.49019607843137253,0.8627450980392157,4.0000392288907705,278913
0.3137254901960784,0.12156862745098039,0.7254901960784313,14.000137301117697,306520
0.3137254901960784,0.11764705882352941,0.7490196078431373,191.0018731795343,416807
0.34901960784313724,0.12156862745098039,0.7568627450980392,13.000127493895004,433847
0.2235294117647059,0.4470588235294118,0.7647058823529411,60.00058843336156,422953
0.23137254901960785,0.44313725490196076,0.7686274509803922,466.00457016577474,428648
0.2196078431372549,0.4549019607843137,0.7686274509803922,23.00022556612193,345974
0.22745098039215686,0.45098039215686275,0.7647058823529411,51.00050016835732,402116
0.2235294117647059,0.44313725490196076,0.7764705882352941,390.0038248168501,429630
0.23137254901960785,0.4470588235294118,0.7764705882352941,2063.020232300415,440073
0.2235294117647059,0.4549019607843137,0.7725490196078432,44.000431517798475,349776
0.23137254901960785,0.4549019607843137,0.7725490196078432,360.00353060016937,454362
0.6196078431372549,0.5058823529411764,0.3176470588235294,5.000049036113463,334932
0.5372549019607843,0.6078431372549019,0.28627450980392155,26.000254987790008,459102
0.596078431372549,0.6039215686274509,0.29411764705882354,2.0000196144453852,334721
0.5254901960784314,0.5058823529411764,0.35294117647058826,1.0000098072226926,364372
0.5764705882352941,0.5137254901960784,0.37254901960784315,10.000098072226926,333972
0.5058823529411764,0.6078431372549019,0.3843137254901961,9.000088265004234,453392
0.6,0.5882352941176471,0.3568627450980392,1.0000098072226926,421211
0.984313725490196,0.9764705882352941,0.9647058823529412,21.000205951676545,292477
0.9882352941176471,0.9882352941176471,0.9647058823529412,19.00018633723116,253443
0.9803921568627451,1.0,0.9647058823529412,49.00048055391194,20858
0.9921568627450981,1.0,0.9568627450980393,98.00096110782388,21814
0.9803921568627451,0.984313725490196,0.9725490196078431,78.00076496337002,295335
0.996078431372549,0.9803921568627451,0.9725490196078431,60.00058843336156,290418
0.9764705882352941,0.996078431372549,0.9764705882352941,157.00153973396274,204919
0.996078431372549,1.0,0.9725490196078431,367.0035992507282,44533
0.803921568627451,0.17647058823529413,0.27058823529411763,7.000068650558848,294077
0.8745098039215686,0.18823529411764706,0.27450980392156865,4.0000392288907705,2863
0.7803921568627451,0.24705882352941178,0.2823529411764706,1.0000098072226926,312116
0.8509803921568627,0.19215686274509805,0.27058823529411763,10.000098072226926,294076
0.7686274509803922,0.17647058823529413,0.35294117647058826,21.000205951676545,376647
0.796078431372549,0.20784313725490197,0.3764705882352941,6.000058843336156,377592
0.8196078431372549,0.20392156862745098,0.3843137254901961,4.0000392288907705,376645
0.2980392156862745,0.43529411764705883,0.26666666666666666,1.0000098072226926,504708
0.37254901960784315,0.4392156862745098,0.28627450980392155,3.000029421668078,483751
0.3254901960784314,0.4588235294117647,0.26666666666666666,14.000137301117697,506604
0.37254901960784315,0.43137254901960786,0.34509803921568627,3.000029421668078,485651
0.30980392156862746,0.4549019607843137,0.34509803921568627,1.0000098072226926,506605
0.34901960784313724,0.4549019607843137,0.37254901960784315,31.00030402390347,494266
0.6627450980392157,0.16470588235294117,0.6470588235294118,11.000107879449619,502562
0.7137254901960784,0.1843137254901961,0.6549019607843137,11.000107879449619,504457
0.6274509803921569,0.24705882352941178,0.6901960784313725,2.0000196144453852,150650
0.7254901960784313,0.21568627450980393,0.6862745098039216,18.000176530008467,498766
0.6745098039215687,0.22745098039215686,0.7019607843137254,1.0000098072226926,494972
0.7294117647058823,0.2196078431372549,0.7176470588235294,10.000098072226926,501610
0.403921568627451,0.47058823529411764,0.7254901960784313,32.000313831126164,376637
0.40784313725490196,0.44313725490196076,0.7058823529411765,8.000078457781541,248245
0.396078431372549,0.49019607843137253,0.7294117647058823,44.000431517798475,523580
0.43529411764705883,0.49411764705882355,0.7215686274509804,24.000235373344623,126646
0.396078431372549,0.4549019607843137,0.7568627450980392,22.000215758899238,429450
0.42745098039215684,0.47058823529411764,0.7372549019607844,17.000166722785774,314768
0.396078431372549,0.5019607843137255,0.7411764705882353,40.000392288907705,487472
0.4196078431372549,0.4745098039215686,0.7411764705882353,25.000245180567315,414391
0.7764705882352941,0.5254901960784314,0.6941176470588235,8.000078457781541,382365
0.8352941176470589,0.5333333333333333,0.6588235294117647,4.0000392288907705,371892
0.7843137254901961,0.5725490196078431,0.6823529411764706,4.0000392288907705,367146
0.8313725490196079,0.5843137254901961,0.6549019607843137,3.000029421668078,370943
0.796078431372549,0.5372549019607843,0.7137254901960784,13.000127493895004,365250
0.8196078431372549,0.5215686274509804,0.7294117647058823,7.000068650558848,156349
0.7568627450980392,0.6196078431372549,0.7333333333333333,11.000107879449619,252367
0.8705882352941177,0.6078431372549019,0.7568627450980392,3.000029421668078,300511
0.7686274509803922,0.6823529411764706,0.6745098039215687,17.000166722785774,587597
0.7686274509803922,0.7372549019607844,0.6980392156862745,8.000078457781541,544012
0.8313725490196079,0.7019607843137254,0.6509803921568628,6.000058843336156,546865
0.7764705882352941,0.6470588235294118,0.7568627450980392,9.000088265004234,514113
0.7647058823529411,0.7333333333333333,0.7294117647058823,12.000117686672311,545812
0.8705882352941177,0.7490196078431373,0.7490196078431373,1.0000098072226926,539255
0.7568627450980392,0.4666666666666667,0.16470588235294117,31.00030402390347,405939
0.8,0.4549019607843137,0.16470588235294117,6.000058843336156,400246
0.7725490196078432,0.4549019607843137,0.17254901960784313,32.000313831126164,409735
0.7843137254901961,0.4588235294117647,0.16862745098039217,27.0002647950127,400233
0.7647058823529411,0.48627450980392156,0.17254901960784313,67.0006570839204,397468
0.788235294117647,0.4980392156862745,0.19607843137254902,49.00048055391194,269450
0.596078431372549,0.7019607843137254,0.9254901960784314,98.00096110782388,258507
0.615686274509804,0.7058823529411765,0.9215686274509803,27.0002647950127,34460
0.596078431372549,0.7137254901960784,0.9254901960784314,188.0018437578662,215492
0.6196078431372549,0.7215686274509804,0.9294117647058824,131.00128474617273,92289
0.6,0.6941176470588235,0.9411764705882353,57.00055901169348,84794
0.615686274509804,0.7019607843137254,0.9411764705882353,15.00014710834039,177766
0.6078431372549019,0.7176470588235294,0.9490196078431372,203.0019908662066,220471
0.611764705882353,0.7137254901960784,0.9450980392156862,119.00116705950042,219351
0.6431372549019608,0.2627450980392157,0.6901960784313725,4.0000392288907705,145892
0.6901960784313725,0.28627450980392155,0.6549019607843137,1.0000098072226926,151598
0.6274509803921569,0.37254901960784315,0.6549019607843137,7.000068650558848,364309
0.6313725490196078,0.26666666666666666,0.7137254901960784,5.000049036113463,149700
0.7490196078431373,0.28627450980392155,0.7529411764705882,3.000029421668078,504451
0.6666666666666666,0.3215686274509804,0.7019607843137254,28.000274602235393,146838
0.7098039215686275,0.3254901960784314,0.7333333333333333,4.0000392288907705,145890
0.8549019607843137,0.9215686274509803,0.9529411764705882,44.000431517798475,169922
0.8745098039215686,0.9215686274509803,0.9607843137254902,105.00102975838273,388513
0.8549019607843137,0.9411764705882353,0.9647058823529412,11.000107879449619,199499
0.8627450980392157,0.9411764705882353,0.9529411764705882,21.000205951676545,199184
0.8509803921568627,0.9137254901960784,0.9764705882352941,146.00143185451313,235730
0.8705882352941177,0.9215686274509803,0.9725490196078431,344.00337368460623,234618
0.8470588235294118,0.9333333333333333,0.9803921568627451,34.00033344557155,387221
0.8705882352941177,0.9294117647058824,0.9725490196078431,127.00124551728196,117955
0.8941176470588236,0.6313725490196078,0.25098039215686274,172.00168684230312,601885
0.9176470588235294,0.6470588235294118,0.25882352941176473,33.00032363834886,609538
0.9137254901960784,0.6666666666666666,0.25882352941176473,2.0000196144453852,611432
0.5098039215686274,0.6705882352941176,0.9215686274509803,153.00150050507196,133161
0.5215686274509804,0.6705882352941176,0.9294117647058824,273.0026773717951,47718
0.5058823529411764,0.6784313725490196,0.9333333333333333,26.000254987790008,181035
0.5294117647058824,0.6862745098039216,0.9294117647058824,100.00098072226926,105554
0.5098039215686274,0.6705882352941176,0.9372549019607843,59.00057862613886,174562
0.5254901960784314,0.6745098039215687,0.9490196078431372,125.00122590283658,180514
0.5137254901960784,0.6862745098039216,0.9490196078431372,22.000215758899238,133229
0.5215686274509804,0.6784313725490196,0.9490196078431372,68.0006668911431,99071
0.9019607843137255,0.9490196078431372,0.8980392156862745,6.000058843336156,276176
0.9176470588235294,0.9568627450980393,0.9098039215686274,28.000274602235393,22742
0.9058823529411765,0.9764705882352941,0.8901960784313725,1.0000098072226926,304245
0.9372549019607843,0.9764705882352941,0.9176470588235294,3.000029421668078,22744
0.8941176470588236,0.9529411764705882,0.9490196078431372,36.000353060016934,330153
0.9176470588235294,0.9450980392156862,0.9490196078431372,122.0011964811685,387226
0.9372549019607843,0.984313725490196,0.9411764705882353,10.000098072226926,208703
0.5294117647058824,0.7568627450980392,0.26666666666666666,2.0000196144453852,142374
0.5411764705882353,0.7686274509803922,0.2823529411764706,143.00140243284505,156633
0.5607843137254902,0.788235294117647,0.2901960784313726,7.000068650558848,138572
0.5372549019607843,0.7568627450980392,0.30196078431372547,54.0005295900254,152826
0.8274509803921568,0.7764705882352941,0.25882352941176473,128.00125532450465,415485
0.8470588235294118,0.7686274509803922,0.2549019607843137,25.000245180567315,426879
0.8235294117647058,0.792156862745098,0.25882352941176473,49.00048055391194,413632
0.8549019607843137,0.788235294117647,0.25882352941176473,3.000029421668078,419336
0.8588235294117647,0.8941176470588236,0.9529411764705882,75.00073554170194,470632
0.8627450980392157,0.8941176470588236,0.9607843137254902,19.00018633723116,43817
0.8588235294117647,0.9019607843137255,0.9568627450980393,97.00095130060119,334034
0.8745098039215686,0.9058823529411765,0.9607843137254902,153.00150050507196,376150
0.8588235294117647,0.8901960784313725,0.9803921568627451,68.0006668911431,65644
0.8627450980392157,0.8941176470588236,0.9764705882352941,12.000117686672311,70480
0.8470588235294118,0.9098039215686274,0.9803921568627451,266.00260872123624,301117
0.8666666666666667,0.9098039215686274,0.9803921568627451,128.00125532450465,103715
0.5215686274509804,0.396078431372549,0.21568627450980393,55.00053939724809,610079
0.5607843137254902,0.403921568627451,0.21568627450980393,25.000245180567315,489588
0.5294117647058824,0.4196078431372549,0.21568627450980393,10.000098072226926,271312
0.5333333333333333,0.4196078431372549,0.2,16.000156915563082,609126
0.5058823529411764,0.40784313725490196,0.23137254901960785,33.00032363834886,486958
0.5568627450980392,0.403921568627451,0.23137254901960785,31.00030402390347,490539
0.5098039215686274,0.4117647058823529,0.23137254901960785,3.000029421668078,355835
0.5372549019607843,0.4235294117647059,0.23529411764705882,30.00029421668078,335884
0.3803921568627451,0.5490196078431373,0.8588235294117647,76.00074534892464,209016
0.39215686274509803,0.5450980392156862,0.8588235294117647,25.000245180567315,3972
0.3803921568627451,0.5529411764705883,0.8666666666666667,256.0025106490093,409414
0.396078431372549,0.5647058823529412,0.8588235294117647,184.00180452897544,212828
0.3843137254901961,0.5490196078431373,0.8745098039215686,18.000176530008467,310666
0.39215686274509803,0.5372549019607843,0.8784313725490196,11.000107879449619,305927
0.3843137254901961,0.5647058823529412,0.8784313725490196,151.0014808906266,190056
0.39215686274509803,0.5568627450980392,0.8823529411764706,91.00089245726502,241327
0.47843137254901963,0.6313725490196078,0.8705882352941177,92.00090226448772,134997
0.48627450980392156,0.6392156862745098,0.8588235294117647,158.00154954118543,350169
0.4823529411764706,0.6588235294117647,0.8588235294117647,12.000117686672311,457676
0.4980392156862745,0.6470588235294118,0.8705882352941177,35.00034325279424,545784
0.47843137254901963,0.6392156862745098,0.8745098039215686,166.00162799896697,104726
0.49411764705882355,0.6313725490196078,0.8784313725490196,232.0022752756647,155488
0.4745098039215686,0.6470588235294118,0.8745098039215686,28.000274602235393,86719
0.49019607843137253,0.6470588235294118,0.8745098039215686,83.00081399948348,1223
0.4588235294117647,0.3333333333333333,0.13725490196078433,6.000058843336156,363419
0.4823529411764706,0.3411764705882353,0.1450980392156863,18.000176530008467,360570
0.4666666666666667,0.3686274509803922,0.15294117647058825,6.000058843336156,512377
0.48627450980392156,0.34901960784313724,0.1450980392156863,135.0013239750635,346324
0.4470588235294118,0.3568627450980392,0.19607843137254902,6.000058843336156,358658
0.4980392156862745,0.3764705882352941,0.1803921568627451,30.00029421668078,359629
0.596078431372549,0.7294117647058823,0.9254901960784314,96.00094149337849,381492
0.6235294117647059,0.7333333333333333,0.9333333333333333,151.0014808906266,149229
0.6039215686274509,0.7490196078431373,0.9333333333333333,17.000166722785774,464312
0.6196078431372549,0.7450980392156863,0.9333333333333333,39.00038248168501,225103
0.6,0.7254901960784313,0.9372549019607843,147.0014416617358,84816
0.6235294117647059,0.7294117647058823,0.9490196078431372,244.002392962337,219471
0.6078431372549019,0.7450980392156863,0.9372549019607843,27.0002647950127,377637
0.6235294117647059,0.7411764705882353,0.9411764705882353,82.0008041922608,422330
0.796078431372549,0.5137254901960784,0.43137254901960786,5.000049036113463,274198
0.8,0.5843137254901961,0.4117647058823529,12.000117686672311,406873
0.8196078431372549,0.5882352941176471,0.42745098039215684,20.000196144453852,572534
0.7529411764705882,0.5098039215686274,0.4745098039215686,2.0000196144453852,258065
0.7607843137254902,0.5882352941176471,0.47843137254901963,7.000068650558848,602800
0.8196078431372549,0.611764705882353,0.4588235294117647,4.0000392288907705,569683
0.5490196078431373,0.7725490196078432,0.6549019607843137,1.0000098072226926,125255
0.6196078431372549,0.788235294117647,0.6392156862745098,25.000245180567315,197596
0.611764705882353,0.8313725490196079,0.6509803921568628,3.000029421668078,123355
0.5490196078431373,0.7686274509803922,0.7372549019607844,4.0000392288907705,118603
0.6078431372549019,0.803921568627451,0.7490196078431373,16.000156915563082,104352
0.615686274509804,0.8235294117647058,0.7176470588235294,1.0000098072226926,115753
0.41568627450980394,0.6,0.8705882352941177,90.00088265004234,154115
0.4235294117647059,0.6,0.8666666666666667,187.00183395064352,168308
0.41568627450980394,0.6274509803921569,0.8588235294117647,6.000058843336156,43910
0.43529411764705883,0.6235294117647059,0.8666666666666667,24.000235373344623,196397
0.4117647058823529,0.6039215686274509,0.8745098039215686,164.0016083845216,366306
0.43529411764705883,0.6039215686274509,0.8745098039215686,255.00250084178663,145561
0.4196078431372549,0.6196078431372549,0.8784313725490196,14.000137301117697,324425
0.42745098039215684,0.6274509803921569,0.8862745098039215,58.00056881891617,187868
0.788235294117647,0.8509803921568627,0.9333333333333333,117.00114744505504,445107
0.8117647058823529,0.8509803921568627,0.9254901960784314,208.00203990232006,457470
0.792156862745098,0.8745098039215686,0.9294117647058824,22.000215758899238,193724
0.8,0.8666666666666667,0.9215686274509803,88.00086303559695,49588
0.788235294117647,0.8509803921568627,0.9490196078431372,92.00090226448772,236415
0.8,0.8627450980392157,0.9372549019607843,128.00125532450465,190098
0.796078431372549,0.8705882352941177,0.9450980392156862,56.000549204470786,229857
0.807843137254902,0.8666666666666667,0.9411764705882353,86.00084342115156,422281
0.3137254901960784,0.19215686274509805,0.7019607843137254,18.000176530008467,316947
0.35294117647058826,0.19215686274509805,0.7254901960784313,5.000049036113463,312205
0.3137254901960784,0.25098039215686274,0.7019607843137254,40.000392288907705,500272
0.34901960784313724,0.23529411764705882,0.7137254901960784,12.000117686672311,411022
0.32941176470588235,0.20392156862745098,0.7607843137254902,32.000313831126164,280817
0.34509803921568627,0.19607843137254902,0.7411764705882353,46.00045113224386,311246
0.3333333333333333,0.23529411764705882,0.7372549019607844,26.000254987790008,317939
0.3686274509803922,0.2235294117647059,0.7333333333333333,20.000196144453852,252021
0.2823529411764706,0.4470588235294118,0.7529411764705882,122.0011964811685,550082
0.2901960784313726,0.44313725490196076,0.7529411764705882,18.000176530008467,531064
0.2823529411764706,0.4549019607843137,0.7529411764705882,279.0027362151312,558666
0.2901960784313726,0.45098039215686275,0.7490196078431373,406.0039817324132,585206
0.2823529411764706,0.4470588235294118,0.7568627450980392,115.00112783060965,530118
0.2901960784313726,0.4470588235294118,0.7568627450980392,21.000205951676545,515947
0.2823529411764706,0.45098039215686275,0.7568627450980392,1589.0155836768586,580507
0.29411764705882354,0.4549019607843137,0.7568627450980392,624.0061197069601,599467
0.592156862745098,0.8196078431372549,0.2823529411764706,6.000058843336156,135729
0.6078431372549019,0.8235294117647058,0.2627450980392157,152.00149069784928,131957
0.5882352941176471,0.8196078431372549,0.30980392156862746,2.0000196144453852,135724
0.6196078431372549,0.8352941176470589,0.30196078431372547,38.00037267446232,131937
0.06666666666666667,0.03137254901960784,0.34509803921568627,15.00014710834039,105762
0.10196078431372549,0.027450980392156862,0.3254901960784314,2.0000196144453852,94355
0.06666666666666667,0.0392156862745098,0.3333333333333333,3.000029421668078,107662
0.09411764705882353,0.047058823529411764,0.32941176470588235,8.000078457781541,333126
0.06666666666666667,0.03137254901960784,0.3843137254901961,117.00114744505504,89609
0.10196078431372549,0.03137254901960784,0.3568627450980392,5.000049036113463,109564
0.06274509803921569,0.054901960784313725,0.3764705882352941,33.00032363834886,468074
0.11372549019607843,0.054901960784313725,0.37254901960784315,15.00014710834039,101956
0.9764705882352941,0.9764705882352941,0.8,3.000029421668078,307075
1.0,0.984313725490196,0.807843137254902,8.000078457781541,325117
0.984313725490196,0.996078431372549,0.796078431372549,91.00089245726502,67381
0.9882352941176471,0.996078431372549,0.796078431372549,274.00268717901776,42710
0.9764705882352941,0.9803921568627451,0.8235294117647058,1.0000098072226926,310865
1.0,0.9803921568627451,0.8117647058823529,5.000049036113463,328917
0.984313725490196,0.996078431372549,0.8196078431372549,60.00058843336156,28477
1.0,0.996078431372549,0.8196078431372549,344.00337368460623,60704
0.3803921568627451,0.3215686274509804,0.7647058823529411,41.0004020961304,317186
0.43529411764705883,0.3411764705882353,0.7686274509803922,80.00078457781541,320969
0.38823529411764707,0.36470588235294116,0.7803921568627451,8.000078457781541,451021
0.43529411764705883,0.34901960784313724,0.7764705882352941,10.000098072226926,317172
0.3843137254901961,0.32941176470588235,0.803921568627451,10.000098072226926,446277
0.40784313725490196,0.3254901960784314,0.796078431372549,20.000196144453852,308632
0.3803921568627451,0.3607843137254902,0.796078431372549,13.000127493895004,419706
0.41568627450980394,0.3686274509803922,0.803921568627451,14.000137301117697,451969
0.15294117647058825,0.3411764705882353,0.7019607843137254,8.000078457781541,96310
0.1607843137254902,0.33725490196078434,0.7058823529411765,47.00046093946655,83000
0.13725490196078433,0.3686274509803922,0.7176470588235294,17.000166722785774,43254
0.17647058823529413,0.37254901960784315,0.7215686274509804,118.00115725227772,14858
0.16862745098039217,0.34509803921568627,0.7607843137254902,1.0000098072226926,263590
0.17254901960784313,0.3686274509803922,0.7333333333333333,5.000049036113463,44341
0.26666666666666666,0.19607843137254902,0.6039215686274509,25.000245180567315,24257
0.2980392156862745,0.21176470588235294,0.5803921568627451,10.000098072226926,508811
0.27058823529411763,0.2235294117647059,0.6039215686274509,7.000068650558848,229635
0.2823529411764706,0.22745098039215686,0.5843137254901961,8.000078457781541,372059
0.2627450980392157,0.2196078431372549,0.6196078431372549,49.00048055391194,225847
0.29411764705882354,0.20392156862745098,0.6196078431372549,45.00044132502117,502143
0.27450980392156865,0.2235294117647059,0.615686274509804,10.000098072226926,225844
0.29411764705882354,0.24313725490196078,0.6352941176470588,42.00041190335309,223945
0.7607843137254902,0.8313725490196079,0.9333333333333333,127.00124551728196,446970
0.7764705882352941,0.8313725490196079,0.9254901960784314,88.00086303559695,551360
0.7529411764705882,0.8392156862745098,0.9254901960784314,73.00071592725656,290521
0.7686274509803922,0.8470588235294118,0.9215686274509803,136.0013337822862,340674
0.7647058823529411,0.8313725490196079,0.9411764705882353,96.00094149337849,267616
0.7686274509803922,0.8313725490196079,0.9411764705882353,67.0006570839204,283995
0.7647058823529411,0.8392156862745098,0.9411764705882353,81.0007943850381,306813
0.7725490196078432,0.8352941176470589,0.9450980392156862,113.00110821616427,283994
0.15294117647058825,0.12941176470588237,0.5764705882352941,35.00034325279424,12900
0.16862745098039217,0.15294117647058825,0.5882352941176471,82.0008041922608,5301
0.14901960784313725,0.1843137254901961,0.6,15.00014710834039,44219
0.16470588235294117,0.17254901960784313,0.6039215686274509,22.000215758899238,30000
0.13725490196078433,0.1450980392156863,0.6274509803921569,4.0000392288907705,277965
0.17254901960784313,0.14901960784313725,0.6078431372549019,8.000078457781541,38636
0.1411764705882353,0.17647058823529413,0.6196078431372549,5.000049036113463,41488
0.1568627450980392,0.18823529411764706,0.615686274509804,24.000235373344623,80145
0.6627450980392157,0.7568627450980392,0.9254901960784314,103.00101014393734,241207
0.6784313725490196,0.7568627450980392,0.9294117647058824,90.00088265004234,447971
0.6666666666666666,0.7725490196078432,0.9333333333333333,47.00046093946655,17813
0.6862745098039216,0.7764705882352941,0.9333333333333333,90.00088265004234,241208
0.6627450980392157,0.7607843137254902,0.9490196078431372,164.0016083845216,74887
0.6745098039215687,0.7647058823529411,0.9490196078431372,96.00094149337849,4509
0.6627450980392157,0.7803921568627451,0.9372549019607843,57.00055901169348,219512
0.6862745098039216,0.7803921568627451,0.9411764705882353,120.00117686672311,130310
0.4470588235294118,0.6,0.8352941176470589,102.00100033671464,474524
0.4627450980392157,0.6078431372549019,0.8392156862745098,128.00125532450465,500056
0.45098039215686275,0.615686274509804,0.8313725490196079,15.00014710834039,375822
0.4666666666666667,0.6274509803921569,0.8352941176470589,44.000431517798475,363824
0.45098039215686275,0.6078431372549019,0.8431372549019608,180.00176530008468,491840
0.4627450980392157,0.6,0.8509803921568627,187.00183395064352,182409
0.45098039215686275,0.615686274509804,0.8549019607843137,25.000245180567315,97171
0.4666666666666667,0.615686274509804,0.8470588235294118,77.00075515614733,504188
0.47058823529411764,0.611764705882353,0.8392156862745098,91.00089245726502,224931
0.49411764705882355,0.611764705882353,0.8313725490196079,46.00045113224386,382314
0.4823529411764706,0.6196078431372549,0.8274509803921568,94.0009218789331,357759
0.4980392156862745,0.6235294117647059,0.8313725490196079,110.00107879449618,97989
0.4823529411764706,0.6078431372549019,0.8549019607843137,118.00115725227772,195375
0.4980392156862745,0.611764705882353,0.8470588235294118,28.000274602235393,416529
0.47058823529411764,0.6196078431372549,0.8549019607843137,143.00140243284505,389032
0.48627450980392156,0.6274509803921569,0.8549019607843137,128.00125532450465,218442
0.9764705882352941,0.9882352941176471,0.7647058823529411,2.0000196144453852,69284
1.0,0.9803921568627451,0.7725490196078432,25.000245180567315,307086
0.9725490196078431,0.996078431372549,0.7686274509803922,287.0028146729128,40830
0.9882352941176471,0.996078431372549,0.7725490196078432,28.000274602235393,67349
0.984313725490196,0.9882352941176471,0.7803921568627451,1.0000098072226926,309920
1.0,0.9764705882352941,0.788235294117647,14.000137301117697,330815
0.984313725490196,0.996078431372549,0.7803921568627451,130.00127493895005,68286
0.9882352941176471,0.996078431372549,0.7803921568627451,270.002647950127,52208
0.796078431372549,0.2784313725490196,0.6666666666666666,3.000029421668078,38059
0.8705882352941177,0.3058823529411765,0.6666666666666666,9.000088265004234,31354
0.792156862745098,0.32941176470588235,0.6901960784313725,2.0000196144453852,34266
0.8745098039215686,0.3411764705882353,0.6470588235294118,4.0000392288907705,41832
0.7764705882352941,0.2627450980392157,0.7254901960784313,12.000117686672311,496868
0.8745098039215686,0.2901960784313726,0.7058823529411765,3.000029421668078,41844
0.788235294117647,0.3176470588235294,0.7490196078431373,3.000029421668078,503502
0.8588235294117647,0.36470588235294116,0.7098039215686275,11.000107879449619,23826
0.23137254901960785,0.09803921568627451,0.6823529411764706,149.0014612761812,445292
0.23921568627450981,0.09803921568627451,0.6784313725490196,132.00129455339544,436736
0.2235294117647059,0.12549019607843137,0.6823529411764706,2.0000196144453852,316945
0.23529411764705882,0.12156862745098039,0.6784313725490196,3.000029421668078,309336
0.2196078431372549,0.09803921568627451,0.6862745098039216,243.0023831551143,306487
0.23921568627450981,0.09803921568627451,0.6862745098039216,216.0021183601016,433885
0.2196078431372549,0.11372549019607843,0.6941176470588235,3.000029421668078,262426
0.2784313725490196,0.13725490196078433,0.7294117647058823,11.000107879449619,457652
0.2980392156862745,0.1568627450980392,0.7215686274509804,35.00034325279424,462398
0.2549019607843137,0.1607843137254902,0.7254901960784313,11.000107879449619,310331
0.3058823529411765,0.1843137254901961,0.7019607843137254,18.000176530008467,461451
0.25882352941176473,0.13333333333333333,0.7450980392156863,26.000254987790008,309379
0.2980392156862745,0.13725490196078433,0.7333333333333333,53.00051978280271,411024
0.26666666666666666,0.16470588235294117,0.7607843137254902,9.000088265004234,257671
0.30196078431372547,0.16862745098039217,0.7450980392156863,23.00022556612193,399613
0.39215686274509803,0.4666666666666667,0.792156862745098,27.0002647950127,306090
0.43529411764705883,0.47058823529411764,0.7647058823529411,13.000127493895004,493050
0.403921568627451,0.48627450980392156,0.7686274509803922,32.000313831126164,320325
0.4196078431372549,0.49019607843137253,0.7843137254901961,27.0002647950127,323502
0.39215686274509803,0.4470588235294118,0.803921568627451,29.000284409458086,74434
0.40784313725490196,0.44313725490196076,0.796078431372549,11.000107879449619,209702
0.3764705882352941,0.5019607843137255,0.8117647058823529,28.000274602235393,316370
0.43529411764705883,0.4980392156862745,0.8,19.00018633723116,397311
0.7254901960784313,0.8274509803921568,0.9607843137254902,104.00101995116003,391934
0.7411764705882353,0.8196078431372549,0.9607843137254902,131.00128474617273,273725
0.7294117647058823,0.8392156862745098,0.9607843137254902,13.000127493895004,227863
0.7490196078431373,0.8431372549019608,0.9607843137254902,57.00055901169348,291633
0.7333333333333333,0.8196078431372549,0.9803921568627451,133.00130436061812,109426
0.7490196078431373,0.8274509803921568,0.9725490196078431,203.0019908662066,193940
0.7294117647058823,0.8470588235294118,0.9686274509803922,19.00018633723116,349135
0.7372549019607844,0.8431372549019608,0.9725490196078431,84.00082380670618,318145
0.5843137254901961,0.7803921568627451,0.38823529411764707,27.0002647950127,176602
0.6078431372549019,0.7803921568627451,0.4117647058823529,9.000088265004234,164233
0.5803921568627451,0.796078431372549,0.38823529411764707,19.00018633723116,135713
0.615686274509804,0.803921568627451,0.4117647058823529,35.00034325279424,182320
0.5647058823529412,0.7647058823529411,0.42745098039215684,12.000117686672311,155674
0.6039215686274509,0.7725490196078432,0.43137254901960786,13.000127493895004,165184
0.592156862745098,0.788235294117647,0.4470588235294118,22.000215758899238,196625
0.6078431372549019,0.792156862745098,0.44313725490196076,49.00048055391194,178502
0.6980392156862745,0.7607843137254902,0.8627450980392157,110.00107879449618,558979
0.7137254901960784,0.7647058823529411,0.8666666666666667,77.00075515614733,517287
0.6941176470588235,0.7725490196078432,0.8705882352941177,29.000284409458086,381893
0.7137254901960784,0.7725490196078432,0.8705882352941177,87.00085322837425,450805
0.6941176470588235,0.7647058823529411,0.8862745098039215,126.00123571005926,532438
0.7176470588235294,0.7686274509803922,0.8823529411764706,45.00044132502117,550478
0.6941176470588235,0.7725490196078432,0.8745098039215686,97.00095130060119,521225
0.7137254901960784,0.7843137254901961,0.8784313725490196,171.00167703508043,600797
0.6039215686274509,0.7019607843137254,0.8588235294117647,123.00120628839119,569480
0.611764705882353,0.6941176470588235,0.8588235294117647,116.00113763783234,230655
0.6078431372549019,0.7137254901960784,0.8627450980392157,60.00058843336156,538205
0.6196078431372549,0.7137254901960784,0.8666666666666667,163.0015985772989,492757
0.596078431372549,0.7019607843137254,0.8784313725490196,86.00084342115156,398494
0.6235294117647059,0.6941176470588235,0.8745098039215686,42.00041190335309,523794
0.6039215686274509,0.7098039215686275,0.8745098039215686,74.00072573447926,528646
0.611764705882353,0.7137254901960784,0.8823529411764706,78.00076496337002,506768
0.9764705882352941,0.9921568627450981,1.0,435.0042661418713,7755
0.9803921568627451,0.996078431372549,1.0,718.0070415858933,273485
0.9725490196078431,1.0,1.0,741.0072671520152,41661
0.984313725490196,1.0,1.0,1058.0103760416089,234757
0.5647058823529412,0.4627450980392157,0.8431372549019608,14.000137301117697,330446
0.596078431372549,0.4470588235294118,0.8470588235294118,1.0000098072226926,272121
0.5882352941176471,0.4823529411764706,0.8431372549019608,91.00089245726502,485993
0.596078431372549,0.4980392156862745,0.8431372549019608,11.000107879449619,423758
0.5725490196078431,0.4627450980392157,0.8862745098039215,16.000156915563082,488846
0.615686274509804,0.47058823529411764,0.8784313725490196,4.0000392288907705,272119
0.5725490196078431,0.49411764705882355,0.8745098039215686,35.00034325279424,301973
0.6039215686274509,0.4980392156862745,0.8666666666666667,12.000117686672311,489799
0.4549019607843137,0.38823529411764707,0.7176470588235294,30.00029421668078,373418
0.49411764705882355,0.396078431372549,0.7294117647058823,30.00029421668078,413874
0.4627450980392157,0.43529411764705883,0.7215686274509804,16.000156915563082,226752
0.4980392156862745,0.41568627450980394,0.7098039215686275,18.000176530008467,396758
0.4549019607843137,0.403921568627451,0.7450980392156863,34.00033344557155,344508
0.48627450980392156,0.396078431372549,0.7490196078431373,20.000196144453852,344930
0.45098039215686275,0.41568627450980394,0.7529411764705882,21.000205951676545,211588
0.4823529411764706,0.4117647058823529,0.7372549019607844,15.00014710834039,467984
0.807843137254902,0.2901960784313726,0.49411764705882355,16.000156915563082,367159
0.8431372549019608,0.3137254901960784,0.4666666666666667,11.000107879449619,375691
0.8117647058823529,0.3215686274509804,0.49019607843137253,8.000078457781541,371901
0.8235294117647058,0.3686274509803922,0.5058823529411764,8.000078457781541,370951
0.17647058823529413,0.2627450980392157,0.43529411764705883,8.000078457781541,388605
0.2235294117647059,0.2823529411764706,0.4,5.000049036113463,543489
0.17647058823529413,0.2627450980392157,0.49019607843137253,12.000117686672311,436140
0.21176470588235294,0.2823529411764706,0.4823529411764706,16.000156915563082,431395
0.19215686274509805,0.3215686274509804,0.4627450980392157,4.0000392288907705,400066
0.2823529411764706,0.5372549019607843,0.8313725490196079,104.00101995116003,129479
0.30980392156862746,0.5372549019607843,0.8392156862745098,267.0026185284589,154080
0.2901960784313726,0.5529411764705883,0.8274509803921568,17.000166722785774,281745
0.2980392156862745,0.5529411764705883,0.8392156862745098,20.000196144453852,132314
0.29411764705882354,0.5450980392156862,0.8509803921568627,76.00074534892464,341449
0.3058823529411765,0.5372549019607843,0.8470588235294118,159.00155934840814,156926
0.2823529411764706,0.5647058823529412,0.8431372549019608,24.000235373344623,315832
0.3058823529411765,0.5607843137254902,0.8431372549019608,66.00064727669772,334805
0.3176470588235294,0.06274509803921569,0.1450980392156863,11.000107879449619,104785
0.34509803921568627,0.050980392156862744,0.16470588235294117,6.000058843336156,102885
0.3215686274509804,0.054901960784313725,0.19215686274509805,153.00150050507196,106689
0.34509803921568627,0.050980392156862744,0.17254901960784313,13.000127493895004,101935
0.16862745098039217,0.43137254901960786,0.7333333333333333,505.0049526474598,184846
0.16862745098039217,0.43529411764705883,0.7333333333333333,15.00014710834039,13042
0.16862745098039217,0.42745098039215684,0.7411764705882353,1811.0177608802962,15645
0.16862745098039217,0.43529411764705883,0.7450980392156863,596.0058451047248,44389
0.5058823529411764,0.6627450980392157,0.9019607843137255,76.00074534892464,234547
0.5294117647058824,0.6666666666666666,0.8901960784313725,159.00155934840814,94269
0.5058823529411764,0.6784313725490196,0.8980392156862745,8.000078457781541,167821
0.5294117647058824,0.6784313725490196,0.8901960784313725,32.000313831126164,372903
0.5098039215686274,0.6666666666666666,0.9137254901960784,137.00134358950888,317245
0.5294117647058824,0.6745098039215687,0.9098039215686274,242.00237334789162,164464
0.5137254901960784,0.6862745098039216,0.9098039215686274,11.000107879449619,79153
0.5294117647058824,0.6784313725490196,0.9098039215686274,66.00064727669772,133225
0.19215686274509805,0.4745098039215686,0.7843137254901961,1018.009983752701,135645
0.19607843137254902,0.4745098039215686,0.7803921568627451,316.00309908237085,109826
0.19215686274509805,0.4823529411764706,0.7803921568627451,63.00061785502963,159368
0.19607843137254902,0.4823529411764706,0.7843137254901961,137.00134358950888,150880
0.19215686274509805,0.4745098039215686,0.788235294117647,819.0080321153853,146103
0.2,0.47843137254901963,0.788235294117647,273.0026773717951,163201
0.19215686274509805,0.4823529411764706,0.788235294117647,74.00072573447926,245630
0.2,0.4823529411764706,0.788235294117647,215.00210855287892,25964
0.6470588235294118,0.6470588235294118,0.20392156862745098,33.00032363834886,190663
0.6666666666666666,0.6509803921568628,0.20784313725490197,110.00107879449618,192541
0.6509803921568628,0.6666666666666666,0.20784313725490197,10.000098072226926,191611
0.6862745098039216,0.6666666666666666,0.2196078431372549,22.000215758899238,193506
0.6862745098039216,0.6588235294117647,0.24705882352941178,2.0000196144453852,433572
0.6313725490196078,0.6666666666666666,0.23921568627450981,2.0000196144453852,227585
0.6588235294117647,0.6784313725490196,0.23529411764705882,2.0000196144453852,191617
0.2784313725490196,0.03137254901960784,0.01568627450980392,5.000049036113463,546413
0.2784313725490196,0.050980392156862744,0.027450980392156862,13.000127493895004,537861
0.30980392156862746,0.043137254901960784,0.027450980392156862,132.00129455339544,543571
0.2627450980392157,0.0392156862745098,0.043137254901960784,5.000049036113463,548315
0.30196078431372547,0.0392156862745098,0.054901960784313725,26.000254987790008,546421
0.6313725490196078,0.4235294117647059,0.5294117647058824,5.000049036113463,291223
0.6549019607843137,0.4470588235294118,0.5686274509803921,5.000049036113463,298811
0.7137254901960784,0.47843137254901963,0.5333333333333333,4.0000392288907705,296912
0.6313725490196078,0.4196078431372549,0.5764705882352941,15.00014710834039,330139
0.7490196078431373,0.38823529411764707,0.6039215686274509,5.000049036113463,364307
0.6823529411764706,0.4666666666666667,0.6196078431372549,7.000068650558848,516011
0.7098039215686275,0.49411764705882355,0.615686274509804,3.000029421668078,261864
