x0,x1,x2,x3,x4,x5,weight,source_index
0.482,0.46,0.577,0.357,0.0,0.434,2.0002631925253325,15391
0.619,0.45,0.515,0.433,0.0,0.41,25.003289906566657,57520
0.259,0.972,0.727,0.0506,1.78e-05,0.153,45.00592183181998,38584
0.869,0.802,0.504,0.0978,0.0,0.346,56.00736939070931,87152
0.423,0.486,0.518,0.739,0.0,0.194,15.001973943939994,98540
0.904,0.379,0.536,0.125,0.891,0.354,1.0001315962626662,24254
0.252,0.991,0.541,7.8e-06,0.849,0.111,5.000657981313331,17877
0.54,0.983,0.578,0.0487,0.922,0.0695,4.000526385050665,46059
0.659,0.353,0.723,0.984,0.807,0.438,5.000657981313331,94101
0.558,0.965,0.531,0.763,0.836,0.16,1.0001315962626662,59644
0.5,0.481,0.506,0.211,0.0,0.516,2.0002631925253325,111105
0.675,0.416,0.835,0.0607,0.0,0.643,36.00473746545598,60079
0.443,0.801,0.529,0.311,0.0,0.611,5.000657981313331,60949
0.66,0.721,0.505,0.221,0.0,0.61,50.006579813133314,81985
0.457,0.436,0.872,0.833,0.0,0.724,6.000789577575997,26808
0.456,0.881,0.939,0.825,0.0,0.548,45.00592183181998,18790
0.475,0.383,0.0375,0.362,0.749,0.524,13.001710751414661,8616
0.411,0.0173,0.763,7.41e-05,0.913,0.631,1.0001315962626662,113520
0.401,0.448,0.552,0.918,0.759,0.695,1.0001315962626662,16124
0.557,0.000544,0.508,0.996,0.937,0.603,2.0002631925253325,79886
0.65,0.697,0.272,0.13,0.0,0.551,259.03408343203057,65499
0.76,0.658,0.275,0.162,0.0,0.565,241.03171469930257,67347
0.595,0.81,0.324,0.0425,0.0,0.606,260.0342150282932,111641
0.953,0.921,0.334,0.0275,4.45e-06,0.704,85.01118568232663,24578
0.755,0.918,0.0397,0.356,2.23e-06,0.634,195.02566127121992,924
0.677,0.652,0.29,0.343,0.000176,0.539,187.0246085011186,36525
0.804,0.609,0.268,0.375,1.74e-06,0.652,94.01237004869063,51360
0.568,0.766,0.355,0.296,0.0,0.575,86.0113172785893,60881
0.755,0.844,0.326,0.328,8.8e-06,0.745,35.00460586919332,81638
0.681,0.668,0.0998,0.00135,0.471,0.591,76.01000131596264,46984
0.755,0.739,0.0503,0.211,0.348,0.695,55.007237794446645,13946
0.626,0.928,0.0593,0.0108,0.405,0.542,179.02355573101727,49642
0.772,0.82,0.05,8.95e-05,0.34,0.552,40.00526385050665,13343
0.566,0.632,0.287,0.0633,0.495,0.667,1.0001315962626662,111794
0.832,0.67,0.301,0.0276,0.419,0.591,6.000789577575997,17266
0.539,0.851,0.269,0.0222,0.349,0.565,2.0002631925253325,109164
0.826,0.816,0.256,0.182,0.379,0.566,1.0001315962626662,111389
0.617,0.555,0.0328,0.332,0.255,0.691,19.00250032899066,112414
0.826,0.629,0.0486,0.357,0.38,0.54,4.000526385050665,1836
0.636,0.826,0.0585,0.461,0.271,0.731,9.001184366363995,1886
0.834,0.788,0.213,0.359,0.27,0.705,2.0002631925253325,80665
0.754,0.719,0.371,0.373,0.259,0.674,2.0002631925253325,111402
0.705,0.73,0.346,0.159,0.000239,0.819,94.01237004869063,51783
0.808,0.587,0.261,0.207,0.000155,0.791,141.01855507303594,66900
0.612,0.85,0.5,0.0393,0.0,0.781,140.01842347677328,48357
0.763,0.782,0.399,0.0067,7.78e-06,0.893,94.01237004869063,60184
0.624,0.589,0.281,0.302,0.0,0.78,61.00802737202264,9407
0.904,0.673,0.322,0.307,0.0,0.909,53.00697460192131,66812
0.631,0.818,0.265,0.286,0.0,0.859,69.00908014212396,60680
0.905,0.847,0.441,0.258,1.05e-06,0.864,27.003553099091988,66959
0.675,0.713,0.0346,0.0965,0.43,0.929,51.006711409395976,23778
0.782,0.651,0.0601,0.0121,0.324,0.767,38.00500065798132,23073
0.629,0.851,0.0294,0.0309,0.303,0.961,125.01644953283328,25908
0.79,0.973,0.0331,0.00467,0.315,0.869,57.007500986971976,25758
0.647,0.839,0.416,0.0318,0.344,0.789,1.0001315962626662,48203
0.714,0.73,0.0372,0.352,0.372,0.884,12.001579155151994,24351
0.853,0.567,0.136,0.479,0.378,0.946,8.00105277010133,36838
0.633,0.79,0.102,0.42,0.473,0.867,7.000921173838663,1527
0.929,0.863,0.243,0.256,0.407,0.877,3.0003947887879985,17321
0.768,0.576,0.0755,0.00705,0.000442,0.248,218.02868798526123,55806
0.755,0.767,0.106,0.0176,0.0,0.232,71.0093433346493,68201
0.715,0.702,0.27,0.146,0.0,0.239,34.00447427293065,112856
0.885,0.641,0.351,0.175,0.0,0.201,19.00250032899066,33370
0.518,0.981,0.296,0.00115,9.77e-05,0.133,94.01237004869063,58213
0.94,0.984,0.322,0.0786,0.000323,0.0396,4.000526385050665,37598
0.752,0.699,0.0278,0.278,0.0115,0.242,67.00881694959864,23480
0.557,0.758,0.0414,0.324,3.34e-06,0.192,60.00789577575998,9129
0.753,0.844,0.137,0.361,6.44e-05,0.131,10.001315962626663,49994
0.743,0.74,0.402,0.363,0.0,0.191,15.001973943939994,94581
0.892,0.592,0.255,0.352,0.0,0.17,5.000657981313331,21479
0.719,0.992,0.366,0.28,0.0452,0.118,18.00236873272799,48967
0.826,0.893,0.27,0.472,0.000879,0.0367,1.0001315962626662,37957
0.637,0.643,0.0497,0.0152,0.477,0.153,92.01210685616529,110490
0.823,0.75,0.0643,0.0133,0.415,0.12,18.00236873272799,110963
0.521,0.895,0.0442,5.54e-05,0.349,0.237,237.0311883142519,58004
0.821,0.751,0.0806,0.0123,0.287,0.0286,13.001710751414661,109662
0.706,0.595,0.398,0.203,0.294,0.115,5.000657981313331,24489
0.766,0.521,0.337,0.00391,0.368,0.228,2.0002631925253325,17668
0.601,0.942,0.328,0.00282,0.427,0.224,6.000789577575997,28325
0.856,0.959,0.269,0.143,0.35,0.217,3.0003947887879985,23421
0.632,0.537,0.0261,0.299,0.419,0.0942,19.00250032899066,34404
0.756,0.6,0.0547,0.307,0.377,0.12,1.0001315962626662,36272
0.523,0.964,0.0566,0.487,0.475,0.107,11.001447558889328,54798
0.801,0.781,0.0419,0.32,0.35,0.0616,3.0003947887879985,23688
0.651,0.997,0.306,0.274,0.353,0.0602,3.0003947887879985,48678
0.505,0.711,0.334,0.0374,5.33e-06,0.463,162.02131859455193,49149
0.826,0.679,0.436,0.213,0.0,0.262,175.0230293459666,36044
0.667,0.865,0.396,0.00569,2.38e-06,0.489,201.02645084879592,13802
0.779,0.91,0.346,0.183,0.0,0.491,50.006579813133314,36594
0.796,0.572,0.0545,0.416,2.55e-05,0.304,224.02947756283723,81005
0.922,0.763,0.0974,0.261,0.0672,0.478,70.00921173838664,51172
0.637,0.583,0.258,0.258,8.19e-05,0.305,103.01355441505463,89111
0.764,0.648,0.271,0.372,0.0,0.353,63.00829056454797,112235
0.704,0.756,0.448,0.298,3.75e-06,0.461,77.0101329122253,67907
0.773,0.932,0.299,0.429,0.00159,0.446,18.00236873272799,9812
0.676,0.586,0.0343,0.166,0.273,0.338,108.01421239636795,110810
0.756,0.591,0.03,0.0276,0.391,0.481,54.007106198183976,23973
0.506,0.959,0.0966,0.000392,0.339,0.434,226.02974075536258,71767
0.804,0.954,0.0553,0.0585,0.348,0.385,31.004079484142654,13725
0.631,0.675,0.329,0.172,0.46,0.453,1.0001315962626662,29982
0.844,0.55,0.255,0.00329,0.451,0.322,1.0001315962626662,17550
0.511,0.96,0.291,0.144,0.325,0.44,18.00236873272799,49888
0.763,0.965,0.315,0.00197,0.455,0.366,4.000526385050665,27641
0.655,0.538,0.0378,0.299,0.393,0.329,24.003158310303988,94694
0.772,0.596,0.229,0.369,0.285,0.469,3.0003947887879985,105142
0.538,0.826,0.0297,0.458,0.293,0.441,3.0003947887879985,83779
0.781,0.842,0.151,0.479,0.353,0.302,6.000789577575997,58851
0.102,0.65,0.0738,0.000163,0.207,0.0605,110.01447558889329,6057
0.309,0.544,0.352,0.155,0.000265,0.16,11.001447558889328,31623
0.225,0.998,0.34,0.000171,0.0391,0.0945,45.00592183181998,72597
0.482,0.993,0.381,0.000812,6.35e-05,0.189,200.02631925253326,46829
0.226,0.599,0.0365,0.326,8.81e-06,0.0653,45.00592183181998,62216
0.228,0.992,0.0446,0.433,0.00056,1e-05,5.000657981313331,101665
0.422,0.872,0.109,0.273,0.00192,0.0556,56.00736939070931,28661
0.458,0.677,0.424,0.453,2.05e-06,0.0546,7.000921173838663,36722
0.107,0.936,0.274,0.327,0.0447,0.204,1.0001315962626662,59880
0.491,0.974,0.356,0.252,2.28e-05,0.0759,7.000921173838663,49367
0.214,0.707,0.0349,9.06e-05,0.436,0.105,12.001579155151994,42742
0.445,0.646,0.0674,0.0467,0.476,0.0958,73.00960652717464,17491
0.155,0.916,0.0623,8.08e-06,0.29,0.178,96.01263324121595,42744
0.262,0.957,0.102,0.0227,0.415,0.0405,231.0303987366759,22639
0.472,0.709,0.492,0.121,0.369,0.182,1.0001315962626662,17782
0.11,0.951,0.262,0.013,0.384,0.054,3.0003947887879985,6236
0.49,0.993,0.47,0.00365,0.304,0.0878,11.001447558889328,46806
0.226,0.628,0.0538,0.274,0.308,0.226,3.0003947887879985,98512
0.384,0.561,0.0296,0.373,0.253,0.159,9.001184366363995,44104
0.282,0.891,0.046,0.257,0.399,0.249,4.000526385050665,63792
0.377,0.564,0.257,0.37,0.494,0.241,1.0001315962626662,17679
0.202,0.629,0.0354,0.195,0.0,0.285,61.00802737202264,40064
0.401,0.597,0.454,0.0123,0.0463,0.413,32.00421108040532,42461
0.235,0.965,0.28,0.00887,0.0,0.322,7.000921173838663,72175
0.45,0.983,0.282,0.0186,0.0,0.314,132.01737070667195,63011
0.246,0.666,0.0487,0.375,0.204,0.319,12.001579155151994,6052
0.239,0.819,0.0393,0.304,0.0,0.439,5.000657981313331,47403
0.463,0.802,0.0821,0.439,0.0,0.498,152.02000263192528,77764
0.371,0.71,0.339,0.398,0.00395,0.288,13.001710751414661,42199
0.214,0.91,0.389,0.477,0.00833,0.448,4.000526385050665,8418
0.491,0.84,0.354,0.302,0.0,0.446,11.001447558889328,28821
0.241,0.62,0.086,0.092,0.346,0.457,9.001184366363995,26874
0.328,0.553,0.0267,0.156,0.412,0.322,43.00565863929465,71732
0.247,0.995,0.174,4.79e-06,0.363,0.425,25.003289906566657,42569
0.421,0.871,0.0351,0.00608,0.411,0.384,194.02552967495726,71284
0.245,0.978,0.265,0.000496,0.487,0.386,1.0001315962626662,48983
0.319,0.987,0.302,0.148,0.45,0.266,5.000657981313331,61435
0.496,0.555,0.028,0.379,0.279,0.341,8.00105277010133,41308
0.49,0.987,0.0672,0.314,0.256,0.29,4.000526385050665,41390
0.0923,0.0744,0.0479,0.651,0.000237,0.0823,28.003684695354654,39026
0.49,0.231,0.0265,0.607,0.0,0.0904,139.01829188051062,113605
0.0906,0.365,0.0332,0.706,3.08e-06,0.0493,69.00908014212396,76987
0.5,0.373,0.35,0.568,0.0,0.194,2.0002631925253325,94490
0.216,0.343,0.0327,0.854,1.99e-06,0.157,204.0268456375839,90839
0.297,0.158,0.483,0.872,0.0752,0.112,3.0003947887879985,75685
0.385,0.334,0.253,0.807,0.0,0.15,3.0003947887879985,76188
0.213,0.0402,0.0399,0.557,0.476,0.0359,12.001579155151994,98427
0.344,0.0258,0.0392,0.637,0.322,0.0355,15.001973943939994,16129
0.167,0.255,0.0706,0.575,0.399,0.0233,10.001315962626663,101419
0.494,0.406,0.0411,0.607,0.496,0.222,15.001973943939994,84455
0.22,0.043,0.0438,0.975,0.402,0.11,76.01000131596264,4162
0.373,0.14,0.0506,0.976,0.367,0.226,71.0093433346493,93356
0.13,0.286,0.0383,0.96,0.322,0.104,24.003158310303988,16332
0.374,0.304,0.0302,0.943,0.298,0.147,43.00565863929465,34958
0.222,0.000274,0.449,0.935,0.32,0.0,2.0002631925253325,101421
0.24,0.207,0.0475,0.681,0.0694,0.351,4.000526385050665,108393
0.464,0.239,0.0289,0.606,0.0,0.361,80.0105277010133,113695
0.165,0.436,0.0341,0.72,0.0,0.314,25.003289906566657,90547
0.494,0.473,0.457,0.676,2.51e-06,0.433,6.000789577575997,98274
0.216,0.228,0.0356,0.796,3.57e-05,0.343,26.003421502829323,76233
0.194,0.325,0.0339,0.755,0.0,0.271,44.00579023555731,76235
0.425,0.236,0.459,0.881,0.00015,0.254,4.000526385050665,98224
0.465,0.368,0.452,0.817,0.0,0.443,16.00210554020266,18884
0.452,0.242,0.0344,0.698,0.46,0.347,2.0002631925253325,79236
0.495,0.341,0.148,0.51,0.307,0.305,10.001315962626663,105729
0.143,0.219,0.0626,0.961,0.48,0.255,1.0001315962626662,75530
0.383,0.126,0.046,0.986,0.421,0.416,26.003421502829323,16808
0.244,0.468,0.0454,0.949,0.309,0.391,3.0003947887879985,76875
0.333,0.284,0.0459,0.988,0.301,0.39,29.00381629161732,93045
0.422,0.236,0.261,0.939,0.337,0.313,1.0001315962626662,94808
0.767,0.639,0.0893,0.689,6.02e-05,0.534,197.02592446374524,45037
0.807,0.803,0.126,0.6,0.0085,0.706,80.0105277010133,68175
0.622,0.514,0.456,0.669,0.0,0.678,81.01065929727596,98367
0.76,0.574,0.286,0.592,0.0,0.651,30.00394788787999,94078
0.584,0.793,0.294,0.513,0.00159,0.731,40.00526385050665,98971
0.771,0.959,0.257,0.639,0.0,0.633,10.001315962626663,5873
0.552,0.538,0.0249,0.8,5.69e-05,0.708,273.0359257797079,34286
0.794,0.571,0.0521,0.836,0.0174,0.632,24.003158310303988,15745
0.686,0.774,0.0386,0.779,0.0,0.551,41.00539544676931,97243
0.829,0.885,0.093,0.803,9.87e-06,0.568,8.00105277010133,77712
0.734,0.596,0.28,0.766,0.0888,0.597,6.000789577575997,105387
0.939,0.712,0.417,0.752,0.0,0.627,7.000921173838663,37659
0.747,0.758,0.295,0.756,0.0,0.656,3.0003947887879985,104427
0.776,0.759,0.328,0.821,0.0,0.631,3.0003947887879985,21489
0.611,0.511,0.0498,0.511,0.413,0.652,15.001973943939994,12018
0.926,0.539,0.122,0.611,0.429,0.636,3.0003947887879985,105725
0.649,0.76,0.0298,0.577,0.332,0.654,3.0003947887879985,11917
0.613,0.572,0.0288,0.761,0.344,0.703,5.000657981313331,57584
0.504,0.78,0.0352,0.763,0.336,0.586,4.000526385050665,74214
0.783,0.828,0.0416,0.549,0.0,0.92,175.0230293459666,95582
0.681,0.536,0.429,0.721,0.0,0.771,48.006316620607976,60729
0.806,0.62,0.482,0.508,3.34e-06,0.913,20.002631925253326,111563
0.721,0.893,0.386,0.655,0.0,0.815,25.003289906566657,66643
0.807,0.807,0.336,0.592,0.0,0.832,28.003684695354654,37536
0.858,0.605,0.064,0.765,1.42e-05,0.82,55.007237794446645,97263
0.647,0.876,0.185,0.881,3.59e-05,0.949,222.0292143703119,87034
0.754,0.755,0.0326,0.751,0.0,0.864,13.001710751414661,77230
0.735,0.524,0.271,0.815,0.0218,0.895,16.00210554020266,108453
0.959,0.7,0.252,0.814,0.0,0.922,4.000526385050665,37835
0.586,0.78,0.295,0.766,0.0379,0.925,4.000526385050665,95858
0.523,0.511,0.138,0.572,0.454,0.778,13.001710751414661,92483
0.832,0.724,0.05,0.704,0.384,0.954,2.0002631925253325,1946
0.599,0.757,0.0401,0.522,0.462,0.961,5.000657981313331,92946
0.795,0.857,0.0492,0.526,0.457,0.845,1.0001315962626662,1794
0.651,0.549,0.0432,0.813,0.262,0.888,10.001315962626663,90678
0.825,0.631,0.0383,0.819,0.432,0.892,1.0001315962626662,8247
0.566,0.124,0.0431,0.709,0.0104,0.11,70.00921173838664,58068
0.79,0.167,0.0363,0.506,0.00222,0.225,15.001973943939994,12678
0.777,0.463,0.224,0.596,0.0,0.17,26.003421502829323,104256
0.583,0.151,0.475,0.538,0.0,0.222,2.0002631925253325,98643
0.533,0.486,0.291,0.519,7.85e-05,0.247,5.000657981313331,98271
0.847,0.398,0.38,0.618,0.0374,0.137,16.00210554020266,13902
0.777,0.215,0.0535,0.89,0.00773,0.221,16.00210554020266,56364
0.849,0.285,0.041,0.822,2.9e-06,0.156,10.001315962626663,15259
0.597,0.219,0.269,0.926,0.00945,0.14,6.000789577575997,59287
0.746,0.251,0.259,0.782,0.00203,0.18,3.0003947887879985,33007
0.764,0.296,0.269,0.923,0.00141,0.231,1.0001315962626662,94138
0.597,0.232,0.0443,0.727,0.317,0.242,5.000657981313331,84921
0.7,0.422,0.0356,0.523,0.424,0.193,14.001842347677327,23217
0.826,0.303,0.0603,0.591,0.496,0.035,4.000526385050665,32515
0.692,0.305,0.416,0.688,0.325,0.123,1.0001315962626662,105651
0.527,0.21,0.033,0.861,0.394,0.0457,21.00276352151599,93254
0.814,0.213,0.0477,0.802,0.379,0.174,2.0002631925253325,105145
0.52,0.304,0.0284,0.816,0.366,0.0392,27.003553099091988,38753
0.786,0.37,0.0695,0.768,0.373,0.18,3.0003947887879985,94118
0.504,0.245,0.0331,0.706,0.0,0.266,98.01289643374129,63230
0.814,0.229,0.0737,0.573,0.158,0.287,17.002237136465325,99401
0.95,0.412,0.0892,0.576,0.0,0.496,102.01342281879195,14421
0.621,0.196,0.271,0.679,0.000649,0.397,4.000526385050665,94501
0.805,0.241,0.37,0.514,1.2e-05,0.387,3.0003947887879985,94964
0.693,0.385,0.304,0.621,4.27e-05,0.453,35.00460586919332,104157
0.919,0.362,0.368,0.576,0.0,0.416,17.002237136465325,18053
0.758,0.206,0.112,0.922,0.00518,0.389,54.007106198183976,94258
0.93,0.319,0.0553,0.802,0.0,0.467,78.01026450848796,14112
0.501,0.131,0.301,0.994,0.000162,0.319,21.00276352151599,93876
0.756,0.211,0.409,0.784,8.65e-06,0.307,1.0001315962626662,14800
0.56,0.436,0.491,0.918,0.0,0.402,42.00552704303198,99735
0.916,0.394,0.292,0.854,0.0,0.291,7.000921173838663,94817
0.685,0.0218,0.0379,0.637,0.441,0.251,7.000921173838663,26862
0.773,0.237,0.0319,0.724,0.478,0.436,1.0001315962626662,11981
0.633,0.443,0.0278,0.703,0.484,0.364,21.00276352151599,75212
0.769,0.374,0.0912,0.59,0.258,0.282,2.0002631925253325,73331
0.524,0.274,0.295,0.502,0.257,0.342,1.0001315962626662,15965
0.513,0.171,0.0422,0.775,0.458,0.321,20.002631925253326,8764
0.771,0.0995,0.104,0.896,0.355,0.397,4.000526385050665,94080
0.703,0.327,0.0359,0.867,0.314,0.274,34.00447427293065,99101
0.813,0.266,0.042,0.862,0.47,0.434,1.0001315962626662,94158
0.724,0.24,0.275,0.822,0.415,0.461,1.0001315962626662,105764
0.193,0.625,0.0366,0.0555,0.0,0.646,9.001184366363995,63455
0.196,0.933,0.0676,0.00076,0.000123,0.722,111.01460718515595,44920
0.437,0.592,0.299,0.181,6.45e-06,0.632,19.00250032899066,21039
0.192,0.99,0.307,2.08e-05,0.105,0.565,1.0001315962626662,42161
0.364,0.97,0.377,0.217,0.0,0.612,100.01315962626663,97729
0.221,0.662,0.0519,0.252,0.00016,0.539,1.0001315962626662,38368
0.426,0.563,0.0377,0.345,0.0,0.668,238.03131991051455,97027
0.378,0.815,0.0461,0.346,1.3e-06,0.666,185.02434530859324,90149
0.293,0.697,0.458,0.404,0.0,0.568,13.001710751414661,98270
0.25,0.96,0.263,0.347,0.0,0.668,1.0001315962626662,100729
0.477,0.82,0.362,0.417,0.0,0.548,28.003684695354654,60057
0.353,0.579,0.039,0.0704,0.36,0.713,10.001315962626663,12960
0.215,0.945,0.0798,0.000639,0.453,0.603,6.000789577575997,47229
0.337,0.887,0.0376,1.62e-05,0.354,0.66,83.0109224898013,82234
0.2,0.965,0.257,2.63e-06,0.373,0.582,1.0001315962626662,82533
0.39,0.582,0.0427,0.466,0.356,0.561,5.000657981313331,8755
0.441,0.762,0.155,0.276,0.311,0.585,4.000526385050665,82580
0.24,0.615,0.0677,0.171,0.0125,0.768,8.00105277010133,84303
0.45,0.64,0.0942,0.0441,5.25e-06,0.811,149.01960784313727,95921
0.233,0.818,0.0375,0.215,0.0689,0.76,13.001710751414661,82255
0.484,0.739,0.405,0.172,0.0,0.793,1.0001315962626662,21699
0.435,0.837,0.449,0.00676,0.0,0.778,13.001710751414661,30704
0.452,0.703,0.195,0.484,9.32e-06,0.813,97.01276483747863,56045
0.222,0.954,0.0617,0.338,0.0,0.831,3.0003947887879985,38346
0.476,0.818,0.241,0.46,2.03e-06,0.868,111.01460718515595,96642
0.432,0.704,0.391,0.326,0.0,0.831,1.0001315962626662,21264
0.418,0.872,0.397,0.294,0.0,0.795,5.000657981313331,106970
0.404,0.685,0.0288,0.157,0.35,0.909,1.0001315962626662,7199
0.208,0.812,0.0403,0.00263,0.348,0.76,1.0001315962626662,41976
0.484,0.906,0.0274,0.0738,0.492,0.844,21.00276352151599,38610
0.426,0.732,0.0325,0.432,0.292,0.805,4.000526385050665,107530
0.272,0.942,0.047,0.346,0.321,0.971,4.000526385050665,38441
0.651,0.744,0.0314,0.0167,0.621,0.0372,153.02013422818794,23573
0.844,0.52,0.0518,0.00139,0.747,0.197,50.006579813133314,73235
0.761,0.898,0.0415,0.00138,0.685,0.0896,37.00486906171865,73113
0.575,0.995,0.326,0.0022,0.59,0.0389,8.00105277010133,49213
0.787,0.945,0.421,0.0646,0.628,0.0589,2.0002631925253325,58265
0.656,0.589,0.0493,0.321,0.532,0.155,11.001447558889328,111108
0.768,0.613,0.133,0.399,0.524,0.218,5.000657981313331,25559
0.575,0.754,0.0342,0.293,0.634,0.105,10.001315962626663,83363
0.753,0.902,0.145,0.37,0.607,0.208,1.0001315962626662,59450
0.849,0.758,0.256,0.499,0.695,0.0684,1.0001315962626662,51607
0.803,0.686,0.0467,0.000513,0.839,0.146,192.0252664824319,73093
0.807,0.941,0.0431,0.0148,0.757,0.15,206.02710883010926,13739
0.743,0.557,0.261,0.162,0.926,0.154,2.0002631925253325,73927
0.761,0.605,0.255,0.0229,0.834,0.207,4.000526385050665,10039
0.543,0.794,0.297,0.00304,0.801,0.174,16.00210554020266,27655
0.916,0.8,0.262,0.0099,0.857,0.113,4.000526385050665,38658
0.521,0.679,0.0291,0.482,0.921,0.207,69.00908014212396,57348
0.795,0.567,0.0478,0.255,0.937,0.144,15.001973943939994,24878
0.593,0.871,0.0386,0.279,0.894,0.0719,20.002631925253326,25552
0.761,0.879,0.1,0.449,0.911,0.0358,3.0003947887879985,24315
0.646,0.922,0.315,0.45,0.967,0.191,1.0001315962626662,46930
0.562,0.579,0.0279,0.0242,0.624,0.487,128.01684432162128,75657
0.765,0.637,0.0503,8.39e-05,0.701,0.323,46.006053428082645,13992
0.802,0.798,0.048,6.54e-06,0.704,0.322,55.007237794446645,13794
0.649,0.699,0.428,0.000447,0.676,0.417,2.0002631925253325,37850
0.829,0.722,0.256,0.0243,0.741,0.429,2.0002631925253325,58650
0.565,0.981,0.281,0.00143,0.616,0.3,8.00105277010133,110355
0.783,0.886,0.331,0.0125,0.508,0.391,2.0002631925253325,110670
0.553,0.602,0.0375,0.377,0.712,0.28,16.00210554020266,111763
0.824,0.656,0.0704,0.388,0.506,0.418,7.000921173838663,56410
0.64,0.867,0.0577,0.323,0.614,0.414,8.00105277010133,111483
0.751,0.964,0.0478,0.266,0.62,0.417,1.0001315962626662,17131
0.664,0.753,0.344,0.348,0.694,0.312,1.0001315962626662,94103
0.701,0.725,0.0535,0.0614,0.773,0.38,260.0342150282932,73768
0.866,0.661,0.0571,0.000725,0.904,0.408,223.02934596657457,73854
0.775,0.818,0.103,0.00165,0.802,0.305,159.02092380576394,13429
0.979,0.517,0.303,0.000372,0.754,0.492,1.0001315962626662,13039
0.602,0.916,0.251,0.000197,0.842,0.464,11.001447558889328,17086
0.97,0.952,0.272,0.0323,0.926,0.251,2.0002631925253325,13254
0.595,0.603,0.0757,0.42,0.943,0.482,63.00829056454797,54732
0.819,0.599,0.039,0.347,0.824,0.489,15.001973943939994,4225
0.656,0.759,0.0926,0.313,0.849,0.313,22.002895117778657,23834
0.788,0.887,0.0548,0.449,0.896,0.405,8.00105277010133,24004
0.528,0.545,0.275,0.337,0.932,0.394,1.0001315962626662,105927
0.224,0.0651,0.0469,0.521,0.599,0.0936,23.003026714041322,98968
0.374,0.219,0.0343,0.564,0.56,0.0579,5.000657981313331,75768
0.236,0.499,0.0396,0.576,0.745,0.0757,12.001579155151994,4199
0.3,0.289,0.0557,0.688,0.683,0.0492,23.003026714041322,39604
0.153,0.0216,0.0417,0.938,0.513,0.164,128.01684432162128,76316
0.418,0.116,0.0331,0.966,0.648,0.0861,87.01144887485196,64676
0.212,0.321,0.0332,0.887,0.74,0.131,29.00381629161732,76533
0.49,0.409,0.0401,0.957,0.59,0.151,38.00500065798132,38308
0.371,0.231,0.314,0.937,0.665,0.0626,1.0001315962626662,59518
0.0846,0.16,0.0412,0.736,0.964,0.0371,89.01171206737729,54769
0.339,0.0639,0.0402,0.644,0.898,0.0313,25.003289906566657,54917
0.0661,0.28,0.0348,0.647,0.93,0.0389,69.00908014212396,59740
0.304,0.303,0.048,0.638,0.839,0.0398,62.00815896828531,11386
0.15,0.00242,0.395,0.703,0.982,0.0,4.000526385050665,101831
0.0982,0.255,0.0435,0.862,0.915,0.0376,205.02697723384657,59492
0.453,0.303,0.029,0.84,0.88,0.0597,185.02434530859324,59328
0.075,0.00344,0.273,0.871,0.995,1e-05,1.0001315962626662,101487
0.133,0.432,0.253,0.761,0.91,0.0842,1.0001315962626662,59048
0.475,0.395,0.265,0.872,0.86,0.202,3.0003947887879985,15863
0.447,0.00588,0.0469,0.612,0.736,0.305,2.0002631925253325,59746
0.162,0.31,0.0328,0.694,0.553,0.304,1.0001315962626662,93238
0.281,0.309,0.0373,0.545,0.618,0.309,10.001315962626663,84421
0.0801,0.000179,0.0779,0.927,0.667,0.372,1.0001315962626662,45771
0.493,0.0757,0.0313,0.895,0.563,0.298,40.00526385050665,26138
0.204,0.35,0.0322,0.961,0.544,0.467,1.0001315962626662,76548
0.458,0.315,0.0661,0.922,0.692,0.261,30.00394788787999,45972
0.159,0.0879,0.0429,0.701,0.888,0.434,2.0002631925253325,16482
0.448,0.0588,0.0328,0.625,0.952,0.418,8.00105277010133,64705
0.408,0.292,0.0718,0.737,0.919,0.476,22.002895117778657,59265
0.222,0.229,0.0391,0.966,0.844,0.276,76.01000131596264,76998
0.104,0.316,0.0642,0.838,0.798,0.307,20.002631925253326,4645
0.345,0.315,0.0467,0.96,0.929,0.286,92.01210685616529,79594
0.496,0.198,0.323,0.947,0.885,0.341,1.0001315962626662,105004
0.492,0.406,0.414,0.984,0.818,0.326,5.000657981313331,15746
0.674,0.0867,0.0305,0.702,0.0,0.592,58.00763258323464,14081
0.844,0.218,0.0371,0.615,0.0,0.697,18.00236873272799,66068
0.835,0.462,0.155,0.513,0.0,0.702,200.02631925253326,51800
0.613,0.229,0.353,0.683,0.0,0.578,4.000526385050665,8646
0.692,0.427,0.391,0.527,0.0,0.542,32.00421108040532,9003
0.844,0.389,0.261,0.529,0.0,0.524,21.00276352151599,36388
0.771,0.158,0.0621,0.895,0.0,0.504,53.00697460192131,64782
0.772,0.497,0.0452,0.764,5.16e-06,0.657,114.01500197394395,87697
0.548,0.156,0.257,0.992,8.7e-05,0.674,17.002237136465325,108712
0.806,0.067,0.292,0.9,0.0,0.643,3.0003947887879985,93033
0.623,0.37,0.273,0.794,0.0,0.607,37.00486906171865,60836
0.795,0.385,0.329,0.851,5.98e-05,0.55,13.001710751414661,15257
0.624,0.129,0.0399,0.575,0.292,0.682,1.0001315962626662,45888
0.606,0.304,0.22,0.739,0.265,0.744,10.001315962626663,14186
0.914,0.289,0.239,0.628,0.28,0.722,8.00105277010133,15188
0.892,0.396,0.298,0.651,0.435,0.54,2.0002631925253325,24116
0.545,0.217,0.0788,0.995,0.338,0.702,16.00210554020266,93372
0.759,0.17,0.05,0.936,0.264,0.536,3.0003947887879985,57712
0.66,0.473,0.0717,0.993,0.321,0.666,34.00447427293065,108833
0.812,0.432,0.0384,0.782,0.493,0.629,4.000526385050665,36357
0.719,0.194,0.043,0.749,1.07e-06,0.758,16.00210554020266,64688
0.917,0.248,0.0404,0.644,0.0,0.834,14.001842347677327,14120
0.881,0.453,0.0675,0.55,0.00594,0.974,175.0230293459666,14054
0.743,0.249,0.486,0.527,0.0,0.755,1.0001315962626662,14989
0.552,0.494,0.44,0.595,8.39e-05,0.817,13.001710751414661,86686
0.868,0.479,0.445,0.703,0.0,0.776,8.00105277010133,87455
0.747,0.226,0.0414,0.908,0.000168,0.778,55.007237794446645,90360
0.774,0.247,0.0779,0.786,0.0186,0.803,38.00500065798132,92694
0.761,0.486,0.0451,0.761,9.12e-05,0.828,111.01460718515595,52153
0.69,0.174,0.33,0.989,0.000122,0.774,2.0002631925253325,108408
0.868,0.195,0.459,0.87,1.59e-05,0.839,4.000526385050665,14485
0.605,0.408,0.495,0.955,0.0,0.798,14.001842347677327,16113
0.759,0.395,0.487,0.787,0.0,0.905,11.001447558889328,32454
0.934,0.212,0.237,0.749,0.316,0.925,1.0001315962626662,105546
0.615,0.436,0.0382,0.504,0.402,0.964,4.000526385050665,26838
0.78,0.277,0.0456,0.676,0.349,0.776,2.0002631925253325,108145
0.775,0.345,0.372,0.591,0.409,0.872,1.0001315962626662,15610
0.502,0.0769,0.0466,0.985,0.423,0.781,5.000657981313331,16772
0.665,0.305,0.0334,0.867,0.46,0.803,10.001315962626663,52383
0.777,0.423,0.0482,0.828,0.463,0.872,7.000921173838663,108322
0.653,0.376,0.373,0.964,0.291,0.905,2.0002631925253325,108523
0.221,0.664,0.0379,0.0039,0.657,0.101,45.00592183181998,71149
0.383,0.531,0.0475,0.000366,0.568,0.077,78.01026450848796,59868
0.237,0.956,0.0977,0.000247,0.548,0.2,124.01631793657062,42627
0.428,0.559,0.357,0.025,0.704,0.129,2.0002631925253325,59308
0.213,0.91,0.35,0.142,0.598,0.188,9.001184366363995,54973
0.328,0.962,0.313,0.00292,0.691,0.122,8.00105277010133,27992
0.387,0.588,0.0283,0.36,0.64,0.0385,7.000921173838663,54247
0.227,0.86,0.22,0.402,0.53,0.0394,4.000526385050665,54937
0.472,0.955,0.135,0.392,0.721,0.245,7.000921173838663,49220
0.203,0.742,0.0371,0.000762,0.865,0.163,76.01000131596264,29956
0.321,0.7,0.0394,0.0597,0.851,0.0349,151.0198710356626,54271
0.0704,0.623,0.3,0.144,0.872,0.0376,2.0002631925253325,59914
0.419,0.694,0.369,0.00969,0.879,0.154,1.0001315962626662,42883
0.189,0.995,0.262,8.25e-06,0.848,0.0385,17.002237136465325,42111
0.285,0.991,0.256,3.23e-06,0.829,0.182,20.002631925253326,22839
0.243,0.64,0.0407,0.38,0.934,0.158,11.001447558889328,5775
0.45,0.511,0.0276,0.353,0.766,0.115,27.003553099091988,4004
0.134,0.997,0.0642,0.328,0.999,1e-05,36.00473746545598,101727
0.403,0.788,0.0642,0.359,0.835,0.131,19.00250032899066,54759
0.167,0.744,0.363,0.358,0.92,0.128,1.0001315962626662,59856
0.313,0.837,0.263,0.479,0.781,0.0395,2.0002631925253325,42530
0.234,0.633,0.0301,0.000817,0.581,0.294,2.0002631925253325,44955
0.352,0.575,0.0445,0.00181,0.687,0.431,41.00539544676931,10609
0.2,0.981,0.0911,8.42e-06,0.593,0.298,41.00539544676931,42767
0.365,0.806,0.0849,0.0518,0.52,0.388,245.03224108435322,111180
0.493,0.521,0.375,0.219,0.71,0.273,2.0002631925253325,15450
0.235,0.978,0.316,0.006,0.583,0.303,3.0003947887879985,42793
0.374,0.885,0.311,0.000506,0.625,0.305,5.000657981313331,10457
0.207,0.733,0.0671,0.375,0.731,0.32,2.0002631925253325,6829
0.378,0.533,0.0279,0.479,0.508,0.285,13.001710751414661,4022
0.384,0.938,0.194,0.443,0.584,0.466,2.0002631925253325,82767
0.147,0.749,0.134,0.0419,0.817,0.282,14.001842347677327,59417
0.365,0.63,0.135,0.00605,0.824,0.474,66.00868535333598,42865
0.239,0.966,0.149,0.000931,0.895,0.366,89.01171206737729,42197
0.5,0.661,0.426,0.0405,0.847,0.28,1.0001315962626662,54643
0.0824,0.979,0.274,6.95e-06,0.809,0.263,2.0002631925253325,38948
0.259,0.994,0.455,0.0087,0.859,0.291,6.000789577575997,42013
0.225,0.689,0.0555,0.469,0.813,0.5,2.0002631925253325,47411
0.446,0.562,0.031,0.479,0.864,0.425,12.001579155151994,75264
0.416,0.762,0.0279,0.312,0.804,0.461,10.001315962626663,3501
0.439,0.79,0.258,0.498,0.812,0.263,1.0001315962626662,59966
0.59,0.229,0.0301,0.115,0.00168,0.168,11.001447558889328,2315
0.753,0.213,0.0476,0.158,0.0196,0.0994,2.0002631925253325,94286
0.933,0.361,0.174,0.0163,2.23e-05,0.208,73.00960652717464,66259
0.555,0.209,0.362,0.195,0.245,0.083,1.0001315962626662,58343
0.89,0.223,0.316,0.0131,0.024,0.235,1.0001315962626662,54353
0.513,0.419,0.349,0.000859,1.18e-05,0.211,22.002895117778657,55167
0.779,0.448,0.333,0.0497,0.0,0.167,14.001842347677327,94393
0.626,0.242,0.0269,0.43,1.09e-06,0.228,25.003289906566657,37434
0.78,0.24,0.0711,0.373,0.0141,0.171,1.0001315962626662,15284
0.754,0.37,0.12,0.403,6.22e-05,0.228,39.00513225424398,32054
0.698,0.183,0.299,0.462,0.000424,0.244,2.0002631925253325,94174
0.882,0.203,0.256,0.368,0.00191,0.239,2.0002631925253325,104461
0.747,0.387,0.471,0.347,0.0,0.234,18.00236873272799,94025
0.829,0.348,0.357,0.444,0.134,0.199,2.0002631925253325,105931
0.642,0.125,0.0544,0.114,0.484,0.169,2.0002631925253325,94532
0.622,0.259,0.198,0.102,0.364,0.25,31.004079484142654,94209
0.776,0.474,0.0418,0.0208,0.384,0.195,11.001447558889328,111556
0.947,0.193,0.482,0.0181,0.368,0.135,1.0001315962626662,32939
0.533,0.168,0.0472,0.422,0.39,0.074,2.0002631925253325,15241
0.717,0.289,0.0452,0.297,0.286,0.171,25.003289906566657,94829
0.832,0.316,0.126,0.342,0.32,0.0972,3.0003947887879985,5905
0.745,0.485,0.385,0.397,0.323,0.235,1.0001315962626662,110517
0.584,0.233,0.027,0.0814,0.0,0.356,5.000657981313331,99669
0.766,0.179,0.133,0.113,0.0,0.355,3.0003947887879985,103693
0.791,0.424,0.0348,0.0416,1.61e-06,0.331,150.01973943939993,55552
0.747,0.237,0.492,0.0583,0.0,0.477,1.0001315962626662,37479
0.723,0.497,0.335,0.054,3.81e-06,0.415,32.00421108040532,39823
0.931,0.387,0.412,0.088,0.0,0.375,43.00565863929465,33050
0.576,0.236,0.0375,0.281,0.0,0.415,24.003158310303988,99202
0.846,0.226,0.248,0.332,0.077,0.464,5.000657981313331,111886
0.802,0.483,0.223,0.411,0.0,0.364,114.01500197394395,21275
0.542,0.467,0.354,0.298,0.0,0.315,35.00460586919332,21592
0.831,0.419,0.44,0.359,0.00228,0.339,28.003684695354654,15701
0.741,0.215,0.0394,0.206,0.362,0.444,3.0003947887879985,94488
0.849,0.178,0.0619,0.236,0.459,0.317,1.0001315962626662,111166
0.599,0.485,0.0274,0.157,0.397,0.334,22.002895117778657,111909
0.853,0.403,0.0515,0.0801,0.424,0.377,15.001973943939994,73359
0.933,0.37,0.321,0.098,0.353,0.329,1.0001315962626662,17192
0.558,0.246,0.166,0.457,0.43,0.453,3.0003947887879985,105665
0.621,0.252,0.0331,0.435,0.467,0.336,13.001710751414661,38800
0.765,0.497,0.0402,0.492,0.366,0.457,3.0003947887879985,74000
0.892,0.312,0.426,0.368,0.439,0.445,1.0001315962626662,32791
0.715,0.194,0.0376,3.45e-05,0.000397,0.557,2.0002631925253325,24054
0.813,0.169,0.0534,0.17,0.00299,0.598,2.0002631925253325,14227
0.834,0.383,0.156,0.191,0.000407,0.569,280.03684695354656,15520
0.913,0.18,0.416,0.00187,6.24e-06,0.703,2.0002631925253325,13161
0.718,0.489,0.413,0.0287,9.39e-06,0.582,16.00210554020266,51785
0.858,0.458,0.466,0.112,0.0277,0.641,60.00789577575998,66575
0.613,0.23,0.0279,0.356,0.0,0.672,12.001579155151994,25964
0.873,0.238,0.138,0.327,0.0,0.741,6.000789577575997,15163
0.838,0.494,0.0413,0.495,0.000701,0.729,176.02316094222925,80937
0.815,0.247,0.317,0.466,0.000133,0.527,4.000526385050665,73843
0.701,0.425,0.375,0.328,0.13,0.562,30.00394788787999,81533
0.826,0.313,0.297,0.262,2.77e-06,0.695,32.00421108040532,66480
0.729,0.486,0.0728,8.93e-05,0.266,0.642,13.001710751414661,32666
0.795,0.461,0.0406,0.0806,0.37,0.563,16.00210554020266,25628
0.734,0.4,0.269,0.00852,0.497,0.553,2.0002631925253325,21940
0.625,0.494,0.0393,0.374,0.308,0.596,10.001315962626663,11460
0.912,0.416,0.159,0.409,0.256,0.643,4.000526385050665,37058
0.954,0.177,0.411,0.486,0.421,0.529,1.0001315962626662,94200
0.67,0.453,0.295,0.252,0.33,0.68,1.0001315962626662,31608
0.519,0.247,0.0355,0.157,0.0,0.783,1.0001315962626662,90776
0.807,0.204,0.0602,0.13,5.45e-05,0.782,1.0001315962626662,111564
0.542,0.401,0.029,0.0493,0.00254,0.764,133.01750230293462,34338
0.88,0.396,0.0935,0.162,1.28e-06,0.857,212.02789840768523,66829
0.913,0.241,0.467,0.208,0.0,0.808,1.0001315962626662,66664
0.699,0.491,0.288,0.0208,0.0,0.865,22.002895117778657,21778
0.866,0.494,0.348,0.147,0.0,0.842,40.00526385050665,33856
0.562,0.144,0.0803,0.455,0.0,0.869,3.0003947887879985,14465
0.797,0.126,0.0456,0.411,0.0,0.759,2.0002631925253325,74773
0.728,0.355,0.0557,0.417,4.19e-06,0.785,233.03066192920124,41061
0.952,0.322,0.0462,0.38,0.0213,0.983,126.01658112909594,14072
0.663,0.48,0.266,0.499,0.0,0.832,8.00105277010133,55784
0.942,0.441,0.469,0.493,0.0,0.925,12.001579155151994,15324
0.675,0.452,0.0392,0.0149,0.284,0.971,10.001315962626663,107823
0.816,0.46,0.034,0.0488,0.261,0.963,8.00105277010133,3953
0.701,0.495,0.442,0.00787,0.29,0.81,1.0001315962626662,105289
0.736,0.379,0.0539,0.301,0.345,0.948,1.0001315962626662,8661
0.844,0.422,0.0398,0.424,0.27,0.786,4.000526385050665,69685
0.723,0.695,0.0425,0.0512,0.638,0.583,79.01039610475063,54286
0.814,0.622,0.0492,0.000132,0.72,0.726,58.00763258323464,43050
0.604,0.982,0.0565,0.00802,0.677,0.618,177.02329253849192,46816
0.887,0.823,0.0462,0.0237,0.731,0.641,57.007500986971976,32526
0.836,0.608,0.269,0.217,0.574,0.605,2.0002631925253325,105361
0.51,0.93,0.343,0.0158,0.704,0.538,1.0001315962626662,29898
0.849,0.878,0.33,0.0799,0.567,0.564,4.000526385050665,28411
0.688,0.639,0.0425,0.47,0.655,0.602,24.003158310303988,64456
0.757,0.722,0.059,0.252,0.576,0.524,8.00105277010133,13474
0.731,0.94,0.0501,0.472,0.674,0.672,9.001184366363995,17200
0.783,0.632,0.27,0.354,0.526,0.579,1.0001315962626662,17914
0.708,0.507,0.145,0.0157,0.865,0.74,166.0218449796026,111511
0.785,0.595,0.162,0.0777,0.863,0.727,141.01855507303594,111632
0.804,0.76,0.0588,0.0284,0.903,0.534,156.02052901697593,43522
0.645,0.715,0.271,0.144,0.862,0.508,4.000526385050665,54800
0.796,0.65,0.348,0.0556,0.824,0.508,4.000526385050665,54493
0.683,0.83,0.251,0.0175,0.843,0.576,1.0001315962626662,111588
0.833,0.942,0.379,0.00347,0.76,0.557,1.0001315962626662,60298
0.658,0.634,0.0328,0.445,0.957,0.61,40.00526385050665,26493
0.79,0.587,0.0617,0.354,0.769,0.571,13.001710751414661,104457
0.722,0.793,0.0653,0.313,0.867,0.719,15.001973943939994,105342
0.813,0.828,0.0488,0.261,0.896,0.571,6.000789577575997,54994
0.775,0.572,0.294,0.452,0.854,0.661,1.0001315962626662,54469
0.756,0.824,0.327,0.384,0.874,0.581,1.0001315962626662,15490
0.634,0.638,0.0274,0.23,0.613,0.962,38.00500065798132,84348
0.856,0.69,0.0365,0.248,0.531,0.927,23.003026714041322,111777
0.745,0.82,0.0449,0.0177,0.607,0.962,129.01697591788394,1671
0.787,0.829,0.0851,0.021,0.693,0.864,65.0085537570733,32817
0.848,0.595,0.284,0.000599,0.741,0.916,1.0001315962626662,13097
0.687,0.506,0.0407,0.315,0.692,0.783,8.00105277010133,25437
0.753,0.632,0.0381,0.251,0.64,0.959,5.000657981313331,25603
0.503,0.901,0.0429,0.413,0.692,0.806,13.001710751414661,59755
0.591,0.748,0.0292,0.0679,0.837,0.961,80.0105277010133,28846
0.782,0.72,0.0522,0.152,0.886,0.914,76.01000131596264,43815
0.606,0.913,0.0417,0.0154,0.905,0.817,203.02671404132124,107978
0.956,0.861,0.206,0.104,0.897,0.872,123.01618634030795,43856
0.735,0.524,0.288,0.00436,0.825,0.803,1.0001315962626662,13707
0.892,0.685,0.267,0.0411,0.928,0.76,1.0001315962626662,13859
0.707,0.889,0.258,0.017,0.911,0.932,1.0001315962626662,10861
0.972,0.868,0.33,0.00502,0.884,0.933,2.0002631925253325,24716
0.533,0.665,0.0352,0.323,0.779,0.912,20.002631925253326,7232
0.877,0.704,0.0694,0.437,0.85,0.95,8.00105277010133,54982
0.552,0.894,0.0292,0.328,0.938,0.968,21.00276352151599,11489
0.793,0.839,0.0565,0.427,0.908,0.95,8.00105277010133,24252
0.0,0.0038,0.0,5.52e-05,0.144,0.0,31.004079484142654,101619
0.356,0.193,0.0311,0.14,2.6e-05,0.14,24.003158310303988,870
0.239,0.419,0.0314,0.188,0.188,0.0379,55.007237794446645,5915
0.0622,0.293,0.256,0.00307,0.0,0.014,1.0001315962626662,101678
0.383,0.481,0.258,0.0175,0.0,0.117,2.0002631925253325,69827
0.17,0.24,0.0334,0.429,0.0739,0.0646,13.001710751414661,75195
0.411,0.2,0.0262,0.3,0.00926,0.184,34.00447427293065,26949
0.234,0.45,0.0311,0.366,0.0,0.178,41.00539544676931,113181
0.359,0.143,0.439,0.393,0.0379,0.0366,1.0001315962626662,59711
0.467,0.447,0.319,0.431,9.91e-06,0.214,2.0002631925253325,104804
0.0,2.02e-05,0.0,0.236,0.307,0.0,10.001315962626663,101392
0.348,0.21,0.033,0.018,0.48,0.218,4.000526385050665,38965
0.235,0.386,0.0435,0.0736,0.448,0.0386,3.0003947887879985,39319
0.447,0.343,0.0311,0.0419,0.329,0.0777,27.003553099091988,71665
0.183,0.0112,0.33,1.14e-06,0.462,0.00142,4.000526385050665,101798
0.0,0.00066,0.0,0.331,0.289,0.0,3.0003947887879985,101416
0.365,0.204,0.0314,0.352,0.424,0.201,6.000789577575997,84854
0.228,0.412,0.0353,0.349,0.499,0.079,7.000921173838663,76915
0.466,0.279,0.0263,0.38,0.48,0.0588,14.001842347677327,8653
0.369,0.223,0.0348,0.114,0.0,0.34,11.001447558889328,2960
0.215,0.459,0.0544,0.00861,0.00934,0.443,10.001315962626663,25413
0.438,0.406,0.0698,0.226,0.0157,0.297,276.03632056849585,12868
0.403,0.134,0.0353,0.469,0.0,0.258,33.00434267666799,37904
0.189,0.39,0.0353,0.257,0.000152,0.32,12.001579155151994,11121
0.484,0.457,0.0348,0.446,0.00252,0.406,279.03671535728387,12137
0.444,7.06e-05,0.383,0.288,0.000131,0.288,2.0002631925253325,74581
0.498,0.498,0.424,0.42,0.0,0.367,4.000526385050665,37882
0.426,0.413,0.0248,0.0412,0.381,0.349,12.001579155151994,56627
0.23,0.429,0.0278,0.417,0.49,0.324,1.0001315962626662,84509
0.439,0.475,0.0361,0.449,0.253,0.428,4.000526385050665,1251
0.509,0.666,0.0411,0.625,0.0,0.125,212.02789840768523,9823
0.838,0.536,0.0478,0.555,0.000376,0.107,17.002237136465325,102450
0.65,0.829,0.0466,0.618,0.000382,0.223,10.001315962626663,28755
0.77,0.84,0.107,0.515,0.00452,0.192,3.0003947887879985,81018
0.659,0.576,0.314,0.698,0.0,0.249,14.001842347677327,33933
0.765,0.556,0.272,0.55,2.13e-05,0.225,1.0001315962626662,104404
0.663,0.865,0.294,0.558,0.0,0.241,2.0002631925253325,39872
0.937,0.914,0.403,0.554,0.0,0.0678,1.0001315962626662,14709
0.558,0.642,0.086,0.753,3.34e-05,0.17,29.00381629161732,37459
0.817,0.551,0.133,0.865,0.000151,0.142,5.000657981313331,57650
0.627,0.519,0.289,0.798,0.00183,0.183,4.000526385050665,111412
0.799,0.668,0.357,0.838,7.49e-06,0.188,1.0001315962626662,106773
0.715,0.991,0.269,0.859,0.0944,0.0371,1.0001315962626662,36697
0.582,0.621,0.056,0.646,0.275,0.061,11.001447558889328,23662
0.681,0.935,0.0417,0.571,0.458,0.0584,2.0002631925253325,23162
0.517,0.528,0.0293,0.913,0.309,0.108,3.0003947887879985,79802
0.755,0.579,0.168,0.508,0.0,0.411,62.00815896828531,60408
0.699,0.785,0.0599,0.645,0.0,0.496,77.0101329122253,40969
0.8,0.756,0.0367,0.687,2.06e-06,0.456,10.001315962626663,36523
0.545,0.566,0.306,0.572,1.48e-06,0.305,79.01039610475063,94753
0.752,0.505,0.253,0.535,2.55e-06,0.419,22.002895117778657,81208
0.555,0.863,0.273,0.508,0.0,0.492,7.000921173838663,23710
0.758,0.985,0.425,0.647,0.0,0.49,3.0003947887879985,37548
0.511,0.664,0.0347,0.817,2.73e-06,0.452,189.02487169364392,77135
0.841,0.549,0.037,0.78,0.0148,0.287,10.001315962626663,103875
0.547,0.824,0.0337,0.769,0.0,0.291,6.000789577575997,61937
0.782,0.752,0.154,0.773,0.0,0.474,1.0001315962626662,60736
0.635,0.583,0.269,0.8,0.0,0.366,11.001447558889328,29550
0.797,0.616,0.375,0.762,0.000293,0.451,3.0003947887879985,68865
0.522,0.82,0.451,0.776,0.0,0.484,2.0002631925253325,18847
0.542,0.644,0.0296,0.584,0.362,0.425,10.001315962626663,11427
0.891,0.533,0.0653,0.547,0.282,0.363,3.0003947887879985,32453
0.505,0.87,0.165,0.512,0.346,0.445,2.0002631925253325,65392
0.75,0.559,0.423,0.683,0.42,0.449,1.0001315962626662,105937
0.561,0.55,0.037,0.77,0.476,0.446,3.0003947887879985,11560
0.727,0.0501,0.0543,0.676,0.629,0.218,9.001184366363995,94815
0.527,0.296,0.0286,0.579,0.675,0.0733,25.003289906566657,102761
0.758,0.459,0.124,0.593,0.631,0.169,1.0001315962626662,17950
0.651,0.467,0.323,0.631,0.69,0.0854,1.0001315962626662,105177
0.801,0.335,0.3,0.73,0.737,0.0388,2.0002631925253325,15880
0.602,0.0675,0.0645,0.983,0.677,0.137,31.004079484142654,14217
0.861,0.138,0.0687,0.77,0.704,0.234,1.0001315962626662,45184
0.512,0.367,0.0378,0.858,0.604,0.061,37.00486906171865,54387
0.795,0.361,0.178,0.924,0.726,0.196,2.0002631925253325,105973
0.613,0.428,0.337,0.775,0.577,0.219,2.0002631925253325,94552
0.524,0.238,0.0423,0.657,0.926,0.12,29.00381629161732,5383
0.781,0.211,0.0397,0.719,0.948,0.0601,7.000921173838663,105920
0.701,0.311,0.132,0.644,0.928,0.0624,101.01329122252929,94508
0.799,0.484,0.0409,0.564,0.93,0.136,25.003289906566657,36664
0.649,0.283,0.373,0.528,0.921,0.169,1.0001315962626662,32667
0.759,0.408,0.279,0.612,0.805,0.124,2.0002631925253325,105107
0.875,0.208,0.0412,0.918,0.889,0.189,21.00276352151599,45181
0.521,0.281,0.0312,0.817,0.924,0.199,145.01908145808662,5604
0.783,0.329,0.0356,0.891,0.953,0.0703,7.000921173838663,105149
0.645,0.114,0.356,0.967,0.831,0.191,1.0001315962626662,15373
0.627,0.316,0.314,0.962,0.91,0.124,4.000526385050665,15141
0.731,0.191,0.122,0.735,0.671,0.274,7.000921173838663,417
0.822,0.188,0.0672,0.714,0.541,0.374,1.0001315962626662,105494
0.673,0.376,0.0407,0.688,0.548,0.336,18.00236873272799,33503
0.864,0.351,0.209,0.639,0.656,0.459,3.0003947887879985,105757
0.727,0.227,0.285,0.637,0.59,0.383,1.0001315962626662,105752
0.74,0.42,0.314,0.52,0.673,0.372,1.0001315962626662,111869
0.679,0.188,0.144,0.928,0.737,0.284,37.00486906171865,94369
0.773,0.176,0.0764,0.891,0.641,0.371,1.0001315962626662,105901
0.633,0.399,0.0489,0.949,0.571,0.466,29.00381629161732,94651
0.856,0.329,0.099,0.851,0.63,0.448,3.0003947887879985,31216
0.861,0.0708,0.419,0.991,0.54,0.27,1.0001315962626662,26870
0.599,0.349,0.26,0.996,0.689,0.379,1.0001315962626662,108617
0.742,0.208,0.239,0.571,0.898,0.341,19.00250032899066,105463
0.768,0.127,0.0553,0.716,0.776,0.449,20.002631925253326,94562
0.54,0.373,0.0278,0.651,0.927,0.387,88.01158047111463,56557
0.797,0.263,0.106,0.576,0.786,0.379,18.00236873272799,105003
0.687,0.201,0.301,0.619,0.917,0.32,2.0002631925253325,64703
0.538,0.107,0.0429,0.987,0.82,0.415,273.0359257797079,16798
0.751,0.171,0.11,0.973,0.94,0.477,43.00565863929465,45856
0.681,0.36,0.159,0.926,0.95,0.417,147.01934465061194,105019
0.76,0.366,0.0479,0.837,0.907,0.317,22.002895117778657,5884
0.578,0.167,0.317,0.962,0.97,0.279,6.000789577575997,105336
0.757,0.193,0.398,0.793,0.847,0.441,1.0001315962626662,105222
0.518,0.298,0.472,0.837,0.867,0.434,4.000526385050665,105672
0.754,0.476,0.394,0.883,0.819,0.336,4.000526385050665,105068
0.543,0.838,0.0532,4.04e-05,0.000391,0.568,574.0755362547704,27609
0.671,0.782,0.0341,0.0142,0.00221,0.618,443.0582971443611,53703
0.551,0.913,0.0466,0.0263,1.35e-05,0.544,760.1000131596263,91610
0.638,0.931,0.0368,0.00131,0.0312,0.555,319.0419792077905,12748
0.522,0.845,0.149,0.083,0.0,0.582,29.00381629161732,44799
0.738,0.768,0.143,0.101,3.07e-05,0.592,75.00986971969996,60073
0.521,0.933,0.179,0.034,2.07e-05,0.607,103.01355441505463,60001
0.671,0.954,0.13,0.0244,0.0,0.556,60.00789577575998,68809
0.51,0.816,0.0352,0.13,8.66e-06,0.588,87.01144887485196,57145
0.654,0.798,0.045,0.188,0.0,0.576,150.01973943939993,37265
0.531,0.911,0.0472,0.156,0.0,0.559,73.00960652717464,61241
0.647,0.914,0.0676,0.199,0.00018,0.619,48.006316620607976,62780
0.602,0.785,0.232,0.143,0.0,0.582,17.002237136465325,89424
0.663,0.786,0.195,0.229,0.0,0.579,14.001842347677327,89724
0.516,0.947,0.209,0.14,0.0,0.597,10.001315962626663,100899
0.641,0.902,0.18,0.181,0.0,0.524,27.003553099091988,44655
0.536,0.771,0.0274,0.00556,0.127,0.547,13.001710751414661,106796
0.676,0.782,0.0344,0.0147,0.165,0.519,22.002895117778657,23420
0.567,0.931,0.0544,0.0119,0.159,0.623,30.00394788787999,47557
0.661,0.886,0.0393,0.0623,0.186,0.516,14.001842347677327,49793
0.549,0.954,0.152,0.00127,0.16,0.613,5.000657981313331,57459
0.713,0.929,0.133,0.00323,0.168,0.545,2.0002631925253325,46274
0.57,0.789,0.0403,0.25,0.143,0.564,3.0003947887879985,26407
0.644,0.823,0.0518,0.145,0.194,0.508,2.0002631925253325,1721
0.568,0.904,0.0979,0.133,0.152,0.595,1.0001315962626662,111685
0.514,0.772,0.029,0.00535,0.000116,0.64,579.0761942360838,38282
0.689,0.856,0.0813,0.0493,0.0,0.706,621.0817212791158,88364
0.532,0.945,0.0544,0.0379,0.00113,0.675,682.0897486511384,85811
0.686,0.915,0.0449,0.079,0.000275,0.743,379.0498749835505,68389
0.592,0.8,0.215,0.0561,2.01e-06,0.728,30.00394788787999,20758
0.748,0.841,0.177,0.00445,1.33e-06,0.717,120.01579155151995,110019
0.574,0.883,0.136,0.0606,0.0,0.692,94.01237004869063,74011
0.633,0.956,0.208,0.0814,2.05e-06,0.64,53.00697460192131,96951
0.625,0.859,0.0322,0.211,0.000103,0.731,148.0194762468746,52962
0.638,0.858,0.031,0.127,0.00105,0.743,198.0260560600079,107042
0.517,0.933,0.0678,0.222,2.51e-06,0.63,66.00868535333598,35018
0.635,0.924,0.0546,0.153,2.63e-05,0.666,87.01144887485196,67587
0.618,0.867,0.139,0.239,0.0,0.665,11.001447558889328,55240
0.709,0.871,0.175,0.134,0.0,0.667,35.00460586919332,53368
0.595,0.963,0.146,0.175,0.00896,0.725,11.001447558889328,10922
0.706,0.919,0.174,0.223,0.0,0.701,21.00276352151599,55185
0.603,0.849,0.0392,0.1,0.138,0.674,17.002237136465325,1191
0.658,0.848,0.0832,3.89e-05,0.148,0.656,11.001447558889328,58954
0.529,0.903,0.0483,3.31e-05,0.182,0.746,26.003421502829323,71019
0.666,0.938,0.0592,0.00148,0.174,0.635,15.001973943939994,49649
0.552,0.825,0.147,0.000196,0.214,0.727,1.0001315962626662,58694
0.501,0.911,0.154,0.0342,0.165,0.724,1.0001315962626662,1159
0.69,0.927,0.197,0.0255,0.16,0.628,1.0001315962626662,46730
0.621,0.787,0.0384,0.175,0.186,0.73,1.0001315962626662,17496
0.565,0.782,0.0305,0.0341,0.0,0.798,349.0459270956705,19176
0.744,0.78,0.0529,0.101,4.36e-06,0.762,521.0685616528491,23368
0.549,0.941,0.0903,0.0212,0.000384,0.77,529.0696144229504,61627
0.656,0.956,0.0536,0.0784,0.0247,0.831,441.0580339518358,109431
0.616,0.771,0.127,0.017,0.000235,0.765,17.002237136465325,106899
0.733,0.859,0.146,0.0431,0.0,0.845,70.00921173838664,68275
0.51,0.933,0.18,0.0185,0.0,0.789,33.00434267666799,1197
0.691,0.937,0.138,0.000921,0.0238,0.839,66.00868535333598,10769
0.581,0.836,0.0815,0.206,0.0,0.804,81.01065929727596,97277
0.674,0.86,0.0369,0.155,3.21e-06,0.771,261.0343466245559,20881
0.57,0.888,0.0496,0.243,2.8e-05,0.776,76.01000131596264,35948
0.639,0.888,0.106,0.233,0.0,0.859,112.01473878141861,104760
0.552,0.844,0.13,0.244,0.000438,0.822,8.00105277010133,65248
0.732,0.758,0.189,0.214,0.0,0.78,30.00394788787999,88592
0.625,0.94,0.142,0.138,0.0,0.783,6.000789577575997,62805
0.63,0.93,0.161,0.211,2.91e-06,0.754,13.001710751414661,97888
0.596,0.824,0.0361,0.0504,0.129,0.786,4.000526385050665,82254
0.655,0.782,0.0355,0.0336,0.228,0.812,9.001184366363995,107203
0.511,0.984,0.0468,0.000625,0.232,0.781,6.000789577575997,61683
0.665,0.95,0.0603,0.0347,0.191,0.767,11.001447558889328,10908
0.715,0.931,0.157,0.00857,0.132,0.805,1.0001315962626662,60362
0.581,0.959,0.037,0.143,0.186,0.765,1.0001315962626662,46307
0.644,0.919,0.0561,0.179,0.135,0.87,5.000657981313331,86094
0.536,0.831,0.0306,0.0374,0.0977,0.963,172.0226345571786,90144
0.722,0.857,0.0701,0.00363,0.0,0.925,372.04895380971186,25847
0.585,0.881,0.0517,0.0338,0.0,0.944,236.03105671798923,78166
0.744,0.885,0.105,0.0162,0.000543,0.881,424.05579681537046,67793
0.568,0.833,0.185,0.0406,0.0,0.963,9.001184366363995,80230
0.74,0.79,0.186,0.0247,0.0,0.914,13.001710751414661,100999
0.597,0.889,0.134,0.00469,0.000477,0.921,9.001184366363995,92684
0.653,0.949,0.147,0.0913,0.000285,0.901,17.002237136465325,32614
0.553,0.768,0.0413,0.179,0.0,0.926,50.006579813133314,88829
0.743,0.835,0.029,0.25,0.0,0.955,151.0198710356626,3605
0.559,0.972,0.0885,0.141,0.0,0.886,57.007500986971976,61988
0.632,0.933,0.0326,0.236,0.00151,0.968,100.01315962626663,11586
0.514,0.863,0.184,0.195,0.0,0.931,1.0001315962626662,14639
0.749,0.85,0.126,0.203,0.0,0.912,9.001184366363995,62423
0.599,0.913,0.195,0.232,0.0,0.968,3.0003947887879985,66941
0.699,0.94,0.223,0.231,0.0,0.921,10.001315962626663,88786
0.541,0.754,0.0835,0.0116,0.196,0.891,8.00105277010133,112024
0.731,0.79,0.0793,0.0429,0.186,0.879,7.000921173838663,103564
0.609,0.921,0.11,0.0395,0.165,0.962,7.000921173838663,46826
0.631,0.932,0.0354,0.0429,0.137,0.971,10.001315962626663,91196
0.652,0.84,0.0305,0.145,0.136,0.955,2.0002631925253325,1702
0.193,0.521,0.0865,0.508,0.209,0.0153,14.001842347677327,101346
0.432,0.557,0.0408,0.63,0.000565,0.249,199.0261876562706,87786
0.205,0.761,0.0703,0.583,0.217,0.0111,5.000657981313331,101973
0.489,0.752,0.0372,0.665,0.000669,0.179,40.00526385050665,56041
0.254,0.61,0.274,0.654,0.0215,0.0349,1.0001315962626662,59371
0.399,0.884,0.359,0.573,0.00383,0.231,1.0001315962626662,17741
0.247,0.553,0.0484,0.818,0.000422,0.14,8.00105277010133,93794
0.263,0.589,0.0507,0.807,0.00479,0.24,52.006843005658645,63698
0.123,0.77,0.0506,0.758,0.225,0.0197,1.0001315962626662,101579
0.251,0.794,0.054,0.791,1.84e-05,0.197,4.000526385050665,93856
0.476,0.549,0.395,0.81,0.000226,0.167,3.0003947887879985,94546
0.0565,0.995,0.352,0.867,0.000419,0.0101,1.0001315962626662,113940
0.483,0.8,0.266,0.858,0.0,0.2,1.0001315962626662,104306
0.16,0.517,0.0427,0.655,0.396,0.0492,1.0001315962626662,101389
0.353,0.526,0.0675,0.521,0.416,0.148,4.000526385050665,59493
0.237,0.912,0.0656,0.52,0.256,0.245,3.0003947887879985,59937
0.362,0.651,0.319,0.718,0.4,0.189,1.0001315962626662,54526
0.217,0.83,0.373,0.726,0.481,0.0349,1.0001315962626662,59658
0.0892,0.521,0.0736,0.876,0.468,1e-05,3.0003947887879985,101436
0.393,0.595,0.0405,0.79,0.297,0.165,1.0001315962626662,11860
0.218,0.806,0.0486,0.928,0.364,0.0144,3.0003947887879985,101236
0.279,0.999,0.0509,0.914,0.433,0.00159,1.0001315962626662,101844
0.249,0.66,0.0342,0.504,0.0026,0.435,14.001842347677327,84271
0.368,0.889,0.135,0.599,0.000226,0.284,46.006053428082645,95876
0.461,0.714,0.313,0.504,0.0171,0.454,15.001973943939994,8966
0.323,0.807,0.251,0.649,0.00568,0.366,6.000789577575997,56328
0.201,0.578,0.0476,0.789,0.000351,0.372,9.001184366363995,76564
0.48,0.544,0.067,0.871,0.000219,0.491,129.01697591788394,108540
0.377,0.763,0.0387,0.777,0.00125,0.302,8.00105277010133,87693
0.481,0.669,0.455,0.92,0.0219,0.351,10.001315962626663,34472
0.441,0.775,0.448,0.808,1.54e-06,0.394,3.0003947887879985,104636
0.476,0.574,0.177,0.737,0.271,0.49,6.000789577575997,111989
0.404,0.902,0.0665,0.577,0.297,0.497,15.001973943939994,19915
0.514,0.812,0.0388,0.000603,0.000531,0.36,460.06053428082646,27189
0.743,0.837,0.0649,0.0172,0.0,0.263,246.0323726806159,31071
0.508,0.88,0.0448,0.0621,9.43e-05,0.337,516.0679036715358,3965
0.649,0.877,0.0589,0.000633,0.0634,0.296,128.01684432162128,43712
0.559,0.85,0.131,0.00637,0.0,0.277,24.003158310303988,109873
0.717,0.846,0.173,0.0218,3.63e-05,0.368,27.003553099091988,107893
0.586,0.992,0.134,0.0128,0.0,0.375,133.01750230293462,78234
0.685,0.911,0.144,0.00552,0.0247,0.351,33.00434267666799,23076
0.608,0.845,0.0597,0.136,0.0,0.322,52.006843005658645,53421
0.735,0.801,0.0437,0.178,0.000408,0.331,32.00421108040532,103986
0.508,0.891,0.036,0.168,0.0669,0.285,19.00250032899066,58790
0.627,0.897,0.0504,0.246,0.0,0.257,15.001973943939994,32057
0.575,0.855,0.193,0.216,4.77e-05,0.333,4.000526385050665,36582
0.717,0.753,0.24,0.157,0.00858,0.257,9.001184366363995,21636
0.545,0.961,0.193,0.203,0.000239,0.34,8.00105277010133,49694
0.67,0.956,0.16,0.177,3.65e-05,0.337,3.0003947887879985,48602
0.593,0.857,0.046,0.000429,0.143,0.313,26.003421502829323,43159
0.709,0.825,0.0421,0.00827,0.128,0.251,18.00236873272799,73158
0.514,0.905,0.0504,0.0011,0.237,0.315,24.003158310303988,83415
0.712,0.923,0.0727,0.0124,0.168,0.263,13.001710751414661,39129
0.588,0.995,0.136,0.00179,0.153,0.307,5.000657981313331,22430
0.645,0.986,0.134,0.000151,0.244,0.32,3.0003947887879985,58243
0.547,0.765,0.0402,0.152,0.239,0.297,2.0002631925253325,69910
0.519,0.834,0.0339,0.00965,0.0,0.465,587.0772470061851,3876
0.742,0.804,0.103,0.0439,0.000473,0.49,361.0475062508225,89985
0.602,0.967,0.062,0.000167,6.23e-06,0.49,659.0867219370971,58907
0.657,0.944,0.0552,0.0025,0.0,0.442,195.02566127121992,78452
0.548,0.838,0.161,0.0761,0.000134,0.438,28.003684695354654,104511
0.668,0.873,0.215,0.0967,0.000275,0.455,33.00434267666799,33136
0.516,0.991,0.126,0.000467,4.66e-05,0.402,103.01355441505463,71032
0.655,0.923,0.216,0.0581,0.00259,0.45,37.00486906171865,30959
0.62,0.864,0.0449,0.176,0.0,0.467,73.00960652717464,83569
0.641,0.861,0.0697,0.227,0.0,0.473,89.01171206737729,99245
0.526,0.877,0.033,0.172,0.0108,0.436,40.00526385050665,57702
0.728,0.944,0.0588,0.213,3.25e-06,0.473,20.002631925253326,77981
0.557,0.794,0.2,0.179,0.0,0.432,21.00276352151599,51028
0.698,0.789,0.163,0.132,0.0091,0.492,3.0003947887879985,4670
0.571,0.924,0.197,0.179,4.07e-06,0.5,12.001579155151994,9560
0.721,0.993,0.193,0.15,0.0,0.44,9.001184366363995,78671
0.582,0.794,0.0377,0.000523,0.236,0.465,14.001842347677327,36395
0.7,0.802,0.037,0.0422,0.17,0.445,14.001842347677327,107718
0.559,0.879,0.0322,0.00302,0.17,0.38,36.00473746545598,38443
0.628,0.988,0.101,0.0779,0.169,0.396,18.00236873272799,36120
0.58,0.867,0.165,0.0152,0.182,0.482,1.0001315962626662,33357
0.684,0.832,0.138,0.000363,0.232,0.403,3.0003947887879985,55954
0.532,0.878,0.215,0.0102,0.201,0.385,5.000657981313331,109256
0.729,0.914,0.155,0.039,0.137,0.449,1.0001315962626662,110372
0.74,0.8,0.0265,0.164,0.135,0.376,1.0001315962626662,110455
0.515,0.936,0.0543,0.128,0.161,0.499,2.0002631925253325,49395
0.696,0.91,0.0375,0.203,0.183,0.403,4.000526385050665,23216
0.6,0.908,0.183,0.194,0.203,0.428,1.0001315962626662,46788
0.21,0.54,0.0304,0.519,0.0,0.503,1.0001315962626662,40757
0.452,0.858,0.083,0.545,5.81e-06,0.705,121.01592314778262,77516
0.446,0.651,0.312,0.642,0.000421,0.597,5.000657981313331,8982
0.456,0.873,0.494,0.692,0.00171,0.542,7.000921173838663,69595
0.191,0.536,0.046,0.969,0.00339,0.608,3.0003947887879985,55597
0.48,0.674,0.193,0.866,3.43e-05,0.635,161.02118699828927,108044
0.206,0.754,0.0638,0.962,5.63e-06,0.627,1.0001315962626662,93810
0.322,0.867,0.0412,0.755,6.26e-06,0.746,13.001710751414661,77877
0.414,0.713,0.297,0.772,0.0,0.674,9.001184366363995,18588
0.426,0.85,0.489,0.753,0.0,0.539,3.0003947887879985,18648
0.424,0.713,0.0346,0.721,0.418,0.714,1.0001315962626662,38775
0.383,0.763,0.0808,0.573,0.431,0.648,2.0002631925253325,112882
0.25,0.641,0.0516,0.844,0.266,0.676,1.0001315962626662,92609
0.41,0.653,0.0367,0.759,0.276,0.543,5.000657981313331,38627
0.216,0.663,0.0474,0.64,0.000842,0.891,3.0003947887879985,84243
0.446,0.621,0.037,0.721,0.0,0.867,147.01934465061194,994
0.488,0.775,0.0465,0.54,0.000387,0.811,86.0113172785893,7130
0.483,0.583,0.463,0.571,0.0,0.822,4.000526385050665,26549
0.485,0.92,0.277,0.664,0.000339,0.767,6.000789577575997,80598
0.428,0.594,0.0693,0.875,2.2e-05,0.786,62.00815896828531,8381
0.378,0.791,0.223,0.777,0.0,0.848,18.00236873272799,34007
0.245,0.617,0.0527,0.741,0.267,0.813,1.0001315962626662,12460
0.433,0.564,0.0405,0.713,0.275,0.855,2.0002631925253325,36865
0.46,0.533,0.065,0.843,0.353,0.845,1.0001315962626662,65942
0.418,0.236,0.0665,0.746,0.0164,0.527,10.001315962626663,98497
0.196,0.435,0.195,0.633,0.193,0.644,3.0003947887879985,45234
0.423,0.39,0.0292,0.591,0.0,0.7,237.0311883142519,90666
0.475,0.465,0.391,0.675,0.0,0.689,6.000789577575997,98593
0.212,0.194,0.0471,0.924,0.000507,0.524,2.0002631925253325,11486
0.384,0.0776,0.0565,0.936,0.0688,0.543,167.02197657586527,93857
0.476,0.46,0.279,0.903,0.0,0.562,5.000657981313331,98034
0.426,0.195,0.0377,0.617,0.26,0.524,3.0003947887879985,26472
0.44,0.144,0.0463,0.976,0.465,0.543,10.001315962626663,16821
0.235,0.342,0.0375,0.973,0.476,0.612,1.0001315962626662,16553
0.335,0.473,0.058,0.977,0.251,0.59,2.0002631925253325,16410
0.411,0.436,0.043,0.737,0.0,0.856,47.006185024345314,52631
0.494,0.18,0.0332,0.908,0.0,0.87,32.00421108040532,64392
0.4,0.464,0.0378,0.796,0.00458,0.751,38.00500065798132,52263
0.42,0.371,0.315,0.873,0.0,0.882,3.0003947887879985,90251
0.427,0.471,0.0426,0.647,0.384,0.925,2.0002631925253325,26194
0.493,0.481,0.0265,0.788,0.377,0.827,1.0001315962626662,7957
0.37,0.814,0.0391,0.0525,0.0,0.314,127.01671272535862,5539
0.477,0.791,0.0456,0.0085,0.0,0.35,359.04724305829717,71668
0.337,0.888,0.11,0.0176,7.65e-05,0.3,289.03803131991054,29630
0.472,0.989,0.0597,0.000655,4.87e-06,0.327,632.083168838005,43483
0.372,0.841,0.206,0.000654,2.36e-05,0.322,7.000921173838663,38409
0.49,0.753,0.238,0.081,2.85e-06,0.325,27.003553099091988,8250
0.315,0.955,0.194,1.42e-05,0.0648,0.316,181.0238189235426,42263
0.394,0.99,0.188,0.0365,0.0,0.269,154.0202658244506,63406
0.316,0.781,0.113,0.135,3.05e-05,0.293,13.001710751414661,44937
0.468,0.854,0.059,0.176,0.0,0.277,39.00513225424398,81762
0.283,0.946,0.0787,0.158,2.93e-05,0.279,4.000526385050665,58356
0.42,0.916,0.08,0.166,0.0977,0.287,6.000789577575997,87862
0.431,0.77,0.182,0.143,0.0,0.321,4.000526385050665,26773
0.252,0.946,0.152,0.18,0.0,0.344,4.000526385050665,38645
0.378,0.956,0.13,0.137,6.04e-06,0.286,6.000789577575997,79281
0.316,0.869,0.0642,0.000197,0.199,0.302,3.0003947887879985,47859
0.422,0.847,0.0565,0.0029,0.174,0.268,11.001447558889328,6104
0.373,0.897,0.0702,7.51e-06,0.151,0.369,22.002895117778657,63804
0.424,0.92,0.0512,0.000301,0.224,0.354,37.00486906171865,27917
0.289,0.967,0.162,8.28e-06,0.182,0.265,8.00105277010133,42784
0.451,0.971,0.147,0.000522,0.181,0.273,3.0003947887879985,44926
0.449,0.775,0.0405,0.162,0.149,0.313,2.0002631925253325,7000
0.322,0.842,0.0407,0.00248,8.57e-06,0.464,146.01921305434928,38579
0.395,0.756,0.0544,1.74e-05,0.00665,0.475,311.0409264376892,44485
0.361,0.946,0.0759,0.000504,0.000172,0.39,239.03145150677722,5504
0.475,0.973,0.0557,9.24e-05,0.000108,0.387,630.0829056454797,50267
0.302,0.786,0.133,0.0282,0.0,0.383,9.001184366363995,30987
0.427,0.87,0.176,0.00933,0.0,0.486,17.002237136465325,41217
0.311,0.944,0.14,0.0116,0.0,0.398,89.01171206737729,63405
0.439,0.977,0.135,0.0135,0.0737,0.456,153.02013422818794,27781
0.352,0.847,0.0631,0.162,0.00451,0.478,16.00210554020266,42087
0.392,0.78,0.0526,0.15,0.0,0.466,49.006448216870645,43579
0.307,0.909,0.0574,0.135,0.0336,0.443,10.001315962626663,47273
0.395,0.882,0.0536,0.127,0.0,0.469,32.00421108040532,61073
0.431,0.874,0.193,0.132,0.0,0.39,5.000657981313331,35743
0.279,0.931,0.148,0.197,5.16e-06,0.38,6.000789577575997,29474
0.384,0.927,0.136,0.188,6.99e-06,0.479,10.001315962626663,39722
0.374,0.778,0.0363,0.1,0.199,0.484,7.000921173838663,8613
0.422,0.874,0.0534,0.000166,0.231,0.392,5.000657981313331,72179
0.363,0.976,0.0901,2.06e-05,0.165,0.469,8.00105277010133,6591
0.436,0.934,0.0507,1.03e-05,0.14,0.384,28.003684695354654,62003
0.322,0.836,0.127,0.000242,0.178,0.385,1.0001315962626662,22969
0.272,0.906,0.127,5.48e-06,0.166,0.433,11.001447558889328,42009
0.483,0.971,0.19,0.0162,0.127,0.464,1.0001315962626662,61996
0.363,0.914,0.0909,0.196,0.129,0.466,2.0002631925253325,47825
0.445,0.954,0.0896,0.197,0.19,0.426,2.0002631925253325,46290
0.642,0.187,0.0454,0.107,0.719,0.0372,2.0002631925253325,54181
0.752,0.23,0.0378,0.0117,0.714,0.195,4.000526385050665,109617
0.636,0.483,0.0429,0.0735,0.534,0.105,45.00592183181998,109904
0.806,0.491,0.0474,0.00795,0.653,0.143,24.003158310303988,23948
0.721,0.239,0.0805,0.455,0.658,0.217,1.0001315962626662,94768
0.757,0.142,0.049,0.473,0.539,0.0383,2.0002631925253325,94610
0.63,0.472,0.0558,0.49,0.555,0.185,10.001315962626663,112104
0.8,0.342,0.0519,0.433,0.69,0.221,8.00105277010133,105629
0.615,0.136,0.0753,0.183,0.926,0.185,7.000921173838663,24414
0.927,0.207,0.116,0.0476,0.851,0.127,5.000657981313331,32452
0.507,0.488,0.0449,0.192,0.76,0.0369,126.01658112909594,39608
0.882,0.458,0.0706,0.000618,0.893,0.0894,85.01118568232663,13536
0.934,0.0464,0.284,0.0333,0.776,0.194,1.0001315962626662,24333
0.723,0.387,0.279,0.0755,0.861,0.133,3.0003947887879985,109888
0.787,0.476,0.266,0.00037,0.914,0.144,1.0001315962626662,54367
0.672,0.248,0.042,0.414,0.813,0.22,14.001842347677327,111600
0.758,0.116,0.0369,0.411,0.976,0.23,3.0003947887879985,54188
0.739,0.288,0.0683,0.442,0.892,0.101,83.0109224898013,105615
0.826,0.34,0.184,0.428,0.763,0.162,9.001184366363995,105269
0.917,0.108,0.471,0.317,0.885,0.181,1.0001315962626662,105756
0.693,0.191,0.0618,0.0683,0.744,0.41,1.0001315962626662,105403
0.787,0.224,0.0645,0.0233,0.731,0.33,2.0002631925253325,111710
0.726,0.493,0.0399,0.0312,0.599,0.314,37.00486906171865,109762
0.841,0.327,0.231,0.0108,0.624,0.448,23.003026714041322,105165
0.825,0.35,0.27,0.176,0.727,0.45,2.0002631925253325,94417
0.589,0.243,0.111,0.312,0.561,0.382,2.0002631925253325,24261
0.575,0.295,0.0326,0.484,0.703,0.394,12.001579155151994,45009
0.757,0.408,0.0373,0.325,0.539,0.309,9.001184366363995,64674
0.788,0.432,0.324,0.387,0.734,0.349,1.0001315962626662,105072
0.629,0.179,0.0626,0.075,0.879,0.379,3.0003947887879985,105447
0.904,0.168,0.165,0.191,0.935,0.478,5.000657981313331,105503
0.746,0.46,0.0659,0.197,0.869,0.351,76.01000131596264,73431
0.801,0.437,0.0896,0.0299,0.909,0.295,81.01065929727596,111839
0.719,0.176,0.358,0.182,0.798,0.377,2.0002631925253325,105984
0.768,0.214,0.251,0.041,0.926,0.46,1.0001315962626662,105594
0.743,0.399,0.275,0.17,0.901,0.31,2.0002631925253325,105690
0.792,0.419,0.251,0.0134,0.873,0.423,4.000526385050665,73841
0.667,0.182,0.0313,0.442,0.871,0.389,7.000921173838663,54934
0.809,0.193,0.0427,0.499,0.906,0.26,2.0002631925253325,5271
0.599,0.349,0.0558,0.403,0.867,0.256,48.006316620607976,105988
0.814,0.32,0.0974,0.454,0.841,0.254,18.00236873272799,26148
0.79,0.218,0.389,0.401,0.781,0.496,1.0001315962626662,105231
0.667,0.27,0.309,0.329,0.917,0.416,5.000657981313331,105896
0.856,0.473,0.259,0.349,0.915,0.368,1.0001315962626662,24223
0.613,0.538,0.0268,0.0503,0.0,0.256,187.0246085011186,111682
0.684,0.619,0.0386,0.0716,0.0,0.284,130.0171075141466,98003
0.603,0.738,0.0646,0.037,2.24e-06,0.327,337.04434794051855,110817
0.697,0.664,0.0275,0.0256,0.0173,0.265,207.02724042637192,38400
0.518,0.605,0.181,0.1,3.47e-06,0.319,8.00105277010133,94533
0.651,0.582,0.236,0.000909,0.0843,0.351,18.00236873272799,17202
0.569,0.673,0.225,0.082,0.0014,0.316,21.00276352151599,9908
0.737,0.722,0.205,0.000997,0.0792,0.31,28.003684695354654,25540
0.567,0.569,0.0359,0.164,0.0,0.326,125.01644953283328,43791
0.731,0.58,0.0399,0.223,0.0,0.319,50.006579813133314,57323
0.561,0.666,0.0471,0.172,0.0,0.258,83.0109224898013,29355
0.631,0.748,0.0488,0.212,0.0,0.351,61.00802737202264,65655
0.588,0.598,0.139,0.158,0.0,0.265,2.0002631925253325,104957
0.69,0.513,0.154,0.154,0.0,0.345,3.0003947887879985,60777
0.518,0.723,0.137,0.157,1.2e-05,0.363,4.000526385050665,65026
0.66,0.675,0.2,0.189,2.17e-06,0.367,8.00105277010133,3916
0.587,0.622,0.0263,0.00566,0.196,0.366,8.00105277010133,112372
0.673,0.51,0.0406,0.0172,0.22,0.295,3.0003947887879985,73852
0.544,0.74,0.0352,0.000286,0.214,0.338,7.000921173838663,71545
0.683,0.708,0.0305,0.0398,0.155,0.355,4.000526385050665,56505
0.6,0.655,0.153,0.00847,0.129,0.374,1.0001315962626662,104506
0.691,0.711,0.13,0.021,0.178,0.295,2.0002631925253325,27179
0.526,0.587,0.039,0.24,0.243,0.364,2.0002631925253325,44962
0.732,0.501,0.0475,0.232,0.191,0.334,4.000526385050665,23008
0.581,0.723,0.0311,0.227,0.139,0.268,3.0003947887879985,32761
0.571,0.613,0.0411,0.102,5.01e-05,0.474,147.01934465061194,83763
0.628,0.544,0.0943,0.0216,0.0,0.416,133.01750230293462,41700
0.58,0.695,0.0671,0.00638,0.0,0.402,437.05750756678515,89060
0.735,0.648,0.0334,0.0114,0.000213,0.395,354.04658507698383,57842
0.522,0.585,0.129,0.00208,0.0,0.411,23.003026714041322,67367
0.668,0.62,0.186,0.0846,0.004,0.395,20.002631925253326,111329
0.538,0.642,0.127,0.104,0.0,0.47,15.001973943939994,57144
0.732,0.703,0.134,0.00379,0.0,0.453,22.002895117778657,66179
0.522,0.55,0.0662,0.188,0.0,0.391,110.01447558889329,96332
0.67,0.506,0.0532,0.172,0.0,0.497,121.01592314778262,77554
0.622,0.697,0.0256,0.217,2.06e-05,0.401,155.02039742071327,74486
0.717,0.743,0.0439,0.184,0.000771,0.46,132.01737070667195,34127
0.619,0.502,0.249,0.178,0.0,0.38,8.00105277010133,56329
0.746,0.558,0.157,0.197,2e-05,0.456,15.001973943939994,55967
0.625,0.703,0.132,0.172,0.00493,0.487,13.001710751414661,1323
0.746,0.69,0.164,0.247,0.0,0.497,20.002631925253326,51537
0.588,0.503,0.0305,0.00143,0.187,0.395,4.000526385050665,111288
0.671,0.569,0.0316,0.0131,0.19,0.433,9.001184366363995,32385
0.572,0.633,0.0281,0.000537,0.211,0.446,10.001315962626663,50686
0.701,0.713,0.035,0.00707,0.225,0.497,7.000921173838663,24137
0.724,0.56,0.0599,0.13,0.24,0.412,1.0001315962626662,33978
0.563,0.719,0.0276,0.242,0.146,0.488,2.0002631925253325,90229
0.619,0.504,0.025,0.0614,0.0,0.568,175.0230293459666,34186
0.725,0.607,0.0456,0.0671,1e-06,0.57,163.0214501908146,87326
0.547,0.699,0.0357,0.0213,0.00835,0.622,270.0355309909199,50681
0.719,0.707,0.0443,0.0172,0.0,0.602,294.0386893012239,106166
0.619,0.558,0.177,0.0558,0.00935,0.514,8.00105277010133,55364
0.709,0.56,0.171,0.034,0.0,0.541,47.006185024345314,89010
0.568,0.728,0.182,0.0746,4.2e-06,0.62,35.00460586919332,30275
0.741,0.667,0.134,0.0575,0.0,0.595,78.01026450848796,31515
0.537,0.621,0.069,0.218,0.0034,0.608,63.00829056454797,112690
0.708,0.549,0.0276,0.161,0.0,0.519,107.01408080010529,74124
0.559,0.672,0.0417,0.17,0.000238,0.537,108.01421239636795,102614
0.707,0.709,0.033,0.179,0.0,0.59,132.01737070667195,62706
0.59,0.616,0.133,0.145,0.0,0.581,6.000789577575997,98710
0.649,0.559,0.191,0.202,1.28e-05,0.52,12.001579155151994,28895
0.596,0.73,0.151,0.24,0.0,0.525,10.001315962626663,81724
0.746,0.737,0.191,0.19,0.00743,0.611,30.00394788787999,34121
0.615,0.55,0.0349,0.0546,0.19,0.549,3.0003947887879985,84205
0.75,0.618,0.0761,0.0273,0.149,0.548,6.000789577575997,94824
0.617,0.648,0.0328,0.00187,0.171,0.56,3.0003947887879985,41776
0.664,0.666,0.0426,0.0126,0.235,0.512,5.000657981313331,94629
0.632,0.585,0.158,0.0224,0.235,0.537,1.0001315962626662,54281
0.506,0.655,0.164,0.0278,0.173,0.612,1.0001315962626662,38868
0.721,0.738,0.178,0.0305,0.185,0.596,1.0001315962626662,5803
0.643,0.56,0.0354,0.204,0.197,0.521,1.0001315962626662,15574
0.654,0.67,0.0403,0.149,0.157,0.528,1.0001315962626662,36852
0.581,0.52,0.183,0.209,0.148,0.603,1.0001315962626662,3908
0.613,0.577,0.0276,0.0275,0.000917,0.694,63.00829056454797,82296
0.705,0.618,0.0623,0.0588,0.0,0.726,110.01447558889329,66069
0.523,0.687,0.105,0.0215,2.86e-06,0.711,207.02724042637192,102475
0.639,0.671,0.0375,0.105,0.0,0.73,306.0402684563759,2490
0.544,0.621,0.139,0.122,0.0,0.747,7.000921173838663,21306
0.708,0.552,0.21,0.0922,0.0,0.686,24.003158310303988,56353
0.611,0.649,0.133,0.0115,0.0,0.72,13.001710751414661,21462
0.652,0.733,0.246,0.00672,0.00867,0.744,47.006185024345314,23884
0.586,0.616,0.0324,0.182,0.0,0.719,59.00776417949731,81711
0.726,0.506,0.0239,0.213,3.41e-05,0.72,97.01276483747863,19857
0.624,0.688,0.0668,0.19,0.0451,0.626,103.01355441505463,70802
0.63,0.732,0.0827,0.203,0.0,0.684,152.02000263192528,96579
0.548,0.603,0.215,0.142,0.0,0.746,4.000526385050665,74518
0.669,0.534,0.221,0.146,0.0,0.704,5.000657981313331,5643
0.603,0.687,0.166,0.244,0.0,0.696,13.001710751414661,21470
0.746,0.661,0.141,0.176,0.0,0.684,20.002631925253326,104524
0.555,0.622,0.031,0.00208,0.162,0.734,8.00105277010133,100095
0.734,0.519,0.0824,0.00814,0.141,0.685,7.000921173838663,51962
0.565,0.68,0.084,0.0422,0.138,0.67,7.000921173838663,112527
0.658,0.725,0.0295,0.000534,0.225,0.644,10.001315962626663,40876
0.649,0.523,0.0267,0.157,0.135,0.697,2.0002631925253325,74650
0.581,0.713,0.0411,0.246,0.243,0.73,4.000526385050665,75557
0.697,0.653,0.102,0.166,0.231,0.627,3.0003947887879985,21208
0.688,0.541,0.217,0.178,0.127,0.731,2.0002631925253325,51877
0.336,0.761,0.0399,0.000546,0.00284,0.501,77.0101329122253,843
0.42,0.823,0.0434,0.00985,0.0,0.517,323.04250559284117,113086
0.365,0.914,0.0871,1.69e-05,0.00434,0.552,215.02829319647324,50178
0.446,0.97,0.0508,0.00754,0.000275,0.595,711.0935649427557,47430
0.333,0.875,0.136,0.00256,0.0,0.615,4.000526385050665,100811
0.459,0.814,0.247,0.000508,0.0,0.623,11.001447558889328,46729
0.295,0.944,0.164,3.98e-05,1.71e-05,0.596,49.006448216870645,58811
0.491,0.952,0.14,0.00634,9.7e-06,0.59,90.01184366363997,82694
0.37,0.755,0.0552,0.204,0.0266,0.595,13.001710751414661,8814
0.496,0.872,0.0431,0.152,0.0,0.596,40.00526385050665,61060
0.325,0.947,0.115,0.174,0.0,0.593,10.001315962626663,9195
0.466,0.926,0.114,0.194,0.0,0.509,27.003553099091988,62862
0.309,0.781,0.166,0.197,0.0,0.622,1.0001315962626662,98860
0.452,0.868,0.248,0.234,0.0,0.512,1.0001315962626662,80932
0.338,0.96,0.158,0.159,0.0,0.62,1.0001315962626662,78967
0.428,0.968,0.152,0.18,0.0,0.501,8.00105277010133,79345
0.36,0.857,0.0456,0.000904,0.179,0.525,6.000789577575997,61177
0.492,0.836,0.0352,0.000221,0.148,0.553,8.00105277010133,22449
0.258,0.923,0.045,0.0008,0.243,0.578,5.000657981313331,6898
0.444,0.938,0.0565,1.6e-05,0.131,0.555,21.00276352151599,50627
0.436,0.95,0.184,0.000867,0.249,0.599,3.0003947887879985,92582
0.402,0.959,0.181,0.136,0.158,0.574,1.0001315962626662,46760
0.374,0.875,0.0521,0.00122,0.0414,0.741,51.006711409395976,62316
0.39,0.757,0.0311,0.0016,0.000758,0.739,169.0222397683906,86389
0.331,0.968,0.109,0.00835,0.0,0.694,142.0186866692986,2484
0.472,0.969,0.0573,0.00176,0.0,0.649,458.06027108830114,72256
0.339,0.841,0.213,0.0932,0.00182,0.744,2.0002631925253325,93094
0.463,0.798,0.128,0.0415,0.0,0.731,10.001315962626663,85436
0.366,0.97,0.132,0.0107,0.0,0.682,20.002631925253326,62836
0.498,0.957,0.147,0.0041,0.0,0.672,47.006185024345314,62253
0.326,0.789,0.0982,0.129,0.0,0.684,1.0001315962626662,62894
0.385,0.806,0.0398,0.237,0.00566,0.693,43.00565863929465,9073
0.294,0.942,0.0808,0.206,3.23e-05,0.649,11.001447558889328,68848
0.494,0.923,0.116,0.149,0.0,0.719,26.003421502829323,92983
0.391,0.825,0.13,0.161,0.0,0.659,5.000657981313331,96401
0.493,0.909,0.218,0.16,0.0,0.739,5.000657981313331,21141
0.305,0.84,0.0657,0.000338,0.225,0.711,1.0001315962626662,41708
0.406,0.863,0.036,0.00152,0.196,0.685,9.001184366363995,2733
0.329,0.978,0.0769,0.000914,0.173,0.665,7.000921173838663,58939
0.497,0.944,0.0542,0.00565,0.158,0.697,7.000921173838663,46846
0.366,0.89,0.148,0.000149,0.194,0.694,1.0001315962626662,82737
0.397,0.93,0.171,0.000268,0.166,0.672,3.0003947887879985,58273
0.326,0.885,0.0672,0.244,0.208,0.75,1.0001315962626662,61652
0.322,0.812,0.0505,0.00149,0.0,0.124,52.006843005658645,43470
0.395,0.841,0.0418,0.039,0.0948,0.0421,103.01355441505463,60488
0.263,0.891,0.0605,6.87e-06,0.00734,0.125,88.01158047111463,42097
0.416,0.963,0.1,0.0056,0.0011,0.0361,200.02631925253326,28471
0.264,0.846,0.19,0.0485,0.00115,0.0665,3.0003947887879985,27754
0.392,0.828,0.129,0.00385,0.000478,0.0946,7.000921173838663,28627
0.334,0.995,0.224,0.000585,0.00203,0.0677,92.01210685616529,42453
0.393,0.978,0.209,0.000946,0.00104,0.0919,82.01079089353863,43941
0.285,0.812,0.0596,0.127,0.0303,0.0388,3.0003947887879985,32925
0.428,0.791,0.0624,0.219,0.0034,0.0942,10.001315962626663,27140
0.257,0.92,0.0469,0.239,0.0,0.0069,2.0002631925253325,101516
0.497,0.91,0.08,0.23,0.0193,0.0607,3.0003947887879985,29716
0.339,0.873,0.211,0.154,0.00127,0.0711,1.0001315962626662,34327
0.377,0.858,0.148,0.134,0.00185,0.117,3.0003947887879985,29128
0.263,0.987,0.128,0.142,0.0432,0.0136,1.0001315962626662,101521
0.422,0.998,0.133,0.249,0.00171,0.0281,3.0003947887879985,59495
0.306,0.851,0.056,0.00254,0.212,0.0392,1.0001315962626662,83601
0.473,0.858,0.0533,0.00156,0.242,0.0439,6.000789577575997,44552
0.276,0.989,0.0771,0.00118,0.239,0.0256,14.001842347677327,42314
0.398,0.91,0.0911,0.000132,0.168,0.101,21.00276352151599,29541
0.322,0.817,0.201,0.000391,0.222,0.0769,1.0001315962626662,42904
0.48,0.864,0.182,0.0161,0.192,0.0714,3.0003947887879985,110703
0.288,0.955,0.171,4.65e-05,0.139,0.0916,15.001973943939994,3480
0.412,0.994,0.145,2.8e-05,0.24,0.044,8.00105277010133,72692
0.278,0.989,0.13,0.152,0.14,0.0394,1.0001315962626662,6599
0.302,0.865,0.0348,0.0199,7.25e-06,0.152,154.0202658244506,49204
0.423,0.796,0.0357,1.52e-05,0.0273,0.247,272.0357941834452,47980
0.327,0.944,0.0591,0.000567,0.00395,0.167,273.0359257797079,6234
0.411,0.894,0.0465,2.36e-05,0.000447,0.195,411.0540860639558,63077
0.341,0.764,0.202,0.0362,2.41e-06,0.239,9.001184366363995,8721
0.484,0.76,0.223,0.00177,0.0105,0.194,10.001315962626663,54903
0.372,0.978,0.157,0.000624,2.22e-05,0.214,164.02158178707725,22108
0.456,0.985,0.207,0.000235,0.00368,0.183,163.0214501908146,71675
0.313,0.869,0.0508,0.133,0.00174,0.221,8.00105277010133,9331
0.451,0.803,0.0398,0.208,0.0,0.145,32.00421108040532,91977
0.271,0.888,0.0909,0.229,0.00179,0.134,3.0003947887879985,46850
0.486,0.934,0.07,0.186,0.00692,0.142,9.001184366363995,48621
0.492,0.827,0.181,0.159,0.0,0.157,2.0002631925253325,104277
0.322,0.998,0.239,0.126,0.00196,0.237,1.0001315962626662,22649
0.447,0.963,0.183,0.138,1.21e-05,0.196,5.000657981313331,41746
0.346,0.802,0.0493,0.00012,0.23,0.145,8.00105277010133,71843
0.451,0.848,0.0687,3.35e-05,0.207,0.148,5.000657981313331,58285
0.321,0.909,0.041,1.62e-05,0.139,0.209,31.004079484142654,2129
0.494,0.941,0.0442,0.0113,0.127,0.142,37.00486906171865,27791
0.398,0.872,0.168,0.00137,0.232,0.18,1.0001315962626662,17740
0.259,0.994,0.14,0.00864,0.207,0.173,18.00236873272799,92326
0.407,0.95,0.193,0.000103,0.191,0.246,12.001579155151994,72401
0.0,0.000262,0.0,0.175,0.585,0.0,16.00210554020266,101663
0.286,0.0968,0.0323,0.178,0.696,0.0395,4.000526385050665,39164
0.225,0.254,0.13,1.5e-06,0.654,0.146,13.001710751414661,42637
0.484,0.495,0.0355,0.198,0.574,0.204,28.003684695354654,111098
0.0887,0.0135,0.311,1.21e-05,0.631,1e-05,4.000526385050665,101067
0.162,0.212,0.0343,0.407,0.584,0.0631,4.000526385050665,39262
0.259,0.0337,0.0468,0.45,0.735,0.0358,9.001184366363995,113904
0.236,0.313,0.0295,0.5,0.571,0.136,8.00105277010133,5465
0.33,0.423,0.0279,0.265,0.731,0.117,32.00421108040532,111076
0.123,0.225,0.0522,0.00063,0.836,0.0955,78.01026450848796,6283
0.28,0.238,0.0675,0.102,0.91,0.0495,16.00210554020266,59651
0.204,0.316,0.0429,0.0867,0.917,0.0467,91.01197525990263,59056
0.358,0.406,0.0616,0.0494,0.868,0.0823,91.01197525990263,39605
0.0684,0.0981,0.0439,0.306,0.865,0.0329,39.00513225424398,59068
0.496,0.0936,0.0359,0.43,0.94,0.0308,20.002631925253326,4270
0.179,0.373,0.0372,0.327,0.939,0.179,27.003553099091988,54303
0.287,0.414,0.0337,0.324,0.934,0.238,39.00513225424398,26100
0.168,0.369,0.0461,0.147,0.723,0.4,3.0003947887879985,101783
0.441,0.433,0.105,0.00526,0.591,0.4,9.001184366363995,54467
0.431,0.373,0.0346,0.389,0.728,0.253,9.001184366363995,84103
0.209,0.432,0.079,0.000688,0.969,0.298,3.0003947887879985,101582
0.432,0.434,0.0261,0.0755,0.83,0.474,16.00210554020266,58635
0.274,0.304,0.263,0.0323,0.836,0.342,1.0001315962626662,54226
0.48,0.224,0.0401,0.462,0.88,0.395,1.0001315962626662,11923
0.233,0.471,0.0294,0.363,0.828,0.277,3.0003947887879985,56214
0.401,0.473,0.0315,0.384,0.769,0.291,13.001710751414661,111277
0.633,0.219,0.0887,0.72,0.692,0.537,4.000526385050665,108522
0.895,0.109,0.0996,0.534,0.549,0.546,2.0002631925253325,15119
0.639,0.37,0.0723,0.504,0.587,0.707,5.000657981313331,111128
0.788,0.446,0.0693,0.545,0.694,0.545,6.000789577575997,15213
0.572,0.00282,0.152,0.994,0.544,0.607,21.00276352151599,75187
0.789,0.0337,0.0853,0.963,0.558,0.68,1.0001315962626662,94968
0.563,0.254,0.0384,0.892,0.729,0.635,15.001973943939994,7503
0.786,0.356,0.0462,0.771,0.694,0.519,9.001184366363995,99041
0.665,0.443,0.375,0.807,0.506,0.526,1.0001315962626662,105203
0.814,0.43,0.263,0.824,0.647,0.742,2.0002631925253325,94687
0.664,0.188,0.246,0.743,0.852,0.505,5.000657981313331,105521
0.768,0.181,0.0599,0.583,0.926,0.542,1.0001315962626662,105291
0.727,0.365,0.161,0.72,0.901,0.54,38.00500065798132,105714
0.766,0.417,0.0315,0.686,0.926,0.595,20.002631925253326,45778
0.859,0.147,0.302,0.519,0.927,0.749,1.0001315962626662,105304
0.685,0.377,0.348,0.542,0.788,0.597,2.0002631925253325,105372
0.621,0.197,0.0573,0.99,0.878,0.569,89.01171206737729,79994
0.878,0.116,0.117,0.84,0.93,0.673,11.001447558889328,105724
0.587,0.408,0.0568,0.902,0.915,0.608,89.01171206737729,64552
0.826,0.339,0.0392,0.768,0.925,0.54,17.002237136465325,105630
0.75,0.158,0.337,0.964,0.922,0.507,3.0003947887879985,94670
0.804,0.383,0.272,0.792,0.816,0.594,2.0002631925253325,105904
0.666,0.189,0.0367,0.748,0.613,0.85,1.0001315962626662,14998
0.839,0.233,0.0413,0.745,0.747,0.777,1.0001315962626662,1315
0.68,0.465,0.029,0.743,0.676,0.847,5.000657981313331,26450
0.668,0.23,0.118,0.995,0.561,0.805,5.000657981313331,108803
0.666,0.26,0.0607,0.994,0.543,0.781,20.002631925253326,93674
0.767,0.413,0.0473,0.969,0.605,0.961,6.000789577575997,108420
0.767,0.458,0.263,0.914,0.691,0.881,1.0001315962626662,108103
0.662,0.215,0.0607,0.66,0.93,0.847,3.0003947887879985,26775
0.767,0.224,0.0528,0.684,0.929,0.947,4.000526385050665,105654
0.644,0.444,0.0341,0.739,0.91,0.963,10.001315962626663,52855
0.791,0.379,0.148,0.665,0.811,0.81,4.000526385050665,45377
0.737,0.208,0.258,0.683,0.957,0.788,1.0001315962626662,105325
0.696,0.308,0.29,0.659,0.793,0.757,2.0002631925253325,15729
0.537,0.207,0.0597,0.976,0.876,0.762,33.00434267666799,16699
0.794,0.188,0.0951,0.873,0.779,0.857,5.000657981313331,52574
0.749,0.399,0.0731,0.934,0.912,0.829,37.00486906171865,108859
0.782,0.385,0.0413,0.832,0.846,0.815,13.001710751414661,5364
0.857,0.146,0.33,0.838,0.954,0.776,1.0001315962626662,15532
0.59,0.446,0.389,0.751,0.869,0.94,1.0001315962626662,108604
0.814,0.5,0.308,0.927,0.825,0.968,1.0001315962626662,108199
0.613,0.559,0.0268,0.0992,0.0205,0.772,33.00434267666799,107285
0.731,0.569,0.0538,0.00109,0.0478,0.78,93.01223845242797,13374
0.54,0.721,0.0255,0.000679,0.103,0.765,133.01750230293462,41998
0.731,0.746,0.0707,0.00528,0.000334,0.788,337.04434794051855,55498
0.532,0.56,0.177,0.0098,0.02,0.827,1.0001315962626662,1962
0.726,0.576,0.146,0.085,0.0,0.783,10.001315962626663,106900
0.618,0.749,0.156,0.0096,0.0,0.772,4.000526385050665,21378
0.67,0.652,0.191,0.112,0.0,0.861,27.003553099091988,37724
0.552,0.608,0.0274,0.148,2.05e-05,0.835,79.01039610475063,112650
0.646,0.563,0.0316,0.155,0.00107,0.788,73.00960652717464,7814
0.513,0.679,0.0298,0.242,0.000197,0.843,65.0085537570733,92174
0.694,0.712,0.046,0.132,0.0,0.799,114.01500197394395,53207
0.594,0.565,0.175,0.245,0.0,0.755,1.0001315962626662,84976
0.679,0.587,0.186,0.225,0.0,0.775,8.00105277010133,63991
0.603,0.688,0.196,0.19,0.0,0.802,6.000789577575997,8293
0.676,0.739,0.159,0.137,0.0,0.755,10.001315962626663,51319
0.572,0.567,0.0388,0.0435,0.129,0.768,3.0003947887879985,74126
0.711,0.514,0.061,0.0687,0.198,0.797,1.0001315962626662,13578
0.581,0.709,0.0436,0.0268,0.232,0.816,1.0001315962626662,1452
0.676,0.747,0.0308,0.000111,0.203,0.797,12.001579155151994,58125
0.741,0.533,0.0471,0.196,0.214,0.808,1.0001315962626662,13432
0.598,0.676,0.0279,0.13,0.225,0.805,3.0003947887879985,84133
0.686,0.628,0.0361,0.164,0.209,0.8,1.0001315962626662,105193
0.602,0.553,0.0328,0.108,0.0,0.971,99.01302803000395,91572
0.662,0.546,0.0329,0.0994,0.0531,0.906,73.00960652717464,12114
0.521,0.669,0.051,0.0408,0.0574,0.983,74.0097381234373,100472
0.686,0.722,0.0233,0.101,3.37e-06,0.904,185.02434530859324,11416
0.57,0.592,0.198,0.00819,0.000118,0.961,1.0001315962626662,18279
0.715,0.584,0.171,0.0753,0.0,0.912,3.0003947887879985,88823
0.604,0.709,0.158,0.0987,0.0,0.907,4.000526385050665,87653
0.627,0.675,0.212,0.125,0.0,0.961,55.007237794446645,88059
0.617,0.556,0.0398,0.223,0.0,0.928,12.001579155151994,35602
0.722,0.534,0.0718,0.241,1.36e-05,0.936,36.00473746545598,96990
0.614,0.724,0.0247,0.217,0.000256,0.902,63.00829056454797,19341
0.736,0.685,0.0473,0.144,0.0,0.876,119.01565995525728,35594
0.557,0.586,0.184,0.134,4.06e-05,0.928,1.0001315962626662,21424
0.718,0.543,0.177,0.23,0.0,0.936,1.0001315962626662,68930
0.615,0.744,0.156,0.191,0.0,0.962,1.0001315962626662,45495
0.746,0.711,0.184,0.228,0.0,0.975,8.00105277010133,74613
0.585,0.7,0.0847,0.0851,0.245,0.951,5.000657981313331,74723
0.68,0.735,0.0277,0.0597,0.214,0.881,15.001973943939994,87316
0.595,0.633,0.165,0.0172,0.209,0.888,1.0001315962626662,1266
0.712,0.592,0.0351,0.224,0.204,0.963,3.0003947887879985,111094
0.574,0.743,0.0376,0.173,0.201,0.953,1.0001315962626662,7648
0.225,0.618,0.0331,0.00137,0.616,0.567,2.0002631925253325,84466
0.465,0.673,0.0355,0.212,0.605,0.62,15.001973943939994,44300
0.244,0.961,0.0686,3.51e-06,0.637,0.638,13.001710751414661,48478
0.337,0.966,0.167,1.75e-05,0.731,0.567,85.01118568232663,72445
0.457,0.709,0.109,0.31,0.666,0.643,10.001315962626663,54783
0.485,0.762,0.0364,0.471,0.698,0.708,1.0001315962626662,41106
0.229,0.689,0.0456,1.05e-05,0.832,0.591,1.0001315962626662,42031
0.487,0.629,0.0624,0.0316,0.79,0.678,31.004079484142654,112880
0.236,0.84,0.0471,0.126,0.767,0.739,16.00210554020266,82931
0.492,0.951,0.141,0.000163,0.863,0.584,130.0171075141466,50858
0.376,0.554,0.0313,0.317,0.856,0.677,10.001315962626663,17892
0.436,0.76,0.0374,0.362,0.955,0.504,9.001184366363995,4683
0.464,0.683,0.0415,0.165,0.591,0.833,7.000921173838663,1643
0.175,0.802,0.0331,0.00115,0.642,0.949,2.0002631925253325,17390
0.492,0.779,0.0275,6.34e-05,0.593,0.828,19.00250032899066,58738
0.399,0.898,0.309,0.00111,0.748,0.808,1.0001315962626662,10585
0.444,0.77,0.0317,0.368,0.536,0.973,1.0001315962626662,7677
0.394,0.73,0.0679,0.0437,0.854,0.795,11.001447558889328,1854
0.235,0.901,0.0964,0.000153,0.947,0.913,5.000657981313331,82779
0.483,0.98,0.0555,0.00434,0.832,0.794,45.00592183181998,46558
0.188,0.613,0.0647,0.407,0.969,0.908,1.0001315962626662,54656
0.435,0.507,0.0348,0.397,0.904,0.913,7.000921173838663,7891
0.25,0.751,0.0364,0.339,0.959,0.967,1.0001315962626662,7211
0.437,0.899,0.0375,0.278,0.857,0.752,9.001184366363995,54413
0.81,0.625,0.071,0.0407,1.53e-06,0.598,134.01763389919728,83159
0.879,0.576,0.0519,0.002,0.0292,0.527,16.00210554020266,13046
0.786,0.711,0.063,0.0126,0.000164,0.51,201.02645084879592,24575
0.898,0.666,0.106,0.00258,0.0311,0.557,22.002895117778657,13484
0.816,0.505,0.23,0.0926,0.0,0.534,28.003684695354654,41959
0.906,0.546,0.223,0.0176,0.0,0.519,14.001842347677327,21512
0.793,0.747,0.165,0.0694,0.0,0.57,59.00776417949731,89951
0.937,0.632,0.157,0.0265,0.0,0.542,16.00210554020266,51388
0.799,0.586,0.0377,0.162,2.03e-06,0.549,122.01605474404528,30973
0.892,0.526,0.0648,0.222,0.005,0.582,1.0001315962626662,32905
0.751,0.713,0.106,0.19,3.41e-06,0.52,38.00500065798132,60806
0.884,0.693,0.0981,0.144,7.06e-06,0.587,10.001315962626663,89789
0.775,0.608,0.128,0.128,0.0,0.56,35.00460586919332,20222
0.889,0.514,0.17,0.134,0.0,0.586,5.000657981313331,21236
0.775,0.679,0.135,0.18,7.26e-05,0.619,31.004079484142654,77200
0.889,0.749,0.16,0.149,0.0,0.52,5.000657981313331,21917
0.797,0.539,0.0489,0.00155,0.215,0.551,8.00105277010133,111506
0.893,0.526,0.089,0.000617,0.168,0.519,2.0002631925253325,13726
0.815,0.681,0.0693,8.43e-05,0.201,0.547,7.000921173838663,13413
0.789,0.666,0.176,0.0266,0.22,0.575,1.0001315962626662,17961
0.785,0.696,0.0491,0.149,0.206,0.566,1.0001315962626662,32504
0.802,0.59,0.0493,0.0874,0.0,0.687,100.01315962626663,19850
0.927,0.53,0.119,0.00203,2.48e-05,0.739,12.001579155151994,66875
0.874,0.69,0.114,0.121,0.0,0.735,310.04079484142653,51737
0.887,0.722,0.079,0.02,0.0,0.697,40.00526385050665,32322
0.828,0.597,0.225,0.0506,0.00322,0.648,32.00421108040532,109368
0.934,0.562,0.24,0.0476,1.31e-06,0.712,5.000657981313331,48168
0.845,0.676,0.133,0.104,1.36e-06,0.713,55.007237794446645,60254
0.943,0.682,0.235,0.0785,0.0,0.631,11.001447558889328,37720
0.789,0.572,0.115,0.203,0.0,0.689,57.007500986971976,19844
0.936,0.523,0.0597,0.239,0.0,0.699,4.000526385050665,33055
0.83,0.739,0.0627,0.136,2.11e-06,0.631,142.0186866692986,68418
0.918,0.67,0.103,0.188,0.000176,0.634,5.000657981313331,78521
0.786,0.525,0.13,0.14,0.0,0.686,18.00236873272799,88789
0.888,0.622,0.213,0.16,0.0,0.664,7.000921173838663,37027
0.833,0.693,0.176,0.168,1.08e-06,0.626,62.00815896828531,67816
0.904,0.688,0.238,0.218,0.0,0.646,13.001710751414661,21930
0.842,0.579,0.0556,0.119,0.126,0.7,10.001315962626663,88616
0.82,0.672,0.0413,0.033,0.173,0.68,5.000657981313331,13251
0.892,0.682,0.0443,0.0355,0.142,0.713,2.0002631925253325,13045
0.831,0.513,0.136,0.0447,0.235,0.641,3.0003947887879985,28994
0.78,0.573,0.038,0.249,0.245,0.671,2.0002631925253325,36144
0.604,0.833,0.0851,0.00576,0.0471,0.0981,80.0105277010133,29532
0.736,0.761,0.0338,0.0966,0.0,0.114,34.00447427293065,107003
0.508,0.948,0.0648,0.000515,0.0141,0.0715,135.01776549545994,29599
0.642,0.887,0.0416,0.0173,5.75e-05,0.117,31.004079484142654,79125
0.548,0.847,0.186,0.0622,0.0,0.1,4.000526385050665,51277
0.716,0.859,0.135,0.000603,0.0904,0.0683,5.000657981313331,46809
0.555,0.992,0.143,0.00131,0.00596,0.1,42.00552704303198,46882
0.722,0.936,0.178,0.00104,0.0764,0.118,11.001447558889328,32816
0.55,0.85,0.0395,0.153,0.00886,0.0627,8.00105277010133,27334
0.639,0.791,0.0415,0.138,0.00234,0.0576,2.0002631925253325,36112
0.593,0.929,0.109,0.133,3.18e-06,0.069,4.000526385050665,49342
0.56,0.872,0.174,0.199,5.3e-05,0.0787,1.0001315962626662,30812
0.619,0.972,0.138,0.137,0.0,0.107,1.0001315962626662,109738
0.684,0.961,0.149,0.139,0.0,0.0463,2.0002631925253325,49906
0.527,0.871,0.0354,0.0229,0.155,0.107,15.001973943939994,38816
0.691,0.752,0.0522,0.00753,0.178,0.0465,11.001447558889328,68820
0.625,0.903,0.0955,0.0013,0.161,0.0456,10.001315962626663,110618
0.663,0.952,0.0434,0.00268,0.146,0.0765,5.000657981313331,109777
0.556,0.762,0.158,0.00151,0.22,0.111,1.0001315962626662,17803
0.684,0.828,0.186,0.0583,0.223,0.0803,1.0001315962626662,49932
0.542,0.958,0.151,0.000627,0.149,0.0817,3.0003947887879985,72423
0.577,0.842,0.0322,0.193,0.146,0.0385,3.0003947887879985,28444
0.682,0.837,0.0401,0.139,0.181,0.0355,1.0001315962626662,36386
0.504,0.86,0.117,0.00316,1.1e-05,0.173,303.03987366758787,46814
0.651,0.76,0.0446,0.0273,0.000538,0.137,120.01579155151995,43105
0.556,0.997,0.0597,9.32e-05,0.0171,0.207,272.0357941834452,58878
0.643,0.978,0.113,0.00221,0.000804,0.23,77.0101329122253,58471
0.589,0.797,0.15,0.0289,4.35e-06,0.232,20.002631925253326,71601
0.725,0.821,0.154,0.103,3e-06,0.135,9.001184366363995,51405
0.558,0.976,0.16,0.00242,8.15e-05,0.193,91.01197525990263,48933
0.627,0.971,0.176,0.00139,0.0945,0.153,16.00210554020266,29744
0.554,0.87,0.0583,0.174,0.00124,0.159,28.003684695354654,29934
0.636,0.862,0.0464,0.156,0.0,0.24,12.001579155151994,70189
0.543,0.899,0.0477,0.161,0.000423,0.169,11.001447558889328,49532
0.655,0.986,0.0594,0.198,0.00655,0.175,5.000657981313331,46280
0.532,0.858,0.234,0.182,0.0253,0.224,3.0003947887879985,46185
0.694,0.77,0.149,0.176,1.1e-05,0.163,4.000526385050665,31572
0.57,0.931,0.206,0.139,0.0,0.152,12.001579155151994,49497
0.648,0.952,0.164,0.185,0.0108,0.246,2.0002631925253325,109829
0.623,0.781,0.0331,0.085,0.135,0.214,30.00394788787999,109933
0.695,0.837,0.0482,0.00623,0.151,0.206,15.001973943939994,24942
0.514,0.995,0.107,1.26e-05,0.213,0.162,23.003026714041322,58849
0.74,0.976,0.0781,0.0206,0.14,0.147,11.001447558889328,46301
0.529,0.833,0.146,0.00039,0.247,0.244,1.0001315962626662,58496
0.666,0.801,0.201,0.013,0.235,0.21,1.0001315962626662,46830
0.609,0.955,0.196,0.0122,0.15,0.21,6.000789577575997,29847
0.748,0.876,0.246,0.0783,0.16,0.155,5.000657981313331,49086
0.602,0.843,0.0785,0.202,0.191,0.223,1.0001315962626662,83257
0.667,0.867,0.0891,0.209,0.128,0.247,1.0001315962626662,110821
0.709,0.904,0.0489,0.186,0.133,0.202,1.0001315962626662,32680
0.625,0.594,0.0293,0.323,0.0,0.609,58.00763258323464,66291
0.69,0.529,0.0313,0.276,5.32e-06,0.596,113.01487037768129,111947
0.508,0.68,0.0525,0.3,0.0,0.535,73.00960652717464,35992
0.633,0.743,0.0362,0.29,0.00696,0.548,97.01276483747863,34325
0.607,0.518,0.246,0.335,0.0,0.608,4.000526385050665,21589
0.749,0.557,0.152,0.3,0.0,0.601,6.000789577575997,74400
0.573,0.702,0.14,0.371,0.0,0.553,9.001184366363995,99667
0.682,0.633,0.239,0.307,0.0328,0.601,12.001579155151994,21115
0.544,0.501,0.0625,0.455,0.0,0.517,37.00486906171865,51957
0.658,0.603,0.0676,0.472,0.0,0.519,114.01500197394395,51090
0.551,0.737,0.103,0.466,2.74e-06,0.611,84.01105408606396,20606
0.731,0.73,0.123,0.411,0.0,0.503,80.0105277010133,51114
0.516,0.515,0.215,0.379,0.0,0.524,6.000789577575997,84670
0.644,0.571,0.171,0.414,0.0,0.581,6.000789577575997,41326
0.608,0.642,0.224,0.473,1.65e-06,0.571,4.000526385050665,60384
0.657,0.748,0.178,0.472,0.0,0.534,20.002631925253326,28980
0.671,0.571,0.0346,0.267,0.177,0.519,1.0001315962626662,75217
0.633,0.725,0.112,0.256,0.171,0.592,1.0001315962626662,111961
0.573,0.542,0.0291,0.379,0.136,0.592,3.0003947887879985,26777
0.663,0.583,0.0346,0.411,0.138,0.58,2.0002631925253325,15268
0.711,0.725,0.0941,0.424,0.129,0.53,2.0002631925253325,21174
0.603,0.522,0.0978,0.335,1.06e-06,0.705,36.00473746545598,37695
0.686,0.609,0.0444,0.258,0.00015,0.719,82.01079089353863,107503
0.537,0.712,0.0286,0.289,0.00568,0.704,102.01342281879195,15661
0.686,0.692,0.117,0.334,0.0,0.7,120.01579155151995,53496
0.593,0.503,0.22,0.293,0.0,0.71,3.0003947887879985,81671
0.731,0.518,0.232,0.322,2.18e-05,0.721,4.000526385050665,66917
0.549,0.699,0.204,0.284,0.0,0.731,9.001184366363995,77563
0.724,0.68,0.163,0.293,0.0,0.668,14.001842347677327,36930
0.616,0.505,0.0808,0.441,0.00456,0.671,50.006579813133314,57163
0.626,0.533,0.0289,0.46,0.000202,0.695,72.00947493091196,90262
0.542,0.645,0.035,0.457,0.0,0.746,50.006579813133314,52980
0.674,0.666,0.0381,0.392,0.0,0.734,91.01197525990263,25136
0.538,0.609,0.17,0.385,0.0,0.716,4.000526385050665,97866
0.745,0.6,0.18,0.403,0.0,0.706,4.000526385050665,98510
0.503,0.684,0.13,0.469,0.0,0.713,10.001315962626663,98194
0.664,0.695,0.247,0.441,0.0,0.697,13.001710751414661,37814
0.687,0.661,0.137,0.278,0.152,0.633,1.0001315962626662,106767
0.539,0.578,0.0302,0.393,0.25,0.704,1.0001315962626662,7820
0.707,0.691,0.134,0.392,0.127,0.668,1.0001315962626662,111482
0.761,0.826,0.0307,0.00629,6.73e-06,0.835,236.03105671798923,78982
0.891,0.788,0.118,0.00649,0.0,0.814,68.0089485458613,14422
0.772,0.886,0.117,0.0896,0.0,0.762,85.01118568232663,80746
0.883,0.902,0.0843,0.0292,0.00581,0.815,1.0001315962626662,78860
0.813,0.83,0.199,0.0389,0.0,0.809,106.01394920384261,1616
0.917,0.759,0.158,0.0543,0.0,0.865,10.001315962626663,66512
0.789,0.899,0.138,0.125,0.0,0.847,28.003684695354654,1021
0.923,0.921,0.162,0.0051,0.00499,0.81,4.000526385050665,17726
0.772,0.803,0.0468,0.187,0.0,0.853,127.01671272535862,67047
0.877,0.773,0.0352,0.154,0.000414,0.796,3.0003947887879985,36689
0.816,0.968,0.0542,0.13,0.00692,0.831,53.00697460192131,58568
0.882,0.892,0.0591,0.232,0.00409,0.802,2.0002631925253325,21336
0.784,0.804,0.148,0.158,0.0,0.865,24.003158310303988,47871
0.884,0.804,0.15,0.162,0.0,0.835,9.001184366363995,5872
0.837,0.878,0.19,0.186,0.0,0.774,14.001842347677327,21436
0.906,0.888,0.152,0.182,0.0,0.756,1.0001315962626662,18102
0.778,0.842,0.0567,0.0345,0.176,0.788,6.000789577575997,109748
0.791,0.907,0.0884,0.0132,0.211,0.828,17.002237136465325,88128
0.887,0.806,0.13,0.00519,0.126,0.777,2.0002631925253325,68973
0.788,0.793,0.0336,0.231,0.246,0.752,1.0001315962626662,23369
0.812,0.861,0.0754,0.0153,0.108,0.952,165.02171338333991,10900
0.913,0.803,0.0353,0.116,0.000275,0.947,16.00210554020266,68822
0.831,0.891,0.107,0.106,0.0,0.924,134.01763389919728,25785
0.905,0.962,0.0856,0.0299,0.0,0.906,2.0002631925253325,51261
0.851,0.772,0.136,0.0462,0.0,0.922,20.002631925253326,1571
0.876,0.85,0.163,0.0118,0.0067,0.962,9.001184366363995,68127
0.752,0.932,0.13,0.0518,0.0,0.969,19.00250032899066,25593
0.9,0.907,0.206,0.065,0.0,0.966,6.000789577575997,25984
0.79,0.814,0.0268,0.243,0.0102,0.914,98.01289643374129,28193
0.902,0.816,0.0397,0.212,0.0,0.912,16.00210554020266,30830
0.779,0.98,0.0429,0.166,0.0,0.891,51.006711409395976,78467
0.883,0.923,0.0757,0.145,0.0396,0.896,4.000526385050665,25032
0.768,0.753,0.195,0.24,0.0,0.935,9.001184366363995,48055
0.896,0.859,0.21,0.154,0.000109,0.938,18.00236873272799,88116
0.842,0.938,0.149,0.152,0.0,0.961,12.001579155151994,21316
0.888,0.929,0.219,0.248,0.0,0.96,3.0003947887879985,21844
0.817,0.794,0.0752,0.0563,0.229,0.921,9.001184366363995,1089
0.877,0.808,0.0401,0.0426,0.248,0.966,2.0002631925253325,25077
0.79,0.939,0.0593,0.000267,0.184,0.884,1.0001315962626662,13970
0.881,0.883,0.0633,0.0195,0.148,0.966,2.0002631925253325,43462
0.814,0.839,0.139,0.0179,0.168,0.879,1.0001315962626662,10297
0.817,0.837,0.0667,0.139,0.173,0.9,2.0002631925253325,10384
0.332,0.105,0.0328,0.87,0.838,0.0534,7.000921173838663,4687
0.475,0.083,0.0361,0.831,0.817,0.0362,5.000657981313331,5142
0.296,0.147,0.0313,0.874,0.804,0.112,11.001447558889328,75778
0.39,0.155,0.0335,0.814,0.873,0.122,2.0002631925253325,54523
0.271,0.0512,0.0346,0.96,0.85,0.0363,55.007237794446645,54053
0.461,0.00325,0.0639,0.915,0.862,0.0728,36.00473746545598,101360
0.261,0.237,0.0435,0.896,0.774,0.0783,36.00473746545598,59725
0.387,0.159,0.0477,0.99,0.87,0.103,15.001973943939994,75113
0.294,0.0513,0.0363,0.871,0.942,0.0989,5.000657981313331,58276
0.476,0.125,0.0499,0.791,0.932,0.0425,1.0001315962626662,36889
0.327,0.164,0.0407,0.857,0.925,0.0331,21.00276352151599,54090
0.408,0.136,0.0319,0.869,0.906,0.108,16.00210554020266,4516
0.361,0.0972,0.0358,0.993,0.972,0.0702,223.02934596657457,11484
0.38,0.0747,0.0312,0.968,0.91,0.116,161.02118699828927,75572
0.325,0.156,0.0354,0.956,0.881,0.107,88.01158047111463,39145
0.478,0.195,0.0344,0.941,0.914,0.115,49.006448216870645,41400
0.449,0.00919,0.221,0.892,0.926,0.122,1.0001315962626662,75542
0.337,0.119,0.0382,0.793,0.794,0.209,3.0003947887879985,11865
0.263,0.236,0.05,0.871,0.789,0.198,2.0002631925253325,54358
0.5,0.166,0.0439,0.818,0.836,0.25,2.0002631925253325,54392
0.251,0.0902,0.0418,0.971,0.868,0.128,34.00447427293065,79203
0.419,0.00988,0.0395,0.991,0.854,0.249,42.00552704303198,79913
0.274,0.219,0.0366,0.88,0.818,0.24,25.003289906566657,6706
0.456,0.182,0.065,0.992,0.87,0.155,20.002631925253326,75659
0.432,0.241,0.197,0.984,0.809,0.238,1.0001315962626662,26839
0.367,0.107,0.0471,0.862,0.926,0.146,1.0001315962626662,4216
0.427,0.124,0.0376,0.846,0.939,0.221,4.000526385050665,26593
0.267,0.184,0.033,0.822,0.926,0.144,7.000921173838663,76202
0.396,0.147,0.0394,0.842,0.885,0.229,8.00105277010133,45862
0.319,0.0321,0.0337,0.985,0.956,0.185,149.01960784313727,79774
0.496,0.0569,0.0695,0.993,0.919,0.128,206.02710883010926,75602
0.356,0.159,0.0379,0.984,0.943,0.229,53.00697460192131,16700
0.473,0.137,0.0309,0.989,0.903,0.19,43.00565863929465,26916
0.473,0.108,0.132,0.987,0.905,0.191,2.0002631925253325,45359
0.556,0.597,0.0366,0.342,0.0,0.331,117.01539676273195,34308
0.639,0.559,0.104,0.278,0.0,0.264,42.00552704303198,103262
0.525,0.646,0.0268,0.304,0.0,0.373,97.01276483747863,5090
0.679,0.715,0.034,0.3,4.94e-06,0.251,45.00592183181998,23418
0.567,0.515,0.247,0.354,0.0,0.321,4.000526385050665,87005
0.717,0.57,0.133,0.312,0.0,0.298,3.0003947887879985,94894
0.569,0.711,0.133,0.345,1.27e-06,0.297,3.0003947887879985,9953
0.638,0.678,0.246,0.33,0.0,0.375,10.001315962626663,9780
0.503,0.582,0.0253,0.472,0.0,0.326,126.01658112909594,99141
0.68,0.53,0.0889,0.417,0.011,0.352,53.00697460192131,84629
0.537,0.674,0.0284,0.426,0.0,0.329,42.00552704303198,856
0.705,0.688,0.0401,0.424,0.000178,0.339,31.004079484142654,21451
0.552,0.57,0.195,0.495,3.44e-06,0.281,3.0003947887879985,60320
0.749,0.546,0.207,0.463,0.00207,0.291,5.000657981313331,23839
0.565,0.642,0.205,0.389,0.0,0.343,3.0003947887879985,37905
0.744,0.695,0.234,0.476,6.07e-05,0.266,3.0003947887879985,33587
0.565,0.621,0.039,0.288,0.174,0.354,2.0002631925253325,54166
0.745,0.561,0.0457,0.289,0.172,0.302,2.0002631925253325,64602
0.582,0.64,0.0962,0.317,0.178,0.266,1.0001315962626662,23252
0.626,0.557,0.0414,0.408,0.149,0.276,1.0001315962626662,41724
0.678,0.533,0.186,0.462,0.219,0.323,1.0001315962626662,31355
0.517,0.579,0.0342,0.308,1.55e-06,0.394,89.01171206737729,56799
0.729,0.598,0.0567,0.299,0.0773,0.474,76.01000131596264,10500
0.502,0.65,0.0531,0.366,0.0,0.392,81.01065929727596,34822
0.647,0.642,0.0743,0.262,0.0,0.48,98.01289643374129,30760
0.615,0.622,0.209,0.328,0.0,0.449,2.0002631925253325,104701
0.74,0.613,0.145,0.258,0.00372,0.473,14.001842347677327,51110
0.615,0.719,0.245,0.304,0.0,0.423,1.0001315962626662,37792
0.704,0.691,0.158,0.255,0.0,0.427,18.00236873272799,68364
0.609,0.529,0.0295,0.499,0.0,0.384,100.01315962626663,25419
0.667,0.621,0.0271,0.47,4.15e-05,0.451,67.00881694959864,81732
0.585,0.632,0.0359,0.42,0.0,0.449,65.0085537570733,106521
0.634,0.63,0.031,0.447,0.0374,0.489,76.01000131596264,11044
0.608,0.522,0.214,0.384,8.62e-05,0.497,3.0003947887879985,89937
0.649,0.51,0.228,0.466,0.00202,0.476,11.001447558889328,1113
0.545,0.736,0.198,0.391,1.8e-06,0.459,13.001710751414661,60992
0.725,0.64,0.212,0.393,0.0,0.398,10.001315962626663,60751
0.584,0.578,0.0303,0.326,0.236,0.438,2.0002631925253325,34652
0.738,0.528,0.0281,0.307,0.223,0.415,1.0001315962626662,107450
0.714,0.721,0.0783,0.273,0.245,0.415,1.0001315962626662,111090
0.742,0.533,0.0288,0.459,0.148,0.391,4.000526385050665,107211
0.722,0.666,0.0389,0.401,0.154,0.401,2.0002631925253325,109845
0.294,0.547,0.0308,0.00915,0.0,0.284,38.00500065798132,48874
0.405,0.532,0.0289,0.00788,0.0,0.27,105.01381760757995,113301
0.359,0.706,0.0338,0.0132,0.00059,0.266,113.01487037768129,38820
0.478,0.72,0.0415,0.000728,0.0,0.26,282.0371101460719,72756
0.445,0.593,0.16,0.0657,5.15e-05,0.326,2.0002631925253325,113923
0.274,0.719,0.173,0.00386,2.03e-06,0.281,1.0001315962626662,5921
0.479,0.716,0.228,0.0624,0.000685,0.338,2.0002631925253325,111050
0.359,0.551,0.0568,0.137,4.63e-06,0.278,34.00447427293065,12229
0.388,0.529,0.0436,0.16,0.0681,0.332,69.00908014212396,84487
0.271,0.648,0.051,0.248,0.0,0.261,30.00394788787999,20887
0.455,0.738,0.0358,0.161,0.0678,0.335,86.0113172785893,1056
0.367,0.749,0.187,0.135,0.0,0.286,2.0002631925253325,28516
0.453,0.736,0.229,0.204,4.18e-06,0.288,4.000526385050665,32520
0.463,0.512,0.0589,0.00966,0.152,0.325,2.0002631925253325,54201
0.302,0.725,0.0684,0.00577,0.231,0.372,7.000921173838663,112784
0.428,0.656,0.075,0.0751,0.181,0.355,4.000526385050665,31811
0.383,0.516,0.0344,0.202,0.193,0.371,4.000526385050665,8474
0.463,0.672,0.115,0.239,0.14,0.31,2.0002631925253325,42568
0.324,0.528,0.0362,0.0163,0.0,0.47,29.00381629161732,82794
0.448,0.504,0.0317,0.0171,0.000849,0.391,81.01065929727596,47706
0.259,0.654,0.0331,0.025,0.0,0.452,62.00815896828531,67999
0.495,0.699,0.0297,0.00384,1.7e-05,0.492,183.02408211606792,44501
0.295,0.679,0.15,0.000551,5.44e-05,0.381,2.0002631925253325,72172
0.423,0.721,0.165,0.00792,0.0,0.382,4.000526385050665,91269
0.292,0.522,0.0364,0.206,0.0,0.388,13.001710751414661,11623
0.495,0.545,0.118,0.228,2.17e-06,0.398,42.00552704303198,28962
0.332,0.71,0.0384,0.239,8.85e-05,0.383,25.003289906566657,40139
0.498,0.74,0.0359,0.231,0.0,0.461,58.00763258323464,97816
0.337,0.623,0.182,0.162,0.0,0.461,2.0002631925253325,1311
0.469,0.622,0.13,0.164,0.0,0.382,5.000657981313331,39771
0.457,0.629,0.131,0.181,0.0,0.428,2.0002631925253325,43829
0.37,0.515,0.0321,0.0233,0.205,0.42,2.0002631925253325,11413
0.316,0.732,0.0477,0.00271,0.166,0.471,2.0002631925253325,45302
0.428,0.714,0.0376,0.0697,0.212,0.435,2.0002631925253325,107726
0.7,0.562,0.514,0.677,0.0,0.23,1.0001315962626662,21899
0.586,0.706,0.934,0.72,0.0,0.153,4.000526385050665,18891
0.508,0.912,0.925,0.547,0.0,0.135,5.000657981313331,18768
0.58,0.645,0.933,0.813,0.0,0.0938,10.001315962626663,18383
0.503,0.891,0.853,0.794,0.0,0.242,53.00697460192131,18546
0.515,0.558,0.536,0.703,0.0,0.45,1.0001315962626662,98441
0.602,0.797,0.692,0.697,0.0,0.341,1.0001315962626662,18388
0.604,0.738,0.95,0.623,0.0,0.443,21.00276352151599,18243
0.602,0.973,0.815,0.655,0.0,0.317,22.002895117778657,18940
0.794,0.752,0.853,0.567,0.0,0.32,1.0001315962626662,9769
0.593,0.595,0.626,0.788,0.0,0.268,2.0002631925253325,18052
0.551,0.823,0.614,0.807,0.0,0.449,7.000921173838663,18748
0.584,0.601,0.928,0.845,0.0,0.35,85.01118568232663,18428
0.758,0.642,0.954,0.87,0.0,0.5,1.0001315962626662,18659
0.505,0.785,0.955,0.891,0.0,0.3,110.01447558889329,18971
0.282,0.605,0.0294,0.0047,0.00144,0.0783,43.00565863929465,71213
0.403,0.623,0.0337,0.00346,0.0627,0.0819,64.00842216081064,6652
0.267,0.67,0.0807,0.0232,0.0,0.114,51.006711409395976,3809
0.46,0.74,0.0303,0.000203,0.0385,0.0808,90.01184366363997,84816
0.427,0.593,0.142,0.102,0.000147,0.0716,2.0002631925253325,111802
0.284,0.704,0.186,0.00583,0.000115,0.1,3.0003947887879985,98010
0.498,0.64,0.142,0.0219,0.0023,0.0985,3.0003947887879985,29846
0.359,0.501,0.0294,0.151,2.31e-06,0.077,13.001710751414661,113681
0.411,0.54,0.0289,0.143,0.0,0.0997,29.00381629161732,17490
0.366,0.685,0.111,0.205,0.0135,0.0863,4.000526385050665,17655
0.455,0.649,0.0519,0.126,0.000353,0.0719,17.002237136465325,32770
0.251,0.554,0.0334,0.0528,0.127,0.0764,2.0002631925253325,17853
0.401,0.571,0.0376,0.0428,0.176,0.0432,3.0003947887879985,111113
0.304,0.682,0.0443,0.0071,0.16,0.0795,2.0002631925253325,44850
0.404,0.674,0.0469,0.0128,0.155,0.0364,4.000526385050665,83602
0.27,0.612,0.0336,0.174,0.205,0.116,1.0001315962626662,79586
0.369,0.583,0.039,0.0728,1.68e-05,0.201,79.01039610475063,29903
0.465,0.624,0.031,0.0525,3.62e-05,0.127,171.02250296091592,40992
0.304,0.637,0.0334,0.00749,6.44e-05,0.174,137.01802868798526,71509
0.47,0.747,0.0509,0.124,0.0,0.187,271.03566258718257,29937
0.427,0.553,0.175,0.0996,4.34e-06,0.137,2.0002631925253325,55433
0.294,0.697,0.128,0.0398,0.00011,0.183,1.0001315962626662,15308
0.437,0.639,0.136,0.00383,0.0,0.186,3.0003947887879985,94639
0.285,0.619,0.04,0.148,0.0243,0.131,29.00381629161732,41604
0.489,0.561,0.0274,0.2,4.56e-05,0.238,97.01276483747863,15
0.353,0.723,0.0738,0.215,0.0,0.176,26.003421502829323,113827
0.422,0.657,0.0292,0.214,0.0,0.218,70.00921173838664,70114
0.346,0.61,0.15,0.198,0.0,0.235,1.0001315962626662,88707
0.348,0.693,0.187,0.208,0.0,0.245,1.0001315962626662,113818
0.428,0.707,0.135,0.142,0.00197,0.18,4.000526385050665,59377
0.33,0.529,0.0358,0.000807,0.214,0.148,1.0001315962626662,44888
0.471,0.604,0.0286,0.00161,0.154,0.187,4.000526385050665,106607
0.294,0.641,0.0291,0.0163,0.22,0.226,8.00105277010133,71103
0.477,0.718,0.0269,0.00216,0.193,0.136,4.000526385050665,41814
0.493,0.739,0.127,0.082,0.139,0.148,2.0002631925253325,10042
0.336,0.589,0.0305,0.197,0.179,0.163,2.0002631925253325,17795
0.397,0.538,0.0339,0.179,0.148,0.247,3.0003947887879985,99973
0.482,0.227,0.0329,0.664,0.554,0.621,3.0003947887879985,108520
0.479,0.297,0.0326,0.623,0.528,0.511,8.00105277010133,108623
0.239,0.229,0.0454,0.845,0.717,0.519,2.0002631925253325,26737
0.468,0.125,0.192,0.93,0.724,0.603,13.001710751414661,108584
0.49,0.416,0.0337,0.893,0.62,0.548,16.00210554020266,108909
0.479,0.214,0.034,0.713,0.82,0.588,1.0001315962626662,108817
0.404,0.448,0.0305,0.724,0.906,0.584,5.000657981313331,112664
0.224,0.0821,0.0368,0.984,0.868,0.501,4.000526385050665,16982
0.307,0.0532,0.0403,0.995,0.898,0.514,126.01658112909594,76041
0.364,0.307,0.0381,0.909,0.942,0.674,45.00592183181998,45717
0.445,0.499,0.301,0.796,0.794,0.544,1.0001315962626662,105979
0.44,0.45,0.0285,0.669,0.728,0.788,1.0001315962626662,45519
0.446,0.106,0.0459,0.987,0.696,0.844,7.000921173838663,16923
0.455,0.493,0.0743,0.933,0.664,0.84,4.000526385050665,108554
0.478,0.185,0.037,0.693,0.907,0.941,3.0003947887879985,16710
0.428,0.468,0.03,0.684,0.887,0.922,4.000526385050665,7868
0.0579,7.63e-05,0.0818,0.96,0.79,0.94,5.000657981313331,59274
0.348,0.158,0.0407,0.978,0.976,0.961,37.00486906171865,16669
0.329,0.41,0.039,0.839,0.806,0.952,14.001842347677327,7963
0.498,0.061,0.339,0.995,0.916,0.961,1.0001315962626662,16810
0.762,0.795,0.104,0.0459,0.0,0.588,277.03645216475854,83563
0.876,0.834,0.0454,0.044,3.93e-05,0.62,28.003684695354654,21341
0.863,0.901,0.0722,0.0755,0.00582,0.599,49.006448216870645,88822
0.93,0.962,0.118,0.118,0.0,0.508,2.0002631925253325,66740
0.853,0.791,0.246,0.0942,0.0,0.596,49.006448216870645,19970
0.91,0.776,0.151,0.058,1.15e-06,0.619,12.001579155151994,66109
0.79,0.895,0.198,0.122,0.000173,0.516,11.001447558889328,17364
0.922,0.976,0.163,0.0727,4.25e-05,0.561,7.000921173838663,66850
0.759,0.843,0.0913,0.127,0.0,0.56,128.01684432162128,68219
0.896,0.764,0.0767,0.174,2.36e-05,0.601,4.000526385050665,51683
0.77,0.9,0.102,0.145,0.0,0.598,9.001184366363995,78290
0.889,0.973,0.065,0.141,0.0,0.536,1.0001315962626662,14503
0.843,0.802,0.228,0.158,5e-06,0.618,29.00381629161732,31226
0.892,0.848,0.183,0.242,0.013,0.523,5.000657981313331,51525
0.776,0.911,0.131,0.155,2.59e-06,0.56,5.000657981313331,65461
0.923,0.968,0.181,0.2,0.000174,0.52,1.0001315962626662,48855
0.842,0.811,0.109,0.00579,0.176,0.594,12.001579155151994,23054
0.917,0.823,0.12,0.0305,0.139,0.612,1.0001315962626662,23576
0.785,0.884,0.0694,0.00207,0.133,0.53,3.0003947887879985,13693
0.798,0.993,0.145,0.000408,0.168,0.579,2.0002631925253325,27931
0.891,0.893,0.191,0.0142,0.142,0.555,3.0003947887879985,29058
0.956,0.764,0.0546,0.208,0.176,0.534,1.0001315962626662,13527
0.77,0.851,0.0607,0.0608,0.0348,0.748,165.02171338333991,60220
0.899,0.868,0.0674,0.000525,0.00185,0.735,23.003026714041322,73989
0.758,0.913,0.113,0.00364,6.92e-05,0.658,70.00921173838664,53111
0.91,0.881,0.107,0.0303,0.00197,0.65,1.0001315962626662,13670
0.787,0.872,0.143,0.0067,0.000193,0.696,85.01118568232663,68336
0.952,0.854,0.195,0.0813,3.27e-06,0.638,15.001973943939994,66692
0.761,0.899,0.183,0.0137,0.0,0.673,19.00250032899066,48509
0.974,0.922,0.174,0.0974,1.08e-06,0.657,2.0002631925253325,1300
0.824,0.766,0.0457,0.223,6.34e-05,0.724,79.01039610475063,103521
0.885,0.806,0.0476,0.135,0.000722,0.748,1.0001315962626662,66252
0.796,0.94,0.0804,0.17,0.000168,0.699,30.00394788787999,80826
0.878,0.893,0.122,0.182,0.0,0.682,8.00105277010133,68558
0.784,0.809,0.168,0.234,0.00277,0.651,31.004079484142654,111637
0.876,0.807,0.18,0.245,0.0,0.691,5.000657981313331,58450
0.838,0.92,0.178,0.155,7.95e-06,0.745,8.00105277010133,55939
0.808,0.826,0.0591,0.000901,0.226,0.742,8.00105277010133,43450
0.908,0.821,0.0413,0.00279,0.19,0.701,3.0003947887879985,13133
0.871,0.979,0.0756,0.0214,0.233,0.674,5.000657981313331,24077
0.783,0.78,0.0525,0.149,0.14,0.737,2.0002631925253325,8395
0.502,0.309,0.0308,0.575,0.000894,0.273,68.0089485458613,925
0.711,0.363,0.0857,0.576,0.0,0.372,33.00434267666799,33754
0.549,0.478,0.061,0.596,0.00357,0.308,114.01500197394395,70451
0.728,0.454,0.0278,0.512,1.39e-06,0.323,50.006579813133314,25563
0.629,0.451,0.187,0.528,0.0,0.365,1.0001315962626662,26316
0.531,0.3,0.029,0.696,0.0,0.306,80.0105277010133,77632
0.689,0.369,0.0278,0.693,0.00236,0.361,58.00763258323464,11255
0.555,0.452,0.0554,0.694,0.0,0.321,124.01631793657062,293
0.692,0.491,0.0296,0.715,0.0,0.314,69.00908014212396,70687
0.613,0.339,0.135,0.678,0.0,0.292,3.0003947887879985,33052
0.664,0.351,0.15,0.733,0.000138,0.316,4.000526385050665,3772
0.547,0.447,0.194,0.698,0.0,0.322,8.00105277010133,102603
0.737,0.463,0.243,0.7,0.000205,0.311,8.00105277010133,69245
0.686,0.286,0.0295,0.564,0.209,0.283,2.0002631925253325,103979
0.55,0.356,0.0405,0.637,0.187,0.343,6.000789577575997,99057
0.714,0.306,0.0388,0.726,0.168,0.314,14.001842347677327,56649
0.609,0.44,0.0359,0.697,0.209,0.306,2.0002631925253325,111902
0.649,0.478,0.0333,0.655,0.14,0.373,4.000526385050665,31954
0.526,0.292,0.0282,0.506,4.12e-06,0.404,40.00526385050665,69339
0.69,0.373,0.0286,0.618,0.0,0.473,32.00421108040532,19424
0.576,0.399,0.0354,0.584,1.26e-05,0.405,85.01118568232663,88916
0.691,0.465,0.0344,0.548,0.000156,0.404,61.00802737202264,39819
0.543,0.358,0.151,0.546,0.0,0.441,3.0003947887879985,74044
0.671,0.354,0.148,0.539,1.45e-05,0.454,1.0001315962626662,55530
0.566,0.496,0.176,0.515,0.0,0.39,3.0003947887879985,94826
0.75,0.473,0.18,0.598,0.0,0.49,8.00105277010133,33423
0.601,0.304,0.0283,0.671,0.0,0.455,54.007106198183976,97714
0.642,0.329,0.0262,0.703,0.00282,0.45,52.006843005658645,55891
0.6,0.386,0.024,0.736,2.49e-06,0.406,111.01460718515595,69241
0.705,0.441,0.0423,0.663,0.0,0.493,78.01026450848796,94170
0.597,0.341,0.148,0.64,0.0,0.465,1.0001315962626662,98842
0.716,0.29,0.128,0.692,0.0189,0.423,5.000657981313331,21138
0.564,0.389,0.179,0.685,0.0,0.5,2.0002631925253325,98261
0.72,0.492,0.144,0.734,1.92e-06,0.377,7.000921173838663,12851
0.674,0.327,0.0574,0.613,0.199,0.494,2.0002631925253325,102928
0.589,0.251,0.0365,0.664,0.13,0.404,2.0002631925253325,8350
0.636,0.305,0.0392,0.658,0.204,0.41,2.0002631925253325,12066
0.595,0.415,0.0369,0.685,0.197,0.398,1.0001315962626662,107925
0.684,0.391,0.0646,0.718,0.235,0.454,1.0001315962626662,111189
0.106,0.0202,0.043,0.799,0.769,0.0342,10.001315962626663,101706
0.159,0.123,0.0652,0.864,0.762,0.0498,25.003289906566657,4300
0.0851,0.199,0.0447,0.827,0.766,0.054,4.000526385050665,101962
0.168,0.132,0.0328,0.846,0.821,0.0362,17.002237136465325,113921
0.0967,0.103,0.0428,0.957,0.839,0.0392,47.006185024345314,98818
0.139,0.0401,0.0429,0.973,0.851,0.0397,112.01473878141861,5887
0.0709,0.127,0.0433,0.968,0.868,0.0346,13.001710751414661,59349
0.204,0.145,0.0451,0.95,0.771,0.0552,40.00526385050665,75980
0.0796,0.015,0.18,0.984,0.755,0.0294,1.0001315962626662,101489
0.231,0.174,0.15,0.958,0.843,0.0322,1.0001315962626662,11291
0.0943,0.0679,0.0375,0.8,0.909,0.0375,20.002631925253326,75179
0.158,0.0296,0.035,0.812,0.925,0.0298,51.006711409395976,26320
0.0849,0.177,0.0482,0.752,0.92,0.0455,15.001973943939994,59848
0.217,0.23,0.0324,0.862,0.898,0.0742,24.003158310303988,4552
0.135,0.12,0.167,0.866,0.973,0.0962,1.0001315962626662,101876
0.0626,0.0907,0.035,0.919,0.966,0.0376,139.01829188051062,4877
0.21,0.0337,0.0437,0.982,0.945,0.0384,324.04263718910386,75621
0.105,0.154,0.0334,0.946,0.895,0.0756,54.007106198183976,79687
0.217,0.197,0.0419,0.95,0.942,0.0301,124.01631793657062,101015
0.13,0.112,0.0513,0.79,0.855,0.145,5.000657981313331,4589
0.0912,0.195,0.0366,0.811,0.786,0.158,3.0003947887879985,26553
0.203,0.183,0.0348,0.812,0.873,0.182,4.000526385050665,26754
0.0998,0.0019,0.0434,0.972,0.753,0.178,1.0001315962626662,4914
0.246,0.111,0.0443,0.913,0.871,0.137,14.001842347677327,4313
0.123,0.161,0.0401,0.971,0.859,0.157,1.0001315962626662,75416
0.215,0.158,0.0436,0.947,0.846,0.238,19.00250032899066,75946
0.112,0.1,0.0419,0.866,0.925,0.145,1.0001315962626662,75896
0.184,0.109,0.0631,0.786,0.879,0.193,10.001315962626663,45278
0.215,0.153,0.0374,0.788,0.976,0.193,3.0003947887879985,26470
0.0865,0.00504,0.0494,0.991,0.965,0.138,5.000657981313331,113606
0.225,0.0047,0.0509,0.992,0.881,0.186,62.00815896828531,16468
0.0965,0.2,0.0393,0.967,0.958,0.238,7.000921173838663,16034
0.239,0.237,0.0522,0.989,0.879,0.231,35.00460586919332,4930
0.565,0.551,0.0687,0.0845,0.0,0.125,41.00539544676931,81074
0.653,0.505,0.0422,0.0747,1.62e-06,0.114,41.00539544676931,94081
0.518,0.726,0.046,0.0315,0.000257,0.113,70.00921173838664,83945
0.659,0.633,0.0334,0.0621,0.0128,0.0752,30.00394788787999,65407
0.601,0.55,0.213,0.0818,0.00228,0.125,1.0001315962626662,32108
0.635,0.576,0.159,0.063,0.0,0.0346,2.0002631925253325,21366
0.549,0.687,0.135,0.0722,0.0,0.0754,2.0002631925253325,58754
0.732,0.678,0.182,0.000997,0.0505,0.0611,1.0001315962626662,10480
0.574,0.567,0.0272,0.236,6.5e-05,0.114,23.003026714041322,69051
0.736,0.507,0.0437,0.223,0.0,0.0696,2.0002631925253325,94875
0.542,0.697,0.0365,0.174,0.00366,0.0877,12.001579155151994,41264
0.638,0.689,0.0363,0.231,0.000116,0.0913,5.000657981313331,107862
0.558,0.735,0.189,0.181,0.00159,0.0687,1.0001315962626662,49938
0.632,0.708,0.179,0.136,0.0,0.0512,1.0001315962626662,112960
0.521,0.55,0.0709,0.0029,0.171,0.0391,3.0003947887879985,27003
0.712,0.51,0.0348,0.0254,0.231,0.0407,7.000921173838663,111158
0.597,0.628,0.0348,0.00109,0.151,0.0529,3.0003947887879985,32829
0.632,0.668,0.0559,0.107,0.137,0.0893,5.000657981313331,49160
0.538,0.652,0.13,8.4e-05,0.133,0.0317,1.0001315962626662,46731
0.512,0.522,0.0282,0.226,0.203,0.0734,2.0002631925253325,41683
0.689,0.503,0.101,0.195,0.232,0.0634,1.0001315962626662,103916
0.526,0.666,0.0348,0.184,0.128,0.106,1.0001315962626662,17139
0.731,0.671,0.0504,0.213,0.182,0.055,1.0001315962626662,111704
0.511,0.623,0.049,0.03,1.8e-05,0.196,174.02289774970393,48471
0.713,0.526,0.032,0.00767,0.000148,0.131,64.00842216081064,53659
0.604,0.666,0.0271,0.0499,3.78e-05,0.246,215.02829319647324,62501
0.653,0.697,0.0609,0.0197,4.72e-06,0.134,143.01881826556126,32225
0.525,0.586,0.222,0.0318,0.0,0.127,1.0001315962626662,41201
0.719,0.571,0.169,0.0589,2.98e-06,0.206,14.001842347677327,68450
0.577,0.711,0.141,0.102,4.34e-05,0.249,9.001184366363995,36755
0.732,0.672,0.148,0.0642,0.0,0.16,9.001184366363995,87403
0.607,0.593,0.0378,0.2,0.0,0.211,94.01237004869063,81202
0.661,0.517,0.0406,0.223,0.0,0.241,60.00789577575998,102089
0.568,0.727,0.0336,0.194,0.0,0.195,57.007500986971976,104062
0.748,0.646,0.0498,0.167,0.000462,0.169,37.00486906171865,60753
0.566,0.575,0.24,0.149,0.0,0.184,2.0002631925253325,60453
0.521,0.682,0.14,0.162,0.0,0.208,1.0001315962626662,21213
0.664,0.692,0.127,0.237,0.0,0.233,6.000789577575997,79069
0.616,0.531,0.0305,0.0245,0.146,0.133,2.0002631925253325,5075
0.64,0.533,0.0417,0.0867,0.24,0.176,8.00105277010133,73040
0.61,0.75,0.0392,0.000315,0.182,0.155,15.001973943939994,50371
0.666,0.689,0.0788,0.0352,0.142,0.219,16.00210554020266,24673
0.581,0.519,0.164,0.0932,0.193,0.215,1.0001315962626662,50984
0.61,0.571,0.0395,0.242,0.21,0.147,2.0002631925253325,23204
0.549,0.706,0.0364,0.189,0.19,0.136,2.0002631925253325,41630
0.632,0.729,0.0293,0.174,0.218,0.196,1.0001315962626662,10159
0.703,0.375,0.0385,0.0502,0.694,0.676,7.000921173838663,105117
0.825,0.478,0.0524,0.000126,0.714,0.701,21.00276352151599,109297
0.565,0.381,0.269,0.0722,0.736,0.645,1.0001315962626662,105365
0.825,0.204,0.0468,0.337,0.717,0.71,1.0001315962626662,24202
0.533,0.288,0.167,0.384,0.558,0.585,7.000921173838663,54601
0.785,0.4,0.15,0.278,0.687,0.706,7.000921173838663,105949
0.917,0.313,0.466,0.335,0.529,0.671,1.0001315962626662,105267
0.574,0.25,0.0645,0.0627,0.84,0.51,1.0001315962626662,39976
0.797,0.229,0.13,0.000133,0.936,0.663,5.000657981313331,24058
0.746,0.477,0.0463,0.124,0.881,0.714,48.006316620607976,105092
0.755,0.368,0.172,0.117,0.839,0.616,55.007237794446645,105014
0.867,0.272,0.275,0.228,0.919,0.557,1.0001315962626662,5822
0.665,0.139,0.0551,0.464,0.839,0.703,3.0003947887879985,45454
0.848,0.172,0.147,0.376,0.887,0.569,3.0003947887879985,105525
0.748,0.381,0.0628,0.336,0.818,0.75,27.003553099091988,54851
0.879,0.252,0.0815,0.287,0.895,0.515,20.002631925253326,105378
0.749,0.123,0.295,0.316,0.874,0.53,1.0001315962626662,105734
0.648,0.439,0.268,0.348,0.888,0.682,1.0001315962626662,105589
0.829,0.391,0.29,0.282,0.816,0.629,3.0003947887879985,94401
0.684,0.399,0.117,0.233,0.52,0.754,7.000921173838663,1945
0.813,0.442,0.0401,0.0674,0.664,0.89,10.001315962626663,37798
0.917,0.336,0.367,0.000234,0.627,0.888,1.0001315962626662,73835
0.697,0.395,0.0281,0.428,0.653,0.876,4.000526385050665,2356
0.808,0.384,0.134,0.345,0.722,0.923,2.0002631925253325,13917
0.865,0.153,0.167,0.00816,0.887,0.918,1.0001315962626662,105580
0.646,0.441,0.0297,0.0777,0.899,0.767,15.001973943939994,13495
0.92,0.472,0.224,0.166,0.83,0.941,25.003289906566657,24855
0.708,0.485,0.26,0.00362,0.89,0.872,1.0001315962626662,24374
0.837,0.415,0.362,0.0268,0.792,0.811,1.0001315962626662,73878
0.643,0.226,0.0982,0.253,0.808,0.823,1.0001315962626662,45215
0.87,0.146,0.22,0.499,0.941,0.889,1.0001315962626662,15266
0.694,0.44,0.0467,0.34,0.952,0.884,6.000789577575997,52841
0.8,0.414,0.0669,0.435,0.915,0.953,2.0002631925253325,105115
0.615,0.436,0.391,0.383,0.896,0.778,1.0001315962626662,105470
0.523,0.281,0.104,0.755,0.0,0.289,179.02355573101727,108137
0.63,0.328,0.0306,0.833,0.0,0.3,76.01000131596264,12542
0.509,0.399,0.0404,0.847,0.00418,0.283,99.01302803000395,45836
0.634,0.426,0.0345,0.839,0.0,0.282,58.00763258323464,12941
0.57,0.319,0.238,0.867,3.23e-05,0.268,2.0002631925253325,39581
0.651,0.288,0.222,0.785,0.000106,0.297,1.0001315962626662,112901
0.561,0.4,0.146,0.769,9.16e-06,0.359,5.000657981313331,60070
0.643,0.417,0.186,0.809,0.0147,0.355,6.000789577575997,94251
0.614,0.278,0.0319,0.897,1.99e-06,0.316,75.00986971969996,57374
0.688,0.311,0.0353,0.888,1.93e-06,0.36,27.003553099091988,14350
0.62,0.472,0.0313,0.934,1.81e-05,0.355,14.001842347677327,26225
0.712,0.387,0.0978,0.894,0.0135,0.326,4.000526385050665,69611
0.545,0.369,0.234,0.952,0.0712,0.333,3.0003947887879985,76491
0.532,0.475,0.166,0.886,0.0,0.344,2.0002631925253325,108314
0.641,0.438,0.132,0.905,0.000134,0.343,1.0001315962626662,15254
0.522,0.339,0.0285,0.792,0.183,0.352,1.0001315962626662,74640
0.731,0.317,0.0358,0.812,0.149,0.33,6.000789577575997,55710
0.62,0.361,0.0339,0.958,0.184,0.266,1.0001315962626662,15897
0.709,0.286,0.0453,0.964,0.128,0.256,3.0003947887879985,32152
0.577,0.434,0.0303,0.887,0.215,0.321,4.000526385050665,34769
0.653,0.401,0.0279,0.893,0.143,0.311,3.0003947887879985,99156
0.708,0.306,0.197,0.886,0.163,0.344,1.0001315962626662,105244
0.618,0.334,0.0338,0.85,0.0,0.383,109.01434399263061,67987
0.635,0.357,0.0315,0.86,2.4e-05,0.418,103.01355441505463,69440
0.586,0.401,0.0289,0.83,0.0,0.388,109.01434399263061,40713
0.676,0.385,0.0595,0.775,0.0,0.413,64.00842216081064,102212
0.527,0.289,0.155,0.802,0.0,0.487,6.000789577575997,98198
0.693,0.324,0.205,0.796,0.0,0.382,1.0001315962626662,7453
0.524,0.407,0.206,0.789,0.0,0.465,4.000526385050665,33885
0.562,0.266,0.0409,0.928,0.000626,0.493,82.01079089353863,57811
0.66,0.327,0.0311,0.899,3.18e-05,0.45,42.00552704303198,52080
0.515,0.472,0.052,0.876,0.00325,0.454,31.004079484142654,103503
0.626,0.42,0.0293,0.883,0.0,0.386,6.000789577575997,12445
0.511,0.338,0.134,0.89,1.09e-05,0.403,2.0002631925253325,98193
0.663,0.316,0.203,0.881,0.0,0.487,2.0002631925253325,108289
0.652,0.483,0.246,0.931,0.0,0.469,1.0001315962626662,94217
0.578,0.269,0.0405,0.781,0.243,0.421,4.000526385050665,64730
0.71,0.36,0.0281,0.753,0.233,0.433,1.0001315962626662,38064
0.544,0.389,0.0348,0.778,0.202,0.457,2.0002631925253325,12006
0.555,0.338,0.0396,0.95,0.175,0.496,5.000657981313331,94714
0.617,0.426,0.0299,0.95,0.233,0.4,4.000526385050665,57519
0.277,0.0113,0.0285,0.769,0.00268,0.0725,9.001184366363995,16175
0.449,0.0816,0.042,0.862,0.00488,0.0613,1.0001315962626662,14368
0.293,0.237,0.0284,0.78,0.0,0.108,24.003158310303988,2857
0.427,0.23,0.0353,0.764,1.6e-06,0.109,21.00276352151599,37884
0.338,0.216,0.14,0.87,0.0,0.0913,1.0001315962626662,98513
0.308,0.0893,0.063,0.983,0.0302,0.101,78.01026450848796,93161
0.46,0.0414,0.0414,0.978,0.00035,0.056,46.006053428082645,64088
0.375,0.139,0.0324,0.977,8.61e-06,0.0878,96.01263324121595,64687
0.401,0.214,0.0401,0.969,0.00199,0.0729,46.006053428082645,79432
0.311,0.0948,0.0555,0.861,0.202,0.0649,3.0003947887879985,75528
0.344,0.2,0.034,0.785,0.162,0.049,2.0002631925253325,45077
0.488,0.134,0.0327,0.76,0.219,0.0507,2.0002631925253325,64905
0.297,0.0155,0.0513,0.978,0.184,0.0971,3.0003947887879985,4839
0.438,0.117,0.0524,0.985,0.221,0.0773,1.0001315962626662,93905
0.345,0.158,0.051,0.983,0.227,0.0448,6.000789577575997,76396
0.321,0.09,0.0321,0.838,0.00266,0.157,21.00276352151599,64532
0.413,0.101,0.0459,0.819,0.00349,0.148,24.003158310303988,102954
0.342,0.215,0.054,0.796,0.000125,0.213,67.00881694959864,57965
0.447,0.158,0.036,0.872,1.58e-06,0.142,114.01500197394395,79469
0.427,0.0126,0.128,0.874,0.0407,0.164,1.0001315962626662,59238
0.378,0.199,0.186,0.778,1.71e-06,0.242,2.0002631925253325,98770
0.342,0.0606,0.0449,0.938,3.51e-05,0.202,102.01342281879195,26231
0.413,0.0944,0.0376,0.925,0.00162,0.156,121.01592314778262,93582
0.324,0.211,0.0287,0.944,0.0031,0.199,149.01960784313727,79833
0.483,0.18,0.0292,0.907,0.0,0.15,157.0206606132386,112687
0.347,0.107,0.206,0.964,2.74e-06,0.219,1.0001315962626662,76702
0.314,0.198,0.167,0.991,0.0577,0.18,2.0002631925253325,93700
0.42,0.174,0.137,0.9,0.0,0.135,3.0003947887879985,74956
0.255,0.105,0.0987,0.774,0.198,0.166,1.0001315962626662,75886
0.295,0.183,0.0385,0.78,0.214,0.17,3.0003947887879985,98423
0.42,0.235,0.0324,0.866,0.127,0.196,5.000657981313331,7623
0.332,0.0808,0.0498,0.989,0.16,0.208,1.0001315962626662,76902
0.435,0.0963,0.0393,0.939,0.184,0.157,5.000657981313331,93635
0.338,0.202,0.0314,0.953,0.194,0.128,8.00105277010133,4476
0.469,0.17,0.0399,0.988,0.244,0.202,6.000789577575997,4483
0.87,0.53,0.0694,0.0315,0.000123,0.751,106.01394920384261,100091
0.951,0.6,0.0685,0.106,0.0,0.822,23.003026714041322,20717
0.766,0.722,0.0549,0.0335,1.01e-05,0.842,180.02368732727993,1868
0.956,0.719,0.0494,0.0481,0.0,0.788,21.00276352151599,66607
0.756,0.589,0.232,0.0812,0.0,0.811,35.00460586919332,53877
0.904,0.601,0.198,0.0305,0.0,0.761,14.001842347677327,20676
0.777,0.729,0.156,0.0242,0.0,0.837,41.00539544676931,112242
0.942,0.663,0.149,0.0194,8.23e-05,0.751,18.00236873272799,66713
0.827,0.587,0.113,0.203,0.0,0.774,32.00421108040532,81112
0.977,0.606,0.124,0.169,9.94e-05,0.774,5.000657981313331,66062
0.783,0.748,0.0892,0.147,0.0,0.806,66.00868535333598,89873
0.881,0.696,0.0797,0.136,4.06e-05,0.781,27.003553099091988,67146
0.785,0.58,0.234,0.19,0.0,0.854,14.001842347677327,66273
0.863,0.666,0.152,0.212,0.000493,0.838,36.00473746545598,88172
0.899,0.635,0.16,0.145,0.006,0.781,1.0001315962626662,106559
0.754,0.602,0.039,0.00224,0.131,0.753,3.0003947887879985,24273
0.825,0.669,0.0475,0.0761,0.169,0.767,4.000526385050665,65284
0.897,0.611,0.211,0.0291,0.186,0.769,1.0001315962626662,48118
0.833,0.644,0.16,0.00647,0.153,0.857,1.0001315962626662,13573
0.887,0.682,0.165,0.00823,0.138,0.764,1.0001315962626662,43517
0.834,0.562,0.0373,0.0982,0.0,0.953,97.01276483747863,9607
0.974,0.527,0.0913,0.0153,0.0,0.922,11.001447558889328,66662
0.821,0.736,0.0669,0.0914,0.0,0.941,136.0178970917226,89490
0.886,0.708,0.0911,0.107,0.0114,0.965,56.00736939070931,88353
0.791,0.582,0.25,0.0462,0.0,0.883,4.000526385050665,66410
0.959,0.536,0.183,0.0788,0.0,0.917,3.0003947887879985,66977
0.787,0.728,0.218,0.0124,0.0,0.94,15.001973943939994,88802
0.883,0.704,0.142,0.0272,1.48e-06,0.944,4.000526385050665,66661
0.807,0.563,0.0287,0.242,0.00322,0.925,42.00552704303198,99836
0.878,0.578,0.0466,0.221,0.0,0.961,9.001184366363995,21290
0.775,0.66,0.0327,0.2,0.0,0.966,61.00802737202264,14232
0.94,0.665,0.0594,0.166,0.0,0.969,18.00236873272799,60913
0.837,0.603,0.163,0.141,0.0,0.932,11.001447558889328,66160
0.936,0.539,0.128,0.222,0.0,0.923,1.0001315962626662,14226
0.826,0.73,0.173,0.224,0.000689,0.972,11.001447558889328,100338
0.879,0.73,0.247,0.212,1.04e-06,0.877,2.0002631925253325,112109
0.813,0.625,0.0409,0.000713,0.182,0.961,1.0001315962626662,107593
0.788,0.728,0.0295,0.00325,0.23,0.936,3.0003947887879985,11701
0.888,0.635,0.111,0.0409,0.183,0.935,1.0001315962626662,24589
0.86,0.541,0.0325,0.165,0.163,0.952,4.000526385050665,81352
0.601,0.574,0.03,0.579,1.14e-05,0.8,22.002895117778657,84404
0.724,0.54,0.0256,0.536,0.0,0.775,79.01039610475063,70741
0.53,0.701,0.0823,0.536,8.09e-06,0.818,57.007500986971976,81681
0.697,0.632,0.0342,0.608,0.00364,0.792,91.01197525990263,1592
0.728,0.525,0.171,0.585,0.0,0.779,1.0001315962626662,98092
0.56,0.644,0.131,0.515,0.0,0.875,4.000526385050665,1916
0.74,0.722,0.246,0.606,0.0,0.76,4.000526385050665,9352
0.534,0.559,0.0682,0.63,0.0,0.868,117.01539676273195,90775
0.728,0.538,0.0233,0.66,0.00104,0.79,104.01368601131729,11085
0.624,0.702,0.0363,0.75,0.00053,0.787,68.0089485458613,45288
0.744,0.706,0.054,0.638,0.0,0.79,48.006316620607976,97077
0.695,0.624,0.219,0.636,1.83e-06,0.774,3.0003947887879985,96284
0.518,0.693,0.152,0.666,0.0,0.752,6.000789577575997,77529
0.672,0.663,0.126,0.666,0.0,0.853,3.0003947887879985,7121
0.545,0.73,0.0578,0.572,0.227,0.797,1.0001315962626662,84996
0.669,0.704,0.03,0.537,0.165,0.85,2.0002631925253325,7717
0.704,0.668,0.129,0.538,0.137,0.784,1.0001315962626662,111271
0.649,0.618,0.0418,0.737,0.163,0.752,1.0001315962626662,1736
0.54,0.53,0.0361,0.614,0.0,0.896,31.004079484142654,90366
0.629,0.56,0.0523,0.595,0.0,0.88,56.00736939070931,90090
0.592,0.627,0.0662,0.55,0.0,0.909,58.00763258323464,92156
0.738,0.702,0.0865,0.611,0.0,0.961,86.0113172785893,89667
0.69,0.531,0.161,0.565,0.0,0.888,1.0001315962626662,90393
0.609,0.688,0.143,0.503,0.0,0.893,2.0002631925253325,97207
0.631,0.696,0.211,0.578,0.0,0.927,3.0003947887879985,62755
0.555,0.512,0.0597,0.687,2.69e-05,0.92,43.00565863929465,95327
0.65,0.538,0.0642,0.665,9.93e-06,0.929,40.00526385050665,95228
0.576,0.682,0.0369,0.726,0.0,0.919,40.00526385050665,90084
0.723,0.71,0.0769,0.683,0.0,0.925,81.01065929727596,96618
0.598,0.571,0.139,0.704,0.0,0.962,7.000921173838663,79231
0.67,0.573,0.149,0.663,0.0,0.876,4.000526385050665,36741
0.505,0.721,0.139,0.726,0.0,0.911,9.001184366363995,77778
0.636,0.659,0.15,0.659,0.0,0.89,5.000657981313331,108433
0.621,0.618,0.041,0.676,0.234,0.962,1.0001315962626662,95930
0.508,0.798,0.0463,0.289,0.0,0.808,59.00776417949731,103392
0.679,0.778,0.125,0.354,0.0,0.822,83.0109224898013,36442
0.566,0.877,0.0789,0.352,0.0,0.769,35.00460586919332,97616
0.676,0.892,0.0348,0.326,9.46e-06,0.829,64.00842216081064,67964
0.56,0.863,0.149,0.252,0.00835,0.799,6.000789577575997,96755
0.661,0.859,0.161,0.259,0.0,0.864,15.001973943939994,69433
0.624,0.929,0.226,0.349,0.0,0.817,8.00105277010133,37744
0.691,0.934,0.185,0.354,0.000206,0.832,5.000657981313331,80831
0.591,0.868,0.059,0.465,0.0,0.833,65.0085537570733,35788
0.649,0.82,0.0671,0.439,0.0,0.806,82.01079089353863,35757
0.599,0.914,0.0629,0.5,0.0,0.831,25.003289906566657,35011
0.67,0.896,0.057,0.382,0.0201,0.787,35.00460586919332,86320
0.606,0.856,0.167,0.448,0.0,0.874,11.001447558889328,104675
0.715,0.857,0.126,0.376,4.4e-06,0.755,11.001447558889328,38708
0.559,0.907,0.145,0.431,0.0,0.865,8.00105277010133,35558
0.666,0.976,0.143,0.483,0.0,0.775,8.00105277010133,61367
0.748,0.812,0.0324,0.261,0.164,0.796,3.0003947887879985,23287
0.592,0.941,0.0576,0.288,0.214,0.812,1.0001315962626662,80975
0.714,0.958,0.0767,0.334,0.223,0.773,1.0001315962626662,92989
0.614,0.796,0.0395,0.429,0.207,0.796,1.0001315962626662,7840
0.54,0.862,0.0284,0.33,1.7e-05,0.931,50.006579813133314,11942
0.684,0.789,0.065,0.31,2.31e-06,0.923,97.01276483747863,92372
0.622,0.934,0.107,0.309,0.0,0.922,33.00434267666799,97467
0.745,0.897,0.108,0.251,0.0,0.964,83.0109224898013,34782
0.56,0.815,0.204,0.305,0.0155,0.921,2.0002631925253325,36991
0.686,0.821,0.242,0.296,0.0,0.961,5.000657981313331,92642
0.598,0.916,0.179,0.334,0.0,0.892,5.000657981313331,49492
0.65,0.949,0.167,0.324,0.0,0.913,3.0003947887879985,80327
0.614,0.801,0.0311,0.483,1.01e-05,0.921,51.006711409395976,7394
0.628,0.806,0.0298,0.453,2.35e-05,0.915,121.01592314778262,45945
0.567,0.92,0.0483,0.468,4.04e-05,0.9,31.004079484142654,107147
0.747,0.883,0.055,0.466,0.0,0.926,53.00697460192131,96640
0.615,0.808,0.13,0.41,0.0,0.93,2.0002631925253325,95573
0.727,0.854,0.138,0.406,1.37e-06,0.941,6.000789577575997,87619
0.627,0.939,0.179,0.415,1.67e-06,0.92,1.0001315962626662,55571
0.51,0.846,0.0306,0.255,0.225,0.931,1.0001315962626662,7280
0.626,0.949,0.0451,0.276,0.126,0.967,1.0001315962626662,38970
0.54,0.797,0.0617,0.434,0.165,0.935,1.0001315962626662,1368
0.595,0.887,0.0409,0.47,0.199,0.966,1.0001315962626662,35779
0.612,0.58,0.0419,0.525,0.000414,0.534,57.007500986971976,81097
0.679,0.61,0.0305,0.585,9.51e-05,0.554,81.01065929727596,56724
0.621,0.643,0.0445,0.577,0.0,0.587,74.0097381234373,77987
0.631,0.634,0.0326,0.568,0.0,0.569,63.00829056454797,39438
0.573,0.595,0.126,0.522,0.0,0.557,8.00105277010133,37581
0.668,0.582,0.217,0.531,0.0,0.569,7.000921173838663,39911
0.532,0.689,0.161,0.565,0.0,0.553,3.0003947887879985,77440
0.715,0.737,0.192,0.613,0.0,0.576,9.001184366363995,69752
0.587,0.55,0.0279,0.712,0.0,0.525,93.01223845242797,87950
0.666,0.556,0.0272,0.732,0.0,0.602,53.00697460192131,12614
0.556,0.686,0.0394,0.645,0.0,0.576,44.00579023555731,77526
0.737,0.725,0.0381,0.668,0.0,0.503,21.00276352151599,69078
0.507,0.503,0.143,0.642,0.0,0.605,12.001579155151994,87811
0.688,0.623,0.169,0.656,0.0,0.576,10.001315962626663,66421
0.523,0.727,0.137,0.703,2.14e-06,0.578,1.0001315962626662,34777
0.718,0.697,0.135,0.634,1.53e-05,0.62,9.001184366363995,80069
0.589,0.557,0.0421,0.551,0.151,0.545,1.0001315962626662,111103
0.671,0.628,0.0273,0.536,0.151,0.595,1.0001315962626662,33225
0.602,0.52,0.028,0.732,0.221,0.523,1.0001315962626662,833
0.54,0.553,0.0307,0.539,0.0,0.687,42.00552704303198,8840
0.644,0.55,0.0299,0.526,0.0,0.636,61.00802737202264,95073
0.581,0.721,0.0441,0.612,0.000358,0.67,77.0101329122253,96013
0.75,0.667,0.0595,0.616,0.0,0.695,64.00842216081064,77513
0.537,0.524,0.167,0.55,0.000106,0.728,7.000921173838663,7281
0.705,0.604,0.231,0.568,0.0,0.691,5.000657981313331,37456
0.586,0.702,0.132,0.59,0.0,0.644,5.000657981313331,345
0.681,0.69,0.167,0.61,1.25e-05,0.716,8.00105277010133,96369
0.556,0.546,0.0333,0.745,0.000104,0.691,72.00947493091196,7108
0.626,0.522,0.0317,0.686,0.0,0.628,63.00829056454797,55112
0.505,0.75,0.0456,0.737,0.0,0.745,63.00829056454797,77049
0.689,0.711,0.0491,0.64,0.00264,0.677,40.00526385050665,77902
0.589,0.594,0.216,0.656,0.0,0.671,10.001315962626663,41478
0.608,0.634,0.212,0.722,0.0,0.701,3.0003947887879985,99771
0.695,0.655,0.173,0.743,0.0,0.747,4.000526385050665,98086
0.538,0.553,0.0391,0.742,0.165,0.647,1.0001315962626662,45990
0.186,0.354,0.0322,0.133,0.0,0.509,1.0001315962626662,9929
0.272,0.447,0.0404,0.0121,0.0,0.523,87.01144887485196,112416
0.495,0.437,0.304,0.236,0.0,0.599,3.0003947887879985,69950
0.462,0.242,0.0616,0.447,0.0,0.652,5.000657981313331,98204
0.234,0.396,0.0394,0.401,0.000303,0.636,3.0003947887879985,84995
0.436,0.499,0.0356,0.499,5.01e-05,0.551,107.01408080010529,80316
0.493,0.356,0.26,0.293,0.0,0.738,2.0002631925253325,93897
0.22,0.467,0.059,4.23e-06,0.45,0.704,1.0001315962626662,42376
0.488,0.484,0.103,0.0441,0.278,0.723,2.0002631925253325,90878
0.395,0.485,0.0318,0.468,0.409,0.536,1.0001315962626662,7613
0.447,0.442,0.0471,0.0472,0.000559,0.776,9.001184366363995,38350
0.462,0.234,0.0523,0.428,3.84e-05,0.965,1.0001315962626662,90924
0.426,0.473,0.0335,0.353,0.0,0.937,40.00526385050665,84007
0.343,0.472,0.401,0.314,2.26e-06,0.764,1.0001315962626662,1735
0.412,0.436,0.0491,0.441,0.33,0.948,1.0001315962626662,90545
0.295,0.714,0.0584,0.725,0.714,0.0836,4.000526385050665,59910
0.403,0.775,0.0607,0.671,0.635,0.207,3.0003947887879985,16407
0.155,0.528,0.179,0.774,0.652,0.0236,5.000657981313331,101331
0.382,0.54,0.0289,0.908,0.651,0.0948,5.000657981313331,15917
0.137,0.89,0.041,0.903,0.696,0.0238,14.001842347677327,101796
0.469,0.921,0.0779,0.768,0.528,0.0623,5.000657981313331,101414
0.199,0.539,0.0882,0.577,0.896,0.15,12.001579155151994,59121
0.271,0.597,0.0334,0.548,0.83,0.111,20.002631925253326,5221
0.108,0.999,0.0577,0.554,0.974,1e-05,16.00210554020266,101049
0.456,0.936,0.141,0.562,0.897,0.114,6.000789577575997,54874
0.45,0.555,0.31,0.544,0.886,0.208,1.0001315962626662,54275
0.129,0.593,0.0748,0.762,0.902,0.0274,33.00434267666799,101584
0.494,0.59,0.0445,0.754,0.924,0.0353,31.004079484142654,54427
0.185,0.994,0.0475,0.805,0.988,1e-05,30.00394788787999,101927
0.474,0.995,0.0502,0.934,0.872,0.0146,22.002895117778657,101461
0.234,0.566,0.315,0.846,0.767,0.0396,2.0002631925253325,59063
0.308,0.653,0.409,0.883,0.805,0.0377,2.0002631925253325,113549
0.486,0.586,0.032,0.638,0.59,0.393,10.001315962626663,1835
0.149,0.553,0.0412,0.906,0.719,0.369,2.0002631925253325,16370
0.424,0.557,0.084,0.836,0.746,0.329,4.000526385050665,94245
0.158,0.615,0.0367,0.689,0.861,0.303,1.0001315962626662,84514
0.484,0.75,0.0685,0.697,0.862,0.467,12.001579155151994,57700
0.418,0.759,0.243,0.506,0.892,0.336,2.0002631925253325,24744
0.23,0.704,0.0566,0.767,0.869,0.308,1.0001315962626662,84477
0.308,0.546,0.0305,0.95,0.795,0.36,10.001315962626663,45985
0.414,0.821,0.0442,0.808,0.814,0.432,1.0001315962626662,45201
0.618,0.337,0.0971,0.835,2.7e-05,0.529,92.01210685616529,96834
0.737,0.323,0.0427,0.832,0.0,0.598,67.00881694959864,11767
0.504,0.421,0.0587,0.802,1.31e-05,0.579,77.0101329122253,93736
0.641,0.386,0.0241,0.773,0.000253,0.592,74.0097381234373,69486
0.539,0.372,0.184,0.807,2.36e-06,0.616,5.000657981313331,45291
0.671,0.295,0.166,0.84,0.00168,0.513,2.0002631925253325,94467
0.55,0.499,0.14,0.776,0.0,0.584,10.001315962626663,80871
0.656,0.391,0.134,0.755,0.0,0.625,7.000921173838663,26860
0.523,0.346,0.0937,0.976,0.00175,0.528,49.006448216870645,76234
0.683,0.271,0.0359,0.919,0.0,0.608,41.00539544676931,52469
0.541,0.477,0.0281,0.901,0.014,0.591,39.00513225424398,70941
0.636,0.41,0.0277,0.941,0.000717,0.516,21.00276352151599,34069
0.575,0.295,0.204,0.877,0.000763,0.564,3.0003947887879985,1278
0.634,0.304,0.236,0.985,0.0057,0.605,5.000657981313331,108400
0.571,0.485,0.192,0.91,0.0,0.6,2.0002631925253325,108898
0.678,0.4,0.126,0.954,0.0,0.519,2.0002631925253325,18555
0.677,0.268,0.22,0.817,0.152,0.62,1.0001315962626662,1340
0.625,0.269,0.0622,0.975,0.238,0.557,1.0001315962626662,108609
0.703,0.277,0.087,0.953,0.229,0.575,1.0001315962626662,5662
0.553,0.429,0.0283,0.921,0.135,0.532,2.0002631925253325,34775
0.682,0.462,0.0388,0.913,0.212,0.529,3.0003947887879985,56672
0.608,0.251,0.0294,0.852,0.000119,0.65,121.01592314778262,52289
0.65,0.282,0.123,0.785,0.00106,0.641,57.007500986971976,99892
0.602,0.481,0.0453,0.751,0.00236,0.733,61.00802737202264,69144
0.687,0.402,0.0985,0.828,0.000428,0.646,58.00763258323464,14786
0.623,0.298,0.166,0.861,0.0,0.67,3.0003947887879985,65445
0.649,0.296,0.199,0.777,0.0,0.745,1.0001315962626662,66067
0.54,0.409,0.172,0.816,0.000838,0.706,4.000526385050665,108185
0.734,0.49,0.126,0.838,3.37e-05,0.722,1.0001315962626662,36691
0.53,0.251,0.0532,0.897,5.2e-05,0.666,68.0089485458613,93004
0.741,0.373,0.0405,0.965,0.0,0.7,31.004079484142654,90477
0.615,0.379,0.0625,0.995,0.000335,0.75,29.00381629161732,108336
0.669,0.414,0.099,0.987,0.0,0.677,10.001315962626663,108301
0.515,0.262,0.239,0.978,6.9e-05,0.647,3.0003947887879985,16622
0.706,0.365,0.178,0.975,0.000319,0.719,8.00105277010133,108638
0.531,0.487,0.22,0.911,0.00201,0.749,3.0003947887879985,94953
0.669,0.445,0.173,0.925,0.00388,0.709,2.0002631925253325,108124
0.55,0.424,0.0427,0.871,0.143,0.709,1.0001315962626662,108633
0.513,0.305,0.0574,0.965,0.169,0.631,7.000921173838663,108490
0.593,0.498,0.0326,0.904,0.191,0.646,1.0001315962626662,108572
0.677,0.446,0.0418,0.92,0.19,0.634,1.0001315962626662,16579
0.369,0.341,0.0424,0.794,0.0,0.315,55.007237794446645,93611
0.474,0.322,0.025,0.83,1.47e-05,0.353,135.01776549545994,45329
0.358,0.391,0.0316,0.856,0.00232,0.284,46.006053428082645,70074
0.425,0.382,0.0332,0.856,0.0,0.337,91.01197525990263,45139
0.303,0.349,0.208,0.758,0.000169,0.337,1.0001315962626662,55080
0.407,0.307,0.163,0.783,0.000432,0.286,5.000657981313331,12200
0.395,0.443,0.133,0.765,9.67e-06,0.338,1.0001315962626662,81956
0.335,0.326,0.0331,0.948,0.0,0.326,46.006053428082645,70104
0.4,0.367,0.0331,0.891,0.0,0.357,107.01408080010529,98142
0.338,0.496,0.0766,0.991,0.0,0.304,27.003553099091988,93460
0.396,0.398,0.0412,0.88,0.0,0.305,31.004079484142654,79775
0.418,0.296,0.204,0.977,0.0308,0.334,2.0002631925253325,11283
0.316,0.279,0.0532,0.845,0.244,0.262,2.0002631925253325,26436
0.369,0.44,0.031,0.856,0.184,0.333,2.0002631925253325,7093
0.287,0.369,0.0466,0.983,0.153,0.354,1.0001315962626662,93843
0.389,0.339,0.0314,0.916,0.15,0.335,5.000657981313331,55479
0.287,0.421,0.0312,0.989,0.179,0.292,1.0001315962626662,93309
0.376,0.404,0.0716,0.979,0.159,0.267,1.0001315962626662,76299
0.304,0.305,0.0298,0.871,0.00368,0.464,52.006843005658645,102387
0.434,0.3,0.0286,0.832,0.0,0.481,85.01118568232663,64468
0.312,0.452,0.0391,0.796,0.000874,0.391,39.00513225424398,80771
0.395,0.403,0.042,0.823,5.18e-06,0.394,48.006316620607976,7762
0.341,0.266,0.146,0.831,0.0,0.388,3.0003947887879985,2059
0.489,0.256,0.174,0.792,0.0,0.425,2.0002631925253325,97598
0.26,0.281,0.0324,0.882,0.0,0.416,52.006843005658645,98541
0.48,0.273,0.0319,0.913,0.000135,0.438,66.00868535333598,7751
0.287,0.464,0.0419,0.932,0.0,0.404,14.001842347677327,93598
0.391,0.388,0.0279,0.937,0.00754,0.376,25.003289906566657,93217
0.37,0.285,0.139,0.924,4.86e-06,0.433,1.0001315962626662,108981
0.499,0.303,0.197,0.966,0.0107,0.404,2.0002631925253325,34717
0.347,0.402,0.131,0.966,0.0102,0.421,1.0001315962626662,108954
0.494,0.403,0.156,0.987,1.77e-06,0.421,1.0001315962626662,108367
0.491,0.339,0.0433,0.837,0.239,0.449,2.0002631925253325,108880
0.472,0.287,0.21,0.83,0.247,0.481,2.0002631925253325,94574
0.499,0.327,0.0382,0.937,0.161,0.43,6.000789577575997,16091
0.315,0.411,0.033,0.877,0.236,0.483,1.0001315962626662,12019
0.578,0.584,0.0482,0.319,0.0,0.834,29.00381629161732,74260
0.665,0.558,0.0311,0.27,0.000181,0.827,55.007237794446645,92207
0.571,0.739,0.0351,0.338,5.28e-06,0.818,44.00579023555731,77695
0.65,0.634,0.0265,0.27,0.0,0.767,100.01315962626663,106693
0.602,0.557,0.178,0.253,0.0,0.765,6.000789577575997,84199
0.73,0.61,0.238,0.373,0.0,0.8,10.001315962626663,33612
0.529,0.626,0.151,0.354,0.0,0.754,8.00105277010133,90269
0.696,0.668,0.199,0.361,0.0038,0.761,15.001973943939994,67161
0.573,0.604,0.0279,0.464,0.0126,0.782,21.00276352151599,7079
0.742,0.514,0.0504,0.411,0.0,0.79,68.0089485458613,35824
0.543,0.701,0.0327,0.462,0.0,0.828,99.01302803000395,77748
0.701,0.632,0.0644,0.425,0.0,0.763,85.01118568232663,90793
0.644,0.6,0.177,0.424,0.0,0.81,2.0002631925253325,77736
0.507,0.698,0.21,0.404,2.22e-06,0.783,3.0003947887879985,96415
0.711,0.63,0.238,0.451,9.2e-06,0.851,15.001973943939994,78200
0.532,0.612,0.0279,0.386,0.188,0.816,2.0002631925253325,52754
0.693,0.547,0.041,0.42,0.141,0.774,1.0001315962626662,103953
0.689,0.731,0.0453,0.377,0.162,0.814,1.0001315962626662,96923
0.622,0.567,0.0421,0.292,1.57e-05,0.96,23.003026714041322,95053
0.74,0.589,0.0368,0.325,0.00766,0.893,47.006185024345314,111291
0.552,0.655,0.0478,0.318,0.0,0.889,33.00434267666799,96094
0.697,0.715,0.0396,0.365,1.48e-05,0.887,80.0105277010133,47745
0.607,0.586,0.15,0.307,1.51e-06,0.921,1.0001315962626662,21461
0.733,0.535,0.206,0.355,0.0049,0.914,1.0001315962626662,15535
0.549,0.686,0.136,0.291,0.0,0.926,4.000526385050665,90059
0.64,0.729,0.241,0.332,0.00256,0.942,8.00105277010133,85985
0.567,0.579,0.029,0.38,2.8e-05,0.92,20.002631925253326,84719
0.634,0.579,0.075,0.418,0.0,0.901,53.00697460192131,23356
0.599,0.695,0.0303,0.39,0.000234,0.965,29.00381629161732,7252
0.715,0.65,0.0514,0.445,1.88e-06,0.889,74.0097381234373,96172
0.507,0.583,0.137,0.456,7.27e-06,0.966,1.0001315962626662,92569
0.7,0.56,0.188,0.497,0.0,0.911,3.0003947887879985,92833
0.621,0.74,0.187,0.378,0.0,0.939,1.0001315962626662,41016
0.659,0.726,0.225,0.396,6.94e-06,0.883,5.000657981313331,10133
0.616,0.734,0.0342,0.367,0.187,0.966,1.0001315962626662,7416
0.605,0.546,0.0757,0.435,0.127,0.897,3.0003947887879985,12711
0.589,0.685,0.056,0.418,0.131,0.93,1.0001315962626662,95197
0.712,0.64,0.0401,0.607,0.599,0.684,12.001579155151994,15620
0.778,0.672,0.0286,0.599,0.743,0.707,2.0002631925253325,28736
0.585,0.857,0.0393,0.58,0.601,0.624,5.000657981313331,8807
0.791,0.576,0.338,0.501,0.522,0.684,1.0001315962626662,54348
0.569,0.555,0.0473,0.93,0.745,0.527,7.000921173838663,15968
0.811,0.615,0.0446,0.761,0.578,0.743,1.0001315962626662,38315
0.727,0.815,0.0736,0.781,0.746,0.631,1.0001315962626662,24803
0.685,0.572,0.0993,0.516,0.816,0.586,22.002895117778657,48517
0.769,0.567,0.0583,0.591,0.899,0.652,6.000789577575997,105922
0.748,0.784,0.0728,0.631,0.854,0.541,5.000657981313331,54336
0.751,0.942,0.0629,0.54,0.875,0.611,4.000526385050665,17922
0.506,0.714,0.291,0.513,0.871,0.719,2.0002631925253325,38557
0.593,0.634,0.0311,0.795,0.885,0.503,27.003553099091988,45994
0.765,0.715,0.163,0.823,0.893,0.556,6.000789577575997,105806
0.624,0.78,0.046,0.784,0.905,0.525,3.0003947887879985,54214
0.577,0.593,0.289,0.859,0.768,0.536,1.0001315962626662,1582
0.883,0.544,0.412,0.804,0.806,0.532,1.0001315962626662,105702
0.665,0.618,0.0408,0.743,0.688,0.949,13.001710751414661,95099
0.855,0.66,0.137,0.653,0.699,0.924,4.000526385050665,54008
0.741,0.77,0.0519,0.731,0.528,0.944,4.000526385050665,74578
0.796,0.904,0.106,0.503,0.531,0.762,2.0002631925253325,1762
0.74,0.612,0.104,0.847,0.665,0.767,15.001973943939994,108629
0.701,0.57,0.0602,0.602,0.871,0.858,25.003289906566657,105966
0.758,0.679,0.0545,0.573,0.917,0.84,8.00105277010133,54722
0.744,0.815,0.043,0.729,0.931,0.942,14.001842347677327,52618
0.813,0.798,0.0348,0.631,0.916,0.961,3.0003947887879985,105524
0.56,0.67,0.028,0.781,0.913,0.76,31.004079484142654,107865
0.82,0.702,0.046,0.846,0.867,0.786,4.000526385050665,54672
0.678,0.845,0.0392,0.791,0.782,0.965,5.000657981313331,1759
0.665,0.597,0.274,0.845,0.919,0.81,1.0001315962626662,15732
0.816,0.596,0.451,0.76,0.891,0.756,1.0001315962626662,105804
0.854,0.569,0.106,0.0609,0.0816,0.294,131.01723911040926,51753
0.905,0.563,0.102,0.0254,9.71e-06,0.324,51.006711409395976,65134
0.751,0.727,0.0304,0.0442,0.0338,0.28,97.01276483747863,53071
0.889,0.716,0.0708,0.0595,0.0409,0.296,5.000657981313331,31873
0.757,0.614,0.139,0.0548,5.25e-06,0.279,12.001579155151994,68527
0.929,0.532,0.226,0.0581,1.39e-05,0.31,3.0003947887879985,15999
0.762,0.677,0.157,0.0831,0.000244,0.3,23.003026714041322,10541
0.907,0.717,0.196,0.0019,0.0255,0.342,3.0003947887879985,13716
0.752,0.586,0.0518,0.158,0.00651,0.3,19.00250032899066,80977
0.781,0.728,0.1,0.179,0.000206,0.363,16.00210554020266,21043
0.881,0.698,0.0539,0.172,0.0,0.311,2.0002631925253325,66167
0.841,0.601,0.223,0.197,3.35e-06,0.362,10.001315962626663,89299
0.91,0.584,0.209,0.167,0.0,0.337,1.0001315962626662,60424
0.845,0.646,0.215,0.181,2.19e-06,0.282,8.00105277010133,112448
0.914,0.723,0.138,0.196,0.0,0.335,1.0001315962626662,66085
0.855,0.555,0.0662,0.025,0.152,0.3,2.0002631925253325,43505
0.89,0.543,0.0948,0.106,0.159,0.284,3.0003947887879985,100315
0.776,0.699,0.0333,0.0293,0.195,0.332,5.000657981313331,112050
0.886,0.509,0.168,0.000253,0.154,0.261,2.0002631925253325,109983
0.793,0.53,0.115,0.244,0.18,0.283,2.0002631925253325,39107
0.852,0.537,0.114,0.0328,0.000248,0.483,44.00579023555731,28086
0.882,0.527,0.105,0.0171,0.00216,0.419,4.000526385050665,111247
0.833,0.652,0.0762,0.00161,0.0985,0.405,179.02355573101727,51539
0.958,0.707,0.108,0.0921,0.0107,0.412,11.001447558889328,17747
0.761,0.511,0.158,0.085,0.0316,0.43,17.002237136465325,53688
0.906,0.582,0.226,0.0505,0.026,0.489,14.001842347677327,112735
0.791,0.642,0.182,0.0213,0.000279,0.477,29.00381629161732,1441
0.876,0.673,0.139,0.0524,0.00571,0.462,7.000921173838663,88000
0.862,0.539,0.0788,0.225,0.0,0.439,33.00434267666799,94076
0.919,0.622,0.0997,0.23,4.24e-06,0.423,3.0003947887879985,51860
0.817,0.72,0.0809,0.172,0.000726,0.384,114.01500197394395,21067
0.891,0.748,0.0976,0.186,2.06e-06,0.401,4.000526385050665,68233
0.831,0.542,0.169,0.234,0.0,0.493,16.00210554020266,103623
0.891,0.62,0.244,0.139,1.61e-05,0.404,7.000921173838663,21770
0.799,0.696,0.134,0.211,2.46e-06,0.414,15.001973943939994,55596
0.931,0.682,0.183,0.184,0.0,0.477,5.000657981313331,60778
0.822,0.591,0.0515,0.0133,0.147,0.384,7.000921173838663,62571
0.811,0.692,0.0482,0.024,0.179,0.435,8.00105277010133,110872
0.827,0.524,0.137,0.112,0.145,0.484,1.0001315962626662,66773
0.893,0.596,0.216,0.0293,0.207,0.5,1.0001315962626662,68978
0.824,0.682,0.145,0.00126,0.204,0.39,1.0001315962626662,20212
0.985,0.651,0.217,0.00121,0.176,0.405,1.0001315962626662,111635
0.776,0.57,0.0326,0.228,0.184,0.414,1.0001315962626662,111610
0.899,0.542,0.0806,0.202,0.206,0.423,1.0001315962626662,110161
0.828,0.639,0.0351,0.167,0.165,0.496,1.0001315962626662,36054
0.714,0.609,0.0568,0.679,0.521,0.151,8.00105277010133,32798
0.539,0.845,0.0471,0.527,0.548,0.0595,2.0002631925253325,49972
0.532,0.517,0.493,0.547,0.535,0.239,1.0001315962626662,73618
0.621,0.504,0.0286,0.771,0.736,0.0564,4.000526385050665,4402
0.717,0.621,0.0536,0.675,0.926,0.224,51.006711409395976,73296
0.824,0.549,0.103,0.735,0.92,0.104,4.000526385050665,105878
0.672,0.777,0.0442,0.566,0.93,0.117,11.001447558889328,111575
0.762,0.846,0.0398,0.717,0.806,0.237,2.0002631925253325,17684
0.55,0.509,0.397,0.729,0.888,0.237,2.0002631925253325,59974
0.835,0.598,0.331,0.62,0.821,0.211,1.0001315962626662,84701
0.64,0.502,0.0454,0.97,0.881,0.0926,16.00210554020266,105925
0.784,0.69,0.111,0.836,0.896,0.131,3.0003947887879985,105307
0.507,0.996,0.0487,0.929,0.878,0.015,4.000526385050665,101470
0.569,0.537,0.38,0.975,0.894,0.156,1.0001315962626662,105608
0.588,0.746,0.0679,0.561,0.676,0.358,15.001973943939994,105852
0.659,0.766,0.0391,0.659,0.579,0.389,5.000657981313331,36512
0.765,0.753,0.147,0.509,0.588,0.493,1.0001315962626662,24404
0.662,0.527,0.263,0.629,0.709,0.422,1.0001315962626662,112871
0.559,0.675,0.0405,0.89,0.732,0.323,6.000789577575997,28816
0.86,0.584,0.152,0.906,0.642,0.364,2.0002631925253325,105798
0.724,0.744,0.0536,0.658,0.837,0.404,39.00513225424398,111584
0.784,0.551,0.0429,0.687,0.829,0.307,7.000921173838663,105288
0.623,0.813,0.029,0.621,0.924,0.49,7.000921173838663,4471
0.765,0.886,0.0428,0.579,0.944,0.299,1.0001315962626662,105783
0.759,0.828,0.304,0.535,0.788,0.271,1.0001315962626662,39980
0.593,0.554,0.0286,0.931,0.888,0.416,23.003026714041322,11668
0.783,0.506,0.0651,0.952,0.918,0.397,1.0001315962626662,1382
0.565,0.776,0.0409,0.794,0.825,0.399,1.0001315962626662,54195
0.79,0.804,0.0749,0.766,0.939,0.402,2.0002631925253325,24410
0.704,0.562,0.39,0.758,0.879,0.28,2.0002631925253325,105859
0.303,0.11,0.0313,0.812,6.65e-06,0.309,5.000657981313331,64790
0.436,0.0695,0.0298,0.858,0.0,0.255,14.001842347677327,34526
0.333,0.24,0.0312,0.836,4.72e-05,0.251,48.006316620607976,9021
0.385,0.186,0.0527,0.793,4.75e-06,0.357,88.01158047111463,63880
0.391,0.116,0.185,0.874,4.98e-06,0.351,1.0001315962626662,98645
0.376,0.217,0.149,0.843,0.0,0.342,1.0001315962626662,98171
0.357,0.0629,0.038,0.96,4.73e-06,0.31,29.00381629161732,98045
0.434,0.0812,0.0409,0.911,5.33e-06,0.307,107.01408080010529,45499
0.277,0.216,0.03,0.945,0.00116,0.362,98.01289643374129,64700
0.456,0.134,0.0364,0.976,2.25e-05,0.316,169.0222397683906,808
0.472,0.0691,0.202,0.994,0.00246,0.343,3.0003947887879985,93561
0.326,0.232,0.222,0.969,2.83e-06,0.269,1.0001315962626662,93996
0.468,0.247,0.223,0.888,2.77e-05,0.367,4.000526385050665,108837
0.321,0.218,0.0394,0.869,0.183,0.282,1.0001315962626662,84839
0.278,0.113,0.069,0.992,0.205,0.277,1.0001315962626662,59260
0.464,0.0461,0.0431,0.996,0.131,0.257,4.000526385050665,93100
0.473,0.141,0.0354,0.932,0.144,0.345,1.0001315962626662,69545
0.334,0.0551,0.0491,0.862,0.0,0.448,5.000657981313331,98524
0.459,0.0565,0.0371,0.815,0.0,0.386,3.0003947887879985,19867
0.332,0.238,0.0355,0.786,0.0,0.394,9.001184366363995,40929
0.406,0.232,0.051,0.853,0.000877,0.454,77.0101329122253,112805
0.366,0.245,0.147,0.852,0.0,0.48,1.0001315962626662,108244
0.361,0.116,0.0432,0.924,3.57e-06,0.387,3.0003947887879985,96043
0.386,0.124,0.0306,0.928,0.0,0.46,45.00592183181998,19537
0.344,0.236,0.032,0.891,0.0,0.386,42.00552704303198,45640
0.473,0.241,0.0323,0.89,0.00386,0.404,93.01223845242797,25168
0.49,0.116,0.153,0.988,0.00024,0.487,2.0002631925253325,93592
0.463,0.156,0.189,0.89,0.0,0.478,1.0001315962626662,815
0.401,0.21,0.0327,0.768,0.152,0.484,4.000526385050665,102286
0.286,0.229,0.0519,0.995,0.166,0.496,2.0002631925253325,93288
0.415,0.176,0.0358,0.995,0.229,0.481,1.0001315962626662,108555
0.685,0.6,0.579,0.727,0.0,0.557,8.00105277010133,37424
0.761,0.559,0.536,0.627,0.0,0.568,2.0002631925253325,37983
0.523,0.88,0.738,0.716,0.0,0.519,1.0001315962626662,18549
0.602,0.688,0.938,0.735,0.0,0.681,31.004079484142654,18324
0.789,0.685,0.914,0.635,0.0,0.533,2.0002631925253325,94308
0.689,0.757,0.761,0.703,0.0,0.663,7.000921173838663,4073
0.638,0.6,0.557,0.813,0.0,0.679,3.0003947887879985,36833
0.568,0.885,0.682,0.898,1.29e-06,0.718,10.001315962626663,18375
0.624,0.637,0.911,0.858,0.0,0.537,75.00986971969996,18382
0.56,0.768,0.932,0.8,0.0,0.564,43.00565863929465,18191
0.653,0.548,0.572,0.828,0.319,0.546,1.0001315962626662,94898
0.735,0.619,0.519,0.729,0.0,0.902,4.000526385050665,33914
0.794,0.657,0.506,0.589,0.0,0.797,2.0002631925253325,60891
0.546,0.827,0.535,0.699,0.0,0.844,2.0002631925253325,18860
0.677,0.643,0.803,0.726,1.95e-06,0.777,2.0002631925253325,18920
0.699,0.766,0.784,0.658,0.0,0.79,3.0003947887879985,18362
0.551,0.556,0.59,0.817,0.0,0.902,3.0003947887879985,18385
0.68,0.778,0.567,0.843,0.0,0.823,3.0003947887879985,18767
0.654,0.657,0.936,0.802,0.0,0.854,7.000921173838663,18821
0.639,0.906,0.853,0.839,0.0,0.824,3.0003947887879985,18465
0.617,0.51,0.626,0.775,0.322,0.919,1.0001315962626662,66858
0.618,0.544,0.0475,0.557,0.0,0.322,66.00868535333598,65571
0.702,0.61,0.0368,0.533,0.000631,0.332,54.007106198183976,23278
0.507,0.627,0.125,0.556,0.0,0.371,31.004079484142654,70312
0.714,0.7,0.0518,0.565,1.88e-06,0.351,25.003289906566657,70053
0.557,0.525,0.149,0.524,0.0,0.362,2.0002631925253325,104268
0.674,0.511,0.169,0.62,0.0,0.374,3.0003947887879985,87957
0.632,0.686,0.243,0.549,0.0,0.329,2.0002631925253325,20414
0.533,0.596,0.0275,0.684,0.0,0.372,91.01197525990263,97483
0.704,0.599,0.035,0.674,0.000801,0.298,42.00552704303198,70031
0.523,0.669,0.0559,0.694,0.0,0.295,17.002237136465325,74849
0.747,0.635,0.0388,0.74,0.00262,0.261,11.001447558889328,69127
0.619,0.503,0.143,0.706,0.0,0.366,2.0002631925253325,55963
0.661,0.671,0.169,0.653,6.6e-05,0.372,1.0001315962626662,26471
0.661,0.657,0.0979,0.538,0.204,0.341,1.0001315962626662,105294
0.683,0.534,0.189,0.519,0.247,0.284,2.0002631925253325,81534
0.548,0.562,0.0488,0.567,0.0,0.395,109.01434399263061,98912
0.718,0.583,0.0288,0.623,0.000681,0.422,53.00697460192131,99583
0.588,0.745,0.0886,0.515,0.0,0.432,68.0089485458613,1292
0.676,0.739,0.0935,0.505,0.0,0.462,30.00394788787999,97830
0.608,0.593,0.185,0.544,0.0,0.454,3.0003947887879985,39698
0.634,0.543,0.181,0.525,0.0,0.467,4.000526385050665,11393
0.621,0.71,0.241,0.607,0.0,0.444,2.0002631925253325,104158
0.607,0.553,0.0477,0.718,0.0,0.378,76.01000131596264,12515
0.652,0.557,0.0318,0.74,0.0,0.483,51.006711409395976,31019
0.605,0.678,0.0311,0.642,0.0,0.439,45.00592183181998,77391
0.706,0.73,0.052,0.662,1.93e-05,0.493,16.00210554020266,39923
0.611,0.509,0.127,0.69,2.64e-06,0.425,6.000789577575997,91408
0.669,0.569,0.146,0.703,0.0,0.387,4.000526385050665,36427
0.521,0.656,0.245,0.699,0.0026,0.432,2.0002631925253325,9801
0.72,0.678,0.185,0.695,0.0,0.489,1.0001315962626662,60885
0.706,0.532,0.101,0.532,0.208,0.402,1.0001315962626662,24692
0.541,0.575,0.0491,0.677,0.215,0.428,2.0002631925253325,72
0.735,0.593,0.0885,0.731,0.178,0.475,7.000921173838663,56610
0.653,0.528,0.198,0.749,0.131,0.495,1.0001315962626662,111844
0.598,0.765,0.0365,0.00624,0.778,0.0395,44.00579023555731,15526
0.741,0.853,0.0406,0.00706,0.831,0.124,45.00592183181998,109182
0.516,0.925,0.0474,0.00104,0.861,0.0368,89.01171206737729,110740
0.701,0.887,0.0323,0.00619,0.796,0.0982,41.00539544676931,49244
0.602,0.8,0.131,0.0162,0.776,0.0639,2.0002631925253325,73773
0.695,0.866,0.143,0.00217,0.844,0.0383,2.0002631925253325,110605
0.59,0.955,0.205,0.00337,0.845,0.0588,7.000921173838663,27847
0.68,0.959,0.164,0.00205,0.853,0.0391,3.0003947887879985,110654
0.537,0.835,0.0501,0.221,0.875,0.0487,2.0002631925253325,49936
0.65,0.84,0.053,0.192,0.868,0.0951,2.0002631925253325,105899
0.565,0.892,0.0672,0.144,0.801,0.0764,4.000526385050665,83671
0.667,0.877,0.0386,0.216,0.769,0.0445,3.0003947887879985,54104
0.555,0.834,0.0381,0.00198,0.88,0.0404,26.003421502829323,109116
0.729,0.844,0.043,0.115,0.936,0.0688,33.00434267666799,111852
0.584,0.923,0.0447,0.000417,0.887,0.0334,59.00776417949731,39520
0.63,0.972,0.0552,0.00029,0.877,0.0826,37.00486906171865,73420
0.559,0.904,0.142,8.41e-06,0.898,0.115,4.000526385050665,27727
0.567,0.754,0.0719,0.185,0.887,0.0446,4.000526385050665,111374
0.629,0.788,0.0435,0.134,0.924,0.0714,2.0002631925253325,23734
0.729,0.883,0.105,0.137,0.889,0.0775,4.000526385050665,46390
0.521,0.829,0.0987,0.011,0.792,0.168,36.00473746545598,110204
0.649,0.871,0.0949,0.00632,0.802,0.244,57.007500986971976,110066
0.623,0.994,0.0605,0.00322,0.785,0.14,76.01000131596264,46438
0.73,0.949,0.0409,0.000749,0.796,0.236,61.00802737202264,24652
0.697,0.872,0.159,0.00658,0.872,0.129,2.0002631925253325,49688
0.543,0.994,0.161,0.00123,0.85,0.148,7.000921173838663,46255
0.681,0.997,0.223,0.00424,0.853,0.189,5.000657981313331,10694
0.528,0.844,0.0395,0.232,0.857,0.142,1.0001315962626662,24396
0.707,0.839,0.0408,0.172,0.815,0.231,5.000657981313331,109063
0.66,0.891,0.104,0.197,0.829,0.192,6.000789577575997,110306
0.572,0.854,0.0832,0.000148,0.934,0.152,36.00473746545598,59855
0.671,0.818,0.0282,0.0154,0.941,0.189,31.004079484142654,17626
0.596,0.92,0.0655,0.00115,0.888,0.135,31.004079484142654,10503
0.655,0.962,0.0635,0.00298,0.907,0.14,41.00539544676931,25918
0.684,0.839,0.228,0.0136,0.89,0.184,1.0001315962626662,49544
0.524,0.951,0.151,0.00161,0.928,0.218,5.000657981313331,27732
0.616,0.829,0.0383,0.151,0.886,0.171,2.0002631925253325,17979
0.666,0.829,0.0437,0.16,0.89,0.158,3.0003947887879985,54709
0.613,0.354,0.0311,0.593,0.0149,0.505,21.00276352151599,106962
0.69,0.366,0.0634,0.62,0.0,0.544,34.00447427293065,19847
0.549,0.495,0.0375,0.535,0.0,0.597,56.00736939070931,90534
0.693,0.492,0.0378,0.559,3.66e-06,0.595,66.00868535333598,19265
0.552,0.371,0.227,0.587,0.0,0.587,2.0002631925253325,98154
0.713,0.373,0.174,0.547,0.00117,0.606,1.0001315962626662,3884
0.582,0.379,0.198,0.607,0.0,0.585,2.0002631925253325,84295
0.688,0.489,0.173,0.619,0.0,0.559,3.0003947887879985,87954
0.606,0.271,0.0405,0.735,0.0,0.546,54.007106198183976,103711
0.667,0.372,0.0568,0.732,0.0,0.551,41.00539544676931,74482
0.519,0.38,0.0342,0.716,0.0,0.617,79.01039610475063,87873
0.735,0.463,0.0332,0.736,0.000148,0.502,65.0085537570733,112398
0.543,0.36,0.179,0.727,0.0,0.595,6.000789577575997,64068
0.744,0.328,0.231,0.681,0.0002,0.532,3.0003947887879985,81750
0.507,0.442,0.136,0.73,0.00583,0.515,6.000789577575997,57989
0.729,0.351,0.0341,0.507,0.166,0.573,1.0001315962626662,52835
0.522,0.416,0.0308,0.621,0.154,0.576,2.0002631925253325,58932
0.679,0.476,0.0304,0.568,0.208,0.559,1.0001315962626662,12456
0.604,0.31,0.04,0.68,0.145,0.552,1.0001315962626662,12058
0.568,0.396,0.029,0.738,0.159,0.578,5.000657981313331,67976
0.652,0.492,0.0648,0.631,0.216,0.623,2.0002631925253325,108354
0.595,0.351,0.0912,0.555,0.0,0.691,15.001973943939994,8486
0.676,0.362,0.0464,0.524,0.00864,0.65,14.001842347677327,108460
0.574,0.5,0.0337,0.574,0.0,0.678,35.00460586919332,90915
0.726,0.422,0.0316,0.562,0.0,0.749,62.00815896828531,90578
0.55,0.333,0.162,0.589,0.000373,0.704,3.0003947887879985,95971
0.594,0.404,0.144,0.618,0.00404,0.733,5.000657981313331,95272
0.708,0.475,0.206,0.538,0.0,0.679,1.0001315962626662,37237
0.506,0.35,0.0288,0.744,0.0,0.682,45.00592183181998,52947
0.63,0.363,0.029,0.678,0.00081,0.63,29.00381629161732,7427
0.605,0.497,0.0319,0.727,3.95e-05,0.72,62.00815896828531,64533
0.725,0.419,0.0329,0.661,0.000817,0.697,70.00921173838664,90511
0.571,0.324,0.205,0.666,0.0,0.672,1.0001315962626662,87803
0.551,0.482,0.242,0.652,0.0,0.628,6.000789577575997,23126
0.696,0.46,0.15,0.658,0.0,0.717,1.0001315962626662,37785
0.533,0.372,0.0588,0.573,0.177,0.679,1.0001315962626662,108279
0.54,0.34,0.0323,0.691,0.172,0.63,1.0001315962626662,108663
0.67,0.367,0.0484,0.716,0.164,0.743,1.0001315962626662,108104
0.576,0.498,0.086,0.746,0.249,0.706,2.0002631925253325,105173
0.715,0.496,0.0589,0.648,0.213,0.71,8.00105277010133,56341
0.519,0.807,0.0702,0.319,0.0,0.569,64.00842216081064,97278
0.698,0.849,0.0343,0.32,0.0,0.585,54.007106198183976,97854
0.614,0.966,0.0566,0.315,0.0,0.601,15.001973943939994,92775
0.746,0.988,0.0637,0.29,0.00218,0.61,44.00579023555731,51662
0.611,0.819,0.231,0.343,0.0094,0.501,5.000657981313331,17285
0.696,0.848,0.162,0.299,8.44e-06,0.604,13.001710751414661,27751
0.607,0.918,0.145,0.278,0.0,0.622,6.000789577575997,40603
0.747,0.892,0.243,0.346,2.01e-06,0.57,2.0002631925253325,5734
0.596,0.752,0.0497,0.444,0.0,0.529,44.00579023555731,9609
0.637,0.799,0.0338,0.394,0.0,0.57,41.00539544676931,81783
0.586,0.977,0.0796,0.431,0.00227,0.59,15.001973943939994,61954
0.636,0.983,0.113,0.423,0.0,0.559,7.000921173838663,100976
0.53,0.797,0.224,0.41,1.58e-05,0.541,4.000526385050665,100503
0.662,0.869,0.23,0.459,0.0,0.615,7.000921173838663,104725
0.607,0.904,0.176,0.419,0.0,0.577,4.000526385050665,104924
0.74,0.925,0.133,0.488,0.0,0.596,2.0002631925253325,78324
0.658,0.854,0.0323,0.467,0.137,0.516,2.0002631925253325,87780
0.632,0.963,0.0584,0.448,0.173,0.576,1.0001315962626662,32548
0.603,0.854,0.0947,0.374,2.31e-06,0.667,56.00736939070931,21392
0.705,0.864,0.0344,0.276,0.00037,0.626,111.01460718515595,30387
0.578,0.88,0.0947,0.362,0.0,0.724,32.00421108040532,96691
0.696,0.887,0.0336,0.284,2.38e-05,0.695,29.00381629161732,21488
0.573,0.829,0.182,0.28,1.5e-05,0.734,11.001447558889328,33983
0.743,0.867,0.221,0.338,2.33e-05,0.67,15.001973943939994,10645
0.62,0.911,0.177,0.266,0.0,0.698,6.000789577575997,39524
0.671,0.878,0.141,0.342,0.0,0.702,7.000921173838663,21494
0.573,0.842,0.089,0.414,0.0,0.719,64.00842216081064,97926
0.662,0.775,0.0337,0.403,0.0,0.646,57.007500986971976,97664
0.624,0.908,0.0992,0.408,0.0,0.659,17.002237136465325,91280
0.694,0.898,0.109,0.432,0.0,0.641,14.001842347677327,36649
0.59,0.875,0.171,0.45,1.16e-05,0.737,13.001710751414661,80415
0.638,0.833,0.211,0.39,0.0,0.704,11.001447558889328,97472
0.668,0.939,0.206,0.466,0.0,0.687,4.000526385050665,112468
0.541,0.793,0.0332,0.266,0.197,0.684,2.0002631925253325,7994
0.511,0.831,0.0351,0.456,0.206,0.74,1.0001315962626662,92656
0.697,0.803,0.0477,0.433,0.13,0.707,2.0002631925253325,68894
0.374,0.344,0.0272,0.586,9.84e-06,0.304,35.00460586919332,37446
0.456,0.344,0.0298,0.565,9.19e-06,0.359,32.00421108040532,62969
0.329,0.45,0.0405,0.594,0.0,0.284,35.00460586919332,81365
0.389,0.411,0.0317,0.624,0.000396,0.312,53.00697460192131,18475
0.333,0.307,0.0396,0.676,2.15e-05,0.365,25.003289906566657,11987
0.497,0.311,0.0523,0.673,0.0,0.33,99.01302803000395,34840
0.372,0.426,0.0339,0.687,0.00784,0.287,56.00736939070931,63008
0.466,0.439,0.0325,0.741,1.64e-05,0.289,126.01658112909594,79383
0.392,0.331,0.128,0.737,2.23e-06,0.26,3.0003947887879985,57956
0.483,0.404,0.13,0.73,2.03e-05,0.311,7.000921173838663,106172
0.348,0.329,0.0318,0.707,0.126,0.362,2.0002631925253325,108602
0.493,0.306,0.029,0.678,0.243,0.346,3.0003947887879985,11615
0.394,0.408,0.0264,0.657,0.188,0.276,1.0001315962626662,61463
0.369,0.305,0.0267,0.522,0.0,0.376,20.002631925253326,92260
0.478,0.283,0.0518,0.594,0.0014,0.462,14.001842347677327,25330
0.334,0.477,0.0276,0.618,4.17e-06,0.405,16.00210554020266,79539
0.445,0.468,0.0702,0.524,0.000849,0.444,51.006711409395976,103408
0.432,0.482,0.156,0.518,0.0,0.438,2.0002631925253325,33406
0.258,0.35,0.0307,0.716,0.0,0.448,15.001973943939994,64454
0.405,0.359,0.0413,0.717,1.47e-06,0.388,28.003684695354654,111639
0.358,0.387,0.0324,0.746,0.0121,0.495,19.00250032899066,90051
0.473,0.447,0.0883,0.717,0.0,0.425,68.0089485458613,108089
0.493,0.481,0.15,0.634,0.0,0.457,1.0001315962626662,103907
0.368,0.28,0.0323,0.522,0.132,0.408,1.0001315962626662,84706
0.29,0.465,0.0322,0.581,0.184,0.412,3.0003947887879985,41066
0.487,0.491,0.0279,0.595,0.147,0.435,2.0002631925253325,111840
0.404,0.266,0.0334,0.716,0.133,0.491,3.0003947887879985,90116
0.348,0.31,0.0413,0.845,0.0569,0.0474,34.00447427293065,99466
0.484,0.292,0.035,0.868,0.000372,0.0771,15.001973943939994,907
0.298,0.423,0.0452,0.858,4.67e-06,0.118,14.001842347677327,103969
0.42,0.44,0.0271,0.806,0.000142,0.121,15.001973943939994,12879
0.347,0.273,0.0312,0.893,0.000406,0.0855,30.00394788787999,76472
0.409,0.276,0.0306,0.907,0.0397,0.105,15.001973943939994,17915
0.279,0.41,0.0297,0.931,0.0201,0.0686,3.0003947887879985,76413
0.395,0.382,0.0329,0.918,1.96e-05,0.0582,2.0002631925253325,91472
0.287,0.371,0.146,0.982,0.0202,0.0327,2.0002631925253325,75939
0.459,0.304,0.136,0.967,1.95e-05,0.072,8.00105277010133,102889
0.469,0.373,0.0311,0.803,0.168,0.0474,3.0003947887879985,4200
0.489,0.447,0.0422,0.777,0.222,0.122,1.0001315962626662,15287
0.296,0.284,0.033,0.968,0.189,0.0917,6.000789577575997,34764
0.424,0.362,0.0402,0.974,0.18,0.123,2.0002631925253325,57826
0.251,0.39,0.0307,0.882,0.143,0.0567,1.0001315962626662,75220
0.349,0.358,0.0415,0.875,0.0,0.163,101.01329122252929,98278
0.497,0.374,0.028,0.751,5.82e-05,0.235,137.01802868798526,62042
0.333,0.493,0.0495,0.802,0.00169,0.185,34.00447427293065,102406
0.389,0.399,0.0357,0.815,0.0,0.155,75.00986971969996,70169
0.495,0.322,0.181,0.834,0.0,0.17,3.0003947887879985,102210
0.348,0.477,0.188,0.785,0.0,0.181,1.0001315962626662,15305
0.434,0.469,0.166,0.808,0.000212,0.14,1.0001315962626662,111164
0.279,0.327,0.0444,0.993,0.00206,0.212,85.01118568232663,101117
0.422,0.263,0.114,0.878,1.05e-06,0.188,64.00842216081064,98719
0.327,0.425,0.027,0.878,0.000873,0.165,30.00394788787999,4390
0.456,0.476,0.0619,0.977,0.0273,0.154,17.002237136465325,93874
0.34,0.362,0.192,0.968,0.0,0.133,1.0001315962626662,93811
0.452,0.267,0.0407,0.856,0.129,0.148,3.0003947887879985,34047
0.282,0.478,0.0322,0.835,0.186,0.127,3.0003947887879985,113038
0.378,0.405,0.0313,0.756,0.226,0.212,1.0001315962626662,75719
0.331,0.28,0.0316,0.979,0.135,0.222,5.000657981313331,90695
0.455,0.297,0.0304,0.921,0.191,0.179,5.000657981313331,11875
0.593,0.333,0.046,0.358,0.0,0.258,15.001973943939994,38210
0.676,0.338,0.0284,0.372,5.57e-06,0.321,20.002631925253326,103063
0.563,0.383,0.0322,0.283,2.59e-06,0.358,100.01315962626663,99242
0.637,0.41,0.0296,0.343,5.66e-06,0.347,43.00565863929465,74695
0.729,0.339,0.129,0.298,4.89e-05,0.375,1.0001315962626662,55674
0.609,0.449,0.249,0.326,0.000115,0.309,12.001579155151994,56588
0.723,0.458,0.17,0.256,0.0,0.357,1.0001315962626662,69958
0.527,0.375,0.0243,0.482,0.0,0.318,40.00526385050665,19675
0.735,0.293,0.0594,0.459,7.25e-06,0.363,11.001447558889328,111439
0.55,0.496,0.025,0.463,0.000135,0.353,77.0101329122253,19173
0.662,0.399,0.0314,0.491,2.4e-05,0.265,42.00552704303198,102624
0.54,0.373,0.129,0.491,0.0116,0.325,2.0002631925253325,15400
0.698,0.358,0.151,0.396,0.0,0.3,4.000526385050665,74653
0.542,0.417,0.218,0.469,6.87e-06,0.279,4.000526385050665,15192
0.68,0.428,0.135,0.376,0.000344,0.334,5.000657981313331,99201
0.609,0.471,0.0262,0.26,0.23,0.33,1.0001315962626662,8852
0.72,0.487,0.0322,0.373,0.161,0.265,1.0001315962626662,23149
0.645,0.324,0.0759,0.443,0.14,0.32,3.0003947887879985,15789
0.63,0.418,0.0254,0.483,0.15,0.345,1.0001315962626662,56716
0.559,0.367,0.033,0.296,1.5e-06,0.385,19.00250032899066,52121
0.687,0.252,0.0304,0.267,0.0,0.391,10.001315962626663,26367
0.524,0.487,0.0299,0.253,0.0,0.482,77.0101329122253,84095
0.681,0.438,0.0371,0.264,0.000978,0.427,51.006711409395976,61860
0.749,0.34,0.183,0.265,1.25e-05,0.431,2.0002631925253325,8615
0.704,0.486,0.193,0.36,0.0,0.415,1.0001315962626662,1892
0.622,0.33,0.0291,0.464,0.0,0.376,26.003421502829323,9551
0.637,0.333,0.029,0.413,0.0435,0.438,10.001315962626663,52877
0.577,0.428,0.0302,0.467,2.61e-05,0.401,65.0085537570733,56002
0.635,0.465,0.0273,0.476,0.0,0.4,55.007237794446645,41862
0.53,0.45,0.168,0.393,0.0,0.412,7.000921173838663,15951
0.673,0.484,0.183,0.467,0.0,0.397,3.0003947887879985,41816
0.532,0.462,0.03,0.279,0.196,0.485,2.0002631925253325,38079
0.702,0.425,0.09,0.266,0.243,0.376,2.0002631925253325,15912
0.737,0.373,0.0438,0.381,0.195,0.38,1.0001315962626662,23904
0.662,0.458,0.0347,0.49,0.133,0.497,2.0002631925253325,105460
0.541,0.0716,0.0553,0.821,0.0,0.328,7.000921173838663,96813
0.723,0.0811,0.0631,0.779,0.0,0.36,3.0003947887879985,64919
0.547,0.229,0.0284,0.821,0.0,0.293,55.007237794446645,9467
0.638,0.179,0.0409,0.779,0.0,0.375,26.003421502829323,14611
0.716,0.171,0.229,0.821,0.0,0.367,1.0001315962626662,97108
0.599,0.0854,0.0414,0.978,7.99e-05,0.323,65.0085537570733,102278
0.637,0.107,0.0349,0.911,0.00146,0.296,14.001842347677327,34772
0.572,0.168,0.107,0.956,0.00104,0.302,120.01579155151995,26864
0.684,0.216,0.0577,0.905,0.000112,0.26,58.00763258323464,102667
0.539,0.105,0.178,0.978,1.32e-06,0.295,9.001184366363995,93457
0.646,0.116,0.187,0.884,0.0,0.334,1.0001315962626662,26096
0.575,0.193,0.179,0.951,0.0443,0.308,4.000526385050665,15229
0.664,0.146,0.197,0.993,0.0,0.329,1.0001315962626662,108957
0.611,0.222,0.0287,0.954,0.184,0.355,1.0001315962626662,64987
0.514,0.0587,0.0501,0.863,0.0,0.47,3.0003947887879985,7454
0.706,0.112,0.0391,0.827,4.03e-06,0.414,6.000789577575997,45002
0.54,0.173,0.0336,0.829,0.0,0.48,74.0097381234373,99581
0.631,0.233,0.0329,0.841,3.24e-06,0.442,37.00486906171865,70026
0.613,0.136,0.243,0.782,0.0,0.462,4.000526385050665,98873
0.667,0.25,0.217,0.757,0.0,0.412,1.0001315962626662,7209
0.504,0.0273,0.0415,0.931,1.1e-05,0.395,46.006053428082645,8822
0.644,0.105,0.0768,0.928,0.0,0.491,14.001842347677327,98724
0.581,0.159,0.0346,0.965,0.00016,0.447,92.01210685616529,55388
0.637,0.14,0.0407,0.903,0.0,0.392,38.00500065798132,79217
0.726,0.125,0.143,0.983,0.0,0.486,1.0001315962626662,108774
0.586,0.218,0.231,0.985,1.59e-06,0.46,3.0003947887879985,93738
0.664,0.126,0.164,0.981,0.0,0.48,4.000526385050665,93552
0.613,0.105,0.0445,0.875,0.156,0.473,1.0001315962626662,108816
0.662,0.246,0.0341,0.84,0.169,0.392,1.0001315962626662,34306
0.506,0.0336,0.042,0.959,0.146,0.386,2.0002631925253325,16198
0.686,0.0317,0.0703,0.917,0.169,0.398,1.0001315962626662,45681
0.541,0.22,0.108,0.993,0.152,0.439,1.0001315962626662,108134
0.735,0.167,0.0567,0.929,0.165,0.376,3.0003947887879985,15211
0.318,0.826,0.0556,3.29e-06,0.00278,0.78,31.004079484142654,42916
0.428,0.873,0.0361,0.027,0.0,0.871,106.01394920384261,106848
0.3,0.936,0.0456,0.0337,0.021,0.756,48.006316620607976,47572
0.398,0.931,0.0579,0.000968,0.0,0.753,215.02829319647324,85681
0.374,0.806,0.147,0.000845,7.95e-05,0.875,1.0001315962626662,60771
0.389,0.781,0.162,1.56e-05,0.00555,0.816,6.000789577575997,42935
0.335,0.898,0.14,0.022,6.48e-06,0.806,5.000657981313331,96800
0.378,0.974,0.194,0.00192,0.0139,0.824,12.001579155151994,85260
0.421,0.751,0.0472,0.2,0.0,0.789,32.00421108040532,84184
0.332,0.889,0.0509,0.173,4.73e-06,0.87,1.0001315962626662,82913
0.466,0.904,0.113,0.212,0.0,0.869,15.001973943939994,96201
0.495,0.938,0.209,0.126,0.0,0.766,3.0003947887879985,39374
0.406,0.813,0.0467,0.0687,0.186,0.816,3.0003947887879985,7588
0.362,0.927,0.0444,0.000739,0.214,0.785,8.00105277010133,107929
0.408,0.922,0.0465,0.00205,0.126,0.828,5.000657981313331,17989
0.287,0.753,0.0387,0.0652,0.0,0.882,7.000921173838663,11857
0.444,0.838,0.0277,0.0457,0.00138,0.897,42.00552704303198,106840
0.348,0.953,0.066,0.041,3.05e-06,0.93,8.00105277010133,82681
0.409,0.99,0.115,0.02,0.0,0.962,66.00868535333598,91179
0.474,0.843,0.209,0.0205,2.71e-06,0.901,3.0003947887879985,849
0.324,0.936,0.129,0.0185,0.000224,0.899,3.0003947887879985,82276
0.494,0.939,0.126,0.00666,0.0,0.893,4.000526385050665,71818
0.337,0.857,0.0662,0.188,3.22e-05,0.96,2.0002631925253325,90442
0.486,0.785,0.0484,0.161,0.0,0.88,9.001184366363995,69824
0.357,0.898,0.0444,0.177,0.0,0.961,1.0001315962626662,7144
0.431,0.894,0.0506,0.194,8.15e-05,0.914,6.000789577575997,97850
0.489,0.824,0.137,0.162,2.15e-06,0.917,1.0001315962626662,65289
0.467,0.885,0.0332,0.0063,0.153,0.91,2.0002631925253325,100294
0.586,0.796,0.0926,0.582,2.49e-06,0.805,43.00565863929465,45826
0.659,0.796,0.0341,0.587,0.0,0.809,70.00921173838664,97793
0.523,0.888,0.109,0.525,0.0,0.783,17.002237136465325,97794
0.632,0.9,0.0371,0.511,9.12e-06,0.809,25.003289906566657,95438
0.544,0.765,0.144,0.504,0.0,0.758,5.000657981313331,34418
0.739,0.784,0.194,0.552,0.0,0.807,11.001447558889328,96309
0.557,0.898,0.25,0.551,0.0,0.827,7.000921173838663,87214
0.644,0.903,0.154,0.505,0.0,0.8,4.000526385050665,12235
0.596,0.821,0.054,0.641,0.0,0.87,37.00486906171865,77957
0.632,0.836,0.116,0.656,0.0,0.804,31.004079484142654,77755
0.528,0.896,0.066,0.708,0.0,0.779,13.001710751414661,77838
0.631,0.892,0.0493,0.713,0.0,0.872,12.001579155151994,35749
0.613,0.841,0.131,0.686,0.0,0.81,4.000526385050665,97989
0.745,0.828,0.168,0.709,0.0,0.815,10.001315962626663,60217
0.567,0.892,0.158,0.711,0.0,0.785,5.000657981313331,77565
0.69,0.895,0.17,0.68,0.0282,0.835,2.0002631925253325,80385
0.61,0.856,0.039,0.606,0.0,0.938,38.00500065798132,97011
0.718,0.875,0.0419,0.572,0.0,0.94,93.01223845242797,35308
0.612,0.985,0.0399,0.582,0.0,0.956,16.00210554020266,35925
0.683,0.894,0.0877,0.534,0.0,0.911,38.00500065798132,68990
0.576,0.852,0.246,0.593,5.74e-06,0.907,4.000526385050665,69983
0.722,0.842,0.166,0.505,0.0,0.95,4.000526385050665,95517
0.564,0.944,0.155,0.532,0.000101,0.965,5.000657981313331,34899
0.534,0.803,0.0743,0.741,6.07e-05,0.969,45.00592183181998,90056
0.663,0.806,0.0623,0.672,1.66e-06,0.961,56.00736939070931,80339
0.546,0.878,0.0377,0.677,0.0,0.964,11.001447558889328,91553
0.652,0.934,0.0497,0.629,0.000377,0.971,21.00276352151599,90628
0.623,0.798,0.126,0.673,0.0,0.9,5.000657981313331,96144
0.688,0.814,0.148,0.66,0.0,0.958,6.000789577575997,97785
0.707,0.925,0.185,0.681,0.000393,0.956,1.0001315962626662,80284
0.528,0.777,0.0329,0.519,0.227,0.964,2.0002631925253325,106439
0.696,0.769,0.0433,0.553,0.16,0.896,1.0001315962626662,1905
0.703,0.919,0.0552,0.723,0.181,0.963,1.0001315962626662,35445
0.492,0.712,0.691,0.564,9.1e-05,0.23,3.0003947887879985,33331
0.408,0.816,0.638,0.72,6.45e-05,0.239,1.0001315962626662,59520
0.39,0.607,0.928,0.519,0.0,0.141,2.0002631925253325,18376
0.461,0.941,0.896,0.718,0.0,0.2,23.003026714041322,18407
0.317,0.869,0.524,0.927,0.000869,0.119,2.0002631925253325,18116
0.365,0.728,0.889,0.814,4.22e-06,0.196,14.001842347677327,18278
0.421,0.93,0.936,0.831,0.0,0.234,45.00592183181998,18107
0.462,0.917,0.574,0.734,0.0,0.367,1.0001315962626662,18796
0.443,0.521,0.935,0.664,0.0,0.344,6.000789577575997,18626
0.45,0.806,0.897,0.732,0.0,0.365,3.0003947887879985,18677
0.389,0.595,0.673,0.76,2.92e-06,0.479,1.0001315962626662,18931
0.489,0.88,0.575,0.754,0.0,0.412,6.000789577575997,18597
0.478,0.633,0.908,0.755,0.0,0.42,22.002895117778657,18784
0.5,0.849,0.801,0.896,0.0,0.263,29.00381629161732,18200
0.363,0.545,0.0283,0.317,1.09e-05,0.332,21.00276352151599,72751
0.493,0.589,0.0377,0.327,0.0,0.322,73.00960652717464,40244
0.258,0.659,0.0596,0.253,0.0,0.272,10.001315962626663,56321
0.391,0.641,0.0286,0.368,0.0,0.253,36.00473746545598,40491
0.5,0.552,0.222,0.323,4.97e-05,0.336,4.000526385050665,56860
0.365,0.67,0.221,0.26,1.43e-06,0.367,1.0001315962626662,80858
0.418,0.657,0.217,0.328,0.0,0.364,3.0003947887879985,1618
0.296,0.582,0.0413,0.449,0.0,0.365,23.003026714041322,81617
0.471,0.557,0.0277,0.413,7.61e-06,0.26,92.01210685616529,90070
0.262,0.677,0.0528,0.447,0.0,0.365,58.00763258323464,91086
0.477,0.725,0.0447,0.483,9.02e-05,0.337,28.003684695354654,70457
0.494,0.553,0.197,0.413,4.17e-05,0.359,3.0003947887879985,56101
0.498,0.739,0.128,0.464,0.0,0.302,1.0001315962626662,33715
0.332,0.589,0.0297,0.327,0.227,0.282,1.0001315962626662,38520
0.387,0.563,0.0418,0.342,0.213,0.279,2.0002631925253325,36807
0.463,0.749,0.0834,0.255,0.24,0.326,2.0002631925253325,38514
0.315,0.554,0.0294,0.466,0.138,0.323,1.0001315962626662,7276
0.367,0.609,0.0457,0.301,0.0243,0.443,22.002895117778657,47515
0.424,0.568,0.0341,0.299,0.0,0.47,44.00579023555731,63782
0.269,0.663,0.123,0.314,0.0,0.497,13.001710751414661,77320
0.409,0.667,0.0519,0.366,0.0,0.396,38.00500065798132,97876
0.402,0.61,0.141,0.368,0.0,0.463,2.0002631925253325,80620
0.443,0.651,0.219,0.335,0.0,0.418,2.0002631925253325,12836
0.343,0.516,0.0444,0.392,3.56e-05,0.447,21.00276352151599,74909
0.489,0.522,0.0306,0.401,0.0,0.43,49.006448216870645,33419
0.258,0.729,0.0398,0.395,0.00442,0.462,15.001973943939994,497
0.464,0.626,0.124,0.469,1.29e-05,0.42,41.00539544676931,106479
0.38,0.593,0.222,0.388,0.0,0.462,2.0002631925253325,98478
0.469,0.728,0.247,0.491,0.000119,0.443,3.0003947887879985,76670
0.432,0.564,0.0407,0.298,0.233,0.398,1.0001315962626662,70151
0.496,0.516,0.032,0.48,0.153,0.448,1.0001315962626662,111747
0.332,0.701,0.0936,0.464,0.203,0.491,1.0001315962626662,59480
0.324,0.766,0.0776,0.0261,0.844,0.0399,5.000657981313331,5137
0.494,0.774,0.0356,0.000199,0.846,0.107,26.003421502829323,110675
0.306,0.95,0.0876,1.45e-05,0.819,0.097,33.00434267666799,22677
0.386,0.972,0.0768,1.45e-06,0.771,0.0965,38.00500065798132,22818
0.275,0.755,0.138,1.46e-05,0.785,0.0359,4.000526385050665,42424
0.48,0.819,0.172,0.000569,0.762,0.061,2.0002631925253325,110717
0.312,0.952,0.188,1.99e-05,0.825,0.0375,19.00250032899066,6811
0.447,0.983,0.175,0.000231,0.845,0.0558,7.000921173838663,6318
0.292,0.839,0.0434,0.158,0.826,0.123,1.0001315962626662,59813
0.405,0.796,0.0399,0.22,0.803,0.0384,1.0001315962626662,54239
0.284,0.961,0.0958,0.217,0.874,0.0307,3.0003947887879985,101345
0.338,0.838,0.048,1.12e-06,0.888,0.0973,9.001184366363995,59892
0.489,0.87,0.06,0.0763,0.917,0.109,25.003289906566657,22264
0.309,0.937,0.0742,6.55e-06,0.914,0.0387,40.00526385050665,6712
0.5,0.915,0.0492,0.0022,0.924,0.0778,69.00908014212396,46435
0.343,0.779,0.178,1.99e-05,0.915,0.0354,1.0001315962626662,59595
0.251,0.988,0.238,1.29e-05,0.881,0.0462,24.003158310303988,42088
0.486,0.977,0.148,3.71e-06,0.913,0.0835,9.001184366363995,59681
0.304,0.959,0.0829,0.232,0.974,0.0623,1.0001315962626662,42911
0.468,0.993,0.0386,0.25,0.945,0.00964,3.0003947887879985,101996
0.318,0.792,0.0521,2.43e-05,0.869,0.137,13.001710751414661,59345
0.424,0.797,0.0577,0.000969,0.841,0.223,22.002895117778657,17031
0.304,0.903,0.0371,1.37e-06,0.867,0.201,24.003158310303988,86938
0.495,0.917,0.0297,8.89e-05,0.847,0.203,50.006579813133314,46399
0.327,0.767,0.129,0.0397,0.874,0.25,2.0002631925253325,59203
0.465,0.853,0.19,0.00148,0.835,0.133,1.0001315962626662,10693
0.37,0.945,0.182,8.85e-05,0.754,0.191,13.001710751414661,27426
0.436,0.912,0.13,0.0239,0.837,0.242,12.001579155151994,46314
0.493,0.884,0.181,0.22,0.802,0.154,1.0001315962626662,24244
0.365,0.759,0.0324,0.00442,0.927,0.165,18.00236873272799,17692
0.392,0.776,0.0507,2.27e-06,0.899,0.215,17.002237136465325,6865
0.37,0.993,0.0753,0.000122,0.916,0.138,40.00526385050665,83648
0.466,0.913,0.0569,0.0339,0.932,0.175,37.00486906171865,46906
0.318,0.792,0.231,0.0154,0.951,0.151,1.0001315962626662,59831
0.418,0.831,0.14,0.00305,0.953,0.144,1.0001315962626662,42860
0.276,0.983,0.14,5.29e-05,0.897,0.206,15.001973943939994,42363
0.464,0.993,0.172,1.33e-05,0.892,0.19,10.001315962626663,22403
0.401,0.915,0.114,0.19,0.904,0.239,1.0001315962626662,54696
0.356,0.885,0.133,0.172,0.913,0.19,1.0001315962626662,54797
0.276,0.263,0.0372,0.609,0.0,0.0997,21.00276352151599,113260
0.38,0.257,0.0322,0.544,0.0,0.112,9.001184366363995,98651
0.334,0.397,0.0284,0.558,0.0774,0.035,8.00105277010133,34268
0.438,0.432,0.0318,0.505,0.00521,0.0904,26.003421502829323,11973
0.349,0.261,0.0306,0.748,0.0,0.103,20.002631925253326,113036
0.38,0.339,0.0338,0.691,0.0,0.0849,22.002895117778657,81657
0.343,0.499,0.0387,0.665,0.0,0.104,8.00105277010133,65711
0.449,0.411,0.0329,0.742,0.101,0.109,14.001842347677327,91272
0.381,0.358,0.0365,0.524,0.169,0.036,1.0001315962626662,84169
0.322,0.378,0.0304,0.512,0.22,0.107,1.0001315962626662,5330
0.434,0.435,0.0296,0.502,0.213,0.0971,2.0002631925253325,41624
0.351,0.467,0.13,0.721,0.223,0.0279,1.0001315962626662,111880
0.309,0.299,0.0334,0.554,3.1e-05,0.193,28.003684695354654,57072
0.383,0.351,0.0298,0.594,1.18e-06,0.192,51.006711409395976,113367
0.336,0.385,0.0341,0.542,0.0655,0.192,34.00447427293065,59457
0.436,0.473,0.0307,0.588,4.35e-05,0.242,73.00960652717464,34510
0.468,0.462,0.127,0.514,4.14e-06,0.161,1.0001315962626662,80903
0.347,0.37,0.0285,0.68,0.0103,0.137,47.006185024345314,43582
0.495,0.323,0.0248,0.677,1.58e-05,0.23,75.00986971969996,104514
0.312,0.381,0.0351,0.72,0.0,0.189,47.006185024345314,12135
0.46,0.463,0.0769,0.645,0.0,0.17,88.01158047111463,104466
0.454,0.447,0.171,0.687,0.0,0.206,4.000526385050665,98527
0.447,0.351,0.0513,0.555,0.127,0.207,1.0001315962626662,12529
0.45,0.442,0.0478,0.524,0.176,0.138,3.0003947887879985,4339
0.336,0.297,0.0292,0.709,0.147,0.179,2.0002631925253325,7078
0.474,0.319,0.0394,0.674,0.222,0.203,2.0002631925253325,54076
0.544,0.851,0.0365,4.16e-06,0.756,0.369,19.00250032899066,10422
0.645,0.861,0.0508,0.0031,0.771,0.293,33.00434267666799,73715
0.615,0.987,0.102,0.00112,0.872,0.324,42.00552704303198,10446
0.722,0.944,0.0481,0.0262,0.782,0.327,42.00552704303198,10641
0.631,0.839,0.143,0.0431,0.758,0.318,2.0002631925253325,29928
0.617,0.991,0.13,0.0157,0.856,0.289,5.000657981313331,10012
0.682,0.882,0.136,0.0016,0.845,0.347,3.0003947887879985,28562
0.665,0.797,0.0456,0.245,0.82,0.311,2.0002631925253325,111773
0.577,0.929,0.0437,0.226,0.845,0.353,2.0002631925253325,110324
0.711,0.907,0.0439,0.192,0.851,0.285,5.000657981313331,54634
0.572,0.874,0.0379,0.0939,0.884,0.293,17.002237136465325,13955
0.689,0.852,0.0394,0.00825,0.88,0.28,26.003421502829323,54112
0.602,0.994,0.0921,0.00249,0.917,0.341,39.00513225424398,10352
0.695,0.983,0.0509,0.000169,0.895,0.37,33.00434267666799,24420
0.633,0.785,0.179,0.0476,0.917,0.316,1.0001315962626662,10977
0.593,0.957,0.156,0.0392,0.967,0.341,1.0001315962626662,109787
0.693,0.997,0.158,0.0654,0.923,0.359,1.0001315962626662,46957
0.66,0.837,0.0294,0.242,0.876,0.302,2.0002631925253325,38185
0.582,0.999,0.0778,0.169,0.907,0.369,2.0002631925253325,49582
0.743,0.961,0.0913,0.208,0.892,0.336,2.0002631925253325,54446
0.56,0.849,0.0464,0.000558,0.854,0.415,18.00236873272799,10628
0.645,0.844,0.046,0.0118,0.873,0.425,24.003158310303988,20449
0.539,0.949,0.0674,0.00962,0.8,0.392,55.007237794446645,110659
0.71,0.939,0.0348,5.84e-05,0.865,0.485,42.00552704303198,24304
0.506,0.993,0.207,0.000138,0.843,0.47,8.00105277010133,28613
0.589,0.923,0.0391,0.126,0.838,0.399,1.0001315962626662,54591
0.636,0.958,0.12,0.163,0.764,0.483,4.000526385050665,46235
0.592,0.785,0.0391,2.35e-05,0.879,0.451,17.002237136465325,13033
0.685,0.788,0.0789,0.0145,0.896,0.457,17.002237136465325,17771
0.61,0.923,0.0431,0.000234,0.88,0.393,18.00236873272799,32527
0.738,0.963,0.0619,0.000182,0.918,0.439,23.003026714041322,13230
0.544,0.937,0.171,0.00279,0.888,0.485,1.0001315962626662,27314
0.705,0.924,0.177,0.00576,0.927,0.378,2.0002631925253325,48658
0.711,0.769,0.0364,0.19,0.928,0.482,3.0003947887879985,111122
0.606,0.897,0.0448,0.176,0.882,0.393,1.0001315962626662,111401
0.719,0.959,0.0573,0.154,0.885,0.482,2.0002631925253325,32981
0.33,0.533,0.032,0.105,0.0,0.506,15.001973943939994,92995
0.479,0.571,0.0751,0.0664,0.0,0.547,37.00486906171865,98333
0.374,0.726,0.0787,0.0289,0.0,0.546,23.003026714041322,104978
0.431,0.666,0.0337,0.00151,0.00213,0.619,114.01500197394395,8919
0.477,0.576,0.149,0.102,8.74e-05,0.625,1.0001315962626662,43631
0.493,0.658,0.226,0.0317,0.00014,0.528,5.000657981313331,66265
0.371,0.601,0.0277,0.137,5.53e-05,0.596,12.001579155151994,47187
0.432,0.54,0.0381,0.233,0.00197,0.576,24.003158310303988,12869
0.347,0.693,0.0841,0.142,0.0,0.614,12.001579155151994,97418
0.48,0.628,0.0262,0.174,3.28e-05,0.541,49.006448216870645,79545
0.457,0.716,0.208,0.173,4.7e-06,0.548,1.0001315962626662,88883
0.312,0.562,0.0298,0.123,0.165,0.513,9.001184366363995,3689
0.493,0.516,0.0295,0.00072,0.229,0.621,1.0001315962626662,107808
0.373,0.7,0.0468,0.0827,0.131,0.537,1.0001315962626662,7080
0.379,0.705,0.0794,0.00132,0.194,0.502,1.0001315962626662,54986
0.266,0.574,0.176,0.000104,0.137,0.542,1.0001315962626662,18115
0.37,0.631,0.0919,0.168,0.169,0.506,1.0001315962626662,50698
0.362,0.614,0.0961,0.107,0.0012,0.664,5.000657981313331,8912
0.474,0.56,0.0643,0.0225,0.007,0.627,22.002895117778657,100721
0.366,0.635,0.0328,0.000984,0.00313,0.704,21.00276352151599,82405
0.426,0.74,0.0422,0.0975,0.00312,0.742,89.01171206737729,41291
0.402,0.58,0.245,0.0284,0.00113,0.708,3.0003947887879985,17451
0.321,0.65,0.176,0.104,0.0,0.662,1.0001315962626662,60648
0.434,0.744,0.194,0.111,0.0,0.668,4.000526385050665,100500
0.346,0.589,0.036,0.21,0.00703,0.638,14.001842347677327,102593
0.459,0.591,0.0407,0.177,0.0,0.635,11.001447558889328,69890
0.298,0.704,0.0366,0.188,0.000488,0.655,4.000526385050665,107252
0.422,0.66,0.0324,0.236,0.0,0.732,24.003158310303988,108570
0.474,0.61,0.217,0.144,1.96e-06,0.689,1.0001315962626662,104757
0.455,0.709,0.165,0.219,0.0,0.631,2.0002631925253325,97043
0.396,0.601,0.034,0.00493,0.136,0.649,1.0001315962626662,38870
0.329,0.678,0.0344,0.103,0.168,0.672,1.0001315962626662,84828
0.392,0.741,0.0368,0.000297,0.248,0.643,1.0001315962626662,48899
0.799,0.613,0.0446,0.363,0.0,0.751,30.00394788787999,70064
0.956,0.591,0.0377,0.347,0.000131,0.851,2.0002631925253325,14618
0.766,0.714,0.031,0.324,0.0,0.873,51.006711409395976,14436
0.891,0.707,0.106,0.322,0.0,0.874,4.000526385050665,66382
0.792,0.588,0.131,0.348,0.0,0.775,9.001184366363995,102871
0.918,0.546,0.248,0.309,0.0,0.818,1.0001315962626662,33772
0.787,0.673,0.159,0.264,3.35e-06,0.779,12.001579155151994,20809
0.918,0.673,0.184,0.314,0.0,0.828,8.00105277010133,51260
0.788,0.619,0.0431,0.419,0.0,0.874,39.00513225424398,35129
0.892,0.594,0.123,0.432,0.0,0.83,6.000789577575997,28934
0.807,0.631,0.0279,0.459,0.0,0.801,44.00579023555731,70141
0.911,0.666,0.0415,0.44,0.000423,0.86,4.000526385050665,14892
0.798,0.625,0.13,0.383,3.33e-05,0.774,45.00592183181998,88482
0.767,0.747,0.25,0.462,1.49e-06,0.855,7.000921173838663,37185
0.906,0.677,0.215,0.437,0.0272,0.869,1.0001315962626662,15806
0.927,0.525,0.0667,0.274,0.238,0.778,1.0001315962626662,103872
0.823,0.544,0.0358,0.389,0.165,0.826,2.0002631925253325,57953
0.839,0.559,0.0656,0.274,0.0,0.887,35.00460586919332,57986
0.881,0.595,0.0714,0.282,0.000117,0.911,6.000789577575997,37605
0.764,0.685,0.0599,0.27,0.0,0.925,63.00829056454797,68015
0.949,0.709,0.0325,0.317,0.0,0.977,17.002237136465325,66989
0.844,0.523,0.173,0.263,0.0,0.951,4.000526385050665,55848
0.795,0.678,0.228,0.316,5.65e-06,0.898,7.000921173838663,41556
0.941,0.697,0.2,0.328,0.0,0.911,1.0001315962626662,60430
0.762,0.597,0.0421,0.474,0.000292,0.906,21.00276352151599,35960
0.881,0.573,0.0568,0.482,0.0108,0.905,3.0003947887879985,69073
0.856,0.656,0.076,0.496,0.0,0.951,56.00736939070931,57927
0.891,0.627,0.0566,0.435,0.0,0.922,6.000789577575997,57572
0.852,0.509,0.147,0.441,0.0,0.966,2.0002631925253325,14375
0.919,0.512,0.237,0.388,0.00289,0.903,1.0001315962626662,66616
0.806,0.708,0.147,0.436,0.0,0.891,5.000657981313331,14575
0.906,0.627,0.132,0.473,0.0,0.934,1.0001315962626662,28836
0.784,0.713,0.0339,0.447,0.14,0.97,1.0001315962626662,25518
0.837,0.598,0.181,0.391,0.238,0.983,3.0003947887879985,28345
0.513,0.339,0.0321,0.0414,0.0,0.305,13.001710751414661,112603
0.738,0.347,0.0334,0.052,0.00585,0.345,15.001973943939994,107844
0.601,0.439,0.0269,0.0642,0.0,0.275,60.00789577575998,214
0.634,0.401,0.0273,0.0707,0.0,0.321,36.00473746545598,9622
0.722,0.335,0.136,0.12,0.0,0.266,1.0001315962626662,81454
0.596,0.473,0.218,0.0273,0.0,0.365,10.001315962626663,20720
0.65,0.464,0.19,0.0697,0.0,0.362,7.000921173838663,66333
0.617,0.324,0.0394,0.221,3.04e-05,0.352,10.001315962626663,70368
0.666,0.35,0.0389,0.204,0.00437,0.272,7.000921173838663,55855
0.555,0.472,0.0294,0.132,0.0,0.35,82.01079089353863,72630
0.669,0.449,0.0489,0.184,0.0,0.327,33.00434267666799,36077
0.521,0.299,0.149,0.247,1.24e-05,0.329,2.0002631925253325,36601
0.708,0.36,0.142,0.195,0.0,0.349,1.0001315962626662,15573
0.521,0.388,0.14,0.212,0.0,0.341,4.000526385050665,37719
0.728,0.439,0.143,0.193,0.0,0.34,3.0003947887879985,94227
0.572,0.405,0.0277,0.000252,0.207,0.268,2.0002631925253325,58389
0.739,0.39,0.0918,0.0475,0.132,0.285,7.000921173838663,56360
0.538,0.323,0.0456,0.13,0.245,0.312,1.0001315962626662,111892
0.59,0.437,0.0292,0.159,0.205,0.32,2.0002631925253325,93105
0.559,0.345,0.0459,0.0576,0.000105,0.458,5.000657981313331,3459
0.729,0.356,0.0347,0.0916,0.0905,0.392,4.000526385050665,82425
0.517,0.492,0.0272,0.0275,3.19e-05,0.455,29.00381629161732,34630
0.717,0.455,0.0276,0.0846,0.0,0.389,45.00592183181998,99203
0.728,0.448,0.172,0.103,0.0,0.483,7.000921173838663,18151
0.506,0.351,0.0315,0.151,3.15e-06,0.4,8.00105277010133,104175
0.639,0.368,0.048,0.245,0.0,0.415,5.000657981313331,80294
0.578,0.4,0.0285,0.248,0.0,0.479,38.00500065798132,87622
0.716,0.465,0.0377,0.166,0.0171,0.416,38.00500065798132,23515
0.512,0.323,0.226,0.208,0.0,0.434,2.0002631925253325,15435
0.604,0.406,0.213,0.154,0.0,0.486,1.0001315962626662,55840
0.71,0.451,0.133,0.137,9.85e-05,0.481,6.000789577575997,87440
0.626,0.398,0.039,0.0602,0.247,0.492,6.000789577575997,75106
0.741,0.428,0.0501,0.22,0.193,0.396,3.0003947887879985,73658
0.521,0.36,0.0671,0.607,0.0,0.0816,20.002631925253326,98218
0.652,0.318,0.0296,0.508,5.42e-05,0.0823,4.000526385050665,12149
0.501,0.48,0.0249,0.58,0.079,0.122,14.001842347677327,22012
0.635,0.385,0.0439,0.625,0.0,0.0995,4.000526385050665,15893
0.606,0.36,0.184,0.509,9.55e-05,0.0391,1.0001315962626662,33200
0.52,0.285,0.027,0.686,0.0,0.0798,22.002895117778657,70520
0.657,0.355,0.0714,0.694,0.000427,0.0808,1.0001315962626662,31569
0.623,0.478,0.0645,0.709,8.05e-06,0.0769,24.003158310303988,36265
0.745,0.438,0.0326,0.678,0.112,0.0409,5.000657981313331,94451
0.72,0.374,0.036,0.605,0.23,0.101,1.0001315962626662,32900
0.519,0.389,0.0304,0.514,0.153,0.107,2.0002631925253325,111127
0.57,0.334,0.031,0.695,0.226,0.124,2.0002631925253325,38652
0.583,0.308,0.0465,0.581,0.0106,0.241,40.00526385050665,55190
0.694,0.339,0.0378,0.514,0.0,0.221,20.002631925253326,56049
0.588,0.405,0.0265,0.579,0.0,0.167,64.00842216081064,70190
0.686,0.436,0.0336,0.574,0.0,0.162,25.003289906566657,33407
0.7,0.357,0.142,0.536,0.0,0.129,2.0002631925253325,74552
0.516,0.459,0.163,0.528,1.39e-05,0.184,1.0001315962626662,15560
0.661,0.409,0.204,0.59,0.000929,0.128,2.0002631925253325,15979
0.524,0.361,0.0406,0.725,0.00385,0.203,72.00947493091196,67539
0.63,0.309,0.035,0.738,0.0,0.155,31.004079484142654,70188
0.625,0.427,0.0345,0.641,0.000544,0.224,81.01065929727596,74480
0.675,0.431,0.0328,0.659,6.44e-05,0.217,25.003289906566657,74466
0.578,0.299,0.181,0.702,0.0,0.147,1.0001315962626662,98870
0.699,0.355,0.244,0.737,4.09e-06,0.188,2.0002631925253325,33905
0.571,0.45,0.155,0.641,6.38e-05,0.2,4.000526385050665,36962
0.532,0.342,0.0923,0.515,0.228,0.239,3.0003947887879985,63208
0.504,0.488,0.026,0.544,0.24,0.234,1.0001315962626662,75760
0.632,0.473,0.0532,0.593,0.226,0.151,1.0001315962626662,12315
0.549,0.432,0.0295,0.655,0.227,0.229,3.0003947887879985,56511
0.354,0.286,0.0356,0.813,0.0,0.533,10.001315962626663,112790
0.494,0.28,0.0923,0.811,4e-05,0.553,62.00815896828531,98572
0.311,0.446,0.0409,0.763,0.0,0.546,7.000921173838663,86914
0.416,0.45,0.0339,0.766,0.00035,0.573,47.006185024345314,93241
0.348,0.333,0.156,0.843,0.0,0.505,1.0001315962626662,108498
0.452,0.358,0.17,0.819,0.0,0.571,2.0002631925253325,93165
0.471,0.467,0.211,0.82,0.0,0.537,2.0002631925253325,26584
0.346,0.303,0.0362,0.961,5.55e-06,0.531,10.001315962626663,93285
0.419,0.308,0.0292,0.937,1.14e-05,0.618,37.00486906171865,52960
0.364,0.378,0.0396,0.891,6.68e-05,0.523,4.000526385050665,36745
0.477,0.436,0.0557,0.891,1.34e-05,0.572,34.00447427293065,108445
0.49,0.27,0.187,0.913,0.0,0.537,3.0003947887879985,26269
0.375,0.386,0.196,0.989,0.0328,0.512,1.0001315962626662,93597
0.494,0.382,0.191,0.971,2.37e-06,0.512,4.000526385050665,26339
0.433,0.307,0.0475,0.992,0.174,0.536,5.000657981313331,93347
0.336,0.453,0.038,0.95,0.155,0.599,1.0001315962626662,93239
0.486,0.423,0.031,0.92,0.191,0.611,1.0001315962626662,108659
0.333,0.338,0.0278,0.783,0.000116,0.627,3.0003947887879985,90665
0.464,0.371,0.0459,0.811,0.0,0.67,57.007500986971976,108355
0.369,0.499,0.0448,0.829,1.75e-06,0.69,30.00394788787999,103827
0.482,0.418,0.042,0.847,1.43e-06,0.686,63.00829056454797,14092
0.423,0.265,0.2,0.814,0.0,0.655,4.000526385050665,34999
0.303,0.254,0.0372,0.979,1.95e-06,0.699,6.000789577575997,108685
0.475,0.289,0.0393,0.926,1.09e-06,0.669,27.003553099091988,64881
0.284,0.426,0.0385,0.984,0.000659,0.665,2.0002631925253325,16308
0.424,0.433,0.0415,0.994,0.00061,0.745,25.003289906566657,93920
0.487,0.293,0.165,0.983,0.00676,0.691,2.0002631925253325,54921
0.455,0.405,0.209,0.927,0.000855,0.654,2.0002631925253325,26849
0.343,0.399,0.0533,0.991,0.136,0.731,2.0002631925253325,16404
0.492,0.387,0.0694,0.905,0.157,0.679,2.0002631925253325,108790
0.091,0.818,0.106,1.06e-05,0.817,0.075,2.0002631925253325,42010
0.239,0.845,0.109,7.65e-05,0.851,0.104,7.000921173838663,42512
0.114,0.991,0.115,1e-06,0.84,0.0646,8.00105277010133,6987
0.171,0.974,0.116,3.22e-05,0.802,0.0359,53.00697460192131,42551
0.0728,0.873,0.127,0.000941,0.755,0.0375,1.0001315962626662,6377
0.166,0.845,0.129,0.0029,0.846,0.0294,1.0001315962626662,6397
0.116,0.942,0.201,0.000145,0.844,0.0374,3.0003947887879985,6792
0.171,0.993,0.139,3.52e-06,0.867,0.0369,36.00473746545598,42704
0.149,0.868,0.0767,0.191,0.865,0.0494,1.0001315962626662,59225
0.0903,0.988,0.0544,0.159,0.849,0.0103,2.0002631925253325,101091
0.249,0.995,0.0722,0.178,0.819,0.00984,1.0001315962626662,113768
0.228,0.911,0.169,0.175,0.873,0.121,1.0001315962626662,6963
0.124,0.871,0.0806,1.65e-05,0.908,0.0359,8.00105277010133,6867
0.167,0.855,0.0575,1.79e-05,0.883,0.0757,18.00236873272799,6217
0.102,0.971,0.12,1.76e-05,0.918,0.0566,19.00250032899066,42438
0.196,0.897,0.081,2.22e-05,0.905,0.063,62.00815896828531,6827
0.167,0.802,0.129,1.62e-06,0.929,0.022,2.0002631925253325,101055
0.115,0.999,0.157,0.000686,0.948,0.0337,5.000657981313331,42610
0.226,0.988,0.2,0.00337,0.897,0.0721,45.00592183181998,59715
0.175,0.807,0.0512,0.173,0.999,0.0325,3.0003947887879985,101736
0.114,0.949,0.0634,0.149,0.965,1e-05,13.001710751414661,101099
0.172,0.999,0.0562,0.146,0.978,1e-05,24.003158310303988,101846
0.176,0.994,0.174,0.139,0.973,0.0158,2.0002631925253325,101035
0.209,0.868,0.0572,2.49e-06,0.806,0.16,18.00236873272799,42633
0.12,0.906,0.0793,4.49e-06,0.865,0.134,3.0003947887879985,22887
0.192,0.989,0.108,4.39e-06,0.835,0.156,36.00473746545598,42118
0.192,0.84,0.226,0.00228,0.86,0.15,1.0001315962626662,101810
0.241,0.921,0.176,1.05e-05,0.833,0.129,10.001315962626663,22810
0.223,0.897,0.075,0.25,0.854,0.133,1.0001315962626662,59524
0.0871,0.789,0.0738,1.92e-06,0.907,0.222,3.0003947887879985,6746
0.183,0.85,0.0384,0.00653,0.938,0.223,10.001315962626663,111126
0.12,0.891,0.0752,0.000928,0.953,0.158,7.000921173838663,6989
0.234,0.89,0.0753,2.22e-06,0.921,0.134,32.00421108040532,42290
0.113,0.967,0.129,3.42e-06,0.919,0.134,1.0001315962626662,42800
0.142,0.981,0.249,8.25e-06,0.894,0.229,13.001710751414661,42270
0.534,0.317,0.0276,0.787,0.000723,0.114,24.003158310303988,99867
0.672,0.265,0.0405,0.758,0.0,0.111,5.000657981313331,70361
0.507,0.378,0.0332,0.852,0.000212,0.085,5.000657981313331,111
0.626,0.469,0.0353,0.844,0.113,0.078,6.000789577575997,54376
0.635,0.394,0.199,0.834,0.0126,0.0756,1.0001315962626662,36371
0.614,0.318,0.0478,0.896,0.00239,0.112,12.001579155151994,31057
0.703,0.284,0.0787,0.885,0.000997,0.0979,2.0002631925253325,15182
0.574,0.411,0.0685,0.925,0.000478,0.0764,3.0003947887879985,15933
0.507,0.28,0.0282,0.775,0.000264,0.233,127.01671272535862,3981
0.652,0.263,0.0447,0.758,2.69e-06,0.192,33.00434267666799,919
0.579,0.418,0.0309,0.841,0.000363,0.202,92.01210685616529,56973
0.721,0.496,0.0508,0.845,0.0,0.217,41.00539544676931,80838
0.568,0.369,0.127,0.81,1.77e-05,0.243,1.0001315962626662,111060
0.65,0.29,0.247,0.844,0.0,0.238,1.0001315962626662,18054
0.584,0.416,0.182,0.797,2.46e-05,0.149,3.0003947887879985,94647
0.568,0.283,0.0333,0.93,2.04e-05,0.173,37.00486906171865,79137
0.663,0.274,0.0295,0.94,7.18e-05,0.186,22.002895117778657,61306
0.554,0.393,0.0316,0.929,0.000807,0.248,12.001579155151994,11919
0.639,0.386,0.0409,0.917,0.000147,0.249,5.000657981313331,34607
0.675,0.408,0.142,0.901,0.000714,0.229,2.0002631925253325,56400
0.607,0.294,0.0764,0.778,0.162,0.192,5.000657981313331,111024
0.71,0.402,0.0274,0.873,0.232,0.136,2.0002631925253325,589
0.607,0.266,0.0489,0.935,0.213,0.22,9.001184366363995,112364
0.518,0.61,0.0734,0.00158,0.8,0.0654,16.00210554020266,71540
0.737,0.551,0.0401,0.0078,0.812,0.0437,13.001710751414661,73174
0.61,0.706,0.0476,0.0196,0.808,0.0825,21.00276352151599,27373
0.71,0.718,0.0282,0.000189,0.866,0.0479,43.00565863929465,73339
0.54,0.624,0.212,0.0037,0.83,0.109,1.0001315962626662,24350
0.586,0.682,0.191,0.00729,0.812,0.033,1.0001315962626662,24911
0.702,0.659,0.24,0.0742,0.849,0.118,3.0003947887879985,110516
0.548,0.532,0.0313,0.171,0.838,0.038,1.0001315962626662,4488
0.658,0.592,0.0309,0.132,0.768,0.102,1.0001315962626662,112052
0.565,0.645,0.0349,0.201,0.829,0.0383,6.000789577575997,54362
0.678,0.651,0.0481,0.15,0.852,0.0607,13.001710751414661,104952
0.642,0.662,0.195,0.234,0.809,0.106,1.0001315962626662,73811
0.536,0.58,0.0522,0.111,0.881,0.0574,18.00236873272799,109510
0.709,0.528,0.0407,0.0458,0.896,0.113,23.003026714041322,23057
0.511,0.642,0.042,0.00489,0.88,0.0347,12.001579155151994,27610
0.688,0.727,0.0513,0.000104,0.903,0.117,40.00526385050665,27308
0.624,0.546,0.137,0.0138,0.919,0.0704,1.0001315962626662,54761
0.516,0.631,0.146,0.0352,0.889,0.0738,2.0002631925253325,54295
0.595,0.543,0.0362,0.217,0.896,0.106,3.0003947887879985,54361
0.656,0.503,0.0407,0.135,0.905,0.0906,11.001447558889328,32936
0.624,0.629,0.0302,0.168,0.9,0.0793,6.000789577575997,111856
0.696,0.634,0.0403,0.157,0.887,0.0359,5.000657981313331,73606
0.561,0.547,0.0825,0.0622,0.874,0.202,12.001579155151994,32171
0.634,0.518,0.0568,0.00335,0.851,0.184,22.002895117778657,94871
0.591,0.701,0.0309,0.000572,0.821,0.138,22.002895117778657,107502
0.729,0.739,0.0441,0.00055,0.852,0.225,52.006843005658645,109562
0.623,0.609,0.0455,0.163,0.837,0.211,2.0002631925253325,110473
0.687,0.614,0.0838,0.176,0.874,0.219,6.000789577575997,105110
0.591,0.746,0.0588,0.132,0.763,0.2,1.0001315962626662,46825
0.679,0.733,0.0777,0.2,0.86,0.144,3.0003947887879985,105678
0.61,0.592,0.0413,0.00044,0.878,0.127,11.001447558889328,46179
0.705,0.505,0.0431,0.0403,0.912,0.145,15.001973943939994,109307
0.62,0.689,0.0697,0.00136,0.927,0.212,14.001842347677327,27718
0.693,0.698,0.0487,0.0255,0.895,0.175,36.00473746545598,110353
0.543,0.678,0.145,0.00244,0.922,0.141,1.0001315962626662,54838
0.601,0.588,0.0552,0.24,0.91,0.187,3.0003947887879985,54808
0.63,0.525,0.0443,0.228,0.876,0.238,3.0003947887879985,69061
0.59,0.661,0.0424,0.168,0.876,0.238,2.0002631925253325,24937
0.648,0.627,0.056,0.136,0.917,0.135,3.0003947887879985,109802
0.304,0.586,0.0398,0.591,9.26e-05,0.264,30.00394788787999,32239
0.499,0.581,0.0309,0.513,0.0,0.318,66.00868535333598,9441
0.359,0.681,0.0361,0.528,0.0,0.324,9.001184366363995,40031
0.497,0.67,0.0519,0.539,0.0,0.274,11.001447558889328,40573
0.371,0.565,0.233,0.502,0.0,0.273,3.0003947887879985,98418
0.394,0.565,0.126,0.518,1.68e-06,0.308,2.0002631925253325,56550
0.329,0.649,0.175,0.568,0.0,0.339,1.0001315962626662,112519
0.358,0.555,0.0407,0.685,0.0,0.277,13.001710751414661,9086
0.379,0.565,0.0522,0.635,9.55e-05,0.296,64.00842216081064,34558
0.353,0.745,0.0726,0.694,0.0,0.367,5.000657981313331,97282
0.431,0.688,0.0364,0.674,0.0,0.277,11.001447558889328,97599
0.442,0.55,0.184,0.73,0.00059,0.332,2.0002631925253325,57567
0.399,0.738,0.14,0.701,0.0,0.262,2.0002631925253325,87413
0.489,0.521,0.0663,0.512,0.155,0.372,1.0001315962626662,95872
0.416,0.614,0.0392,0.727,0.156,0.301,2.0002631925253325,5925
0.43,0.648,0.0306,0.671,0.14,0.374,1.0001315962626662,40549
0.329,0.506,0.0455,0.586,0.0,0.488,25.003289906566657,12040
0.495,0.51,0.0349,0.519,0.0,0.413,73.00960652717464,12277
0.28,0.746,0.0613,0.535,0.0,0.473,6.000789577575997,77983
0.39,0.661,0.0604,0.556,0.0,0.487,26.003421502829323,15365
0.441,0.557,0.229,0.587,0.0,0.445,3.0003947887879985,108996
0.467,0.649,0.128,0.535,0.0,0.443,1.0001315962626662,96699
0.32,0.62,0.0594,0.64,6.36e-05,0.472,17.002237136465325,11227
0.431,0.618,0.0282,0.726,0.00011,0.433,39.00513225424398,41233
0.371,0.668,0.0497,0.636,2e-06,0.403,10.001315962626663,55210
0.42,0.658,0.037,0.666,0.0,0.407,15.001973943939994,38634
0.37,0.518,0.133,0.659,0.0,0.399,1.0001315962626662,98519
0.484,0.531,0.163,0.697,0.0,0.467,3.0003947887879985,98262
0.385,0.548,0.0308,0.51,0.136,0.415,1.0001315962626662,12151
0.394,0.673,0.0943,0.51,0.236,0.47,1.0001315962626662,42132
0.465,0.612,0.0512,0.676,0.128,0.467,1.0001315962626662,93041
0.757,0.571,0.0906,0.264,8.97e-06,0.538,29.00381629161732,67068
0.93,0.535,0.111,0.303,0.0201,0.518,4.000526385050665,21105
0.869,0.718,0.0998,0.3,1.72e-05,0.561,47.006185024345314,69563
0.753,0.566,0.22,0.294,0.0,0.574,8.00105277010133,56639
0.929,0.625,0.14,0.289,1.2e-06,0.578,1.0001315962626662,88682
0.784,0.637,0.147,0.283,0.0,0.544,10.001315962626663,88196
0.921,0.668,0.171,0.283,0.0,0.556,3.0003947887879985,60190
0.799,0.62,0.113,0.377,0.0158,0.518,57.007500986971976,24702
0.913,0.604,0.102,0.474,0.0624,0.616,1.0001315962626662,66125
0.773,0.699,0.0958,0.488,3.6e-06,0.513,19.00250032899066,53402
0.815,0.601,0.246,0.457,3.99e-06,0.558,10.001315962626663,9534
0.958,0.538,0.167,0.408,0.0,0.565,1.0001315962626662,60317
0.779,0.709,0.17,0.406,0.0,0.528,7.000921173838663,9903
0.91,0.713,0.165,0.422,2.52e-06,0.539,1.0001315962626662,68823
0.791,0.652,0.0519,0.26,0.18,0.571,1.0001315962626662,23820
0.76,0.555,0.0465,0.409,0.213,0.52,2.0002631925253325,81860
0.82,0.603,0.0365,0.323,1.09e-05,0.673,48.006316620607976,21175
0.941,0.551,0.0534,0.331,2.97e-05,0.702,3.0003947887879985,94607
0.811,0.741,0.123,0.358,0.0,0.66,71.0093433346493,21966
0.891,0.691,0.0588,0.29,0.00564,0.666,3.0003947887879985,65186
0.862,0.559,0.168,0.351,0.0,0.658,3.0003947887879985,60653
0.927,0.55,0.149,0.357,0.0,0.73,5.000657981313331,60973
0.795,0.67,0.143,0.269,0.0,0.643,23.003026714041322,81022
0.878,0.74,0.181,0.316,2.87e-06,0.651,4.000526385050665,36866
0.83,0.612,0.0574,0.466,1.4e-05,0.735,18.00236873272799,33906
0.944,0.608,0.085,0.386,0.0,0.642,4.000526385050665,37172
0.825,0.685,0.0602,0.387,0.000251,0.73,25.003289906566657,21570
0.905,0.633,0.0292,0.435,1.07e-05,0.675,1.0001315962626662,14978
0.841,0.506,0.246,0.457,9.28e-06,0.738,8.00105277010133,41457
0.899,0.579,0.205,0.412,4.6e-05,0.713,7.000921173838663,60195
0.816,0.701,0.175,0.481,0.0,0.653,16.00210554020266,68386
0.881,0.712,0.171,0.414,0.000105,0.656,1.0001315962626662,9455
0.766,0.571,0.0385,0.43,0.135,0.716,1.0001315962626662,84803
0.259,0.109,0.0383,0.867,0.816,0.251,1.0001315962626662,16788
0.499,0.124,0.0793,0.836,0.861,0.263,2.0002631925253325,7940
0.375,0.221,0.0591,0.759,0.829,0.286,1.0001315962626662,45853
0.423,0.225,0.0407,0.874,0.792,0.299,2.0002631925253325,45045
0.383,0.0546,0.187,0.844,0.778,0.259,1.0001315962626662,75866
0.358,0.0943,0.0331,0.981,0.849,0.287,12.001579155151994,75794
0.499,0.0189,0.0525,0.916,0.853,0.373,10.001315962626663,101484
0.299,0.145,0.0345,0.911,0.779,0.279,13.001710751414661,16758
0.462,0.187,0.0304,0.954,0.847,0.252,11.001447558889328,102451
0.499,0.206,0.227,0.991,0.865,0.319,1.0001315962626662,54607
0.265,0.124,0.0456,0.809,0.916,0.371,3.0003947887879985,4638
0.273,0.174,0.0368,0.819,0.963,0.286,6.000789577575997,4926
0.395,0.128,0.0273,0.773,0.953,0.294,2.0002631925253325,75448
0.372,0.0183,0.0512,0.994,0.924,0.369,57.007500986971976,16729
0.423,0.0607,0.0454,0.994,0.953,0.278,105.01381760757995,16864
0.308,0.128,0.0368,0.929,0.956,0.294,29.00381629161732,16730
0.377,0.193,0.0449,0.987,0.9,0.285,24.003158310303988,16374
0.455,0.0038,0.177,0.992,0.951,0.254,1.0001315962626662,79612
0.451,0.233,0.213,0.898,0.899,0.296,1.0001315962626662,105129
0.414,0.073,0.05,0.843,0.867,0.409,1.0001315962626662,101482
0.449,0.228,0.0358,0.77,0.843,0.435,1.0001315962626662,45741
0.372,0.0413,0.0339,0.995,0.845,0.445,6.000789577575997,39065
0.433,0.073,0.0493,0.994,0.863,0.424,12.001579155151994,16180
0.303,0.178,0.0432,0.935,0.779,0.379,4.000526385050665,4197
0.431,0.17,0.0389,0.988,0.845,0.385,7.000921173838663,75226
0.456,0.0412,0.0929,0.784,0.946,0.429,1.0001315962626662,101464
0.355,0.173,0.0392,0.793,0.888,0.425,1.0001315962626662,36349
0.48,0.158,0.0807,0.809,0.886,0.498,2.0002631925253325,315
0.284,0.0656,0.0398,0.96,0.952,0.38,32.00421108040532,16943
0.457,0.0343,0.0465,0.989,0.953,0.435,47.006185024345314,16940
0.345,0.236,0.0401,0.989,0.952,0.38,14.001842347677327,16271
0.411,0.185,0.0333,0.983,0.925,0.388,15.001973943939994,16813
0.0989,0.831,0.0585,0.0427,0.0587,0.0593,2.0002631925253325,59613
0.223,0.844,0.125,0.0249,8.82e-06,0.098,15.001973943939994,49370
0.107,0.899,0.0666,1.48e-06,3.71e-05,0.0335,10.001315962626663,6557
0.234,0.948,0.0542,3.19e-06,0.011,0.0771,60.00789577575998,42007
0.177,0.772,0.159,0.0219,0.0151,0.0961,2.0002631925253325,41340
0.0783,0.995,0.127,7.97e-06,0.000869,0.0463,7.000921173838663,22442
0.224,0.918,0.131,9.23e-05,0.0,0.108,55.007237794446645,6139
0.118,0.837,0.0943,0.126,0.0212,1e-05,1.0001315962626662,101671
0.0804,0.948,0.0875,0.166,0.0682,0.0212,1.0001315962626662,101864
0.187,0.91,0.0624,0.147,0.00234,0.0171,4.000526385050665,101674
0.114,0.808,0.0534,1.62e-06,0.225,0.0487,1.0001315962626662,6669
0.144,0.816,0.0753,0.00146,0.186,0.103,5.000657981313331,72750
0.112,0.997,0.0989,4.5e-06,0.195,0.0606,1.0001315962626662,22538
0.215,0.988,0.118,6.04e-06,0.209,0.0694,10.001315962626663,22495
0.0916,0.998,0.17,0.00229,0.16,0.0615,2.0002631925253325,6872
0.25,0.939,0.131,0.00028,0.219,0.0375,14.001842347677327,6905
0.0803,0.843,0.0532,0.038,0.00315,0.188,1.0001315962626662,59661
0.227,0.861,0.0628,0.000218,6.23e-06,0.143,32.00421108040532,72006
0.111,0.982,0.0949,3.47e-05,0.000157,0.178,6.000789577575997,6742
0.244,0.966,0.0841,0.000289,0.0,0.216,82.01079089353863,48827
0.231,0.94,0.217,5.79e-05,5.74e-05,0.147,67.00881694959864,48446
0.159,0.79,0.0593,0.173,0.0,0.149,6.000789577575997,71845
0.109,0.854,0.0871,0.000381,0.228,0.134,1.0001315962626662,22160
0.138,0.841,0.0662,3.06e-06,0.237,0.139,1.0001315962626662,42293
0.23,0.939,0.0753,0.000104,0.236,0.185,18.00236873272799,6522
0.0631,0.961,0.24,0.00054,0.242,0.218,1.0001315962626662,42051
0.241,0.954,0.243,2.55e-06,0.194,0.233,8.00105277010133,42415
0.186,0.784,0.0528,0.229,0.243,0.189,1.0001315962626662,107265
0.284,0.317,0.0316,0.00757,0.00834,0.0961,8.00105277010133,84373
0.414,0.325,0.0389,0.0589,0.0642,0.0771,6.000789577575997,75479
0.321,0.41,0.0294,0.0397,2.7e-06,0.0692,30.00394788787999,113292
0.402,0.411,0.0303,0.049,0.0,0.11,55.007237794446645,113134
0.329,0.362,0.0325,0.206,0.0,0.104,8.00105277010133,36032
0.422,0.336,0.0306,0.199,0.0,0.11,9.001184366363995,113479
0.255,0.473,0.0383,0.186,6.42e-05,0.0626,7.000921173838663,76757
0.495,0.426,0.0736,0.152,5.65e-06,0.0636,16.00210554020266,30733
0.342,0.277,0.0403,0.052,0.188,0.102,3.0003947887879985,38850
0.495,0.295,0.0296,0.0351,0.159,0.06,1.0001315962626662,5762
0.315,0.398,0.0265,0.0716,0.176,0.0981,2.0002631925253325,22211
0.395,0.396,0.0281,0.0102,0.161,0.0656,1.0001315962626662,84914
0.301,0.302,0.0294,0.0628,8.14e-06,0.13,2.0002631925253325,113647
0.469,0.362,0.0498,0.0661,0.0,0.156,17.002237136465325,82475
0.347,0.45,0.0304,0.00982,0.0102,0.185,43.00565863929465,6785
0.489,0.459,0.0327,0.0374,0.0,0.208,67.00881694959864,69370
0.259,0.289,0.0285,0.14,0.0,0.246,22.002895117778657,25367
0.422,0.265,0.0314,0.239,0.049,0.133,24.003158310303988,12420
0.342,0.442,0.0294,0.24,0.00412,0.195,32.00421108040532,7311
0.483,0.453,0.0404,0.135,0.00262,0.198,57.007500986971976,7885
0.414,0.416,0.0251,0.1,0.179,0.196,4.000526385050665,33016
0.575,0.368,0.0317,0.289,0.0,0.621,9.001184366363995,19854
0.745,0.333,0.056,0.357,0.0,0.622,13.001710751414661,93644
0.576,0.384,0.0335,0.31,0.0267,0.513,33.00434267666799,75321
0.658,0.493,0.0267,0.374,0.0,0.557,54.007106198183976,97013
0.6,0.417,0.185,0.262,0.0,0.618,1.0001315962626662,95461
0.659,0.433,0.19,0.368,0.000312,0.572,7.000921173838663,3747
0.536,0.328,0.0647,0.387,9.94e-05,0.546,7.000921173838663,80943
0.731,0.255,0.0375,0.485,0.0,0.564,11.001447558889328,90062
0.572,0.454,0.0258,0.477,1.37e-05,0.515,31.004079484142654,75
0.678,0.449,0.0869,0.477,0.0,0.606,67.00881694959864,56026
0.596,0.479,0.158,0.465,0.0,0.541,4.000526385050665,104884
0.744,0.492,0.148,0.486,0.0,0.567,3.0003947887879985,12458
0.535,0.324,0.0337,0.323,0.226,0.557,1.0001315962626662,12475
0.643,0.412,0.0286,0.421,0.22,0.509,1.0001315962626662,45988
0.544,0.337,0.0653,0.357,6.34e-05,0.667,9.001184366363995,38037
0.671,0.373,0.0323,0.257,8.01e-05,0.732,8.00105277010133,91903
0.578,0.424,0.0277,0.318,3.87e-05,0.634,22.002895117778657,52402
0.647,0.38,0.03,0.334,0.00025,0.653,24.003158310303988,90555
0.691,0.45,0.145,0.335,0.000323,0.65,3.0003947887879985,15816
0.593,0.351,0.0518,0.407,0.0,0.711,5.000657981313331,96071
0.708,0.316,0.0671,0.447,0.00023,0.652,16.00210554020266,55651
0.569,0.5,0.0398,0.405,0.0,0.711,29.00381629161732,77823
0.688,0.492,0.0256,0.492,0.000227,0.638,33.00434267666799,34081
0.559,0.337,0.153,0.436,0.0,0.655,1.0001315962626662,26571
0.634,0.328,0.141,0.493,0.0,0.661,3.0003947887879985,37562
0.525,0.378,0.16,0.425,0.0,0.633,1.0001315962626662,93656
0.744,0.415,0.161,0.449,0.0,0.692,4.000526385050665,104156
0.723,0.428,0.032,0.277,0.192,0.672,2.0002631925253325,87763
0.507,0.431,0.0489,0.497,0.131,0.673,1.0001315962626662,108722
0.646,0.491,0.0443,0.465,0.18,0.68,2.0002631925253325,94250
0.813,0.787,0.0777,0.0452,0.000107,0.326,53.00697460192131,65017
0.877,0.781,0.0548,0.0315,0.000397,0.373,1.0001315962626662,51168
0.754,0.958,0.095,0.0564,0.0538,0.321,11.001447558889328,10864
0.909,0.877,0.117,0.0174,0.000466,0.363,2.0002631925253325,23868
0.785,0.815,0.233,0.112,8.26e-06,0.359,11.001447558889328,5583
0.927,0.822,0.241,0.0954,0.00363,0.335,3.0003947887879985,21476
0.752,0.935,0.203,0.0742,0.0352,0.31,3.0003947887879985,30806
0.955,0.952,0.199,0.0545,0.00016,0.365,2.0002631925253325,37783
0.761,0.784,0.0752,0.187,3.47e-05,0.342,5.000657981313331,36800
0.791,0.89,0.0906,0.166,0.00319,0.256,2.0002631925253325,112853
0.859,0.795,0.197,0.184,0.0,0.375,3.0003947887879985,32402
0.754,0.962,0.201,0.228,0.0778,0.348,4.000526385050665,43636
0.792,0.847,0.0561,0.00172,0.131,0.299,2.0002631925253325,112303
0.805,0.938,0.0888,0.00258,0.214,0.263,4.000526385050665,109643
0.812,0.911,0.204,0.00667,0.155,0.347,1.0001315962626662,49434
0.903,0.98,0.209,0.000977,0.13,0.33,1.0001315962626662,46819
0.762,0.805,0.037,0.132,0.168,0.345,3.0003947887879985,86269
0.781,0.885,0.0839,0.157,0.212,0.375,1.0001315962626662,13867
0.762,0.766,0.0343,0.00776,6.98e-05,0.442,119.01565995525728,88411
0.903,0.849,0.103,0.101,0.000435,0.474,3.0003947887879985,68994
0.751,0.897,0.0468,0.00957,2.72e-05,0.483,34.00447427293065,10047
0.911,0.889,0.0872,0.0778,0.0702,0.4,1.0001315962626662,17019
0.763,0.824,0.192,0.102,0.0,0.474,24.003158310303988,97691
0.9,0.872,0.209,0.0807,0.0,0.462,1.0001315962626662,69628
0.817,0.927,0.22,0.0477,0.0563,0.443,13.001710751414661,29389
0.806,0.769,0.111,0.158,2.25e-05,0.478,34.00447427293065,21118
0.788,0.945,0.0599,0.223,2.97e-06,0.466,18.00236873272799,31331
0.857,0.8,0.209,0.228,0.00517,0.488,9.001184366363995,21045
0.764,0.986,0.165,0.165,0.0,0.384,6.000789577575997,25787
0.801,0.83,0.049,0.000984,0.211,0.396,3.0003947887879985,43903
0.763,0.925,0.0969,0.000737,0.136,0.455,3.0003947887879985,25569
0.761,0.843,0.145,0.00727,0.2,0.396,2.0002631925253325,17854
0.759,0.945,0.192,0.0408,0.165,0.437,3.0003947887879985,10730
0.78,0.929,0.0619,0.177,0.14,0.484,2.0002631925253325,43565
0.778,0.824,0.0707,0.284,0.0,0.758,43.00565863929465,67200
0.881,0.848,0.0987,0.353,0.0,0.848,7.000921173838663,67381
0.818,0.968,0.0833,0.271,0.0,0.858,18.00236873272799,67993
0.922,0.927,0.105,0.283,0.00331,0.796,2.0002631925253325,68710
0.817,0.855,0.244,0.318,0.0,0.783,17.002237136465325,21062
0.775,0.905,0.238,0.253,0.0,0.776,5.000657981313331,78802
0.922,0.906,0.144,0.339,0.000163,0.808,1.0001315962626662,51789
0.787,0.858,0.0373,0.405,2.95e-06,0.814,72.00947493091196,67236
0.889,0.857,0.0606,0.461,0.0,0.84,1.0001315962626662,97814
0.83,0.881,0.0699,0.429,7.25e-06,0.866,9.001184366363995,21908
0.877,0.881,0.0713,0.421,0.000345,0.874,1.0001315962626662,51603
0.866,0.842,0.25,0.495,0.0,0.844,13.001710751414661,5683
0.878,0.786,0.152,0.416,3.1e-05,0.831,2.0002631925253325,37951
0.844,0.915,0.129,0.393,0.00238,0.872,7.000921173838663,28194
0.891,0.913,0.149,0.394,0.000173,0.772,1.0001315962626662,51654
0.818,0.859,0.0417,0.31,0.197,0.78,1.0001315962626662,14252
0.804,0.931,0.0533,0.262,0.24,0.826,1.0001315962626662,66435
0.78,0.856,0.0966,0.306,0.0,0.888,50.006579813133314,95502
0.908,0.813,0.0777,0.305,0.0,0.924,4.000526385050665,88655
0.845,0.901,0.0425,0.359,0.0,0.965,33.00434267666799,41997
0.928,0.884,0.0715,0.345,0.00199,0.927,1.0001315962626662,107880
0.867,0.796,0.175,0.312,1.34e-05,0.894,5.000657981313331,66432
0.931,0.868,0.172,0.303,0.0,0.965,3.0003947887879985,89932
0.777,0.902,0.153,0.282,0.0,0.924,1.0001315962626662,46595
0.758,0.81,0.0463,0.448,3.15e-05,0.877,56.00736939070931,35315
0.78,0.879,0.0384,0.494,0.000207,0.942,14.001842347677327,95240
0.893,0.914,0.074,0.496,0.0,0.964,2.0002631925253325,77510
0.813,0.793,0.132,0.478,0.0,0.953,9.001184366363995,35879
0.863,0.906,0.129,0.384,0.0,0.966,1.0001315962626662,100205
0.79,0.873,0.0372,0.366,0.126,0.963,1.0001315962626662,32754
0.253,0.359,0.0317,0.31,6.16e-06,0.115,8.00105277010133,113572
0.452,0.301,0.0366,0.275,0.0,0.111,4.000526385050665,45035
0.29,0.427,0.0315,0.37,2.68e-06,0.0539,16.00210554020266,76980
0.468,0.435,0.031,0.253,0.0,0.0406,11.001447558889328,9986
0.323,0.34,0.0308,0.477,6.67e-05,0.0983,7.000921173838663,113430
0.46,0.364,0.0276,0.477,4.89e-05,0.124,16.00210554020266,63593
0.286,0.455,0.0335,0.448,3.34e-05,0.103,17.002237136465325,40254
0.413,0.445,0.025,0.438,0.0,0.117,12.001579155151994,44892
0.289,0.274,0.0362,0.262,0.23,0.0405,2.0002631925253325,11426
0.496,0.404,0.143,0.319,0.16,0.066,1.0001315962626662,54386
0.372,0.309,0.0309,0.459,0.171,0.036,1.0001315962626662,55446
0.403,0.272,0.0325,0.403,0.17,0.105,1.0001315962626662,44683
0.32,0.288,0.0291,0.363,0.00561,0.181,16.00210554020266,19720
0.463,0.33,0.0384,0.32,0.0818,0.168,28.003684695354654,38903
0.308,0.479,0.035,0.271,0.00257,0.156,35.00460586919332,72509
0.44,0.489,0.0392,0.254,0.0,0.239,67.00881694959864,40204
0.322,0.28,0.0281,0.468,1.1e-06,0.175,19.00250032899066,3763
0.39,0.318,0.0304,0.466,0.013,0.25,29.00381629161732,102158
0.304,0.421,0.0293,0.46,4.03e-05,0.216,33.00434267666799,11841
0.46,0.39,0.0305,0.436,0.0,0.2,49.006448216870645,90467
0.403,0.342,0.175,0.497,0.0,0.154,1.0001315962626662,106416
0.301,0.263,0.028,0.31,0.158,0.212,3.0003947887879985,101181
0.271,0.405,0.0379,0.337,0.139,0.187,5.000657981313331,98492
0.531,0.867,0.0467,0.00874,0.609,0.0597,9.001184366363995,17318
0.667,0.837,0.0684,0.0119,0.528,0.0339,3.0003947887879985,27561
0.61,0.924,0.0614,0.00208,0.517,0.0802,37.00486906171865,110820
0.707,0.927,0.109,0.121,0.55,0.0519,11.001447558889328,73268
0.622,0.782,0.171,0.00233,0.521,0.0295,1.0001315962626662,110634
0.679,0.834,0.178,0.0159,0.523,0.0392,1.0001315962626662,27176
0.615,0.955,0.149,0.00249,0.57,0.107,3.0003947887879985,27878
0.645,0.97,0.134,0.00804,0.562,0.123,8.00105277010133,83269
0.632,0.761,0.0865,0.173,0.579,0.0679,1.0001315962626662,51361
0.557,0.793,0.036,0.000513,0.75,0.0869,36.00473746545598,25063
0.676,0.85,0.0441,0.001,0.66,0.0892,24.003158310303988,109625
0.509,0.924,0.0523,0.000952,0.673,0.065,33.00434267666799,10409
0.714,0.921,0.0602,0.000705,0.71,0.111,17.002237136465325,110595
0.512,0.997,0.135,3.57e-05,0.697,0.105,3.0003947887879985,61728
0.67,0.926,0.165,0.00201,0.704,0.0476,7.000921173838663,83961
0.509,0.986,0.0991,0.179,0.662,0.0385,1.0001315962626662,46276
0.576,0.822,0.11,0.000909,0.537,0.193,17.002237136465325,5936
0.628,0.769,0.0326,0.00676,0.546,0.192,9.001184366363995,32982
0.536,0.966,0.0386,0.00122,0.62,0.162,32.00421108040532,29547
0.647,0.988,0.0975,0.0279,0.511,0.204,8.00105277010133,17213
0.619,0.778,0.172,0.0444,0.598,0.228,2.0002631925253325,54717
0.544,0.986,0.136,0.00472,0.562,0.183,3.0003947887879985,22496
0.653,0.88,0.129,0.0308,0.622,0.227,7.000921173838663,29886
0.672,0.989,0.164,0.175,0.583,0.156,1.0001315962626662,10842
0.607,0.823,0.0431,0.00615,0.641,0.25,15.001973943939994,46151
0.648,0.87,0.0452,0.0665,0.643,0.147,15.001973943939994,49743
0.602,0.917,0.0876,0.0042,0.63,0.237,39.00513225424398,23781
0.652,0.924,0.0384,0.00723,0.647,0.132,22.002895117778657,83935
0.53,0.874,0.128,0.000879,0.633,0.202,1.0001315962626662,59427
0.734,0.811,0.188,0.0319,0.731,0.197,2.0002631925253325,13963
0.522,0.944,0.127,0.00173,0.737,0.177,3.0003947887879985,110332
0.716,0.931,0.209,0.000412,0.67,0.2,1.0001315962626662,27808
0.519,0.983,0.103,0.126,0.736,0.23,1.0001315962626662,6842
0.701,0.844,0.133,0.152,0.626,0.198,5.000657981313331,8251
0.526,0.94,0.138,0.156,0.694,0.187,1.0001315962626662,55023
0.577,0.0513,0.033,0.845,0.000144,0.0681,1.0001315962626662,84592
0.522,0.227,0.0292,0.781,1.12e-06,0.0987,16.00210554020266,70224
0.685,0.15,0.039,0.797,0.0461,0.125,1.0001315962626662,11332
0.702,0.221,0.162,0.856,0.00694,0.0767,2.0002631925253325,94253
0.571,0.0274,0.0649,0.948,6.43e-06,0.087,13.001710751414661,99266
0.674,0.0688,0.0404,0.914,0.00183,0.0698,3.0003947887879985,7946
0.534,0.213,0.0283,0.884,0.0,0.0998,20.002631925253326,64713
0.657,0.134,0.0357,0.986,0.0,0.119,16.00210554020266,62349
0.503,0.115,0.158,0.961,0.0,0.122,1.0001315962626662,93599
0.561,0.111,0.0324,0.871,0.205,0.0607,3.0003947887879985,99565
0.66,0.177,0.0377,0.835,0.162,0.0699,1.0001315962626662,15265
0.597,0.127,0.0292,0.894,0.192,0.0574,5.000657981313331,15614
0.561,0.017,0.0407,0.832,0.000387,0.156,16.00210554020266,45659
0.653,0.0584,0.0442,0.847,0.000361,0.163,6.000789577575997,99708
0.544,0.192,0.0354,0.769,0.0,0.199,73.00960652717464,99753
0.636,0.243,0.04,0.815,0.0,0.239,25.003289906566657,31672
0.569,0.196,0.154,0.806,1.35e-06,0.185,1.0001315962626662,98739
0.569,0.0344,0.0375,0.966,0.0132,0.157,53.00697460192131,93171
0.712,0.0716,0.0449,0.981,0.0178,0.211,12.001579155151994,14822
0.55,0.187,0.0261,0.938,0.00954,0.197,81.01065929727596,4285
0.703,0.169,0.119,0.98,0.0351,0.195,18.00236873272799,26747
0.546,0.0727,0.192,0.93,0.000111,0.146,1.0001315962626662,26494
0.619,0.154,0.239,0.993,0.111,0.238,4.000526385050665,93763
0.525,0.0623,0.05,0.994,0.157,0.17,5.000657981313331,64259
0.786,0.225,0.573,0.679,0.0,0.658,1.0001315962626662,66688
0.719,0.292,0.675,0.578,0.0,0.559,10.001315962626663,98291
0.873,0.396,0.505,0.617,0.0,0.558,3.0003947887879985,37544
0.717,0.173,0.946,0.735,0.0,0.518,3.0003947887879985,66521
0.58,0.33,0.948,0.718,0.0,0.702,16.00210554020266,18359
0.759,0.494,0.951,0.746,0.0,0.573,1.0001315962626662,18357
0.652,0.208,0.544,0.907,0.0,0.632,2.0002631925253325,14644
0.878,0.202,0.548,0.818,0.0,0.612,1.0001315962626662,14840
0.638,0.449,0.556,0.796,0.0,0.557,5.000657981313331,18622
0.689,0.237,0.96,0.973,0.0,0.595,2.0002631925253325,18927
0.816,0.188,0.915,0.854,0.0,0.526,1.0001315962626662,66918
0.692,0.445,0.952,0.772,0.0,0.58,29.00381629161732,18934
0.83,0.148,0.679,0.546,0.0,0.872,1.0001315962626662,66431
0.734,0.295,0.889,0.636,0.0,0.788,2.0002631925253325,65733
0.678,0.179,0.598,0.796,0.0,0.772,1.0001315962626662,66183
0.802,0.153,0.532,0.761,0.0,0.96,1.0001315962626662,66914
0.598,0.329,0.573,0.858,0.0,0.936,3.0003947887879985,108096
0.754,0.34,0.505,0.834,0.0,0.922,2.0002631925253325,108031
0.607,0.355,0.828,0.948,0.000281,0.964,10.001315962626663,65837
0.351,0.55,0.107,0.601,0.0,0.622,5.000657981313331,76388
0.445,0.62,0.0353,0.56,5.32e-05,0.612,28.003684695354654,90823
0.323,0.688,0.0324,0.571,8.08e-05,0.525,12.001579155151994,84794
0.472,0.648,0.0366,0.609,0.00501,0.542,26.003421502829323,77845
0.436,0.552,0.189,0.518,0.0,0.541,3.0003947887879985,5697
0.339,0.686,0.167,0.567,0.0,0.51,1.0001315962626662,98915
0.359,0.573,0.0326,0.665,0.000178,0.562,35.00460586919332,44094
0.423,0.512,0.0319,0.669,0.0,0.544,49.006448216870645,84645
0.332,0.74,0.0333,0.72,0.0,0.553,5.000657981313331,43998
0.432,0.695,0.111,0.732,0.0014,0.513,40.00526385050665,55139
0.491,0.554,0.143,0.717,0.0,0.518,3.0003947887879985,99433
0.45,0.687,0.183,0.733,0.0,0.553,2.0002631925253325,77829
0.492,0.64,0.0723,0.568,0.178,0.556,3.0003947887879985,102801
0.424,0.675,0.0499,0.647,0.127,0.566,1.0001315962626662,41754
0.328,0.521,0.0468,0.61,2.71e-06,0.748,12.001579155151994,112397
0.491,0.569,0.0545,0.507,0.0,0.673,23.003026714041322,41149
0.369,0.696,0.0312,0.606,2.7e-05,0.654,2.0002631925253325,111538
0.402,0.718,0.045,0.53,0.0,0.673,31.004079484142654,80766
0.49,0.586,0.217,0.547,0.0,0.718,2.0002631925253325,26369
0.452,0.702,0.201,0.538,0.0,0.693,1.0001315962626662,96865
0.353,0.548,0.0332,0.709,0.0,0.67,2.0002631925253325,1050
0.486,0.568,0.0417,0.652,0.0,0.65,35.00460586919332,62346
0.303,0.648,0.0512,0.642,0.053,0.644,12.001579155151994,84516
0.415,0.646,0.036,0.663,0.0,0.662,37.00486906171865,96505
0.393,0.505,0.147,0.703,0.0,0.699,4.000526385050665,14135
0.404,0.577,0.0294,0.605,0.249,0.637,1.0001315962626662,547
0.546,0.798,0.034,0.509,8.58e-06,0.568,23.003026714041322,35383
0.711,0.774,0.0564,0.549,0.0,0.553,31.004079484142654,103598
0.503,0.95,0.0703,0.61,1.37e-05,0.576,10.001315962626663,63891
0.672,0.932,0.096,0.545,0.0,0.581,1.0001315962626662,26241
0.547,0.791,0.127,0.558,0.0,0.595,12.001579155151994,57836
0.707,0.795,0.234,0.537,0.0,0.612,5.000657981313331,69000
0.536,0.937,0.183,0.566,0.0,0.608,1.0001315962626662,96705
0.576,0.846,0.0336,0.723,2.89e-06,0.562,15.001973943939994,107626
0.671,0.789,0.0936,0.729,1.43e-06,0.534,14.001842347677327,74462
0.658,0.906,0.0787,0.657,0.00112,0.501,4.000526385050665,69471
0.594,0.815,0.216,0.668,0.0,0.54,21.00276352151599,37995
0.68,0.86,0.183,0.645,0.0,0.603,2.0002631925253325,97445
0.646,0.883,0.187,0.645,0.0,0.578,3.0003947887879985,104621
0.653,0.759,0.0955,0.696,0.191,0.608,1.0001315962626662,106678
0.62,0.762,0.0324,0.613,2.3e-06,0.745,45.00592183181998,7839
0.649,0.866,0.0486,0.622,0.0,0.737,53.00697460192131,35049
0.507,0.913,0.0307,0.522,1.15e-06,0.725,19.00250032899066,25529
0.642,0.907,0.0511,0.549,0.0,0.673,7.000921173838663,92223
0.524,0.838,0.179,0.519,0.0,0.63,9.001184366363995,97697
0.703,0.795,0.247,0.549,0.0,0.693,2.0002631925253325,9213
0.533,0.945,0.219,0.555,0.0,0.679,4.000526385050665,96948
0.629,0.883,0.23,0.603,0.0,0.701,4.000526385050665,25536
0.516,0.863,0.0635,0.728,0.0,0.724,25.003289906566657,92638
0.729,0.752,0.0339,0.668,0.0,0.638,25.003289906566657,97452
0.563,0.916,0.0991,0.627,0.0,0.649,6.000789577575997,97144
0.668,0.884,0.0651,0.663,0.0,0.707,10.001315962626663,97728
0.531,0.819,0.209,0.678,0.000163,0.629,4.000526385050665,36699
0.68,0.856,0.158,0.702,0.0,0.673,9.001184366363995,104824
0.546,0.908,0.217,0.698,0.0,0.662,2.0002631925253325,96542
0.626,0.803,0.0299,0.716,0.226,0.728,1.0001315962626662,82774
0.597,0.0379,0.0354,0.84,5.96e-06,0.518,5.000657981313331,14550
0.661,0.121,0.0522,0.755,0.0,0.515,4.000526385050665,108891
0.57,0.187,0.0375,0.76,0.0,0.51,38.00500065798132,7378
0.715,0.217,0.0319,0.822,0.0,0.509,18.00236873272799,14016
0.703,0.0828,0.139,0.825,1.24e-05,0.57,1.0001315962626662,14607
0.515,0.187,0.194,0.872,0.0,0.569,1.0001315962626662,93709
0.588,0.115,0.0541,0.934,0.0,0.539,17.002237136465325,93848
0.655,0.104,0.0319,0.891,0.0011,0.506,18.00236873272799,55510
0.614,0.157,0.0375,0.981,8.08e-05,0.506,69.00908014212396,102266
0.651,0.246,0.0286,0.885,0.0,0.502,54.007106198183976,52850
0.615,0.22,0.145,0.904,0.0,0.544,2.0002631925253325,98875
0.681,0.209,0.139,0.99,0.00186,0.518,3.0003947887879985,108012
0.565,0.0392,0.045,0.835,0.183,0.601,2.0002631925253325,45016
0.645,0.102,0.0449,0.953,0.155,0.511,3.0003947887879985,12408
0.534,0.15,0.0422,0.984,0.2,0.53,2.0002631925253325,16737
0.643,0.17,0.0485,0.948,0.127,0.622,1.0001315962626662,93087
0.631,0.0653,0.0371,0.861,0.0,0.656,3.0003947887879985,52123
0.609,0.225,0.109,0.792,1.94e-06,0.658,14.001842347677327,66678
0.626,0.248,0.061,0.827,0.0,0.639,32.00421108040532,8194
0.697,0.201,0.201,0.769,0.0,0.714,2.0002631925253325,98342
0.511,0.12,0.0429,0.951,0.0,0.737,12.001579155151994,108740
0.684,0.117,0.0349,0.935,0.0,0.671,7.000921173838663,99887
0.507,0.199,0.0289,0.89,5.22e-05,0.674,25.003289906566657,52828
0.656,0.224,0.0772,0.884,1.15e-06,0.636,21.00276352151599,108364
0.678,0.106,0.242,0.981,0.0,0.633,1.0001315962626662,93778
0.617,0.135,0.148,0.992,0.00034,0.641,3.0003947887879985,108357
0.7,0.22,0.163,0.988,0.0,0.703,5.000657981313331,108255
0.533,0.0986,0.0727,0.938,0.15,0.671,1.0001315962626662,16843
0.523,0.246,0.0382,0.99,0.195,0.69,1.0001315962626662,93854
0.646,0.194,0.0515,0.984,0.165,0.627,1.0001315962626662,108563
0.211,0.821,0.0732,1.25e-05,0.0329,0.371,41.00539544676931,91157
0.112,0.978,0.117,0.000108,0.0241,0.371,11.001447558889328,2032
0.223,0.91,0.08,0.0116,0.000518,0.364,110.01447558889329,2788
0.0991,0.987,0.205,2.42e-06,0.000751,0.283,1.0001315962626662,22514
0.194,0.996,0.154,6.41e-06,6.97e-05,0.338,51.006711409395976,42516
0.221,0.831,0.0545,0.164,0.00017,0.269,4.000526385050665,41825
0.102,0.859,0.0775,0.000351,0.151,0.274,3.0003947887879985,22866
0.193,0.779,0.067,0.00369,0.191,0.252,6.000789577575997,84586
0.203,0.93,0.0747,3.27e-06,0.149,0.257,8.00105277010133,50714
0.209,0.981,0.163,8.97e-05,0.16,0.369,3.0003947887879985,42136
0.103,0.819,0.0462,7.26e-06,0.0732,0.402,1.0001315962626662,58883
0.23,0.865,0.0564,0.000971,4.9e-05,0.484,25.003289906566657,41025
0.121,0.99,0.108,5.74e-05,0.00358,0.405,1.0001315962626662,6517
0.204,0.913,0.102,0.000212,4.46e-06,0.388,59.00776417949731,50187
0.233,0.948,0.209,0.12,0.00261,0.444,23.003026714041322,2675
0.101,0.776,0.053,0.186,0.000154,0.393,1.0001315962626662,82963
0.127,0.839,0.0545,0.138,0.0963,0.476,2.0002631925253325,82957
0.247,0.94,0.113,0.129,0.0,0.405,2.0002631925253325,47677
0.193,0.859,0.0459,2.24e-05,0.131,0.385,2.0002631925253325,84643
0.202,0.939,0.111,0.0709,0.243,0.487,6.000789577575997,38821
0.239,0.989,0.2,3.31e-05,0.182,0.42,1.0001315962626662,42122
0.513,0.37,0.032,0.0131,0.0124,0.509,5.000657981313331,41622
0.739,0.375,0.0541,0.119,0.0,0.581,8.00105277010133,80536
0.521,0.47,0.0306,0.0293,0.0587,0.555,25.003289906566657,90199
0.689,0.403,0.0277,0.0807,0.0,0.544,36.00473746545598,11864
0.523,0.483,0.224,0.113,0.0,0.582,3.0003947887879985,9972
0.633,0.475,0.223,0.0217,0.0,0.524,3.0003947887879985,41354
0.586,0.35,0.0275,0.247,9.49e-05,0.549,8.00105277010133,57904
0.637,0.333,0.0262,0.181,0.0,0.588,8.00105277010133,79323
0.578,0.386,0.0278,0.208,0.0453,0.569,58.00763258323464,3452
0.733,0.382,0.0459,0.132,0.0,0.517,51.006711409395976,57381
0.748,0.356,0.176,0.205,0.0,0.59,1.0001315962626662,15705
0.627,0.429,0.234,0.238,0.0,0.565,3.0003947887879985,104050
0.589,0.432,0.0361,0.00919,0.195,0.605,4.000526385050665,87198
0.626,0.453,0.0269,0.112,0.226,0.615,1.0001315962626662,92737
0.713,0.312,0.0568,0.131,0.159,0.603,1.0001315962626662,85613
0.686,0.499,0.0306,0.141,0.203,0.515,2.0002631925253325,105187
0.573,0.264,0.0323,0.057,0.0,0.742,4.000526385050665,107848
0.717,0.372,0.0282,0.059,3.42e-06,0.727,4.000526385050665,90166
0.525,0.424,0.101,0.00552,0.0044,0.631,28.003684695354654,1274
0.681,0.485,0.0341,0.0718,0.0876,0.678,35.00460586919332,70496
0.676,0.461,0.143,0.0322,1.01e-06,0.715,6.000789577575997,62102
0.557,0.338,0.0257,0.134,0.00184,0.689,1.0001315962626662,33482
0.66,0.337,0.0286,0.213,1.57e-05,0.703,2.0002631925253325,84858
0.508,0.47,0.0262,0.201,0.0553,0.69,27.003553099091988,71492
0.726,0.487,0.0273,0.132,3.68e-05,0.626,33.00434267666799,74556
0.687,0.434,0.25,0.184,0.00103,0.65,1.0001315962626662,33729
0.535,0.485,0.057,0.0355,0.171,0.649,1.0001315962626662,12287
0.737,0.5,0.0456,0.00831,0.158,0.724,2.0002631925253325,109493
0.599,0.313,0.0386,0.375,6.8e-05,0.0692,9.001184366363995,29652
0.508,0.491,0.0866,0.327,0.0,0.111,11.001447558889328,33458
0.668,0.465,0.0552,0.374,0.00958,0.0686,8.00105277010133,103655
0.581,0.316,0.19,0.334,0.0145,0.108,1.0001315962626662,111415
0.521,0.37,0.0266,0.488,5.06e-05,0.0813,9.001184366363995,43641
0.701,0.372,0.0362,0.414,0.0,0.109,7.000921173838663,40218
0.513,0.426,0.03,0.452,0.0,0.101,12.001579155151994,98461
0.636,0.44,0.0926,0.416,0.0182,0.0926,13.001710751414661,28355
0.706,0.297,0.132,0.468,0.0,0.123,2.0002631925253325,15110
0.621,0.44,0.204,0.384,2.08e-05,0.0933,1.0001315962626662,32073
0.508,0.33,0.0265,0.259,0.154,0.101,3.0003947887879985,4009
0.725,0.36,0.0803,0.297,0.192,0.0912,1.0001315962626662,60924
0.639,0.365,0.0711,0.469,0.144,0.0368,1.0001315962626662,24183
0.54,0.255,0.0284,0.258,0.00241,0.179,28.003684695354654,74476
0.711,0.292,0.037,0.313,0.0,0.194,7.000921173838663,102414
0.587,0.394,0.0953,0.278,0.0,0.211,69.00908014212396,5292
0.635,0.5,0.03,0.303,1.04e-05,0.208,27.003553099091988,63473
0.605,0.363,0.248,0.27,2.1e-05,0.248,2.0002631925253325,60219
0.528,0.468,0.133,0.264,0.0,0.241,4.000526385050665,15194
0.71,0.478,0.178,0.341,0.0,0.139,2.0002631925253325,39675
0.576,0.357,0.0837,0.489,0.0,0.2,26.003421502829323,95873
0.695,0.357,0.0379,0.427,0.0,0.22,14.001842347677327,107562
0.516,0.452,0.0541,0.495,0.0,0.172,70.00921173838664,9778
0.661,0.378,0.0269,0.411,0.000371,0.146,18.00236873272799,5750
0.644,0.337,0.183,0.389,0.0,0.206,1.0001315962626662,15516
0.562,0.471,0.142,0.463,0.0,0.161,1.0001315962626662,21732
0.678,0.383,0.131,0.384,1.86e-06,0.174,2.0002631925253325,33613
0.513,0.396,0.0299,0.251,0.177,0.229,4.000526385050665,19502
0.535,0.487,0.0326,0.385,0.165,0.141,3.0003947887879985,17810
0.0,2.03e-05,0.0,0.754,0.00641,0.0,1.0001315962626662,101898
0.171,0.124,0.0364,0.781,0.0,0.0717,14.001842347677327,99193
0.235,0.16,0.0391,0.81,0.0776,0.0397,19.00250032899066,75097
0.124,0.0988,0.0403,0.927,3.93e-05,0.0828,20.002631925253326,26233
0.219,0.0479,0.0586,0.984,0.0283,0.0719,76.01000131596264,76870
0.114,0.137,0.0374,0.913,0.00168,0.0699,5.000657981313331,76470
0.208,0.162,0.0355,0.903,6.66e-05,0.113,77.0101329122253,4405
0.125,0.0926,0.0394,0.981,0.152,0.0396,5.000657981313331,76489
0.158,0.00972,0.0463,0.949,0.137,0.0572,17.002237136465325,39047
0.234,0.152,0.0361,0.993,0.154,0.0668,8.00105277010133,59697
0.213,0.000281,0.232,0.92,0.187,0.0,1.0001315962626662,101047
0.182,0.115,0.0541,0.85,0.043,0.249,5.000657981313331,36844
0.25,0.228,0.0364,0.811,0.000166,0.198,48.006316620607976,64273
0.13,0.0694,0.0578,0.975,0.000708,0.133,24.003158310303988,101170
0.228,0.224,0.0311,0.946,0.000222,0.18,33.00434267666799,99935
0.233,0.0932,0.0375,0.954,0.237,0.194,1.0001315962626662,16829
0.595,0.294,0.0321,0.77,0.0,0.751,24.003158310303988,98596
0.711,0.346,0.0291,0.766,0.0,0.771,18.00236873272799,51125
0.587,0.427,0.0282,0.816,0.0153,0.839,50.006579813133314,7417
0.727,0.382,0.0314,0.809,0.0,0.828,31.004079484142654,3328
0.594,0.318,0.181,0.821,0.000235,0.767,1.0001315962626662,14762
0.506,0.487,0.136,0.794,0.000373,0.797,5.000657981313331,65773
0.64,0.395,0.181,0.827,0.0,0.81,5.000657981313331,108543
0.555,0.305,0.0305,0.911,0.0,0.839,21.00276352151599,26538
0.676,0.313,0.0524,0.943,0.000575,0.835,26.003421502829323,108549
0.534,0.456,0.0595,0.928,4.73e-05,0.772,22.002895117778657,108014
0.632,0.491,0.0457,0.909,0.0,0.841,13.001710751414661,52084
0.714,0.311,0.181,0.98,2.74e-05,0.826,5.000657981313331,108683
0.526,0.489,0.149,0.919,1.9e-05,0.76,6.000789577575997,108596
0.675,0.436,0.135,0.984,0.00197,0.777,5.000657981313331,108886
0.548,0.47,0.0351,0.848,0.222,0.797,1.0001315962626662,7119
0.687,0.383,0.032,0.766,0.126,0.765,1.0001315962626662,45249
0.554,0.358,0.043,0.929,0.207,0.78,1.0001315962626662,65746
0.628,0.417,0.0431,0.876,0.132,0.81,1.0001315962626662,52957
0.52,0.317,0.0285,0.794,0.0,0.932,3.0003947887879985,52810
0.735,0.251,0.0507,0.832,2.91e-06,0.957,12.001579155151994,52701
0.541,0.489,0.117,0.813,0.00262,0.962,13.001710751414661,16607
0.684,0.498,0.0341,0.765,0.0,0.897,35.00460586919332,16652
0.558,0.375,0.156,0.816,0.0,0.885,1.0001315962626662,52344
0.675,0.362,0.15,0.759,0.0,0.89,2.0002631925253325,98345
0.61,0.404,0.198,0.864,1.75e-06,0.968,2.0002631925253325,87898
0.695,0.397,0.135,0.768,3.91e-05,0.916,3.0003947887879985,98379
0.618,0.287,0.0565,0.917,0.0,0.908,5.000657981313331,14457
0.741,0.374,0.0413,0.942,0.00014,0.923,10.001315962626663,52280
0.613,0.42,0.0477,0.936,0.000107,0.924,6.000789577575997,52461
0.721,0.47,0.0332,0.973,0.00298,0.92,8.00105277010133,52581
0.529,0.363,0.133,0.963,2.71e-06,0.892,2.0002631925253325,108226
0.702,0.315,0.222,0.966,0.0,0.961,1.0001315962626662,108170
0.624,0.468,0.132,0.881,6.35e-06,0.952,3.0003947887879985,90302
0.688,0.468,0.15,0.89,0.000134,0.946,4.000526385050665,90952
0.628,0.361,0.0563,0.982,0.136,0.898,2.0002631925253325,93400
0.551,0.475,0.0791,0.987,0.141,0.966,1.0001315962626662,90281
0.549,0.84,0.0392,0.0115,0.751,0.546,15.001973943939994,111307
0.7,0.786,0.103,0.00551,0.809,0.509,26.003421502829323,49543
0.602,0.892,0.0672,0.000393,0.813,0.57,33.00434267666799,20819
0.645,0.993,0.0523,0.0338,0.874,0.599,49.006448216870645,17584
0.719,0.768,0.206,0.000456,0.861,0.624,1.0001315962626662,27626
0.584,0.93,0.176,0.000123,0.815,0.503,1.0001315962626662,6892
0.61,0.791,0.0518,0.213,0.782,0.589,2.0002631925253325,54585
0.639,0.854,0.0922,0.136,0.852,0.572,4.000526385050665,27681
0.714,0.878,0.065,0.153,0.811,0.509,1.0001315962626662,24150
0.586,0.771,0.0344,0.0479,0.915,0.625,11.001447558889328,10987
0.657,0.779,0.0325,0.0914,0.882,0.569,14.001842347677327,111622
0.56,0.919,0.0325,0.000253,0.957,0.568,16.00210554020266,83982
0.669,0.927,0.0464,0.039,0.901,0.547,14.001842347677327,17218
0.599,0.789,0.0263,0.234,0.897,0.602,1.0001315962626662,111507
0.712,0.797,0.0295,0.231,0.9,0.612,2.0002631925253325,111722
0.532,0.967,0.0457,0.146,0.985,0.59,3.0003947887879985,110373
0.694,0.983,0.0665,0.145,0.977,0.519,2.0002631925253325,110840
0.529,0.812,0.0354,0.000338,0.813,0.718,10.001315962626663,107683
0.688,0.808,0.0443,0.00853,0.807,0.749,19.00250032899066,10419
0.591,0.941,0.0419,7.31e-05,0.804,0.74,23.003026714041322,58378
0.652,0.94,0.0776,0.0398,0.782,0.72,32.00421108040532,8831
0.714,0.831,0.14,0.0799,0.796,0.654,1.0001315962626662,24831
0.641,0.952,0.133,0.000175,0.81,0.715,1.0001315962626662,10758
0.569,0.848,0.0439,0.189,0.849,0.721,2.0002631925253325,54567
0.661,0.847,0.0349,0.225,0.835,0.71,2.0002631925253325,109590
0.658,0.908,0.0513,0.217,0.82,0.732,1.0001315962626662,24543
0.529,0.866,0.0503,7.45e-06,0.936,0.739,8.00105277010133,27447
0.748,0.816,0.0342,0.0265,0.9,0.715,16.00210554020266,1626
0.516,0.995,0.0665,0.00193,0.9,0.631,17.002237136465325,110948
0.747,0.945,0.0603,0.0668,0.947,0.686,11.001447558889328,54669
0.539,0.762,0.0339,0.158,0.908,0.661,2.0002631925253325,58840
0.73,0.781,0.0875,0.128,0.948,0.694,4.000526385050665,105684
0.75,0.995,0.0778,0.229,0.883,0.716,3.0003947887879985,10473
0.371,0.519,0.0286,0.303,0.0,0.091,6.000789577575997,57752
0.483,0.523,0.0326,0.287,0.0,0.121,16.00210554020266,43644
0.309,0.687,0.0455,0.257,0.0,0.11,2.0002631925253325,28434
0.479,0.634,0.0307,0.314,0.000873,0.0476,3.0003947887879985,40818
0.271,0.525,0.037,0.377,0.00495,0.0964,4.000526385050665,76552
0.464,0.549,0.0322,0.466,0.0,0.0505,12.001579155151994,113418
0.293,0.743,0.0725,0.386,7.85e-05,0.0874,3.0003947887879985,59357
0.434,0.637,0.0613,0.451,0.0,0.1,8.00105277010133,106082
0.346,0.54,0.0306,0.306,0.0,0.24,29.00381629161732,102552
0.452,0.524,0.0351,0.315,0.0,0.246,73.00960652717464,47006
0.285,0.734,0.0506,0.3,0.0231,0.243,24.003158310303988,1093
0.444,0.648,0.0476,0.288,0.0,0.171,34.00447427293065,39170
0.489,0.523,0.157,0.296,0.0,0.186,1.0001315962626662,112511
0.493,0.693,0.181,0.366,0.0,0.167,1.0001315962626662,33684
0.331,0.62,0.0356,0.405,4.02e-06,0.199,23.003026714041322,40357
0.448,0.504,0.0257,0.453,0.0,0.224,57.007500986971976,40197
0.275,0.657,0.0431,0.396,0.000148,0.219,16.00210554020266,29027
0.424,0.746,0.0651,0.455,0.0,0.239,15.001973943939994,95926
0.419,0.571,0.149,0.408,0.00109,0.143,5.000657981313331,59420
0.451,0.665,0.216,0.426,0.000155,0.229,1.0001315962626662,21717
0.36,0.548,0.0468,0.328,0.217,0.244,1.0001315962626662,44921
0.415,0.592,0.0363,0.258,0.192,0.235,3.0003947887879985,72961
0.489,0.724,0.0352,0.313,0.185,0.15,4.000526385050665,84126
0.288,0.506,0.0466,0.472,0.228,0.136,1.0001315962626662,108980
0.431,0.523,0.036,0.383,0.197,0.145,1.0001315962626662,69880
0.449,0.654,0.0841,0.41,0.15,0.144,2.0002631925253325,42016
0.644,0.153,0.0366,0.777,0.841,0.107,2.0002631925253325,79727
0.543,0.112,0.0321,0.941,0.863,0.0499,7.000921173838663,45594
0.686,0.105,0.036,0.921,0.8,0.0948,2.0002631925253325,79968
0.541,0.21,0.0373,0.885,0.868,0.0461,3.0003947887879985,4737
0.727,0.21,0.0448,0.888,0.844,0.0403,6.000789577575997,4960
0.507,0.0454,0.0576,0.857,0.955,0.0757,2.0002631925253325,54379
0.701,0.015,0.0561,0.863,0.927,0.0364,1.0001315962626662,64957
0.507,0.195,0.0756,0.874,0.92,0.0709,6.000789577575997,105551
0.629,0.135,0.0338,0.819,0.923,0.0378,8.00105277010133,4982
0.501,0.0287,0.0446,0.969,0.893,0.0822,37.00486906171865,75746
0.651,0.12,0.0293,0.951,0.923,0.0562,13.001710751414661,4974
0.506,0.156,0.061,0.986,0.899,0.0687,23.003026714041322,54100
0.685,0.161,0.0508,0.877,0.904,0.118,16.00210554020266,26674
0.728,0.0111,0.129,0.995,0.97,0.0,1.0001315962626662,26813
0.703,0.241,0.217,0.968,0.948,0.117,1.0001315962626662,105570
0.749,0.124,0.0398,0.849,0.819,0.164,3.0003947887879985,94187
0.535,0.147,0.0382,0.867,0.797,0.238,5.000657981313331,4260
0.703,0.219,0.0888,0.754,0.863,0.149,3.0003947887879985,94557
0.557,0.0958,0.0542,0.99,0.872,0.202,14.001842347677327,16584
0.743,0.102,0.0895,0.941,0.865,0.23,5.000657981313331,45268
0.565,0.218,0.0679,0.927,0.848,0.175,8.00105277010133,94770
0.676,0.175,0.0409,0.972,0.855,0.141,7.000921173838663,45803
0.536,0.0486,0.132,0.92,0.822,0.157,3.0003947887879985,79223
0.74,0.118,0.128,0.917,0.845,0.249,1.0001315962626662,105283
0.61,0.242,0.113,0.875,0.914,0.227,7.000921173838663,105738
0.673,0.17,0.0347,0.858,0.879,0.213,10.001315962626663,4989
0.7,0.248,0.138,0.863,0.895,0.23,1.0001315962626662,105287
0.505,0.0239,0.0445,0.994,0.956,0.193,68.0089485458613,79412
0.654,0.0282,0.0552,0.979,0.926,0.216,25.003289906566657,105842
0.548,0.216,0.0354,0.995,0.954,0.204,31.004079484142654,39025
0.716,0.195,0.0636,0.98,0.926,0.25,20.002631925253326,45561
0.569,0.00733,0.173,0.996,0.929,0.16,3.0003947887879985,75753
0.58,0.161,0.15,0.938,0.925,0.142,2.0002631925253325,105717
0.693,0.16,0.146,0.928,0.956,0.189,1.0001315962626662,45412
0.561,0.595,0.0406,0.254,0.0,0.0534,10.001315962626663,103854
0.744,0.535,0.0736,0.279,0.0,0.106,7.000921173838663,51336
0.514,0.648,0.0482,0.27,0.0,0.0816,7.000921173838663,30366
0.661,0.654,0.0784,0.363,0.000115,0.0372,3.0003947887879985,51782
0.569,0.511,0.165,0.276,0.0,0.0934,1.0001315962626662,112829
0.612,0.542,0.0632,0.381,0.000565,0.0745,4.000526385050665,112061
0.726,0.589,0.0576,0.421,0.00142,0.0398,1.0001315962626662,33823
0.527,0.683,0.035,0.407,1.91e-06,0.114,1.0001315962626662,29714
0.739,0.661,0.0439,0.441,0.0,0.0487,4.000526385050665,112135
0.529,0.53,0.149,0.443,0.00974,0.11,1.0001315962626662,112358
0.516,0.62,0.0325,0.266,0.0,0.148,52.006843005658645,28853
0.626,0.517,0.0265,0.258,0.0,0.245,24.003158310303988,60145
0.529,0.698,0.0331,0.335,1.6e-05,0.178,37.00486906171865,29098
0.66,0.639,0.0286,0.345,0.00109,0.227,29.00381629161732,57988
0.556,0.509,0.245,0.33,0.0,0.206,4.000526385050665,60135
0.638,0.52,0.206,0.351,0.0104,0.161,3.0003947887879985,60422
0.594,0.689,0.148,0.259,5.49e-06,0.209,4.000526385050665,31184
0.68,0.652,0.185,0.285,0.0,0.135,4.000526385050665,104830
0.521,0.567,0.0307,0.417,0.0,0.223,53.00697460192131,12102
0.731,0.573,0.0544,0.401,5.22e-05,0.145,27.003553099091988,89605
0.51,0.663,0.0351,0.447,0.0,0.198,33.00434267666799,50222
0.665,0.738,0.0345,0.447,0.0,0.214,10.001315962626663,70654
0.514,0.512,0.135,0.434,0.0,0.213,7.000921173838663,99838
0.731,0.591,0.14,0.434,1.37e-06,0.199,3.0003947887879985,112949
0.508,0.701,0.247,0.491,0.0,0.243,1.0001315962626662,36668
0.626,0.656,0.139,0.384,0.0,0.161,2.0002631925253325,39876
0.606,0.517,0.0228,0.358,0.133,0.136,1.0001315962626662,10652
0.736,0.604,0.0437,0.312,0.145,0.187,1.0001315962626662,111788
0.555,0.59,0.0552,0.451,0.166,0.142,3.0003947887879985,70970
0.628,0.517,0.0469,0.485,0.237,0.227,3.0003947887879985,105650
0.692,0.651,0.163,0.475,0.189,0.224,1.0001315962626662,36516
0.607,0.492,0.512,0.535,7.3e-06,0.203,5.000657981313331,60468
0.644,0.366,0.955,0.606,0.0,0.213,4.000526385050665,18974
0.637,0.0523,0.736,0.84,0.0,0.238,1.0001315962626662,98659
0.61,0.131,0.908,0.884,1.48e-05,0.178,1.0001315962626662,59497
0.524,0.408,0.953,0.923,0.0,0.229,5.000657981313331,18130
0.842,0.195,0.527,0.535,1.1e-05,0.428,1.0001315962626662,66025
0.607,0.255,0.541,0.6,0.0,0.471,2.0002631925253325,98699
0.868,0.411,0.535,0.7,0.0,0.349,3.0003947887879985,21724
0.639,0.377,0.821,0.546,0.0,0.342,11.001447558889328,66637
0.666,0.247,0.634,0.798,0.0,0.406,4.000526385050665,14878
0.752,0.191,0.574,0.846,0.0,0.391,1.0001315962626662,98940
0.684,0.449,0.611,0.869,0.0,0.341,12.001579155151994,102190
0.596,0.194,0.937,0.849,0.0,0.332,8.00105277010133,18746
0.589,0.478,0.933,0.799,0.0,0.495,24.003158310303988,18490
0.78,0.313,0.931,0.861,0.0,0.43,1.0001315962626662,66967
0.789,0.421,0.655,0.776,0.496,0.476,1.0001315962626662,105437
0.573,0.356,0.0267,0.545,0.0,0.869,8.00105277010133,52444
0.678,0.327,0.0283,0.6,0.0,0.788,8.00105277010133,70289
0.584,0.489,0.0308,0.572,0.00141,0.755,24.003158310303988,12164
0.653,0.437,0.034,0.572,0.000141,0.772,31.004079484142654,92438
0.609,0.326,0.15,0.6,0.0674,0.805,1.0001315962626662,108215
0.603,0.487,0.165,0.549,0.0,0.792,1.0001315962626662,26041
0.677,0.455,0.141,0.616,0.0,0.782,3.0003947887879985,35000
0.625,0.358,0.0342,0.749,0.0,0.871,17.002237136465325,92842
0.661,0.261,0.0309,0.646,0.0,0.809,17.002237136465325,52971
0.609,0.434,0.0353,0.711,1.17e-06,0.777,41.00539544676931,14295
0.638,0.379,0.0366,0.683,0.0,0.843,47.006185024345314,104494
0.606,0.375,0.187,0.685,0.00018,0.844,3.0003947887879985,108869
0.721,0.366,0.132,0.724,2.08e-05,0.798,1.0001315962626662,15715
0.511,0.475,0.161,0.708,0.0,0.819,3.0003947887879985,26011
0.68,0.463,0.165,0.718,0.0,0.858,4.000526385050665,26161
0.535,0.455,0.0643,0.557,0.228,0.775,1.0001315962626662,59344
0.688,0.33,0.0327,0.564,0.0,0.935,5.000657981313331,90617
0.605,0.469,0.0571,0.572,0.000948,0.934,14.001842347677327,80792
0.672,0.489,0.0285,0.549,0.0,0.927,17.002237136465325,87845
0.707,0.446,0.126,0.598,0.0,0.9,3.0003947887879985,87996
0.625,0.34,0.0826,0.687,0.0,0.921,7.000921173838663,18816
0.732,0.343,0.0711,0.713,1.23e-05,0.981,9.001184366363995,14071
0.593,0.498,0.0463,0.651,0.0,0.936,15.001973943939994,96850
0.725,0.451,0.037,0.692,1.23e-05,0.962,54.007106198183976,38890
0.74,0.295,0.148,0.696,0.0,0.929,1.0001315962626662,94896
0.736,0.48,0.201,0.71,1.9e-05,0.925,1.0001315962626662,96776
0.486,0.623,0.0358,0.734,0.536,0.525,7.000921173838663,34564
0.404,0.889,0.06,0.687,0.733,0.58,1.0001315962626662,41595
0.331,0.551,0.0379,0.989,0.511,0.664,4.000526385050665,80345
0.372,0.833,0.11,0.861,0.682,0.582,1.0001315962626662,16355
0.5,0.543,0.305,0.976,0.646,0.52,1.0001315962626662,105873
0.106,0.53,0.0341,0.508,0.86,0.687,1.0001315962626662,59386
0.272,0.614,0.0375,0.616,0.927,0.558,6.000789577575997,16353
0.233,0.825,0.0415,0.68,0.946,0.552,1.0001315962626662,45024
0.381,0.855,0.0423,0.634,0.935,0.576,3.0003947887879985,7329
0.484,0.549,0.0334,0.937,0.922,0.627,14.001842347677327,108566
0.194,0.98,0.152,0.833,0.804,0.662,1.0001315962626662,38943
0.484,0.698,0.431,0.987,0.819,0.64,2.0002631925253325,4853
0.478,0.742,0.105,0.656,0.541,0.922,3.0003947887879985,57071
0.431,0.752,0.132,0.74,0.67,0.758,1.0001315962626662,7872
0.464,0.726,0.0593,0.962,0.734,0.832,2.0002631925253325,34474
0.481,0.953,0.207,0.833,0.647,0.764,1.0001315962626662,38778
0.402,0.83,0.399,0.961,0.531,0.752,1.0001315962626662,16635
0.452,0.55,0.0353,0.544,0.796,0.942,7.000921173838663,7988
0.386,0.752,0.0311,0.664,0.947,0.988,6.000789577575997,7697
0.389,0.505,0.042,0.959,0.929,0.764,18.00236873272799,45172
0.43,0.917,0.034,0.915,0.851,0.919,2.0002631925253325,45286
0.306,0.81,0.0566,1.24e-05,0.624,0.0895,6.000789577575997,6346
0.493,0.83,0.105,0.000308,0.543,0.114,6.000789577575997,43325
0.323,0.956,0.0372,0.000116,0.533,0.0467,14.001842347677327,83994
0.449,0.994,0.125,0.000223,0.535,0.0992,24.003158310303988,6022
0.33,0.992,0.206,2.6e-06,0.59,0.0993,10.001315962626663,6975
0.468,0.991,0.168,7.93e-05,0.518,0.0725,15.001973943939994,22592
0.305,0.955,0.0629,0.131,0.591,0.0394,2.0002631925253325,101625
0.264,0.842,0.0917,3.01e-05,0.676,0.0621,8.00105277010133,59993
0.486,0.754,0.05,0.0254,0.699,0.0854,14.001842347677327,17015
0.342,0.926,0.0939,3.96e-05,0.683,0.0972,17.002237136465325,22417
0.445,0.882,0.0458,0.0253,0.694,0.101,22.002895117778657,6642
0.365,0.763,0.23,2.71e-05,0.637,0.0664,1.0001315962626662,42168
0.391,0.866,0.148,0.000236,0.726,0.0836,1.0001315962626662,10854
0.279,0.993,0.216,7.16e-05,0.727,0.103,14.001842347677327,22597
0.393,0.938,0.137,0.00467,0.717,0.102,11.001447558889328,17956
0.278,0.904,0.104,0.198,0.665,0.0384,2.0002631925253325,59741
0.424,0.927,0.0558,0.145,0.707,0.0882,1.0001315962626662,46892
0.374,0.803,0.0465,0.00688,0.617,0.222,6.000789577575997,28601
0.476,0.849,0.0411,0.00489,0.589,0.136,5.000657981313331,2798
0.279,0.9,0.0588,0.0,0.583,0.189,12.001579155151994,22717
0.442,0.936,0.0888,3.09e-05,0.53,0.162,25.003289906566657,49028
0.276,0.976,0.185,4.37e-05,0.589,0.137,14.001842347677327,6037
0.453,0.918,0.18,0.0263,0.522,0.183,7.000921173838663,54876
0.278,0.845,0.0437,0.221,0.622,0.229,1.0001315962626662,54751
0.335,0.888,0.0887,0.14,0.604,0.149,2.0002631925253325,29512
0.366,0.802,0.0357,0.0228,0.644,0.23,4.000526385050665,83762
0.383,0.771,0.0415,6.99e-06,0.703,0.246,20.002631925253326,6252
0.283,0.988,0.111,3.75e-05,0.728,0.133,16.00210554020266,47879
0.444,0.879,0.0402,1.94e-06,0.738,0.219,23.003026714041322,22781
0.473,0.867,0.159,0.00866,0.691,0.153,1.0001315962626662,111221
0.269,0.961,0.171,4.01e-05,0.7,0.238,8.00105277010133,6749
0.383,0.995,0.217,1.09e-05,0.735,0.15,11.001447558889328,43720
0.319,0.865,0.107,0.19,0.699,0.164,2.0002631925253325,29724
0.492,0.806,0.0427,0.221,0.67,0.143,1.0001315962626662,36603
0.343,0.772,0.0528,4.23e-05,0.867,0.302,9.001184366363995,42278
0.486,0.871,0.0447,9.98e-05,0.806,0.286,9.001184366363995,27555
0.297,0.962,0.0775,4.6e-05,0.855,0.336,23.003026714041322,72384
0.46,0.982,0.0601,2.39e-06,0.797,0.267,42.00552704303198,22354
0.334,0.815,0.209,0.00168,0.838,0.357,1.0001315962626662,59224
0.295,0.967,0.169,7.73e-05,0.784,0.254,10.001315962626663,22582
0.487,0.936,0.14,0.000271,0.873,0.288,8.00105277010133,17841
0.393,0.876,0.0456,0.149,0.82,0.346,1.0001315962626662,54583
0.302,0.772,0.0646,0.00342,0.922,0.27,6.000789577575997,58370
0.394,0.855,0.0467,7.92e-06,0.948,0.338,11.001447558889328,50421
0.372,0.971,0.0698,2.35e-06,0.978,0.373,22.002895117778657,42526
0.378,0.974,0.0851,7.01e-06,0.883,0.343,31.004079484142654,50651
0.26,0.933,0.129,1.22e-06,0.964,0.37,13.001710751414661,42049
0.476,0.999,0.127,0.00312,0.934,0.298,5.000657981313331,110946
0.429,0.853,0.0298,0.217,0.934,0.345,2.0002631925253325,5613
0.363,0.854,0.0397,8.93e-05,0.8,0.489,5.000657981313331,6998
0.471,0.864,0.0383,0.000394,0.843,0.486,8.00105277010133,1388
0.277,0.886,0.0648,5.36e-05,0.874,0.434,17.002237136465325,22638
0.421,0.995,0.117,0.00534,0.855,0.493,18.00236873272799,27436
0.352,0.969,0.171,1.59e-05,0.863,0.376,9.001184366363995,42892
0.405,0.988,0.216,0.111,0.798,0.383,5.000657981313331,10421
0.492,0.869,0.158,0.178,0.843,0.435,1.0001315962626662,59805
0.276,0.872,0.0394,2.61e-05,0.876,0.46,12.001579155151994,22016
0.472,0.851,0.039,0.00597,0.912,0.395,6.000789577575997,27720
0.288,0.95,0.061,1.64e-05,0.878,0.442,7.000921173838663,6342
0.423,0.961,0.0617,3.78e-05,0.892,0.419,20.002631925253326,5703
0.299,0.855,0.152,9.57e-06,0.891,0.396,1.0001315962626662,42814
0.255,0.954,0.227,0.00123,0.918,0.406,8.00105277010133,5263
0.426,0.9,0.175,5.56e-06,0.937,0.462,3.0003947887879985,42721
0.604,0.375,0.0312,0.028,0.0178,0.0502,4.000526385050665,112321
0.744,0.357,0.0971,0.0206,1.69e-05,0.114,2.0002631925253325,33332
0.515,0.43,0.0372,0.0097,0.000133,0.104,26.003421502829323,57412
0.743,0.467,0.0632,0.0344,0.0391,0.125,14.001842347677327,48031
0.549,0.497,0.22,0.00436,0.0,0.113,1.0001315962626662,33512
0.643,0.485,0.156,0.0609,0.0,0.115,1.0001315962626662,60382
0.709,0.362,0.055,0.157,0.0,0.113,2.0002631925253325,103450
0.602,0.41,0.0391,0.213,1.19e-06,0.0671,9.001184366363995,55303
0.725,0.494,0.113,0.199,0.0111,0.101,7.000921173838663,27408
0.639,0.376,0.141,0.13,0.0143,0.119,1.0001315962626662,32891
0.603,0.296,0.0424,0.103,0.235,0.076,2.0002631925253325,94669
0.676,0.32,0.0354,0.0219,0.127,0.0997,1.0001315962626662,32451
0.594,0.419,0.0255,0.0776,0.219,0.112,1.0001315962626662,5402
0.612,0.499,0.0546,0.127,0.184,0.0398,1.0001315962626662,27058
0.62,0.269,0.0957,0.0749,8.72e-06,0.159,12.001579155151994,55496
0.639,0.347,0.0238,0.075,0.0107,0.126,6.000789577575997,87575
0.522,0.498,0.0257,0.0758,1.51e-06,0.221,66.00868535333598,62913
0.702,0.385,0.0855,0.0674,1.07e-05,0.131,33.00434267666799,28451
0.606,0.349,0.198,0.0762,0.0711,0.239,1.0001315962626662,33219
0.529,0.398,0.24,0.0918,0.0,0.203,2.0002631925253325,106873
0.696,0.454,0.153,0.123,0.0,0.136,7.000921173838663,20400
0.608,0.375,0.0281,0.198,0.0,0.133,16.00210554020266,32585
0.644,0.349,0.0364,0.206,3.36e-05,0.246,4.000526385050665,32257
0.558,0.449,0.0273,0.2,2.5e-06,0.179,49.006448216870645,9829
0.698,0.402,0.0333,0.196,0.0,0.151,28.003684695354654,33217
0.594,0.345,0.172,0.243,0.0,0.215,1.0001315962626662,60666
0.544,0.438,0.15,0.165,0.000133,0.179,2.0002631925253325,34366
0.689,0.435,0.126,0.136,0.0,0.238,3.0003947887879985,21490
0.566,0.366,0.028,0.113,0.181,0.237,2.0002631925253325,56100
0.507,0.441,0.0504,0.0879,0.237,0.249,4.000526385050665,56565
0.673,0.497,0.0452,0.0851,0.222,0.224,1.0001315962626662,5907
0.621,0.485,0.219,0.108,0.13,0.14,1.0001315962626662,24005
0.698,0.476,0.0417,0.185,0.238,0.181,2.0002631925253325,23225
0.827,0.603,0.0354,0.552,0.000798,0.83,25.003289906566657,1224
0.88,0.605,0.0365,0.538,1.35e-05,0.861,2.0002631925253325,35814
0.812,0.66,0.0283,0.542,7.98e-06,0.853,38.00500065798132,109985
0.877,0.628,0.0669,0.504,0.0,0.793,4.000526385050665,88836
0.826,0.581,0.21,0.518,2.49e-06,0.787,5.000657981313331,81121
0.899,0.523,0.143,0.516,0.0,0.821,1.0001315962626662,35384
0.753,0.687,0.149,0.52,2.32e-06,0.754,7.000921173838663,51512
0.789,0.593,0.037,0.681,3.66e-05,0.765,28.003684695354654,95916
0.949,0.558,0.0593,0.719,0.0,0.85,1.0001315962626662,14464
0.863,0.651,0.041,0.631,0.00257,0.783,24.003158310303988,95558
0.781,0.507,0.162,0.668,3.74e-06,0.767,4.000526385050665,28780
0.889,0.501,0.132,0.689,0.000936,0.766,1.0001315962626662,14578
0.752,0.695,0.158,0.674,7.1e-06,0.79,1.0001315962626662,9653
0.942,0.676,0.212,0.75,0.0,0.801,1.0001315962626662,106365
0.8,0.501,0.0376,0.623,0.153,0.854,1.0001315962626662,14558
0.76,0.626,0.0789,0.562,0.221,0.857,1.0001315962626662,1822
0.751,0.58,0.0543,0.593,4.41e-06,0.954,27.003553099091988,14262
0.925,0.587,0.0501,0.583,0.000351,0.987,6.000789577575997,14205
0.755,0.661,0.045,0.562,0.0,0.954,32.00421108040532,95968
0.897,0.733,0.0384,0.605,5.74e-06,0.967,6.000789577575997,35211
0.834,0.501,0.135,0.576,0.0,0.898,1.0001315962626662,14650
0.929,0.573,0.126,0.592,0.0,0.915,4.000526385050665,14280
0.827,0.729,0.133,0.536,0.0089,0.901,6.000789577575997,103744
0.897,0.721,0.155,0.519,0.0462,0.961,1.0001315962626662,21467
0.862,0.504,0.0719,0.628,0.0702,0.913,22.002895117778657,28841
0.93,0.588,0.0685,0.75,0.0085,0.979,5.000657981313331,66123
0.809,0.651,0.0431,0.685,0.0,0.922,37.00486906171865,95655
0.912,0.735,0.0321,0.64,0.0,0.952,4.000526385050665,14305
0.78,0.526,0.173,0.709,0.0,0.946,1.0001315962626662,26322
0.861,0.708,0.146,0.707,0.0,0.877,1.0001315962626662,37649
0.789,0.532,0.0459,0.54,0.159,0.904,1.0001315962626662,1897
0.799,0.696,0.0734,0.522,0.134,0.952,1.0001315962626662,25724
0.766,0.582,0.0383,0.655,0.228,0.95,1.0001315962626662,90331
0.79,0.642,0.0825,0.689,0.248,0.943,1.0001315962626662,66151
0.893,0.671,0.0619,0.646,0.2,0.933,1.0001315962626662,1225
0.571,0.593,0.0358,0.845,0.0,0.777,31.004079484142654,90830
0.703,0.557,0.0482,0.773,0.0,0.851,16.00210554020266,52735
0.552,0.725,0.0432,0.773,5.97e-06,0.869,31.004079484142654,95319
0.746,0.659,0.045,0.765,0.00104,0.859,26.003421502829323,3920
0.549,0.61,0.13,0.809,8.28e-06,0.809,2.0002631925253325,96459
0.697,0.55,0.179,0.856,3.44e-05,0.844,6.000789577575997,92477
0.68,0.675,0.191,0.772,0.0,0.805,3.0003947887879985,92461
0.546,0.517,0.0409,0.893,0.000204,0.803,9.001184366363995,45376
0.693,0.602,0.0634,0.917,0.000144,0.753,3.0003947887879985,74311
0.624,0.671,0.0382,0.923,4.36e-05,0.776,4.000526385050665,108111
0.501,0.694,0.148,0.977,0.00304,0.811,2.0002631925253325,108262
0.728,0.63,0.199,0.919,0.00161,0.776,2.0002631925253325,95362
0.611,0.508,0.0306,0.866,0.163,0.773,1.0001315962626662,7657
0.714,0.51,0.0453,0.76,0.133,0.832,3.0003947887879985,2364
0.574,0.654,0.0292,0.914,0.244,0.76,1.0001315962626662,7863
0.598,0.623,0.0817,0.817,0.0,0.935,26.003421502829323,65744
0.663,0.621,0.0347,0.786,0.0516,0.973,29.00381629161732,74516
0.538,0.688,0.0711,0.778,0.0,0.893,32.00421108040532,95584
0.645,0.738,0.0418,0.815,0.00178,0.928,29.00381629161732,95170
0.518,0.617,0.152,0.836,0.0,0.93,2.0002631925253325,96016
0.675,0.588,0.177,0.789,0.0,0.879,1.0001315962626662,1301
0.609,0.63,0.175,0.762,0.0,0.934,3.0003947887879985,74245
0.667,0.723,0.231,0.823,2.36e-06,0.901,3.0003947887879985,104372
0.543,0.52,0.0707,0.878,8.03e-06,0.905,4.000526385050665,52437
0.669,0.575,0.0547,0.894,0.0,0.907,4.000526385050665,90571
0.503,0.641,0.101,0.905,0.0,0.949,4.000526385050665,16581
0.634,0.688,0.0331,0.905,0.00193,0.97,7.000921173838663,52527
0.692,0.583,0.189,0.97,0.0458,0.885,3.0003947887879985,94654
0.549,0.545,0.0299,0.801,0.173,0.91,2.0002631925253325,18524
0.556,0.762,0.0478,0.0225,0.61,0.332,14.001842347677327,75009
0.633,0.859,0.0345,0.0265,0.603,0.286,2.0002631925253325,109686
0.514,0.975,0.0609,7.65e-05,0.561,0.309,32.00421108040532,71196
0.686,0.927,0.0398,0.00446,0.57,0.313,10.001315962626663,10825
0.689,0.909,0.2,0.000665,0.538,0.357,3.0003947887879985,46343
0.519,0.809,0.0646,0.182,0.51,0.284,3.0003947887879985,38468
0.63,0.774,0.0413,0.192,0.585,0.304,2.0002631925253325,83717
0.599,0.857,0.054,0.000433,0.628,0.264,15.001973943939994,110464
0.689,0.767,0.0381,0.00111,0.748,0.306,20.002631925253326,29939
0.55,0.998,0.0596,0.000299,0.67,0.263,23.003026714041322,46365
0.668,0.939,0.0698,0.000442,0.655,0.308,19.00250032899066,110650
0.723,0.832,0.221,0.00284,0.75,0.296,2.0002631925253325,46818
0.604,0.995,0.164,0.00306,0.626,0.262,5.000657981313331,10025
0.738,0.936,0.219,0.00151,0.707,0.27,5.000657981313331,43070
0.711,0.836,0.0452,0.152,0.636,0.321,2.0002631925253325,111859
0.628,0.883,0.0313,0.168,0.696,0.331,3.0003947887879985,53916
0.625,0.87,0.072,0.000301,0.604,0.399,23.003026714041322,46926
0.641,0.751,0.0405,0.0188,0.517,0.463,12.001579155151994,86528
0.533,0.905,0.0754,0.00876,0.578,0.486,11.001447558889328,71669
0.652,0.96,0.0487,0.000264,0.618,0.432,10.001315962626663,10785
0.579,0.999,0.129,0.018,0.521,0.427,2.0002631925253325,29539
0.609,0.802,0.109,0.0533,0.647,0.475,18.00236873272799,17807
0.689,0.822,0.105,0.000214,0.695,0.401,12.001579155151994,27530
0.563,0.966,0.0584,0.000601,0.712,0.415,23.003026714041322,27084
0.65,0.947,0.0376,0.0014,0.71,0.475,8.00105277010133,10255
0.59,0.837,0.0423,0.16,0.733,0.396,2.0002631925253325,111888
0.636,0.82,0.0584,0.134,0.675,0.395,2.0002631925253325,46910
0.559,0.777,0.0432,0.31,0.0,0.329,29.00381629161732,57366
0.684,0.759,0.0381,0.298,0.000147,0.345,10.001315962626663,69277
0.742,0.914,0.113,0.321,0.00409,0.35,2.0002631925253325,112975
0.583,0.867,0.159,0.28,0.0,0.347,5.000657981313331,106405
0.694,0.758,0.218,0.278,1.34e-06,0.371,4.000526385050665,31352
0.504,0.891,0.126,0.33,8.65e-06,0.295,4.000526385050665,46007
0.638,0.989,0.143,0.286,0.0,0.342,3.0003947887879985,109989
0.611,0.753,0.0334,0.476,5.45e-06,0.33,14.001842347677327,17790
0.747,0.832,0.0633,0.415,0.0,0.26,5.000657981313331,112395
0.662,0.947,0.0517,0.431,0.007,0.31,2.0002631925253325,11732
0.604,0.827,0.155,0.443,2.46e-06,0.315,4.000526385050665,104797
0.748,0.79,0.169,0.492,0.0,0.279,4.000526385050665,31906
0.524,0.758,0.0538,0.27,0.13,0.319,4.000526385050665,55098
0.594,0.85,0.112,0.356,0.0,0.426,56.00736939070931,77929
0.627,0.774,0.0524,0.303,3.6e-06,0.495,34.00447427293065,96123
0.562,0.939,0.0668,0.338,0.0,0.486,9.001184366363995,61026
0.685,0.897,0.122,0.302,0.0,0.495,10.001315962626663,95519
0.54,0.784,0.208,0.273,0.0,0.452,10.001315962626663,60843
0.739,0.797,0.185,0.371,0.0,0.444,4.000526385050665,21753
0.579,0.905,0.185,0.254,0.0,0.39,2.0002631925253325,100302
0.694,0.89,0.222,0.3,0.0,0.429,3.0003947887879985,66973
0.541,0.825,0.0337,0.376,0.000445,0.422,28.003684695354654,55607
0.743,0.79,0.0293,0.484,0.0,0.376,19.00250032899066,35915
0.536,0.921,0.119,0.488,0.0,0.39,2.0002631925253325,96723
0.723,0.903,0.033,0.413,0.000377,0.443,3.0003947887879985,65827
0.597,0.765,0.223,0.425,0.0,0.391,5.000657981313331,17135
0.658,0.788,0.19,0.494,0.0,0.497,6.000789577575997,37914
0.602,0.979,0.14,0.419,0.0,0.466,4.000526385050665,61527
