x0,x1,x2,x3,x4,x5,weight,source_index
0.482,0.46,0.577,0.357,0.0,0.434,2.0002631925253325,94291
0.702,0.436,0.948,0.282,0.0,0.347,25.003289906566657,18786
0.381,0.921,0.511,0.00134,2.97e-05,0.129,45.00592183181998,72272
0.514,0.91,0.612,0.0152,0.00087,0.461,56.00736939070931,10886
0.436,0.368,0.512,0.92,0.452,0.188,15.001973943939994,105911
0.904,0.379,0.536,0.125,0.891,0.354,1.0001315962626662,24254
0.252,0.991,0.541,7.8e-06,0.849,0.111,5.000657981313331,17877
0.54,0.983,0.578,0.0487,0.922,0.0695,4.000526385050665,48865
0.659,0.353,0.723,0.984,0.807,0.438,5.000657981313331,94101
0.558,0.965,0.531,0.763,0.836,0.16,1.0001315962626662,59644
0.454,0.462,0.587,0.0227,0.00173,0.903,2.0002631925253325,26473
0.865,0.455,0.506,0.366,2.7e-05,0.679,36.00473746545598,66822
0.464,0.902,0.549,0.0395,0.0,0.641,5.000657981313331,26954
0.625,0.523,0.83,0.137,0.0,0.881,50.006579813133314,83297
0.457,0.436,0.872,0.833,0.0,0.724,6.000789577575997,26808
0.459,0.727,0.593,0.766,0.0,0.596,45.00592183181998,64985
0.488,0.437,0.032,0.105,0.974,0.918,13.001710751414661,7440
0.411,0.0173,0.763,7.41e-05,0.913,0.631,1.0001315962626662,113520
0.401,0.448,0.552,0.918,0.759,0.695,1.0001315962626662,16124
0.557,0.000544,0.508,0.996,0.937,0.603,2.0002631925253325,79886
0.705,0.71,0.287,0.122,0.0,0.647,259.03408343203057,48859
0.807,0.631,0.338,0.171,0.0,0.748,241.03171469930257,112029
0.619,0.781,0.333,0.148,0.0,0.728,260.0342150282932,1012
0.766,0.761,0.336,0.22,1.6e-05,0.617,85.01118568232663,89896
0.847,0.801,0.105,0.278,0.0,0.709,195.02566127121992,66005
0.567,0.696,0.301,0.456,0.0,0.544,187.0246085011186,57311
0.906,0.505,0.315,0.281,0.0,0.6,94.01237004869063,66926
0.614,0.842,0.298,0.472,0.0,0.635,86.0113172785893,60580
0.752,0.811,0.37,0.407,0.0,0.541,35.00460586919332,60275
0.591,0.559,0.0332,0.0507,0.333,0.616,76.01000131596264,111811
0.787,0.601,0.0415,0.127,0.44,0.634,55.007237794446645,107970
0.737,0.809,0.0529,0.00545,0.445,0.589,179.02355573101727,83980
0.794,0.836,0.0397,0.001,0.358,0.545,40.00526385050665,43511
0.566,0.632,0.287,0.0633,0.495,0.667,1.0001315962626662,111794
0.827,0.518,0.343,0.164,0.375,0.584,6.000789577575997,31765
0.649,0.947,0.26,0.218,0.383,0.579,2.0002631925253325,51478
0.826,0.816,0.256,0.182,0.379,0.566,1.0001315962626662,111389
0.617,0.555,0.0328,0.332,0.255,0.691,19.00250032899066,64828
0.808,0.637,0.0914,0.447,0.276,0.715,4.000526385050665,39680
0.567,0.932,0.131,0.263,0.478,0.678,9.001184366363995,111609
0.834,0.788,0.213,0.359,0.27,0.705,2.0002631925253325,51675
0.754,0.719,0.371,0.373,0.259,0.674,2.0002631925253325,111315
0.661,0.576,0.485,0.026,0.0,0.924,94.01237004869063,88429
0.777,0.714,0.309,0.000604,0.0,0.814,141.01855507303594,60448
0.629,0.805,0.39,0.249,0.0,0.886,140.01842347677328,60916
0.753,0.763,0.275,0.0345,8.1e-06,0.777,94.01237004869063,33667
0.624,0.589,0.281,0.302,0.0,0.78,61.00802737202264,37615
0.904,0.673,0.322,0.307,0.0,0.909,53.00697460192131,66812
0.734,0.789,0.454,0.447,9.66e-05,0.811,69.00908014212396,89514
0.755,0.766,0.31,0.443,0.0,0.938,27.003553099091988,36374
0.738,0.607,0.0845,0.00746,0.324,0.78,51.006711409395976,85067
0.933,0.515,0.176,0.00386,0.38,0.903,38.00500065798132,13148
0.528,0.973,0.0367,0.0316,0.31,0.814,125.01644953283328,46084
0.816,0.79,0.0327,0.0233,0.302,0.885,57.007500986971976,107994
0.647,0.839,0.416,0.0318,0.344,0.789,1.0001315962626662,48203
0.583,0.662,0.0274,0.375,0.346,0.784,12.001579155151994,92636
0.833,0.579,0.101,0.451,0.294,0.819,8.00105277010133,1181
0.676,0.867,0.0447,0.381,0.33,0.888,7.000921173838663,86595
0.762,0.932,0.0516,0.354,0.432,0.757,3.0003947887879985,17128
0.76,0.538,0.0345,0.163,7.76e-06,0.138,218.02868798526123,33803
0.928,0.751,0.159,0.181,0.0,0.114,71.0093433346493,21766
0.65,0.715,0.253,0.0993,0.000291,0.187,34.00447427293065,89405
0.885,0.641,0.351,0.175,0.0,0.201,19.00250032899066,33370
0.506,0.993,0.474,0.105,0.101,0.198,94.01237004869063,29610
0.778,0.975,0.278,0.0146,0.0286,0.244,4.000526385050665,49349
0.791,0.613,0.177,0.307,4.34e-05,0.212,67.00881694959864,21876
0.646,0.753,0.0646,0.386,0.0,0.0391,60.00789577575998,87965
0.76,0.919,0.237,0.294,0.133,0.0906,10.001315962626663,46497
0.61,0.625,0.38,0.454,0.0043,0.236,15.001973943939994,111400
0.796,0.564,0.404,0.27,1.53e-05,0.231,5.000657981313331,58856
0.605,0.987,0.258,0.39,0.00132,0.111,18.00236873272799,46160
0.826,0.893,0.27,0.472,0.000879,0.0367,1.0001315962626662,37957
0.693,0.566,0.0363,0.0146,0.398,0.184,92.01210685616529,10170
0.823,0.534,0.0496,0.0239,0.486,0.0395,18.00236873272799,73105
0.524,0.962,0.0292,2.39e-05,0.496,0.234,237.0311883142519,27072
0.883,0.857,0.23,0.00121,0.401,0.0975,13.001710751414661,32279
0.595,0.628,0.317,0.183,0.315,0.17,5.000657981313331,8555
0.766,0.521,0.337,0.00391,0.368,0.228,2.0002631925253325,17668
0.519,0.935,0.281,0.00391,0.481,0.142,6.000789577575997,10456
0.856,0.959,0.269,0.143,0.35,0.217,3.0003947887879985,43308
0.704,0.536,0.0302,0.403,0.278,0.155,19.00250032899066,106702
0.756,0.6,0.0547,0.307,0.377,0.12,1.0001315962626662,36272
0.616,0.938,0.195,0.3,0.39,0.17,11.001447558889328,110334
0.801,0.781,0.0419,0.32,0.35,0.0616,3.0003947887879985,23688
0.651,0.997,0.306,0.274,0.353,0.0602,3.0003947887879985,48678
0.687,0.692,0.269,0.00607,0.0,0.459,162.02131859455193,41961
0.767,0.622,0.279,0.122,0.0,0.395,175.0230293459666,112760
0.568,0.966,0.351,0.0445,3.11e-05,0.355,201.02645084879592,49037
0.817,0.781,0.254,0.0111,0.0,0.278,50.006579813133314,28658
0.782,0.697,0.0618,0.32,0.0,0.416,224.02947756283723,68361
0.825,0.837,0.0989,0.315,0.00014,0.495,70.00921173838664,1980
0.531,0.603,0.444,0.464,0.0,0.285,103.01355441505463,21541
0.902,0.738,0.3,0.275,1.57e-06,0.474,63.00829056454797,60109
0.549,0.82,0.379,0.314,0.0,0.357,77.0101329122253,21139
0.821,0.907,0.261,0.355,0.0,0.471,18.00236873272799,5878
0.571,0.504,0.041,0.228,0.371,0.468,108.01421239636795,75452
0.791,0.701,0.0678,0.0226,0.278,0.251,54.007106198183976,100062
0.61,0.812,0.042,1.66e-05,0.393,0.281,226.02974075536258,24429
0.792,0.979,0.19,0.0205,0.294,0.408,31.004079484142654,46351
0.631,0.675,0.329,0.172,0.46,0.453,1.0001315962626662,29982
0.844,0.55,0.255,0.00329,0.451,0.322,1.0001315962626662,17550
0.662,0.898,0.412,0.0773,0.256,0.303,18.00236873272799,10041
0.839,0.808,0.373,0.165,0.443,0.476,4.000526385050665,111679
0.726,0.545,0.0392,0.425,0.461,0.282,24.003158310303988,105343
0.752,0.557,0.0356,0.333,0.343,0.467,3.0003947887879985,43561
0.538,0.826,0.0297,0.458,0.293,0.441,3.0003947887879985,83779
0.828,0.769,0.0982,0.443,0.49,0.389,6.000789577575997,57368
0.224,0.619,0.0393,0.0321,1.15e-05,0.0946,110.01447558889329,40300
0.285,0.564,0.311,0.00108,0.199,0.221,11.001447558889328,42521
0.206,0.871,0.419,0.0316,6.55e-05,0.125,45.00592183181998,63015
0.373,0.948,0.26,0.000498,0.0,0.12,200.02631925253326,42723
0.214,0.514,0.0399,0.443,6.55e-06,0.199,45.00592183181998,8505
0.117,0.763,0.172,0.381,0.0368,0.186,5.000657981313331,59782
0.393,0.792,0.0613,0.382,0.0403,0.105,56.00736939070931,46166
0.448,0.541,0.397,0.47,0.0,0.237,7.000921173838663,33863
0.107,0.936,0.274,0.327,0.0447,0.204,1.0001315962626662,59880
0.392,0.997,0.348,0.384,0.00138,0.0566,7.000921173838663,46455
0.169,0.659,0.0714,0.123,0.344,0.244,12.001579155151994,101324
0.365,0.667,0.0479,1.41e-06,0.498,0.16,73.00960652717464,44983
0.227,0.995,0.173,0.000405,0.393,0.0363,96.01263324121595,71575
0.446,0.946,0.057,0.00351,0.419,0.028,231.0303987366759,46272
0.472,0.709,0.492,0.121,0.369,0.182,1.0001315962626662,17782
0.234,0.999,0.279,7.94e-06,0.464,0.109,3.0003947887879985,42094
0.393,0.99,0.342,0.0134,0.276,0.129,11.001447558889328,29209
0.201,0.738,0.114,0.381,0.436,0.0158,3.0003947887879985,101990
0.464,0.536,0.127,0.311,0.462,0.0437,9.001184366363995,32120
0.282,0.891,0.046,0.257,0.399,0.249,4.000526385050665,63792
0.377,0.564,0.257,0.37,0.494,0.241,1.0001315962626662,17679
0.125,0.677,0.048,1.68e-06,0.0056,0.299,61.00802737202264,59733
0.319,0.739,0.272,0.0285,0.0,0.449,32.00421108040532,31421
0.224,0.938,0.408,0.00157,0.0765,0.327,7.000921173838663,47709
0.477,0.836,0.256,0.0655,0.177,0.296,132.01737070667195,48297
0.247,0.649,0.0344,0.422,0.0422,0.417,12.001579155151994,108739
0.223,0.891,0.138,0.325,0.0,0.333,5.000657981313331,63310
0.459,0.89,0.0487,0.451,0.11,0.447,152.02000263192528,34991
0.466,0.674,0.35,0.434,2.27e-06,0.349,13.001710751414661,54914
0.214,0.91,0.389,0.477,0.00833,0.448,4.000526385050665,47368
0.388,0.759,0.274,0.344,0.0,0.286,11.001447558889328,83465
0.174,0.742,0.0485,0.00181,0.281,0.36,9.001184366363995,57355
0.411,0.566,0.0312,0.0039,0.395,0.348,43.00565863929465,29171
0.151,0.841,0.0753,9.51e-05,0.465,0.277,25.003289906566657,38687
0.383,0.952,0.0472,3.94e-05,0.27,0.492,194.02552967495726,61941
0.245,0.978,0.265,0.000496,0.487,0.386,1.0001315962626662,48983
0.427,0.917,0.258,0.134,0.489,0.345,5.000657981313331,49781
0.388,0.569,0.0672,0.391,0.426,0.441,8.00105277010133,54989
0.441,0.899,0.0301,0.287,0.302,0.275,4.000526385050665,49540
0.0923,0.0744,0.0479,0.651,0.000237,0.0823,28.003684695354654,16030
0.435,0.208,0.0558,0.647,0.000921,0.189,139.01829188051062,566
0.25,0.301,0.0348,0.558,0.000175,0.0392,69.00908014212396,63569
0.365,0.321,0.489,0.686,0.0,0.174,2.0002631925253325,18628
0.227,0.314,0.0316,0.941,0.00132,0.0547,204.0268456375839,41046
0.443,0.217,0.417,0.926,0.113,0.135,3.0003947887879985,26479
0.385,0.334,0.253,0.807,0.0,0.15,3.0003947887879985,76188
0.164,0.167,0.044,0.594,0.368,0.154,12.001579155151994,16043
0.453,0.227,0.0285,0.712,0.468,0.161,15.001973943939994,4108
0.221,0.268,0.0392,0.74,0.332,0.0379,10.001315962626663,59307
0.494,0.406,0.0411,0.607,0.496,0.222,15.001973943939994,84455
0.131,0.239,0.0359,0.95,0.343,0.0488,76.01000131596264,75835
0.373,0.14,0.0506,0.976,0.367,0.226,71.0093433346493,93308
0.193,0.277,0.0345,0.957,0.355,0.234,24.003158310303988,41975
0.323,0.283,0.0326,0.982,0.399,0.243,43.00565863929465,93617
0.222,0.000274,0.449,0.935,0.32,0.0,2.0002631925253325,101421
0.231,0.202,0.0354,0.738,0.000114,0.41,4.000526385050665,45289
0.406,0.205,0.0448,0.672,0.00028,0.3,80.0105277010133,112742
0.219,0.32,0.035,0.694,3.07e-06,0.285,25.003289906566657,93106
0.494,0.473,0.457,0.676,2.51e-06,0.433,6.000789577575997,98274
0.236,0.151,0.0406,0.95,7.56e-06,0.256,26.003421502829323,76361
0.25,0.29,0.0333,0.885,0.0,0.452,44.00579023555731,16463
0.5,0.116,0.376,0.987,3.36e-06,0.325,4.000526385050665,93769
0.444,0.33,0.262,0.954,1.49e-06,0.308,16.00210554020266,2326
0.452,0.242,0.0344,0.698,0.46,0.347,2.0002631925253325,64723
0.42,0.344,0.0515,0.586,0.343,0.302,10.001315962626663,75100
0.143,0.219,0.0626,0.961,0.48,0.255,1.0001315962626662,75530
0.371,0.134,0.0374,0.933,0.34,0.329,26.003421502829323,75630
0.18,0.338,0.0341,0.932,0.317,0.287,3.0003947887879985,93613
0.333,0.284,0.0459,0.988,0.301,0.39,29.00381629161732,93045
0.422,0.236,0.261,0.939,0.337,0.313,1.0001315962626662,94808
0.795,0.68,0.208,0.736,1.17e-05,0.694,197.02592446374524,67813
0.807,0.803,0.126,0.6,0.0085,0.706,80.0105277010133,88184
0.734,0.544,0.28,0.658,0.0,0.522,81.01065929727596,37909
0.929,0.546,0.443,0.631,0.000113,0.703,30.00394788787999,37729
0.667,0.903,0.367,0.62,0.00219,0.663,40.00526385050665,34664
0.757,0.839,0.304,0.591,1.3e-05,0.718,10.001315962626663,14901
0.524,0.553,0.0292,0.831,0.0,0.517,273.0359257797079,11496
0.751,0.593,0.0612,0.797,0.0,0.626,24.003158310303988,60506
0.648,0.857,0.0541,0.763,4.16e-06,0.735,41.00539544676931,35860
0.772,0.868,0.0558,0.778,0.000107,0.741,8.00105277010133,45127
0.734,0.596,0.28,0.766,0.0888,0.597,6.000789577575997,105387
0.817,0.582,0.421,0.789,2.01e-05,0.501,7.000921173838663,18711
0.669,0.822,0.337,0.787,0.0,0.585,3.0003947887879985,60395
0.776,0.759,0.328,0.821,0.0,0.631,3.0003947887879985,21489
0.62,0.507,0.145,0.622,0.443,0.661,15.001973943939994,65648
0.926,0.539,0.122,0.611,0.429,0.636,3.0003947887879985,105725
0.716,0.941,0.0941,0.587,0.385,0.661,3.0003947887879985,95539
0.708,0.567,0.0595,0.828,0.282,0.578,5.000657981313331,56539
0.504,0.78,0.0352,0.763,0.336,0.586,4.000526385050665,74214
0.769,0.888,0.0485,0.54,0.000218,0.949,175.0230293459666,85265
0.649,0.633,0.376,0.504,0.0,0.83,48.006316620607976,60567
0.888,0.731,0.288,0.558,0.0,0.887,20.002631925253326,37521
0.701,0.851,0.34,0.687,0.0,0.829,25.003289906566657,60599
0.792,0.804,0.259,0.537,0.0,0.807,28.003684695354654,89309
0.758,0.525,0.0493,0.849,0.00206,0.858,55.007237794446645,95804
0.647,0.876,0.185,0.881,3.59e-05,0.949,222.0292143703119,90045
0.797,0.916,0.0467,0.776,0.000177,0.783,13.001710751414661,43682
0.65,0.673,0.373,0.837,0.0,0.937,16.00210554020266,34884
0.959,0.7,0.252,0.814,0.0,0.922,4.000526385050665,37835
0.586,0.78,0.295,0.766,0.0379,0.925,4.000526385050665,95858
0.565,0.749,0.0769,0.655,0.432,0.881,13.001710751414661,15634
0.832,0.724,0.05,0.704,0.384,0.954,2.0002631925253325,1946
0.723,0.824,0.0313,0.649,0.303,0.874,5.000657981313331,106548
0.795,0.857,0.0492,0.526,0.457,0.845,1.0001315962626662,1794
0.656,0.533,0.0588,0.902,0.308,0.912,10.001315962626663,16550
0.825,0.631,0.0383,0.819,0.432,0.892,1.0001315962626662,8247
0.508,0.101,0.0506,0.682,0.0,0.122,70.00921173838664,55734
0.816,0.226,0.0983,0.739,6.68e-06,0.141,15.001973943939994,15534
0.788,0.465,0.0532,0.727,0.0406,0.0352,26.003421502829323,36864
0.583,0.151,0.475,0.538,0.0,0.222,2.0002631925253325,98643
0.703,0.486,0.336,0.524,0.0,0.188,5.000657981313331,39962
0.887,0.388,0.349,0.739,0.143,0.205,16.00210554020266,81541
0.832,0.181,0.0603,0.835,0.0304,0.213,16.00210554020266,94057
0.756,0.308,0.0461,0.809,0.0,0.11,10.001315962626663,102555
0.708,0.235,0.318,0.772,0.00238,0.169,6.000789577575997,33600
0.573,0.44,0.323,0.758,1.92e-05,0.121,3.0003947887879985,36128
0.764,0.296,0.269,0.923,0.00141,0.231,1.0001315962626662,94138
0.653,0.166,0.0384,0.681,0.484,0.0718,5.000657981313331,94043
0.588,0.427,0.0417,0.594,0.252,0.229,14.001842347677327,15960
0.798,0.402,0.0731,0.745,0.394,0.218,4.000526385050665,41900
0.692,0.305,0.416,0.688,0.325,0.123,1.0001315962626662,105651
0.543,0.206,0.0319,0.94,0.453,0.13,21.00276352151599,94008
0.895,0.0265,0.0904,0.976,0.416,0.221,2.0002631925253325,45504
0.52,0.304,0.0284,0.816,0.366,0.0392,27.003553099091988,4767
0.786,0.37,0.0695,0.768,0.373,0.18,3.0003947887879985,94118
0.582,0.167,0.0309,0.744,0.00148,0.266,98.01289643374129,69246
0.903,0.241,0.0833,0.62,0.00298,0.275,17.002237136465325,103855
0.793,0.308,0.0466,0.613,1.68e-05,0.46,102.01342281879195,51331
0.621,0.196,0.271,0.679,0.000649,0.397,4.000526385050665,94501
0.805,0.241,0.37,0.514,1.2e-05,0.387,3.0003947887879985,94964
0.73,0.326,0.26,0.705,0.0,0.434,35.00460586919332,98057
0.873,0.383,0.428,0.565,0.0,0.442,17.002237136465325,9788
0.778,0.227,0.0379,0.983,0.14,0.38,54.007106198183976,80074
0.784,0.326,0.229,0.832,0.000627,0.283,78.01026450848796,94717
0.554,0.0994,0.314,0.927,0.000617,0.466,21.00276352151599,59748
0.756,0.211,0.409,0.784,8.65e-06,0.307,1.0001315962626662,14800
0.539,0.493,0.484,0.815,0.0,0.457,42.00552704303198,36827
0.845,0.398,0.268,0.872,0.00713,0.482,7.000921173838663,15058
0.582,0.224,0.0434,0.635,0.27,0.489,7.000921173838663,108741
0.773,0.237,0.0319,0.724,0.478,0.436,1.0001315962626662,11981
0.699,0.339,0.0323,0.601,0.368,0.439,21.00276352151599,55953
0.769,0.374,0.0912,0.59,0.258,0.282,2.0002631925253325,109859
0.524,0.274,0.295,0.502,0.257,0.342,1.0001315962626662,15965
0.605,0.206,0.046,0.792,0.479,0.444,20.002631925253326,45869
0.799,0.105,0.0618,0.949,0.398,0.326,4.000526385050665,45064
0.703,0.327,0.0359,0.867,0.314,0.274,34.00447427293065,55456
0.813,0.266,0.042,0.862,0.47,0.434,1.0001315962626662,94158
0.724,0.24,0.275,0.822,0.415,0.461,1.0001315962626662,105764
0.193,0.625,0.0366,0.0555,0.0,0.646,9.001184366363995,63455
0.239,0.908,0.0546,0.000794,0.248,0.643,111.01460718515595,6287
0.474,0.548,0.331,0.237,0.0,0.676,19.00250032899066,80193
0.192,0.99,0.307,2.08e-05,0.105,0.565,1.0001315962626662,42161
0.498,0.851,0.326,0.132,4.21e-06,0.518,100.01315962626663,48354
0.221,0.662,0.0519,0.252,0.00016,0.539,1.0001315962626662,38368
0.41,0.63,0.0503,0.454,0.0818,0.744,238.03131991051455,7437
0.379,0.927,0.114,0.269,0.0,0.633,185.02434530859324,97491
0.484,0.706,0.304,0.357,0.0,0.635,13.001710751414661,41653
0.25,0.96,0.263,0.347,0.0,0.668,1.0001315962626662,100729
0.477,0.82,0.362,0.417,0.0,0.548,28.003684695354654,60057
0.446,0.579,0.0389,0.247,0.382,0.526,10.001315962626663,45051
0.215,0.945,0.0798,0.000639,0.453,0.603,6.000789577575997,9413
0.363,0.954,0.0588,6.11e-05,0.264,0.678,83.0109224898013,82287
0.2,0.965,0.257,2.63e-06,0.373,0.582,1.0001315962626662,82533
0.348,0.657,0.0299,0.352,0.277,0.655,5.000657981313331,7524
0.453,0.875,0.107,0.38,0.34,0.66,4.000526385050665,96466
0.24,0.615,0.0677,0.171,0.0125,0.768,8.00105277010133,63361
0.475,0.65,0.0613,0.113,0.0,0.816,149.01960784313727,98521
0.249,0.954,0.0434,0.000125,2.92e-05,0.851,13.001710751414661,84988
0.484,0.739,0.405,0.172,0.0,0.793,1.0001315962626662,21699
0.466,0.823,0.311,0.00237,0.000321,0.782,13.001710751414661,56204
0.491,0.611,0.0391,0.45,0.000114,0.931,97.01276483747863,35704
0.222,0.954,0.0617,0.338,0.0,0.831,3.0003947887879985,84786
0.49,0.819,0.0884,0.328,0.0,0.803,111.01460718515595,55563
0.432,0.704,0.391,0.326,0.0,0.831,1.0001315962626662,21264
0.499,0.811,0.401,0.42,0.0,0.964,5.000657981313331,104366
0.404,0.685,0.0288,0.157,0.35,0.909,1.0001315962626662,7199
0.208,0.812,0.0403,0.00263,0.348,0.76,1.0001315962626662,41976
0.341,0.863,0.043,6.1e-06,0.436,0.931,21.00276352151599,72848
0.426,0.732,0.0325,0.432,0.292,0.805,4.000526385050665,107530
0.469,0.824,0.0944,0.478,0.268,0.781,4.000526385050665,1136
0.665,0.714,0.0377,0.00388,0.528,0.0353,153.02013422818794,53971
0.874,0.634,0.126,0.202,0.61,0.136,50.006579813133314,53856
0.817,0.76,0.0556,0.00727,0.524,0.0766,37.00486906171865,73428
0.564,0.89,0.36,0.126,0.723,0.218,8.00105277010133,24727
0.787,0.945,0.421,0.0646,0.628,0.0589,2.0002631925253325,58265
0.532,0.685,0.0359,0.369,0.613,0.213,11.001447558889328,104619
0.768,0.613,0.133,0.399,0.524,0.218,5.000657981313331,25559
0.645,0.933,0.106,0.413,0.527,0.0952,10.001315962626663,58711
0.753,0.902,0.145,0.37,0.607,0.208,1.0001315962626662,59450
0.849,0.758,0.256,0.499,0.695,0.0684,1.0001315962626662,51607
0.803,0.686,0.0467,0.000513,0.839,0.146,192.0252664824319,73093
0.804,0.954,0.0689,0.000445,0.898,0.12,206.02710883010926,23697
0.743,0.557,0.261,0.162,0.926,0.154,2.0002631925253325,73927
0.761,0.605,0.255,0.0229,0.834,0.207,4.000526385050665,27069
0.673,0.984,0.288,0.0002,0.898,0.105,16.00210554020266,58316
0.851,0.966,0.257,0.000338,0.876,0.147,4.000526385050665,60495
0.662,0.591,0.033,0.454,0.878,0.204,69.00908014212396,107608
0.772,0.661,0.038,0.432,0.854,0.162,15.001973943939994,105355
0.649,0.834,0.0397,0.268,0.932,0.15,20.002631925253326,32730
0.853,0.85,0.102,0.467,0.883,0.115,3.0003947887879985,73887
0.646,0.922,0.315,0.45,0.967,0.191,1.0001315962626662,46930
0.734,0.741,0.0563,0.00128,0.691,0.372,128.01684432162128,10586
0.776,0.601,0.0848,0.127,0.611,0.347,46.006053428082645,109168
0.904,0.907,0.0571,0.000133,0.65,0.31,55.007237794446645,13467
0.649,0.699,0.428,0.000447,0.676,0.417,2.0002631925253325,37850
0.756,0.673,0.264,0.11,0.518,0.437,2.0002631925253325,17557
0.645,0.915,0.27,0.000731,0.71,0.438,8.00105277010133,27249
0.911,0.785,0.432,0.0358,0.748,0.482,2.0002631925253325,73394
0.553,0.602,0.0375,0.377,0.712,0.28,16.00210554020266,111763
0.805,0.615,0.123,0.289,0.524,0.429,7.000921173838663,23406
0.677,0.755,0.0352,0.282,0.544,0.282,8.00105277010133,17672
0.751,0.964,0.0478,0.266,0.62,0.417,1.0001315962626662,17131
0.664,0.753,0.344,0.348,0.694,0.312,1.0001315962626662,94103
0.697,0.655,0.15,0.0626,0.774,0.415,260.0342150282932,15913
0.798,0.526,0.121,0.000457,0.865,0.454,223.02934596657457,24810
0.802,0.884,0.0536,0.00144,0.772,0.441,159.02092380576394,13459
0.979,0.517,0.303,0.000372,0.754,0.492,1.0001315962626662,13039
0.634,0.948,0.338,0.122,0.753,0.434,11.001447558889328,49785
0.97,0.952,0.272,0.0323,0.926,0.251,2.0002631925253325,13254
0.705,0.597,0.0406,0.393,0.838,0.465,63.00829056454797,73015
0.795,0.519,0.0805,0.277,0.968,0.326,15.001973943939994,105836
0.529,0.887,0.0596,0.268,0.898,0.321,22.002895117778657,5704
0.788,0.887,0.0548,0.449,0.896,0.405,8.00105277010133,24004
0.528,0.545,0.275,0.337,0.932,0.394,1.0001315962626662,105927
0.23,0.115,0.0384,0.667,0.71,0.229,23.003026714041322,75251
0.28,0.183,0.0361,0.743,0.525,0.0395,5.000657981313331,5057
0.172,0.257,0.111,0.513,0.619,0.0151,12.001579155151994,101642
0.424,0.321,0.0613,0.501,0.601,0.213,23.003026714041322,26223
0.147,0.117,0.0412,0.868,0.732,0.0713,128.01684432162128,16492
0.4,0.0859,0.0325,0.989,0.648,0.147,87.01144887485196,26211
0.178,0.439,0.0481,0.99,0.511,0.188,29.00381629161732,93184
0.319,0.257,0.0328,0.786,0.713,0.063,38.00500065798132,76211
0.371,0.231,0.314,0.937,0.665,0.0626,1.0001315962626662,59518
0.131,0.205,0.0387,0.624,0.918,0.0362,89.01171206737729,4784
0.364,0.225,0.0326,0.663,0.947,0.105,25.003289906566657,41913
0.0807,0.336,0.0385,0.7,0.989,0.0374,69.00908014212396,11608
0.361,0.291,0.0338,0.722,0.837,0.0708,62.00815896828531,4061
0.114,0.009,0.376,0.555,0.81,0.0466,4.000526385050665,59281
0.193,0.298,0.041,0.858,0.793,0.05,205.02697723384657,59233
0.397,0.357,0.0313,0.889,0.907,0.16,185.02434530859324,4186
0.075,0.00344,0.273,0.871,0.995,1e-05,1.0001315962626662,101487
0.133,0.432,0.253,0.761,0.91,0.0842,1.0001315962626662,59048
0.475,0.395,0.265,0.872,0.86,0.202,3.0003947887879985,94754
0.447,0.00588,0.0469,0.612,0.736,0.305,2.0002631925253325,59746
0.162,0.31,0.0328,0.694,0.553,0.304,1.0001315962626662,93238
0.281,0.309,0.0373,0.545,0.618,0.309,10.001315962626663,84421
0.0801,0.000179,0.0779,0.927,0.667,0.372,1.0001315962626662,45771
0.407,0.0605,0.0361,0.978,0.719,0.328,40.00526385050665,79437
0.204,0.35,0.0322,0.961,0.544,0.467,1.0001315962626662,76548
0.394,0.291,0.097,0.834,0.64,0.313,30.00394788787999,59587
0.229,0.0577,0.196,0.626,0.931,0.253,2.0002631925253325,59306
0.451,0.0635,0.0331,0.629,0.908,0.259,8.00105277010133,26588
0.49,0.296,0.0301,0.726,0.862,0.339,22.002895117778657,5329
0.144,0.12,0.0484,0.811,0.895,0.265,76.01000131596264,45217
0.242,0.295,0.0319,0.919,0.899,0.467,20.002631925253326,76122
0.364,0.47,0.0342,0.942,0.951,0.425,92.01210685616529,54213
0.496,0.198,0.323,0.947,0.885,0.341,1.0001315962626662,105004
0.283,0.267,0.379,0.884,0.911,0.346,5.000657981313331,75180
0.58,0.187,0.0605,0.618,0.0371,0.523,58.00763258323464,108776
0.856,0.178,0.0464,0.748,0.00593,0.632,18.00236873272799,99032
0.77,0.496,0.0468,0.719,0.0,0.571,200.02631925253326,84687
0.699,0.106,0.389,0.727,0.0,0.674,4.000526385050665,68886
0.703,0.444,0.305,0.608,0.00214,0.539,32.00421108040532,66404
0.861,0.378,0.304,0.519,8.46e-05,0.513,21.00276352151599,94947
0.789,0.229,0.0467,0.951,0.0,0.692,53.00697460192131,69151
0.799,0.353,0.0344,0.931,0.000136,0.713,114.01500197394395,45178
0.648,0.172,0.303,0.885,0.065,0.563,17.002237136465325,15618
0.806,0.067,0.292,0.9,0.0,0.643,3.0003947887879985,93033
0.713,0.324,0.412,0.852,0.0,0.603,37.00486906171865,37779
0.854,0.434,0.347,0.788,0.0,0.709,13.001710751414661,14514
0.624,0.129,0.0399,0.575,0.292,0.682,1.0001315962626662,45888
0.547,0.43,0.0311,0.679,0.396,0.501,10.001315962626663,80929
0.76,0.401,0.0674,0.564,0.259,0.619,8.00105277010133,107230
0.892,0.396,0.298,0.651,0.435,0.54,2.0002631925253325,24116
0.545,0.217,0.0788,0.995,0.338,0.702,16.00210554020266,93324
0.878,0.185,0.0727,0.94,0.339,0.539,3.0003947887879985,94955
0.607,0.34,0.0486,0.826,0.344,0.667,34.00447427293065,1158
0.797,0.403,0.105,0.776,0.34,0.664,4.000526385050665,57849
0.69,0.25,0.0498,0.657,0.000313,0.854,16.00210554020266,66156
0.758,0.21,0.0605,0.516,0.0,0.892,14.001842347677327,66369
0.818,0.489,0.0619,0.516,0.0,0.824,175.0230293459666,66979
0.743,0.249,0.486,0.527,0.0,0.755,1.0001315962626662,14989
0.612,0.43,0.391,0.572,2.98e-05,0.811,13.001710751414661,37368
0.893,0.461,0.422,0.713,0.0406,0.864,8.00105277010133,37900
0.505,0.236,0.0588,0.795,0.0,0.905,55.007237794446645,16797
0.827,0.215,0.0651,0.887,0.00037,0.85,38.00500065798132,108587
0.851,0.473,0.0361,0.753,0.0,0.836,111.01460718515595,66028
0.525,0.131,0.458,0.983,0.00433,0.811,2.0002631925253325,103878
0.835,0.181,0.477,0.801,0.0,0.9,4.000526385050665,66330
0.621,0.308,0.369,0.823,0.0,0.86,14.001842347677327,108387
0.751,0.354,0.446,0.885,0.179,0.781,11.001447558889328,15087
0.934,0.212,0.237,0.749,0.316,0.925,1.0001315962626662,105546
0.615,0.49,0.0349,0.593,0.499,0.819,4.000526385050665,108467
0.781,0.429,0.0645,0.73,0.355,0.82,2.0002631925253325,14378
0.775,0.345,0.372,0.591,0.409,0.872,1.0001315962626662,15610
0.713,0.234,0.13,0.878,0.289,0.779,5.000657981313331,108436
0.665,0.305,0.0334,0.867,0.46,0.803,10.001315962626663,52383
0.777,0.423,0.0482,0.828,0.463,0.872,7.000921173838663,108322
0.595,0.386,0.328,0.995,0.493,0.852,2.0002631925253325,108819
0.241,0.657,0.0826,0.000458,0.7,0.19,45.00592183181998,42901
0.275,0.564,0.0362,0.00517,0.649,0.202,78.01026450848796,41723
0.146,0.899,0.0827,2.27e-06,0.512,0.109,124.01631793657062,6634
0.339,0.732,0.306,0.0145,0.615,0.133,2.0002631925253325,59964
0.115,0.953,0.252,1.37e-05,0.719,0.0335,9.001184366363995,6537
0.345,0.975,0.251,6.69e-05,0.691,0.164,8.00105277010133,42064
0.477,0.555,0.031,0.444,0.729,0.0721,7.000921173838663,54518
0.117,0.999,0.121,0.307,0.578,0.00104,4.000526385050665,101917
0.335,0.996,0.0345,0.382,0.61,0.0115,7.000921173838663,101748
0.154,0.726,0.0891,8.06e-05,0.938,0.0631,76.01000131596264,6843
0.477,0.572,0.0319,0.00708,0.784,0.0414,151.0198710356626,2350
0.0704,0.623,0.3,0.144,0.872,0.0376,2.0002631925253325,59914
0.419,0.694,0.369,0.00969,0.879,0.154,1.0001315962626662,42883
0.0974,0.991,0.26,0.00861,0.911,0.0294,17.002237136465325,6576
0.43,0.827,0.496,0.00102,0.855,0.216,20.002631925253326,46827
0.202,0.658,0.172,0.303,0.881,0.0625,11.001447558889328,59917
0.454,0.75,0.0366,0.348,0.835,0.0311,27.003553099091988,73809
0.199,0.9,0.117,0.301,0.989,0.0129,36.00473746545598,101628
0.398,0.868,0.0511,0.276,0.77,0.149,19.00250032899066,101372
0.167,0.744,0.363,0.358,0.92,0.128,1.0001315962626662,59856
0.313,0.837,0.263,0.479,0.781,0.0395,2.0002631925253325,42530
0.234,0.633,0.0301,0.000817,0.581,0.294,2.0002631925253325,44955
0.498,0.673,0.0349,0.00466,0.687,0.29,41.00539544676931,50761
0.215,0.971,0.0761,3.67e-05,0.624,0.376,41.00539544676931,43574
0.257,0.989,0.0867,6.72e-06,0.521,0.385,245.03224108435322,22230
0.359,0.603,0.347,0.231,0.624,0.467,2.0002631925253325,38701
0.16,0.993,0.332,4.98e-05,0.629,0.256,3.0003947887879985,42260
0.374,0.885,0.311,0.000506,0.625,0.305,5.000657981313331,10451
0.207,0.733,0.0671,0.375,0.731,0.32,2.0002631925253325,6829
0.378,0.533,0.0279,0.479,0.508,0.285,13.001710751414661,4022
0.384,0.938,0.194,0.443,0.584,0.466,2.0002631925253325,82767
0.226,0.599,0.0539,0.15,0.951,0.313,14.001842347677327,54981
0.252,0.743,0.0403,1.21e-05,0.869,0.357,66.00868535333598,42005
0.132,0.905,0.0609,1.77e-06,0.949,0.441,89.01171206737729,42023
0.5,0.661,0.426,0.0405,0.847,0.28,1.0001315962626662,54643
0.245,0.971,0.261,1.89e-05,0.792,0.308,2.0002631925253325,59262
0.262,0.971,0.332,7.3e-06,0.851,0.33,6.000789577575997,42598
0.225,0.689,0.0555,0.469,0.813,0.5,2.0002631925253325,71823
0.393,0.521,0.0637,0.435,0.854,0.337,12.001579155151994,36191
0.416,0.762,0.0279,0.312,0.804,0.461,10.001315962626663,3501
0.439,0.79,0.258,0.498,0.812,0.263,1.0001315962626662,59966
0.59,0.229,0.0301,0.115,0.00168,0.168,11.001447558889328,3468
0.924,0.164,0.225,0.0203,2.28e-05,0.203,2.0002631925253325,66872
0.805,0.33,0.1,0.22,0.0,0.211,73.00960652717464,103151
0.555,0.209,0.362,0.195,0.245,0.083,1.0001315962626662,58343
0.89,0.223,0.316,0.0131,0.024,0.235,1.0001315962626662,54353
0.746,0.439,0.258,0.0165,0.00083,0.218,22.002895117778657,17512
0.845,0.472,0.269,0.114,0.0,0.209,14.001842347677327,94228
0.579,0.232,0.0434,0.395,0.0553,0.2,25.003289906566657,17217
0.78,0.24,0.0711,0.373,0.0141,0.171,1.0001315962626662,15284
0.818,0.367,0.109,0.486,2.51e-05,0.193,39.00513225424398,104709
0.698,0.183,0.299,0.462,0.000424,0.244,2.0002631925253325,94174
0.882,0.203,0.256,0.368,0.00191,0.239,2.0002631925253325,104461
0.606,0.428,0.257,0.458,0.0,0.118,18.00236873272799,60169
0.829,0.348,0.357,0.444,0.134,0.199,2.0002631925253325,105931
0.551,0.222,0.0366,0.0426,0.485,0.0359,2.0002631925253325,107716
0.741,0.474,0.0383,0.0392,0.411,0.174,31.004079484142654,109008
0.847,0.261,0.11,0.00049,0.421,0.24,11.001447558889328,73930
0.947,0.193,0.482,0.0181,0.368,0.135,1.0001315962626662,32939
0.533,0.168,0.0472,0.422,0.39,0.074,2.0002631925253325,15241
0.523,0.375,0.0497,0.293,0.286,0.237,25.003289906566657,75407
0.779,0.453,0.0509,0.491,0.448,0.247,3.0003947887879985,23717
0.745,0.485,0.385,0.397,0.323,0.235,1.0001315962626662,110517
0.584,0.233,0.027,0.0814,0.0,0.356,5.000657981313331,99669
0.891,0.175,0.104,0.216,0.000303,0.324,3.0003947887879985,94778
0.783,0.491,0.0351,0.044,0.000361,0.339,150.01973943939993,1176
0.747,0.237,0.492,0.0583,0.0,0.477,1.0001315962626662,37479
0.506,0.478,0.306,0.123,0.0,0.265,32.00421108040532,37622
0.893,0.476,0.347,0.0969,0.0,0.403,43.00565863929465,48448
0.56,0.152,0.0537,0.269,0.000108,0.293,24.003158310303988,57774
0.826,0.226,0.128,0.423,0.0,0.487,5.000657981313331,34341
0.889,0.479,0.099,0.355,0.0,0.463,114.01500197394395,60306
0.59,0.434,0.253,0.327,0.0,0.493,35.00460586919332,21150
0.831,0.419,0.44,0.359,0.00228,0.339,28.003684695354654,15701
0.748,0.247,0.0781,0.121,0.46,0.5,3.0003947887879985,105318
0.849,0.178,0.0619,0.236,0.459,0.317,1.0001315962626662,111166
0.599,0.485,0.0274,0.157,0.397,0.334,22.002895117778657,111909
0.758,0.488,0.109,0.00468,0.294,0.399,15.001973943939994,94037
0.933,0.37,0.321,0.098,0.353,0.329,1.0001315962626662,17192
0.707,0.175,0.0455,0.302,0.254,0.442,3.0003947887879985,8664
0.666,0.442,0.0289,0.261,0.436,0.332,13.001710751414661,75261
0.833,0.385,0.13,0.325,0.434,0.485,3.0003947887879985,3907
0.892,0.312,0.426,0.368,0.439,0.445,1.0001315962626662,32791
0.57,0.223,0.249,0.101,0.000614,0.529,2.0002631925253325,94519
0.789,0.246,0.227,0.0324,1.52e-05,0.508,2.0002631925253325,28734
0.859,0.413,0.18,0.136,0.0,0.699,280.03684695354656,31988
0.913,0.18,0.416,0.00187,6.24e-06,0.703,2.0002631925253325,13161
0.742,0.416,0.271,0.000972,0.0,0.692,16.00210554020266,21802
0.865,0.443,0.414,0.148,0.0,0.738,60.00789577575998,1810
0.632,0.232,0.0318,0.428,4.95e-06,0.673,12.001579155151994,90054
0.801,0.242,0.085,0.291,0.0,0.58,6.000789577575997,14906
0.861,0.27,0.0616,0.301,0.00288,0.608,176.02316094222925,103052
0.777,0.111,0.335,0.414,0.0,0.556,4.000526385050665,66017
0.601,0.34,0.363,0.393,0.0,0.654,30.00394788787999,98550
0.778,0.313,0.421,0.301,0.0,0.707,32.00421108040532,31875
0.719,0.396,0.0773,0.0702,0.275,0.529,13.001710751414661,105467
0.781,0.49,0.0452,0.217,0.426,0.608,16.00210554020266,105681
0.734,0.4,0.269,0.00852,0.497,0.553,2.0002631925253325,21940
0.633,0.431,0.034,0.424,0.405,0.683,10.001315962626663,7410
0.764,0.48,0.0819,0.416,0.316,0.705,4.000526385050665,84302
0.954,0.177,0.411,0.486,0.421,0.529,1.0001315962626662,94200
0.67,0.453,0.295,0.252,0.33,0.68,1.0001315962626662,31608
0.519,0.247,0.0355,0.157,0.0,0.783,1.0001315962626662,90776
0.807,0.204,0.0602,0.13,5.45e-05,0.782,1.0001315962626662,111564
0.667,0.498,0.0364,0.00772,0.0,0.774,133.01750230293462,84528
0.879,0.342,0.21,0.0893,0.0,0.858,212.02789840768523,28992
0.913,0.241,0.467,0.208,0.0,0.808,1.0001315962626662,66664
0.699,0.491,0.288,0.0208,0.0,0.865,22.002895117778657,21778
0.916,0.499,0.349,0.06,0.0,0.813,40.00526385050665,112258
0.732,0.245,0.0688,0.436,7.55e-05,0.924,3.0003947887879985,84864
0.797,0.126,0.0456,0.411,0.0,0.759,2.0002631925253325,74773
0.674,0.437,0.0297,0.414,0.0996,0.844,233.03066192920124,9999
0.953,0.254,0.0543,0.317,0.0,0.797,126.01658112909594,14910
0.605,0.402,0.293,0.448,0.0,0.781,8.00105277010133,102882
0.819,0.438,0.303,0.378,0.0,0.809,12.001579155151994,74006
0.659,0.431,0.0333,0.116,0.307,0.839,10.001315962626663,32113
0.865,0.384,0.0577,0.024,0.434,0.852,8.00105277010133,111408
0.701,0.495,0.442,0.00787,0.29,0.81,1.0001315962626662,105289
0.736,0.379,0.0539,0.301,0.345,0.948,1.0001315962626662,8661
0.872,0.384,0.0388,0.418,0.317,0.938,4.000526385050665,8907
0.749,0.665,0.0377,1.07e-05,0.651,0.529,79.01039610475063,24015
0.751,0.649,0.0496,0.0279,0.66,0.508,58.00763258323464,23649
0.667,0.997,0.0457,0.0745,0.744,0.693,177.02329253849192,32148
0.788,0.841,0.0697,0.0126,0.509,0.618,57.007500986971976,13445
0.809,0.663,0.258,0.0115,0.583,0.74,2.0002631925253325,17261
0.51,0.93,0.343,0.0158,0.704,0.538,1.0001315962626662,29898
0.846,0.819,0.297,0.164,0.505,0.749,4.000526385050665,48603
0.691,0.624,0.0358,0.32,0.67,0.734,24.003158310303988,1648
0.768,0.572,0.0511,0.392,0.57,0.632,8.00105277010133,32815
0.687,0.851,0.0418,0.321,0.502,0.548,9.001184366363995,109250
0.783,0.632,0.27,0.354,0.526,0.579,1.0001315962626662,17914
0.712,0.601,0.062,1.09e-05,0.802,0.513,166.0218449796026,73611
0.811,0.667,0.0693,0.000338,0.922,0.505,141.01855507303594,24645
0.808,0.939,0.0485,0.00059,0.751,0.517,156.02052901697593,13822
0.707,0.522,0.259,0.0691,0.876,0.727,4.000526385050665,111349
0.82,0.643,0.298,0.0385,0.804,0.628,4.000526385050665,36554
0.683,0.83,0.251,0.0175,0.843,0.576,1.0001315962626662,111588
0.833,0.942,0.379,0.00347,0.76,0.557,1.0001315962626662,60298
0.615,0.694,0.0312,0.287,0.826,0.745,40.00526385050665,1414
0.846,0.681,0.0547,0.45,0.912,0.557,13.001710751414661,105845
0.722,0.793,0.0653,0.313,0.867,0.719,15.001973943939994,105342
0.9,0.917,0.162,0.262,0.852,0.667,6.000789577575997,24323
0.775,0.572,0.294,0.452,0.854,0.661,1.0001315962626662,54469
0.756,0.824,0.327,0.384,0.874,0.581,1.0001315962626662,15490
0.69,0.736,0.0402,0.0303,0.605,0.969,38.00500065798132,48249
0.759,0.64,0.0444,0.0039,0.636,0.872,23.003026714041322,24893
0.68,0.889,0.0405,0.0879,0.736,0.842,129.01697591788394,13477
0.841,0.975,0.0795,0.0445,0.739,0.765,65.0085537570733,111807
0.848,0.595,0.284,0.000599,0.741,0.916,1.0001315962626662,13097
0.687,0.506,0.0407,0.315,0.692,0.783,8.00105277010133,25437
0.814,0.599,0.232,0.43,0.736,0.752,5.000657981313331,111954
0.615,0.91,0.0347,0.5,0.511,0.77,13.001710751414661,11434
0.648,0.739,0.0292,0.000156,0.891,0.754,80.0105277010133,10999
0.769,0.613,0.0355,0.00021,0.936,0.87,76.01000131596264,24530
0.555,0.995,0.0597,0.0258,0.904,0.758,203.02671404132124,24688
0.791,0.949,0.0633,2.46e-05,0.9,0.825,123.01618634030795,24375
0.735,0.524,0.288,0.00436,0.825,0.803,1.0001315962626662,13707
0.892,0.685,0.267,0.0411,0.928,0.76,1.0001315962626662,13859
0.707,0.889,0.258,0.017,0.911,0.932,1.0001315962626662,10861
0.957,0.917,0.326,0.0289,0.886,0.913,2.0002631925253325,17436
0.701,0.715,0.0451,0.313,0.958,0.774,20.002631925253326,1310
0.842,0.501,0.178,0.312,0.798,0.781,8.00105277010133,105281
0.643,0.808,0.0474,0.32,0.885,0.931,21.00276352151599,1624
0.793,0.839,0.0565,0.427,0.908,0.95,8.00105277010133,24252
0.0,2.01e-05,0.0,0.0,0.124,0.0,31.004079484142654,101563
0.331,0.0964,0.0548,0.197,0.000177,0.0622,24.003158310303988,98822
0.171,0.448,0.0468,0.146,0.000258,0.132,55.007237794446645,8503
0.0622,0.293,0.256,0.00307,0.0,0.014,1.0001315962626662,101678
0.383,0.481,0.258,0.0175,0.0,0.117,2.0002631925253325,69827
0.17,0.24,0.0334,0.429,0.0739,0.0646,13.001710751414661,75195
0.361,0.211,0.0313,0.452,0.00174,0.222,34.00447427293065,84253
0.162,0.411,0.0346,0.3,0.0769,0.246,41.00539544676931,84256
0.359,0.143,0.439,0.393,0.0379,0.0366,1.0001315962626662,59711
0.476,0.487,0.495,0.344,0.0,0.243,2.0002631925253325,9450
0.133,0.000272,0.0635,0.0663,0.305,0.0379,10.001315962626663,101815
0.348,0.21,0.033,0.018,0.48,0.218,4.000526385050665,38965
0.215,0.334,0.036,3.25e-05,0.314,0.133,3.0003947887879985,98930
0.319,0.42,0.0311,0.0814,0.454,0.196,27.003553099091988,111713
0.183,0.0112,0.33,1.14e-06,0.462,0.00142,4.000526385050665,101593
0.0,0.00066,0.0,0.331,0.289,0.0,3.0003947887879985,101416
0.365,0.204,0.0314,0.352,0.424,0.201,6.000789577575997,84854
0.148,0.325,0.0333,0.264,0.453,0.0382,7.000921173838663,54745
0.43,0.375,0.0289,0.374,0.376,0.189,14.001842347677327,91673
0.369,0.223,0.0348,0.114,0.0,0.34,11.001447558889328,32242
0.079,0.446,0.0379,0.149,0.245,0.376,10.001315962626663,6528
0.362,0.269,0.0279,0.176,0.00157,0.292,276.03632056849585,12778
0.487,0.224,0.0524,0.428,0.0,0.39,33.00434267666799,74611
0.194,0.381,0.034,0.487,0.0,0.44,12.001579155151994,12940
0.459,0.485,0.0619,0.445,0.0068,0.388,279.03671535728387,98037
0.444,7.06e-05,0.383,0.288,0.000131,0.288,2.0002631925253325,87629
0.498,0.498,0.424,0.42,0.0,0.367,4.000526385050665,37882
0.438,0.37,0.0497,0.166,0.488,0.32,12.001579155151994,24844
0.23,0.429,0.0278,0.417,0.49,0.324,1.0001315962626662,84509
0.316,0.49,0.0391,0.416,0.367,0.267,4.000526385050665,84333
0.584,0.533,0.0305,0.684,0.0,0.224,212.02789840768523,103665
0.773,0.533,0.0481,0.545,0.000974,0.185,17.002237136465325,57823
0.608,0.83,0.0956,0.597,3.4e-06,0.211,10.001315962626663,20053
0.77,0.84,0.107,0.515,0.00452,0.192,3.0003947887879985,51022
0.61,0.624,0.309,0.6,2.12e-06,0.244,14.001842347677327,89800
0.765,0.556,0.272,0.55,2.13e-05,0.225,1.0001315962626662,104404
0.641,0.764,0.382,0.644,0.0,0.221,2.0002631925253325,36184
0.937,0.914,0.403,0.554,0.0,0.0678,1.0001315962626662,14709
0.655,0.635,0.17,0.819,6.05e-05,0.174,29.00381629161732,94420
0.817,0.551,0.133,0.865,0.000151,0.142,5.000657981313331,57650
0.72,0.558,0.425,0.841,0.00695,0.113,4.000526385050665,66163
0.799,0.668,0.357,0.838,7.49e-06,0.188,1.0001315962626662,106773
0.715,0.991,0.269,0.859,0.0944,0.0371,1.0001315962626662,36697
0.582,0.718,0.0378,0.556,0.497,0.074,11.001447558889328,57059
0.681,0.935,0.0417,0.571,0.458,0.0584,2.0002631925253325,83514
0.682,0.552,0.0461,0.814,0.444,0.0946,3.0003947887879985,36651
0.825,0.724,0.143,0.6,0.229,0.373,62.00815896828531,29830
0.638,0.834,0.0633,0.705,0.0861,0.5,77.0101329122253,8785
0.832,0.962,0.0959,0.517,0.00239,0.359,10.001315962626663,80088
0.685,0.75,0.284,0.623,0.111,0.299,79.01039610475063,32284
0.764,0.62,0.341,0.511,0.0,0.36,22.002895117778657,21995
0.555,0.863,0.273,0.508,0.0,0.492,7.000921173838663,23710
0.758,0.985,0.425,0.647,0.0,0.49,3.0003947887879985,37548
0.695,0.706,0.141,0.877,3.68e-06,0.332,189.02487169364392,104212
0.776,0.503,0.237,0.874,0.0,0.473,10.001315962626663,103150
0.547,0.824,0.0337,0.769,0.0,0.291,6.000789577575997,61937
0.782,0.752,0.154,0.773,0.0,0.474,1.0001315962626662,60736
0.635,0.583,0.269,0.8,0.0,0.366,11.001447558889328,28700
0.893,0.535,0.26,0.856,1.55e-06,0.415,3.0003947887879985,66370
0.522,0.82,0.451,0.776,0.0,0.484,2.0002631925253325,18847
0.568,0.669,0.0316,0.528,0.446,0.381,10.001315962626663,4551
0.859,0.558,0.0902,0.659,0.324,0.357,3.0003947887879985,53550
0.587,0.852,0.0508,0.69,0.46,0.487,2.0002631925253325,17947
0.75,0.559,0.423,0.683,0.42,0.449,1.0001315962626662,105937
0.541,0.504,0.0529,0.785,0.323,0.435,3.0003947887879985,105746
0.629,0.102,0.0394,0.72,0.574,0.14,9.001184366363995,99908
0.616,0.482,0.0657,0.723,0.537,0.234,25.003289906566657,4360
0.758,0.459,0.124,0.593,0.631,0.169,1.0001315962626662,17950
0.651,0.467,0.323,0.631,0.69,0.0854,1.0001315962626662,105177
0.876,0.486,0.33,0.558,0.743,0.239,2.0002631925253325,105816
0.679,0.199,0.0524,0.797,0.727,0.168,31.004079484142654,5520
0.861,0.138,0.0687,0.77,0.704,0.234,1.0001315962626662,45184
0.542,0.32,0.0387,0.907,0.649,0.206,37.00486906171865,79935
0.863,0.421,0.0776,0.786,0.505,0.104,2.0002631925253325,32307
0.613,0.428,0.337,0.775,0.577,0.219,2.0002631925253325,94552
0.723,0.247,0.0458,0.671,0.942,0.0396,29.00381629161732,24854
0.802,0.073,0.0778,0.737,0.803,0.151,7.000921173838663,94321
0.507,0.368,0.0392,0.621,0.841,0.0674,101.01329122252929,58420
0.794,0.307,0.0486,0.674,0.935,0.171,25.003289906566657,36252
0.649,0.283,0.373,0.528,0.921,0.169,1.0001315962626662,32667
0.792,0.254,0.274,0.64,0.957,0.248,2.0002631925253325,24127
0.78,0.155,0.0532,0.94,0.903,0.214,21.00276352151599,15394
0.59,0.341,0.0282,0.851,0.92,0.158,145.01908145808662,54570
0.755,0.251,0.0761,0.958,0.77,0.0583,7.000921173838663,15564
0.645,0.114,0.356,0.967,0.831,0.191,1.0001315962626662,15373
0.565,0.313,0.366,0.947,0.879,0.152,4.000526385050665,59485
0.525,0.195,0.0298,0.747,0.689,0.294,7.000921173838663,52275
0.822,0.188,0.0672,0.714,0.541,0.374,1.0001315962626662,105494
0.734,0.374,0.127,0.722,0.67,0.466,18.00236873272799,105257
0.765,0.42,0.0522,0.748,0.696,0.374,3.0003947887879985,105957
0.727,0.227,0.285,0.637,0.59,0.383,1.0001315962626662,105752
0.74,0.42,0.314,0.52,0.673,0.372,1.0001315962626662,111869
0.555,0.184,0.0365,0.987,0.711,0.259,37.00486906171865,96457
0.773,0.176,0.0764,0.891,0.641,0.371,1.0001315962626662,105901
0.616,0.39,0.0419,0.756,0.63,0.376,29.00381629161732,45905
0.856,0.329,0.099,0.851,0.63,0.448,3.0003947887879985,31216
0.861,0.0708,0.419,0.991,0.54,0.27,1.0001315962626662,26870
0.599,0.349,0.26,0.996,0.689,0.379,1.0001315962626662,108617
0.729,0.202,0.058,0.682,0.915,0.356,19.00250032899066,105439
0.774,0.244,0.0299,0.72,0.915,0.421,20.002631925253326,32471
0.64,0.458,0.0865,0.657,0.826,0.354,88.01158047111463,105252
0.859,0.45,0.0519,0.682,0.905,0.267,18.00236873272799,105256
0.687,0.201,0.301,0.619,0.917,0.32,2.0002631925253325,64703
0.554,0.222,0.044,0.842,0.888,0.432,273.0359257797079,45819
0.788,0.228,0.0457,0.908,0.946,0.283,43.00565863929465,52324
0.639,0.394,0.108,0.952,0.896,0.42,147.01934465061194,105240
0.784,0.252,0.107,0.907,0.892,0.262,22.002895117778657,105669
0.732,0.194,0.273,0.99,0.888,0.467,6.000789577575997,105434
0.757,0.193,0.398,0.793,0.847,0.441,1.0001315962626662,105222
0.588,0.361,0.321,0.968,0.941,0.462,4.000526385050665,105850
0.754,0.476,0.394,0.883,0.819,0.336,4.000526385050665,105068
0.535,0.831,0.0591,0.0784,0.0,0.568,574.0755362547704,104582
0.653,0.81,0.0558,0.118,0.0,0.583,443.0582971443611,39653
0.585,0.956,0.0763,0.00198,0.00108,0.579,760.1000131596263,61196
0.685,0.911,0.0392,0.0418,0.000225,0.618,319.0419792077905,25616
0.522,0.845,0.149,0.083,0.0,0.582,29.00381629161732,44799
0.723,0.771,0.152,0.045,0.0,0.533,75.00986971969996,31984
0.612,0.938,0.141,0.0195,0.0,0.526,103.01355441505463,55049
0.715,0.964,0.162,0.0985,0.0,0.535,60.00789577575998,89684
0.51,0.816,0.0352,0.13,8.66e-06,0.588,87.01144887485196,30189
0.648,0.751,0.0276,0.185,0.000204,0.559,150.01973943939993,74777
0.589,0.946,0.0347,0.146,0.0,0.622,73.00960652717464,38933
0.707,0.908,0.0582,0.134,0.0,0.546,48.006316620607976,104703
0.501,0.838,0.151,0.127,0.0,0.513,17.002237136465325,55478
0.663,0.786,0.195,0.229,0.0,0.579,14.001842347677327,88814
0.524,0.931,0.234,0.207,0.0,0.603,10.001315962626663,97499
0.637,0.974,0.244,0.135,0.0,0.588,27.003553099091988,78690
0.545,0.87,0.0712,7.23e-05,0.134,0.549,13.001710751414661,58596
0.69,0.859,0.0881,0.0984,0.14,0.507,22.002895117778657,55833
0.567,0.931,0.0544,0.0119,0.159,0.623,30.00394788787999,47557
0.637,0.911,0.0395,0.000327,0.231,0.545,14.001842347677327,10261
0.549,0.954,0.152,0.00127,0.16,0.613,5.000657981313331,55452
0.715,0.985,0.196,0.0781,0.162,0.501,2.0002631925253325,109627
0.582,0.854,0.0442,0.133,0.174,0.535,3.0003947887879985,104135
0.644,0.823,0.0518,0.145,0.194,0.508,2.0002631925253325,1721
0.568,0.904,0.0979,0.133,0.152,0.595,1.0001315962626662,111685
0.532,0.842,0.0403,0.00131,1.2e-06,0.715,579.0761942360838,85073
0.666,0.871,0.0499,0.00294,0.0,0.706,621.0817212791158,19475
0.584,0.932,0.0516,0.0259,1.48e-05,0.661,682.0897486511384,61274
0.632,0.883,0.0537,0.0284,0.0,0.661,379.0498749835505,56965
0.582,0.829,0.193,0.0522,0.0,0.716,30.00394788787999,56694
0.738,0.864,0.223,0.0609,0.000156,0.632,120.01579155151995,21716
0.554,0.901,0.247,0.0842,3.57e-06,0.685,94.01237004869063,61332
0.718,0.909,0.141,0.0266,0.0195,0.738,53.00697460192131,89931
0.612,0.844,0.0757,0.14,0.0,0.652,148.0194762468746,65222
0.687,0.792,0.0452,0.191,0.0,0.671,198.0260560600079,83003
0.606,0.893,0.0987,0.154,4.18e-05,0.671,66.00868535333598,33033
0.641,0.937,0.0735,0.238,0.0,0.653,87.01144887485196,104773
0.587,0.755,0.184,0.135,0.0,0.629,11.001447558889328,97037
0.709,0.871,0.175,0.134,0.0,0.667,35.00460586919332,53368
0.566,0.946,0.127,0.249,0.0,0.66,11.001447558889328,87608
0.696,0.876,0.144,0.237,8.19e-05,0.724,21.00276352151599,34360
0.565,0.762,0.0309,0.00546,0.169,0.63,17.002237136465325,38937
0.658,0.848,0.0832,3.89e-05,0.148,0.656,11.001447558889328,46304
0.597,0.912,0.0474,0.00109,0.193,0.729,26.003421502829323,41547
0.679,0.981,0.0906,0.0067,0.233,0.633,15.001973943939994,29647
0.552,0.825,0.147,0.000196,0.214,0.727,1.0001315962626662,58694
0.501,0.911,0.154,0.0342,0.165,0.724,1.0001315962626662,1159
0.69,0.927,0.197,0.0255,0.16,0.628,1.0001315962626662,46730
0.621,0.787,0.0384,0.175,0.186,0.73,1.0001315962626662,17496
0.593,0.768,0.0515,0.0535,0.0049,0.874,349.0459270956705,19739
0.716,0.816,0.0544,0.0442,0.00142,0.834,521.0685616528491,8730
0.591,0.919,0.109,0.0737,0.000339,0.804,529.0696144229504,35485
0.707,0.944,0.0349,0.0174,0.0765,0.819,441.0580339518358,43079
0.589,0.797,0.173,0.000673,0.0,0.787,17.002237136465325,58113
0.632,0.832,0.156,0.048,0.0,0.783,70.00921173838664,88348
0.557,0.949,0.126,0.0946,0.000588,0.773,33.00434267666799,35543
0.695,0.884,0.172,0.106,0.0,0.803,66.00868535333598,20769
0.595,0.761,0.0272,0.226,0.000157,0.791,81.01065929727596,85182
0.705,0.874,0.0723,0.17,0.0,0.788,261.0343466245559,68438
0.597,0.935,0.106,0.152,0.0,0.844,76.01000131596264,17990
0.647,0.881,0.0467,0.138,0.0,0.772,112.01473878141861,35632
0.562,0.828,0.204,0.204,0.0,0.845,8.00105277010133,69530
0.637,0.828,0.239,0.174,0.0,0.801,30.00394788787999,97298
0.625,0.94,0.142,0.138,0.0,0.783,6.000789577575997,5405
0.707,0.904,0.148,0.13,0.0,0.823,13.001710751414661,21143
0.57,0.843,0.105,0.101,0.153,0.789,4.000526385050665,109895
0.677,0.799,0.0473,0.0397,0.144,0.775,9.001184366363995,1644
0.511,0.984,0.0468,0.000625,0.232,0.781,6.000789577575997,61683
0.667,0.925,0.0547,0.00197,0.136,0.792,11.001447558889328,39864
0.715,0.931,0.157,0.00857,0.132,0.805,1.0001315962626662,60362
0.581,0.959,0.037,0.143,0.186,0.765,1.0001315962626662,46307
0.7,0.933,0.0605,0.166,0.195,0.863,5.000657981313331,1770
0.569,0.835,0.0453,0.00615,6.42e-05,0.883,172.0226345571786,25865
0.717,0.842,0.0914,0.05,1.22e-05,0.896,372.04895380971186,13026
0.57,0.989,0.0526,0.0697,2.34e-05,0.889,236.03105671798923,46147
0.738,0.976,0.0421,0.0615,1.78e-05,0.898,424.05579681537046,107509
0.568,0.833,0.185,0.0406,0.0,0.963,9.001184366363995,80230
0.725,0.793,0.179,0.0108,0.0,0.887,13.001710751414661,25782
0.586,0.902,0.128,0.00934,0.0,0.917,9.001184366363995,25848
0.653,0.949,0.147,0.0913,0.000285,0.901,17.002237136465325,32614
0.61,0.792,0.0305,0.183,6.49e-06,0.961,50.006579813133314,7724
0.711,0.77,0.0826,0.135,8.9e-06,0.927,151.0198710356626,65724
0.602,0.913,0.0394,0.183,1.14e-06,0.963,57.007500986971976,35352
0.659,0.878,0.032,0.178,0.0,0.881,100.01315962626663,87723
0.514,0.863,0.184,0.195,0.0,0.931,1.0001315962626662,14639
0.749,0.85,0.126,0.203,0.0,0.912,9.001184366363995,5227
0.546,0.945,0.213,0.144,0.0,0.914,3.0003947887879985,80570
0.699,0.94,0.223,0.231,0.0,0.921,10.001315962626663,68694
0.587,0.819,0.043,0.00192,0.223,0.931,8.00105277010133,85349
0.719,0.828,0.0364,0.0935,0.152,0.96,7.000921173838663,1982
0.585,0.89,0.0336,0.0461,0.204,0.92,7.000921173838663,107098
0.682,0.97,0.0459,0.00591,0.171,0.959,10.001315962626663,56174
0.652,0.84,0.0305,0.145,0.136,0.955,2.0002631925253325,1702
0.174,0.547,0.0423,0.551,0.0151,0.204,14.001842347677327,76329
0.325,0.536,0.0323,0.614,0.0,0.218,199.0261876562706,103113
0.225,0.842,0.11,0.644,0.243,0.0398,5.000657981313331,59714
0.489,0.752,0.0372,0.665,0.000669,0.179,40.00526385050665,57040
0.254,0.61,0.274,0.654,0.0215,0.0349,1.0001315962626662,59371
0.399,0.884,0.359,0.573,0.00383,0.231,1.0001315962626662,17741
0.247,0.553,0.0484,0.818,0.000422,0.14,8.00105277010133,93794
0.391,0.713,0.214,0.785,6.89e-06,0.188,52.006843005658645,60965
0.123,0.77,0.0506,0.758,0.225,0.0197,1.0001315962626662,101579
0.292,0.771,0.0453,0.797,0.196,0.228,4.000526385050665,76216
0.476,0.549,0.395,0.81,0.000226,0.167,3.0003947887879985,94546
0.0565,0.995,0.352,0.867,0.000419,0.0101,1.0001315962626662,113940
0.483,0.8,0.266,0.858,0.0,0.2,1.0001315962626662,104306
0.16,0.517,0.0427,0.655,0.396,0.0492,1.0001315962626662,101389
0.353,0.526,0.0675,0.521,0.416,0.148,4.000526385050665,59544
0.161,0.962,0.0819,0.726,0.49,0.00655,3.0003947887879985,101586
0.362,0.651,0.319,0.718,0.4,0.189,1.0001315962626662,54526
0.217,0.83,0.373,0.726,0.481,0.0349,1.0001315962626662,59658
0.0892,0.521,0.0736,0.876,0.468,1e-05,3.0003947887879985,101436
0.393,0.595,0.0405,0.79,0.297,0.165,1.0001315962626662,11860
0.218,0.806,0.0486,0.928,0.364,0.0144,3.0003947887879985,101236
0.279,0.999,0.0509,0.914,0.433,0.00159,1.0001315962626662,101844
0.247,0.556,0.0376,0.635,0.000436,0.371,14.001842347677327,80522
0.494,0.791,0.054,0.594,1.21e-05,0.353,46.006053428082645,28922
0.461,0.714,0.313,0.504,0.0171,0.454,15.001973943939994,84433
0.465,0.824,0.307,0.716,0.0,0.449,6.000789577575997,112626
0.179,0.657,0.0692,0.887,0.0,0.293,9.001184366363995,76780
0.358,0.58,0.045,0.768,0.0058,0.352,129.01697591788394,34375
0.377,0.763,0.0387,0.777,0.00125,0.302,8.00105277010133,87693
0.481,0.669,0.455,0.92,0.0219,0.351,10.001315962626663,34472
0.421,0.856,0.319,0.877,8.22e-06,0.487,3.0003947887879985,34252
0.476,0.574,0.177,0.737,0.271,0.49,6.000789577575997,111989
0.404,0.902,0.0665,0.577,0.297,0.497,15.001973943939994,47257
0.573,0.78,0.035,0.0571,3.34e-05,0.375,460.06053428082646,25087
0.723,0.767,0.0389,0.00364,0.0782,0.275,246.0323726806159,23312
0.51,0.896,0.0426,0.00286,0.00177,0.325,516.0679036715358,27871
0.635,0.962,0.053,0.0458,0.00581,0.311,128.01684432162128,83392
0.617,0.858,0.137,0.00051,3.27e-05,0.278,24.003158310303988,82489
0.738,0.867,0.227,0.0109,0.0825,0.366,27.003553099091988,28765
0.543,0.991,0.135,1.3e-05,0.00382,0.364,133.01750230293462,22718
0.748,0.912,0.19,0.0204,0.0,0.338,33.00434267666799,112881
0.589,0.862,0.072,0.129,1.49e-05,0.373,52.006843005658645,48885
0.701,0.829,0.052,0.152,9.23e-05,0.333,32.00421108040532,27343
0.508,0.885,0.0402,0.235,0.00161,0.281,19.00250032899066,60994
0.729,0.886,0.0705,0.224,0.000229,0.261,15.001973943939994,39399
0.533,0.824,0.149,0.13,0.0,0.266,4.000526385050665,93971
0.677,0.752,0.154,0.222,0.0,0.271,9.001184366363995,60928
0.608,0.985,0.141,0.181,1.86e-06,0.346,8.00105277010133,55933
0.646,0.904,0.13,0.196,0.0,0.37,3.0003947887879985,49277
0.563,0.874,0.0555,0.006,0.151,0.351,26.003421502829323,110160
0.709,0.825,0.0421,0.00827,0.128,0.251,18.00236873272799,23551
0.585,0.986,0.074,0.00127,0.141,0.312,24.003158310303988,83799
0.654,0.943,0.0614,0.00292,0.131,0.292,13.001710751414661,10620
0.545,0.988,0.165,0.0293,0.225,0.268,5.000657981313331,49536
0.73,0.91,0.191,0.109,0.144,0.3,3.0003947887879985,32183
0.547,0.765,0.0402,0.152,0.239,0.297,2.0002631925253325,69910
0.527,0.834,0.0447,0.00107,0.000102,0.422,587.0772470061851,86110
0.636,0.761,0.035,0.00383,0.00784,0.462,361.0475062508225,53745
0.573,0.917,0.0527,0.007,0.00143,0.467,659.0867219370971,50412
0.655,0.933,0.0536,0.00328,0.0358,0.472,195.02566127121992,53868
0.611,0.781,0.149,0.08,0.0,0.413,28.003684695354654,88121
0.66,0.752,0.211,0.00307,0.0,0.38,33.00434267666799,78319
0.516,0.985,0.178,0.028,0.000874,0.429,103.01355441505463,27485
0.648,0.88,0.13,0.0408,0.0,0.378,37.00486906171865,27039
0.533,0.768,0.0542,0.163,0.0,0.396,73.00960652717464,113929
0.738,0.782,0.095,0.143,0.0,0.498,89.01171206737729,20792
0.62,0.935,0.0465,0.146,0.0,0.386,40.00526385050665,29252
0.634,0.987,0.0675,0.233,0.0,0.398,20.002631925253326,85949
0.532,0.869,0.172,0.157,0.00508,0.422,21.00276352151599,20113
0.71,0.77,0.189,0.181,0.00629,0.462,3.0003947887879985,13451
0.588,0.93,0.151,0.219,0.0,0.468,12.001579155151994,78475
0.735,0.89,0.152,0.183,0.0,0.487,9.001184366363995,35930
0.51,0.798,0.042,0.00159,0.136,0.473,14.001842347677327,58961
0.7,0.802,0.037,0.0422,0.17,0.445,14.001842347677327,107718
0.553,0.961,0.0462,5.28e-05,0.151,0.435,36.00473746545598,46627
0.639,0.965,0.0435,0.00632,0.148,0.408,18.00236873272799,83178
0.58,0.867,0.165,0.0152,0.182,0.482,1.0001315962626662,33357
0.684,0.832,0.138,0.000363,0.232,0.403,3.0003947887879985,56755
0.568,0.995,0.216,0.000282,0.213,0.4,5.000657981313331,27521
0.729,0.914,0.155,0.039,0.137,0.449,1.0001315962626662,110372
0.74,0.8,0.0265,0.164,0.135,0.376,1.0001315962626662,110455
0.557,0.876,0.042,0.133,0.208,0.425,2.0002631925253325,111449
0.662,0.884,0.05,0.209,0.162,0.381,4.000526385050665,23811
0.6,0.908,0.183,0.194,0.203,0.428,1.0001315962626662,46788
0.21,0.54,0.0304,0.519,0.0,0.503,1.0001315962626662,40757
0.495,0.833,0.0624,0.544,0.0,0.705,121.01592314778262,77514
0.443,0.668,0.294,0.693,0.000443,0.512,5.000657981313331,51462
0.384,0.823,0.284,0.551,8.29e-06,0.664,7.000921173838663,43477
0.191,0.536,0.046,0.969,0.00339,0.608,3.0003947887879985,55597
0.489,0.669,0.0511,0.819,0.0206,0.713,161.02118699828927,65265
0.206,0.754,0.0638,0.962,5.63e-06,0.627,1.0001315962626662,93810
0.481,0.777,0.0392,0.765,2.8e-06,0.519,13.001710751414661,96119
0.367,0.518,0.464,0.814,0.071,0.53,9.001184366363995,55502
0.484,0.877,0.365,0.758,0.0,0.586,3.0003947887879985,96513
0.424,0.713,0.0346,0.721,0.418,0.714,1.0001315962626662,38775
0.383,0.763,0.0808,0.573,0.431,0.648,2.0002631925253325,112882
0.25,0.641,0.0516,0.844,0.266,0.676,1.0001315962626662,92609
0.41,0.653,0.0367,0.759,0.276,0.543,5.000657981313331,38627
0.21,0.722,0.0652,0.673,0.00211,0.8,3.0003947887879985,84743
0.481,0.547,0.0321,0.664,1.37e-05,0.751,147.01934465061194,7636
0.388,0.807,0.0576,0.66,0.0,0.843,86.0113172785893,96432
0.493,0.602,0.334,0.607,1.82e-06,0.872,4.000526385050665,8693
0.476,0.873,0.345,0.512,0.0,0.79,6.000789577575997,60325
0.469,0.536,0.0465,0.901,1.27e-05,0.891,62.00815896828531,76368
0.49,0.82,0.0684,0.799,0.0558,0.854,18.00236873272799,1270
0.245,0.617,0.0527,0.741,0.267,0.813,1.0001315962626662,12460
0.433,0.564,0.0405,0.713,0.275,0.855,2.0002631925253325,36865
0.46,0.533,0.065,0.843,0.353,0.845,1.0001315962626662,65942
0.379,0.194,0.0722,0.607,0.0,0.738,10.001315962626663,45046
0.25,0.455,0.0317,0.548,4.11e-06,0.57,3.0003947887879985,52894
0.496,0.39,0.0261,0.692,0.0216,0.513,237.0311883142519,52935
0.485,0.44,0.401,0.601,8.18e-06,0.52,6.000789577575997,74950
0.212,0.194,0.0471,0.924,0.000507,0.524,2.0002631925253325,11486
0.439,0.196,0.0601,0.88,0.0,0.525,167.02197657586527,64401
0.439,0.475,0.366,0.9,0.0128,0.679,5.000657981313331,93620
0.372,0.184,0.031,0.661,0.361,0.541,3.0003947887879985,52550
0.365,0.136,0.0502,0.984,0.473,0.546,10.001315962626663,16955
0.235,0.342,0.0375,0.973,0.476,0.612,1.0001315962626662,16553
0.335,0.473,0.058,0.977,0.251,0.59,2.0002631925253325,16410
0.374,0.439,0.0309,0.679,0.000209,0.83,47.006185024345314,52020
0.462,0.209,0.0323,0.9,0.0,0.765,32.00421108040532,64431
0.496,0.418,0.0417,0.902,0.0,0.791,38.00500065798132,108435
0.42,0.371,0.315,0.873,0.0,0.882,3.0003947887879985,90251
0.427,0.471,0.0426,0.647,0.384,0.925,2.0002631925253325,26194
0.493,0.481,0.0265,0.788,0.377,0.827,1.0001315962626662,7957
0.295,0.757,0.0527,0.000883,1.17e-06,0.329,127.01671272535862,82438
0.449,0.838,0.048,0.0539,0.00148,0.366,359.04724305829717,48441
0.328,0.939,0.0423,4.93e-05,0.0065,0.329,289.03803131991054,44792
0.465,0.93,0.0527,3.43e-05,0.0311,0.263,632.083168838005,72892
0.358,0.875,0.164,0.000771,0.0,0.35,7.000921173838663,22792
0.49,0.753,0.238,0.081,2.85e-06,0.325,27.003553099091988,3705
0.275,0.992,0.144,0.0019,0.0,0.302,181.0238189235426,86644
0.431,0.993,0.149,0.000895,0.000885,0.33,154.0202658244506,82361
0.342,0.842,0.0855,0.172,1.44e-06,0.33,13.001710751414661,28058
0.496,0.789,0.0839,0.183,0.0,0.286,39.00513225424398,32616
0.32,0.929,0.0774,0.197,0.0,0.342,4.000526385050665,50738
0.387,0.923,0.0747,0.202,1.41e-05,0.302,6.000789577575997,61883
0.434,0.792,0.151,0.24,0.0,0.356,4.000526385050665,104927
0.252,0.946,0.152,0.18,0.0,0.344,4.000526385050665,38645
0.418,0.947,0.178,0.186,0.0,0.359,6.000789577575997,47799
0.283,0.806,0.0555,0.00442,0.243,0.261,3.0003947887879985,5735
0.468,0.838,0.0433,9.42e-05,0.196,0.259,11.001447558889328,71250
0.35,0.953,0.0609,1.32e-05,0.185,0.314,22.002895117778657,6956
0.381,0.968,0.0951,4.05e-05,0.13,0.346,37.00486906171865,22317
0.297,0.942,0.163,1.19e-06,0.241,0.272,8.00105277010133,42845
0.439,0.974,0.13,4.02e-06,0.206,0.272,3.0003947887879985,42792
0.449,0.775,0.0405,0.162,0.149,0.313,2.0002631925253325,7000
0.264,0.875,0.0551,0.00208,0.00771,0.403,146.01921305434928,104727
0.387,0.759,0.0295,0.00135,0.00198,0.381,311.0409264376892,57545
0.264,0.889,0.0589,9.8e-06,0.0396,0.492,239.03145150677722,5962
0.476,0.968,0.0424,0.000103,0.0487,0.421,630.0829056454797,41023
0.317,0.853,0.186,0.00187,0.000702,0.487,9.001184366363995,58317
0.387,0.86,0.199,0.00831,0.00748,0.396,17.002237136465325,82166
0.35,0.978,0.144,0.00055,1.24e-05,0.396,89.01171206737729,85694
0.452,0.954,0.16,0.0205,0.000166,0.456,153.02013422818794,61754
0.372,0.874,0.101,0.145,0.0,0.465,16.00210554020266,21821
0.403,0.77,0.0434,0.195,0.0,0.428,49.006448216870645,55676
0.345,0.919,0.0751,0.189,0.0,0.407,10.001315962626663,971
0.491,0.942,0.109,0.156,0.0,0.398,32.00421108040532,2542
0.389,0.784,0.13,0.203,1.13e-05,0.484,5.000657981313331,113106
0.356,0.959,0.136,0.134,5.25e-06,0.465,6.000789577575997,104829
0.38,0.966,0.141,0.219,1.72e-06,0.406,10.001315962626663,85397
0.314,0.818,0.0744,0.0214,0.207,0.456,7.000921173838663,41829
0.422,0.874,0.0534,0.000166,0.231,0.392,5.000657981313331,72179
0.374,0.907,0.0544,0.00759,0.215,0.472,8.00105277010133,50720
0.491,0.991,0.0728,0.000281,0.159,0.422,28.003684695354654,46751
0.322,0.836,0.127,0.000242,0.178,0.385,1.0001315962626662,22969
0.272,0.906,0.127,5.48e-06,0.166,0.433,11.001447558889328,42009
0.483,0.971,0.19,0.0162,0.127,0.464,1.0001315962626662,61996
0.363,0.914,0.0909,0.196,0.129,0.466,2.0002631925253325,48332
0.445,0.954,0.0896,0.197,0.19,0.426,2.0002631925253325,46290
0.6,0.245,0.0342,0.245,0.596,0.179,2.0002631925253325,33513
0.853,0.213,0.105,0.141,0.578,0.141,4.000526385050665,105319
0.615,0.419,0.0396,0.0173,0.505,0.216,45.00592183181998,32097
0.793,0.293,0.0358,0.0125,0.621,0.176,24.003158310303988,112865
0.721,0.239,0.0805,0.455,0.658,0.217,1.0001315962626662,94768
0.757,0.142,0.049,0.473,0.539,0.0383,2.0002631925253325,15812
0.563,0.44,0.0822,0.286,0.683,0.213,10.001315962626663,36055
0.753,0.267,0.0602,0.363,0.55,0.0554,8.00105277010133,32030
0.719,0.213,0.0366,0.0323,0.885,0.0558,7.000921173838663,32455
0.804,0.188,0.049,0.202,0.964,0.201,5.000657981313331,24853
0.714,0.418,0.0482,0.0316,0.818,0.0393,126.01658112909594,73346
0.807,0.455,0.0563,0.00858,0.916,0.041,85.01118568232663,23887
0.934,0.0464,0.284,0.0333,0.776,0.194,1.0001315962626662,24333
0.723,0.387,0.279,0.0755,0.861,0.133,3.0003947887879985,109888
0.787,0.476,0.266,0.00037,0.914,0.144,1.0001315962626662,54367
0.634,0.207,0.0354,0.434,0.881,0.174,14.001842347677327,4350
0.758,0.116,0.0369,0.411,0.976,0.23,3.0003947887879985,54188
0.592,0.458,0.169,0.284,0.883,0.215,83.0109224898013,105034
0.768,0.472,0.0385,0.422,0.874,0.168,9.001184366363995,105199
0.917,0.108,0.471,0.317,0.885,0.181,1.0001315962626662,105756
0.693,0.191,0.0618,0.0683,0.744,0.41,1.0001315962626662,105403
0.774,0.113,0.0486,0.111,0.598,0.334,2.0002631925253325,105737
0.632,0.322,0.0465,0.0307,0.535,0.367,37.00486906171865,94033
0.764,0.381,0.0535,0.0458,0.714,0.298,23.003026714041322,109421
0.786,0.471,0.409,0.0125,0.656,0.268,2.0002631925253325,17677
0.575,0.151,0.192,0.259,0.687,0.29,2.0002631925253325,105377
0.575,0.295,0.0326,0.484,0.703,0.394,12.001579155151994,71902
0.777,0.447,0.0514,0.388,0.726,0.306,9.001184366363995,54450
0.788,0.432,0.324,0.387,0.734,0.349,1.0001315962626662,105072
0.66,0.167,0.0292,0.172,0.78,0.427,3.0003947887879985,52951
0.904,0.168,0.165,0.191,0.935,0.478,5.000657981313331,105503
0.672,0.285,0.0474,0.241,0.905,0.454,76.01000131596264,15079
0.754,0.411,0.0538,0.0087,0.837,0.323,81.01065929727596,110338
0.715,0.214,0.27,0.158,0.928,0.319,2.0002631925253325,105419
0.768,0.214,0.251,0.041,0.926,0.46,1.0001315962626662,105594
0.671,0.422,0.41,0.0125,0.87,0.344,2.0002631925253325,105316
0.971,0.334,0.47,0.0776,0.888,0.302,4.000526385050665,73538
0.73,0.223,0.161,0.481,0.878,0.32,7.000921173838663,105884
0.769,0.179,0.15,0.389,0.93,0.379,2.0002631925253325,105143
0.654,0.497,0.117,0.302,0.932,0.343,48.006316620607976,5782
0.854,0.291,0.202,0.489,0.906,0.445,18.00236873272799,15691
0.79,0.218,0.389,0.401,0.781,0.496,1.0001315962626662,105231
0.695,0.261,0.254,0.409,0.92,0.423,5.000657981313331,105394
0.856,0.473,0.259,0.349,0.915,0.368,1.0001315962626662,24223
0.576,0.593,0.0305,0.0459,0.000834,0.366,187.0246085011186,31180
0.744,0.549,0.0271,0.0784,0.00237,0.351,130.0171075141466,86395
0.543,0.643,0.0278,0.00448,9.51e-06,0.272,337.04434794051855,76813
0.635,0.72,0.0343,0.00132,0.0196,0.358,207.02724042637192,25202
0.619,0.611,0.129,0.0685,8.13e-05,0.311,8.00105277010133,29929
0.651,0.582,0.236,0.000909,0.0843,0.351,18.00236873272799,17202
0.554,0.68,0.134,0.00514,0.00616,0.301,21.00276352151599,29342
0.746,0.637,0.161,0.00155,0.0,0.32,28.003684695354654,51617
0.535,0.522,0.0363,0.131,0.0,0.305,125.01644953283328,31433
0.654,0.56,0.102,0.213,0.0,0.282,50.006579813133314,94819
0.569,0.659,0.0377,0.198,0.0,0.373,83.0109224898013,60768
0.631,0.748,0.0488,0.212,0.0,0.351,61.00802737202264,65655
0.613,0.519,0.154,0.23,0.0,0.27,2.0002631925253325,33954
0.728,0.538,0.167,0.129,0.0,0.339,3.0003947887879985,112084
0.518,0.723,0.137,0.157,1.2e-05,0.363,4.000526385050665,81194
0.727,0.627,0.187,0.143,0.0025,0.266,8.00105277010133,39772
0.589,0.614,0.0426,0.0213,0.165,0.318,8.00105277010133,3855
0.726,0.57,0.0258,0.0599,0.212,0.329,3.0003947887879985,75341
0.544,0.74,0.0352,0.000286,0.214,0.338,7.000921173838663,58085
0.741,0.718,0.0378,0.000253,0.247,0.374,4.000526385050665,111106
0.6,0.655,0.153,0.00847,0.129,0.374,1.0001315962626662,104506
0.691,0.711,0.13,0.021,0.178,0.295,2.0002631925253325,27179
0.608,0.514,0.0451,0.23,0.226,0.313,2.0002631925253325,111395
0.732,0.501,0.0475,0.232,0.191,0.334,4.000526385050665,53516
0.58,0.637,0.0434,0.206,0.139,0.304,3.0003947887879985,75052
0.584,0.536,0.0279,0.112,0.0,0.441,147.01934465061194,72113
0.667,0.609,0.0355,0.111,0.0,0.467,133.01750230293462,56614
0.587,0.732,0.0287,0.000561,0.000904,0.389,437.05750756678515,41131
0.688,0.701,0.0298,0.06,0.0301,0.385,354.04658507698383,80177
0.522,0.585,0.129,0.00208,0.0,0.411,23.003026714041322,67366
0.671,0.534,0.204,0.103,0.0,0.418,20.002631925253326,87561
0.538,0.642,0.127,0.104,0.0,0.47,15.001973943939994,56091
0.724,0.728,0.218,0.0459,5.84e-06,0.47,22.002895117778657,51174
0.616,0.525,0.025,0.173,0.0125,0.402,110.01447558889329,111446
0.688,0.602,0.0492,0.215,0.0,0.436,121.01592314778262,57918
0.608,0.638,0.0561,0.217,0.0,0.457,155.02039742071327,3067
0.66,0.709,0.0425,0.215,4.16e-05,0.471,132.01737070667195,109925
0.619,0.502,0.249,0.178,0.0,0.38,8.00105277010133,31726
0.68,0.53,0.209,0.203,0.0,0.398,15.001973943939994,15073
0.621,0.705,0.222,0.195,4.19e-06,0.437,13.001710751414661,51553
0.706,0.627,0.202,0.193,0.0,0.38,20.002631925253326,51899
0.61,0.605,0.0419,0.000925,0.157,0.458,4.000526385050665,58965
0.671,0.569,0.0316,0.0131,0.19,0.433,9.001184366363995,32385
0.587,0.678,0.0524,0.0319,0.16,0.429,10.001315962626663,111151
0.65,0.719,0.0427,0.00549,0.24,0.392,7.000921173838663,27749
0.724,0.56,0.0599,0.13,0.24,0.412,1.0001315962626662,33978
0.563,0.719,0.0276,0.242,0.146,0.488,2.0002631925253325,92194
0.51,0.578,0.0276,0.0667,0.0,0.51,175.0230293459666,61696
0.665,0.562,0.0239,0.0211,0.000437,0.568,163.0214501908146,74049
0.598,0.673,0.0693,0.0422,6.84e-05,0.59,270.0355309909199,25566
0.679,0.715,0.0407,0.0755,0.0,0.571,294.0386893012239,91404
0.619,0.558,0.177,0.0558,0.00935,0.514,8.00105277010133,57173
0.709,0.56,0.171,0.034,0.0,0.541,47.006185024345314,89920
0.568,0.728,0.182,0.0746,4.2e-06,0.62,35.00460586919332,20870
0.721,0.714,0.234,0.107,0.0,0.506,78.01026450848796,68191
0.597,0.527,0.0412,0.127,0.0,0.535,63.00829056454797,30326
0.674,0.574,0.0414,0.209,0.0,0.554,107.01408080010529,37606
0.559,0.672,0.0417,0.17,0.000238,0.537,108.01421239636795,102614
0.666,0.665,0.0322,0.16,0.0,0.548,132.01737070667195,87130
0.612,0.601,0.164,0.168,0.0,0.525,6.000789577575997,31675
0.642,0.572,0.151,0.194,0.0,0.545,12.001579155151994,39622
0.586,0.708,0.236,0.131,1.64e-06,0.509,10.001315962626663,60644
0.661,0.655,0.22,0.196,0.0,0.575,30.00394788787999,21368
0.615,0.55,0.0349,0.0546,0.19,0.549,3.0003947887879985,84205
0.738,0.617,0.0377,0.000152,0.129,0.624,6.000789577575997,53189
0.564,0.697,0.0275,0.00232,0.176,0.547,3.0003947887879985,112577
0.716,0.683,0.0387,0.0964,0.22,0.623,5.000657981313331,105730
0.632,0.585,0.158,0.0224,0.235,0.537,1.0001315962626662,54281
0.506,0.655,0.164,0.0278,0.173,0.612,1.0001315962626662,38868
0.721,0.738,0.178,0.0305,0.185,0.596,1.0001315962626662,5803
0.643,0.56,0.0354,0.204,0.197,0.521,1.0001315962626662,15574
0.654,0.67,0.0403,0.149,0.157,0.528,1.0001315962626662,36852
0.581,0.52,0.183,0.209,0.148,0.603,1.0001315962626662,3908
0.581,0.624,0.0777,0.0987,0.0,0.637,63.00829056454797,47663
0.688,0.601,0.0442,0.0905,0.000513,0.643,110.01447558889329,74114
0.573,0.697,0.0355,0.0127,0.0,0.647,207.02724042637192,5639
0.727,0.701,0.0277,0.0522,2.86e-05,0.627,306.0402684563759,40828
0.562,0.623,0.16,0.0597,0.0,0.712,7.000921173838663,106701
0.743,0.576,0.163,0.0136,0.0,0.628,24.003158310303988,21950
0.571,0.703,0.243,0.0156,0.0,0.714,13.001710751414661,36492
0.728,0.68,0.165,0.0865,1.06e-06,0.704,47.006185024345314,67115
0.512,0.607,0.0304,0.205,0.0,0.668,59.00776417949731,67998
0.629,0.551,0.0256,0.22,0.0,0.685,97.01276483747863,84920
0.55,0.664,0.0438,0.245,0.0,0.734,103.01355441505463,84946
0.672,0.733,0.0934,0.151,0.0,0.668,152.02000263192528,8796
0.519,0.568,0.155,0.211,1.73e-06,0.707,4.000526385050665,21221
0.709,0.545,0.188,0.217,0.000819,0.669,5.000657981313331,28592
0.583,0.742,0.129,0.221,0.0,0.678,13.001710751414661,78564
0.708,0.728,0.205,0.155,2.96e-06,0.718,20.002631925253326,66194
0.505,0.53,0.0499,0.00437,0.164,0.682,8.00105277010133,87993
0.734,0.519,0.0824,0.00814,0.141,0.685,7.000921173838663,51962
0.607,0.737,0.047,0.12,0.169,0.697,7.000921173838663,56671
0.658,0.725,0.0295,0.000534,0.225,0.644,10.001315962626663,71992
0.649,0.523,0.0267,0.157,0.135,0.697,2.0002631925253325,87751
0.581,0.713,0.0411,0.246,0.243,0.73,4.000526385050665,75557
0.744,0.691,0.0353,0.158,0.14,0.628,3.0003947887879985,36740
0.688,0.541,0.217,0.178,0.127,0.731,2.0002631925253325,51877
0.334,0.828,0.0985,0.00312,0.0043,0.515,77.0101329122253,71327
0.48,0.803,0.0485,0.0756,0.0,0.539,323.04250559284117,79763
0.266,0.932,0.0667,0.000196,2.99e-06,0.536,215.02829319647324,58981
0.43,0.981,0.0744,0.00014,5.45e-06,0.585,711.0935649427557,3629
0.342,0.861,0.227,0.0803,0.0,0.571,4.000526385050665,100296
0.497,0.757,0.127,0.0449,0.0,0.507,11.001447558889328,53711
0.357,0.98,0.153,0.00143,0.0,0.567,49.006448216870645,72094
0.427,0.998,0.232,0.000429,0.0805,0.587,90.01184366363997,46931
0.361,0.828,0.0625,0.184,0.0,0.566,13.001710751414661,86928
0.499,0.765,0.0312,0.237,7.65e-06,0.589,40.00526385050665,61143
0.34,0.911,0.0752,0.219,0.0,0.538,10.001315962626663,100210
0.5,0.92,0.0862,0.14,0.0,0.538,27.003553099091988,61041
0.309,0.781,0.166,0.197,0.0,0.622,1.0001315962626662,98860
0.452,0.868,0.248,0.234,0.0,0.512,1.0001315962626662,80932
0.338,0.96,0.158,0.159,0.0,0.62,1.0001315962626662,78967
0.441,0.93,0.185,0.162,0.0,0.556,8.00105277010133,35710
0.366,0.779,0.0788,0.0192,0.144,0.564,6.000789577575997,100800
0.394,0.859,0.0409,0.00201,0.233,0.511,8.00105277010133,38573
0.334,0.982,0.0619,9.11e-05,0.149,0.501,5.000657981313331,47352
0.38,0.935,0.0595,6.45e-06,0.197,0.529,21.00276352151599,22046
0.498,0.979,0.152,0.000146,0.242,0.537,3.0003947887879985,46458
0.402,0.959,0.181,0.136,0.158,0.574,1.0001315962626662,46760
0.369,0.765,0.0457,0.0255,2.42e-05,0.663,51.006711409395976,96170
0.475,0.757,0.0432,0.00525,0.0,0.706,169.0222397683906,61337
0.374,0.917,0.0519,0.000828,1.29e-06,0.705,142.0186866692986,85731
0.485,0.897,0.0678,0.0184,0.0,0.649,458.06027108830114,65979
0.339,0.841,0.213,0.0932,0.00182,0.744,2.0002631925253325,93094
0.438,0.797,0.227,0.0173,0.0,0.71,10.001315962626663,55527
0.303,0.972,0.128,0.0382,1.02e-06,0.687,20.002631925253326,100823
0.467,0.906,0.229,0.00835,0.000637,0.667,47.006185024345314,60909
0.326,0.789,0.0982,0.129,0.0,0.684,1.0001315962626662,62894
0.467,0.791,0.0948,0.168,0.0,0.695,43.00565863929465,55120
0.296,0.876,0.0973,0.198,0.0,0.67,11.001447558889328,77370
0.48,0.887,0.0319,0.147,0.00011,0.69,26.003421502829323,11643
0.456,0.866,0.15,0.177,0.0,0.75,5.000657981313331,60564
0.382,0.992,0.129,0.202,0.0,0.655,5.000657981313331,78991
0.305,0.84,0.0657,0.000338,0.225,0.711,1.0001315962626662,41708
0.454,0.799,0.0945,0.000935,0.189,0.7,9.001184366363995,100303
0.321,0.978,0.0788,0.000906,0.18,0.659,7.000921173838663,58144
0.467,0.931,0.0634,0.0124,0.223,0.734,7.000921173838663,61780
0.366,0.89,0.148,0.000149,0.194,0.694,1.0001315962626662,82737
0.399,0.932,0.177,0.000303,0.202,0.673,3.0003947887879985,58948
0.326,0.885,0.0672,0.244,0.208,0.75,1.0001315962626662,61652
0.29,0.806,0.0478,0.0327,0.00119,0.118,52.006843005658645,38340
0.378,0.803,0.0409,0.00314,0.0,0.116,103.01355441505463,41773
0.32,0.932,0.0677,0.000189,0.0035,0.0814,88.01158047111463,44821
0.493,0.896,0.0365,0.000319,0.0,0.0791,200.02631925253326,44590
0.273,0.862,0.127,0.00472,0.0358,0.113,3.0003947887879985,42739
0.479,0.857,0.208,0.00132,1.11e-06,0.072,7.000921173838663,22239
0.278,0.945,0.16,0.00346,3.12e-05,0.0706,92.01210685616529,22397
0.438,0.953,0.152,0.0126,0.00394,0.124,82.01079089353863,29981
0.315,0.777,0.0527,0.203,0.000508,0.0848,3.0003947887879985,29827
0.467,0.756,0.053,0.131,1.18e-05,0.0948,10.001315962626663,28715
0.276,0.956,0.0714,0.139,0.0365,0.121,2.0002631925253325,49866
0.457,0.918,0.0626,0.158,0.0464,0.0369,3.0003947887879985,27302
0.339,0.873,0.211,0.154,0.00127,0.0711,1.0001315962626662,34327
0.377,0.858,0.148,0.134,0.00185,0.117,3.0003947887879985,15635
0.263,0.987,0.128,0.142,0.0432,0.0136,1.0001315962626662,101521
0.423,0.891,0.2,0.187,7.02e-05,0.0943,3.0003947887879985,49329
0.306,0.851,0.056,0.00254,0.212,0.0392,1.0001315962626662,83601
0.427,0.764,0.0371,9.69e-05,0.136,0.0355,6.000789577575997,41911
0.355,0.952,0.0814,4.19e-06,0.176,0.0362,14.001842347677327,6856
0.463,0.913,0.0949,0.000203,0.217,0.0642,21.00276352151599,59975
0.322,0.817,0.201,0.000391,0.222,0.0769,1.0001315962626662,42904
0.428,0.84,0.21,0.00195,0.238,0.0385,3.0003947887879985,29330
0.257,0.996,0.153,0.00028,0.188,0.0576,15.001973943939994,59915
0.412,0.994,0.145,2.8e-05,0.24,0.044,8.00105277010133,22247
0.278,0.989,0.13,0.152,0.14,0.0394,1.0001315962626662,6599
0.326,0.796,0.043,0.000584,0.00255,0.182,154.0202658244506,86453
0.404,0.789,0.0566,0.0243,0.000231,0.159,272.0357941834452,53429
0.321,0.949,0.0633,9.78e-05,1.1e-06,0.23,273.0359257797079,72358
0.442,0.958,0.0771,8.04e-06,1.64e-05,0.166,411.0540860639558,72571
0.277,0.838,0.168,0.0469,7.81e-06,0.227,9.001184366363995,8904
0.469,0.868,0.138,0.0064,0.000734,0.169,10.001315962626663,29324
0.327,0.985,0.151,0.00177,0.108,0.218,164.02158178707725,47049
0.488,0.914,0.223,0.00415,0.0,0.222,163.0214501908146,83609
0.373,0.852,0.0424,0.131,0.000228,0.149,8.00105277010133,40315
0.497,0.771,0.0528,0.187,0.00895,0.24,32.00421108040532,84411
0.334,0.975,0.0896,0.153,0.0522,0.241,3.0003947887879985,50598
0.499,0.989,0.093,0.138,4.5e-06,0.196,9.001184366363995,78987
0.423,0.774,0.175,0.194,0.0,0.221,2.0002631925253325,60781
0.322,0.998,0.239,0.126,0.00196,0.237,1.0001315962626662,22649
0.489,0.984,0.239,0.215,0.0139,0.201,5.000657981313331,48856
0.346,0.802,0.0493,0.00012,0.23,0.145,8.00105277010133,58090
0.463,0.829,0.0374,0.00017,0.168,0.233,5.000657981313331,50431
0.263,0.951,0.0558,1.1e-05,0.138,0.137,31.004079484142654,50183
0.386,0.972,0.074,0.000135,0.141,0.234,37.00486906171865,22609
0.398,0.872,0.168,0.00137,0.232,0.18,1.0001315962626662,17740
0.331,0.987,0.142,8.63e-05,0.165,0.181,18.00236873272799,42617
0.491,0.941,0.152,0.00212,0.136,0.248,12.001579155151994,46133
0.0914,0.000719,0.0682,0.136,0.651,0.0285,16.00210554020266,101680
0.372,0.232,0.0423,0.058,0.629,0.0924,4.000526385050665,84454
0.244,0.499,0.0794,0.241,0.718,0.0347,13.001710751414661,59337
0.399,0.443,0.03,0.0671,0.61,0.0364,28.003684695354654,6132
0.0765,0.00291,0.268,0.0,0.571,0.00184,4.000526385050665,101090
0.168,0.233,0.0612,0.299,0.746,0.0871,4.000526385050665,54790
0.418,0.202,0.0336,0.494,0.531,0.238,9.001184366363995,98450
0.0924,0.259,0.0811,0.253,0.508,0.0538,8.00105277010133,101916
0.396,0.341,0.0303,0.384,0.568,0.148,32.00421108040532,84216
0.0,0.0474,0.0,0.117,0.989,0.0,78.01026450848796,101375
0.358,0.136,0.0375,0.0019,0.852,0.0728,16.00210554020266,39285
0.199,0.319,0.0334,0.00513,0.893,0.0462,91.01197525990263,4053
0.339,0.429,0.0472,0.159,0.903,0.238,91.01197525990263,39298
0.168,0.0383,0.0382,0.48,0.856,0.0342,39.00513225424398,4800
0.271,0.136,0.0349,0.411,0.809,0.0549,20.002631925253326,59093
0.145,0.276,0.0409,0.304,0.915,0.0335,27.003553099091988,59134
0.295,0.483,0.0414,0.467,0.827,0.128,39.00513225424398,54657
0.137,0.258,0.0724,0.0024,0.744,0.349,3.0003947887879985,6927
0.441,0.433,0.105,0.00526,0.591,0.4,9.001184366363995,54467
0.331,0.34,0.0369,0.313,0.607,0.365,9.001184366363995,84616
0.2,0.392,0.0359,0.0088,0.967,0.323,3.0003947887879985,6640
0.46,0.452,0.0306,0.0409,0.931,0.476,16.00210554020266,54067
0.274,0.304,0.263,0.0323,0.836,0.342,1.0001315962626662,54226
0.48,0.224,0.0401,0.462,0.88,0.395,1.0001315962626662,11923
0.233,0.471,0.0294,0.363,0.828,0.277,3.0003947887879985,56214
0.373,0.48,0.0326,0.307,0.855,0.345,13.001710751414661,64558
0.616,0.227,0.0288,0.575,0.591,0.609,4.000526385050665,14548
0.895,0.109,0.0996,0.534,0.549,0.546,2.0002631925253325,15119
0.519,0.466,0.0288,0.636,0.612,0.706,5.000657981313331,7237
0.756,0.4,0.0676,0.554,0.508,0.568,6.000789577575997,105587
0.608,0.228,0.0481,0.918,0.703,0.698,21.00276352151599,16691
0.789,0.0337,0.0853,0.963,0.558,0.68,1.0001315962626662,94968
0.523,0.394,0.0592,0.892,0.749,0.681,15.001973943939994,45626
0.772,0.277,0.127,0.995,0.645,0.58,9.001184366363995,108619
0.665,0.443,0.375,0.807,0.506,0.526,1.0001315962626662,105203
0.814,0.43,0.263,0.824,0.647,0.742,2.0002631925253325,15638
0.73,0.18,0.0512,0.638,0.849,0.645,5.000657981313331,105278
0.768,0.181,0.0599,0.583,0.926,0.542,1.0001315962626662,105291
0.649,0.338,0.0766,0.713,0.862,0.58,38.00500065798132,26840
0.773,0.287,0.0386,0.659,0.797,0.574,20.002631925253326,105533
0.859,0.147,0.302,0.519,0.927,0.749,1.0001315962626662,105304
0.721,0.444,0.392,0.613,0.89,0.713,2.0002631925253325,105358
0.506,0.162,0.0343,0.901,0.818,0.502,89.01171206737729,4703
0.795,0.145,0.0658,0.954,0.934,0.611,11.001447558889328,45242
0.714,0.427,0.032,0.759,0.874,0.683,89.01171206737729,45591
0.826,0.339,0.0392,0.768,0.925,0.54,17.002237136465325,105630
0.73,0.223,0.461,0.955,0.946,0.562,3.0003947887879985,105930
0.804,0.312,0.286,0.907,0.939,0.634,2.0002631925253325,105770
0.666,0.189,0.0367,0.748,0.613,0.85,1.0001315962626662,14998
0.839,0.233,0.0413,0.745,0.747,0.777,1.0001315962626662,1315
0.618,0.493,0.0355,0.621,0.571,0.831,5.000657981313331,7201
0.625,0.173,0.0583,0.955,0.701,0.879,5.000657981313331,16682
0.625,0.492,0.0372,0.953,0.537,0.894,20.002631925253326,108374
0.767,0.413,0.0473,0.969,0.605,0.961,6.000789577575997,108420
0.767,0.458,0.263,0.914,0.691,0.881,1.0001315962626662,108103
0.662,0.215,0.0607,0.66,0.93,0.847,3.0003947887879985,26775
0.814,0.0987,0.038,0.702,0.872,0.872,4.000526385050665,15181
0.741,0.278,0.0538,0.66,0.775,0.799,10.001315962626663,108588
0.791,0.379,0.148,0.665,0.811,0.81,4.000526385050665,45377
0.737,0.208,0.258,0.683,0.957,0.788,1.0001315962626662,105325
0.696,0.308,0.29,0.659,0.793,0.757,2.0002631925253325,64901
0.681,0.22,0.0601,0.983,0.9,0.892,33.00434267666799,16985
0.874,0.204,0.051,0.942,0.794,0.961,5.000657981313331,14987
0.513,0.296,0.0496,0.99,0.803,0.804,37.00486906171865,39076
0.803,0.394,0.0622,0.798,0.859,0.759,13.001710751414661,105549
0.857,0.146,0.33,0.838,0.954,0.776,1.0001315962626662,15532
0.59,0.446,0.389,0.751,0.869,0.94,1.0001315962626662,108604
0.814,0.5,0.308,0.927,0.825,0.968,1.0001315962626662,108199
0.519,0.547,0.0287,0.0329,0.0113,0.808,33.00434267666799,41893
0.72,0.607,0.0322,0.0543,0.0,0.828,93.01223845242797,51550
0.577,0.749,0.0278,0.00752,1.27e-05,0.847,133.01750230293462,57296
0.679,0.742,0.0292,0.121,7.21e-05,0.869,337.04434794051855,19150
0.532,0.56,0.177,0.0098,0.02,0.827,1.0001315962626662,1962
0.726,0.576,0.146,0.085,0.0,0.783,10.001315962626663,106900
0.52,0.66,0.136,0.00517,0.000106,0.792,4.000526385050665,47624
0.69,0.688,0.156,0.0313,2.04e-05,0.794,27.003553099091988,78508
0.524,0.614,0.0363,0.202,0.0,0.751,79.01039610475063,57276
0.637,0.591,0.0306,0.169,0.0,0.754,73.00960652717464,14843
0.59,0.735,0.0416,0.191,0.0,0.781,65.0085537570733,96356
0.725,0.689,0.0398,0.151,0.0,0.847,114.01500197394395,37324
0.594,0.565,0.175,0.245,0.0,0.755,1.0001315962626662,84976
0.679,0.587,0.186,0.225,0.0,0.775,8.00105277010133,63991
0.561,0.721,0.225,0.231,1.59e-06,0.78,6.000789577575997,106606
0.728,0.728,0.216,0.175,0.0,0.865,10.001315962626663,60968
0.572,0.567,0.0388,0.0435,0.129,0.768,3.0003947887879985,87220
0.711,0.514,0.061,0.0687,0.198,0.797,1.0001315962626662,13578
0.581,0.709,0.0436,0.0268,0.232,0.816,1.0001315962626662,1452
0.724,0.646,0.0658,0.0977,0.179,0.824,12.001579155151994,87268
0.741,0.533,0.0471,0.196,0.214,0.808,1.0001315962626662,13432
0.598,0.676,0.0279,0.13,0.225,0.805,3.0003947887879985,8266
0.686,0.628,0.0361,0.164,0.209,0.8,1.0001315962626662,105193
0.602,0.553,0.0328,0.108,0.0,0.971,99.01302803000395,91575
0.689,0.546,0.0673,0.000464,0.000896,0.966,73.00960652717464,78814
0.607,0.657,0.0636,0.0723,0.083,0.964,74.0097381234373,66071
0.666,0.714,0.0267,0.114,0.0,0.964,185.02434530859324,86677
0.57,0.592,0.198,0.00819,0.000118,0.961,1.0001315962626662,18279
0.718,0.599,0.196,0.0458,0.0,0.931,3.0003947887879985,28640
0.604,0.709,0.158,0.0987,0.0,0.907,4.000526385050665,87653
0.627,0.675,0.213,0.125,0.0,0.961,55.007237794446645,68904
0.617,0.527,0.0449,0.129,0.0,0.959,12.001579155151994,12204
0.741,0.519,0.0259,0.215,0.00205,0.899,36.00473746545598,92220
0.619,0.737,0.0585,0.191,0.0,0.914,63.00829056454797,90675
0.64,0.664,0.0289,0.196,0.0,0.879,119.01565995525728,103987
0.557,0.586,0.184,0.134,4.06e-05,0.928,1.0001315962626662,21424
0.718,0.543,0.177,0.23,0.0,0.936,1.0001315962626662,68930
0.615,0.744,0.156,0.191,0.0,0.962,1.0001315962626662,45495
0.647,0.67,0.24,0.226,6.06e-05,0.879,8.00105277010133,112623
0.585,0.7,0.0847,0.085,0.245,0.951,5.000657981313331,9247
0.68,0.735,0.0277,0.0597,0.214,0.881,15.001973943939994,74210
0.595,0.633,0.165,0.0172,0.209,0.888,1.0001315962626662,1266
0.712,0.592,0.0351,0.224,0.204,0.963,3.0003947887879985,111094
0.574,0.743,0.0376,0.173,0.201,0.953,1.0001315962626662,7648
0.225,0.618,0.0331,0.00137,0.616,0.567,2.0002631925253325,84466
0.306,0.701,0.0647,0.000398,0.592,0.555,15.001973943939994,63513
0.228,0.971,0.0798,3.51e-06,0.75,0.628,13.001710751414661,6492
0.473,0.851,0.0502,0.00136,0.712,0.633,85.01118568232663,46734
0.396,0.526,0.0384,0.306,0.544,0.631,10.001315962626663,84598
0.485,0.762,0.0364,0.471,0.698,0.708,1.0001315962626662,41106
0.229,0.689,0.0456,1.05e-05,0.832,0.591,1.0001315962626662,42031
0.296,0.669,0.0452,0.03,0.831,0.679,31.004079484142654,8913
0.149,0.938,0.154,1.24e-05,0.824,0.601,16.00210554020266,44506
0.295,0.961,0.164,0.00286,0.778,0.574,130.0171075141466,82934
0.389,0.672,0.0688,0.302,0.79,0.584,10.001315962626663,1536
0.463,0.863,0.0524,0.464,0.894,0.694,9.001184366363995,95819
0.392,0.719,0.0583,0.00166,0.671,0.814,7.000921173838663,48758
0.232,0.935,0.0713,0.132,0.637,0.785,2.0002631925253325,38620
0.449,0.999,0.0743,0.00251,0.648,0.777,19.00250032899066,10670
0.399,0.898,0.309,0.00111,0.748,0.808,1.0001315962626662,10585
0.444,0.77,0.0317,0.368,0.536,0.973,1.0001315962626662,7677
0.474,0.705,0.0273,0.0974,0.969,0.766,11.001447558889328,7065
0.235,0.901,0.0964,0.000153,0.947,0.913,5.000657981313331,82779
0.499,0.933,0.0377,0.0425,0.928,0.977,45.00592183181998,17794
0.188,0.613,0.0647,0.407,0.969,0.908,1.0001315962626662,54656
0.402,0.737,0.0307,0.496,0.774,0.966,7.000921173838663,52822
0.25,0.751,0.0364,0.339,0.959,0.967,1.0001315962626662,7211
0.436,0.915,0.151,0.405,0.88,0.776,9.001184366363995,1967
0.83,0.623,0.0801,0.0219,0.0,0.614,134.01763389919728,67029
0.918,0.585,0.0889,0.0627,0.0,0.519,16.00210554020266,65015
0.791,0.687,0.104,0.00665,2.12e-06,0.513,201.02645084879592,81078
0.878,0.723,0.102,0.00227,0.0,0.619,22.002895117778657,65800
0.752,0.518,0.207,0.0422,0.0,0.548,28.003684695354654,51619
0.908,0.624,0.192,0.022,0.0,0.562,14.001842347677327,21284
0.823,0.745,0.247,0.0029,0.000333,0.579,59.00776417949731,75086
0.891,0.627,0.143,0.0614,0.00128,0.519,16.00210554020266,33462
0.795,0.565,0.0948,0.131,0.0,0.55,122.01605474404528,51942
0.892,0.526,0.0648,0.222,0.005,0.582,1.0001315962626662,32905
0.795,0.695,0.0399,0.232,0.0,0.532,38.00500065798132,63544
0.884,0.694,0.0716,0.156,0.0188,0.597,10.001315962626663,67866
0.775,0.608,0.128,0.128,0.0,0.56,35.00460586919332,20246
0.889,0.514,0.17,0.134,0.0,0.586,5.000657981313331,21233
0.845,0.655,0.201,0.191,0.0,0.569,31.004079484142654,60617
0.889,0.749,0.16,0.149,0.0,0.52,5.000657981313331,60216
0.851,0.571,0.0425,0.00295,0.191,0.556,8.00105277010133,24045
0.885,0.536,0.0752,0.0021,0.171,0.588,2.0002631925253325,32243
0.848,0.678,0.0441,0.0887,0.24,0.536,7.000921173838663,23307
0.789,0.666,0.176,0.0266,0.22,0.575,1.0001315962626662,17961
0.785,0.696,0.0491,0.149,0.206,0.566,1.0001315962626662,32504
0.805,0.519,0.0854,0.0745,1.4e-06,0.681,100.01315962626663,100254
0.895,0.561,0.0766,0.0209,0.00315,0.678,12.001579155151994,23361
0.793,0.737,0.0785,0.0765,0.0,0.697,310.04079484142653,89042
0.916,0.701,0.0702,0.00356,0.0403,0.657,40.00526385050665,10349
0.821,0.602,0.168,0.108,0.0,0.628,32.00421108040532,68038
0.902,0.512,0.191,0.117,0.0,0.679,5.000657981313331,66423
0.832,0.74,0.214,0.101,0.0,0.714,55.007237794446645,89854
0.938,0.713,0.201,0.0137,1.58e-06,0.63,11.001447558889328,21376
0.87,0.566,0.0461,0.157,0.0,0.724,57.007500986971976,103173
0.909,0.513,0.0432,0.147,0.0204,0.746,4.000526385050665,13101
0.822,0.633,0.113,0.134,0.0,0.689,142.0186866692986,67896
0.918,0.67,0.103,0.188,0.000176,0.634,5.000657981313331,78521
0.786,0.525,0.13,0.14,0.0,0.686,18.00236873272799,88789
0.892,0.56,0.128,0.19,0.0066,0.692,7.000921173838663,37570
0.834,0.738,0.199,0.2,0.0,0.656,62.00815896828531,51704
0.877,0.658,0.132,0.163,0.0,0.693,13.001710751414661,30496
0.807,0.563,0.0481,0.0209,0.152,0.654,10.001315962626663,38755
0.786,0.635,0.0736,0.000244,0.143,0.687,5.000657981313331,58836
0.892,0.682,0.0443,0.0355,0.142,0.713,2.0002631925253325,13045
0.801,0.536,0.224,0.00545,0.183,0.667,3.0003947887879985,111079
0.78,0.573,0.038,0.249,0.245,0.671,2.0002631925253325,36144
0.568,0.799,0.037,0.121,1.92e-05,0.119,80.0105277010133,28443
0.629,0.839,0.0348,0.000883,0.0364,0.116,34.00447427293065,83520
0.541,0.913,0.0359,0.0681,0.0521,0.113,135.01776549545994,8442
0.703,0.963,0.0515,0.00477,0.0169,0.0301,31.004079484142654,25166
0.548,0.847,0.186,0.0622,0.0,0.1,4.000526385050665,51277
0.689,0.857,0.175,0.00086,0.0326,0.0714,5.000657981313331,46428
0.567,0.988,0.187,0.0232,0.0351,0.0634,42.00552704303198,48555
0.722,0.936,0.178,0.00104,0.0764,0.118,11.001447558889328,32816
0.518,0.812,0.0503,0.215,0.00752,0.0753,8.00105277010133,29521
0.639,0.791,0.0415,0.138,0.00234,0.0576,2.0002631925253325,36112
0.593,0.929,0.109,0.133,3.18e-06,0.069,4.000526385050665,49342
0.56,0.872,0.174,0.199,5.3e-05,0.0787,1.0001315962626662,30812
0.619,0.972,0.138,0.137,0.0,0.107,1.0001315962626662,109738
0.684,0.961,0.149,0.139,0.0,0.0463,2.0002631925253325,49906
0.529,0.871,0.0351,0.0229,0.155,0.109,15.001973943939994,85295
0.66,0.857,0.0565,0.00262,0.165,0.111,11.001447558889328,73272
0.625,0.903,0.0955,0.0013,0.161,0.0456,10.001315962626663,110618
0.733,0.963,0.104,0.000329,0.126,0.0689,5.000657981313331,25557
0.556,0.762,0.158,0.00151,0.22,0.111,1.0001315962626662,17803
0.684,0.828,0.186,0.0583,0.223,0.0803,1.0001315962626662,49932
0.508,0.98,0.143,0.00375,0.202,0.0572,3.0003947887879985,6100
0.577,0.842,0.0322,0.193,0.146,0.0385,3.0003947887879985,28444
0.682,0.837,0.0401,0.139,0.181,0.0355,1.0001315962626662,36386
0.532,0.824,0.0377,0.0207,0.000145,0.19,303.03987366758787,14917
0.66,0.814,0.0382,0.0183,0.0,0.248,120.01579155151995,30829
0.518,0.997,0.0732,0.0148,0.0101,0.166,272.0357941834452,110424
0.64,0.881,0.0632,0.00472,0.116,0.147,77.0101329122253,83991
0.519,0.842,0.135,0.0124,5.02e-05,0.173,20.002631925253326,49620
0.666,0.751,0.245,0.0249,9.93e-06,0.19,9.001184366363995,54598
0.583,0.991,0.197,0.000982,0.00256,0.249,91.01197525990263,109474
0.723,0.99,0.198,0.00214,5.63e-05,0.167,16.00210554020266,110267
0.523,0.782,0.041,0.219,1.03e-05,0.164,28.003684695354654,79548
0.74,0.759,0.0379,0.139,0.116,0.147,12.001579155151994,43260
0.566,1.0,0.0701,0.131,0.0295,0.224,11.001447558889328,58391
0.673,0.914,0.0496,0.229,0.000478,0.183,5.000657981313331,53027
0.61,0.765,0.172,0.175,1.05e-06,0.243,3.0003947887879985,25406
0.694,0.77,0.149,0.176,1.1e-05,0.163,4.000526385050665,31572
0.625,0.981,0.159,0.145,0.000633,0.136,12.001579155151994,49834
0.648,0.952,0.164,0.185,0.0108,0.246,2.0002631925253325,46156
0.623,0.781,0.0331,0.085,0.135,0.214,30.00394788787999,109933
0.695,0.837,0.0482,0.00623,0.151,0.206,15.001973943939994,24942
0.501,0.963,0.0477,0.00148,0.154,0.226,23.003026714041322,46268
0.647,0.93,0.0436,0.000956,0.241,0.185,11.001447558889328,83119
0.529,0.833,0.146,0.00039,0.247,0.244,1.0001315962626662,58496
0.666,0.801,0.201,0.013,0.235,0.21,1.0001315962626662,46830
0.607,0.912,0.132,0.0163,0.187,0.181,6.000789577575997,46962
0.748,0.876,0.246,0.0783,0.16,0.155,5.000657981313331,49086
0.602,0.843,0.0785,0.202,0.191,0.223,1.0001315962626662,83257
0.667,0.867,0.0891,0.209,0.128,0.247,1.0001315962626662,110821
0.709,0.904,0.0489,0.186,0.133,0.202,1.0001315962626662,32680
0.623,0.609,0.0798,0.33,2.43e-05,0.544,58.00763258323464,107461
0.704,0.53,0.102,0.358,0.0,0.606,113.01487037768129,94389
0.594,0.731,0.115,0.283,2.42e-06,0.561,73.00960652717464,14932
0.63,0.63,0.0364,0.295,1.26e-05,0.517,97.01276483747863,81817
0.53,0.584,0.218,0.274,0.0,0.575,4.000526385050665,26000
0.738,0.532,0.187,0.302,0.0,0.596,6.000789577575997,98130
0.624,0.73,0.129,0.307,2.46e-05,0.519,9.001184366363995,84984
0.668,0.703,0.199,0.281,0.0029,0.588,12.001579155151994,80437
0.569,0.504,0.0341,0.456,0.0,0.621,37.00486906171865,90267
0.683,0.511,0.0279,0.406,0.000197,0.598,114.01500197394395,102146
0.621,0.717,0.0853,0.384,0.0,0.591,84.01105408606396,62702
0.724,0.745,0.0319,0.467,0.00122,0.528,80.0105277010133,62282
0.565,0.612,0.163,0.457,4.89e-05,0.522,6.000789577575997,15238
0.721,0.576,0.142,0.408,0.0,0.613,6.000789577575997,26037
0.558,0.694,0.207,0.472,0.0,0.612,4.000526385050665,80966
0.715,0.706,0.195,0.496,0.00134,0.522,20.002631925253326,89174
0.671,0.571,0.0346,0.267,0.177,0.519,1.0001315962626662,75217
0.633,0.725,0.112,0.256,0.171,0.592,1.0001315962626662,111961
0.573,0.542,0.0291,0.379,0.136,0.592,3.0003947887879985,26777
0.663,0.583,0.0346,0.411,0.138,0.58,2.0002631925253325,15268
0.726,0.636,0.0243,0.392,0.232,0.546,2.0002631925253325,107529
0.543,0.529,0.0301,0.326,0.00269,0.746,36.00473746545598,8865
0.629,0.58,0.0278,0.357,0.000353,0.655,82.01079089353863,103751
0.55,0.665,0.0662,0.301,0.0,0.643,102.01342281879195,97451
0.671,0.746,0.0508,0.371,5.69e-06,0.71,120.01579155151995,31835
0.541,0.618,0.179,0.277,4.02e-05,0.68,3.0003947887879985,44168
0.63,0.537,0.141,0.366,0.0,0.706,4.000526385050665,96939
0.579,0.748,0.192,0.273,0.0,0.722,9.001184366363995,1607
0.722,0.738,0.247,0.328,1.47e-05,0.748,14.001842347677327,88907
0.591,0.623,0.0316,0.392,5.94e-05,0.646,50.006579813133314,45247
0.732,0.565,0.036,0.467,0.0,0.684,72.00947493091196,33875
0.608,0.705,0.0364,0.499,0.000124,0.733,50.006579813133314,81632
0.721,0.639,0.0536,0.378,0.0,0.698,91.01197525990263,95942
0.538,0.609,0.17,0.385,0.0,0.716,4.000526385050665,35324
0.708,0.543,0.169,0.41,5.15e-05,0.639,4.000526385050665,15550
0.58,0.667,0.148,0.413,0.0455,0.711,10.001315962626663,100944
0.7,0.708,0.158,0.412,0.0,0.749,13.001710751414661,45834
0.687,0.661,0.137,0.278,0.152,0.633,1.0001315962626662,106767
0.539,0.578,0.0302,0.393,0.25,0.704,1.0001315962626662,7820
0.707,0.691,0.134,0.392,0.127,0.668,1.0001315962626662,111482
0.754,0.818,0.0342,0.000998,6.26e-05,0.78,236.03105671798923,1157
0.893,0.796,0.0818,0.00502,3.84e-05,0.801,68.0089485458613,23561
0.815,0.974,0.0474,0.0465,5.48e-05,0.873,85.01118568232663,67454
0.883,0.902,0.0843,0.0292,0.00581,0.815,1.0001315962626662,78860
0.766,0.848,0.171,0.104,0.0,0.872,106.01394920384261,37977
0.917,0.759,0.158,0.0543,0.0,0.865,10.001315962626663,66512
0.777,0.958,0.167,0.104,2.23e-06,0.831,28.003684695354654,83689
0.97,0.92,0.138,0.00669,0.0,0.78,4.000526385050665,66131
0.775,0.794,0.0486,0.162,0.0,0.84,127.01671272535862,67770
0.876,0.798,0.0799,0.179,0.0169,0.796,3.0003947887879985,66174
0.759,0.938,0.123,0.143,3.97e-06,0.81,53.00697460192131,55260
0.882,0.892,0.0591,0.232,0.00409,0.802,2.0002631925253325,21336
0.815,0.761,0.144,0.192,0.0,0.82,24.003158310303988,80048
0.95,0.803,0.151,0.145,0.0,0.86,9.001184366363995,21340
0.822,0.948,0.127,0.174,0.00131,0.821,14.001842347677327,65433
0.906,0.888,0.152,0.182,0.0,0.756,1.0001315962626662,18102
0.766,0.806,0.0403,0.124,0.171,0.76,6.000789577575997,84607
0.774,0.886,0.0501,0.0306,0.129,0.868,17.002237136465325,43153
0.887,0.806,0.13,0.00519,0.126,0.777,2.0002631925253325,68973
0.788,0.793,0.0336,0.231,0.246,0.752,1.0001315962626662,23369
0.84,0.868,0.0887,0.000838,0.0918,0.966,165.02171338333991,13847
0.918,0.788,0.036,0.117,0.000198,0.956,16.00210554020266,88619
0.868,0.878,0.038,0.0509,0.00052,0.899,134.01763389919728,89806
0.905,0.962,0.0856,0.0299,0.0,0.906,2.0002631925253325,51261
0.871,0.793,0.146,0.00873,0.000811,0.934,20.002631925253326,66337
0.891,0.769,0.133,0.0184,5.22e-05,0.92,9.001184366363995,49967
0.752,0.932,0.13,0.0518,0.0,0.969,19.00250032899066,25593
0.9,0.907,0.206,0.065,0.0,0.966,6.000789577575997,25984
0.793,0.866,0.0375,0.218,0.0,0.934,98.01289643374129,78049
0.902,0.816,0.0397,0.212,0.0,0.912,16.00210554020266,53720
0.756,0.965,0.044,0.192,0.0,0.969,51.006711409395976,78682
0.899,0.914,0.0898,0.213,0.0,0.973,4.000526385050665,66359
0.825,0.766,0.181,0.2,0.0,0.896,9.001184366363995,60692
0.896,0.859,0.21,0.154,0.000109,0.938,18.00236873272799,89087
0.768,0.899,0.184,0.221,0.0,0.94,12.001579155151994,66438
0.888,0.929,0.219,0.248,0.0,0.96,3.0003947887879985,21844
0.756,0.752,0.0454,0.000568,0.16,0.966,9.001184366363995,14956
0.88,0.753,0.0541,0.000716,0.194,0.917,2.0002631925253325,13535
0.79,0.939,0.0593,0.000267,0.184,0.884,1.0001315962626662,13970
0.881,0.883,0.0633,0.0195,0.148,0.966,2.0002631925253325,43462
0.814,0.839,0.139,0.0179,0.168,0.879,1.0001315962626662,10297
0.817,0.837,0.0667,0.139,0.173,0.9,2.0002631925253325,10384
0.361,0.0383,0.0364,0.807,0.809,0.0387,7.000921173838663,39451
0.376,0.0555,0.0365,0.764,0.824,0.106,5.000657981313331,5287
0.3,0.212,0.0333,0.847,0.861,0.0553,11.001447558889328,4569
0.411,0.185,0.0303,0.849,0.801,0.0664,2.0002631925253325,75211
0.276,0.0768,0.0394,0.96,0.824,0.07,55.007237794446645,75969
0.441,0.00298,0.097,0.991,0.842,0.112,36.00473746545598,75512
0.3,0.142,0.033,0.922,0.875,0.104,36.00473746545598,26091
0.43,0.232,0.0399,0.93,0.872,0.0424,15.001973943939994,4459
0.276,0.0529,0.036,0.758,0.92,0.0773,5.000657981313331,75629
0.476,0.125,0.0499,0.791,0.932,0.0425,1.0001315962626662,36889
0.369,0.198,0.0367,0.778,0.937,0.0364,21.00276352151599,11378
0.395,0.156,0.0337,0.833,0.893,0.115,16.00210554020266,54141
0.254,0.0288,0.0471,0.983,0.931,0.0314,223.02934596657457,54739
0.397,0.0741,0.0358,0.939,0.939,0.0402,161.02118699828927,14332
0.277,0.243,0.0348,0.966,0.889,0.0379,88.01158047111463,4217
0.391,0.143,0.0332,0.942,0.981,0.075,49.006448216870645,59983
0.449,0.00919,0.221,0.892,0.926,0.122,1.0001315962626662,75542
0.267,0.113,0.0571,0.841,0.848,0.199,3.0003947887879985,45212
0.263,0.236,0.05,0.871,0.789,0.198,2.0002631925253325,54358
0.491,0.244,0.0453,0.831,0.865,0.203,2.0002631925253325,108419
0.285,0.00464,0.0435,0.995,0.844,0.216,34.00447427293065,16333
0.378,0.0578,0.0433,0.955,0.756,0.216,42.00552704303198,26610
0.365,0.229,0.0447,0.99,0.862,0.127,25.003289906566657,75611
0.388,0.15,0.031,0.978,0.819,0.176,20.002631925253326,75555
0.432,0.241,0.197,0.984,0.809,0.238,1.0001315962626662,26839
0.367,0.107,0.0471,0.862,0.926,0.146,1.0001315962626662,4216
0.427,0.124,0.0376,0.846,0.939,0.221,4.000526385050665,26593
0.267,0.184,0.033,0.822,0.926,0.144,7.000921173838663,75207
0.458,0.231,0.0376,0.855,0.885,0.232,8.00105277010133,39444
0.316,0.0538,0.0642,0.995,0.941,0.15,149.01960784313727,79820
0.383,0.0654,0.0462,0.992,0.954,0.173,206.02710883010926,106884
0.336,0.173,0.0328,0.989,0.931,0.24,53.00697460192131,75855
0.435,0.158,0.0368,0.995,0.876,0.211,43.00565863929465,39226
0.473,0.108,0.132,0.987,0.905,0.191,2.0002631925253325,45359
0.52,0.591,0.0301,0.353,0.00412,0.359,117.01539676273195,8277
0.674,0.58,0.0312,0.311,2.41e-05,0.305,42.00552704303198,3226
0.525,0.646,0.0268,0.304,0.0,0.373,97.01276483747863,5090
0.681,0.686,0.0399,0.327,0.0115,0.334,45.00592183181998,95168
0.567,0.515,0.247,0.354,0.0,0.321,4.000526385050665,87005
0.693,0.573,0.244,0.29,0.1,0.342,3.0003947887879985,36754
0.569,0.711,0.133,0.345,1.27e-06,0.297,3.0003947887879985,9953
0.668,0.686,0.149,0.26,3.03e-05,0.323,10.001315962626663,36113
0.503,0.582,0.0253,0.472,0.0,0.326,126.01658112909594,99133
0.696,0.581,0.0628,0.435,6.59e-06,0.268,53.00697460192131,37943
0.596,0.704,0.0273,0.491,0.0234,0.318,42.00552704303198,8374
0.676,0.676,0.0336,0.377,2.57e-05,0.253,31.004079484142654,74845
0.625,0.555,0.146,0.415,0.0,0.328,3.0003947887879985,37680
0.737,0.502,0.161,0.487,0.0,0.255,5.000657981313331,39669
0.623,0.713,0.242,0.424,0.0306,0.264,3.0003947887879985,66775
0.649,0.634,0.145,0.397,0.0,0.278,3.0003947887879985,94705
0.55,0.563,0.0345,0.353,0.187,0.305,2.0002631925253325,104576
0.745,0.561,0.0457,0.289,0.172,0.302,2.0002631925253325,64602
0.582,0.64,0.0962,0.317,0.178,0.266,1.0001315962626662,23252
0.626,0.557,0.0414,0.408,0.149,0.276,1.0001315962626662,41724
0.678,0.533,0.186,0.462,0.219,0.323,1.0001315962626662,31355
0.567,0.546,0.0405,0.301,1.69e-06,0.401,89.01171206737729,57184
0.656,0.561,0.0495,0.276,0.0,0.469,76.01000131596264,113321
0.544,0.738,0.106,0.368,0.0,0.41,81.01065929727596,106359
0.662,0.681,0.0477,0.284,0.00148,0.414,98.01289643374129,55749
0.506,0.588,0.161,0.33,0.0,0.467,2.0002631925253325,21571
0.74,0.613,0.145,0.258,0.00372,0.473,14.001842347677327,33913
0.615,0.719,0.245,0.304,0.0,0.423,1.0001315962626662,37792
0.704,0.691,0.158,0.255,0.0,0.427,18.00236873272799,88459
0.534,0.533,0.047,0.5,0.0,0.478,100.01315962626663,64588
0.667,0.613,0.0345,0.4,0.0,0.472,67.00881694959864,20209
0.591,0.648,0.0392,0.449,0.0,0.423,65.0085537570733,51096
0.629,0.695,0.039,0.444,0.0,0.451,76.01000131596264,23313
0.608,0.522,0.214,0.384,8.62e-05,0.497,3.0003947887879985,89937
0.72,0.562,0.187,0.421,0.000271,0.407,11.001447558889328,12261
0.597,0.665,0.129,0.424,0.0,0.443,13.001710751414661,91486
0.634,0.739,0.173,0.384,0.000135,0.488,10.001315962626663,34589
0.584,0.578,0.0303,0.326,0.236,0.438,2.0002631925253325,34652
0.738,0.528,0.0281,0.307,0.223,0.415,1.0001315962626662,107450
0.714,0.721,0.0783,0.273,0.245,0.415,1.0001315962626662,111090
0.742,0.533,0.0288,0.459,0.148,0.391,4.000526385050665,25453
0.742,0.734,0.1,0.388,0.142,0.45,2.0002631925253325,54901
0.372,0.522,0.0413,0.0243,0.0,0.326,38.00500065798132,3666
0.41,0.618,0.0439,0.0042,0.000592,0.267,105.01381760757995,6155
0.33,0.706,0.0482,0.0575,0.0,0.27,113.01487037768129,28812
0.452,0.659,0.0682,0.0881,0.0183,0.355,282.0371101460719,70414
0.445,0.593,0.16,0.0657,5.15e-05,0.326,2.0002631925253325,113923
0.274,0.719,0.173,0.00386,2.03e-06,0.281,1.0001315962626662,5921
0.496,0.692,0.221,0.0726,1.25e-05,0.283,2.0002631925253325,112420
0.356,0.625,0.0317,0.219,0.0,0.293,34.00447427293065,2708
0.447,0.555,0.0349,0.218,3.46e-06,0.33,69.00908014212396,99591
0.32,0.63,0.0493,0.192,0.0,0.323,30.00394788787999,31705
0.487,0.694,0.0397,0.131,1.46e-05,0.287,86.0113172785893,28275
0.367,0.749,0.187,0.135,0.0,0.286,2.0002631925253325,29421
0.453,0.736,0.229,0.204,4.18e-06,0.288,4.000526385050665,32520
0.438,0.551,0.0602,0.0201,0.126,0.268,2.0002631925253325,17316
0.29,0.727,0.0874,9.42e-05,0.171,0.356,7.000921173838663,50115
0.39,0.736,0.115,0.00165,0.205,0.365,4.000526385050665,42641
0.383,0.516,0.0344,0.202,0.193,0.371,4.000526385050665,47513
0.402,0.661,0.0829,0.243,0.207,0.303,2.0002631925253325,32861
0.345,0.531,0.0305,0.00642,7.28e-06,0.49,29.00381629161732,71471
0.422,0.603,0.0315,0.117,0.0,0.46,81.01065929727596,12870
0.292,0.709,0.0303,0.00292,0.0267,0.452,62.00815896828531,34544
0.469,0.695,0.0324,0.0506,0.0,0.489,183.02408211606792,41636
0.295,0.679,0.15,0.000551,5.44e-05,0.381,2.0002631925253325,72172
0.382,0.742,0.223,0.022,0.00227,0.437,4.000526385050665,107762
0.292,0.522,0.0364,0.206,0.0,0.388,13.001710751414661,11623
0.469,0.563,0.0249,0.23,0.0,0.398,42.00552704303198,12893
0.373,0.672,0.0326,0.154,4.28e-05,0.47,25.003289906566657,80653
0.498,0.74,0.0359,0.231,0.0,0.461,58.00763258323464,77626
0.337,0.623,0.182,0.162,0.0,0.461,2.0002631925253325,1311
0.492,0.615,0.244,0.196,0.0,0.458,5.000657981313331,65802
0.457,0.629,0.131,0.181,0.0,0.428,2.0002631925253325,43829
0.37,0.515,0.0321,0.0233,0.205,0.42,2.0002631925253325,84309
0.306,0.646,0.033,0.000231,0.202,0.407,2.0002631925253325,50252
0.428,0.714,0.0376,0.0697,0.212,0.435,2.0002631925253325,107726
0.7,0.562,0.514,0.677,0.0,0.23,1.0001315962626662,21899
0.528,0.749,0.948,0.685,0.0,0.206,4.000526385050665,18105
0.508,0.912,0.925,0.547,0.0,0.135,5.000657981313331,18768
0.562,0.722,0.934,0.891,0.0,0.159,10.001315962626663,18470
0.561,0.775,0.948,0.751,0.0,0.185,53.00697460192131,18889
0.515,0.558,0.536,0.703,0.0,0.45,1.0001315962626662,98441
0.602,0.797,0.692,0.697,0.0,0.341,1.0001315962626662,18388
0.641,0.743,0.943,0.732,0.0,0.433,21.00276352151599,18148
0.654,0.793,0.939,0.691,0.0,0.483,22.002895117778657,18740
0.794,0.752,0.853,0.567,0.0,0.32,1.0001315962626662,9769
0.539,0.724,0.598,0.839,0.0,0.499,2.0002631925253325,18398
0.511,0.864,0.658,0.782,0.0,0.407,7.000921173838663,18592
0.592,0.662,0.919,0.804,0.0,0.277,85.01118568232663,18953
0.758,0.642,0.954,0.87,0.0,0.5,1.0001315962626662,18659
0.532,0.862,0.856,0.821,0.0,0.452,110.01447558889329,18670
0.276,0.54,0.0352,0.00823,0.0,0.0965,43.00565863929465,113339
0.42,0.557,0.0412,0.055,0.0102,0.0736,64.00842216081064,4970
0.265,0.656,0.036,0.0096,0.000277,0.0691,51.006711409395976,9808
0.466,0.696,0.0484,0.00666,0.0,0.0731,90.01184366363997,28677
0.398,0.56,0.249,0.0211,0.00035,0.0707,2.0002631925253325,111958
0.284,0.704,0.186,0.00583,0.000115,0.1,3.0003947887879985,98074
0.42,0.681,0.176,0.0768,0.00016,0.0898,3.0003947887879985,112006
0.326,0.578,0.0455,0.158,0.00479,0.102,13.001710751414661,28055
0.396,0.579,0.0433,0.197,0.00905,0.0587,29.00381629161732,29250
0.366,0.685,0.111,0.205,0.0135,0.0863,4.000526385050665,17655
0.461,0.644,0.0482,0.138,0.054,0.0372,17.002237136465325,83969
0.251,0.554,0.0334,0.0528,0.127,0.0764,2.0002631925253325,17901
0.401,0.571,0.0376,0.0428,0.176,0.0432,3.0003947887879985,111113
0.311,0.729,0.0346,0.000116,0.222,0.119,2.0002631925253325,6140
0.38,0.727,0.0376,4.1e-05,0.186,0.115,4.000526385050665,58924
0.27,0.612,0.0336,0.174,0.205,0.116,1.0001315962626662,79586
0.297,0.559,0.031,0.015,0.0,0.16,79.01039610475063,38448
0.424,0.59,0.0294,0.00389,0.000432,0.204,171.02250296091592,58107
0.282,0.656,0.0302,0.0105,0.0,0.242,137.01802868798526,71373
0.486,0.67,0.0417,0.0245,0.000175,0.238,271.03566258718257,29603
0.427,0.553,0.175,0.0996,4.34e-06,0.137,2.0002631925253325,55433
0.294,0.697,0.128,0.0398,0.00011,0.183,1.0001315962626662,15308
0.407,0.725,0.188,0.0141,2.46e-06,0.247,3.0003947887879985,32053
0.314,0.556,0.0492,0.18,0.0,0.21,29.00381629161732,28357
0.488,0.511,0.0292,0.219,0.0,0.195,97.01276483747863,40832
0.374,0.634,0.0293,0.161,0.0,0.227,26.003421502829323,50107
0.465,0.635,0.0454,0.161,0.0,0.236,70.00921173838664,46752
0.346,0.61,0.15,0.198,0.0,0.235,1.0001315962626662,88707
0.348,0.693,0.187,0.208,0.0,0.245,1.0001315962626662,113818
0.389,0.644,0.171,0.146,3.27e-05,0.137,4.000526385050665,29454
0.33,0.529,0.0358,0.000807,0.214,0.148,1.0001315962626662,44888
0.471,0.604,0.0286,0.00161,0.154,0.187,4.000526385050665,106607
0.293,0.635,0.0545,0.0225,0.239,0.15,8.00105277010133,41639
0.477,0.718,0.0269,0.00216,0.193,0.136,4.000526385050665,41814
0.493,0.739,0.127,0.082,0.139,0.148,2.0002631925253325,10042
0.336,0.589,0.0305,0.197,0.179,0.163,2.0002631925253325,17795
0.397,0.538,0.0339,0.179,0.148,0.247,3.0003947887879985,102970
0.423,0.187,0.0385,0.598,0.571,0.519,3.0003947887879985,26397
0.473,0.297,0.0321,0.75,0.535,0.551,8.00105277010133,64694
0.239,0.229,0.0454,0.845,0.717,0.519,2.0002631925253325,26737
0.363,0.00954,0.0405,0.978,0.627,0.573,13.001710751414661,76311
0.446,0.442,0.177,0.79,0.55,0.611,16.00210554020266,32222
0.479,0.214,0.034,0.713,0.82,0.588,1.0001315962626662,108817
0.341,0.409,0.0346,0.694,0.987,0.505,5.000657981313331,38462
0.239,0.114,0.0423,0.988,0.925,0.523,4.000526385050665,16840
0.346,0.202,0.0337,0.968,0.922,0.508,126.01658112909594,64681
0.47,0.303,0.0532,0.986,0.814,0.515,45.00592183181998,16568
0.445,0.499,0.301,0.796,0.794,0.544,1.0001315962626662,105979
0.44,0.45,0.0285,0.669,0.728,0.788,1.0001315962626662,45519
0.446,0.106,0.0459,0.987,0.696,0.844,7.000921173838663,16880
0.386,0.372,0.0345,0.827,0.749,0.948,4.000526385050665,16844
0.478,0.185,0.037,0.693,0.907,0.941,3.0003947887879985,16710
0.438,0.45,0.036,0.715,0.772,0.968,4.000526385050665,7508
0.0579,7.63e-05,0.0818,0.96,0.79,0.94,5.000657981313331,59274
0.451,0.0159,0.0644,0.991,0.877,0.883,37.00486906171865,16958
0.414,0.328,0.0661,0.86,0.828,0.79,14.001842347677327,16516
0.498,0.061,0.339,0.995,0.916,0.961,1.0001315962626662,16810
0.787,0.828,0.0297,0.106,0.000605,0.544,277.03645216475854,43573
0.887,0.863,0.0697,0.0176,0.0594,0.517,28.003684695354654,30443
0.769,0.926,0.0788,0.0127,0.0,0.551,49.006448216870645,65725
0.921,0.924,0.101,0.0484,0.0,0.58,2.0002631925253325,66257
0.812,0.756,0.184,0.0649,0.0,0.515,49.006448216870645,100787
0.974,0.802,0.243,0.0281,0.0,0.541,12.001579155151994,66588
0.771,0.912,0.141,0.0136,1.38e-06,0.616,11.001447558889328,48753
0.946,0.93,0.185,0.111,0.0,0.616,7.000921173838663,17372
0.77,0.787,0.0583,0.198,0.0,0.513,128.01684432162128,53042
0.88,0.836,0.0736,0.231,1.21e-06,0.596,4.000526385050665,17239
0.789,0.9,0.106,0.228,1.21e-05,0.613,9.001184366363995,97604
0.889,0.973,0.065,0.141,0.0,0.536,1.0001315962626662,14503
0.78,0.773,0.207,0.175,0.0,0.557,29.00381629161732,69580
0.892,0.848,0.183,0.242,0.013,0.523,5.000657981313331,51525
0.757,0.888,0.156,0.132,0.0,0.543,5.000657981313331,3848
0.923,0.968,0.181,0.2,0.000174,0.52,1.0001315962626662,48855
0.8,0.866,0.0532,0.00028,0.21,0.546,12.001579155151994,13984
0.917,0.823,0.12,0.0305,0.139,0.612,1.0001315962626662,23576
0.866,0.909,0.0603,0.0689,0.13,0.604,3.0003947887879985,32976
0.776,0.934,0.159,0.00717,0.168,0.619,2.0002631925253325,60257
0.891,0.893,0.191,0.0142,0.142,0.555,3.0003947887879985,29058
0.956,0.764,0.0546,0.208,0.176,0.534,1.0001315962626662,13527
0.829,0.772,0.104,0.0559,0.000488,0.702,165.02171338333991,88419
0.892,0.751,0.0695,0.0542,5.86e-05,0.662,23.003026714041322,13731
0.758,0.913,0.113,0.00364,6.92e-05,0.658,70.00921173838664,53111
0.91,0.881,0.107,0.0303,0.00197,0.65,1.0001315962626662,13670
0.787,0.872,0.143,0.0067,0.000193,0.696,85.01118568232663,51981
0.952,0.854,0.195,0.0813,3.27e-06,0.638,15.001973943939994,66692
0.786,0.9,0.205,0.0262,0.0235,0.627,19.00250032899066,48114
0.974,0.922,0.174,0.0974,1.08e-06,0.657,2.0002631925253325,1300
0.791,0.866,0.0496,0.248,5.29e-06,0.71,79.01039610475063,67829
0.885,0.806,0.0476,0.135,0.000722,0.748,1.0001315962626662,66252
0.844,0.934,0.078,0.17,0.000121,0.647,30.00394788787999,89671
0.878,0.893,0.122,0.182,0.0,0.682,8.00105277010133,89627
0.818,0.764,0.232,0.203,0.0,0.63,31.004079484142654,60718
0.929,0.758,0.152,0.139,0.0,0.742,5.000657981313331,36675
0.817,0.909,0.216,0.215,0.0,0.713,8.00105277010133,21961
0.807,0.818,0.0721,0.0217,0.228,0.629,8.00105277010133,23945
0.909,0.816,0.0415,0.00286,0.216,0.699,3.0003947887879985,13829
0.83,0.933,0.0708,0.0287,0.167,0.738,5.000657981313331,13473
0.783,0.78,0.0525,0.149,0.14,0.737,2.0002631925253325,8395
0.617,0.319,0.029,0.609,0.0,0.324,68.0089485458613,964
0.697,0.336,0.0424,0.598,0.00528,0.31,33.00434267666799,103154
0.61,0.422,0.0262,0.52,0.0,0.306,114.01500197394395,12942
0.666,0.456,0.0262,0.617,0.00166,0.276,50.006579813133314,55900
0.629,0.451,0.187,0.528,0.0,0.365,1.0001315962626662,26316
0.536,0.334,0.0251,0.695,5.42e-05,0.256,80.0105277010133,61513
0.629,0.336,0.0306,0.747,0.0,0.325,58.00763258323464,12810
0.573,0.479,0.0377,0.675,5.74e-05,0.336,124.01631793657062,56713
0.731,0.484,0.0354,0.73,3.01e-06,0.35,69.00908014212396,103252
0.613,0.339,0.135,0.678,0.0,0.292,3.0003947887879985,33052
0.693,0.3,0.133,0.715,1.06e-05,0.317,4.000526385050665,7742
0.616,0.404,0.23,0.663,0.0,0.364,8.00105277010133,90715
0.673,0.463,0.191,0.681,4.9e-06,0.268,8.00105277010133,103909
0.686,0.286,0.0295,0.564,0.209,0.283,2.0002631925253325,103979
0.55,0.356,0.0405,0.637,0.187,0.343,6.000789577575997,102061
0.714,0.306,0.0388,0.726,0.168,0.314,14.001842347677327,106209
0.609,0.44,0.0359,0.697,0.209,0.306,2.0002631925253325,111902
0.658,0.441,0.0436,0.681,0.241,0.354,4.000526385050665,56859
0.513,0.288,0.026,0.572,0.0,0.401,40.00526385050665,52370
0.699,0.343,0.0296,0.506,0.0,0.383,32.00421108040532,545
0.56,0.473,0.0533,0.618,0.0,0.441,85.01118568232663,102189
0.733,0.392,0.0624,0.503,0.0,0.423,61.00802737202264,104769
0.543,0.358,0.151,0.546,0.0,0.441,3.0003947887879985,87142
0.671,0.354,0.148,0.539,1.45e-05,0.454,1.0001315962626662,55530
0.605,0.386,0.134,0.586,6.95e-06,0.449,3.0003947887879985,15950
0.681,0.477,0.239,0.538,0.00501,0.452,8.00105277010133,65872
0.515,0.316,0.0265,0.742,0.0,0.376,54.007106198183976,70553
0.681,0.372,0.0432,0.64,0.0,0.476,52.006843005658645,20150
0.544,0.453,0.0231,0.686,0.000325,0.478,111.01460718515595,34531
0.685,0.391,0.0435,0.744,0.0,0.443,78.01026450848796,31796
0.597,0.341,0.148,0.64,0.0,0.465,1.0001315962626662,98842
0.716,0.29,0.128,0.692,0.0189,0.423,5.000657981313331,60034
0.577,0.448,0.238,0.665,0.0,0.465,2.0002631925253325,14533
0.649,0.478,0.156,0.658,0.0,0.468,7.000921173838663,31584
0.674,0.327,0.0574,0.613,0.199,0.494,2.0002631925253325,99928
0.589,0.251,0.0365,0.664,0.13,0.404,2.0002631925253325,8350
0.636,0.305,0.0392,0.658,0.204,0.41,2.0002631925253325,12066
0.595,0.415,0.0369,0.685,0.197,0.398,1.0001315962626662,107925
0.684,0.391,0.0646,0.718,0.235,0.454,1.0001315962626662,111189
0.0626,0.0925,0.0396,0.834,0.822,0.108,10.001315962626663,59153
0.14,0.125,0.041,0.86,0.875,0.0362,25.003289906566657,16640
0.0655,0.202,0.0512,0.855,0.812,0.0389,4.000526385050665,4981
0.172,0.155,0.041,0.842,0.836,0.0954,17.002237136465325,75799
0.0,0.000638,0.0,0.98,0.833,0.0,47.006185024345314,101631
0.179,0.0588,0.0385,0.938,0.862,0.116,112.01473878141861,76878
0.119,0.185,0.0447,0.944,0.868,0.0389,13.001710751414661,75777
0.216,0.172,0.0456,0.989,0.819,0.0997,40.00526385050665,11195
0.0796,0.015,0.18,0.984,0.755,0.0294,1.0001315962626662,101489
0.231,0.174,0.15,0.958,0.843,0.0322,1.0001315962626662,11291
0.113,0.026,0.0348,0.828,0.883,0.0359,20.002631925253326,11960
0.165,0.058,0.0474,0.793,0.892,0.0343,51.006711409395976,26596
0.102,0.201,0.037,0.812,0.886,0.0438,15.001973943939994,59156
0.217,0.23,0.0324,0.862,0.898,0.0742,24.003158310303988,4552
0.135,0.12,0.167,0.866,0.973,0.0962,1.0001315962626662,101876
0.0,0.004,0.0,0.97,0.959,0.0,139.01829188051062,45729
0.156,0.0883,0.037,0.937,0.883,0.0732,324.04263718910386,101409
0.0905,0.144,0.0401,0.984,0.959,0.0347,54.007106198183976,113540
0.232,0.146,0.0461,0.934,0.948,0.041,124.01631793657062,101014
0.13,0.112,0.0513,0.79,0.855,0.145,5.000657981313331,4589
0.0951,0.155,0.0342,0.865,0.776,0.138,3.0003947887879985,4757
0.175,0.212,0.0374,0.85,0.86,0.128,4.000526385050665,4607
0.0998,0.0019,0.0434,0.972,0.753,0.178,1.0001315962626662,4914
0.2,0.00571,0.0386,0.961,0.825,0.154,14.001842347677327,75369
0.123,0.161,0.0401,0.971,0.859,0.157,1.0001315962626662,75416
0.231,0.206,0.0332,0.965,0.856,0.136,19.00250032899066,4132
0.112,0.1,0.0419,0.866,0.925,0.145,1.0001315962626662,75896
0.184,0.109,0.0631,0.786,0.879,0.193,10.001315962626663,4644
0.215,0.153,0.0374,0.788,0.976,0.193,3.0003947887879985,26470
0.0865,0.00504,0.0494,0.991,0.965,0.138,5.000657981313331,113606
0.218,0.00352,0.0515,0.992,0.951,0.192,62.00815896828531,4311
0.0794,0.176,0.0373,0.895,0.946,0.148,7.000921173838663,59145
0.166,0.145,0.05,0.97,0.956,0.144,35.00460586919332,98265
0.552,0.604,0.0368,0.00524,8.95e-06,0.0889,41.00539544676931,28820
0.71,0.576,0.0771,0.0857,5.95e-06,0.0782,41.00539544676931,43857
0.507,0.707,0.0358,0.00238,0.00278,0.0676,70.00921173838664,25172
0.676,0.697,0.0411,0.0772,4.51e-05,0.118,30.00394788787999,29353
0.601,0.55,0.213,0.0818,0.00228,0.125,1.0001315962626662,32108
0.635,0.576,0.159,0.063,0.0,0.0346,2.0002631925253325,60078
0.536,0.686,0.244,0.0621,0.0,0.103,2.0002631925253325,60957
0.732,0.678,0.182,0.000997,0.0505,0.0611,1.0001315962626662,10480
0.57,0.582,0.0306,0.193,0.0,0.12,23.003026714041322,29496
0.736,0.507,0.0437,0.223,0.0,0.0696,2.0002631925253325,94875
0.567,0.655,0.0334,0.165,0.000622,0.115,12.001579155151994,76580
0.699,0.672,0.0284,0.129,0.0451,0.0396,5.000657981313331,111543
0.558,0.735,0.189,0.181,0.00159,0.0687,1.0001315962626662,49938
0.632,0.708,0.179,0.136,0.0,0.0512,1.0001315962626662,112960
0.521,0.55,0.0709,0.0029,0.171,0.0391,3.0003947887879985,28652
0.686,0.56,0.0462,0.00114,0.181,0.108,7.000921173838663,73441
0.597,0.628,0.0348,0.00109,0.151,0.0529,3.0003947887879985,32829
0.672,0.712,0.0594,0.000587,0.24,0.0389,5.000657981313331,43851
0.538,0.652,0.13,8.4e-05,0.133,0.0317,1.0001315962626662,46731
0.512,0.522,0.0282,0.226,0.203,0.0734,2.0002631925253325,41683
0.689,0.503,0.101,0.195,0.232,0.0634,1.0001315962626662,103916
0.526,0.666,0.0348,0.184,0.128,0.106,1.0001315962626662,17139
0.731,0.671,0.0504,0.213,0.182,0.055,1.0001315962626662,111704
0.553,0.572,0.039,0.000115,0.0,0.168,174.02289774970393,33274
0.691,0.588,0.0353,0.0465,7.52e-05,0.128,64.00842216081064,98129
0.537,0.69,0.04,0.0504,0.0185,0.205,215.02829319647324,4103
0.649,0.716,0.0349,0.0863,2.63e-05,0.163,143.01881826556126,81060
0.525,0.586,0.222,0.0318,0.0,0.127,1.0001315962626662,41201
0.701,0.589,0.157,0.0156,0.0,0.229,14.001842347677327,104250
0.573,0.746,0.22,0.0718,0.0261,0.15,9.001184366363995,28906
0.73,0.693,0.198,0.00333,4.89e-05,0.248,9.001184366363995,10723
0.532,0.517,0.0262,0.177,0.0,0.21,94.01237004869063,43643
0.702,0.508,0.035,0.144,0.0,0.143,60.00789577575998,31816
0.557,0.703,0.0277,0.203,0.000156,0.228,57.007500986971976,49950
0.64,0.643,0.106,0.158,0.00971,0.243,37.00486906171865,23434
0.538,0.581,0.211,0.14,7.02e-06,0.191,2.0002631925253325,39831
0.521,0.682,0.14,0.162,0.0,0.208,1.0001315962626662,21213
0.731,0.683,0.181,0.206,0.082,0.156,6.000789577575997,36121
0.616,0.531,0.0305,0.0245,0.146,0.133,2.0002631925253325,5075
0.64,0.533,0.0417,0.0867,0.24,0.176,8.00105277010133,109190
0.61,0.75,0.0392,0.000315,0.182,0.155,15.001973943939994,50371
0.716,0.655,0.0444,0.00857,0.162,0.207,16.00210554020266,30265
0.581,0.519,0.164,0.0932,0.193,0.215,1.0001315962626662,50984
0.61,0.571,0.0395,0.242,0.21,0.147,2.0002631925253325,36356
0.549,0.706,0.0364,0.189,0.19,0.136,2.0002631925253325,41630
0.632,0.729,0.0293,0.174,0.218,0.196,1.0001315962626662,10159
0.582,0.49,0.0269,0.078,0.617,0.639,7.000921173838663,41517
0.843,0.44,0.122,0.0393,0.597,0.546,21.00276352151599,54651
0.565,0.381,0.269,0.0722,0.736,0.645,1.0001315962626662,105365
0.825,0.204,0.0468,0.337,0.717,0.71,1.0001315962626662,24202
0.743,0.468,0.0814,0.372,0.627,0.693,7.000921173838663,112406
0.785,0.4,0.15,0.278,0.687,0.706,7.000921173838663,105949
0.917,0.313,0.466,0.335,0.529,0.671,1.0001315962626662,105267
0.574,0.25,0.0645,0.0627,0.84,0.51,1.0001315962626662,39976
0.797,0.229,0.13,0.000133,0.936,0.663,5.000657981313331,24058
0.596,0.374,0.0375,0.125,0.897,0.702,48.006316620607976,28298
0.809,0.491,0.0895,0.0126,0.848,0.715,55.007237794446645,109198
0.867,0.272,0.275,0.228,0.919,0.557,1.0001315962626662,5822
0.702,0.236,0.0758,0.391,0.856,0.559,3.0003947887879985,111974
0.798,0.0841,0.209,0.487,0.8,0.506,3.0003947887879985,15527
0.716,0.46,0.0333,0.392,0.777,0.59,27.003553099091988,23954
0.753,0.355,0.0898,0.48,0.87,0.506,20.002631925253326,94016
0.749,0.123,0.295,0.316,0.874,0.53,1.0001315962626662,105734
0.648,0.439,0.268,0.348,0.888,0.682,1.0001315962626662,105589
0.829,0.391,0.29,0.282,0.816,0.629,3.0003947887879985,94401
0.709,0.392,0.0369,0.193,0.734,0.951,7.000921173838663,67933
0.813,0.433,0.0284,0.0231,0.613,0.907,10.001315962626663,66820
0.917,0.336,0.367,0.000234,0.627,0.888,1.0001315962626662,73835
0.697,0.395,0.0281,0.428,0.653,0.876,4.000526385050665,3612
0.808,0.384,0.134,0.345,0.722,0.923,2.0002631925253325,13917
0.865,0.153,0.167,0.00816,0.887,0.918,1.0001315962626662,105580
0.58,0.494,0.0453,0.0488,0.787,0.908,15.001973943939994,14813
0.803,0.364,0.0646,0.0686,0.761,0.879,25.003289906566657,13418
0.708,0.485,0.26,0.00362,0.89,0.872,1.0001315962626662,24374
0.837,0.415,0.362,0.0268,0.792,0.811,1.0001315962626662,73878
0.643,0.226,0.0982,0.253,0.808,0.823,1.0001315962626662,45215
0.87,0.146,0.22,0.499,0.941,0.889,1.0001315962626662,15266
0.727,0.295,0.077,0.402,0.887,0.949,6.000789577575997,105037
0.77,0.451,0.14,0.361,0.909,0.845,2.0002631925253325,105799
0.615,0.436,0.391,0.383,0.896,0.778,1.0001315962626662,105470
0.523,0.281,0.104,0.755,0.0,0.289,179.02355573101727,108137
0.684,0.371,0.0436,0.791,0.0,0.338,76.01000131596264,102679
0.53,0.432,0.0317,0.774,0.0152,0.299,99.01302803000395,57528
0.677,0.454,0.0673,0.83,8.55e-05,0.273,58.00763258323464,15202
0.57,0.319,0.238,0.867,3.23e-05,0.268,2.0002631925253325,39581
0.651,0.288,0.222,0.785,0.000106,0.297,1.0001315962626662,112901
0.561,0.4,0.146,0.769,9.16e-06,0.359,5.000657981313331,21363
0.643,0.417,0.186,0.809,0.0147,0.355,6.000789577575997,15356
0.512,0.357,0.0294,0.887,0.0,0.297,75.00986971969996,52365
0.731,0.313,0.0389,0.952,0.00659,0.308,27.003553099091988,11624
0.592,0.381,0.0252,0.876,0.00145,0.374,14.001842347677327,34456
0.629,0.429,0.0297,0.877,0.0,0.336,4.000526385050665,12319
0.585,0.263,0.242,0.917,0.0,0.354,3.0003947887879985,98976
0.532,0.475,0.166,0.886,0.0,0.344,2.0002631925253325,108314
0.641,0.438,0.132,0.905,0.000134,0.343,1.0001315962626662,15254
0.522,0.339,0.0285,0.792,0.183,0.352,1.0001315962626662,74640
0.731,0.317,0.0358,0.812,0.149,0.33,6.000789577575997,56371
0.62,0.361,0.0339,0.958,0.184,0.266,1.0001315962626662,15897
0.636,0.288,0.0583,0.888,0.184,0.289,3.0003947887879985,15304
0.515,0.46,0.0436,0.891,0.14,0.259,4.000526385050665,79550
0.653,0.401,0.0279,0.893,0.143,0.311,3.0003947887879985,99156
0.708,0.306,0.197,0.886,0.163,0.344,1.0001315962626662,105244
0.585,0.274,0.0717,0.791,0.0,0.471,109.01434399263061,102238
0.739,0.277,0.0433,0.77,0.0,0.485,103.01355441505463,14529
0.505,0.436,0.0453,0.866,0.0,0.46,109.01434399263061,108058
0.674,0.496,0.038,0.826,0.0,0.387,64.00842216081064,92652
0.527,0.289,0.155,0.802,0.0,0.487,6.000789577575997,98198
0.693,0.324,0.205,0.796,0.0,0.382,1.0001315962626662,7453
0.527,0.463,0.173,0.773,1.96e-06,0.429,4.000526385050665,3781
0.608,0.269,0.0329,0.983,1.96e-06,0.389,82.01079089353863,57975
0.687,0.296,0.0355,0.886,0.0,0.398,42.00552704303198,97706
0.55,0.448,0.0314,0.879,0.0,0.49,31.004079484142654,102271
0.7,0.38,0.043,0.901,4.01e-05,0.441,6.000789577575997,102567
0.6,0.288,0.206,0.91,0.0,0.449,2.0002631925253325,98295
0.677,0.265,0.134,0.935,0.0709,0.493,2.0002631925253325,32203
0.652,0.483,0.246,0.931,0.0,0.469,1.0001315962626662,94217
0.578,0.269,0.0405,0.781,0.243,0.421,4.000526385050665,64730
0.71,0.36,0.0281,0.753,0.233,0.433,1.0001315962626662,38064
0.547,0.38,0.0282,0.865,0.152,0.395,2.0002631925253325,11395
0.555,0.338,0.0396,0.95,0.175,0.496,5.000657981313331,94714
0.542,0.433,0.0305,0.897,0.173,0.495,4.000526385050665,3555
0.277,0.0113,0.0285,0.769,0.00268,0.0725,9.001184366363995,16175
0.449,0.0816,0.042,0.862,0.00488,0.0613,1.0001315962626662,14368
0.293,0.237,0.0284,0.78,0.0,0.108,24.003158310303988,2857
0.407,0.147,0.0355,0.857,2.89e-06,0.0765,21.00276352151599,22
0.338,0.216,0.14,0.87,0.0,0.0913,1.0001315962626662,98513
0.288,0.0456,0.0512,0.911,0.000252,0.0689,78.01026450848796,76898
0.496,0.0237,0.0747,0.992,4.63e-05,0.117,46.006053428082645,93312
0.262,0.25,0.0981,0.974,8.61e-06,0.0372,96.01263324121595,76532
0.384,0.192,0.0766,0.903,0.088,0.0932,46.006053428082645,54054
0.286,0.108,0.0445,0.828,0.134,0.113,3.0003947887879985,59296
0.344,0.2,0.034,0.785,0.162,0.049,2.0002631925253325,45077
0.488,0.134,0.0327,0.76,0.219,0.0507,2.0002631925253325,64905
0.297,0.0155,0.0513,0.978,0.184,0.0971,3.0003947887879985,4839
0.438,0.117,0.0524,0.985,0.221,0.0773,1.0001315962626662,93905
0.367,0.129,0.0428,0.979,0.171,0.0585,6.000789577575997,93762
0.306,0.121,0.0554,0.85,0.000176,0.166,21.00276352151599,26015
0.389,0.117,0.0428,0.819,1.63e-05,0.178,24.003158310303988,26084
0.334,0.245,0.0319,0.872,0.0,0.205,67.00881694959864,93002
0.414,0.25,0.029,0.776,0.0,0.25,114.01500197394395,113369
0.427,0.0126,0.128,0.874,0.0407,0.164,1.0001315962626662,59238
0.492,0.217,0.132,0.865,2.73e-06,0.159,2.0002631925253325,33655
0.297,0.0915,0.0325,0.94,6.85e-06,0.201,102.01342281879195,64940
0.437,0.0916,0.0419,0.972,0.0218,0.237,121.01592314778262,93704
0.32,0.21,0.0345,0.92,8.01e-05,0.208,149.01960784313727,64371
0.404,0.127,0.0393,0.932,0.0612,0.154,157.0206606132386,102755
0.347,0.107,0.206,0.964,2.74e-06,0.219,1.0001315962626662,76702
0.348,0.237,0.14,0.884,0.0,0.162,2.0002631925253325,98637
0.42,0.174,0.137,0.9,0.0,0.135,3.0003947887879985,74956
0.255,0.105,0.0987,0.774,0.198,0.166,1.0001315962626662,75886
0.285,0.15,0.032,0.792,0.2,0.138,3.0003947887879985,39401
0.419,0.221,0.0372,0.841,0.166,0.234,5.000657981313331,108973
0.332,0.0808,0.0498,0.989,0.16,0.208,1.0001315962626662,76902
0.471,0.0845,0.0305,0.956,0.147,0.149,5.000657981313331,62052
0.286,0.186,0.0362,0.993,0.156,0.199,8.00105277010133,76812
0.483,0.129,0.0349,0.947,0.145,0.203,6.000789577575997,57902
0.789,0.593,0.0924,0.00782,0.000391,0.784,106.01394920384261,10388
0.939,0.566,0.0546,0.0413,2.21e-06,0.857,23.003026714041322,14704
0.764,0.672,0.0293,0.072,3.32e-06,0.789,180.02368732727993,31344
0.884,0.724,0.0928,0.071,9.26e-06,0.79,21.00276352151599,69178
0.783,0.607,0.133,0.091,0.0,0.862,35.00460586919332,81977
0.904,0.601,0.198,0.0305,0.0,0.761,14.001842347677327,51596
0.757,0.678,0.233,0.0472,9.14e-06,0.82,41.00539544676931,20921
0.948,0.673,0.182,0.0555,0.000572,0.785,18.00236873272799,68719
0.813,0.601,0.116,0.189,0.0002,0.855,32.00421108040532,15300
0.977,0.606,0.124,0.169,9.94e-05,0.774,5.000657981313331,66062
0.769,0.701,0.0354,0.249,0.00252,0.801,66.00868535333598,86850
0.954,0.717,0.113,0.18,0.0,0.798,27.003553099091988,66055
0.764,0.625,0.184,0.227,4.59e-05,0.828,14.001842347677327,25296
0.816,0.696,0.153,0.201,0.000643,0.81,36.00473746545598,112651
0.899,0.635,0.16,0.145,0.006,0.781,1.0001315962626662,106559
0.754,0.602,0.039,0.00224,0.131,0.753,3.0003947887879985,24273
0.863,0.651,0.0907,0.00417,0.143,0.869,4.000526385050665,111817
0.897,0.611,0.211,0.0291,0.186,0.769,1.0001315962626662,48118
0.833,0.644,0.16,0.00647,0.153,0.857,1.0001315962626662,13573
0.887,0.682,0.165,0.00823,0.138,0.764,1.0001315962626662,43517
0.769,0.541,0.0351,0.0253,4.26e-05,0.991,97.01276483747863,66709
0.916,0.547,0.0349,0.0704,0.0,0.973,11.001447558889328,66218
0.814,0.684,0.0438,0.0426,1.37e-05,0.893,136.0178970917226,80767
0.886,0.708,0.0911,0.107,0.0114,0.965,56.00736939070931,68333
0.831,0.56,0.133,0.00892,0.000349,0.882,4.000526385050665,100455
0.959,0.536,0.183,0.0788,0.0,0.917,3.0003947887879985,66977
0.81,0.717,0.245,0.115,0.0,0.904,15.001973943939994,21385
0.897,0.688,0.198,0.125,0.0,0.963,4.000526385050665,66057
0.86,0.57,0.0381,0.17,0.109,0.961,42.00552704303198,111485
0.878,0.602,0.0871,0.25,4.78e-06,0.964,9.001184366363995,8632
0.834,0.688,0.111,0.161,0.0,0.973,61.00802737202264,26647
0.89,0.643,0.0688,0.135,0.0,0.97,18.00236873272799,104751
0.785,0.553,0.144,0.163,2.37e-05,0.906,11.001447558889328,56753
0.936,0.539,0.128,0.222,0.0,0.923,1.0001315962626662,14226
0.873,0.628,0.222,0.179,8.25e-06,0.962,11.001447558889328,28986
0.967,0.666,0.161,0.177,0.000748,0.897,2.0002631925253325,8943
0.813,0.625,0.0409,0.000713,0.182,0.961,1.0001315962626662,107593
0.788,0.728,0.0295,0.00325,0.23,0.936,3.0003947887879985,11701
0.888,0.635,0.111,0.0409,0.183,0.935,1.0001315962626662,24589
0.86,0.541,0.0325,0.165,0.163,0.952,4.000526385050665,51000
0.569,0.609,0.0307,0.611,0.000166,0.816,22.002895117778657,65687
0.666,0.551,0.0302,0.534,0.0,0.874,79.01039610475063,90329
0.579,0.718,0.0314,0.552,0.0,0.817,57.007500986971976,77797
0.74,0.72,0.0923,0.514,1.94e-05,0.826,91.01197525990263,96538
0.728,0.525,0.171,0.585,0.0,0.779,1.0001315962626662,98092
0.56,0.644,0.131,0.515,0.0,0.875,4.000526385050665,1916
0.74,0.722,0.246,0.606,0.0,0.76,4.000526385050665,9352
0.58,0.53,0.0343,0.745,0.0,0.82,117.01539676273195,35493
0.631,0.569,0.0438,0.728,0.0,0.874,104.01368601131729,92087
0.608,0.671,0.0422,0.73,1.88e-06,0.872,68.0089485458613,64451
0.666,0.635,0.0356,0.704,0.0,0.8,48.006316620607976,35970
0.695,0.624,0.219,0.636,1.83e-06,0.774,3.0003947887879985,74742
0.559,0.74,0.13,0.631,0.0,0.803,6.000789577575997,7169
0.672,0.663,0.126,0.666,0.0,0.853,3.0003947887879985,7121
0.545,0.73,0.0578,0.572,0.227,0.797,1.0001315962626662,84996
0.669,0.704,0.03,0.537,0.165,0.85,2.0002631925253325,7717
0.704,0.668,0.129,0.538,0.137,0.784,1.0001315962626662,111271
0.649,0.618,0.0418,0.737,0.163,0.752,1.0001315962626662,1736
0.585,0.574,0.0925,0.565,0.0,0.895,31.004079484142654,77351
0.629,0.56,0.0523,0.595,0.0,0.88,56.00736939070931,87131
0.533,0.729,0.0714,0.563,0.0,0.884,58.00763258323464,90114
0.632,0.716,0.0646,0.581,2.48e-05,0.935,86.0113172785893,90751
0.69,0.531,0.161,0.565,0.0,0.888,1.0001315962626662,90393
0.609,0.688,0.143,0.503,0.0,0.893,2.0002631925253325,97207
0.646,0.722,0.139,0.604,0.0,0.96,3.0003947887879985,26917
0.533,0.624,0.0297,0.71,2.96e-06,0.888,43.00565863929465,92242
0.685,0.509,0.0314,0.725,0.0445,0.922,40.00526385050665,7874
0.557,0.66,0.056,0.654,1.66e-06,0.962,40.00526385050665,92164
0.673,0.644,0.0446,0.701,1.11e-06,0.9,81.01065929727596,87571
0.598,0.571,0.139,0.704,0.0,0.962,7.000921173838663,64804
0.67,0.573,0.149,0.663,0.0,0.876,4.000526385050665,36741
0.505,0.721,0.139,0.726,0.0,0.911,9.001184366363995,77778
0.636,0.659,0.15,0.659,0.0,0.89,5.000657981313331,108885
0.621,0.618,0.041,0.676,0.234,0.962,1.0001315962626662,95930
0.584,0.758,0.0509,0.342,5.24e-05,0.853,59.00776417949731,106527
0.724,0.833,0.0705,0.289,0.000242,0.875,83.0109224898013,1053
0.618,0.885,0.0477,0.325,0.0,0.765,35.00460586919332,41092
0.703,0.892,0.0335,0.27,0.0,0.833,64.00842216081064,86884
0.56,0.809,0.187,0.268,0.0,0.81,6.000789577575997,96531
0.738,0.758,0.13,0.273,7.15e-05,0.84,15.001973943939994,57645
0.509,0.965,0.129,0.257,0.0,0.755,8.00105277010133,62516
0.714,0.959,0.176,0.36,0.0,0.775,5.000657981313331,80480
0.516,0.775,0.0412,0.396,0.00129,0.858,65.0085537570733,34444
0.644,0.818,0.0549,0.431,2.62e-05,0.789,82.01079089353863,81952
0.594,0.889,0.0606,0.462,0.000283,0.784,25.003289906566657,106523
0.627,0.909,0.0934,0.481,9.47e-05,0.837,35.00460586919332,40886
0.513,0.807,0.212,0.38,0.026,0.862,11.001447558889328,69146
0.693,0.836,0.143,0.414,0.0,0.77,11.001447558889328,112822
0.559,0.907,0.145,0.431,0.0,0.865,8.00105277010133,35558
0.678,0.933,0.212,0.455,0.0,0.845,8.00105277010133,34789
0.674,0.869,0.0398,0.374,0.154,0.813,3.0003947887879985,1298
0.592,0.941,0.0576,0.288,0.214,0.812,1.0001315962626662,80975
0.714,0.958,0.0767,0.334,0.223,0.773,1.0001315962626662,92989
0.614,0.796,0.0395,0.429,0.207,0.796,1.0001315962626662,7840
0.587,0.874,0.0367,0.363,4.67e-05,0.904,50.006579813133314,61583
0.737,0.751,0.0252,0.337,0.0,0.899,97.01276483747863,90494
0.518,0.886,0.05,0.358,0.0,0.893,33.00434267666799,95572
0.703,0.892,0.0422,0.255,0.000191,0.885,83.0109224898013,15538
0.587,0.818,0.155,0.29,3.02e-06,0.886,2.0002631925253325,21853
0.708,0.791,0.227,0.338,0.0,0.92,5.000657981313331,36569
0.539,0.95,0.149,0.306,0.0,0.882,5.000657981313331,35100
0.735,0.894,0.128,0.261,0.00589,0.944,3.0003947887879985,92825
0.596,0.791,0.0446,0.425,0.000295,0.98,51.006711409395976,92356
0.736,0.843,0.0427,0.486,0.0,0.907,121.01592314778262,95041
0.53,0.908,0.0377,0.468,7.69e-05,0.912,31.004079484142654,35726
0.713,0.905,0.0392,0.469,2.74e-06,0.917,53.00697460192131,35276
0.554,0.83,0.152,0.379,0.0,0.879,2.0002631925253325,34901
0.733,0.756,0.135,0.438,3.22e-05,0.923,6.000789577575997,34147
0.627,0.939,0.179,0.415,1.67e-06,0.92,1.0001315962626662,55571
0.51,0.846,0.0306,0.255,0.225,0.931,1.0001315962626662,7280
0.626,0.949,0.0451,0.276,0.126,0.967,1.0001315962626662,38970
0.54,0.797,0.0617,0.434,0.165,0.935,1.0001315962626662,1368
0.595,0.887,0.0409,0.47,0.199,0.966,1.0001315962626662,35779
0.59,0.513,0.0283,0.578,0.0,0.52,57.007500986971976,12286
0.679,0.61,0.0305,0.585,9.51e-05,0.554,81.01065929727596,57207
0.586,0.687,0.0258,0.591,0.0,0.503,74.0097381234373,65078
0.693,0.629,0.0484,0.51,3.11e-05,0.621,63.00829056454797,112315
0.505,0.62,0.167,0.505,0.0,0.547,8.00105277010133,60558
0.649,0.55,0.152,0.574,0.0188,0.575,7.000921173838663,17152
0.577,0.75,0.237,0.531,0.0,0.562,3.0003947887879985,39974
0.703,0.668,0.22,0.516,0.0,0.561,9.001184366363995,11049
0.512,0.618,0.0346,0.656,0.0,0.53,93.01223845242797,97663
0.626,0.525,0.0324,0.731,6.45e-06,0.502,53.00697460192131,12739
0.527,0.654,0.0292,0.687,0.0,0.513,44.00579023555731,97280
0.732,0.673,0.0878,0.677,0.0,0.591,21.00276352151599,7193
0.539,0.579,0.14,0.686,0.0,0.525,12.001579155151994,26685
0.642,0.519,0.149,0.742,3.54e-06,0.563,10.001315962626663,9153
0.523,0.727,0.137,0.703,2.14e-06,0.578,1.0001315962626662,34777
0.717,0.716,0.181,0.68,1.48e-05,0.587,9.001184366363995,68683
0.589,0.557,0.0421,0.551,0.151,0.545,1.0001315962626662,111103
0.671,0.628,0.0273,0.536,0.151,0.595,1.0001315962626662,33225
0.602,0.52,0.028,0.732,0.221,0.523,1.0001315962626662,833
0.596,0.563,0.0349,0.524,0.00205,0.646,42.00552704303198,12326
0.713,0.594,0.0637,0.593,0.0,0.682,61.00802737202264,93842
0.533,0.697,0.101,0.59,0.043,0.636,77.0101329122253,77887
0.659,0.721,0.0523,0.531,0.000931,0.728,64.00842216081064,7331
0.591,0.576,0.131,0.568,0.0,0.663,7.000921173838663,26382
0.692,0.603,0.127,0.599,0.00645,0.643,5.000657981313331,26551
0.519,0.706,0.196,0.591,0.0,0.717,5.000657981313331,97419
0.693,0.687,0.149,0.506,0.0,0.652,8.00105277010133,112396
0.619,0.525,0.0391,0.707,6.33e-06,0.628,72.00947493091196,74438
0.649,0.502,0.0558,0.633,0.00172,0.682,63.00829056454797,77809
0.571,0.706,0.0498,0.686,0.0,0.652,63.00829056454797,77427
0.73,0.639,0.0993,0.669,0.0,0.661,40.00526385050665,94092
0.503,0.525,0.134,0.647,0.0,0.681,10.001315962626663,106804
0.625,0.737,0.191,0.642,0.0,0.663,3.0003947887879985,97638
0.707,0.656,0.173,0.743,0.0,0.748,4.000526385050665,98060
0.538,0.553,0.0391,0.742,0.165,0.647,1.0001315962626662,45990
0.186,0.354,0.0322,0.133,0.0,0.509,1.0001315962626662,9929
0.461,0.5,0.0614,0.00245,0.03,0.572,87.01144887485196,56059
0.495,0.437,0.304,0.236,0.0,0.599,3.0003947887879985,69950
0.5,0.25,0.0339,0.453,0.0,0.58,5.000657981313331,52447
0.234,0.396,0.0394,0.401,0.000303,0.636,3.0003947887879985,84995
0.481,0.392,0.0312,0.366,0.0452,0.52,107.01408080010529,79386
0.493,0.356,0.26,0.293,0.0,0.738,2.0002631925253325,93897
0.22,0.467,0.059,4.23e-06,0.45,0.704,1.0001315962626662,42376
0.488,0.484,0.103,0.0441,0.278,0.723,2.0002631925253325,90878
0.395,0.485,0.0318,0.468,0.409,0.536,1.0001315962626662,7613
0.447,0.442,0.0471,0.0472,0.000559,0.776,9.001184366363995,38350
0.462,0.234,0.0523,0.428,3.84e-05,0.965,1.0001315962626662,90924
0.426,0.473,0.0335,0.353,0.0,0.937,40.00526385050665,84007
0.343,0.472,0.401,0.314,2.26e-06,0.764,1.0001315962626662,1735
0.412,0.436,0.0491,0.441,0.33,0.948,1.0001315962626662,90545
0.295,0.714,0.0584,0.725,0.714,0.0836,4.000526385050665,59910
0.403,0.775,0.0607,0.671,0.635,0.207,3.0003947887879985,16407
0.206,0.613,0.0463,0.899,0.748,0.0781,5.000657981313331,6945
0.386,0.61,0.201,0.897,0.516,0.159,5.000657981313331,59936
0.166,0.998,0.0403,0.993,0.646,1e-05,14.001842347677327,101066
0.276,0.985,0.0464,0.857,0.649,0.0131,5.000657981313331,101737
0.064,0.593,0.0604,0.607,0.987,0.0372,12.001579155151994,59478
0.345,0.68,0.0288,0.573,0.984,0.151,20.002631925253326,30066
0.188,0.912,0.0493,0.734,0.987,0.0028,16.00210554020266,101581
0.487,0.808,0.238,0.561,0.796,0.0858,6.000789577575997,54918
0.45,0.555,0.31,0.544,0.886,0.208,1.0001315962626662,54275
0.191,0.53,0.0368,0.984,0.954,0.0325,33.00434267666799,59627
0.298,0.532,0.0307,0.937,0.964,0.0999,31.004079484142654,54747
0.167,0.76,0.0875,0.843,0.998,1e-05,30.00394788787999,101614
0.372,0.838,0.0971,0.824,0.961,0.11,22.002895117778657,59612
0.234,0.566,0.315,0.846,0.767,0.0396,2.0002631925253325,59063
0.308,0.653,0.409,0.883,0.805,0.0377,2.0002631925253325,113549
0.303,0.581,0.139,0.736,0.638,0.389,10.001315962626663,36199
0.149,0.553,0.0412,0.906,0.719,0.369,2.0002631925253325,16370
0.424,0.557,0.084,0.836,0.746,0.329,4.000526385050665,15247
0.158,0.615,0.0367,0.689,0.861,0.303,1.0001315962626662,84514
0.409,0.62,0.0333,0.635,0.886,0.378,12.001579155151994,54154
0.418,0.759,0.243,0.506,0.892,0.336,2.0002631925253325,24744
0.23,0.704,0.0566,0.767,0.869,0.308,1.0001315962626662,84477
0.319,0.713,0.033,0.933,0.863,0.498,10.001315962626663,84971
0.414,0.821,0.0442,0.808,0.814,0.432,1.0001315962626662,45201
0.584,0.342,0.0331,0.842,0.0,0.574,92.01210685616529,57088
0.702,0.373,0.0615,0.864,0.00365,0.545,67.00881694959864,112817
0.531,0.438,0.0476,0.816,0.0,0.605,77.0101329122253,98349
0.655,0.473,0.0267,0.842,0.0323,0.572,74.0097381234373,56033
0.58,0.268,0.173,0.753,0.0,0.533,5.000657981313331,108887
0.671,0.295,0.166,0.84,0.00168,0.513,2.0002631925253325,15623
0.602,0.467,0.13,0.871,0.0,0.621,10.001315962626663,108895
0.676,0.481,0.154,0.836,1.02e-06,0.608,7.000921173838663,94378
0.506,0.324,0.0405,0.905,0.00183,0.577,49.006448216870645,56606
0.652,0.31,0.0332,0.962,0.0018,0.568,41.00539544676931,52411
0.519,0.423,0.0307,0.907,5.91e-05,0.614,39.00513225424398,52565
0.677,0.38,0.0324,0.937,0.0571,0.525,21.00276352151599,55686
0.575,0.295,0.204,0.877,0.000763,0.564,3.0003947887879985,1278
0.639,0.275,0.158,0.988,2.06e-05,0.585,5.000657981313331,108052
0.571,0.485,0.192,0.91,0.0,0.6,2.0002631925253325,108898
0.678,0.4,0.126,0.954,0.0,0.519,2.0002631925253325,18555
0.677,0.268,0.22,0.817,0.152,0.62,1.0001315962626662,1340
0.625,0.269,0.0622,0.975,0.238,0.557,1.0001315962626662,108609
0.703,0.277,0.087,0.953,0.229,0.575,1.0001315962626662,5662
0.506,0.402,0.124,0.971,0.244,0.623,2.0002631925253325,12952
0.735,0.406,0.0407,0.957,0.151,0.579,3.0003947887879985,108538
0.579,0.317,0.0413,0.773,0.0103,0.673,121.01592314778262,82964
0.694,0.295,0.0611,0.843,1.42e-06,0.729,57.007500986971976,90401
0.517,0.474,0.0408,0.783,0.0,0.693,61.00802737202264,97227
0.688,0.436,0.029,0.859,0.0,0.676,58.00763258323464,64869
0.52,0.29,0.156,0.775,0.0586,0.708,3.0003947887879985,98247
0.649,0.296,0.199,0.777,0.0,0.745,1.0001315962626662,66067
0.54,0.409,0.172,0.816,0.000838,0.706,4.000526385050665,108185
0.734,0.49,0.126,0.838,3.37e-05,0.722,1.0001315962626662,36691
0.596,0.315,0.0428,0.961,0.0,0.64,68.0089485458613,64132
0.711,0.319,0.0649,0.904,0.0,0.74,31.004079484142654,92970
0.569,0.438,0.0389,0.877,5.4e-06,0.716,29.00381629161732,108129
0.669,0.414,0.099,0.987,0.0,0.677,10.001315962626663,108301
0.589,0.274,0.146,0.944,0.0,0.644,3.0003947887879985,108804
0.691,0.29,0.219,0.993,9.74e-05,0.676,8.00105277010133,108371
0.531,0.487,0.22,0.911,0.00201,0.749,3.0003947887879985,94953
0.669,0.445,0.173,0.925,0.00388,0.709,2.0002631925253325,108124
0.55,0.424,0.0427,0.871,0.143,0.709,1.0001315962626662,108633
0.612,0.277,0.0462,0.98,0.216,0.724,7.000921173838663,108373
0.593,0.498,0.0326,0.904,0.191,0.646,1.0001315962626662,108572
0.677,0.446,0.0418,0.92,0.19,0.634,1.0001315962626662,16579
0.355,0.348,0.0271,0.818,0.00109,0.271,55.007237794446645,74931
0.448,0.286,0.061,0.868,0.0,0.268,135.01776549545994,98978
0.343,0.4,0.0459,0.812,0.0,0.313,46.006053428082645,70643
0.429,0.477,0.0311,0.766,0.000638,0.327,91.01197525990263,64112
0.303,0.349,0.208,0.758,0.000169,0.337,1.0001315962626662,55080
0.407,0.307,0.163,0.783,0.000432,0.286,5.000657981313331,12200
0.395,0.443,0.133,0.765,9.67e-06,0.338,1.0001315962626662,81956
0.326,0.272,0.0434,0.94,0.00337,0.253,46.006053428082645,70507
0.378,0.298,0.0334,0.934,0.0,0.373,107.01408080010529,52233
0.308,0.396,0.0736,0.95,2.67e-05,0.35,27.003553099091988,93780
0.433,0.47,0.0704,0.945,2.44e-06,0.319,31.004079484142654,101123
0.418,0.296,0.204,0.977,0.0308,0.334,2.0002631925253325,11283
0.314,0.37,0.0286,0.781,0.139,0.28,2.0002631925253325,44730
0.354,0.432,0.0312,0.766,0.155,0.298,2.0002631925253325,74266
0.287,0.369,0.0466,0.983,0.153,0.354,1.0001315962626662,93843
0.473,0.318,0.0367,0.981,0.18,0.361,5.000657981313331,74800
0.287,0.421,0.0312,0.989,0.179,0.292,1.0001315962626662,93309
0.376,0.404,0.0716,0.979,0.159,0.267,1.0001315962626662,76299
0.36,0.351,0.0393,0.851,0.000986,0.474,52.006843005658645,69336
0.474,0.325,0.0515,0.841,0.0,0.381,85.01118568232663,87365
0.359,0.457,0.0295,0.782,5.48e-06,0.386,39.00513225424398,93116
0.474,0.444,0.0544,0.768,0.0,0.441,48.006316620607976,108998
0.341,0.266,0.146,0.831,0.0,0.388,3.0003947887879985,3068
0.489,0.256,0.174,0.792,0.0,0.425,2.0002631925253325,97598
0.327,0.251,0.0328,0.903,0.000275,0.446,52.006843005658645,26299
0.421,0.339,0.057,0.882,0.0436,0.495,66.00868535333598,93664
0.337,0.41,0.0339,0.989,0.0,0.486,14.001842347677327,93630
0.41,0.424,0.0561,0.88,4.86e-05,0.406,25.003289906566657,108845
0.37,0.285,0.139,0.924,4.86e-06,0.433,1.0001315962626662,108981
0.493,0.34,0.13,0.961,1.89e-05,0.398,2.0002631925253325,93632
0.347,0.402,0.131,0.966,0.0102,0.421,1.0001315962626662,108954
0.494,0.403,0.156,0.987,1.77e-06,0.421,1.0001315962626662,108367
0.414,0.299,0.0303,0.858,0.212,0.447,2.0002631925253325,52227
0.472,0.287,0.21,0.83,0.247,0.481,2.0002631925253325,15815
0.499,0.327,0.0382,0.937,0.161,0.43,6.000789577575997,16047
0.315,0.411,0.033,0.877,0.236,0.483,1.0001315962626662,12019
0.513,0.546,0.0391,0.333,0.0,0.834,29.00381629161732,92661
0.747,0.531,0.0477,0.266,1.8e-06,0.785,55.007237794446645,103864
0.595,0.729,0.0305,0.34,0.0,0.829,44.00579023555731,74341
0.631,0.644,0.0348,0.341,0.000411,0.861,100.01315962626663,109002
0.61,0.508,0.152,0.297,0.0,0.758,6.000789577575997,51254
0.73,0.61,0.238,0.373,0.0,0.8,10.001315962626663,33612
0.541,0.667,0.131,0.347,1.49e-06,0.831,8.00105277010133,21218
0.726,0.742,0.234,0.349,0.0,0.796,15.001973943939994,106290
0.623,0.525,0.0489,0.445,0.0,0.811,21.00276352151599,69626
0.693,0.625,0.0671,0.418,0.0,0.78,68.0089485458613,11719
0.539,0.664,0.0802,0.448,0.0,0.785,99.01302803000395,82666
0.709,0.739,0.0604,0.427,0.0,0.832,85.01118568232663,96381
0.644,0.6,0.177,0.424,0.0,0.81,2.0002631925253325,77736
0.541,0.676,0.153,0.442,0.0,0.845,3.0003947887879985,81366
0.709,0.727,0.211,0.41,0.00554,0.794,15.001973943939994,9818
0.606,0.564,0.028,0.389,0.15,0.829,2.0002631925253325,85898
0.693,0.547,0.041,0.42,0.141,0.774,1.0001315962626662,103953
0.689,0.731,0.0453,0.377,0.162,0.814,1.0001315962626662,96923
0.611,0.593,0.0342,0.367,0.0,0.89,23.003026714041322,97312
0.675,0.533,0.0349,0.293,0.0,0.91,47.006185024345314,55458
0.527,0.725,0.0287,0.336,0.0,0.94,33.00434267666799,82855
0.636,0.672,0.0637,0.314,5.03e-06,0.895,80.0105277010133,92611
0.607,0.586,0.15,0.307,1.51e-06,0.921,1.0001315962626662,21461
0.733,0.535,0.206,0.355,0.0049,0.914,1.0001315962626662,15535
0.549,0.686,0.136,0.291,0.0,0.926,4.000526385050665,90059
0.675,0.681,0.212,0.264,0.0,0.916,8.00105277010133,60391
0.545,0.509,0.0517,0.384,8.86e-06,0.963,20.002631925253326,77874
0.646,0.593,0.0492,0.377,2.45e-06,0.959,53.00697460192131,100853
0.599,0.668,0.0328,0.427,3.04e-06,0.92,29.00381629161732,95801
0.679,0.733,0.0446,0.378,0.0,0.964,74.0097381234373,66832
0.507,0.583,0.137,0.456,7.27e-06,0.966,1.0001315962626662,92569
0.7,0.56,0.188,0.497,0.0,0.911,3.0003947887879985,92833
0.621,0.74,0.187,0.378,0.0,0.939,1.0001315962626662,41016
0.659,0.726,0.225,0.396,6.94e-06,0.883,5.000657981313331,10133
0.616,0.734,0.0342,0.367,0.187,0.966,1.0001315962626662,7416
0.605,0.546,0.0757,0.435,0.127,0.897,3.0003947887879985,12711
0.589,0.685,0.056,0.418,0.131,0.93,1.0001315962626662,95197
0.626,0.511,0.0294,0.564,0.632,0.68,12.001579155151994,41917
0.778,0.672,0.0286,0.599,0.743,0.707,2.0002631925253325,29597
0.585,0.857,0.0393,0.58,0.601,0.624,5.000657981313331,38364
0.791,0.576,0.338,0.501,0.522,0.684,1.0001315962626662,54348
0.731,0.726,0.033,0.824,0.69,0.63,7.000921173838663,75241
0.811,0.615,0.0446,0.761,0.578,0.743,1.0001315962626662,38315
0.727,0.815,0.0736,0.781,0.746,0.631,1.0001315962626662,24803
0.73,0.533,0.0428,0.616,0.846,0.556,22.002895117778657,32217
0.794,0.63,0.14,0.657,0.808,0.641,6.000789577575997,105992
0.512,0.856,0.0394,0.55,0.924,0.687,5.000657981313331,34802
0.751,0.942,0.0629,0.54,0.875,0.611,4.000526385050665,17922
0.506,0.714,0.291,0.513,0.871,0.719,2.0002631925253325,38557
0.669,0.67,0.0478,0.85,0.85,0.739,27.003553099091988,24149
0.765,0.715,0.163,0.823,0.893,0.556,6.000789577575997,105806
0.724,0.82,0.0394,0.789,0.916,0.717,3.0003947887879985,24765
0.577,0.593,0.289,0.859,0.768,0.536,1.0001315962626662,1582
0.883,0.544,0.412,0.804,0.806,0.532,1.0001315962626662,105702
0.621,0.57,0.0847,0.683,0.545,0.762,13.001710751414661,95431
0.866,0.691,0.0478,0.727,0.503,0.87,4.000526385050665,15760
0.617,0.868,0.0404,0.554,0.559,0.913,4.000526385050665,1395
0.796,0.904,0.106,0.503,0.531,0.762,2.0002631925253325,1762
0.74,0.612,0.104,0.847,0.665,0.767,15.001973943939994,108629
0.734,0.724,0.0398,0.679,0.842,0.85,25.003289906566657,5365
0.803,0.58,0.108,0.559,0.888,0.79,8.00105277010133,5818
0.721,0.777,0.0362,0.504,0.85,0.782,14.001842347677327,1689
0.813,0.798,0.0348,0.631,0.916,0.961,3.0003947887879985,105524
0.588,0.666,0.045,0.906,0.79,0.962,31.004079484142654,95818
0.765,0.522,0.0339,0.931,0.913,0.84,4.000526385050665,45795
0.678,0.845,0.0392,0.791,0.782,0.965,5.000657981313331,1759
0.665,0.597,0.274,0.845,0.919,0.81,1.0001315962626662,15732
0.816,0.596,0.451,0.76,0.891,0.756,1.0001315962626662,105804
0.807,0.606,0.0872,0.0946,0.0,0.304,131.01723911040926,88254
0.905,0.563,0.102,0.0254,9.71e-06,0.324,51.006711409395976,51499
0.827,0.645,0.0783,0.0966,0.0,0.356,97.01276483747863,60766
0.898,0.744,0.0931,0.000253,0.0,0.299,5.000657981313331,20681
0.87,0.572,0.177,0.0121,0.00159,0.28,12.001579155151994,28839
0.909,0.532,0.16,0.0702,0.0,0.275,3.0003947887879985,112537
0.833,0.664,0.135,0.0537,0.0,0.334,23.003026714041322,51576
0.907,0.717,0.196,0.0019,0.0255,0.342,3.0003947887879985,13716
0.817,0.52,0.04,0.142,0.000209,0.326,19.00250032899066,43211
0.752,0.659,0.0973,0.144,5.63e-06,0.307,16.00210554020266,69554
0.881,0.698,0.0539,0.172,0.0,0.311,2.0002631925253325,66167
0.841,0.601,0.223,0.197,3.35e-06,0.362,10.001315962626663,88293
0.91,0.584,0.209,0.167,0.0,0.337,1.0001315962626662,60424
0.861,0.648,0.193,0.126,0.0,0.34,8.00105277010133,68793
0.914,0.723,0.138,0.196,0.0,0.335,1.0001315962626662,66085
0.855,0.555,0.0662,0.025,0.152,0.3,2.0002631925253325,43505
0.89,0.543,0.0948,0.106,0.159,0.284,3.0003947887879985,100315
0.776,0.699,0.0333,0.0293,0.195,0.332,5.000657981313331,23053
0.886,0.509,0.168,0.000253,0.154,0.261,2.0002631925253325,109983
0.793,0.53,0.115,0.244,0.18,0.283,2.0002631925253325,39107
0.862,0.578,0.097,0.0694,2.18e-06,0.485,44.00579023555731,67819
0.908,0.621,0.102,0.000282,5.39e-05,0.421,4.000526385050665,51500
0.833,0.652,0.0762,0.00161,0.0985,0.405,179.02355573101727,51538
0.965,0.636,0.0875,0.0957,0.0,0.49,11.001447558889328,14811
0.761,0.511,0.158,0.085,0.0316,0.43,17.002237136465325,53688
0.895,0.535,0.245,0.0343,0.0,0.412,14.001842347677327,89836
0.774,0.73,0.134,0.108,0.0,0.421,29.00381629161732,89771
0.978,0.71,0.214,0.00145,0.000135,0.455,7.000921173838663,66635
0.774,0.584,0.107,0.231,0.0,0.444,33.00434267666799,80373
0.919,0.622,0.0997,0.23,4.24e-06,0.423,3.0003947887879985,51860
0.835,0.718,0.0694,0.226,1.99e-06,0.427,114.01500197394395,68228
0.891,0.748,0.0976,0.186,2.06e-06,0.401,4.000526385050665,68233
0.863,0.561,0.161,0.178,0.000844,0.472,16.00210554020266,36024
0.905,0.581,0.178,0.176,0.0,0.478,7.000921173838663,60920
0.844,0.656,0.216,0.192,1.82e-05,0.398,15.001973943939994,36606
0.888,0.695,0.206,0.176,0.0,0.468,5.000657981313331,111736
0.827,0.511,0.0594,0.000929,0.246,0.494,7.000921173838663,17864
0.811,0.692,0.0482,0.024,0.179,0.435,8.00105277010133,110872
0.827,0.524,0.137,0.112,0.145,0.484,1.0001315962626662,66773
0.893,0.596,0.216,0.0293,0.207,0.5,1.0001315962626662,68978
0.824,0.682,0.145,0.00126,0.204,0.39,1.0001315962626662,20212
0.985,0.651,0.217,0.00121,0.176,0.405,1.0001315962626662,111635
0.776,0.57,0.0326,0.228,0.184,0.414,1.0001315962626662,111610
0.899,0.542,0.0806,0.202,0.206,0.423,1.0001315962626662,110161
0.828,0.639,0.0351,0.167,0.165,0.496,1.0001315962626662,36054
0.714,0.609,0.0568,0.679,0.521,0.151,8.00105277010133,109195
0.641,0.853,0.0577,0.505,0.735,0.0366,2.0002631925253325,36655
0.532,0.517,0.493,0.547,0.535,0.239,1.0001315962626662,73618
0.74,0.506,0.0463,0.91,0.635,0.0431,4.000526385050665,105422
0.578,0.547,0.032,0.564,0.853,0.0679,51.006711409395976,4712
0.839,0.556,0.158,0.528,0.874,0.11,4.000526385050665,73418
0.675,0.759,0.0543,0.516,0.934,0.129,11.001447558889328,28701
0.833,0.909,0.0463,0.523,0.857,0.214,2.0002631925253325,24953
0.55,0.509,0.397,0.729,0.888,0.237,2.0002631925253325,59974
0.835,0.598,0.331,0.62,0.821,0.211,1.0001315962626662,84701
0.722,0.523,0.0568,0.861,0.845,0.127,16.00210554020266,54497
0.804,0.577,0.14,0.922,0.939,0.181,3.0003947887879985,15657
0.54,0.77,0.0499,0.88,0.879,0.0557,4.000526385050665,54804
0.569,0.537,0.38,0.975,0.894,0.156,1.0001315962626662,105608
0.696,0.701,0.041,0.593,0.749,0.491,15.001973943939994,36551
0.659,0.766,0.0391,0.659,0.579,0.389,5.000657981313331,36512
0.765,0.753,0.147,0.509,0.588,0.493,1.0001315962626662,24404
0.662,0.527,0.263,0.629,0.709,0.422,1.0001315962626662,112871
0.559,0.675,0.0405,0.89,0.732,0.323,6.000789577575997,28816
0.86,0.584,0.152,0.906,0.642,0.364,2.0002631925253325,105798
0.706,0.584,0.0289,0.694,0.879,0.339,39.00513225424398,105390
0.873,0.742,0.0526,0.634,0.937,0.37,7.000921173838663,105975
0.75,0.939,0.0704,0.746,0.763,0.443,7.000921173838663,14535
0.765,0.886,0.0428,0.579,0.944,0.299,1.0001315962626662,105783
0.759,0.828,0.304,0.535,0.788,0.271,1.0001315962626662,39980
0.611,0.525,0.0354,0.767,0.799,0.299,23.003026714041322,55992
0.783,0.506,0.0651,0.952,0.918,0.397,1.0001315962626662,1382
0.565,0.776,0.0409,0.794,0.825,0.399,1.0001315962626662,54195
0.852,0.845,0.0408,0.857,0.934,0.387,2.0002631925253325,109253
0.704,0.562,0.39,0.758,0.879,0.28,2.0002631925253325,105859
0.303,0.11,0.0313,0.812,6.65e-06,0.309,5.000657981313331,64792
0.398,0.109,0.0403,0.831,0.0,0.306,14.001842347677327,99558
0.308,0.221,0.0676,0.834,5.09e-06,0.279,48.006316620607976,26099
0.496,0.159,0.0364,0.872,0.00384,0.303,88.01158047111463,7833
0.391,0.116,0.185,0.874,4.98e-06,0.351,1.0001315962626662,98645
0.376,0.217,0.149,0.843,0.0,0.342,1.0001315962626662,98171
0.268,0.108,0.0353,0.983,0.0,0.331,29.00381629161732,16301
0.434,0.0812,0.0409,0.911,5.33e-06,0.307,107.01408080010529,45499
0.341,0.212,0.0312,0.897,0.00124,0.268,98.01289643374129,106847
0.423,0.18,0.0546,0.971,0.00423,0.274,169.0222397683906,76395
0.43,0.0991,0.172,0.992,0.0129,0.277,3.0003947887879985,93550
0.326,0.232,0.222,0.969,2.83e-06,0.269,1.0001315962626662,93996
0.458,0.202,0.14,0.969,0.0,0.325,4.000526385050665,93928
0.321,0.218,0.0394,0.869,0.183,0.282,1.0001315962626662,84839
0.278,0.113,0.069,0.992,0.205,0.277,1.0001315962626662,59260
0.398,0.113,0.0561,0.973,0.132,0.369,4.000526385050665,16718
0.473,0.141,0.0354,0.932,0.144,0.345,1.0001315962626662,69545
0.334,0.0551,0.0491,0.862,0.0,0.448,5.000657981313331,98524
0.459,0.0565,0.0371,0.815,0.0,0.386,3.0003947887879985,19867
0.333,0.232,0.0366,0.785,0.000548,0.398,9.001184366363995,52000
0.455,0.244,0.0334,0.784,0.00081,0.376,77.0101329122253,45432
0.366,0.245,0.147,0.852,0.0,0.48,1.0001315962626662,108244
0.361,0.116,0.0432,0.924,3.57e-06,0.387,3.0003947887879985,64499
0.386,0.124,0.0306,0.928,0.0,0.46,45.00592183181998,19525
0.273,0.196,0.0347,0.885,0.0,0.421,42.00552704303198,102742
0.492,0.224,0.0493,0.91,0.0,0.424,93.01223845242797,102047
0.49,0.116,0.153,0.988,0.00024,0.487,2.0002631925253325,93592
0.463,0.156,0.189,0.89,0.0,0.478,1.0001315962626662,815
0.401,0.21,0.0327,0.768,0.152,0.484,4.000526385050665,99286
0.286,0.229,0.0519,0.995,0.166,0.496,2.0002631925253325,93288
0.415,0.176,0.0358,0.995,0.229,0.481,1.0001315962626662,108555
0.569,0.679,0.534,0.511,3.14e-06,0.538,8.00105277010133,98663
0.761,0.559,0.536,0.627,0.0,0.568,2.0002631925253325,37983
0.523,0.88,0.738,0.716,0.0,0.519,1.0001315962626662,18549
0.659,0.671,0.929,0.674,0.0,0.532,31.004079484142654,18134
0.789,0.685,0.914,0.635,0.0,0.533,2.0002631925253325,33206
0.689,0.797,0.89,0.712,0.0,0.654,7.000921173838663,18138
0.715,0.696,0.54,0.828,0.0,0.721,3.0003947887879985,36747
0.543,0.828,0.731,0.816,0.0,0.691,10.001315962626663,18449
0.634,0.574,0.905,0.857,0.0,0.704,75.00986971969996,18302
0.668,0.912,0.927,0.78,0.0,0.547,43.00565863929465,18147
0.653,0.548,0.572,0.828,0.319,0.546,1.0001315962626662,94898
0.714,0.54,0.508,0.685,0.0,0.966,4.000526385050665,14204
0.812,0.719,0.529,0.659,0.0,0.831,2.0002631925253325,41817
0.682,0.845,0.594,0.686,0.0,0.766,2.0002631925253325,18569
0.72,0.692,0.807,0.535,0.0,0.857,2.0002631925253325,18330
0.654,0.893,0.891,0.656,0.0,0.759,3.0003947887879985,18253
0.551,0.556,0.59,0.817,0.0,0.902,3.0003947887879985,18385
0.617,0.846,0.581,0.881,7.07e-06,0.842,3.0003947887879985,18368
0.509,0.632,0.948,0.91,0.0,0.824,7.000921173838663,18403
0.657,0.89,0.916,0.781,0.0,0.802,3.0003947887879985,18644
0.617,0.51,0.626,0.775,0.322,0.919,1.0001315962626662,66858
0.611,0.566,0.0388,0.507,0.0,0.312,66.00868535333598,55084
0.729,0.551,0.056,0.598,0.0,0.312,54.007106198183976,3369
0.518,0.719,0.0414,0.574,6.97e-05,0.286,31.004079484142654,80472
0.708,0.639,0.0648,0.515,0.0,0.293,25.003289906566657,70345
0.558,0.616,0.129,0.506,0.0,0.262,2.0002631925253325,18642
0.674,0.511,0.169,0.62,0.0,0.374,3.0003947887879985,87957
0.632,0.686,0.243,0.549,0.0,0.329,2.0002631925253325,20414
0.524,0.515,0.0427,0.674,0.0,0.368,91.01197525990263,81120
0.687,0.574,0.0404,0.739,0.0,0.251,42.00552704303198,104507
0.527,0.634,0.0275,0.637,0.0159,0.324,17.002237136465325,106435
0.66,0.638,0.0428,0.693,2.57e-05,0.289,11.001447558889328,92339
0.578,0.58,0.249,0.696,0.0,0.313,2.0002631925253325,112711
0.661,0.671,0.169,0.653,6.6e-05,0.372,1.0001315962626662,26471
0.661,0.657,0.0979,0.538,0.204,0.341,1.0001315962626662,105294
0.683,0.534,0.189,0.519,0.247,0.284,2.0002631925253325,31048
0.527,0.567,0.0312,0.58,0.00165,0.436,109.01434399263061,7596
0.646,0.51,0.0335,0.514,0.000104,0.455,53.00697460192131,63147
0.575,0.648,0.0358,0.583,0.0,0.466,68.0089485458613,57373
0.663,0.656,0.0615,0.581,0.0,0.448,30.00394788787999,93456
0.553,0.543,0.132,0.507,0.0,0.436,3.0003947887879985,36533
0.636,0.547,0.15,0.551,0.0,0.456,4.000526385050665,37328
0.621,0.71,0.241,0.607,0.0,0.444,2.0002631925253325,104158
0.585,0.508,0.038,0.66,0.0,0.411,76.01000131596264,70631
0.696,0.587,0.0353,0.678,0.0,0.422,51.006711409395976,102869
0.559,0.709,0.0396,0.664,0.000119,0.417,45.00592183181998,55046
0.644,0.644,0.11,0.634,0.0,0.463,16.00210554020266,14093
0.611,0.509,0.127,0.69,2.64e-06,0.425,6.000789577575997,67458
0.67,0.569,0.171,0.708,0.0,0.385,4.000526385050665,36274
0.521,0.656,0.245,0.699,0.0026,0.432,2.0002631925253325,9801
0.72,0.678,0.185,0.695,0.0,0.489,1.0001315962626662,60885
0.706,0.532,0.101,0.532,0.208,0.402,1.0001315962626662,24692
0.541,0.575,0.0491,0.677,0.215,0.428,2.0002631925253325,34827
0.735,0.593,0.0885,0.731,0.178,0.475,7.000921173838663,56610
0.653,0.528,0.198,0.749,0.131,0.495,1.0001315962626662,111844
0.598,0.765,0.0365,0.00624,0.778,0.0395,44.00579023555731,28066
0.644,0.757,0.0388,0.0677,0.864,0.0462,45.00592183181998,73006
0.516,0.925,0.0474,0.00104,0.861,0.0368,89.01171206737729,109576
0.648,0.963,0.0372,0.000315,0.775,0.118,41.00539544676931,73566
0.558,0.756,0.13,0.000609,0.82,0.0797,2.0002631925253325,24445
0.695,0.866,0.143,0.00217,0.844,0.0383,2.0002631925253325,110605
0.559,0.923,0.137,0.0184,0.769,0.12,7.000921173838663,59706
0.717,0.986,0.158,0.00127,0.838,0.109,3.0003947887879985,73505
0.52,0.803,0.0806,0.17,0.857,0.054,2.0002631925253325,11722
0.671,0.762,0.0423,0.206,0.769,0.036,2.0002631925253325,54140
0.568,0.893,0.05,0.137,0.86,0.0377,4.000526385050665,53908
0.637,0.94,0.0502,0.126,0.865,0.0896,3.0003947887879985,17801
0.541,0.846,0.0462,0.00306,0.901,0.0395,26.003421502829323,110730
0.71,0.753,0.0543,0.0136,0.881,0.0736,33.00434267666799,73161
0.623,0.888,0.0463,0.0139,0.907,0.112,59.00776417949731,109749
0.636,0.877,0.0397,0.0812,0.9,0.0764,37.00486906171865,17500
0.518,0.999,0.171,0.000157,0.88,0.0475,4.000526385050665,110594
0.567,0.754,0.0719,0.185,0.887,0.0446,4.000526385050665,111374
0.726,0.78,0.0414,0.137,0.914,0.0742,2.0002631925253325,43004
0.729,0.883,0.105,0.137,0.889,0.0775,4.000526385050665,49744
0.594,0.852,0.05,0.000877,0.855,0.13,36.00473746545598,17511
0.718,0.857,0.0393,0.0192,0.785,0.205,57.007500986971976,73822
0.512,0.893,0.0363,2.72e-05,0.852,0.225,76.01000131596264,110276
0.633,0.942,0.0454,0.00441,0.778,0.207,61.00802737202264,10605
0.707,0.815,0.147,0.00499,0.828,0.148,2.0002631925253325,109176
0.601,0.994,0.187,0.00101,0.798,0.247,7.000921173838663,17972
0.683,0.997,0.218,0.00423,0.852,0.203,5.000657981313331,10898
0.528,0.844,0.0395,0.232,0.857,0.142,1.0001315962626662,24396
0.646,0.83,0.0395,0.21,0.836,0.137,5.000657981313331,36613
0.687,0.892,0.0613,0.205,0.814,0.197,6.000789577575997,73008
0.553,0.825,0.0382,0.0133,0.894,0.215,36.00473746545598,110645
0.671,0.818,0.0282,0.0154,0.941,0.189,31.004079484142654,17626
0.556,0.939,0.039,0.00245,0.915,0.152,31.004079484142654,30922
0.745,0.942,0.0572,0.00156,0.893,0.21,41.00539544676931,24594
0.684,0.839,0.228,0.0136,0.89,0.184,1.0001315962626662,49544
0.508,0.959,0.139,3.33e-06,0.957,0.132,5.000657981313331,59695
0.558,0.841,0.0598,0.221,0.946,0.206,2.0002631925253325,59374
0.664,0.779,0.0426,0.136,0.898,0.211,3.0003947887879985,36264
0.511,0.27,0.0277,0.534,0.0,0.525,21.00276352151599,52691
0.671,0.299,0.0315,0.521,0.000288,0.574,34.00447427293065,84497
0.529,0.47,0.0276,0.505,0.0,0.605,56.00736939070931,97848
0.693,0.492,0.0378,0.559,3.66e-06,0.595,66.00868535333598,19275
0.552,0.371,0.227,0.587,0.0,0.587,2.0002631925253325,98154
0.713,0.373,0.174,0.547,0.00117,0.606,1.0001315962626662,3884
0.582,0.379,0.198,0.607,0.0,0.585,2.0002631925253325,84295
0.688,0.489,0.173,0.619,0.0,0.559,3.0003947887879985,87954
0.605,0.259,0.0297,0.74,0.000136,0.562,54.007106198183976,52093
0.652,0.366,0.0325,0.693,1.85e-06,0.621,41.00539544676931,92135
0.553,0.476,0.0649,0.647,0.0,0.558,79.01039610475063,98022
0.684,0.455,0.0358,0.63,0.0,0.568,65.0085537570733,108724
0.543,0.36,0.179,0.727,0.0,0.595,6.000789577575997,64072
0.744,0.328,0.231,0.681,0.0002,0.532,3.0003947887879985,81750
0.523,0.444,0.136,0.639,1.78e-05,0.599,6.000789577575997,98714
0.729,0.351,0.0341,0.507,0.166,0.573,1.0001315962626662,52835
0.521,0.421,0.0355,0.607,0.187,0.551,2.0002631925253325,80590
0.679,0.476,0.0304,0.568,0.208,0.559,1.0001315962626662,12456
0.604,0.31,0.04,0.68,0.145,0.552,1.0001315962626662,12058
0.568,0.396,0.029,0.738,0.159,0.578,5.000657981313331,16158
0.652,0.492,0.0648,0.631,0.216,0.623,2.0002631925253325,108354
0.61,0.281,0.108,0.609,0.0,0.642,15.001973943939994,98687
0.74,0.322,0.0399,0.551,0.000767,0.628,14.001842347677327,103231
0.558,0.492,0.0268,0.599,0.0,0.691,35.00460586919332,107280
0.636,0.425,0.0397,0.566,0.0,0.655,62.00815896828531,87830
0.53,0.375,0.201,0.511,0.0,0.745,3.0003947887879985,96797
0.58,0.497,0.21,0.538,0.0,0.66,5.000657981313331,14673
0.708,0.475,0.206,0.538,0.0,0.679,1.0001315962626662,37237
0.607,0.347,0.0369,0.695,0.0,0.644,45.00592183181998,92209
0.652,0.37,0.0604,0.661,0.0,0.662,29.00381629161732,81048
0.595,0.384,0.0305,0.682,2.37e-06,0.691,62.00815896828531,783
0.708,0.424,0.0353,0.724,0.0,0.637,70.00921173838664,26998
0.571,0.324,0.205,0.666,0.0,0.672,1.0001315962626662,87803
0.551,0.482,0.242,0.652,0.0,0.628,6.000789577575997,23126
0.696,0.46,0.15,0.658,0.0,0.717,1.0001315962626662,37785
0.533,0.372,0.0588,0.573,0.177,0.679,1.0001315962626662,108279
0.54,0.34,0.0323,0.691,0.172,0.63,1.0001315962626662,108663
0.67,0.367,0.0484,0.716,0.164,0.743,1.0001315962626662,108104
0.576,0.498,0.086,0.746,0.249,0.706,2.0002631925253325,105173
0.715,0.496,0.0589,0.648,0.213,0.71,8.00105277010133,57593
0.625,0.85,0.0295,0.291,2.44e-06,0.617,64.00842216081064,63318
0.712,0.856,0.0852,0.313,0.0,0.527,54.007106198183976,77827
0.591,0.957,0.0999,0.345,0.0,0.586,15.001973943939994,61721
0.691,0.894,0.115,0.291,0.0,0.623,44.00579023555731,68174
0.611,0.819,0.231,0.343,0.0094,0.501,5.000657981313331,17285
0.71,0.848,0.194,0.322,0.0,0.572,13.001710751414661,94293
0.569,0.897,0.155,0.318,0.0,0.506,6.000789577575997,35406
0.685,0.989,0.206,0.275,0.0,0.505,2.0002631925253325,17418
0.579,0.765,0.0347,0.392,0.0,0.578,44.00579023555731,43399
0.733,0.859,0.033,0.479,0.0645,0.52,41.00539544676931,30569
0.614,0.929,0.0446,0.405,0.109,0.551,15.001973943939994,11799
0.685,0.933,0.0851,0.448,1.07e-06,0.504,7.000921173838663,8545
0.53,0.797,0.224,0.41,1.58e-05,0.541,4.000526385050665,100503
0.67,0.794,0.138,0.473,4.07e-06,0.517,7.000921173838663,14370
0.607,0.904,0.176,0.419,0.0,0.577,4.000526385050665,104924
0.74,0.925,0.133,0.488,0.0,0.596,2.0002631925253325,78324
0.658,0.854,0.0323,0.467,0.137,0.516,2.0002631925253325,87780
0.632,0.963,0.0584,0.448,0.173,0.576,1.0001315962626662,32548
0.605,0.805,0.0641,0.313,0.0,0.738,56.00736939070931,65805
0.746,0.782,0.0397,0.277,4.7e-06,0.665,111.01460718515595,80832
0.618,0.898,0.0408,0.284,0.000317,0.712,32.00421108040532,100306
0.675,0.924,0.113,0.287,0.0,0.643,29.00381629161732,31991
0.581,0.857,0.127,0.374,0.0462,0.697,11.001447558889328,2664
0.707,0.83,0.214,0.291,0.0,0.739,15.001973943939994,9666
0.521,0.962,0.161,0.291,0.0,0.711,6.000789577575997,47536
0.714,0.994,0.155,0.31,0.0743,0.672,7.000921173838663,46561
0.558,0.843,0.0995,0.444,0.0,0.719,64.00842216081064,97121
0.667,0.817,0.0817,0.376,0.0418,0.678,57.007500986971976,100683
0.517,0.909,0.0378,0.451,0.0135,0.683,17.002237136465325,38184
0.745,0.891,0.0901,0.452,0.0,0.745,14.001842347677327,95307
0.552,0.826,0.132,0.398,0.0,0.638,13.001710751414661,96314
0.638,0.833,0.211,0.39,0.0,0.704,11.001447558889328,97472
0.668,0.939,0.206,0.466,0.0,0.687,4.000526385050665,112468
0.513,0.787,0.0501,0.317,0.226,0.705,2.0002631925253325,84737
0.511,0.831,0.0351,0.456,0.206,0.74,1.0001315962626662,92656
0.725,0.819,0.0373,0.461,0.182,0.665,2.0002631925253325,95270
0.293,0.277,0.0301,0.524,1.55e-06,0.342,35.00460586919332,104448
0.456,0.344,0.0298,0.565,9.19e-06,0.359,32.00421108040532,82066
0.357,0.425,0.0333,0.584,0.0,0.27,35.00460586919332,81664
0.402,0.435,0.0341,0.504,0.0,0.35,53.00697460192131,12185
0.269,0.338,0.0393,0.703,4.54e-06,0.341,25.003289906566657,12689
0.376,0.311,0.058,0.72,0.0,0.329,99.01302803000395,12875
0.304,0.41,0.0357,0.632,0.0,0.324,56.00736939070931,102354
0.456,0.388,0.0405,0.692,0.0,0.293,126.01658112909594,99066
0.392,0.331,0.128,0.737,2.23e-06,0.26,3.0003947887879985,57956
0.483,0.404,0.13,0.73,2.03e-05,0.311,7.000921173838663,103879
0.348,0.329,0.0318,0.707,0.126,0.362,2.0002631925253325,108602
0.493,0.306,0.029,0.678,0.243,0.346,3.0003947887879985,84407
0.394,0.408,0.0264,0.657,0.188,0.276,1.0001315962626662,61463
0.367,0.373,0.0361,0.61,0.0,0.476,20.002631925253326,57218
0.486,0.32,0.0349,0.589,1.95e-05,0.461,14.001842347677327,52625
0.369,0.39,0.0429,0.57,0.0,0.428,16.00210554020266,65437
0.379,0.452,0.0583,0.545,0.0,0.439,51.006711409395976,74500
0.432,0.482,0.156,0.518,0.0,0.438,2.0002631925253325,33406
0.345,0.351,0.0343,0.713,0.0,0.457,15.001973943939994,17699
0.433,0.307,0.0327,0.65,0.0,0.378,28.003684695354654,86402
0.307,0.404,0.0567,0.739,1.37e-06,0.439,19.00250032899066,52052
0.378,0.422,0.0289,0.733,4.6e-06,0.389,68.0089485458613,96673
0.493,0.481,0.15,0.634,0.0,0.457,1.0001315962626662,103907
0.368,0.28,0.0323,0.522,0.132,0.408,1.0001315962626662,84706
0.29,0.465,0.0322,0.581,0.184,0.412,3.0003947887879985,41066
0.498,0.467,0.0431,0.559,0.224,0.404,2.0002631925253325,38603
0.485,0.268,0.0281,0.703,0.226,0.471,3.0003947887879985,52181
0.335,0.298,0.0328,0.859,0.00183,0.105,34.00447427293065,9481
0.435,0.323,0.0318,0.779,0.000274,0.106,15.001973943939994,12789
0.332,0.404,0.0647,0.797,4.22e-05,0.0621,14.001842347677327,98396
0.464,0.491,0.0392,0.837,1.39e-06,0.106,15.001973943939994,81035
0.291,0.321,0.035,0.88,0.0205,0.0648,30.00394788787999,102501
0.379,0.332,0.0333,0.888,0.0,0.0902,15.001973943939994,43536
0.266,0.416,0.0454,0.959,0.00103,0.113,3.0003947887879985,93042
0.395,0.382,0.0329,0.918,1.96e-05,0.0582,2.0002631925253325,91472
0.321,0.362,0.126,0.97,4.54e-05,0.0563,2.0002631925253325,76938
0.482,0.281,0.134,0.913,0.108,0.0537,8.00105277010133,94208
0.444,0.309,0.062,0.795,0.132,0.0875,3.0003947887879985,31856
0.489,0.447,0.0422,0.777,0.222,0.122,1.0001315962626662,15287
0.296,0.284,0.033,0.968,0.189,0.0917,6.000789577575997,34764
0.424,0.362,0.0402,0.974,0.18,0.123,2.0002631925253325,57826
0.251,0.39,0.0307,0.882,0.143,0.0567,1.0001315962626662,75220
0.323,0.294,0.035,0.786,0.0,0.193,101.01329122252929,40575
0.497,0.278,0.0464,0.792,0.0,0.237,137.01802868798526,102626
0.333,0.493,0.0495,0.802,0.00169,0.185,34.00447427293065,102406
0.416,0.41,0.0292,0.843,0.0,0.219,75.00986971969996,65316
0.495,0.322,0.181,0.834,0.0,0.17,3.0003947887879985,102210
0.348,0.477,0.188,0.785,0.0,0.181,1.0001315962626662,15305
0.434,0.469,0.166,0.808,0.000212,0.14,1.0001315962626662,111164
0.294,0.294,0.0301,0.9,2.48e-05,0.18,85.01118568232663,887
0.391,0.286,0.0398,0.886,0.0,0.186,64.00842216081064,90343
0.304,0.379,0.029,0.912,0.025,0.189,30.00394788787999,4500
0.435,0.418,0.0295,0.903,0.0,0.212,17.002237136465325,55372
0.34,0.362,0.192,0.968,0.0,0.133,1.0001315962626662,93811
0.452,0.267,0.0407,0.856,0.129,0.148,3.0003947887879985,34046
0.282,0.478,0.0322,0.835,0.186,0.127,3.0003947887879985,113038
0.378,0.405,0.0313,0.756,0.226,0.212,1.0001315962626662,75719
0.26,0.279,0.034,0.981,0.235,0.218,5.000657981313331,76348
0.455,0.297,0.0304,0.921,0.191,0.179,5.000657981313331,11875
0.51,0.307,0.101,0.321,1.5e-06,0.356,15.001973943939994,31318
0.719,0.265,0.0754,0.296,0.0865,0.273,20.002631925253326,15105
0.514,0.416,0.0294,0.364,3.88e-06,0.319,100.01315962626663,12331
0.678,0.413,0.0501,0.365,4.05e-06,0.354,43.00565863929465,69228
0.729,0.339,0.129,0.298,4.89e-05,0.375,1.0001315962626662,55674
0.61,0.489,0.127,0.308,0.0,0.331,12.001579155151994,106164
0.723,0.458,0.17,0.256,0.0,0.357,1.0001315962626662,69958
0.544,0.353,0.0362,0.454,5.98e-06,0.264,40.00526385050665,112738
0.628,0.312,0.0462,0.383,0.00146,0.372,11.001447558889328,25247
0.51,0.499,0.0299,0.397,0.00565,0.312,77.0101329122253,62995
0.726,0.449,0.0286,0.487,1.34e-06,0.294,42.00552704303198,25161
0.54,0.373,0.129,0.491,0.0116,0.325,2.0002631925253325,15400
0.698,0.358,0.151,0.396,0.0,0.3,4.000526385050665,74653
0.578,0.459,0.127,0.381,0.0247,0.344,4.000526385050665,15769
0.68,0.428,0.135,0.376,0.000344,0.334,5.000657981313331,99201
0.609,0.471,0.0262,0.26,0.23,0.33,1.0001315962626662,8852
0.72,0.487,0.0322,0.373,0.161,0.265,1.0001315962626662,23149
0.645,0.324,0.0759,0.443,0.14,0.32,3.0003947887879985,94680
0.63,0.418,0.0254,0.483,0.15,0.345,1.0001315962626662,56716
0.624,0.334,0.0391,0.321,3.27e-06,0.397,19.00250032899066,79627
0.638,0.352,0.0272,0.27,5.12e-05,0.491,10.001315962626663,96489
0.535,0.457,0.0306,0.271,0.0525,0.402,77.0101329122253,106782
0.69,0.435,0.0325,0.256,0.0,0.433,51.006711409395976,12522
0.687,0.343,0.162,0.277,0.000213,0.38,2.0002631925253325,37584
0.704,0.486,0.193,0.36,0.0,0.415,1.0001315962626662,1892
0.603,0.363,0.0292,0.461,0.0,0.407,26.003421502829323,98372
0.631,0.324,0.0333,0.39,0.000286,0.428,10.001315962626663,12617
0.579,0.454,0.0427,0.465,0.0,0.461,65.0085537570733,99382
0.646,0.418,0.115,0.419,0.0,0.469,55.007237794446645,37299
0.513,0.458,0.142,0.437,0.0,0.488,7.000921173838663,57928
0.673,0.484,0.183,0.467,0.0,0.397,3.0003947887879985,41816
0.551,0.469,0.0296,0.327,0.161,0.498,2.0002631925253325,32886
0.702,0.425,0.09,0.266,0.243,0.376,2.0002631925253325,94832
0.737,0.373,0.0438,0.381,0.195,0.38,1.0001315962626662,23904
0.662,0.458,0.0347,0.49,0.133,0.497,2.0002631925253325,105460
0.508,0.118,0.0553,0.758,2.49e-06,0.268,7.000921173838663,45648
0.723,0.0811,0.0631,0.779,0.0,0.36,3.0003947887879985,64919
0.581,0.19,0.031,0.828,2.57e-05,0.298,55.007237794446645,102941
0.671,0.168,0.0509,0.841,0.0282,0.297,26.003421502829323,94862
0.716,0.171,0.229,0.821,0.0,0.367,1.0001315962626662,97108
0.548,0.0935,0.0345,0.959,4.04e-05,0.304,65.0085537570733,45345
0.685,0.0973,0.0337,0.877,2.73e-06,0.271,14.001842347677327,61952
0.542,0.131,0.0316,0.983,0.00544,0.319,120.01579155151995,102215
0.631,0.127,0.0949,0.939,0.0,0.322,58.00763258323464,64810
0.539,0.105,0.178,0.978,1.32e-06,0.295,9.001184366363995,93416
0.646,0.116,0.187,0.884,0.0,0.334,1.0001315962626662,26096
0.575,0.193,0.179,0.951,0.0443,0.308,4.000526385050665,94160
0.664,0.146,0.197,0.993,0.0,0.329,1.0001315962626662,108957
0.611,0.222,0.0287,0.954,0.184,0.355,1.0001315962626662,64987
0.506,0.12,0.049,0.795,5.07e-06,0.394,3.0003947887879985,12587
0.634,0.123,0.0329,0.828,0.0,0.48,6.000789577575997,7916
0.578,0.182,0.0444,0.825,5e-06,0.477,74.0097381234373,92145
0.647,0.176,0.0751,0.854,0.0,0.441,37.00486906171865,99963
0.613,0.136,0.243,0.782,0.0,0.462,4.000526385050665,98873
0.667,0.25,0.217,0.757,0.0,0.412,1.0001315962626662,7209
0.547,0.106,0.0498,0.918,0.0,0.415,46.006053428082645,45598
0.648,0.0665,0.0336,0.984,1.08e-05,0.38,14.001842347677327,55769
0.502,0.179,0.0705,0.924,2.14e-06,0.459,92.01210685616529,76073
0.626,0.139,0.0499,0.952,0.000452,0.48,38.00500065798132,45798
0.726,0.125,0.143,0.983,0.0,0.486,1.0001315962626662,108774
0.525,0.192,0.189,0.897,0.0,0.409,3.0003947887879985,98549
0.664,0.126,0.164,0.981,0.0,0.48,4.000526385050665,93552
0.613,0.105,0.0445,0.875,0.156,0.473,1.0001315962626662,108816
0.662,0.246,0.0341,0.84,0.169,0.392,1.0001315962626662,34306
0.506,0.0336,0.042,0.959,0.146,0.386,2.0002631925253325,16186
0.686,0.0317,0.0703,0.917,0.169,0.398,1.0001315962626662,45681
0.541,0.22,0.108,0.993,0.152,0.439,1.0001315962626662,108134
0.735,0.167,0.0567,0.929,0.165,0.376,3.0003947887879985,34651
0.357,0.87,0.061,0.0114,0.000546,0.758,31.004079484142654,100170
0.414,0.811,0.0919,0.00133,0.000129,0.762,106.01394920384261,38130
0.357,0.931,0.1,0.0327,0.0,0.812,48.006316620607976,100759
0.442,0.932,0.0568,0.000376,0.0117,0.796,215.02829319647324,82271
0.374,0.806,0.147,0.000845,7.95e-05,0.875,1.0001315962626662,60771
0.468,0.83,0.14,0.000524,0.00521,0.847,6.000789577575997,84849
0.372,0.938,0.148,4.2e-05,0.0,0.812,5.000657981313331,48188
0.391,0.986,0.131,0.000633,1.55e-05,0.872,12.001579155151994,82853
0.394,0.834,0.0632,0.142,0.00107,0.834,32.00421108040532,2665
0.332,0.889,0.0509,0.173,4.73e-06,0.87,1.0001315962626662,82913
0.497,0.904,0.0504,0.217,0.0336,0.811,15.001973943939994,27912
0.443,0.893,0.154,0.128,0.0,0.826,3.0003947887879985,62615
0.415,0.795,0.0578,0.00046,0.183,0.79,3.0003947887879985,10661
0.258,0.904,0.0386,2.2e-05,0.218,0.832,8.00105277010133,71182
0.465,0.902,0.0435,0.0193,0.232,0.819,5.000657981313331,95791
0.361,0.787,0.0363,0.0197,0.000586,0.889,7.000921173838663,71546
0.428,0.779,0.0368,0.000274,4.97e-05,0.883,42.00552704303198,92802
0.348,0.953,0.066,0.041,3.05e-06,0.93,8.00105277010133,82681
0.409,0.99,0.115,0.02,0.0,0.962,66.00868535333598,85020
0.474,0.843,0.209,0.0205,2.71e-06,0.901,3.0003947887879985,849
0.324,0.936,0.129,0.0185,0.000224,0.899,3.0003947887879985,82276
0.494,0.939,0.126,0.00666,0.0,0.893,4.000526385050665,86504
0.337,0.857,0.0662,0.188,3.22e-05,0.96,2.0002631925253325,90442
0.494,0.865,0.0495,0.229,0.0,0.909,9.001184366363995,92387
0.357,0.898,0.0444,0.177,0.0,0.961,1.0001315962626662,7144
0.431,0.894,0.0506,0.194,8.15e-05,0.914,6.000789577575997,97850
0.489,0.824,0.137,0.162,2.15e-06,0.917,1.0001315962626662,65289
0.467,0.885,0.0332,0.0063,0.153,0.91,2.0002631925253325,106597
0.535,0.751,0.0554,0.565,0.0,0.864,43.00565863929465,77737
0.692,0.756,0.0563,0.555,0.0,0.819,70.00921173838664,95690
0.589,0.885,0.035,0.545,0.0,0.831,17.002237136465325,81435
0.732,0.908,0.0547,0.578,0.0,0.823,25.003289906566657,97250
0.593,0.869,0.14,0.616,0.0,0.811,5.000657981313331,96944
0.726,0.818,0.176,0.538,1.01e-06,0.812,11.001447558889328,51305
0.558,0.912,0.219,0.542,0.0,0.768,7.000921173838663,77179
0.705,0.935,0.169,0.567,0.0,0.862,4.000526385050665,97657
0.58,0.778,0.0482,0.728,0.0,0.859,37.00486906171865,77672
0.705,0.811,0.0377,0.639,0.0,0.795,31.004079484142654,35131
0.528,0.896,0.066,0.708,0.0,0.779,13.001710751414661,96242
0.681,0.897,0.0874,0.672,0.0,0.852,12.001579155151994,84634
0.613,0.841,0.131,0.686,0.0,0.81,4.000526385050665,97989
0.641,0.816,0.126,0.64,0.000204,0.792,10.001315962626663,96925
0.567,0.892,0.158,0.711,0.0,0.785,5.000657981313331,77565
0.724,0.886,0.128,0.669,0.0,0.87,2.0002631925253325,77993
0.529,0.806,0.033,0.518,1.88e-05,0.951,38.00500065798132,95194
0.732,0.816,0.0651,0.611,0.0,0.924,93.01223845242797,35763
0.579,0.924,0.0982,0.615,0.0,0.916,16.00210554020266,97937
0.633,0.899,0.07,0.586,1.34e-06,0.884,38.00500065798132,77140
0.507,0.752,0.19,0.52,0.0,0.953,4.000526385050665,80886
0.712,0.776,0.213,0.541,2.17e-06,0.96,4.000526385050665,80413
0.564,0.913,0.182,0.505,7.15e-06,0.962,5.000657981313331,62899
0.534,0.803,0.0743,0.741,6.07e-05,0.969,45.00592183181998,90056
0.668,0.756,0.0536,0.68,0.0,0.962,56.00736939070931,90587
0.611,0.912,0.0593,0.726,0.0,0.948,11.001447558889328,92796
0.688,0.925,0.0395,0.732,0.00131,0.932,21.00276352151599,90493
0.525,0.852,0.222,0.731,5.11e-05,0.884,5.000657981313331,90102
0.749,0.862,0.212,0.648,0.0,0.963,6.000789577575997,41681
0.707,0.925,0.185,0.681,0.000393,0.956,1.0001315962626662,80284
0.579,0.83,0.0393,0.578,0.201,0.937,2.0002631925253325,100133
0.696,0.769,0.0433,0.553,0.16,0.896,1.0001315962626662,1905
0.703,0.919,0.0552,0.723,0.181,0.963,1.0001315962626662,35445
0.302,0.692,0.54,0.538,0.0533,0.177,3.0003947887879985,59844
0.408,0.816,0.638,0.72,6.45e-05,0.239,1.0001315962626662,59520
0.39,0.607,0.928,0.519,0.0,0.141,2.0002631925253325,18376
0.365,0.965,0.904,0.714,0.0,0.0362,23.003026714041322,18802
0.317,0.869,0.524,0.927,0.000869,0.119,2.0002631925253325,18116
0.495,0.714,0.929,0.843,0.0,0.246,14.001842347677327,18399
0.488,0.954,0.928,0.833,0.0,0.0766,45.00592183181998,18021
0.462,0.917,0.574,0.734,0.0,0.367,1.0001315962626662,18796
0.493,0.608,0.907,0.686,0.0,0.327,6.000789577575997,18635
0.478,0.956,0.916,0.741,0.0,0.303,3.0003947887879985,18066
0.389,0.595,0.673,0.76,2.92e-06,0.479,1.0001315962626662,18931
0.469,0.912,0.733,0.779,0.0,0.309,6.000789577575997,18945
0.468,0.709,0.952,0.926,0.0,0.453,22.002895117778657,18085
0.467,0.909,0.934,0.796,0.0,0.333,29.00381629161732,18409
0.321,0.544,0.0364,0.293,1.11e-05,0.283,21.00276352151599,71681
0.455,0.506,0.0293,0.256,0.0158,0.338,73.00960652717464,25673
0.359,0.713,0.0366,0.33,0.0,0.272,10.001315962626663,79112
0.468,0.742,0.0844,0.333,1.39e-05,0.372,36.00473746545598,34028
0.39,0.502,0.178,0.336,0.000138,0.289,4.000526385050665,84163
0.365,0.67,0.221,0.26,1.43e-06,0.367,1.0001315962626662,80858
0.425,0.646,0.176,0.251,0.0,0.286,3.0003947887879985,94292
0.335,0.552,0.0357,0.465,1.18e-06,0.35,23.003026714041322,2778
0.43,0.543,0.0367,0.463,0.000523,0.354,92.01210685616529,62066
0.262,0.677,0.0528,0.447,0.0,0.365,58.00763258323464,79039
0.476,0.706,0.0289,0.379,0.000242,0.368,28.003684695354654,44394
0.384,0.554,0.243,0.457,0.000878,0.372,3.0003947887879985,17518
0.498,0.739,0.128,0.464,0.0,0.302,1.0001315962626662,33715
0.332,0.589,0.0297,0.327,0.227,0.282,1.0001315962626662,38520
0.472,0.566,0.0242,0.252,0.156,0.334,2.0002631925253325,70800
0.463,0.749,0.0834,0.255,0.24,0.326,2.0002631925253325,38514
0.315,0.554,0.0294,0.466,0.138,0.323,1.0001315962626662,7276
0.312,0.528,0.0333,0.267,3.88e-06,0.397,22.002895117778657,47064
0.44,0.583,0.068,0.367,0.0,0.449,44.00579023555731,84889
0.269,0.663,0.123,0.314,0.0,0.497,13.001710751414661,97602
0.388,0.66,0.0308,0.312,0.000307,0.401,38.00500065798132,34567
0.402,0.61,0.141,0.368,0.0,0.463,2.0002631925253325,80620
0.443,0.651,0.219,0.335,0.0,0.418,2.0002631925253325,12836
0.353,0.574,0.0331,0.426,2.27e-05,0.386,21.00276352151599,19591
0.468,0.547,0.0445,0.433,8.81e-05,0.444,49.006448216870645,69026
0.333,0.681,0.0694,0.376,7.91e-06,0.43,15.001973943939994,55622
0.444,0.651,0.0497,0.496,0.000366,0.415,41.00539544676931,55598
0.457,0.551,0.167,0.427,1.15e-06,0.428,2.0002631925253325,103201
0.469,0.728,0.247,0.491,0.000119,0.443,3.0003947887879985,98913
0.432,0.564,0.0407,0.298,0.233,0.398,1.0001315962626662,70151
0.496,0.516,0.032,0.48,0.153,0.448,1.0001315962626662,111747
0.332,0.701,0.0936,0.464,0.203,0.491,1.0001315962626662,59480
0.302,0.77,0.0339,0.00183,0.851,0.0377,5.000657981313331,58996
0.444,0.802,0.0533,0.00953,0.777,0.0597,26.003421502829323,110913
0.301,0.892,0.105,0.000106,0.817,0.0375,33.00434267666799,6709
0.408,0.965,0.0778,6.69e-06,0.77,0.0791,38.00500065798132,22956
0.334,0.794,0.219,0.0499,0.804,0.0772,4.000526385050665,28915
0.48,0.819,0.172,0.000569,0.762,0.061,2.0002631925253325,110717
0.34,0.991,0.231,0.00134,0.866,0.0354,19.00250032899066,27656
0.41,0.969,0.146,0.00795,0.862,0.0901,7.000921173838663,46504
0.292,0.839,0.0434,0.158,0.826,0.123,1.0001315962626662,59813
0.405,0.796,0.0399,0.22,0.803,0.0384,1.0001315962626662,54239
0.285,0.989,0.12,0.24,0.787,0.039,3.0003947887879985,42140
0.287,0.871,0.0399,0.0957,0.942,0.0542,9.001184366363995,17658
0.46,0.861,0.0595,0.00074,0.893,0.0975,25.003289906566657,72696
0.279,0.965,0.12,1.9e-06,0.909,0.0771,40.00526385050665,42939
0.479,0.91,0.0371,0.00448,0.883,0.0382,69.00908014212396,109872
0.343,0.779,0.178,1.99e-05,0.915,0.0354,1.0001315962626662,59595
0.258,0.997,0.172,0.0155,0.923,0.0384,24.003158310303988,42913
0.385,0.988,0.163,1.76e-06,0.904,0.104,9.001184366363995,42614
0.304,0.959,0.0829,0.232,0.974,0.0623,1.0001315962626662,42911
0.468,0.993,0.0386,0.25,0.945,0.00964,3.0003947887879985,101996
0.265,0.755,0.0374,3.67e-06,0.768,0.176,13.001710751414661,6649
0.4,0.823,0.0563,0.000337,0.787,0.128,22.002895117778657,6049
0.35,0.891,0.0667,7.8e-06,0.849,0.179,24.003158310303988,6422
0.486,0.955,0.0741,3.06e-06,0.8,0.142,50.006579813133314,59426
0.267,0.751,0.138,5.05e-06,0.874,0.211,2.0002631925253325,42966
0.465,0.853,0.19,0.00148,0.835,0.133,1.0001315962626662,10693
0.37,0.945,0.182,8.85e-05,0.754,0.191,13.001710751414661,27426
0.494,0.96,0.126,0.0977,0.795,0.185,12.001579155151994,46739
0.493,0.884,0.181,0.22,0.802,0.154,1.0001315962626662,24244
0.281,0.835,0.0766,9.25e-06,0.949,0.184,18.00236873272799,42121
0.423,0.819,0.0931,0.0381,0.878,0.144,17.002237136465325,11341
0.251,0.939,0.0987,6.12e-06,0.957,0.202,40.00526385050665,42778
0.497,0.998,0.07,0.00076,0.898,0.203,37.00486906171865,110094
0.318,0.792,0.231,0.0154,0.951,0.151,1.0001315962626662,59831
0.418,0.831,0.14,0.00305,0.953,0.144,1.0001315962626662,42860
0.329,0.988,0.228,6.95e-05,0.914,0.16,15.001973943939994,43223
0.453,0.995,0.13,0.0127,0.964,0.184,10.001315962626663,110533
0.401,0.915,0.114,0.19,0.904,0.239,1.0001315962626662,54696
0.356,0.885,0.133,0.172,0.913,0.19,1.0001315962626662,54797
0.355,0.264,0.029,0.539,0.00353,0.107,21.00276352151599,57606
0.43,0.303,0.0665,0.552,0.0984,0.0398,9.001184366363995,32111
0.334,0.397,0.0284,0.558,0.0774,0.035,8.00105277010133,34268
0.448,0.399,0.0313,0.579,0.0,0.12,26.003421502829323,113453
0.286,0.322,0.0317,0.651,0.000335,0.109,20.002631925253326,76566
0.4,0.267,0.0323,0.744,0.00734,0.0872,22.002895117778657,84264
0.321,0.401,0.0375,0.643,0.00503,0.0624,8.00105277010133,76051
0.482,0.387,0.0278,0.665,0.0,0.0543,14.001842347677327,40913
0.381,0.358,0.0365,0.524,0.169,0.036,1.0001315962626662,84169
0.322,0.378,0.0304,0.512,0.22,0.107,1.0001315962626662,5330
0.451,0.422,0.0433,0.512,0.162,0.119,2.0002631925253325,36070
0.351,0.467,0.13,0.721,0.223,0.0279,1.0001315962626662,111880
0.272,0.352,0.0299,0.519,0.0,0.139,28.003684695354654,70662
0.462,0.318,0.0262,0.584,0.0,0.24,51.006711409395976,43534
0.282,0.461,0.0389,0.537,0.0,0.217,34.00447427293065,76300
0.46,0.479,0.0306,0.597,0.0,0.135,73.00960652717464,43499
0.468,0.462,0.127,0.514,4.14e-06,0.161,1.0001315962626662,80903
0.312,0.338,0.0454,0.731,0.0,0.243,47.006185024345314,11913
0.482,0.296,0.0351,0.67,0.0,0.158,75.00986971969996,98525
0.331,0.42,0.0292,0.658,2.64e-05,0.157,47.006185024345314,25332
0.378,0.389,0.0384,0.685,0.000192,0.204,88.01158047111463,74868
0.438,0.443,0.198,0.678,0.0,0.157,4.000526385050665,98632
0.447,0.351,0.0513,0.555,0.127,0.207,1.0001315962626662,12529
0.455,0.442,0.0791,0.53,0.131,0.228,3.0003947887879985,32794
0.336,0.297,0.0292,0.709,0.147,0.179,2.0002631925253325,7078
0.388,0.26,0.0316,0.74,0.208,0.152,2.0002631925253325,26312
0.61,0.827,0.0341,0.00841,0.764,0.267,19.00250032899066,83874
0.673,0.847,0.0412,0.0198,0.792,0.276,33.00434267666799,110858
0.551,0.959,0.0507,0.00126,0.846,0.33,42.00552704303198,49917
0.697,0.954,0.043,1.78e-05,0.875,0.27,42.00552704303198,110665
0.631,0.839,0.143,0.0431,0.758,0.318,2.0002631925253325,29928
0.617,0.991,0.13,0.0157,0.856,0.289,5.000657981313331,10012
0.682,0.882,0.136,0.0016,0.845,0.347,3.0003947887879985,29470
0.722,0.786,0.0577,0.169,0.758,0.361,2.0002631925253325,54503
0.577,0.929,0.0437,0.226,0.845,0.353,2.0002631925253325,110324
0.647,0.942,0.0877,0.213,0.811,0.369,5.000657981313331,110061
0.613,0.771,0.0639,0.00637,0.938,0.324,17.002237136465325,49746
0.662,0.828,0.0493,0.0562,0.888,0.374,26.003421502829323,110838
0.594,0.935,0.0762,0.000507,0.881,0.358,39.00513225424398,24356
0.713,0.945,0.0606,0.0219,0.926,0.358,33.00434267666799,10177
0.633,0.785,0.179,0.0476,0.917,0.316,1.0001315962626662,10977
0.593,0.957,0.156,0.0392,0.967,0.341,1.0001315962626662,109787
0.693,0.997,0.158,0.0654,0.923,0.359,1.0001315962626662,46957
0.66,0.837,0.0294,0.242,0.876,0.302,2.0002631925253325,32690
0.532,0.978,0.0474,0.145,0.895,0.311,2.0002631925253325,17403
0.743,0.961,0.0913,0.208,0.892,0.336,2.0002631925253325,54446
0.55,0.765,0.0287,4.76e-06,0.873,0.419,18.00236873272799,47763
0.68,0.869,0.034,0.00326,0.818,0.403,24.003158310303988,43950
0.598,0.881,0.0324,0.000976,0.755,0.394,55.007237794446645,110226
0.631,0.918,0.0585,0.000186,0.765,0.458,42.00552704303198,46642
0.607,0.98,0.25,0.000282,0.841,0.396,8.00105277010133,10032
0.589,0.923,0.0391,0.126,0.838,0.399,1.0001315962626662,54591
0.64,0.877,0.0781,0.139,0.764,0.477,4.000526385050665,29641
0.601,0.767,0.0316,0.000231,0.953,0.486,17.002237136465325,72167
0.652,0.786,0.0568,0.0718,0.943,0.494,17.002237136465325,24309
0.612,0.989,0.0552,0.00436,0.88,0.379,18.00236873272799,73917
0.63,0.955,0.0664,0.00208,0.939,0.401,23.003026714041322,10466
0.544,0.937,0.171,0.00279,0.888,0.485,1.0001315962626662,27314
0.705,0.924,0.177,0.00576,0.927,0.378,2.0002631925253325,48658
0.711,0.769,0.0364,0.19,0.928,0.482,3.0003947887879985,111122
0.606,0.897,0.0448,0.176,0.882,0.393,1.0001315962626662,111401
0.719,0.959,0.0573,0.154,0.885,0.482,2.0002631925253325,32981
0.309,0.585,0.0458,0.117,0.000416,0.551,15.001973943939994,47975
0.378,0.596,0.0316,0.0788,0.000628,0.501,37.00486906171865,1752
0.363,0.719,0.0366,0.0221,0.0,0.585,23.003026714041322,82649
0.417,0.706,0.0945,0.00933,0.000572,0.512,114.01500197394395,44476
0.477,0.576,0.149,0.102,8.74e-05,0.625,1.0001315962626662,43631
0.454,0.66,0.168,0.0364,0.0,0.568,5.000657981313331,91910
0.33,0.548,0.0426,0.214,1.21e-05,0.559,12.001579155151994,79265
0.443,0.513,0.055,0.152,0.0189,0.61,24.003158310303988,90882
0.369,0.679,0.0742,0.128,0.0125,0.508,12.001579155151994,71472
0.394,0.708,0.0361,0.174,0.00728,0.551,49.006448216870645,38676
0.457,0.716,0.208,0.173,4.7e-06,0.548,1.0001315962626662,88883
0.312,0.562,0.0298,0.123,0.165,0.513,9.001184366363995,3690
0.493,0.516,0.0295,0.00072,0.229,0.621,1.0001315962626662,107808
0.373,0.7,0.0468,0.0827,0.131,0.537,1.0001315962626662,7080
0.379,0.705,0.0794,0.00132,0.194,0.502,1.0001315962626662,54986
0.266,0.574,0.176,0.000104,0.137,0.542,1.0001315962626662,18115
0.37,0.631,0.0919,0.168,0.169,0.506,1.0001315962626662,50698
0.299,0.611,0.033,0.00406,0.0,0.632,5.000657981313331,63888
0.402,0.552,0.0258,0.028,1.36e-05,0.668,22.002895117778657,11179
0.354,0.731,0.0382,0.0812,0.00124,0.697,21.00276352151599,91469
0.5,0.681,0.0672,0.114,4.01e-05,0.745,89.01171206737729,63259
0.402,0.58,0.245,0.0284,0.00113,0.708,3.0003947887879985,17450
0.321,0.65,0.176,0.104,0.0,0.662,1.0001315962626662,60648
0.427,0.736,0.18,0.061,0.0,0.683,4.000526385050665,60939
0.352,0.559,0.027,0.224,5.15e-06,0.688,14.001842347677327,90537
0.459,0.591,0.0407,0.177,0.0,0.635,11.001447558889328,69890
0.322,0.718,0.0938,0.239,0.0,0.737,4.000526385050665,92728
0.479,0.719,0.109,0.214,4.85e-05,0.699,24.003158310303988,1550
0.474,0.61,0.217,0.144,1.96e-06,0.689,1.0001315962626662,104757
0.423,0.705,0.148,0.126,0.0,0.718,2.0002631925253325,106710
0.396,0.601,0.034,0.00493,0.136,0.649,1.0001315962626662,38870
0.329,0.678,0.0344,0.103,0.168,0.672,1.0001315962626662,84828
0.392,0.741,0.0368,0.000297,0.248,0.643,1.0001315962626662,48899
0.757,0.618,0.0282,0.262,0.0,0.861,30.00394788787999,107408
0.956,0.591,0.0377,0.347,0.000131,0.851,2.0002631925253325,14618
0.798,0.636,0.0431,0.327,0.0,0.799,51.006711409395976,80702
0.89,0.707,0.106,0.322,0.0,0.875,4.000526385050665,66556
0.792,0.588,0.131,0.348,0.0,0.775,9.001184366363995,102871
0.918,0.546,0.248,0.309,0.0,0.818,1.0001315962626662,33772
0.838,0.699,0.227,0.267,0.0,0.862,12.001579155151994,32841
0.918,0.673,0.184,0.314,0.0,0.828,8.00105277010133,51260
0.829,0.622,0.0512,0.424,0.000538,0.757,39.00513225424398,80898
0.92,0.51,0.0671,0.435,0.0,0.863,6.000789577575997,35386
0.77,0.657,0.0386,0.4,5.89e-05,0.846,44.00579023555731,91413
0.925,0.691,0.124,0.486,0.0,0.793,4.000526385050665,21787
0.798,0.625,0.13,0.383,3.33e-05,0.774,45.00592183181998,89485
0.769,0.628,0.151,0.42,0.0,0.768,7.000921173838663,37512
0.906,0.677,0.215,0.437,0.0272,0.869,1.0001315962626662,15806
0.927,0.525,0.0667,0.274,0.238,0.778,1.0001315962626662,103872
0.823,0.544,0.0358,0.389,0.165,0.826,2.0002631925253325,56556
0.872,0.584,0.054,0.27,0.0,0.913,35.00460586919332,68885
0.888,0.522,0.0394,0.363,0.0,0.909,6.000789577575997,14309
0.751,0.697,0.111,0.372,0.0,0.879,63.00829056454797,1502
0.917,0.714,0.0414,0.28,0.0,0.969,17.002237136465325,14482
0.848,0.579,0.145,0.256,1.58e-06,0.961,4.000526385050665,55306
0.832,0.746,0.233,0.298,0.0,0.902,7.000921173838663,60392
0.941,0.697,0.2,0.328,0.0,0.911,1.0001315962626662,60430
0.834,0.586,0.0267,0.439,0.083,0.878,21.00276352151599,15157
0.881,0.573,0.0568,0.482,0.0108,0.905,3.0003947887879985,69073
0.787,0.679,0.0658,0.416,0.0,0.876,56.00736939070931,88446
0.886,0.626,0.0467,0.445,4.55e-05,0.944,6.000789577575997,104525
0.772,0.536,0.136,0.451,0.000224,0.92,2.0002631925253325,14795
0.919,0.512,0.237,0.388,0.00289,0.903,1.0001315962626662,66616
0.822,0.68,0.211,0.441,0.0513,0.965,5.000657981313331,1964
0.906,0.627,0.132,0.473,0.0,0.934,1.0001315962626662,28836
0.784,0.713,0.0339,0.447,0.14,0.97,1.0001315962626662,25518
0.837,0.598,0.181,0.391,0.238,0.983,3.0003947887879985,1096
0.579,0.283,0.0308,0.00599,0.000603,0.344,13.001710751414661,40487
0.716,0.342,0.0461,0.0928,0.00129,0.372,15.001973943939994,103251
0.506,0.458,0.0253,0.0208,0.0,0.356,60.00789577575998,56837
0.648,0.482,0.0304,0.0769,2.21e-06,0.357,36.00473746545598,36759
0.722,0.335,0.136,0.12,0.0,0.266,1.0001315962626662,81454
0.609,0.454,0.186,0.119,0.0,0.352,10.001315962626663,21421
0.663,0.478,0.185,0.095,0.0,0.341,7.000921173838663,81016
0.514,0.333,0.0347,0.214,0.00367,0.338,10.001315962626663,14248
0.653,0.362,0.0472,0.165,0.000131,0.268,7.000921173838663,103465
0.598,0.447,0.0404,0.224,0.0,0.365,82.01079089353863,64575
0.692,0.481,0.0585,0.137,0.0,0.367,33.00434267666799,36229
0.521,0.299,0.149,0.247,1.24e-05,0.329,2.0002631925253325,36601
0.708,0.36,0.142,0.195,0.0,0.349,1.0001315962626662,15573
0.521,0.388,0.14,0.212,0.0,0.341,4.000526385050665,37719
0.716,0.45,0.173,0.243,0.0526,0.279,3.0003947887879985,28987
0.572,0.405,0.0277,0.000252,0.207,0.268,2.0002631925253325,58389
0.667,0.464,0.0307,0.00996,0.17,0.263,7.000921173838663,17587
0.538,0.323,0.0456,0.13,0.245,0.312,1.0001315962626662,111892
0.519,0.413,0.0251,0.205,0.152,0.267,2.0002631925253325,84105
0.559,0.345,0.0459,0.0576,0.000105,0.458,5.000657981313331,3459
0.666,0.365,0.0289,0.0761,2.07e-05,0.453,4.000526385050665,95927
0.624,0.455,0.0321,0.0011,1.41e-06,0.5,29.00381629161732,103555
0.743,0.495,0.048,0.0309,0.0,0.396,45.00592183181998,99683
0.728,0.448,0.172,0.103,0.0,0.483,7.000921173838663,18151
0.557,0.344,0.0327,0.227,1.34e-06,0.402,8.00105277010133,69443
0.713,0.281,0.0379,0.137,0.0258,0.397,5.000657981313331,8903
0.573,0.441,0.0758,0.186,0.0,0.389,38.00500065798132,56314
0.651,0.488,0.0316,0.212,0.026,0.49,38.00500065798132,84288
0.511,0.323,0.227,0.208,0.0,0.435,2.0002631925253325,15328
0.604,0.406,0.213,0.154,0.0,0.486,1.0001315962626662,55840
0.688,0.385,0.241,0.131,4.51e-05,0.435,6.000789577575997,107513
0.626,0.398,0.039,0.0602,0.247,0.492,6.000789577575997,75106
0.686,0.433,0.0339,0.239,0.18,0.389,3.0003947887879985,3913
0.587,0.267,0.0326,0.513,0.0363,0.0388,20.002631925253326,4856
0.632,0.339,0.0337,0.546,0.0,0.0969,4.000526385050665,31061
0.505,0.462,0.0271,0.623,0.0,0.113,14.001842347677327,490
0.635,0.385,0.0439,0.625,0.0,0.0995,4.000526385050665,94625
0.606,0.36,0.184,0.509,9.55e-05,0.0391,1.0001315962626662,33200
0.579,0.348,0.0569,0.661,0.0,0.0846,22.002895117778657,102819
0.657,0.355,0.0714,0.694,0.000427,0.0808,1.0001315962626662,31569
0.623,0.478,0.0645,0.709,8.05e-06,0.0769,24.003158310303988,36265
0.745,0.438,0.0326,0.678,0.112,0.0409,5.000657981313331,94451
0.72,0.374,0.036,0.605,0.23,0.101,1.0001315962626662,32900
0.519,0.389,0.0304,0.514,0.153,0.107,2.0002631925253325,111127
0.57,0.334,0.031,0.695,0.226,0.124,2.0002631925253325,38652
0.588,0.332,0.0542,0.59,4.45e-06,0.153,40.00526385050665,11145
0.694,0.339,0.0378,0.514,0.0,0.221,20.002631925253326,81980
0.551,0.416,0.028,0.505,0.0,0.248,64.00842216081064,57096
0.687,0.43,0.0407,0.6,2.49e-06,0.241,25.003289906566657,80140
0.7,0.357,0.142,0.536,0.0,0.129,2.0002631925253325,74552
0.516,0.459,0.163,0.528,1.39e-05,0.184,1.0001315962626662,15560
0.661,0.409,0.204,0.59,0.000929,0.128,2.0002631925253325,94722
0.587,0.35,0.0318,0.74,0.0,0.17,72.00947493091196,19351
0.682,0.363,0.0261,0.699,3e-05,0.203,31.004079484142654,31262
0.524,0.489,0.0347,0.73,1.1e-05,0.233,81.01065929727596,40208
0.694,0.463,0.029,0.642,2.24e-06,0.178,25.003289906566657,113747
0.578,0.299,0.181,0.702,0.0,0.147,1.0001315962626662,98870
0.699,0.355,0.244,0.737,4.09e-06,0.188,2.0002631925253325,33905
0.571,0.45,0.155,0.641,6.38e-05,0.2,4.000526385050665,36962
0.532,0.342,0.0923,0.515,0.228,0.239,3.0003947887879985,33417
0.504,0.488,0.026,0.544,0.24,0.234,1.0001315962626662,75760
0.632,0.473,0.0532,0.593,0.226,0.151,1.0001315962626662,12315
0.549,0.432,0.0295,0.655,0.227,0.229,3.0003947887879985,55980
0.282,0.254,0.0351,0.814,1.13e-06,0.543,10.001315962626663,52420
0.499,0.304,0.0632,0.81,0.0,0.521,62.00815896828531,64496
0.337,0.409,0.0338,0.784,0.0,0.621,7.000921173838663,26371
0.463,0.458,0.0422,0.776,5.47e-05,0.593,47.006185024345314,80208
0.348,0.333,0.156,0.843,0.0,0.505,1.0001315962626662,108498
0.452,0.358,0.17,0.819,0.0,0.571,2.0002631925253325,93165
0.471,0.467,0.211,0.82,0.0,0.537,2.0002631925253325,98731
0.346,0.303,0.0362,0.961,5.55e-06,0.531,10.001315962626663,93317
0.434,0.265,0.0699,0.95,0.0,0.574,37.00486906171865,16525
0.352,0.424,0.0634,0.965,0.0,0.605,4.000526385050665,16609
0.395,0.492,0.0329,0.928,0.00904,0.582,34.00447427293065,108752
0.481,0.335,0.223,0.977,0.000142,0.514,3.0003947887879985,15720
0.375,0.386,0.196,0.989,0.0328,0.512,1.0001315962626662,93597
0.391,0.376,0.164,0.986,0.0,0.509,4.000526385050665,93658
0.439,0.294,0.0644,0.992,0.147,0.623,5.000657981313331,93528
0.336,0.453,0.038,0.95,0.155,0.599,1.0001315962626662,93239
0.486,0.423,0.031,0.92,0.191,0.611,1.0001315962626662,108659
0.355,0.29,0.0508,0.758,0.0201,0.636,3.0003947887879985,16993
0.483,0.351,0.0278,0.783,0.0,0.713,57.007500986971976,84262
0.369,0.499,0.0448,0.829,1.75e-06,0.69,30.00394788787999,103831
0.446,0.487,0.0623,0.842,0.0,0.696,63.00829056454797,64299
0.423,0.265,0.2,0.814,0.0,0.655,4.000526385050665,106349
0.337,0.27,0.0319,0.966,0.0,0.668,6.000789577575997,52724
0.478,0.311,0.0357,0.899,0.107,0.667,27.003553099091988,16819
0.284,0.426,0.0385,0.984,0.000659,0.665,2.0002631925253325,16308
0.499,0.472,0.0713,0.918,0.000873,0.67,25.003289906566657,108485
0.487,0.293,0.165,0.983,0.00676,0.691,2.0002631925253325,54921
0.455,0.405,0.209,0.927,0.000855,0.654,2.0002631925253325,26849
0.375,0.449,0.0337,0.89,0.139,0.744,2.0002631925253325,80631
0.476,0.416,0.0525,0.988,0.2,0.724,2.0002631925253325,16512
0.0697,0.816,0.0803,8.74e-06,0.833,0.0387,2.0002631925253325,6319
0.239,0.845,0.109,7.65e-05,0.851,0.104,7.000921173838663,42512
0.0917,0.892,0.0635,3.54e-06,0.801,0.119,8.00105277010133,6235
0.193,0.99,0.124,1.19e-06,0.848,0.038,53.00697460192131,6992
0.0728,0.873,0.127,0.000941,0.755,0.0375,1.0001315962626662,6377
0.166,0.845,0.129,0.0029,0.846,0.0294,1.0001315962626662,6397
0.0614,0.988,0.13,0.000659,0.867,0.0579,3.0003947887879985,42071
0.198,0.971,0.139,0.00122,0.865,0.0381,36.00473746545598,42856
0.149,0.868,0.0767,0.191,0.865,0.0494,1.0001315962626662,59225
0.0903,0.988,0.0544,0.159,0.849,0.0103,2.0002631925253325,101091
0.249,0.995,0.0722,0.178,0.819,0.00984,1.0001315962626662,113768
0.228,0.911,0.169,0.175,0.873,0.121,1.0001315962626662,6963
0.124,0.871,0.0806,1.65e-05,0.908,0.0359,8.00105277010133,6867
0.144,0.837,0.0829,3.11e-06,0.887,0.0306,18.00236873272799,42808
0.114,0.956,0.0771,5.85e-05,0.933,1e-05,19.00250032899066,101608
0.238,0.997,0.113,1.37e-06,0.88,0.0395,62.00815896828531,59971
0.167,0.802,0.129,1.62e-06,0.929,0.022,2.0002631925253325,101055
0.0897,0.994,0.186,2.27e-06,0.88,0.0385,5.000657981313331,6605
0.201,0.979,0.159,5.72e-05,0.949,0.0244,45.00592183181998,6761
0.165,0.781,0.0924,0.139,0.944,0.0124,3.0003947887879985,101677
0.118,0.927,0.0395,0.154,0.985,0.00398,13.001710751414661,113935
0.212,0.99,0.0497,0.149,0.997,0.0138,24.003158310303988,101837
0.176,0.994,0.174,0.139,0.973,0.0158,2.0002631925253325,101035
0.24,0.841,0.0843,7.52e-06,0.874,0.219,18.00236873272799,42099
0.099,0.974,0.0931,3.77e-06,0.843,0.147,3.0003947887879985,6937
0.126,0.989,0.108,0.0,0.817,0.163,36.00473746545598,42382
0.192,0.84,0.226,0.00228,0.86,0.15,1.0001315962626662,101810
0.235,0.988,0.17,1.93e-05,0.814,0.194,10.001315962626663,43875
0.223,0.897,0.075,0.25,0.854,0.133,1.0001315962626662,59524
0.0859,0.849,0.0801,0.00011,0.962,0.129,3.0003947887879985,6990
0.17,0.763,0.0545,2.13e-06,0.897,0.161,10.001315962626663,6644
0.0644,0.915,0.0736,2.83e-06,0.897,0.185,7.000921173838663,42138
0.219,0.908,0.1,1.92e-06,0.933,0.208,32.00421108040532,6006
0.113,0.967,0.129,3.42e-06,0.919,0.134,1.0001315962626662,42800
0.197,0.966,0.128,4.68e-06,0.934,0.152,13.001710751414661,42226
0.534,0.317,0.0276,0.787,0.000723,0.114,24.003158310303988,102865
0.652,0.347,0.0304,0.79,1.57e-05,0.109,5.000657981313331,5244
0.543,0.388,0.0512,0.851,0.0911,0.063,5.000657981313331,54611
0.698,0.458,0.0348,0.808,0.0962,0.114,6.000789577575997,36600
0.635,0.394,0.199,0.834,0.0126,0.0756,1.0001315962626662,36371
0.52,0.279,0.0547,0.894,0.000105,0.0951,12.001579155151994,102
0.703,0.284,0.0787,0.885,0.000997,0.0979,2.0002631925253325,15182
0.603,0.446,0.0382,0.949,0.0978,0.0894,3.0003947887879985,105401
0.6,0.328,0.0347,0.784,2.83e-05,0.166,127.01671272535862,69889
0.675,0.368,0.0375,0.83,0.00158,0.176,33.00434267666799,34758
0.504,0.401,0.0958,0.805,0.00596,0.243,92.01210685616529,94011
0.635,0.409,0.0444,0.801,0.00336,0.223,41.00539544676931,36743
0.568,0.369,0.127,0.81,1.77e-05,0.243,1.0001315962626662,111060
0.65,0.29,0.247,0.844,0.0,0.238,1.0001315962626662,18054
0.624,0.468,0.16,0.773,1.63e-05,0.238,3.0003947887879985,41954
0.554,0.253,0.0353,0.895,0.00908,0.23,37.00486906171865,54115
0.641,0.346,0.036,0.913,3.99e-05,0.187,22.002895117778657,81691
0.553,0.478,0.0285,0.915,0.000316,0.154,12.001579155151994,70500
0.688,0.463,0.0448,0.945,0.0199,0.209,5.000657981313331,31231
0.675,0.408,0.142,0.901,0.000714,0.229,2.0002631925253325,57701
0.596,0.27,0.0265,0.785,0.134,0.155,5.000657981313331,407
0.644,0.412,0.0307,0.796,0.127,0.206,2.0002631925253325,506
0.509,0.31,0.0313,0.959,0.229,0.151,9.001184366363995,34114
0.598,0.59,0.0396,0.00733,0.821,0.08,16.00210554020266,109926
0.626,0.582,0.0426,0.00562,0.759,0.0362,13.001710751414661,23534
0.602,0.718,0.0473,0.00028,0.847,0.0468,21.00276352151599,27222
0.668,0.731,0.119,0.00119,0.817,0.11,43.00565863929465,73934
0.54,0.624,0.212,0.0037,0.83,0.109,1.0001315962626662,24350
0.586,0.682,0.191,0.00729,0.812,0.033,1.0001315962626662,24911
0.702,0.659,0.24,0.0742,0.849,0.118,3.0003947887879985,110516
0.548,0.532,0.0313,0.171,0.838,0.038,1.0001315962626662,4488
0.658,0.592,0.0309,0.132,0.768,0.102,1.0001315962626662,112052
0.565,0.645,0.0349,0.201,0.829,0.0383,6.000789577575997,54362
0.702,0.732,0.0458,0.234,0.86,0.103,13.001710751414661,73717
0.642,0.662,0.195,0.234,0.809,0.106,1.0001315962626662,73811
0.613,0.505,0.0422,0.0711,0.898,0.0687,18.00236873272799,54246
0.636,0.538,0.0324,0.00126,0.881,0.0388,23.003026714041322,17560
0.546,0.717,0.034,0.00307,0.906,0.0621,12.001579155151994,10008
0.747,0.749,0.054,0.00708,0.906,0.0446,40.00526385050665,73362
0.624,0.546,0.137,0.0138,0.919,0.0704,1.0001315962626662,54761
0.516,0.631,0.146,0.0352,0.889,0.0738,2.0002631925253325,54295
0.595,0.543,0.0362,0.217,0.896,0.106,3.0003947887879985,54361
0.744,0.593,0.0466,0.16,0.888,0.0694,11.001447558889328,109715
0.611,0.697,0.0347,0.164,0.935,0.0388,6.000789577575997,4807
0.674,0.684,0.0353,0.177,0.899,0.125,5.000657981313331,111226
0.616,0.579,0.044,0.00137,0.79,0.154,12.001579155151994,58549
0.708,0.606,0.0592,0.00836,0.862,0.204,22.002895117778657,24218
0.608,0.678,0.0331,0.0296,0.858,0.143,22.002895117778657,27675
0.688,0.749,0.0369,0.00241,0.834,0.143,52.006843005658645,24346
0.623,0.609,0.0455,0.163,0.837,0.211,2.0002631925253325,110473
0.739,0.548,0.0367,0.129,0.867,0.175,6.000789577575997,23219
0.591,0.746,0.0588,0.132,0.763,0.2,1.0001315962626662,46825
0.679,0.733,0.0777,0.2,0.86,0.144,3.0003947887879985,105678
0.556,0.598,0.0311,0.0122,0.905,0.142,11.001447558889328,109560
0.631,0.623,0.0585,0.0281,0.951,0.169,15.001973943939994,24217
0.605,0.736,0.0325,0.00114,0.878,0.133,14.001842347677327,41721
0.716,0.653,0.0506,2.03e-05,0.939,0.181,36.00473746545598,24307
0.543,0.678,0.145,0.00244,0.922,0.141,1.0001315962626662,54838
0.541,0.564,0.0448,0.154,0.878,0.203,3.0003947887879985,29926
0.63,0.525,0.0443,0.228,0.876,0.238,3.0003947887879985,69061
0.59,0.661,0.0424,0.168,0.876,0.238,2.0002631925253325,24937
0.648,0.627,0.056,0.136,0.917,0.135,3.0003947887879985,109802
0.273,0.517,0.045,0.586,5.55e-05,0.288,30.00394788787999,25985
0.489,0.505,0.117,0.579,0.000333,0.337,66.00868535333598,91256
0.287,0.668,0.0387,0.516,0.0,0.309,9.001184366363995,98327
0.431,0.687,0.0493,0.586,0.0,0.351,11.001447558889328,12601
0.374,0.538,0.14,0.51,0.0,0.344,3.0003947887879985,97046
0.48,0.603,0.196,0.56,0.0,0.293,2.0002631925253325,58753
0.329,0.649,0.175,0.568,0.0,0.339,1.0001315962626662,112519
0.3,0.546,0.0405,0.714,3.34e-06,0.274,13.001710751414661,29604
0.484,0.625,0.0334,0.672,0.0,0.308,64.00842216081064,12606
0.361,0.646,0.0284,0.747,0.00147,0.351,5.000657981313331,7566
0.415,0.739,0.0472,0.683,1.29e-06,0.322,11.001447558889328,97487
0.442,0.55,0.184,0.73,0.00059,0.332,2.0002631925253325,56323
0.399,0.738,0.14,0.701,0.0,0.262,2.0002631925253325,87413
0.489,0.521,0.0663,0.512,0.155,0.372,1.0001315962626662,95872
0.416,0.614,0.0392,0.727,0.156,0.301,2.0002631925253325,5925
0.43,0.648,0.0306,0.671,0.14,0.374,1.0001315962626662,40549
0.284,0.502,0.0312,0.574,2.33e-05,0.494,25.003289906566657,76787
0.403,0.59,0.0284,0.508,0.00548,0.393,73.00960652717464,3270
0.339,0.67,0.0405,0.511,0.0,0.494,6.000789577575997,113040
0.405,0.679,0.028,0.502,2.49e-05,0.415,26.003421502829323,41581
0.463,0.58,0.128,0.598,0.0,0.454,3.0003947887879985,56326
0.467,0.649,0.128,0.535,0.0,0.443,1.0001315962626662,96699
0.324,0.539,0.038,0.713,3.15e-05,0.486,17.002237136465325,81084
0.477,0.532,0.0274,0.731,0.0114,0.403,39.00513225424398,17234
0.335,0.696,0.0307,0.642,0.0,0.403,10.001315962626663,896
0.415,0.64,0.123,0.65,0.0,0.433,15.001973943939994,37839
0.37,0.518,0.133,0.659,0.0,0.399,1.0001315962626662,98519
0.417,0.551,0.174,0.73,0.00166,0.444,3.0003947887879985,56152
0.385,0.548,0.0308,0.51,0.136,0.415,1.0001315962626662,12151
0.394,0.673,0.0943,0.51,0.236,0.47,1.0001315962626662,42132
0.465,0.612,0.0512,0.676,0.128,0.467,1.0001315962626662,93041
0.788,0.578,0.0303,0.334,3.09e-06,0.561,29.00381629161732,12188
0.883,0.563,0.116,0.29,1.69e-05,0.547,4.000526385050665,111627
0.796,0.712,0.0491,0.359,1.17e-05,0.622,47.006185024345314,68589
0.755,0.578,0.145,0.316,0.0,0.581,8.00105277010133,20701
0.929,0.625,0.14,0.289,1.2e-06,0.578,1.0001315962626662,88682
0.775,0.75,0.182,0.331,4.94e-05,0.614,10.001315962626663,80899
0.921,0.668,0.171,0.283,0.0,0.556,3.0003947887879985,21736
0.761,0.525,0.0944,0.44,6.7e-06,0.531,57.007500986971976,57131
0.913,0.604,0.102,0.474,0.0624,0.616,1.0001315962626662,66125
0.792,0.718,0.044,0.39,7.5e-05,0.545,19.00250032899066,57157
0.782,0.575,0.207,0.439,0.0,0.625,10.001315962626663,112256
0.958,0.538,0.167,0.408,0.0,0.565,1.0001315962626662,60317
0.841,0.661,0.188,0.474,0.000322,0.533,7.000921173838663,41069
0.91,0.713,0.165,0.422,2.52e-06,0.539,1.0001315962626662,68823
0.791,0.652,0.0519,0.26,0.18,0.571,1.0001315962626662,23820
0.76,0.555,0.0465,0.409,0.213,0.52,2.0002631925253325,80157
0.844,0.538,0.0956,0.263,0.00352,0.639,48.006316620607976,35800
0.941,0.551,0.0534,0.331,2.97e-05,0.702,3.0003947887879985,94607
0.787,0.735,0.0857,0.331,4.09e-05,0.698,71.0093433346493,2750
0.891,0.691,0.0588,0.29,0.00555,0.666,3.0003947887879985,65681
0.862,0.559,0.168,0.351,0.0,0.658,3.0003947887879985,60653
0.927,0.55,0.149,0.357,0.0,0.73,5.000657981313331,60973
0.801,0.641,0.173,0.34,4.5e-05,0.741,23.003026714041322,28637
0.943,0.633,0.244,0.371,0.0,0.731,4.000526385050665,60478
0.787,0.603,0.034,0.435,0.0,0.743,18.00236873272799,81076
0.884,0.581,0.0378,0.427,0.000206,0.728,4.000526385050665,39158
0.799,0.675,0.0772,0.418,0.0,0.678,25.003289906566657,36461
0.905,0.633,0.0292,0.435,1.07e-05,0.675,1.0001315962626662,14978
0.804,0.535,0.143,0.486,0.0,0.628,8.00105277010133,104811
0.88,0.575,0.163,0.415,0.0,0.671,7.000921173838663,87301
0.866,0.694,0.21,0.441,0.0,0.686,16.00210554020266,60252
0.881,0.712,0.171,0.414,0.000105,0.656,1.0001315962626662,9455
0.766,0.571,0.0385,0.43,0.135,0.716,1.0001315962626662,84803
0.259,0.109,0.0383,0.867,0.816,0.251,1.0001315962626662,16788
0.49,0.0451,0.0309,0.815,0.856,0.338,2.0002631925253325,5239
0.375,0.221,0.0591,0.759,0.829,0.286,1.0001315962626662,45853
0.423,0.225,0.0407,0.874,0.792,0.299,2.0002631925253325,45045
0.383,0.0546,0.187,0.844,0.778,0.259,1.0001315962626662,75866
0.33,0.0423,0.0496,0.99,0.868,0.284,12.001579155151994,16944
0.476,0.0952,0.0523,0.923,0.866,0.281,10.001315962626663,45860
0.279,0.13,0.0435,0.981,0.865,0.276,13.001710751414661,75590
0.45,0.167,0.0325,0.994,0.811,0.312,11.001447558889328,26563
0.499,0.206,0.227,0.991,0.865,0.319,1.0001315962626662,54607
0.307,0.107,0.0396,0.864,0.955,0.321,3.0003947887879985,76269
0.261,0.151,0.0379,0.78,0.883,0.252,6.000789577575997,26526
0.38,0.145,0.0383,0.776,0.938,0.285,2.0002631925253325,75832
0.304,0.0902,0.0489,0.903,0.907,0.318,57.007500986971976,79111
0.493,0.0713,0.0689,0.994,0.94,0.292,105.01381760757995,75823
0.375,0.145,0.0361,0.963,0.889,0.329,29.00381629161732,16536
0.445,0.237,0.0414,0.96,0.883,0.338,24.003158310303988,45553
0.455,0.0038,0.177,0.992,0.951,0.254,1.0001315962626662,79612
0.451,0.233,0.213,0.898,0.899,0.296,1.0001315962626662,105129
0.414,0.073,0.05,0.843,0.867,0.409,1.0001315962626662,101482
0.449,0.228,0.0358,0.77,0.843,0.435,1.0001315962626662,45741
0.372,0.0413,0.0339,0.995,0.845,0.445,6.000789577575997,16015
0.433,0.073,0.0493,0.994,0.863,0.424,12.001579155151994,16180
0.255,0.132,0.0378,0.989,0.862,0.378,4.000526385050665,79584
0.495,0.144,0.038,0.986,0.847,0.391,7.000921173838663,16948
0.456,0.0412,0.0929,0.784,0.946,0.429,1.0001315962626662,101464
0.355,0.173,0.0392,0.793,0.888,0.425,1.0001315962626662,36349
0.48,0.158,0.0807,0.809,0.886,0.498,2.0002631925253325,315
0.365,0.109,0.0511,0.994,0.948,0.404,32.00421108040532,76826
0.493,0.0409,0.0621,0.993,0.954,0.481,47.006185024345314,16981
0.295,0.195,0.0457,0.994,0.916,0.496,14.001842347677327,39228
0.411,0.185,0.0333,0.983,0.925,0.388,15.001973943939994,16813
0.0989,0.831,0.0585,0.0427,0.0587,0.0593,2.0002631925253325,59613
0.181,0.861,0.0539,8.7e-05,0.092,0.117,15.001973943939994,6201
0.105,0.986,0.108,1.51e-05,4.6e-05,0.0591,10.001315962626663,6058
0.213,0.953,0.1,0.00045,0.0,0.115,60.00789577575998,106592
0.177,0.772,0.159,0.0219,0.0151,0.0961,2.0002631925253325,76386
0.116,0.994,0.167,6e-06,0.0255,0.0383,7.000921173838663,6936
0.213,0.988,0.132,3.06e-05,0.0597,0.117,55.007237794446645,22330
0.118,0.837,0.0943,0.126,0.0212,1e-05,1.0001315962626662,101671
0.0804,0.948,0.0875,0.166,0.0682,0.0212,1.0001315962626662,101864
0.211,0.975,0.107,0.155,0.000256,0.0503,4.000526385050665,59833
0.114,0.808,0.0534,1.62e-06,0.225,0.0487,1.0001315962626662,6669
0.243,0.793,0.0502,0.0225,0.153,0.116,5.000657981313331,41843
0.112,0.997,0.0989,4.5e-06,0.195,0.0606,1.0001315962626662,22538
0.179,0.964,0.102,0.000946,0.162,0.0641,10.001315962626663,42172
0.0658,0.993,0.164,0.000697,0.217,0.107,2.0002631925253325,6390
0.221,0.992,0.151,3.49e-06,0.207,0.117,14.001842347677327,42838
0.0803,0.843,0.0532,0.038,0.00315,0.188,1.0001315962626662,59661
0.226,0.845,0.0425,4.21e-05,3.04e-05,0.153,32.00421108040532,113964
0.0679,0.917,0.0686,1.51e-06,0.000689,0.194,6.000789577575997,6763
0.177,0.919,0.0886,0.000206,0.0453,0.129,82.01079089353863,6727
0.25,0.952,0.209,2.45e-05,0.0135,0.126,67.00881694959864,6001
0.246,0.84,0.0591,0.127,0.0,0.14,6.000789577575997,40205
0.109,0.854,0.0871,0.000381,0.228,0.134,1.0001315962626662,22160
0.138,0.841,0.0662,3.06e-06,0.237,0.139,1.0001315962626662,42293
0.238,0.956,0.123,4.71e-06,0.22,0.179,18.00236873272799,42736
0.0631,0.961,0.24,0.00054,0.242,0.218,1.0001315962626662,42051
0.211,0.933,0.155,1.6e-05,0.182,0.134,8.00105277010133,22626
0.186,0.784,0.0528,0.229,0.243,0.189,1.0001315962626662,107265
0.344,0.309,0.0545,0.0444,0.0111,0.0398,8.00105277010133,33078
0.376,0.374,0.0323,0.0162,0.000515,0.0451,6.000789577575997,41301
0.316,0.38,0.0334,0.0564,0.000707,0.0633,30.00394788787999,112961
0.382,0.453,0.0455,0.00819,0.000201,0.121,55.007237794446645,44805
0.278,0.371,0.035,0.184,0.0,0.0979,8.00105277010133,36164
0.437,0.358,0.0261,0.232,0.0159,0.0932,9.001184366363995,40836
0.301,0.47,0.0314,0.195,0.0,0.0724,7.000921173838663,113610
0.441,0.484,0.0294,0.18,7.19e-05,0.0385,16.00210554020266,28382
0.342,0.277,0.0403,0.052,0.188,0.102,3.0003947887879985,38850
0.495,0.295,0.0296,0.0351,0.159,0.06,1.0001315962626662,5762
0.315,0.398,0.0265,0.0716,0.176,0.0981,2.0002631925253325,22211
0.395,0.396,0.0281,0.0102,0.161,0.0656,1.0001315962626662,84914
0.362,0.307,0.0293,0.0658,0.0,0.154,2.0002631925253325,113146
0.433,0.337,0.0512,0.0226,0.00212,0.208,17.002237136465325,70704
0.335,0.447,0.0278,0.0335,0.000141,0.16,43.00565863929465,40393
0.399,0.491,0.0538,0.0563,0.00089,0.151,67.00881694959864,57300
0.277,0.344,0.0264,0.215,8.6e-06,0.241,22.002895117778657,37282
0.419,0.289,0.0283,0.134,0.000757,0.236,24.003158310303988,84446
0.32,0.5,0.0994,0.134,0.0,0.142,32.00421108040532,31520
0.486,0.403,0.0296,0.203,0.00154,0.16,57.007500986971976,5411
0.414,0.416,0.0251,0.1,0.179,0.196,4.000526385050665,33808
0.546,0.265,0.0269,0.375,4.15e-06,0.597,9.001184366363995,90689
0.689,0.338,0.0629,0.349,5.7e-05,0.568,13.001710751414661,56501
0.514,0.394,0.0245,0.352,0.0759,0.53,33.00434267666799,84931
0.712,0.404,0.12,0.32,0.0,0.548,54.007106198183976,87550
0.6,0.417,0.185,0.262,0.0,0.618,1.0001315962626662,95461
0.659,0.433,0.19,0.368,0.000312,0.572,7.000921173838663,3747
0.536,0.307,0.031,0.494,0.0,0.614,7.000921173838663,52492
0.731,0.255,0.0375,0.485,0.0,0.564,11.001447558889328,90062
0.607,0.426,0.0586,0.454,0.0,0.606,31.004079484142654,26083
0.667,0.453,0.0286,0.48,0.0,0.555,67.00881694959864,97196
0.557,0.429,0.189,0.387,0.000478,0.596,4.000526385050665,15311
0.744,0.492,0.148,0.486,0.0,0.567,3.0003947887879985,12458
0.535,0.324,0.0337,0.323,0.226,0.557,1.0001315962626662,12475
0.643,0.412,0.0286,0.421,0.22,0.509,1.0001315962626662,45988
0.544,0.337,0.0653,0.357,6.34e-05,0.667,9.001184366363995,57784
0.738,0.355,0.0595,0.292,0.00155,0.705,8.00105277010133,1364
0.51,0.488,0.0304,0.256,0.0,0.649,22.002895117778657,84280
0.697,0.462,0.0458,0.271,0.0,0.677,24.003158310303988,96371
0.632,0.386,0.164,0.372,0.0,0.724,3.0003947887879985,93586
0.507,0.295,0.035,0.466,2.48e-06,0.669,5.000657981313331,52573
0.712,0.358,0.0794,0.395,0.00122,0.686,16.00210554020266,74409
0.569,0.5,0.0398,0.405,0.0,0.711,29.00381629161732,77823
0.631,0.494,0.0504,0.473,0.0,0.676,33.00434267666799,96321
0.559,0.337,0.153,0.436,0.0,0.655,1.0001315962626662,26571
0.67,0.366,0.229,0.415,0.0,0.649,3.0003947887879985,33168
0.525,0.378,0.16,0.425,0.0,0.633,1.0001315962626662,93656
0.744,0.415,0.161,0.449,0.0,0.692,4.000526385050665,104156
0.723,0.428,0.032,0.277,0.192,0.672,2.0002631925253325,87763
0.507,0.431,0.0489,0.497,0.131,0.673,1.0001315962626662,108722
0.646,0.491,0.0443,0.465,0.18,0.68,2.0002631925253325,94250
0.773,0.839,0.0566,0.0276,0.00797,0.303,53.00697460192131,53488
0.877,0.781,0.0548,0.0315,0.000397,0.373,1.0001315962626662,51168
0.779,0.884,0.0878,0.0575,4.04e-06,0.356,11.001447558889328,43516
0.909,0.877,0.117,0.0174,0.000466,0.363,2.0002631925253325,23868
0.822,0.858,0.208,0.00922,0.0415,0.318,11.001447558889328,10664
0.942,0.76,0.163,0.0648,5.79e-05,0.37,3.0003947887879985,19870
0.811,0.914,0.206,0.00322,0.00051,0.368,3.0003947887879985,32234
0.955,0.952,0.199,0.0545,0.00016,0.365,2.0002631925253325,37783
0.783,0.762,0.0507,0.158,6.56e-05,0.33,5.000657981313331,31124
0.791,0.89,0.0906,0.166,0.00319,0.256,2.0002631925253325,112853
0.823,0.837,0.15,0.21,0.000137,0.331,3.0003947887879985,49898
0.754,0.962,0.201,0.228,0.0778,0.348,4.000526385050665,23696
0.808,0.753,0.0596,0.000498,0.153,0.353,2.0002631925253325,13598
0.805,0.938,0.0888,0.00258,0.214,0.263,4.000526385050665,73245
0.812,0.911,0.204,0.00667,0.155,0.347,1.0001315962626662,49434
0.903,0.98,0.209,0.000977,0.13,0.33,1.0001315962626662,46819
0.762,0.805,0.037,0.132,0.168,0.345,3.0003947887879985,86269
0.781,0.885,0.0839,0.157,0.212,0.375,1.0001315962626662,13867
0.79,0.764,0.0737,0.0836,0.0871,0.473,119.01565995525728,15125
0.921,0.755,0.0843,0.0691,0.000617,0.404,3.0003947887879985,10794
0.81,0.885,0.108,0.101,0.0,0.447,34.00447427293065,23604
0.911,0.889,0.0872,0.0778,0.0702,0.4,1.0001315962626662,17019
0.751,0.87,0.238,0.0467,0.00309,0.393,24.003158310303988,78291
0.9,0.872,0.209,0.0807,0.0,0.462,1.0001315962626662,69628
0.834,0.878,0.15,0.0461,0.0,0.418,13.001710751414661,48072
0.786,0.797,0.0414,0.233,0.0,0.453,34.00447427293065,51624
0.788,0.945,0.0599,0.223,2.97e-06,0.466,18.00236873272799,31284
0.815,0.833,0.209,0.177,0.00196,0.439,9.001184366363995,17466
0.764,0.986,0.165,0.165,0.0,0.384,6.000789577575997,25787
0.86,0.779,0.0393,0.000645,0.136,0.475,3.0003947887879985,17576
0.763,0.925,0.0969,0.000737,0.136,0.455,3.0003947887879985,25569
0.764,0.785,0.182,0.0098,0.224,0.468,2.0002631925253325,24312
0.759,0.945,0.192,0.0408,0.165,0.437,3.0003947887879985,10730
0.78,0.929,0.0619,0.177,0.14,0.484,2.0002631925253325,43565
0.756,0.804,0.0671,0.289,0.0,0.849,43.00565863929465,66026
0.881,0.848,0.0987,0.353,0.0,0.848,7.000921173838663,67381
0.784,0.893,0.0923,0.3,1.57e-05,0.819,18.00236873272799,25280
0.922,0.927,0.105,0.283,0.00331,0.796,2.0002631925253325,68710
0.817,0.855,0.244,0.318,0.0,0.783,17.002237136465325,60024
0.818,0.93,0.247,0.33,0.0,0.831,5.000657981313331,55335
0.922,0.906,0.144,0.339,0.000163,0.808,1.0001315962626662,51789
0.787,0.858,0.0373,0.405,2.95e-06,0.814,72.00947493091196,68195
0.889,0.857,0.0606,0.461,0.0,0.84,1.0001315962626662,97814
0.78,0.882,0.0394,0.376,0.0,0.859,9.001184366363995,95707
0.877,0.881,0.0713,0.421,0.000345,0.874,1.0001315962626662,51603
0.837,0.789,0.235,0.421,0.0,0.827,13.001710751414661,35953
0.913,0.871,0.198,0.407,0.0,0.763,2.0002631925253325,66501
0.844,0.915,0.129,0.393,0.00238,0.872,7.000921173838663,28194
0.891,0.913,0.149,0.394,0.000173,0.772,1.0001315962626662,51654
0.818,0.859,0.0417,0.31,0.197,0.78,1.0001315962626662,14252
0.804,0.931,0.0533,0.262,0.24,0.826,1.0001315962626662,66435
0.851,0.776,0.0737,0.29,0.027,0.907,50.006579813133314,1773
0.908,0.813,0.0777,0.305,0.0,0.924,4.000526385050665,67906
0.774,0.907,0.04,0.304,0.064,0.962,33.00434267666799,1832
0.928,0.884,0.0715,0.345,0.00199,0.927,1.0001315962626662,107880
0.867,0.796,0.175,0.312,1.34e-05,0.894,5.000657981313331,66432
0.902,0.797,0.169,0.367,6.84e-05,0.962,3.0003947887879985,21606
0.777,0.902,0.153,0.282,0.0,0.924,1.0001315962626662,46595
0.802,0.799,0.0288,0.427,2.03e-06,0.901,56.00736939070931,109233
0.872,0.928,0.0504,0.468,0.0,0.975,14.001842347677327,66419
0.893,0.914,0.074,0.496,0.0,0.964,2.0002631925253325,37734
0.797,0.795,0.162,0.499,0.0,0.897,9.001184366363995,68596
0.863,0.906,0.129,0.384,0.0,0.966,1.0001315962626662,100205
0.79,0.873,0.0372,0.366,0.126,0.963,1.0001315962626662,32754
0.266,0.327,0.0307,0.295,0.0,0.0548,8.00105277010133,113155
0.401,0.272,0.0498,0.311,1.18e-06,0.0927,4.000526385050665,80084
0.325,0.422,0.0312,0.368,5.87e-06,0.0395,16.00210554020266,40571
0.489,0.425,0.0506,0.3,0.0703,0.117,11.001447558889328,36452
0.361,0.3,0.0335,0.483,0.0303,0.125,7.000921173838663,4055
0.38,0.292,0.054,0.498,0.0262,0.0777,16.00210554020266,94274
0.373,0.477,0.0271,0.409,0.000425,0.095,17.002237136465325,113865
0.413,0.445,0.025,0.438,0.0,0.117,12.001579155151994,44713
0.343,0.318,0.0312,0.336,0.158,0.11,2.0002631925253325,64712
0.496,0.404,0.143,0.319,0.16,0.066,1.0001315962626662,54386
0.372,0.309,0.0309,0.459,0.171,0.036,1.0001315962626662,55446
0.403,0.272,0.0325,0.403,0.17,0.105,1.0001315962626662,44683
0.355,0.353,0.0301,0.303,0.000412,0.165,16.00210554020266,93060
0.388,0.334,0.0314,0.364,8.45e-06,0.22,28.003684695354654,99298
0.337,0.482,0.0302,0.308,0.0,0.194,35.00460586919332,40986
0.415,0.398,0.0268,0.314,0.0,0.13,67.00881694959864,113244
0.314,0.277,0.0364,0.467,0.0216,0.161,19.00250032899066,5965
0.44,0.336,0.0289,0.409,0.0,0.25,29.00381629161732,61257
0.348,0.494,0.0307,0.47,0.0,0.23,33.00434267666799,43247
0.442,0.447,0.0278,0.456,0.0,0.165,49.006448216870645,43149
0.403,0.342,0.175,0.497,0.0,0.154,1.0001315962626662,106416
0.281,0.372,0.028,0.332,0.134,0.163,3.0003947887879985,50940
0.335,0.416,0.0348,0.345,0.136,0.223,5.000657981313331,11679
0.598,0.756,0.0339,0.00124,0.504,0.0652,9.001184366363995,111462
0.667,0.837,0.0684,0.0119,0.528,0.0339,3.0003947887879985,27561
0.567,0.904,0.0639,0.00146,0.509,0.0399,37.00486906171865,49837
0.707,0.927,0.109,0.121,0.55,0.0519,11.001447558889328,73268
0.622,0.782,0.171,0.00233,0.521,0.0295,1.0001315962626662,110634
0.679,0.834,0.178,0.0159,0.523,0.0392,1.0001315962626662,27176
0.62,0.905,0.13,0.00135,0.595,0.0377,3.0003947887879985,49924
0.647,0.97,0.134,0.00795,0.594,0.122,8.00105277010133,83287
0.632,0.761,0.0865,0.173,0.579,0.0679,1.0001315962626662,51361
0.539,0.773,0.0374,0.00309,0.725,0.0779,36.00473746545598,54908
0.676,0.857,0.0391,0.00149,0.674,0.0378,24.003158310303988,83008
0.525,0.877,0.0472,0.00033,0.737,0.109,33.00434267666799,41933
0.696,0.899,0.0441,0.00543,0.745,0.0807,17.002237136465325,27916
0.533,0.892,0.209,0.00263,0.66,0.0382,3.0003947887879985,110252
0.698,0.996,0.178,0.0185,0.706,0.0783,7.000921173838663,109798
0.509,0.986,0.0991,0.179,0.662,0.0385,1.0001315962626662,46276
0.59,0.811,0.0343,0.00142,0.544,0.151,17.002237136465325,110824
0.628,0.769,0.0326,0.00676,0.546,0.192,9.001184366363995,83926
0.546,0.979,0.0739,0.00391,0.553,0.231,32.00421108040532,109076
0.685,0.92,0.0983,0.0247,0.616,0.21,8.00105277010133,49115
0.576,0.872,0.146,0.0325,0.59,0.224,2.0002631925253325,49569
0.536,0.933,0.166,0.00014,0.518,0.141,3.0003947887879985,27788
0.689,0.931,0.144,0.0114,0.589,0.145,7.000921173838663,48717
0.672,0.989,0.164,0.175,0.583,0.156,1.0001315962626662,10842
0.607,0.823,0.0431,0.00615,0.641,0.25,15.001973943939994,109901
0.648,0.87,0.0452,0.0665,0.643,0.147,15.001973943939994,49743
0.541,0.918,0.0456,0.0089,0.733,0.166,39.00513225424398,17164
0.662,0.963,0.122,0.0107,0.71,0.238,22.002895117778657,46935
0.53,0.874,0.128,0.000879,0.633,0.202,1.0001315962626662,59427
0.719,0.823,0.179,0.0475,0.732,0.209,2.0002631925253325,54836
0.623,0.939,0.153,0.00609,0.723,0.148,3.0003947887879985,46577
0.716,0.931,0.209,0.000412,0.67,0.2,1.0001315962626662,27808
0.519,0.983,0.103,0.126,0.736,0.23,1.0001315962626662,6842
0.701,0.844,0.133,0.152,0.626,0.198,5.000657981313331,85151
0.526,0.94,0.138,0.156,0.694,0.187,1.0001315962626662,55023
0.577,0.0513,0.033,0.845,0.000144,0.0681,1.0001315962626662,84592
0.512,0.159,0.0305,0.849,1.75e-06,0.0797,16.00210554020266,4406
0.685,0.15,0.039,0.797,0.0461,0.125,1.0001315962626662,11332
0.702,0.221,0.162,0.856,0.00694,0.0767,2.0002631925253325,94253
0.513,0.0685,0.0474,0.935,0.0,0.0774,13.001710751414661,98338
0.638,0.0811,0.0335,0.879,0.00313,0.0503,3.0003947887879985,84227
0.522,0.128,0.0357,0.894,0.026,0.124,20.002631925253326,94758
0.657,0.134,0.0357,0.986,0.0,0.119,16.00210554020266,64929
0.503,0.115,0.158,0.961,0.0,0.122,1.0001315962626662,93599
0.561,0.111,0.0324,0.871,0.205,0.0607,3.0003947887879985,102568
0.66,0.177,0.0377,0.835,0.162,0.0699,1.0001315962626662,15265
0.512,0.165,0.033,0.899,0.236,0.0869,5.000657981313331,99409
0.517,0.102,0.0757,0.874,0.0,0.188,16.00210554020266,108187
0.626,0.0596,0.0527,0.874,0.0,0.225,6.000789577575997,98858
0.515,0.168,0.0321,0.828,0.0,0.169,73.00960652717464,113547
0.636,0.243,0.04,0.815,0.0,0.239,25.003289906566657,31672
0.569,0.196,0.154,0.806,1.35e-06,0.185,1.0001315962626662,98739
0.532,0.0704,0.0777,0.937,0.0,0.192,53.00697460192131,26119
0.734,0.0423,0.0583,0.916,0.0,0.14,12.001579155151994,284
0.526,0.184,0.0359,0.95,0.0,0.237,81.01065929727596,70073
0.711,0.21,0.0484,0.96,0.0268,0.159,18.00236873272799,14973
0.546,0.0727,0.192,0.93,0.000111,0.146,1.0001315962626662,26494
0.53,0.175,0.16,0.926,0.114,0.161,4.000526385050665,105508
0.525,0.0623,0.05,0.994,0.157,0.17,5.000657981313331,64266
0.786,0.225,0.573,0.679,0.0,0.658,1.0001315962626662,66688
0.568,0.351,0.582,0.67,0.0,0.639,10.001315962626663,77770
0.808,0.498,0.701,0.615,0.0,0.75,3.0003947887879985,37271
0.618,0.245,0.924,0.676,0.0,0.522,3.0003947887879985,14722
0.648,0.499,0.915,0.728,0.0,0.68,16.00210554020266,18741
0.759,0.494,0.951,0.746,0.0,0.573,1.0001315962626662,18357
0.652,0.208,0.544,0.907,0.0,0.632,2.0002631925253325,14644
0.878,0.202,0.548,0.818,0.0,0.612,1.0001315962626662,14840
0.622,0.467,0.568,0.872,2.15e-06,0.716,5.000657981313331,94039
0.689,0.237,0.96,0.973,0.0,0.595,2.0002631925253325,18927
0.816,0.188,0.915,0.854,0.0,0.526,1.0001315962626662,66918
0.692,0.445,0.952,0.772,0.0,0.58,29.00381629161732,18934
0.83,0.148,0.679,0.546,0.0,0.872,1.0001315962626662,66431
0.647,0.417,0.862,0.654,0.0,0.807,2.0002631925253325,14587
0.678,0.179,0.598,0.796,0.0,0.772,1.0001315962626662,66183
0.802,0.153,0.532,0.761,0.0,0.96,1.0001315962626662,66914
0.649,0.448,0.506,0.812,0.0,0.923,3.0003947887879985,26449
0.754,0.34,0.505,0.834,0.0,0.922,2.0002631925253325,108031
0.618,0.446,0.941,0.895,0.0,0.907,10.001315962626663,18961
0.364,0.61,0.0529,0.603,2.55e-06,0.547,5.000657981313331,77417
0.406,0.576,0.0275,0.563,0.0,0.556,28.003684695354654,74809
0.366,0.743,0.066,0.622,0.0,0.586,12.001579155151994,80720
0.406,0.719,0.0825,0.581,0.0,0.584,26.003421502829323,77893
0.455,0.61,0.146,0.502,0.0,0.549,3.0003947887879985,68947
0.339,0.686,0.167,0.567,0.0,0.51,1.0001315962626662,98915
0.359,0.573,0.0326,0.665,0.000178,0.562,35.00460586919332,8282
0.408,0.516,0.0456,0.691,0.0,0.514,49.006448216870645,15680
0.323,0.629,0.0398,0.662,0.0,0.559,5.000657981313331,77435
0.383,0.689,0.0526,0.682,0.0,0.563,40.00526385050665,96032
0.447,0.53,0.164,0.646,9.98e-05,0.523,3.0003947887879985,108841
0.45,0.687,0.183,0.733,0.0,0.553,2.0002631925253325,77829
0.492,0.64,0.0723,0.568,0.178,0.556,3.0003947887879985,102801
0.424,0.675,0.0499,0.647,0.127,0.566,1.0001315962626662,41754
0.3,0.579,0.0391,0.54,7.25e-05,0.707,12.001579155151994,25149
0.473,0.514,0.1,0.505,0.0,0.698,23.003026714041322,70596
0.369,0.696,0.0312,0.606,2.7e-05,0.654,2.0002631925253325,111538
0.4,0.694,0.0621,0.573,0.0,0.727,31.004079484142654,34318
0.49,0.586,0.217,0.547,0.0,0.718,2.0002631925253325,98465
0.452,0.702,0.201,0.538,0.0,0.693,1.0001315962626662,96865
0.322,0.582,0.0548,0.631,8.03e-06,0.724,2.0002631925253325,96732
0.436,0.543,0.0962,0.654,9.35e-06,0.663,35.00460586919332,8623
0.303,0.648,0.0512,0.642,0.053,0.644,12.001579155151994,11779
0.447,0.73,0.0365,0.749,0.000252,0.712,37.00486906171865,84567
0.467,0.537,0.127,0.679,2.64e-06,0.7,4.000526385050665,108919
0.404,0.577,0.0294,0.605,0.249,0.637,1.0001315962626662,547
0.55,0.765,0.0417,0.534,0.0,0.592,23.003026714041322,67397
0.711,0.774,0.0564,0.549,0.0,0.553,31.004079484142654,37490
0.611,0.907,0.0505,0.524,2.53e-05,0.6,10.001315962626663,95339
0.672,0.932,0.096,0.545,0.0,0.581,1.0001315962626662,26241
0.588,0.764,0.154,0.544,3.48e-06,0.557,12.001579155151994,74672
0.678,0.772,0.165,0.577,0.0,0.507,5.000657981313331,60440
0.536,0.937,0.183,0.566,0.0,0.608,1.0001315962626662,96705
0.509,0.763,0.039,0.686,3.57e-05,0.578,15.001973943939994,77530
0.646,0.798,0.0626,0.689,0.0,0.544,14.001842347677327,104099
0.658,0.906,0.0787,0.657,0.00112,0.501,4.000526385050665,69471
0.594,0.815,0.216,0.668,0.0,0.54,21.00276352151599,103776
0.68,0.86,0.183,0.645,0.0,0.603,2.0002631925253325,97214
0.67,0.905,0.129,0.669,0.000227,0.563,3.0003947887879985,56503
0.653,0.759,0.0955,0.696,0.191,0.608,1.0001315962626662,106678
0.537,0.761,0.0741,0.543,0.0,0.705,45.00592183181998,77723
0.649,0.802,0.03,0.587,0.000259,0.749,53.00697460192131,95489
0.599,0.929,0.0756,0.528,0.0,0.695,19.00250032899066,35873
0.715,0.893,0.0426,0.596,0.0,0.668,7.000921173838663,35123
0.562,0.765,0.21,0.613,0.0,0.707,9.001184366363995,57829
0.737,0.846,0.147,0.533,0.0,0.703,2.0002631925253325,97405
0.533,0.931,0.146,0.591,2.81e-05,0.711,4.000526385050665,35021
0.747,0.95,0.175,0.504,3.92e-06,0.656,4.000526385050665,74641
0.531,0.839,0.0577,0.742,0.0,0.685,25.003289906566657,96029
0.634,0.775,0.0691,0.745,0.0,0.653,25.003289906566657,97560
0.586,0.894,0.0789,0.684,1.08e-05,0.7,6.000789577575997,35770
0.672,0.879,0.0541,0.703,1.14e-05,0.717,10.001315962626663,104826
0.582,0.789,0.135,0.632,0.0,0.728,4.000526385050665,35057
0.636,0.83,0.223,0.697,0.0,0.718,9.001184366363995,104816
0.53,0.894,0.156,0.733,2.16e-06,0.722,2.0002631925253325,35785
0.626,0.803,0.0299,0.716,0.226,0.728,1.0001315962626662,82774
0.618,0.109,0.036,0.82,0.0,0.558,5.000657981313331,66529
0.694,0.0816,0.0394,0.861,0.0,0.528,4.000526385050665,12414
0.625,0.18,0.0283,0.824,1.17e-06,0.505,38.00500065798132,90834
0.744,0.188,0.0312,0.798,2.78e-06,0.514,18.00236873272799,52630
0.703,0.0828,0.139,0.825,1.24e-05,0.57,1.0001315962626662,14607
0.515,0.187,0.194,0.872,0.0,0.569,1.0001315962626662,93709
0.506,0.106,0.0376,0.939,0.0,0.508,17.002237136465325,52689
0.655,0.104,0.0319,0.891,0.0011,0.506,18.00236873272799,57465
0.543,0.25,0.0277,0.936,0.00353,0.569,69.00908014212396,45673
0.685,0.242,0.0293,0.932,0.0,0.59,54.007106198183976,52675
0.524,0.173,0.155,0.989,3.11e-06,0.503,2.0002631925253325,16650
0.748,0.238,0.156,0.99,0.000404,0.587,3.0003947887879985,108153
0.565,0.0392,0.045,0.835,0.183,0.601,2.0002631925253325,45016
0.653,0.0639,0.0709,0.995,0.163,0.6,3.0003947887879985,93353
0.534,0.15,0.0422,0.984,0.2,0.53,2.0002631925253325,16937
0.643,0.17,0.0485,0.948,0.127,0.622,1.0001315962626662,93087
0.717,0.109,0.0344,0.847,0.0,0.677,3.0003947887879985,52132
0.594,0.226,0.0306,0.82,0.0,0.701,14.001842347677327,52466
0.713,0.151,0.0799,0.837,0.0,0.63,32.00421108040532,108397
0.697,0.201,0.201,0.769,0.0,0.714,2.0002631925253325,98342
0.625,0.103,0.0435,0.921,1.06e-06,0.668,12.001579155151994,102026
0.63,0.0932,0.0617,0.965,1.78e-05,0.633,7.000921173838663,108347
0.524,0.238,0.0426,0.892,0.0148,0.641,25.003289906566657,7794
0.744,0.209,0.0418,0.936,0.00112,0.705,21.00276352151599,45446
0.678,0.106,0.242,0.981,0.0,0.633,1.0001315962626662,93778
0.617,0.135,0.148,0.992,0.00034,0.641,3.0003947887879985,108357
0.663,0.166,0.213,0.95,0.00904,0.732,5.000657981313331,15167
0.533,0.0986,0.0727,0.938,0.15,0.671,1.0001315962626662,16843
0.523,0.246,0.0382,0.99,0.195,0.69,1.0001315962626662,93854
0.646,0.194,0.0515,0.984,0.165,0.627,1.0001315962626662,108563
0.221,0.87,0.0896,0.00322,7.05e-05,0.304,41.00539544676931,86755
0.112,0.978,0.117,0.000108,0.0241,0.371,11.001447558889328,91340
0.234,0.975,0.0876,1.84e-06,0.0299,0.303,110.01447558889329,22533
0.0991,0.987,0.205,2.42e-06,0.000751,0.283,1.0001315962626662,22514
0.175,0.995,0.211,0.000145,2.5e-06,0.303,51.006711409395976,62213
0.221,0.831,0.0545,0.164,0.00017,0.269,4.000526385050665,41825
0.121,0.875,0.0617,6.88e-05,0.217,0.361,3.0003947887879985,38884
0.15,0.859,0.0595,0.00201,0.194,0.354,6.000789577575997,71002
0.19,0.967,0.111,4.17e-06,0.247,0.289,8.00105277010133,6980
0.223,0.99,0.161,2.41e-05,0.137,0.364,3.0003947887879985,50603
0.103,0.819,0.0462,7.26e-06,0.0732,0.402,1.0001315962626662,58883
0.231,0.865,0.0563,0.000971,4.99e-05,0.482,25.003289906566657,41418
0.121,0.99,0.108,5.74e-05,0.00358,0.405,1.0001315962626662,6517
0.18,0.948,0.0853,0.00422,4.51e-05,0.424,59.00776417949731,9516
0.181,0.913,0.152,0.0501,0.0,0.392,23.003026714041322,5055
0.101,0.776,0.053,0.186,0.000154,0.393,1.0001315962626662,82963
0.203,0.818,0.0621,0.188,0.0,0.392,2.0002631925253325,19558
0.221,0.882,0.0778,0.198,0.00533,0.457,2.0002631925253325,74847
0.193,0.859,0.0459,2.24e-05,0.131,0.385,2.0002631925253325,38437
0.229,0.949,0.0537,1.67e-05,0.187,0.4,6.000789577575997,22000
0.239,0.989,0.2,3.31e-05,0.182,0.42,1.0001315962626662,42122
0.621,0.341,0.049,0.102,7.78e-05,0.578,5.000657981313331,84707
0.649,0.273,0.0305,0.0131,0.0,0.564,8.00105277010133,39838
0.619,0.484,0.0572,0.116,0.000121,0.61,25.003289906566657,57461
0.722,0.496,0.0492,0.0815,8.37e-06,0.597,36.00473746545598,106516
0.523,0.483,0.224,0.113,0.0,0.582,3.0003947887879985,9972
0.738,0.498,0.249,0.0112,0.00345,0.545,3.0003947887879985,69753
0.538,0.325,0.0343,0.158,6.02e-05,0.522,8.00105277010133,112780
0.637,0.333,0.0262,0.181,0.0,0.588,8.00105277010133,79323
0.567,0.494,0.046,0.245,0.00132,0.547,58.00763258323464,2476
0.705,0.438,0.0276,0.215,0.0,0.596,51.006711409395976,69793
0.748,0.356,0.176,0.205,0.0,0.59,1.0001315962626662,15705
0.732,0.424,0.208,0.163,0.0,0.582,3.0003947887879985,28687
0.589,0.432,0.0361,0.00919,0.195,0.605,4.000526385050665,9293
0.626,0.453,0.0269,0.112,0.226,0.615,1.0001315962626662,92737
0.713,0.312,0.0568,0.131,0.159,0.603,1.0001315962626662,85613
0.686,0.499,0.0306,0.141,0.203,0.515,2.0002631925253325,105187
0.573,0.264,0.0323,0.057,0.0,0.742,4.000526385050665,82499
0.717,0.372,0.0282,0.059,3.42e-06,0.727,4.000526385050665,90166
0.51,0.5,0.0421,0.037,0.0,0.627,28.003684695354654,52364
0.711,0.443,0.067,0.0917,0.0444,0.743,35.00460586919332,107493
0.676,0.461,0.143,0.0322,1.01e-06,0.715,6.000789577575997,0
0.557,0.338,0.0257,0.134,0.00184,0.689,1.0001315962626662,33482
0.682,0.347,0.0628,0.145,5.26e-06,0.694,2.0002631925253325,8572
0.589,0.419,0.042,0.206,0.0,0.716,27.003553099091988,89680
0.722,0.45,0.0396,0.199,3.14e-06,0.664,33.00434267666799,103196
0.687,0.434,0.25,0.184,0.00103,0.65,1.0001315962626662,33729
0.535,0.485,0.057,0.0355,0.171,0.649,1.0001315962626662,12287
0.737,0.5,0.0456,0.00831,0.158,0.724,2.0002631925253325,110836
0.605,0.262,0.0479,0.311,0.0301,0.0464,9.001184366363995,111831
0.522,0.387,0.0291,0.344,0.0,0.112,11.001447558889328,40923
0.64,0.459,0.116,0.34,0.00962,0.123,8.00105277010133,112102
0.581,0.316,0.19,0.334,0.0145,0.108,1.0001315962626662,111415
0.555,0.324,0.0282,0.438,0.0,0.117,9.001184366363995,9138
0.642,0.374,0.032,0.423,1.54e-06,0.0979,7.000921173838663,329
0.51,0.421,0.0257,0.405,0.0,0.0491,12.001579155151994,50243
0.676,0.5,0.0412,0.422,0.0,0.124,13.001710751414661,74111
0.706,0.297,0.132,0.468,0.0,0.123,2.0002631925253325,94060
0.621,0.44,0.204,0.384,2.08e-05,0.0933,1.0001315962626662,32073
0.508,0.33,0.0265,0.259,0.154,0.101,3.0003947887879985,57357
0.725,0.36,0.0803,0.297,0.192,0.0912,1.0001315962626662,60924
0.639,0.365,0.0711,0.469,0.144,0.0368,1.0001315962626662,24183
0.519,0.363,0.0302,0.317,1.17e-06,0.211,28.003684695354654,19411
0.681,0.292,0.0326,0.275,0.0,0.175,7.000921173838663,25438
0.549,0.442,0.0284,0.294,1.72e-06,0.152,69.00908014212396,28182
0.736,0.436,0.0394,0.364,0.0,0.21,27.003553099091988,15854
0.605,0.363,0.248,0.27,2.1e-05,0.248,2.0002631925253325,60219
0.528,0.468,0.133,0.264,0.0,0.241,4.000526385050665,15194
0.71,0.478,0.178,0.341,0.0,0.139,2.0002631925253325,39675
0.525,0.311,0.0256,0.42,2.06e-05,0.192,26.003421502829323,34731
0.638,0.352,0.0268,0.492,0.0,0.204,14.001842347677327,11388
0.537,0.46,0.0296,0.419,0.0,0.154,70.00921173838664,43440
0.661,0.378,0.0269,0.411,0.000371,0.146,18.00236873272799,5750
0.644,0.337,0.183,0.389,0.0,0.206,1.0001315962626662,15516
0.562,0.471,0.142,0.463,0.0,0.161,1.0001315962626662,21732
0.678,0.383,0.131,0.384,1.86e-06,0.174,2.0002631925253325,33613
0.513,0.396,0.0299,0.251,0.177,0.229,4.000526385050665,34210
0.535,0.487,0.0326,0.385,0.165,0.141,3.0003947887879985,17810
0.0,2.03e-05,0.0,0.754,0.00641,0.0,1.0001315962626662,101898
0.185,0.00467,0.0501,0.857,0.0218,0.0383,14.001842347677327,76723
0.221,0.211,0.0341,0.796,0.00132,0.0639,19.00250032899066,98641
0.0,2.03e-05,0.0,0.974,0.00105,0.0,20.002631925253326,101447
0.144,0.109,0.0469,0.946,0.00967,0.04,76.01000131596264,76918
0.119,0.242,0.037,0.953,0.101,0.0405,5.000657981313331,76285
0.208,0.14,0.0391,0.972,0.083,0.0687,77.0101329122253,93991
0.0,0.032,0.0,0.916,0.202,0.0,5.000657981313331,101374
0.158,0.00972,0.0463,0.949,0.137,0.0572,17.002237136465325,39047
0.18,0.223,0.0351,0.981,0.128,0.117,8.00105277010133,93852
0.213,0.000281,0.232,0.92,0.187,0.0,1.0001315962626662,101047
0.245,0.0965,0.0351,0.828,0.0,0.157,5.000657981313331,98677
0.208,0.136,0.0486,0.858,0.000892,0.215,48.006316620607976,76819
0.177,0.0626,0.0387,0.978,0.00354,0.229,24.003158310303988,16697
0.167,0.165,0.0396,0.954,0.000111,0.157,33.00434267666799,98673
0.233,0.0932,0.0375,0.954,0.237,0.194,1.0001315962626662,16829
0.516,0.375,0.0352,0.842,0.0,0.805,24.003158310303988,18638
0.682,0.28,0.0357,0.818,0.0,0.755,18.00236873272799,74406
0.574,0.414,0.0495,0.842,0.0,0.867,50.006579813133314,8098
0.641,0.397,0.0782,0.764,0.0,0.784,31.004079484142654,90194
0.594,0.318,0.181,0.821,0.000235,0.767,1.0001315962626662,14762
0.506,0.487,0.136,0.794,0.000373,0.797,5.000657981313331,65773
0.64,0.395,0.181,0.827,0.0,0.81,5.000657981313331,108543
0.614,0.355,0.0406,0.965,0.00019,0.838,21.00276352151599,93564
0.725,0.279,0.038,0.902,0.00028,0.778,26.003421502829323,52596
0.568,0.439,0.0694,0.948,0.0,0.809,22.002895117778657,108441
0.687,0.46,0.0785,0.985,0.0,0.799,13.001710751414661,108978
0.701,0.375,0.134,0.97,0.00045,0.764,5.000657981313331,108766
0.505,0.471,0.181,0.98,6.68e-05,0.83,6.000789577575997,108875
0.722,0.403,0.166,0.985,2.95e-06,0.818,5.000657981313331,108068
0.548,0.47,0.0351,0.848,0.222,0.797,1.0001315962626662,7119
0.687,0.383,0.032,0.766,0.126,0.765,1.0001315962626662,45249
0.554,0.358,0.043,0.929,0.207,0.78,1.0001315962626662,65746
0.628,0.417,0.0431,0.876,0.132,0.81,1.0001315962626662,52957
0.553,0.355,0.0416,0.82,0.0417,0.892,3.0003947887879985,95230
0.73,0.295,0.0335,0.781,1.72e-05,0.961,12.001579155151994,14557
0.539,0.422,0.0305,0.813,0.0,0.882,13.001710751414661,52257
0.711,0.396,0.0486,0.829,3e-05,0.969,35.00460586919332,14005
0.558,0.375,0.156,0.816,0.0,0.885,1.0001315962626662,52344
0.675,0.362,0.15,0.759,0.0,0.89,2.0002631925253325,98345
0.61,0.404,0.198,0.864,1.75e-06,0.968,2.0002631925253325,87898
0.695,0.397,0.135,0.768,3.91e-05,0.916,3.0003947887879985,98379
0.522,0.328,0.0763,0.969,0.0,0.896,5.000657981313331,52857
0.693,0.353,0.111,0.993,0.0,0.883,10.001315962626663,93177
0.538,0.494,0.0471,0.897,0.0,0.881,6.000789577575997,90634
0.738,0.406,0.0445,0.89,6.76e-05,0.96,8.00105277010133,87835
0.589,0.328,0.146,0.952,0.0,0.876,2.0002631925253325,52167
0.702,0.315,0.222,0.966,0.0,0.961,1.0001315962626662,108170
0.624,0.468,0.132,0.881,6.35e-06,0.952,3.0003947887879985,92217
0.637,0.4,0.157,0.979,0.00265,0.922,4.000526385050665,93209
0.628,0.361,0.0563,0.982,0.136,0.898,2.0002631925253325,93354
0.551,0.475,0.0791,0.987,0.141,0.966,1.0001315962626662,90281
0.592,0.797,0.0288,0.000929,0.847,0.518,15.001973943939994,86318
0.693,0.792,0.0321,1.74e-05,0.787,0.553,26.003421502829323,17011
0.58,0.936,0.0401,0.0828,0.78,0.62,33.00434267666799,46749
0.729,0.922,0.0838,0.00186,0.815,0.587,49.006448216870645,10972
0.719,0.768,0.206,0.000456,0.861,0.624,1.0001315962626662,27626
0.584,0.93,0.176,0.000123,0.815,0.503,1.0001315962626662,6892
0.61,0.791,0.0518,0.213,0.782,0.589,2.0002631925253325,54585
0.658,0.846,0.0689,0.13,0.844,0.594,4.000526385050665,10839
0.714,0.878,0.065,0.153,0.811,0.509,1.0001315962626662,24150
0.569,0.813,0.0345,0.0235,0.893,0.621,11.001447558889328,24793
0.697,0.81,0.0684,0.00611,0.89,0.602,14.001842347677327,24849
0.574,0.941,0.0428,0.00415,0.93,0.58,16.00210554020266,10643
0.663,0.885,0.0401,0.0127,0.911,0.563,14.001842347677327,24242
0.599,0.789,0.0263,0.234,0.897,0.602,1.0001315962626662,111507
0.71,0.767,0.0437,0.146,0.896,0.593,2.0002631925253325,111276
0.532,0.967,0.0457,0.146,0.985,0.59,3.0003947887879985,110373
0.694,0.983,0.0665,0.145,0.977,0.519,2.0002631925253325,109498
0.513,0.845,0.0565,0.0152,0.848,0.706,10.001315962626663,1627
0.737,0.802,0.0599,0.000591,0.868,0.665,19.00250032899066,13098
0.624,0.888,0.0358,0.114,0.867,0.673,23.003026714041322,13189
0.696,0.991,0.0503,0.0239,0.841,0.642,32.00421108040532,13809
0.714,0.831,0.14,0.0799,0.796,0.654,1.0001315962626662,24831
0.641,0.952,0.133,0.000175,0.81,0.715,1.0001315962626662,10758
0.599,0.856,0.0387,0.175,0.868,0.663,2.0002631925253325,17179
0.661,0.847,0.0349,0.225,0.835,0.71,2.0002631925253325,109590
0.658,0.908,0.0513,0.217,0.82,0.732,1.0001315962626662,24543
0.614,0.754,0.0452,0.0101,0.889,0.744,8.00105277010133,24968
0.748,0.756,0.0509,0.0358,0.908,0.717,16.00210554020266,73227
0.619,0.981,0.0611,9.35e-05,0.895,0.729,17.002237136465325,10429
0.718,0.908,0.044,0.00092,0.892,0.717,11.001447558889328,10329
0.605,0.773,0.0289,0.242,0.948,0.688,2.0002631925253325,82979
0.749,0.872,0.098,0.249,0.93,0.644,4.000526385050665,24755
0.698,0.899,0.0826,0.156,0.892,0.721,3.0003947887879985,13786
0.371,0.519,0.0286,0.303,0.0,0.091,6.000789577575997,57752
0.461,0.54,0.0629,0.268,0.0,0.107,16.00210554020266,103516
0.309,0.687,0.0455,0.257,0.0,0.11,2.0002631925253325,28434
0.45,0.647,0.0835,0.26,5.8e-05,0.122,3.0003947887879985,51953
0.271,0.525,0.037,0.377,0.00495,0.0964,4.000526385050665,76552
0.411,0.537,0.0287,0.402,0.000403,0.0758,12.001579155151994,74358
0.293,0.743,0.0725,0.386,7.85e-05,0.0874,3.0003947887879985,59357
0.434,0.637,0.0613,0.451,0.0,0.1,8.00105277010133,106082
0.371,0.51,0.0468,0.296,8.19e-05,0.147,29.00381629161732,882
0.424,0.608,0.0275,0.261,0.0,0.193,73.00960652717464,113272
0.322,0.666,0.0466,0.302,0.0,0.156,24.003158310303988,113472
0.479,0.659,0.0351,0.264,0.0333,0.178,34.00447427293065,29743
0.489,0.523,0.157,0.296,0.0,0.186,1.0001315962626662,112511
0.493,0.693,0.181,0.366,0.0,0.167,1.0001315962626662,33684
0.364,0.549,0.0328,0.425,3.81e-06,0.208,23.003026714041322,100047
0.469,0.561,0.0299,0.43,3.11e-05,0.192,57.007500986971976,43292
0.363,0.63,0.0401,0.485,0.0,0.155,16.00210554020266,40132
0.394,0.745,0.0451,0.422,0.000872,0.193,15.001973943939994,29764
0.421,0.529,0.131,0.435,0.0,0.212,5.000657981313331,3086
0.451,0.665,0.216,0.426,0.000155,0.229,1.0001315962626662,21717
0.36,0.548,0.0468,0.328,0.217,0.244,1.0001315962626662,44921
0.426,0.617,0.0289,0.341,0.181,0.201,3.0003947887879985,38077
0.489,0.724,0.0352,0.313,0.185,0.15,4.000526385050665,8265
0.288,0.506,0.0466,0.472,0.228,0.136,1.0001315962626662,108980
0.431,0.523,0.036,0.383,0.197,0.145,1.0001315962626662,69880
0.449,0.654,0.0841,0.41,0.15,0.144,2.0002631925253325,42016
0.644,0.153,0.0366,0.777,0.841,0.107,2.0002631925253325,79727
0.551,0.114,0.0451,0.977,0.874,0.124,7.000921173838663,79579
0.644,0.0878,0.0505,0.927,0.859,0.124,2.0002631925253325,45703
0.514,0.206,0.0304,0.885,0.867,0.121,3.0003947887879985,75391
0.63,0.202,0.0302,0.958,0.871,0.0969,6.000789577575997,4978
0.507,0.0454,0.0576,0.857,0.955,0.0757,2.0002631925253325,54379
0.701,0.015,0.0561,0.863,0.927,0.0364,1.0001315962626662,64957
0.507,0.195,0.0756,0.874,0.92,0.0709,6.000789577575997,105551
0.634,0.215,0.0354,0.759,0.913,0.123,8.00105277010133,105868
0.589,0.124,0.0518,0.989,0.962,0.122,37.00486906171865,26627
0.65,0.0708,0.0643,0.994,0.929,0.111,13.001710751414661,45601
0.555,0.134,0.0367,0.987,0.885,0.084,23.003026714041322,79349
0.637,0.143,0.0376,0.913,0.906,0.116,16.00210554020266,45563
0.728,0.0111,0.129,0.995,0.97,0.0,1.0001315962626662,26813
0.703,0.241,0.217,0.968,0.948,0.117,1.0001315962626662,105570
0.749,0.124,0.0398,0.849,0.819,0.164,3.0003947887879985,94187
0.613,0.208,0.0329,0.757,0.828,0.218,5.000657981313331,105948
0.703,0.219,0.0888,0.754,0.863,0.149,3.0003947887879985,94557
0.525,0.105,0.0628,0.914,0.802,0.173,14.001842347677327,45165
0.696,0.11,0.0349,0.992,0.865,0.164,5.000657981313331,79399
0.502,0.19,0.0363,0.92,0.858,0.15,8.00105277010133,76821
0.695,0.221,0.0415,0.951,0.806,0.183,7.000921173838663,5868
0.536,0.0486,0.132,0.92,0.822,0.157,3.0003947887879985,5332
0.74,0.118,0.128,0.917,0.845,0.249,1.0001315962626662,105283
0.559,0.222,0.0394,0.871,0.908,0.131,7.000921173838663,45953
0.673,0.17,0.0347,0.858,0.879,0.213,10.001315962626663,4989
0.7,0.248,0.138,0.863,0.895,0.23,1.0001315962626662,105287
0.532,0.0378,0.0667,0.964,0.936,0.16,68.0089485458613,26956
0.684,0.0892,0.0609,0.981,0.951,0.223,25.003289906566657,15243
0.526,0.207,0.0574,0.942,0.889,0.163,31.004079484142654,11399
0.684,0.206,0.0321,0.973,0.935,0.143,20.002631925253326,105221
0.569,0.00733,0.173,0.996,0.929,0.16,3.0003947887879985,75753
0.58,0.161,0.15,0.938,0.925,0.142,2.0002631925253325,105717
0.693,0.16,0.146,0.928,0.956,0.189,1.0001315962626662,45412
0.527,0.613,0.0446,0.361,0.125,0.0803,10.001315962626663,75181
0.744,0.535,0.0736,0.279,0.0,0.106,7.000921173838663,51336
0.605,0.655,0.0294,0.291,0.0445,0.0719,7.000921173838663,23966
0.698,0.743,0.11,0.284,0.0172,0.0442,3.0003947887879985,17073
0.569,0.511,0.165,0.276,0.0,0.0934,1.0001315962626662,112829
0.512,0.588,0.0289,0.44,0.0,0.0781,4.000526385050665,50785
0.726,0.589,0.0576,0.421,0.00142,0.0398,1.0001315962626662,33823
0.527,0.683,0.035,0.407,1.91e-06,0.114,1.0001315962626662,29714
0.703,0.643,0.112,0.495,0.0,0.106,4.000526385050665,112990
0.529,0.53,0.149,0.443,0.00974,0.11,1.0001315962626662,112358
0.567,0.506,0.0544,0.302,3.25e-06,0.196,52.006843005658645,29884
0.671,0.512,0.0334,0.272,0.0,0.187,24.003158310303988,2880
0.561,0.656,0.027,0.329,0.0,0.238,37.00486906171865,43446
0.627,0.653,0.0923,0.285,0.0,0.225,29.00381629161732,23905
0.556,0.509,0.245,0.33,0.0,0.206,4.000526385050665,60135
0.64,0.505,0.13,0.365,0.0,0.245,3.0003947887879985,94542
0.595,0.689,0.148,0.254,5.44e-06,0.213,4.000526385050665,31666
0.681,0.627,0.159,0.303,7.04e-05,0.135,4.000526385050665,17852
0.603,0.573,0.0502,0.478,0.0,0.236,53.00697460192131,99022
0.731,0.573,0.0544,0.401,5.22e-05,0.145,27.003553099091988,67903
0.567,0.651,0.0405,0.447,0.0,0.189,33.00434267666799,39175
0.665,0.738,0.0345,0.447,0.0,0.214,10.001315962626663,70654
0.61,0.554,0.13,0.428,0.000322,0.231,7.000921173838663,36066
0.725,0.564,0.149,0.452,0.000139,0.175,3.0003947887879985,112279
0.508,0.701,0.247,0.491,0.0,0.243,1.0001315962626662,36668
0.626,0.656,0.139,0.384,0.0,0.161,2.0002631925253325,39876
0.606,0.517,0.0228,0.358,0.133,0.136,1.0001315962626662,10652
0.736,0.604,0.0437,0.312,0.145,0.187,1.0001315962626662,111788
0.555,0.59,0.0552,0.451,0.166,0.142,3.0003947887879985,70970
0.676,0.536,0.0639,0.414,0.248,0.195,3.0003947887879985,36808
0.692,0.651,0.163,0.475,0.189,0.224,1.0001315962626662,36516
0.687,0.388,0.649,0.567,0.0,0.214,5.000657981313331,43546
0.561,0.377,0.954,0.642,0.0,0.207,4.000526385050665,18272
0.637,0.0523,0.736,0.84,0.0,0.238,1.0001315962626662,98659
0.61,0.131,0.908,0.884,1.48e-05,0.178,1.0001315962626662,59497
0.567,0.481,0.925,0.804,0.0,0.175,5.000657981313331,18222
0.842,0.195,0.527,0.535,1.1e-05,0.428,1.0001315962626662,66025
0.607,0.255,0.541,0.6,0.0,0.471,2.0002631925253325,98699
0.868,0.411,0.535,0.7,0.0,0.349,3.0003947887879985,21724
0.676,0.306,0.957,0.739,0.0,0.44,11.001447558889328,18583
0.666,0.247,0.634,0.798,0.0,0.406,4.000526385050665,14878
0.752,0.191,0.574,0.846,0.0,0.391,1.0001315962626662,98940
0.517,0.301,0.705,0.912,0.0,0.331,12.001579155151994,96635
0.608,0.148,0.918,0.879,4.17e-05,0.291,8.00105277010133,59245
0.637,0.368,0.931,0.832,0.0,0.485,24.003158310303988,14826
0.78,0.313,0.931,0.861,0.0,0.43,1.0001315962626662,66967
0.789,0.421,0.655,0.776,0.496,0.476,1.0001315962626662,105437
0.501,0.311,0.034,0.569,0.0,0.769,8.00105277010133,111971
0.668,0.363,0.0306,0.579,1.96e-06,0.851,8.00105277010133,52803
0.516,0.491,0.0778,0.617,0.0,0.788,24.003158310303988,64175
0.714,0.4,0.036,0.538,3.65e-05,0.823,31.004079484142654,52122
0.609,0.326,0.15,0.6,0.0674,0.805,1.0001315962626662,108215
0.603,0.487,0.165,0.549,0.0,0.792,1.0001315962626662,26041
0.677,0.455,0.141,0.616,0.0,0.782,3.0003947887879985,35000
0.501,0.374,0.029,0.682,0.0,0.813,17.002237136465325,97376
0.694,0.251,0.0563,0.688,0.000104,0.782,17.002237136465325,14148
0.586,0.432,0.0833,0.652,0.0,0.805,41.00539544676931,98518
0.739,0.48,0.0263,0.718,0.00292,0.758,47.006185024345314,3330
0.516,0.336,0.187,0.68,0.0,0.77,3.0003947887879985,92682
0.721,0.366,0.132,0.724,2.08e-05,0.798,1.0001315962626662,15715
0.511,0.475,0.161,0.708,0.0,0.819,3.0003947887879985,26011
0.68,0.463,0.165,0.718,0.0,0.858,4.000526385050665,26161
0.535,0.455,0.0643,0.557,0.228,0.775,1.0001315962626662,59344
0.699,0.294,0.0294,0.587,0.0,0.893,5.000657981313331,11474
0.576,0.462,0.0424,0.581,0.0,0.881,14.001842347677327,64892
0.634,0.473,0.0425,0.575,0.0,0.915,17.002237136465325,52486
0.744,0.5,0.225,0.597,0.0,0.889,3.0003947887879985,96676
0.604,0.366,0.0513,0.641,4.91e-05,0.896,7.000921173838663,92699
0.732,0.347,0.0737,0.699,0.0,0.978,9.001184366363995,14253
0.624,0.432,0.0344,0.656,0.0,0.935,15.001973943939994,92917
0.715,0.391,0.0421,0.684,0.0,0.909,54.007106198183976,14896
0.74,0.295,0.148,0.696,0.0,0.929,1.0001315962626662,94896
0.736,0.48,0.201,0.71,1.9e-05,0.925,1.0001315962626662,96776
0.46,0.721,0.0308,0.564,0.613,0.598,7.000921173838663,38750
0.404,0.889,0.06,0.687,0.733,0.58,1.0001315962626662,41595
0.44,0.59,0.114,0.795,0.685,0.712,4.000526385050665,93871
0.372,0.833,0.11,0.861,0.682,0.582,1.0001315962626662,16355
0.5,0.543,0.305,0.976,0.646,0.52,1.0001315962626662,105873
0.106,0.53,0.0341,0.508,0.86,0.687,1.0001315962626662,59386
0.486,0.558,0.0353,0.692,0.834,0.612,6.000789577575997,7753
0.233,0.825,0.0415,0.68,0.946,0.552,1.0001315962626662,45024
0.456,0.764,0.034,0.566,0.912,0.661,3.0003947887879985,7702
0.421,0.625,0.0494,0.756,0.97,0.727,14.001842347677327,101133
0.194,0.98,0.152,0.833,0.804,0.662,1.0001315962626662,38943
0.415,0.581,0.349,0.864,0.941,0.502,2.0002631925253325,105781
0.478,0.742,0.105,0.656,0.541,0.922,3.0003947887879985,57071
0.431,0.752,0.132,0.74,0.67,0.758,1.0001315962626662,7872
0.452,0.527,0.0471,0.796,0.712,0.929,2.0002631925253325,90180
0.481,0.953,0.207,0.833,0.647,0.764,1.0001315962626662,38778
0.402,0.83,0.399,0.961,0.531,0.752,1.0001315962626662,16635
0.324,0.561,0.0333,0.628,0.929,0.891,7.000921173838663,92738
0.262,0.836,0.0367,0.513,0.941,0.981,6.000789577575997,7977
0.289,0.599,0.0392,0.893,0.814,0.804,18.00236873272799,75048
0.429,0.839,0.0466,0.916,0.767,0.808,2.0002631925253325,107156
0.306,0.81,0.0566,1.24e-05,0.624,0.0895,6.000789577575997,6346
0.493,0.83,0.105,0.000308,0.543,0.114,6.000789577575997,36571
0.265,0.933,0.0562,0.00658,0.567,0.0943,14.001842347677327,59316
0.493,0.9,0.0356,0.000296,0.569,0.116,24.003158310303988,110970
0.307,0.988,0.207,1.68e-05,0.562,0.0695,10.001315962626663,42603
0.473,0.977,0.15,0.0243,0.604,0.0449,15.001973943939994,41037
0.305,0.955,0.0629,0.131,0.591,0.0394,2.0002631925253325,101625
0.273,0.76,0.0424,0.00714,0.703,0.0348,8.00105277010133,27823
0.444,0.799,0.0423,0.00461,0.669,0.0383,14.001842347677327,27948
0.257,0.979,0.115,0.000486,0.747,0.0398,17.002237136465325,42368
0.477,0.952,0.0561,0.000253,0.674,0.0551,22.002895117778657,46516
0.365,0.763,0.23,2.71e-05,0.637,0.0664,1.0001315962626662,42168
0.391,0.866,0.148,0.000236,0.726,0.0836,1.0001315962626662,10854
0.279,0.993,0.216,7.16e-05,0.727,0.103,14.001842347677327,22597
0.393,0.938,0.137,0.00467,0.717,0.102,11.001447558889328,17956
0.254,0.996,0.0549,0.157,0.661,0.012,2.0002631925253325,113667
0.424,0.927,0.0558,0.145,0.707,0.0882,1.0001315962626662,46892
0.374,0.803,0.0465,0.00688,0.617,0.222,6.000789577575997,28601
0.419,0.82,0.0371,0.000557,0.617,0.155,5.000657981313331,27880
0.289,0.913,0.07,0.00045,0.559,0.224,12.001579155151994,6541
0.42,0.894,0.0609,0.00714,0.526,0.198,25.003289906566657,6300
0.347,0.975,0.233,1.98e-05,0.581,0.179,14.001842347677327,22476
0.433,0.973,0.185,0.00129,0.621,0.16,7.000921173838663,27683
0.278,0.845,0.0437,0.221,0.622,0.229,1.0001315962626662,54751
0.335,0.888,0.0887,0.14,0.604,0.149,2.0002631925253325,29512
0.281,0.771,0.0521,0.000565,0.728,0.157,4.000526385050665,72708
0.392,0.835,0.0825,7.53e-05,0.688,0.194,20.002631925253326,42806
0.3,0.898,0.0574,0.00298,0.687,0.214,16.00210554020266,22549
0.498,0.954,0.0448,0.00476,0.72,0.162,23.003026714041322,17712
0.473,0.867,0.159,0.00866,0.691,0.153,1.0001315962626662,111221
0.37,0.983,0.186,1.1e-05,0.75,0.182,8.00105277010133,17121
0.383,0.995,0.217,1.09e-05,0.735,0.15,11.001447558889328,43720
0.375,0.869,0.0656,0.21,0.667,0.219,2.0002631925253325,59557
0.492,0.806,0.0427,0.221,0.67,0.143,1.0001315962626662,36603
0.364,0.859,0.0442,2.73e-05,0.808,0.317,9.001184366363995,6433
0.473,0.816,0.0333,0.016,0.823,0.262,9.001184366363995,38204
0.281,0.941,0.0573,1.53e-05,0.827,0.314,23.003026714041322,50677
0.428,0.982,0.0477,3.04e-05,0.822,0.3,42.00552704303198,27224
0.334,0.815,0.209,0.00168,0.838,0.357,1.0001315962626662,59224
0.3,0.954,0.211,0.0107,0.839,0.283,10.001315962626663,42553
0.456,0.97,0.154,2.55e-05,0.827,0.281,8.00105277010133,59517
0.393,0.876,0.0456,0.149,0.82,0.346,1.0001315962626662,54583
0.302,0.772,0.0646,0.00342,0.922,0.27,6.000789577575997,43940
0.414,0.841,0.0535,0.0529,0.9,0.331,11.001447558889328,25905
0.372,0.971,0.0698,2.35e-06,0.978,0.373,22.002895117778657,42526
0.443,0.951,0.0541,0.0013,0.887,0.271,31.004079484142654,22113
0.267,0.942,0.167,0.00172,0.915,0.278,13.001710751414661,22435
0.453,0.906,0.145,1.45e-05,0.877,0.374,5.000657981313331,54330
0.434,0.804,0.0491,0.152,0.943,0.284,2.0002631925253325,5587
0.26,0.875,0.0446,8.69e-05,0.862,0.465,5.000657981313331,42115
0.395,0.751,0.0618,5.71e-05,0.838,0.455,8.00105277010133,3141
0.27,0.978,0.119,0.00058,0.862,0.499,17.002237136465325,22394
0.5,0.907,0.0301,0.000335,0.864,0.483,18.00236873272799,10525
0.257,0.974,0.156,1.6e-06,0.868,0.467,9.001184366363995,22028
0.405,0.988,0.216,0.111,0.798,0.383,5.000657981313331,10421
0.492,0.869,0.158,0.178,0.843,0.435,1.0001315962626662,59805
0.306,0.826,0.0642,1.67e-06,0.96,0.431,12.001579155151994,42329
0.472,0.851,0.039,0.00597,0.912,0.395,6.000789577575997,27720
0.352,0.971,0.0884,0.000222,0.955,0.428,7.000921173838663,27202
0.484,0.944,0.044,0.00665,0.905,0.418,20.002631925253326,58474
0.299,0.855,0.152,9.57e-06,0.891,0.396,1.0001315962626662,42814
0.336,0.978,0.145,3.51e-06,0.935,0.445,8.00105277010133,42844
0.416,0.98,0.148,0.00104,0.945,0.38,3.0003947887879985,42289
0.503,0.373,0.0304,0.0148,0.0289,0.044,4.000526385050665,44365
0.653,0.368,0.046,0.0764,3.55e-05,0.104,2.0002631925253325,40503
0.582,0.414,0.041,0.0491,0.000843,0.0515,26.003421502829323,33668
0.64,0.448,0.0758,0.0911,0.0,0.0737,14.001842347677327,33538
0.549,0.497,0.22,0.00436,0.0,0.113,1.0001315962626662,33512
0.643,0.485,0.156,0.0609,0.0,0.115,1.0001315962626662,60382
0.709,0.362,0.055,0.157,0.0,0.113,2.0002631925253325,103450
0.612,0.436,0.0465,0.208,0.0,0.111,9.001184366363995,94044
0.723,0.456,0.0359,0.137,2.95e-05,0.0383,7.000921173838663,51007
0.639,0.376,0.141,0.13,0.0143,0.119,1.0001315962626662,32891
0.603,0.296,0.0424,0.103,0.235,0.076,2.0002631925253325,15774
0.676,0.32,0.0354,0.0219,0.127,0.0997,1.0001315962626662,32451
0.594,0.419,0.0255,0.0776,0.219,0.112,1.0001315962626662,5402
0.612,0.499,0.0546,0.127,0.184,0.0398,1.0001315962626662,27058
0.545,0.323,0.0391,0.102,2.74e-06,0.193,12.001579155151994,29101
0.741,0.295,0.0446,0.0245,0.0,0.236,6.000789577575997,99612
0.528,0.391,0.0253,0.0333,0.0,0.201,66.00868535333598,19394
0.633,0.442,0.0296,0.036,7.57e-06,0.241,33.00434267666799,19355
0.606,0.349,0.198,0.0762,0.0711,0.239,1.0001315962626662,33219
0.514,0.407,0.153,0.0134,0.0294,0.25,2.0002631925253325,15071
0.694,0.419,0.222,0.0312,0.0,0.154,7.000921173838663,33960
0.561,0.355,0.0301,0.16,5.53e-06,0.187,16.00210554020266,12467
0.663,0.35,0.0294,0.142,0.00276,0.179,4.000526385050665,85217
0.533,0.464,0.0269,0.196,0.0,0.157,49.006448216870645,106117
0.628,0.498,0.0522,0.241,0.027,0.138,28.003684695354654,17050
0.594,0.345,0.172,0.243,0.0,0.215,1.0001315962626662,60666
0.544,0.438,0.15,0.165,0.000133,0.179,2.0002631925253325,34366
0.726,0.481,0.207,0.141,0.0,0.224,3.0003947887879985,94087
0.566,0.366,0.028,0.113,0.181,0.237,2.0002631925253325,57250
0.507,0.441,0.0504,0.0879,0.237,0.249,4.000526385050665,56565
0.673,0.497,0.0452,0.0851,0.222,0.224,1.0001315962626662,5907
0.621,0.485,0.219,0.108,0.13,0.14,1.0001315962626662,24005
0.643,0.464,0.0343,0.217,0.171,0.136,2.0002631925253325,73743
0.758,0.588,0.091,0.608,9.3e-05,0.796,25.003289906566657,81807
0.911,0.521,0.0475,0.612,1.14e-06,0.833,2.0002631925253325,14909
0.763,0.694,0.0364,0.525,0.000296,0.792,38.00500065798132,95159
0.877,0.628,0.0669,0.504,0.0,0.793,4.000526385050665,87272
0.826,0.581,0.21,0.518,2.49e-06,0.787,5.000657981313331,51074
0.899,0.523,0.143,0.516,0.0,0.821,1.0001315962626662,35384
0.837,0.716,0.14,0.611,0.0,0.819,7.000921173838663,14904
0.778,0.601,0.0353,0.627,1.03e-05,0.831,28.003684695354654,52846
0.949,0.558,0.0593,0.719,0.0,0.85,1.0001315962626662,14464
0.796,0.645,0.0364,0.671,0.0,0.761,24.003158310303988,97713
0.781,0.507,0.162,0.668,3.74e-06,0.767,4.000526385050665,28780
0.889,0.501,0.132,0.689,0.000936,0.766,1.0001315962626662,14578
0.752,0.695,0.158,0.674,7.1e-06,0.79,1.0001315962626662,9653
0.942,0.676,0.212,0.75,0.0,0.801,1.0001315962626662,106365
0.8,0.501,0.0376,0.623,0.153,0.854,1.0001315962626662,14558
0.76,0.626,0.0789,0.562,0.221,0.857,1.0001315962626662,1822
0.761,0.603,0.0403,0.568,0.0,0.969,27.003553099091988,11890
0.951,0.533,0.0654,0.539,0.0,0.967,6.000789577575997,66863
0.807,0.631,0.0346,0.554,0.0,0.972,32.00421108040532,82031
0.894,0.707,0.0403,0.597,0.0092,0.915,6.000789577575997,74268
0.834,0.501,0.135,0.576,0.0,0.898,1.0001315962626662,14650
0.91,0.53,0.25,0.553,0.0,0.886,4.000526385050665,66835
0.827,0.729,0.133,0.536,0.0089,0.901,6.000789577575997,103744
0.897,0.721,0.155,0.519,0.0462,0.961,1.0001315962626662,21467
0.773,0.612,0.0344,0.67,0.0,0.91,22.002895117778657,14123
0.976,0.502,0.0504,0.743,2.57e-06,0.982,5.000657981313331,14110
0.807,0.696,0.0341,0.714,4.57e-06,0.931,37.00486906171865,1681
0.876,0.722,0.0456,0.648,3.03e-06,0.971,4.000526385050665,66519
0.78,0.526,0.173,0.709,0.0,0.946,1.0001315962626662,26322
0.861,0.708,0.146,0.707,0.0,0.877,1.0001315962626662,37649
0.789,0.532,0.0459,0.54,0.159,0.904,1.0001315962626662,1897
0.799,0.696,0.0734,0.522,0.134,0.952,1.0001315962626662,25724
0.766,0.582,0.0383,0.655,0.228,0.95,1.0001315962626662,90331
0.79,0.642,0.0825,0.689,0.248,0.943,1.0001315962626662,66151
0.893,0.671,0.0619,0.646,0.2,0.933,1.0001315962626662,1225
0.57,0.57,0.0843,0.774,0.000101,0.827,31.004079484142654,7197
0.679,0.56,0.0914,0.808,0.0,0.844,16.00210554020266,34843
0.54,0.681,0.0508,0.808,0.0,0.794,31.004079484142654,8915
0.661,0.634,0.05,0.753,0.0,0.869,26.003421502829323,77949
0.553,0.589,0.152,0.849,0.0,0.788,2.0002631925253325,18899
0.723,0.53,0.145,0.806,0.0,0.774,6.000789577575997,37772
0.68,0.675,0.191,0.772,0.0,0.805,3.0003947887879985,92560
0.541,0.57,0.0492,0.951,5.61e-05,0.852,9.001184366363995,26600
0.717,0.508,0.0295,0.889,0.0,0.762,3.0003947887879985,62014
0.509,0.636,0.0729,0.897,3.29e-06,0.871,4.000526385050665,108687
0.544,0.686,0.159,0.903,0.0126,0.872,2.0002631925253325,93604
0.728,0.63,0.199,0.919,0.00161,0.776,2.0002631925253325,95362
0.611,0.508,0.0306,0.866,0.163,0.773,1.0001315962626662,7657
0.714,0.51,0.0453,0.76,0.133,0.832,3.0003947887879985,2364
0.574,0.654,0.0292,0.914,0.244,0.76,1.0001315962626662,7863
0.551,0.576,0.0325,0.762,0.0,0.919,26.003421502829323,90500
0.697,0.558,0.0401,0.787,0.0,0.894,29.00381629161732,92088
0.606,0.725,0.0352,0.831,1.07e-05,0.963,32.00421108040532,90158
0.72,0.725,0.0371,0.808,0.0264,0.973,29.00381629161732,74625
0.518,0.617,0.152,0.836,0.0,0.93,2.0002631925253325,74070
0.675,0.588,0.177,0.789,0.0,0.879,1.0001315962626662,1301
0.609,0.63,0.175,0.762,0.0,0.934,3.0003947887879985,87344
0.666,0.644,0.145,0.753,0.000262,0.89,3.0003947887879985,80233
0.567,0.606,0.0611,0.943,0.0,0.969,4.000526385050665,16507
0.676,0.549,0.0813,0.876,0.0,0.937,4.000526385050665,52207
0.503,0.641,0.101,0.905,0.0,0.949,4.000526385050665,16581
0.686,0.692,0.0419,0.902,0.000474,0.962,7.000921173838663,8657
0.692,0.583,0.189,0.97,0.0458,0.885,3.0003947887879985,94654
0.549,0.545,0.0299,0.801,0.173,0.91,2.0002631925253325,7819
0.527,0.79,0.0313,0.00666,0.524,0.355,14.001842347677327,27247
0.633,0.859,0.0345,0.0265,0.603,0.286,2.0002631925253325,109686
0.563,0.924,0.0412,0.000917,0.583,0.26,32.00421108040532,10064
0.632,0.921,0.0529,0.119,0.522,0.363,10.001315962626663,10532
0.671,0.92,0.178,0.000653,0.518,0.36,3.0003947887879985,23947
0.511,0.78,0.0753,0.168,0.54,0.312,3.0003947887879985,73179
0.63,0.774,0.0413,0.192,0.585,0.304,2.0002631925253325,25460
0.605,0.807,0.0447,0.000157,0.728,0.36,15.001973943939994,24325
0.64,0.76,0.0428,0.0254,0.631,0.318,20.002631925253326,58380
0.535,0.925,0.0811,0.000283,0.655,0.375,23.003026714041322,27129
0.711,0.888,0.0388,0.00227,0.66,0.272,19.00250032899066,17561
0.723,0.832,0.221,0.00284,0.75,0.296,2.0002631925253325,46818
0.604,0.995,0.164,0.00306,0.626,0.262,5.000657981313331,10025
0.738,0.936,0.219,0.00151,0.707,0.27,5.000657981313331,43070
0.711,0.836,0.0452,0.152,0.636,0.321,2.0002631925253325,111859
0.628,0.883,0.0313,0.168,0.696,0.331,3.0003947887879985,53916
0.554,0.872,0.12,0.00836,0.542,0.429,23.003026714041322,112251
0.725,0.797,0.0359,4.97e-05,0.555,0.377,12.001579155151994,23647
0.562,0.897,0.056,0.00705,0.608,0.431,11.001447558889328,17312
0.652,0.96,0.0487,0.000264,0.618,0.432,10.001315962626663,10785
0.579,0.999,0.129,0.018,0.521,0.427,2.0002631925253325,28674
0.57,0.873,0.0348,0.000809,0.715,0.376,18.00236873272799,110397
0.676,0.808,0.037,0.00171,0.74,0.387,12.001579155151994,54671
0.572,0.928,0.0651,0.000202,0.722,0.479,23.003026714041322,58345
0.658,0.941,0.0645,0.00165,0.722,0.485,8.00105277010133,17568
0.59,0.837,0.0423,0.16,0.733,0.396,2.0002631925253325,111888
0.673,0.802,0.0392,0.134,0.73,0.482,2.0002631925253325,111574
0.564,0.818,0.0559,0.255,1.91e-05,0.341,29.00381629161732,69174
0.742,0.767,0.0598,0.31,0.0,0.339,10.001315962626663,104671
0.704,0.915,0.0488,0.306,0.0,0.291,2.0002631925253325,70772
0.583,0.867,0.159,0.28,0.0,0.347,5.000657981313331,106405
0.694,0.758,0.218,0.278,1.34e-06,0.371,4.000526385050665,32019
0.588,0.911,0.171,0.252,2.57e-06,0.259,4.000526385050665,87715
0.638,0.989,0.143,0.286,0.0,0.342,3.0003947887879985,46163
0.54,0.814,0.0291,0.403,8.95e-06,0.375,14.001842347677327,61936
0.695,0.792,0.0902,0.481,5.65e-05,0.284,5.000657981313331,69603
0.726,0.954,0.091,0.438,0.00137,0.353,2.0002631925253325,37656
0.562,0.788,0.183,0.451,4.59e-05,0.299,4.000526385050665,112220
0.748,0.79,0.169,0.492,0.0,0.279,4.000526385050665,31906
0.524,0.758,0.0538,0.27,0.13,0.319,4.000526385050665,57031
0.563,0.8,0.036,0.296,0.0,0.384,56.00736939070931,87656
0.628,0.79,0.0655,0.27,0.000683,0.47,34.00447427293065,57869
0.554,0.948,0.0431,0.295,0.000995,0.398,9.001184366363995,92347
0.627,0.959,0.0298,0.316,0.00576,0.397,10.001315962626663,11776
0.54,0.784,0.208,0.273,0.0,0.452,10.001315962626663,60843
0.691,0.762,0.226,0.278,0.0,0.42,4.000526385050665,107304
0.579,0.905,0.185,0.254,0.0,0.39,2.0002631925253325,100302
0.67,0.964,0.138,0.33,0.00227,0.487,3.0003947887879985,55796
0.616,0.786,0.0271,0.395,1.04e-06,0.455,28.003684695354654,104848
0.74,0.831,0.0456,0.444,0.00304,0.448,19.00250032899066,23000
0.536,0.921,0.119,0.488,0.0,0.39,2.0002631925253325,96723
0.683,0.898,0.034,0.452,0.00218,0.498,3.0003947887879985,61353
0.545,0.815,0.158,0.459,0.0619,0.391,5.000657981313331,23977
0.747,0.788,0.201,0.42,0.0,0.418,6.000789577575997,5741
0.596,0.981,0.142,0.406,0.0,0.471,4.000526385050665,61448
