x0,x1,x2,weight,source_index
0.5764705882352941,0.47843137254901963,0.5137254901960784,812.0046463278561,998776
0.7568627450980392,0.7450980392156863,0.7686274509803922,1104.006317174819,916750
0.8156862745098039,0.5490196078431373,0.23137254901960785,39.00022316106698,828058
0.7607843137254902,0.49411764705882355,0.23921568627450981,7.0000400545504835,821911
0.24705882352941178,0.3764705882352941,0.11764705882352941,4.000022888314562,451564
0.12156862745098039,0.25098039215686274,0.15294117647058825,17.000097275336888,19268
0.4980392156862745,0.25882352941176473,0.11764705882352941,44.00025177146018,865101
0.2627450980392157,0.3843137254901961,0.11372549019607843,343.00196267297366,472062
0.41568627450980394,0.39215686274509803,0.12156862745098039,4.000022888314562,919516
0.611764705882353,0.6274509803921569,0.3686274509803922,1.0000057220786405,907195
0.6274509803921569,0.6235294117647059,0.37254901960784315,8.000045776629124,875370
0.8784313725490196,0.8705882352941177,0.8745098039215686,2.000011444157281,888985
0.6274509803921569,0.37254901960784315,0.2901960784313726,4.000022888314562,1015010
0.24705882352941178,0.5098039215686274,0.6352941176470588,2.000011444157281,931830
0.4823529411764706,0.6470588235294118,0.7529411764705882,13.000074387022327,923613
0.49019607843137253,0.5019607843137255,0.23529411764705882,1.0000057220786405,906169
0.17254901960784313,0.32941176470588235,0.1843137254901961,2385.0136471575574,71556
0.27450980392156865,0.11764705882352941,0.12549019607843137,25.000143051966013,997574
0.5882352941176471,0.7490196078431373,0.8196078431372549,8.000045776629124,878439
0.7450980392156863,0.8,0.8745098039215686,16.000091553258248,853533
0.7333333333333333,0.9019607843137255,0.9215686274509803,2.000011444157281,854363
0.6196078431372549,0.6196078431372549,0.7490196078431373,2.000011444157281,901964
0.2823529411764706,0.2980392156862745,0.16470588235294117,129.00073814814462,188959
0.34509803921568627,0.3568627450980392,0.15294117647058825,156.0008926442679,768777
0.2980392156862745,0.4392156862745098,0.1843137254901961,110.00062942865046,425796
0.2980392156862745,0.4392156862745098,0.18823529411764706,91.00052070915628,408399
0.8235294117647058,0.807843137254902,0.8117647058823529,156.0008926442679,843800
0.12156862745098039,0.27450980392156865,0.27450980392156865,17.000097275336888,111033
0.24313725490196078,0.396078431372549,0.35294117647058826,18.000102997415528,141802
0.09411764705882353,0.25098039215686274,0.4117647058823529,6.000034332471843,152862
0.4823529411764706,0.6392156862745098,0.5764705882352941,6.000034332471843,708311
0.3686274509803922,0.5137254901960784,0.49411764705882355,12.000068664943687,220732
0.058823529411764705,0.06274509803921569,0.058823529411764705,2.000011444157281,836007
0.3215686274509804,0.37254901960784315,0.5098039215686274,37.000211716909696,846366
0.43137254901960786,0.37254901960784315,0.5058823529411764,2.000011444157281,934757
0.34901960784313724,0.4980392156862745,0.6274509803921569,24.000137329887373,152869
0.41568627450980394,0.49411764705882355,0.6313725490196078,16.000091553258248,150811
0.1450980392156863,0.12156862745098039,0.27450980392156865,4.000022888314562,941948
0.12156862745098039,0.19607843137254902,0.3764705882352941,20.00011444157281,978916
0.7294117647058823,0.5607843137254902,0.42745098039215684,80.00045776629123,897873
0.6745098039215687,0.7568627450980392,0.7647058823529411,211.00120735859315,241150
0.6823529411764706,0.8117647058823529,0.807843137254902,2.000011444157281,152046
0.7176470588235294,0.8352941176470589,0.807843137254902,21.00012016365145,834870
0.6588235294117647,0.7803921568627451,0.8431372549019608,72.00041198966211,909237
0.6823529411764706,0.8274509803921568,0.8705882352941177,2.000011444157281,870898
0.7450980392156863,0.8196078431372549,0.8313725490196079,119.00068092735822,343565
0.2627450980392157,0.17254901960784313,0.18823529411764706,135.00077248061646,878130
0.34509803921568627,0.1803921568627451,0.19215686274509805,70.00040054550483,908432
0.8784313725490196,0.7411764705882353,0.6784313725490196,10.000057220786404,994504
0.6431372549019608,0.6823529411764706,0.7490196078431373,23.00013160780873,941907
0.6941176470588235,0.6470588235294118,0.7529411764705882,1.0000057220786405,901963
0.6470588235294118,0.7450980392156863,0.8117647058823529,27.000154496123294,894864
0.7333333333333333,0.7333333333333333,0.8235294117647058,7.0000400545504835,829713
0.6,0.4392156862745098,0.2901960784313726,202.0011558598854,779900
0.5490196078431373,0.5607843137254902,0.3058823529411765,18.000102997415528,213165
0.6196078431372549,0.5725490196078431,0.30980392156862746,24.000137329887373,799524
0.1568627450980392,0.050980392156862744,0.058823529411764705,52.00029754808931,954514
0.2235294117647059,0.054901960784313725,0.058823529411764705,1.0000057220786405,1005684
0.13333333333333333,0.054901960784313725,0.08627450980392157,8.000045776629124,876083
0.15294117647058825,0.2823529411764706,0.15294117647058825,277.0015850157834,85910
0.050980392156862744,0.13725490196078433,0.1843137254901961,1.0000057220786405,201110
0.050980392156862744,0.17647058823529413,0.2196078431372549,8.000045776629124,124371
0.058823529411764705,0.19607843137254902,0.23921568627450981,2.000011444157281,169480
0.09019607843137255,0.20784313725490197,0.24705882352941178,28.000160218201934,108977
0.5529411764705883,0.6862745098039216,0.6352941176470588,4.000022888314562,236109
0.615686274509804,0.7176470588235294,0.6274509803921569,57.00032615848251,699129
0.5372549019607843,0.7019607843137254,0.7450980392156863,11.000062942865044,836963
0.5647058823529412,0.43529411764705883,0.4627450980392157,148.00084686763878,972289
0.6235294117647059,0.3254901960784314,0.054901960784313725,5.000028610393202,790281
0.6313725490196078,0.36470588235294116,0.1803921568627451,44.00025177146018,855676
0.41568627450980394,0.3686274509803922,0.1843137254901961,10.000057220786404,714454
0.4666666666666667,0.3137254901960784,0.17647058823529413,21.00012016365145,716502
0.24705882352941178,0.12549019607843137,0.058823529411764705,156.0008926442679,817808
0.2196078431372549,0.24313725490196078,0.058823529411764705,1.0000057220786405,922599
0.17254901960784313,0.21568627450980393,0.12156862745098039,22.00012588573009,242259
0.23921568627450981,0.18823529411764706,0.11372549019607843,3.0000171662359216,680640
0.28627450980392155,0.32941176470588235,0.12941176470588237,101.0005779299427,884618
0.2901960784313726,0.3568627450980392,0.15294117647058825,449.0025692133096,817978
0.2823529411764706,0.3411764705882353,0.17254901960784313,34.000194550673775,300035
0.6313725490196078,0.5490196078431373,0.5686274509803921,132.00075531438054,1019511
0.6980392156862745,0.5490196078431373,0.5607843137254902,3.0000171662359216,913531
0.396078431372549,0.5647058823529412,0.5568627450980392,6.000034332471843,118217
0.48627450980392156,0.6039215686274509,0.5176470588235295,73.00041771174075,279156
0.4235294117647059,0.5647058823529412,0.615686274509804,73.00041771174075,291246
0.5686274509803921,0.5568627450980392,0.6352941176470588,17.000097275336888,936756
0.5215686274509804,0.5529411764705883,0.6901960784313725,1.0000057220786405,857420
0.5725490196078431,0.5529411764705883,0.6862745098039216,1.0000057220786405,902984
0.5333333333333333,0.5764705882352941,0.6862745098039216,158.0009040884252,932701
0.5607843137254902,0.6196078431372549,0.6862745098039216,98.00056076370677,978685
0.43529411764705883,0.5019607843137255,0.2901960784313726,51.00029182601067,282770
0.43529411764705883,0.5019607843137255,0.3137254901960784,74.00042343381939,299147
0.4980392156862745,0.5607843137254902,0.3686274509803922,1.0000057220786405,300189
0.5725490196078431,0.2980392156862745,0.2549019607843137,5.000028610393202,1019119
0.5019607843137255,0.29411764705882354,0.3411764705882353,13.000074387022327,961797
0.1450980392156863,0.1843137254901961,0.25882352941176473,216.00123596898635,269817
0.23137254901960785,0.1607843137254902,0.25098039215686274,24.000137329887373,930630
0.13725490196078433,0.14901960784313725,0.3411764705882353,9.000051498707764,957352
0.2196078431372549,0.1843137254901961,0.3137254901960784,7.0000400545504835,946057
0.20784313725490197,0.3254901960784314,0.15294117647058825,123.00070381567278,380720
0.21568627450980393,0.34901960784313724,0.1843137254901961,178.001018529998,384795
0.2627450980392157,0.4392156862745098,0.43137254901960786,11.000062942865044,116165
0.33725490196078434,0.47843137254901963,0.40784313725490196,70.00040054550483,276081
0.2980392156862745,0.4823529411764706,0.4823529411764706,30.000171662359215,171533
0.17254901960784313,0.2549019607843137,0.30980392156862746,66.00037765719027,178577
0.1803921568627451,0.3254901960784314,0.2980392156862745,8.000045776629124,261733
0.23529411764705882,0.3568627450980392,0.26666666666666666,52.00029754808931,517848
0.1843137254901961,0.3176470588235294,0.3568627450980392,16.000091553258248,235000
0.23921568627450981,0.3215686274509804,0.37254901960784315,190.00108719494168,590459
0.803921568627451,0.7529411764705882,0.6,8.000045776629124,224609
0.8823529411764706,0.7686274509803922,0.6078431372549019,1.0000057220786405,148720
0.8745098039215686,0.7647058823529411,0.7450980392156863,34.000194550673775,992419
0.6862745098039216,0.4980392156862745,0.42745098039215684,179.00102425207663,1040661
0.6431372549019608,0.43137254901960786,0.4392156862745098,1.0000057220786405,1042558
0.7098039215686275,0.48627450980392156,0.47058823529411764,33.000188828595135,1006708
0.17647058823529413,0.21568627450980393,0.13333333333333333,8.000045776629124,135654
0.1450980392156863,0.19607843137254902,0.16862745098039217,63.00036049095435,552676
0.1843137254901961,0.18823529411764706,0.1843137254901961,65.00037193511163,483759
0.1607843137254902,0.24313725490196078,0.1568627450980392,860.0049209876308,244535
0.3176470588235294,0.2980392156862745,0.4,85.00048637668444,934704
0.2549019607843137,0.30196078431372547,0.49411764705882355,12.000068664943687,961459
0.3137254901960784,0.30196078431372547,0.4588235294117647,1.0000057220786405,856382
0.7490196078431373,0.7647058823529411,0.8117647058823529,293.00167656904165,843909
0.7843137254901961,0.7764705882352941,0.8156862745098039,29.000165940280574,904463
0.7490196078431373,0.796078431372549,0.8431372549019608,118.00067520527958,840225
0.7843137254901961,0.8,0.8431372549019608,87.00049782084172,819231
0.2784313725490196,0.40784313725490196,0.1411764705882353,3.0000171662359216,464879
0.30980392156862746,0.4117647058823529,0.15294117647058825,481.0027523198261,465780
0.2784313725490196,0.40784313725490196,0.16470588235294117,265.0015163508397,420699
0.09019607843137255,0.09411764705882353,0.0784313725490196,3.0000171662359216,687862
0.08235294117647059,0.09411764705882353,0.10588235294117647,885.0050640395968,251232
0.30980392156862746,0.4470588235294118,0.27058823529411763,1.0000057220786405,203315
0.30980392156862746,0.4,0.36470588235294116,41.00023460522426,832796
0.3058823529411765,0.4392156862745098,0.3137254901960784,12.000068664943687,184868
0.37254901960784315,0.4745098039215686,0.35294117647058826,79.0004520442126,494295
0.18823529411764706,0.2784313725490196,0.12549019607843137,172.00098419752615,647142
0.2235294117647059,0.27450980392156865,0.15294117647058825,5.000028610393202,612609
0.2196078431372549,0.2627450980392157,0.17254901960784313,51.00029182601067,526044
0.22745098039215686,0.2980392156862745,0.17647058823529413,533.0030498679154,617731
0.396078431372549,0.4,0.1843137254901961,64.00036621303299,746227
0.4470588235294118,0.4196078431372549,0.1450980392156863,4.000022888314562,900011
0.43137254901960786,0.4392156862745098,0.16862745098039217,1.0000057220786405,875372
0.45098039215686275,0.4392156862745098,0.1568627450980392,20.00011444157281,895904
0.4470588235294118,0.43529411764705883,0.23529411764705882,88.00050354292036,166917
0.21176470588235294,0.3568627450980392,0.19607843137254902,196.00112152741355,149438
0.21568627450980393,0.3215686274509804,0.2196078431372549,84.0004806546058,142952
0.2196078431372549,0.3254901960784314,0.2235294117647059,550.0031471432522,509654
0.21176470588235294,0.34901960784313724,0.2196078431372549,4.000022888314562,294526
0.4470588235294118,0.43137254901960786,0.5215686274509804,169.00096703129023,957146
0.39215686274509803,0.4235294117647059,0.5764705882352941,9.000051498707764,859480
0.29411764705882354,0.43137254901960786,0.5725490196078431,35.000200272752416,428593
0.37254901960784315,0.40784313725490196,0.5686274509803921,16.000091553258248,960431
0.2901960784313726,0.44313725490196076,0.5686274509803921,100.00057220786405,450082
0.37254901960784315,0.18823529411764706,0.03529411764705882,3.0000171662359216,755440
0.29411764705882354,0.19215686274509805,0.11372549019607843,153.000875478032,787118
0.6509803921568628,0.6862745098039216,0.5019607843137255,11.000062942865044,874342
0.7137254901960784,0.6901960784313725,0.5568627450980392,19.00010871949417,157939
0.6588235294117647,0.6901960784313725,0.5882352941176471,125.00071525983006,279796
0.17647058823529413,0.3137254901960784,0.4196078431372549,15.000085831179607,514688
0.13725490196078433,0.2784313725490196,0.45098039215686275,58.00033188056115,155922
0.19215686274509805,0.30980392156862746,0.49411764705882355,79.0004520442126,151823
0.17647058823529413,0.3411764705882353,0.48627450980392156,15.000085831179607,154909
0.28627450980392155,0.3411764705882353,0.2,134.00076675853782,615196
0.2823529411764706,0.3411764705882353,0.2196078431372549,74.00042343381939,680672
0.28627450980392155,0.3686274509803922,0.2196078431372549,795.0045490525192,368319
0.7686274509803922,0.8470588235294118,0.8352941176470589,24.000137329887373,835908
0.8,0.8470588235294118,0.8392156862745098,82.00046921044851,971737
0.7764705882352941,0.8117647058823529,0.8431372549019608,318.00181962100766,782408
0.7568627450980392,0.8627450980392157,0.8470588235294118,60.00034332471843,180759
0.807843137254902,0.8666666666666667,0.8588235294117647,279.0015964599407,234052
0.6901960784313725,0.7529411764705882,0.7607843137254902,472.0027008211183,257595
0.7137254901960784,0.803921568627451,0.7647058823529411,10.000057220786404,831913
0.7294117647058823,0.792156862745098,0.7686274509803922,66.00037765719027,280179
0.6862745098039216,0.792156862745098,0.803921568627451,48.000274659774746,841138
0.7450980392156863,0.788235294117647,0.792156862745098,718.0041084524638,274027
0.1450980392156863,0.1568627450980392,0.1411764705882353,43.00024604938154,420105
0.1568627450980392,0.15294117647058825,0.1607843137254902,411.00235177432126,537078
0.6470588235294118,0.592156862745098,0.45098039215686275,796.0045547745979,70981
0.6470588235294118,0.5686274509803921,0.4823529411764706,306.001750956064,466616
0.6392156862745098,0.592156862745098,0.4745098039215686,230.0013160780873,627987
0.8431372549019608,0.6823529411764706,0.6352941176470588,36.000205994831056,982200
0.8431372549019608,0.7176470588235294,0.6549019607843137,166.0009498650543,994502
0.7803921568627451,0.6823529411764706,0.6862745098039216,41.00023460522426,937216
0.8117647058823529,0.7372549019607844,0.7098039215686275,117.00066948320094,938275
0.0392156862745098,0.0392156862745098,0.1411764705882353,4.000022888314562,864698
0.08235294117647059,0.058823529411764705,0.14901960784313725,6.000034332471843,852316
0.03529411764705882,0.09411764705882353,0.13725490196078433,98.00056076370677,338383
0.0,0.03529411764705882,0.22745098039215686,25.000143051966013,965569
0.0392156862745098,0.08235294117647059,0.2,12.000068664943687,869839
0.09019607843137255,0.11372549019607843,0.2235294117647059,35.000200272752416,864794
0.7215686274509804,0.7098039215686275,0.7490196078431373,320.00183106516494,997857
0.6901960784313725,0.7137254901960784,0.796078431372549,3.0000171662359216,870964
0.2784313725490196,0.40784313725490196,0.18823529411764706,54.00030899224659,385864
0.3058823529411765,0.4117647058823529,0.19215686274509805,760.0043487797667,377782
0.2784313725490196,0.40784313725490196,0.24313725490196078,13.000074387022327,200293
0.43529411764705883,0.5490196078431373,0.3764705882352941,76.00043487797667,220736
0.43529411764705883,0.5607843137254902,0.39215686274509803,1.0000057220786405,709339
0.4980392156862745,0.5607843137254902,0.3843137254901961,25.000143051966013,411304
0.4117647058823529,0.5215686274509804,0.4627450980392157,68.00038910134755,502477
0.42745098039215684,0.5607843137254902,0.4588235294117647,2.000011444157281,298624
0.4823529411764706,0.6039215686274509,0.47843137254901963,41.00023460522426,203312
0.3843137254901961,0.1843137254901961,0.15294117647058825,38.00021743898834,942201
0.4392156862745098,0.22745098039215686,0.17647058823529413,160.00091553258247,914484
0.3843137254901961,0.1843137254901961,0.18823529411764706,3.0000171662359216,934109
0.23529411764705882,0.1411764705882353,0.1411764705882353,272.0015564053902,924410
0.19607843137254902,0.1450980392156863,0.17647058823529413,51.00029182601067,852254
0.23529411764705882,0.1450980392156863,0.16862745098039217,40.00022888314562,940778
0.22745098039215686,0.1843137254901961,0.1568627450980392,636.0036392420153,551281
0.1411764705882353,0.08627450980392157,0.07450980392156863,745.0042629485871,921260
0.1607843137254902,0.07450980392156863,0.08235294117647059,250.00143051966012,877106
0.1450980392156863,0.09019607843137255,0.10980392156862745,54.00030899224659,156971
0.1803921568627451,0.06666666666666667,0.10196078431372549,11.000062942865044,909480
0.16862745098039217,0.12156862745098039,0.10588235294117647,661.0037822939813,558351
0.09019607843137255,0.18823529411764706,0.13725490196078433,1.0000057220786405,103082
0.0784313725490196,0.18823529411764706,0.17254901960784313,3.0000171662359216,160252
0.11764705882352941,0.21568627450980393,0.1607843137254902,602.0034446913415,98008
0.42745098039215684,0.5568627450980392,0.6352941176470588,183.0010471403912,449064
0.41568627450980394,0.5647058823529412,0.6352941176470588,166.0009498650543,531077
0.4823529411764706,0.5529411764705883,0.6941176470588235,3.0000171662359216,858431
0.41568627450980394,0.615686274509804,0.7450980392156863,55.00031471432523,174383
0.45098039215686275,0.6196078431372549,0.7058823529411765,47.0002689376961,880495
0.403921568627451,0.47058823529411764,0.27450980392156865,119.00068092735822,297072
0.43137254901960786,0.49411764705882355,0.27450980392156865,689.0039425121832,271494
0.38823529411764707,0.47058823529411764,0.2980392156862745,85.00048637668444,364215
0.6078431372549019,0.7490196078431373,0.6901960784313725,1.0000057220786405,828702
0.6235294117647059,0.6862745098039216,0.7098039215686275,571.0032673069037,617674
0.6666666666666666,0.7019607843137254,0.6941176470588235,663.0037937381386,566967
0.6470588235294118,0.7254901960784313,0.6862745098039216,20.00011444157281,279155
0.6823529411764706,0.7215686274509804,0.6862745098039216,117.00066948320094,444032
0.6431372549019608,0.7176470588235294,0.7411764705882353,85.00048637668444,570031
0.6745098039215687,0.7215686274509804,0.7450980392156863,537.0030727562299,876091
0.807843137254902,0.8901960784313725,0.8980392156862745,74.00042343381939,203305
0.8470588235294118,0.9372549019607843,0.9294117647058824,7.0000400545504835,201255
0.8666666666666667,0.9019607843137255,0.9411764705882353,4.000022888314562,832035
0.8627450980392157,0.9529411764705882,0.9490196078431372,15.000085831179607,200230
0.7098039215686275,0.7725490196078432,0.8117647058823529,352.0020141716814,612518
0.7058823529411765,0.792156862745098,0.8117647058823529,64.00036621303299,217653
0.7058823529411765,0.7686274509803922,0.8470588235294118,3.0000171662359216,859455
0.6901960784313725,0.7803921568627451,0.8549019607843137,26.000148774044654,149778
0.7411764705882353,0.796078431372549,0.8431372549019608,58.00033188056115,853259
0.5803921568627451,0.30196078431372547,0.12941176470588237,52.00029754808931,837237
0.5450980392156862,0.32941176470588235,0.1803921568627451,117.00066948320094,868029
0.5803921568627451,0.34509803921568627,0.1843137254901961,208.00119019235723,809622
0.5686274509803921,0.30980392156862746,0.2196078431372549,18.000102997415528,923705
0.06274509803921569,0.027450980392156862,0.0196078431372549,38.00021743898834,853768
0.11372549019607843,0.023529411764705882,0.00784313725490196,4.000022888314562,853427
0.09411764705882353,0.043137254901960784,0.027450980392156862,693.0039654004978,882465
0.07058823529411765,0.027450980392156862,0.03529411764705882,4.000022888314562,616152
0.10980392156862745,0.011764705882352941,0.047058823529411764,3.0000171662359216,832768
0.7843137254901961,0.7529411764705882,0.7607843137254902,539.0030842003872,868447
0.7764705882352941,0.803921568627451,0.7529411764705882,255.00145913005332,401626
0.7843137254901961,0.7803921568627451,0.7529411764705882,283.00161934825525,311531
0.7843137254901961,0.7764705882352941,0.803921568627451,376.0021515015688,924970
0.6784313725490196,0.6470588235294118,0.6901960784313725,563.0032215302746,1010200
0.6352941176470588,0.6470588235294118,0.7215686274509804,6.000034332471843,833700
0.6588235294117647,0.6509803921568628,0.7372549019607844,1.0000057220786405,815656
0.6549019607843137,0.41568627450980394,0.28627450980392155,158.0009040884252,840497
0.6352941176470588,0.45098039215686275,0.2980392156862745,145.00082970140286,790146
0.7019607843137254,0.45098039215686275,0.2627450980392157,69.00039482342619,793201
0.6901960784313725,0.4745098039215686,0.3568627450980392,18.000102997415528,847671
0.2823529411764706,0.20392156862745098,0.14901960784313725,582.0033302497687,706951
0.27058823529411763,0.2235294117647059,0.14901960784313725,5.000028610393202,674557
0.29411764705882354,0.2196078431372549,0.15294117647058825,16.000091553258248,770518
0.27058823529411763,0.22745098039215686,0.17647058823529413,612.003501912128,743971
0.7058823529411765,0.6980392156862745,0.6901960784313725,586.0033531380833,109918
0.7176470588235294,0.6980392156862745,0.6901960784313725,858.0049095434736,114003
0.7137254901960784,0.7333333333333333,0.6941176470588235,363.00207711454647,553682
0.7372549019607844,0.7450980392156863,0.7019607843137254,401.00229455353485,403097
0.7254901960784313,0.7450980392156863,0.7450980392156863,685.0039196238687,994302
0.9529411764705882,0.9098039215686274,0.8745098039215686,1.0000057220786405,1006716
0.8901960784313725,0.9372549019607843,0.9294117647058824,122.00069809359414,830813
0.9450980392156862,0.9529411764705882,0.8980392156862745,20.00011444157281,406747
0.9137254901960784,0.9294117647058824,0.9411764705882353,8.000045776629124,820775
0.9019607843137255,0.9607843137254902,0.9450980392156862,44.00025177146018,196128
0.9372549019607843,0.9490196078431372,0.9490196078431372,9.000051498707764,269574
0.6,0.5607843137254902,0.4392156862745098,175.00100136376207,625935
0.592156862745098,0.596078431372549,0.4549019607843137,790.004520442126,198934
0.5882352941176471,0.5843137254901961,0.4745098039215686,209.00119591443587,605443
0.592156862745098,0.5843137254901961,0.49411764705882355,187.00107002870575,484575
0.6039215686274509,0.6196078431372549,0.47843137254901963,781.0044689434183,230659
0.5843137254901961,0.6666666666666666,0.6941176470588235,497.0028438730843,528032
0.5647058823529412,0.6509803921568628,0.7254901960784313,39.00022316106698,862555
0.6039215686274509,0.6392156862745098,0.7254901960784313,33.000188828595135,797073
0.5843137254901961,0.6666666666666666,0.7372549019607844,125.00071525983006,294382
0.45098039215686275,0.4666666666666667,0.3137254901960784,358.00204850415327,497814
0.47843137254901963,0.45098039215686275,0.33725490196078434,94.0005378753922,648951
0.4823529411764706,0.49019607843137253,0.3137254901960784,894.0051155383046,495828
0.4666666666666667,0.4470588235294118,0.3568627450980392,83.00047493252715,678564
0.4980392156862745,0.4470588235294118,0.34509803921568627,185.00105858454847,492841
0.49411764705882355,0.4745098039215686,0.36470588235294116,639.0036564082512,353502
0.8470588235294118,0.8196078431372549,0.8196078431372549,216.00123596898635,859354
0.8117647058823529,0.8470588235294118,0.8235294117647058,202.0011558598854,531135
0.8509803921568627,0.8509803921568627,0.8196078431372549,169.00096703129023,311533
0.8509803921568627,0.8392156862745098,0.8470588235294118,67.00038337926891,858300
0.7803921568627451,0.807843137254902,0.8823529411764706,1.0000057220786405,827940
0.807843137254902,0.8352941176470589,0.8745098039215686,107.00061226241453,848530
0.21568627450980393,0.2196078431372549,0.21176470588235294,99.00056648578541,447942
0.23137254901960785,0.22745098039215686,0.2,660.0037765719027,697073
0.2196078431372549,0.20784313725490197,0.2196078431372549,182.00104141831255,347415
0.2,0.2196078431372549,0.22745098039215686,773.0044231667891,348513
0.12941176470588237,0.12549019607843137,0.0784313725490196,2.000011444157281,678623
0.17254901960784313,0.12941176470588237,0.09019607843137255,102.00058365202133,678292
0.14901960784313725,0.16862745098039217,0.10980392156862745,1.0000057220786405,677596
0.16470588235294117,0.1568627450980392,0.12156862745098039,11.000062942865044,667379
0.7843137254901961,0.7490196078431373,0.6823529411764706,154.00088120011063,421098
0.8549019607843137,0.7490196078431373,0.6549019607843137,27.000154496123294,849568
0.8431372549019608,0.8235294117647058,0.6784313725490196,1.0000057220786405,229737
0.803921568627451,0.8117647058823529,0.7411764705882353,13.000074387022327,890636
0.8313725490196079,0.8156862745098039,0.7450980392156863,37.000211716909696,463075
0.5019607843137255,0.5176470588235295,0.3843137254901961,538.0030784783086,450673
0.5450980392156862,0.5176470588235295,0.396078431372549,99.00056648578541,560863
0.5215686274509804,0.5215686274509804,0.42745098039215684,76.00043487797667,614096
0.5568627450980392,0.5137254901960784,0.41568627450980394,174.00099564168343,697980
0.5333333333333333,0.5529411764705883,0.41568627450980394,859.0049152655522,431196
0.3137254901960784,0.403921568627451,0.1450980392156863,128.00073242606598,468900
0.3568627450980392,0.3803921568627451,0.1450980392156863,2.000011444157281,878455
0.3254901960784314,0.4117647058823529,0.14901960784313725,498.00284959516296,495522
0.3568627450980392,0.3843137254901961,0.1607843137254902,14.000080109100967,872297
0.34509803921568627,0.43529411764705883,0.16470588235294117,132.00075531438054,488354
0.4470588235294118,0.5098039215686274,0.3254901960784314,760.0043487797667,310404
0.48627450980392156,0.5215686274509804,0.3333333333333333,625.0035762991503,75163
0.4588235294117647,0.5294117647058824,0.3333333333333333,31.000177384437855,299159
0.4980392156862745,0.5450980392156862,0.33725490196078434,414.0023689405572,278694
0.4666666666666667,0.5294117647058824,0.34509803921568627,44.00025177146018,302221
0.4980392156862745,0.5333333333333333,0.34901960784313724,604.0034561354988,627963
0.3176470588235294,0.2823529411764706,0.21176470588235294,163.0009326988184,839059
0.36470588235294116,0.30196078431372547,0.21568627450980393,468.00267793280375,761411
0.32941176470588235,0.2784313725490196,0.24313725490196078,638.0036506861726,664149
0.3686274509803922,0.25098039215686274,0.24313725490196078,487.0027866522979,975400
0.3254901960784314,0.29411764705882354,0.2235294117647059,503.00287820555616,659036
0.6274509803921569,0.5529411764705883,0.6627450980392157,2.000011444157281,904005
0.6941176470588235,0.6196078431372549,0.6235294117647059,107.00061226241453,1007169
0.6235294117647059,0.611764705882353,0.6862745098039216,5.000028610393202,854180
0.6980392156862745,0.6078431372549019,0.6980392156862745,1.0000057220786405,901962
0.5411764705882353,0.6352941176470588,0.5529411764705883,18.000102997415528,518871
0.6039215686274509,0.6862745098039216,0.5529411764705883,4.000022888314562,131561
0.5568627450980392,0.6509803921568628,0.611764705882353,59.00033760263979,343706
0.611764705882353,0.6862745098039216,0.5647058823529412,13.000074387022327,705278
0.6509803921568628,0.7058823529411765,0.7490196078431373,739.0042286161153,740432
0.6509803921568628,0.7176470588235294,0.7686274509803922,236.00135041055916,591993
0.6274509803921569,0.6980392156862745,0.7803921568627451,19.00010871949417,861529
0.6627450980392157,0.7098039215686275,0.803921568627451,8.000045776629124,859473
0.6235294117647059,0.7372549019607844,0.8,48.000274659774746,918477
0.6666666666666666,0.7372549019607844,0.796078431372549,694.0039711225764,860492
0.39215686274509803,0.17647058823529413,0.050980392156862744,166.0009498650543,798324
0.3764705882352941,0.17647058823529413,0.06666666666666667,46.00026321561746,809601
0.5686274509803921,0.5254901960784314,0.3137254901960784,867.0049610421813,139310
0.596078431372549,0.5254901960784314,0.3411764705882353,32.000183106516495,2358
0.592156862745098,0.5490196078431373,0.3411764705882353,227.0012989118514,148564
0.5607843137254902,0.5058823529411764,0.3607843137254902,270.0015449612329,146666
0.615686274509804,0.5019607843137255,0.3607843137254902,684.00391390179,699718
0.5764705882352941,0.5490196078431373,0.3607843137254902,729.0041713953289,65901
0.6588235294117647,0.5607843137254902,0.38823529411764707,13.000074387022327,149740
0.6313725490196078,0.592156862745098,0.38823529411764707,346.0019798392096,175299
0.6745098039215687,0.6039215686274509,0.38823529411764707,3.0000171662359216,841546
0.6627450980392157,0.5607843137254902,0.40784313725490196,102.00058365202133,772712
0.6745098039215687,0.592156862745098,0.43529411764705883,19.00010871949417,678225
0.21568627450980393,0.25098039215686274,0.0784313725490196,1.0000057220786405,927733
0.24313725490196078,0.26666666666666666,0.08627450980392157,7.0000400545504835,910280
0.2,0.3058823529411765,0.09019607843137255,4.000022888314562,443357
0.18823529411764706,0.2784313725490196,0.12156862745098039,830.0047493252716,649211
0.23921568627450981,0.27450980392156865,0.10980392156862745,22.00012588573009,922602
0.2627450980392157,0.2980392156862745,0.12156862745098039,109.00062370657182,711382
0.3137254901960784,0.3058823529411765,0.09019607843137255,3.0000171662359216,931838
0.3411764705882353,0.34509803921568627,0.10588235294117647,74.00042343381939,891800
0.8392156862745098,0.6235294117647059,0.36470588235294116,1.0000057220786405,841376
0.5764705882352941,0.5254901960784314,0.403921568627451,196.00112152741355,705177
0.5803921568627451,0.5529411764705883,0.3764705882352941,50.00028610393203,98663
0.5686274509803921,0.5058823529411764,0.4196078431372549,241.00137902095236,671414
0.611764705882353,0.5176470588235295,0.42745098039215684,771.0044117226319,683315
0.5764705882352941,0.5294117647058824,0.43529411764705883,159.00090981050383,707206
0.615686274509804,0.5294117647058824,0.4235294117647059,667.0038166264532,14550
0.7647058823529411,0.792156862745098,0.8156862745098039,869.0049724863386,812338
0.7607843137254902,0.796078431372549,0.8235294117647058,1397.0079937438607,787665
0.7529411764705882,0.792156862745098,0.8274509803921568,503.00287820555616,795825
0.7686274509803922,0.7843137254901961,0.8274509803921568,102.00058365202133,867524
0.7490196078431373,0.8,0.8313725490196079,2137.0122280820547,767025
0.45098039215686275,0.4627450980392157,0.25098039215686274,488.00279237437655,193577
0.49019607843137253,0.4627450980392157,0.2549019607843137,317.001813898929,157727
0.4470588235294118,0.4627450980392157,0.2823529411764706,765.0043773901599,511189
0.4745098039215686,0.44313725490196076,0.30980392156862746,10.000057220786404,683709
0.4745098039215686,0.4980392156862745,0.2980392156862745,320.00183106516494,62872
0.3803921568627451,0.3058823529411765,0.3764705882352941,20.00011444157281,891031
0.4823529411764706,0.30196078431372547,0.40784313725490196,1.0000057220786405,928564
0.39215686274509803,0.36470588235294116,0.4666666666666667,216.00123596898635,955106
0.4588235294117647,0.3686274509803922,0.4470588235294118,32.000183106516495,942848
0.6235294117647059,0.6431372549019608,0.6470588235294118,478.00273515359015,373374
0.6784313725490196,0.6313725490196078,0.6470588235294118,446.00255204707366,1043108
0.6313725490196078,0.6627450980392157,0.6392156862745098,373.00213433533287,457353
0.6549019607843137,0.6666666666666666,0.6470588235294118,460.0026321561746,466592
0.6392156862745098,0.6784313725490196,0.6666666666666666,541.0030956445445,303683
0.6666666666666666,0.6823529411764706,0.6745098039215687,554.0031700315668,283226
0.1450980392156863,0.15294117647058825,0.2,335.00191689634454,255398
0.17254901960784313,0.13333333333333333,0.21176470588235294,47.0002689376961,812584
0.15294117647058825,0.1450980392156863,0.23921568627450981,25.000143051966013,873922
0.16862745098039217,0.15294117647058825,0.23137254901960785,10.000057220786404,819749
0.12941176470588237,0.17647058823529413,0.23921568627450981,759.0043430576881,503350
0.17647058823529413,0.1843137254901961,0.2235294117647059,354.0020256158387,135593
0.3764705882352941,0.27058823529411763,0.2,404.0023117197708,750995
0.4196078431372549,0.2627450980392157,0.19607843137254902,150.00085831179607,914013
0.3803921568627451,0.30980392156862746,0.21568627450980393,602.0034446913415,4160
0.4196078431372549,0.2901960784313726,0.21568627450980393,232.0013275222446,542423
0.43137254901960786,0.27450980392156865,0.2196078431372549,430.0024604938154,916059
0.40784313725490196,0.2823529411764706,0.23529411764705882,600.0034332471843,930269
0.5137254901960784,0.5607843137254902,0.3843137254901961,389.00222588859117,360106
0.5568627450980392,0.5607843137254902,0.403921568627451,754.0043144472949,438480
0.5568627450980392,0.592156862745098,0.403921568627451,4.000022888314562,259280
0.5254901960784314,0.5686274509803921,0.4117647058823529,702.0040168992056,322729
0.5215686274509804,0.592156862745098,0.43529411764705883,1.0000057220786405,476875
0.5568627450980392,0.592156862745098,0.4235294117647059,77.00044060005531,275666
0.0196078431372549,0.0196078431372549,0.027450980392156862,312.0017852885358,192905
0.047058823529411764,0.027450980392156862,0.023529411764705882,460.0026321561746,833241
0.023529411764705882,0.023529411764705882,0.03529411764705882,437.0025005483659,208278
0.03137254901960784,0.0196078431372549,0.03137254901960784,78.00044632213395,161019
0.027450980392156862,0.03529411764705882,0.043137254901960784,104.00059509617861,385449
0.5098039215686274,0.5647058823529412,0.6392156862745098,782.0044746654969,1008332
0.5333333333333333,0.5882352941176471,0.6509803921568628,472.0027008211183,248359
0.5058823529411764,0.596078431372549,0.6313725490196078,514.0029411484212,289323
0.5372549019607843,0.6039215686274509,0.6470588235294118,581.0033245276901,285147
0.5254901960784314,0.5843137254901961,0.6549019607843137,216.00123596898635,1011404
0.5411764705882353,0.5882352941176471,0.6588235294117647,157.00089836634655,981742
0.5019607843137255,0.596078431372549,0.6627450980392157,648.003707906959,934858
0.3254901960784314,0.18823529411764706,0.14901960784313725,616.0035248004425,957037
0.37254901960784315,0.20784313725490197,0.12549019607843137,300.00171662359213,881466
0.3333333333333333,0.2235294117647059,0.13725490196078433,99.00056648578541,774792
0.3686274509803922,0.2196078431372549,0.1450980392156863,171.0009784754475,901783
0.3607843137254902,0.21568627450980393,0.17254901960784313,692.0039596784192,936527
0.34901960784313724,0.24705882352941178,0.1803921568627451,324.0018539534795,725380
0.4549019607843137,0.3176470588235294,0.25882352941176473,539.0030842003872,909909
0.49019607843137253,0.3215686274509804,0.27450980392156865,82.00046921044851,998514
0.4823529411764706,0.36470588235294116,0.27058823529411763,697.0039882888124,698731
0.4666666666666667,0.3411764705882353,0.2980392156862745,446.00255204707366,911815
0.47058823529411764,0.3215686274509804,0.30196078431372547,332.0018997301086,990823
0.4588235294117647,0.3607843137254902,0.28627450980392155,625.0035762991503,575758
0.49411764705882355,0.34901960784313724,0.2823529411764706,450.0025749353882,943646
0.5686274509803921,0.3803921568627451,0.33725490196078434,788.0045089979687,1031353
0.5725490196078431,0.40784313725490196,0.3333333333333333,36.000205994831056,844810
0.615686274509804,0.41568627450980394,0.32941176470588235,256.00146485213196,908337
0.596078431372549,0.403921568627451,0.35294117647058826,438.00250627044454,934924
0.5843137254901961,0.40784313725490196,0.3607843137254902,239.00136757679508,895076
0.33725490196078434,0.38823529411764707,0.25098039215686274,138.00078964685238,531514
0.3254901960784314,0.41568627450980394,0.25098039215686274,694.0039711225764,52689
0.3137254901960784,0.3803921568627451,0.2823529411764706,18.000102997415528,532188
0.34509803921568627,0.3764705882352941,0.30980392156862746,31.000177384437855,107856
0.3411764705882353,0.43137254901960786,0.30196078431372547,26.000148774044654,118223
0.34901960784313724,0.40784313725490196,0.30196078431372547,97.00055504162813,694022
0.5607843137254902,0.5882352941176471,0.3764705882352941,444.0025406029164,240838
0.5843137254901961,0.592156862745098,0.39215686274509803,103.00058937409997,218330
0.6196078431372549,0.592156862745098,0.38823529411764707,290.0016594028057,185548
0.5607843137254902,0.5725490196078431,0.43137254901960786,544.0031128107804,424109
0.6078431372549019,0.5843137254901961,0.40784313725490196,288.00164795864845,99672
0.5725490196078431,0.596078431372549,0.4117647058823529,569.0032558627464,241879
0.596078431372549,0.6,0.41568627450980394,893.005109816226,215267
0.21568627450980393,0.18823529411764706,0.1450980392156863,20.00011444157281,687872
0.24705882352941178,0.19607843137254902,0.15294117647058825,488.00279237437655,634182
0.2,0.23529411764705882,0.1450980392156863,8.000045776629124,555753
0.23137254901960785,0.23529411764705882,0.15294117647058825,9.000051498707764,557796
0.21568627450980393,0.2,0.17647058823529413,856.0048980993163,547301
0.20784313725490197,0.24313725490196078,0.16470588235294117,15.000085831179607,538333
0.24313725490196078,0.2196078431372549,0.16862745098039217,73.00041771174075,665191
0.25098039215686274,0.21568627450980393,0.18823529411764706,323.00184823140086,247201
0.3058823529411765,0.21568627450980393,0.20784313725490197,152.00086975595335,861542
0.25098039215686274,0.20392156862745098,0.24313725490196078,55.00031471432523,799277
0.29411764705882354,0.2,0.23529411764705882,64.00036621303299,928525
0.25098039215686274,0.23529411764705882,0.22745098039215686,671.0038395147677,379201
0.3058823529411765,0.23921568627450981,0.23137254901960785,181.0010356962339,881016
0.3843137254901961,0.403921568627451,0.25882352941176473,74.00042343381939,544817
0.4196078431372549,0.3803921568627451,0.26666666666666666,25.000143051966013,669382
0.4117647058823529,0.43529411764705883,0.2784313725490196,352.0020141716814,520358
0.3764705882352941,0.3803921568627451,0.30980392156862746,44.00025177146018,350469
0.43137254901960786,0.3843137254901961,0.2980392156862745,180.00102997415527,380372
0.41568627450980394,0.43529411764705883,0.2823529411764706,102.00058365202133,564324
0.19607843137254902,0.2627450980392157,0.2,23.00013160780873,131556
0.24313725490196078,0.27058823529411763,0.19607843137254902,28.000160218201934,541406
0.24705882352941178,0.3058823529411765,0.21568627450980393,544.0031128107804,542444
0.20392156862745098,0.2784313725490196,0.2196078431372549,11.000062942865044,131555
0.23921568627450981,0.25098039215686274,0.24705882352941178,114.00065231696502,350592
0.2,0.28627450980392155,0.22745098039215686,11.000062942865044,551657
0.24705882352941178,0.30980392156862746,0.2235294117647059,53.00030327016795,573165
0.19607843137254902,0.13333333333333333,0.0784313725490196,355.00203133791734,801471
0.2196078431372549,0.1411764705882353,0.08235294117647059,555.0031757536455,780982
0.19215686274509805,0.1607843137254902,0.08627450980392157,2.000011444157281,683729
0.24313725490196078,0.16470588235294117,0.08627450980392157,40.00022888314562,751301
0.23921568627450981,0.12549019607843137,0.09411764705882353,515.0029468704998,912179
0.21568627450980393,0.1568627450980392,0.11764705882352941,452.0025863795455,670071
0.22745098039215686,0.16470588235294117,0.12156862745098039,719.0041141745425,718262
0.17254901960784313,0.2627450980392157,0.16470588235294117,1181.0067577748744,248691
0.1568627450980392,0.27058823529411763,0.1568627450980392,2265.0129605081206,184174
0.17254901960784313,0.27450980392156865,0.1607843137254902,2599.0148716823865,355072
0.16862745098039217,0.2627450980392157,0.1803921568627451,1386.0079308009956,103023
0.17647058823529413,0.2627450980392157,0.17254901960784313,74.00042343381939,236367
0.16862745098039217,0.26666666666666666,0.1843137254901961,3209.0183621503575,115315
0.17647058823529413,0.27450980392156865,0.17254901960784313,2346.0134239964905,228202
0.5647058823529412,0.3843137254901961,0.396078431372549,628.0035934653862,926876
0.6078431372549019,0.38823529411764707,0.3803921568627451,52.00029754808931,956669
0.5607843137254902,0.396078431372549,0.43137254901960786,87.00049782084172,1024325
0.6039215686274509,0.403921568627451,0.4117647058823529,9.000051498707764,920974
0.6196078431372549,0.43529411764705883,0.40784313725490196,380.00217438988335,946241
0.23137254901960785,0.27058823529411763,0.3215686274509804,689.0039425121832,359895
0.21568627450980393,0.2901960784313726,0.3254901960784314,96.00054931954949,224749
0.2235294117647059,0.2901960784313726,0.3411764705882353,550.0031471432522,163272
0.2,0.2627450980392157,0.34509803921568627,547.0031299770163,223707
0.23137254901960785,0.2784313725490196,0.3568627450980392,224.00128174561547,173528
0.19607843137254902,0.2901960784313726,0.36470588235294116,338.00193406258046,360995
0.23529411764705882,0.3058823529411765,0.35294117647058826,889.0050869279114,380343
0.20784313725490197,0.32941176470588235,0.09019607843137255,16.000091553258248,456697
0.2235294117647059,0.33725490196078434,0.09019607843137255,8.000045776629124,460799
0.20784313725490197,0.3176470588235294,0.09803921568627451,102.00058365202133,437222
0.33725490196078434,0.21568627450980393,0.21176470588235294,684.00391390179,904723
0.3607843137254902,0.21568627450980393,0.18823529411764706,350.00200272752414,964183
0.3333333333333333,0.21176470588235294,0.23137254901960785,99.00056648578541,954032
0.3568627450980392,0.21176470588235294,0.23529411764705882,57.00032615848251,941233
0.3176470588235294,0.22745098039215686,0.23921568627450981,124.00070953775142,252327
0.35294117647058826,0.22745098039215686,0.2196078431372549,377.00215722364743,970259
0.403921568627451,0.4666666666666667,0.3137254901960784,61.00034904679707,385034
0.4,0.4745098039215686,0.3137254901960784,26.000148774044654,436915
0.3843137254901961,0.4549019607843137,0.35294117647058826,13.000074387022327,647920
0.41568627450980394,0.4470588235294118,0.37254901960784315,28.000160218201934,350870
0.396078431372549,0.47843137254901963,0.34901960784313724,8.000045776629124,420517
0.43529411764705883,0.4823529411764706,0.34509803921568627,27.000154496123294,436249
0.5019607843137255,0.5019607843137255,0.2627450980392157,385.0022030002766,192635
0.5294117647058824,0.5176470588235295,0.27450980392156865,46.00026321561746,191621
0.5176470588235295,0.5372549019607843,0.2784313725490196,57.00032615848251,215206
0.5411764705882353,0.5450980392156862,0.25098039215686274,10.000057220786404,882557
0.5215686274509804,0.5215686274509804,0.28627450980392155,730.0041771174075,197746
0.5098039215686274,0.5450980392156862,0.30196078431372547,422.0024147171863,238767
0.5294117647058824,0.5372549019607843,0.2901960784313726,841.0048122681367,207007
0.6,0.4666666666666667,0.3215686274509804,38.00021743898834,778868
0.5686274509803921,0.49019607843137253,0.32941176470588235,799.0045719408338,99387
0.6,0.4823529411764706,0.3411764705882353,108.00061798449318,698696
0.5686274509803921,0.4666666666666667,0.34901960784313724,285.0016307924125,686777
0.615686274509804,0.4470588235294118,0.37254901960784315,35.000200272752416,851976
0.6,0.49411764705882355,0.37254901960784315,590.0033760263979,41098
0.6627450980392157,0.4627450980392157,0.396078431372549,262.0014991846038,976905
0.6431372549019608,0.49019607843137253,0.38823529411764707,47.0002689376961,856104
0.6823529411764706,0.4745098039215686,0.39215686274509803,337.0019283405018,939097
0.6352941176470588,0.4549019607843137,0.4117647058823529,881.0050411512823,965693
0.6588235294117647,0.4627450980392157,0.4235294117647059,63.00036049095435,948359
0.6470588235294118,0.4823529411764706,0.43529411764705883,553.0031643094882,1023167
0.6666666666666666,0.47843137254901963,0.41568627450980394,709.004056953756,1044765
0.6509803921568628,0.5058823529411764,0.4627450980392157,159.00090981050383,1028299
0.6666666666666666,0.5058823529411764,0.4627450980392157,510.00291826010664,1022142
0.6549019607843137,0.5411764705882353,0.4588235294117647,39.00022316106698,897419
0.6509803921568628,0.5098039215686274,0.49411764705882355,461.00263787825327,979196
0.6274509803921569,0.5568627450980392,0.47058823529411764,135.00077248061646,264497
0.6823529411764706,0.5294117647058824,0.4980392156862745,258.00147629628924,972922
0.08235294117647059,0.09019607843137255,0.12941176470588237,84.0004806546058,382526
0.10980392156862745,0.08627450980392157,0.12549019607843137,22.00012588573009,862610
0.08235294117647059,0.09803921568627451,0.12549019607843137,559.00319864196,348534
0.07058823529411765,0.07058823529411765,0.17254901960784313,2.000011444157281,830724
0.12156862745098039,0.09019607843137255,0.1803921568627451,5.000028610393202,876993
0.08627450980392157,0.12156862745098039,0.1607843137254902,131.0007495923019,424445
0.09803921568627451,0.10980392156862745,0.16470588235294117,198.00113297157083,391733
0.4666666666666667,0.38823529411764707,0.2627450980392157,433.00247766005134,68621
0.4666666666666667,0.4117647058823529,0.25098039215686274,10.000057220786404,105476
0.49019607843137253,0.4235294117647059,0.2784313725490196,465.00266076656783,81925
0.4588235294117647,0.3843137254901961,0.3058823529411765,415.0023746626358,673393
0.4745098039215686,0.3843137254901961,0.30196078431372547,885.0050640395968,607505
0.4470588235294118,0.41568627450980394,0.29411764705882354,53.00030327016795,101731
0.4980392156862745,0.41568627450980394,0.2901960784313726,198.00113297157083,67594
0.25882352941176473,0.34509803921568627,0.1607843137254902,2283.013063505536,657265
0.27450980392156865,0.3568627450980392,0.16862745098039217,2946.0168572436746,682855
0.2627450980392157,0.3607843137254902,0.16470588235294117,908.0051956474056,370610
0.25098039215686274,0.34509803921568627,0.1843137254901961,878.0050239850464,236526
0.2784313725490196,0.3568627450980392,0.17254901960784313,1508.0086288945897,650065
0.2627450980392157,0.3607843137254902,0.17254901960784313,615.0035190783639,332799
0.26666666666666666,0.3607843137254902,0.17647058823529413,1968.0112610507645,348070
0.16862745098039217,0.29411764705882354,0.16862745098039217,3465.0198270024894,81747
0.1843137254901961,0.2901960784313726,0.16862745098039217,1899.0108662273383,323374
0.16470588235294117,0.3058823529411765,0.16862745098039217,1901.0108776714956,130949
0.1843137254901961,0.30196078431372547,0.16470588235294117,2403.013750154973,161706
0.16470588235294117,0.28627450980392155,0.1803921568627451,1396.007988021782,122686
0.17254901960784313,0.2823529411764706,0.17254901960784313,2320.013275222446,198316
0.16862745098039217,0.30980392156862746,0.17254901960784313,842.0048179902153,64386
0.17254901960784313,0.2980392156862745,0.17254901960784313,884.0050583175182,138083
0.2980392156862745,0.27450980392156865,0.2627450980392157,399.0022831093776,364824
0.27450980392156865,0.2901960784313726,0.2784313725490196,109.00062370657182,429488
0.3058823529411765,0.3058823529411765,0.2549019607843137,433.00247766005134,649843
0.2784313725490196,0.25882352941176473,0.2980392156862745,584.003341693926,127418
0.2823529411764706,0.27450980392156865,0.30980392156862746,94.0005378753922,150844
0.27058823529411763,0.2901960784313726,0.30980392156862746,577.0033016393755,328083
0.2823529411764706,0.2901960784313726,0.30196078431372547,634.003627797858,385414
0.5882352941176471,0.6431372549019608,0.6509803921568628,313.00179101061445,437869
0.615686274509804,0.6509803921568628,0.6352941176470588,486.0027809302193,587448
0.5686274509803921,0.6549019607843137,0.6470588235294118,10.000057220786404,182808
0.6078431372549019,0.6705882352941176,0.6470588235294118,262.0014991846038,577647
0.6039215686274509,0.6235294117647059,0.6784313725490196,855.0048923772376,942470
0.5725490196078431,0.6784313725490196,0.6784313725490196,152.00086975595335,378403
0.615686274509804,0.6823529411764706,0.6627450980392157,474.0027122652756,593048
0.803921568627451,0.6235294117647059,0.5490196078431373,79.0004520442126,948350
0.8196078431372549,0.6470588235294118,0.5058823529411764,9.000051498707764,855682
0.7490196078431373,0.6941176470588235,0.5176470588235295,7.0000400545504835,226659
0.8274509803921568,0.6941176470588235,0.5568627450980392,7.0000400545504835,847518
0.8235294117647058,0.6392156862745098,0.5725490196078431,62.00035476887571,1023122
0.7529411764705882,0.6980392156862745,0.6,148.00084686763878,871031
0.8156862745098039,0.6980392156862745,0.5803921568627451,28.000160218201934,853611
0.23137254901960785,0.3137254901960784,0.12941176470588237,2110.0120735859314,864204
0.2235294117647059,0.3333333333333333,0.13333333333333333,120.00068664943686,381924
0.24705882352941178,0.3333333333333333,0.13333333333333333,2382.0136299913215,790449
0.22745098039215686,0.3176470588235294,0.1411764705882353,1526.0087318920052,685969
0.23529411764705882,0.3215686274509804,0.1450980392156863,1317.0075359775694,691094
0.23137254901960785,0.32941176470588235,0.14901960784313725,81.00046348836987,355290
0.24313725490196078,0.32941176470588235,0.14901960784313725,2035.0116444300334,661384
0.2,0.21568627450980393,0.25098039215686274,302.0017280677494,140719
0.2196078431372549,0.21568627450980393,0.27058823529411763,31.000177384437855,366129
0.22745098039215686,0.23137254901960785,0.27058823529411763,833.0047664915076,243112
0.21176470588235294,0.19215686274509805,0.28627450980392155,44.00025177146018,871858
0.2196078431372549,0.18823529411764706,0.30196078431372547,12.000068664943687,852242
0.19215686274509805,0.22745098039215686,0.28627450980392155,856.0048980993163,484884
0.2196078431372549,0.23137254901960785,0.2901960784313726,254.00145340797468,376390
0.5686274509803921,0.4666666666666667,0.3764705882352941,179.00102425207663,468202
0.596078431372549,0.4392156862745098,0.396078431372549,418.00239182887174,1019231
0.5725490196078431,0.49019607843137253,0.3803921568627451,384.00219727819797,465153
0.592156862745098,0.4823529411764706,0.3764705882352941,309.0017681222999,23705
0.5882352941176471,0.4392156862745098,0.4196078431372549,335.00191689634454,1021335
0.5882352941176471,0.4823529411764706,0.43529411764705883,223.00127602353683,911845
0.611764705882353,0.47058823529411764,0.43529411764705883,137.00078392477374,985357
0.3803921568627451,0.3254901960784314,0.27450980392156865,665.0038051822959,382318
0.3764705882352941,0.34901960784313724,0.27058823529411763,160.00091553258247,664168
0.4235294117647059,0.3568627450980392,0.27450980392156865,513.0029354263426,773691
0.4,0.33725490196078434,0.28627450980392155,217.001241691065,471349
0.4235294117647059,0.3137254901960784,0.2901960784313726,205.0011730261213,886139
0.396078431372549,0.3686274509803922,0.2901960784313726,300.00171662359213,396591
0.4196078431372549,0.3607843137254902,0.28627450980392155,428.00244904965814,462109
0.13333333333333333,0.2235294117647059,0.1568627450980392,3022.0172921216513,141989
0.1411764705882353,0.23137254901960785,0.1607843137254902,224.00128174561547,102008
0.12549019607843137,0.23137254901960785,0.17647058823529413,36.000205994831056,86757
0.13333333333333333,0.24313725490196078,0.17254901960784313,773.0044231667891,107270
0.1450980392156863,0.23921568627450981,0.17254901960784313,380.00217438988335,98950
0.6509803921568628,0.5176470588235295,0.3803921568627451,94.0005378753922,813656
0.6627450980392157,0.5215686274509804,0.3764705882352941,10.000057220786404,786024
0.6352941176470588,0.5294117647058824,0.3803921568627451,334.0019111742659,762509
0.6549019607843137,0.5450980392156862,0.396078431372549,52.00029754808931,766575
0.6235294117647059,0.5254901960784314,0.4235294117647059,81.00046348836987,23731
0.6666666666666666,0.5098039215686274,0.4196078431372549,51.00029182601067,1039388
0.6549019607843137,0.5490196078431373,0.41568627450980394,55.00031471432523,712013
0.1411764705882353,0.2627450980392157,0.19215686274509805,499.0028553172416,66305
0.1568627450980392,0.27450980392156865,0.18823529411764706,550.0031471432522,42654
0.15294117647058825,0.2823529411764706,0.20392156862745098,110.00062942865046,58115
0.13333333333333333,0.25098039215686274,0.23529411764705882,13.000074387022327,155124
0.17254901960784313,0.27450980392156865,0.23529411764705882,7.0000400545504835,147949
0.13725490196078433,0.2901960784313726,0.23137254901960785,4.000022888314562,219708
0.1803921568627451,0.30980392156862746,0.23921568627450981,9.000051498707764,217658
0.26666666666666666,0.3411764705882353,0.3843137254901961,694.0039711225764,167345
0.2823529411764706,0.3254901960784314,0.396078431372549,314.0017967326931,598717
0.2784313725490196,0.3568627450980392,0.403921568627451,213.00121880275043,219601
0.30196078431372547,0.3568627450980392,0.396078431372549,463.00264932241055,392814
0.27058823529411763,0.3333333333333333,0.41568627450980394,395.002260221063,288154
0.28627450980392155,0.33725490196078434,0.40784313725490196,90.00051498707764,310831
0.27450980392156865,0.34509803921568627,0.4196078431372549,568.0032501406678,467587
0.2823529411764706,0.34509803921568627,0.40784313725490196,561.0032100861173,338499
0.5019607843137255,0.5176470588235295,0.32941176470588235,532.0030441458367,73111
0.5333333333333333,0.5137254901960784,0.3215686274509804,169.00096703129023,62835
0.5019607843137255,0.5450980392156862,0.3176470588235294,330.00188828595134,253111
0.5568627450980392,0.5450980392156862,0.3137254901960784,575.0032901952183,185461
0.5176470588235295,0.5176470588235295,0.34901960784313724,799.0045719408338,465104
0.5529411764705883,0.5019607843137255,0.3686274509803922,35.000200272752416,716443
0.5098039215686274,0.5568627450980392,0.35294117647058826,507.0029010938707,280746
0.5450980392156862,0.5450980392156862,0.34901960784313724,345.00197411713094,65922
0.5882352941176471,0.5843137254901961,0.6235294117647059,403.00230599769213,964923
0.6078431372549019,0.5882352941176471,0.6274509803921569,229.00131035600867,1029802
0.5647058823529412,0.6078431372549019,0.6431372549019608,472.0027008211183,949121
0.596078431372549,0.592156862745098,0.6470588235294118,558.0031929198814,957908
0.5647058823529412,0.5843137254901961,0.6549019607843137,26.000148774044654,888022
0.592156862745098,0.5882352941176471,0.6549019607843137,11.000062942865044,1048209
0.5686274509803921,0.6196078431372549,0.6823529411764706,781.0044689434183,991982
0.6039215686274509,0.6,0.6588235294117647,781.0044689434183,958930
0.5019607843137255,0.38823529411764707,0.2784313725490196,248.00141907550284,20573
0.5450980392156862,0.403921568627451,0.2784313725490196,82.00046921044851,704187
0.5019607843137255,0.4117647058823529,0.2784313725490196,103.00058937409997,722589
0.5294117647058824,0.40784313725490196,0.2784313725490196,47.0002689376961,765571
0.5098039215686274,0.396078431372549,0.2980392156862745,709.004056953756,786003
0.5294117647058824,0.4,0.29411764705882354,47.0002689376961,745829
0.13333333333333333,0.19607843137254902,0.25882352941176473,440.0025177146018,461320
0.14901960784313725,0.24705882352941178,0.25098039215686274,26.000148774044654,194083
0.1607843137254902,0.22745098039215686,0.26666666666666666,445.002546324995,306720
0.14901960784313725,0.21568627450980393,0.30980392156862746,249.00142479758148,272840
0.16862745098039217,0.20784313725490197,0.2901960784313726,234.00133896640187,870951
0.1450980392156863,0.2196078431372549,0.3058823529411765,128.00073242606598,495178
0.1803921568627451,0.23921568627450981,0.2901960784313726,781.0044689434183,477701
0.403921568627451,0.3137254901960784,0.20784313725490197,58.00033188056115,764592
0.43529411764705883,0.3215686274509804,0.21176470588235294,48.000274659774746,744077
0.3803921568627451,0.3568627450980392,0.21568627450980393,1.0000057220786405,612080
0.41568627450980394,0.34509803921568627,0.20784313725490197,2.000011444157281,702167
0.4,0.34901960784313724,0.23529411764705882,68.00038910134755,14352
0.40784313725490196,0.34901960784313724,0.24705882352941178,564.0032272523532,722553
0.2235294117647059,0.12156862745098039,0.12941176470588237,36.000205994831056,923464
0.13725490196078433,0.11372549019607843,0.23137254901960785,10.000057220786404,878017
0.13333333333333333,0.25882352941176473,0.16862745098039217,1458.0083427906577,12047
0.15294117647058825,0.2549019607843137,0.16862745098039217,3421.019575231029,206539
0.13725490196078433,0.26666666666666666,0.16862745098039217,105.00060081825725,53042
0.14901960784313725,0.2784313725490196,0.16470588235294117,1982.0113411598654,858
0.13333333333333333,0.25882352941176473,0.17254901960784313,1362.0077934711082,28432
0.1411764705882353,0.2549019607843137,0.1803921568627451,2387.0136586017147,103191
0.13725490196078433,0.26666666666666666,0.17254901960784313,146.0008354234815,4884
0.15294117647058825,0.27450980392156865,0.17254901960784313,1847.010568679249,71477
0.18823529411764706,0.2901960784313726,0.16470588235294117,1279.007318538581,278214
0.20392156862745098,0.29411764705882354,0.16862745098039217,269.0015392391543,265152
0.19215686274509805,0.30196078431372547,0.16862745098039217,1199.0068607722899,310086
0.21176470588235294,0.30980392156862746,0.1607843137254902,1292.0073929256034,321499
0.18823529411764706,0.29411764705882354,0.17254901960784313,2963.0169545190115,386811
0.20392156862745098,0.29411764705882354,0.1843137254901961,398.00227738729893,252813
0.18823529411764706,0.30196078431372547,0.17254901960784313,2716.0155411655874,387851
0.21176470588235294,0.3058823529411765,0.1803921568627451,2492.014259419972,277400
0.788235294117647,0.8117647058823529,0.8156862745098039,128.00073242606598,986100
0.803921568627451,0.8235294117647058,0.8235294117647058,193.00110436117762,271972
0.7803921568627451,0.8352941176470589,0.8117647058823529,20.00011444157281,287352
0.803921568627451,0.8313725490196079,0.8235294117647058,54.00030899224659,805235
0.796078431372549,0.8196078431372549,0.8392156862745098,2799.0160160981145,759109
0.792156862745098,0.8274509803921568,0.8313725490196079,72.00041198966211,207403
0.796078431372549,0.8352941176470589,0.8313725490196079,522.0029869250503,960428
0.4666666666666667,0.5058823529411764,0.5803921568627451,264.0015106287611,1005231
0.47843137254901963,0.5098039215686274,0.5843137254901961,282.0016136261766,960244
0.4470588235294118,0.5333333333333333,0.5764705882352941,463.00264932241055,493152
0.49411764705882355,0.5568627450980392,0.5882352941176471,395.002260221063,303598
0.45098039215686275,0.5215686274509804,0.611764705882353,241.00137902095236,960257
0.48627450980392156,0.5176470588235295,0.592156862745098,260.0014877404465,988869
0.45098039215686275,0.5372549019607843,0.615686274509804,594.0033989147124,949042
0.4980392156862745,0.5372549019607843,0.611764705882353,521.0029812029717,997070
0.5607843137254902,0.5803921568627451,0.5882352941176471,445.002546324995,324091
0.596078431372549,0.5843137254901961,0.5843137254901961,301.00172234567077,322178
0.5882352941176471,0.6,0.5843137254901961,287.0016422365698,120231
0.6078431372549019,0.6039215686274509,0.5725490196078431,371.0021228911756,126262
0.5764705882352941,0.5803921568627451,0.6039215686274509,303.00173378982805,130510
0.615686274509804,0.5803921568627451,0.611764705882353,274.0015678495475,857316
0.5686274509803921,0.6,0.592156862745098,499.0028553172416,284251
0.6078431372549019,0.611764705882353,0.6196078431372549,489.0027980964552,139716
0.5137254901960784,0.4549019607843137,0.2784313725490196,251.00143624173876,110600
0.5333333333333333,0.4392156862745098,0.27450980392156865,1.0000057220786405,153841
0.5176470588235295,0.48627450980392156,0.2784313725490196,767.0043888343172,140292
0.5294117647058824,0.47058823529411764,0.2784313725490196,57.00032615848251,132136
0.5254901960784314,0.45098039215686275,0.30196078431372547,340.00194550673774,81953
0.5490196078431373,0.44313725490196076,0.30980392156862746,582.0033302497687,68672
0.5176470588235295,0.49411764705882355,0.2823529411764706,207.0011844702786,162856
0.5568627450980392,0.49411764705882355,0.3058823529411765,761.0043545018453,120873
0.09019607843137255,0.12941176470588237,0.14901960784313725,9.000051498707764,157083
0.09019607843137255,0.17647058823529413,0.12941176470588237,78.00044632213395,83669
0.09411764705882353,0.17647058823529413,0.12941176470588237,436.00249482628726,84660
0.09019607843137255,0.12549019607843137,0.16470588235294117,95.00054359747084,222685
0.0784313725490196,0.1568627450980392,0.17647058823529413,1.0000057220786405,379445
0.11764705882352941,0.1607843137254902,0.1843137254901961,24.000137329887373,374194
0.24705882352941178,0.49411764705882355,0.6352941176470588,2.000011444157281,913348
0.15294117647058825,0.19215686274509805,0.21568627450980393,36.000205994831056,581203
0.12941176470588237,0.24313725490196078,0.20784313725490197,7.0000400545504835,145900
0.17647058823529413,0.2235294117647059,0.20784313725490197,3.0000171662359216,670454
0.15294117647058825,0.19215686274509805,0.23137254901960785,354.0020256158387,165294
0.15294117647058825,0.22745098039215686,0.2235294117647059,2.000011444157281,194084
0.17254901960784313,0.2235294117647059,0.24705882352941178,43.00024604938154,546357
0.5176470588235295,0.3215686274509804,0.2627450980392157,309.0017681222999,978007
0.5333333333333333,0.33725490196078434,0.2784313725490196,768.0043945563959,979037
0.5176470588235295,0.34901960784313724,0.25098039215686274,48.000274659774746,890469
0.5529411764705883,0.3568627450980392,0.25098039215686274,110.00062942865046,839470
0.5176470588235295,0.3254901960784314,0.3058823529411765,510.00291826010664,1005804
0.5294117647058824,0.3333333333333333,0.29411764705882354,541.0030956445445,970817
0.5137254901960784,0.34509803921568627,0.30980392156862746,89.000509264999,894295
0.5529411764705883,0.34509803921568627,0.2980392156862745,507.0029010938707,966721
0.1411764705882353,0.06666666666666667,0.023529411764705882,142.00081253516694,759521
0.17254901960784313,0.08235294117647059,0.027450980392156862,174.00099564168343,763620
0.1843137254901961,0.09411764705882353,0.027450980392156862,6.000034332471843,738002
0.1803921568627451,0.09019607843137255,0.0392156862745098,592.0033874705551,797433
0.1450980392156863,0.09411764705882353,0.054901960784313725,77.00044060005531,785101
0.1843137254901961,0.09411764705882353,0.0392156862745098,352.0020141716814,836377
0.25882352941176473,0.35294117647058826,0.13725490196078433,757.0043316135308,542665
0.26666666666666666,0.35294117647058826,0.13725490196078433,79.0004520442126,535446
0.25882352941176473,0.37254901960784315,0.13725490196078433,1180.0067520527957,419803
0.2784313725490196,0.3686274509803922,0.12941176470588237,895.0051212603832,504729
0.26666666666666666,0.34509803921568627,0.1450980392156863,2109.0120678638527,875414
0.25098039215686274,0.36470588235294116,0.14901960784313725,1118.00639728392,401309
0.26666666666666666,0.36470588235294116,0.15294117647058825,1547.008852055657,820073
0.45098039215686275,0.5176470588235295,0.38823529411764707,21.00012016365145,422571
0.4549019607843137,0.5529411764705883,0.3764705882352941,18.000102997415528,471759
0.4666666666666667,0.5176470588235295,0.43529411764705883,14.000080109100967,424611
0.49019607843137253,0.5098039215686274,0.43529411764705883,44.00025177146018,366040
0.45098039215686275,0.5450980392156862,0.41568627450980394,9.000051498707764,501456
0.4980392156862745,0.5450980392156862,0.40784313725490196,26.000148774044654,642808
0.6941176470588235,0.6509803921568628,0.6901960784313725,103.00058937409997,886009
0.7215686274509804,0.6509803921568628,0.6862745098039216,1.0000057220786405,944428
0.7215686274509804,0.6666666666666666,0.7019607843137254,540.0030899224658,1032777
0.6980392156862745,0.6784313725490196,0.7176470588235294,415.0023746626358,980315
0.7254901960784313,0.6823529411764706,0.7176470588235294,19.00010871949417,1035821
0.6941176470588235,0.5607843137254902,0.5098039215686274,145.00082970140286,1010271
0.7254901960784313,0.5725490196078431,0.5254901960784314,258.00147629628924,1036480
0.7450980392156863,0.6039215686274509,0.5019607843137255,23.00013160780873,882521
0.7098039215686275,0.5686274509803921,0.5294117647058824,523.002992647129,1027254
0.7333333333333333,0.5764705882352941,0.5411764705882353,333.00190545218726,913419
0.6862745098039216,0.6196078431372549,0.5294117647058824,82.00046921044851,495847
0.7215686274509804,0.6196078431372549,0.5372549019607843,108.00061798449318,889491
0.5215686274509804,0.3254901960784314,0.3137254901960784,443.00253488083774,1039501
0.5411764705882353,0.33725490196078434,0.3176470588235294,127.00072670398734,967867
0.5215686274509804,0.34509803921568627,0.3333333333333333,345.00197411713094,920759
0.5372549019607843,0.34901960784313724,0.3254901960784314,754.0043144472949,987344
0.5098039215686274,0.3411764705882353,0.36470588235294116,110.00062942865046,1030461
0.5333333333333333,0.33725490196078434,0.3568627450980392,23.00013160780873,924472
0.5019607843137255,0.3568627450980392,0.3607843137254902,333.00190545218726,986756
0.5294117647058824,0.3607843137254902,0.34901960784313724,573.003278751061,981263
0.5019607843137255,0.3764705882352941,0.3333333333333333,293.00167656904165,894347
0.5490196078431373,0.4,0.33725490196078434,150.00085831179607,932419
0.5019607843137255,0.4235294117647059,0.3215686274509804,486.0027809302193,151806
0.5372549019607843,0.42745098039215684,0.3137254901960784,447.0025577691523,49218
0.5254901960784314,0.39215686274509803,0.34509803921568627,138.00078964685238,957990
0.5450980392156862,0.3764705882352941,0.3686274509803922,669.0038280706104,979170
0.5254901960784314,0.43529411764705883,0.3686274509803922,240.00137329887372,232752
0.5568627450980392,0.43529411764705883,0.35294117647058826,228.00130463393003,209191
0.5686274509803921,0.5647058823529412,0.3176470588235294,549.0031414211736,200867
0.592156862745098,0.5686274509803921,0.3333333333333333,312.0017852885358,186524
0.5725490196078431,0.592156862745098,0.3411764705882353,1.0000057220786405,911301
0.6078431372549019,0.596078431372549,0.3333333333333333,5.000028610393202,920541
0.5725490196078431,0.5803921568627451,0.34901960784313724,354.0020256158387,215237
0.5803921568627451,0.6039215686274509,0.35294117647058826,3.0000171662359216,904115
0.611764705882353,0.592156862745098,0.3686274509803922,38.00021743898834,192699
0.6862745098039216,0.6235294117647059,0.6392156862745098,341.0019512288164,1039829
0.7333333333333333,0.6235294117647059,0.6235294117647059,214.00122452482907,935153
0.7098039215686275,0.6784313725490196,0.6392156862745098,304.0017395119067,880222
0.7294117647058823,0.6666666666666666,0.6235294117647059,203.00116158196403,327923
0.6862745098039216,0.6509803921568628,0.6784313725490196,528.0030212575222,1025629
0.7215686274509804,0.6470588235294118,0.6588235294117647,52.00029754808931,887105
0.7019607843137254,0.6588235294117647,0.6745098039215687,549.0031414211736,1034897
0.7333333333333333,0.6549019607843137,0.6627450980392157,390.0022316106698,943372
0.7215686274509804,0.7568627450980392,0.7803921568627451,1529.0087490582412,850417
0.7450980392156863,0.7607843137254902,0.792156862745098,919.0052585902706,888686
0.7254901960784313,0.7647058823529411,0.792156862745098,257.0014705742106,804094
0.7411764705882353,0.7647058823529411,0.788235294117647,1189.0068035515035,1017692
0.7176470588235294,0.7568627450980392,0.8,723.004137062857,971101
0.7450980392156863,0.7607843137254902,0.796078431372549,289.0016536807271,976257
0.7294117647058823,0.7725490196078432,0.807843137254902,3087.0176640567634,799914
0.7450980392156863,0.7764705882352941,0.8,2303.013177947109,854515
0.13725490196078433,0.2235294117647059,0.13725490196078433,282.0016136261766,246497
0.1450980392156863,0.2196078431372549,0.13333333333333333,132.00075531438054,282339
0.12549019607843137,0.23529411764705882,0.13725490196078433,739.0042286161153,13311
0.1411764705882353,0.24313725490196078,0.13333333333333333,38.00021743898834,71676
0.13333333333333333,0.2196078431372549,0.1411764705882353,2736.01565560716,222993
0.1450980392156863,0.22745098039215686,0.1411764705882353,2353.013464051041,296726
0.13333333333333333,0.24313725490196078,0.1411764705882353,1448.0082855698713,3007
0.14901960784313725,0.24313725490196078,0.14901960784313725,2499.0142994745224,250590
0.25098039215686274,0.25882352941176473,0.19215686274509805,104.00059509617861,697071
0.29411764705882354,0.2549019607843137,0.21176470588235294,582.0033302497687,535939
0.25882352941176473,0.3058823529411765,0.19607843137254902,246.00140763134556,505556
0.29411764705882354,0.3058823529411765,0.21176470588235294,36.000205994831056,543454
0.25098039215686274,0.25882352941176473,0.24313725490196078,511.0029239821853,545275
0.30980392156862746,0.2549019607843137,0.22745098039215686,855.0048923772376,674315
0.25098039215686274,0.30980392156862746,0.22745098039215686,71.00040626758347,561894
0.30980392156862746,0.2823529411764706,0.23921568627450981,117.00066948320094,598549
0.6509803921568628,0.7490196078431373,0.6823529411764706,2.000011444157281,699101
0.7098039215686275,0.7607843137254902,0.6509803921568628,35.000200272752416,556769
0.6823529411764706,0.788235294117647,0.7254901960784313,44.00025177146018,707329
0.7372549019607844,0.8196078431372549,0.7411764705882353,2.000011444157281,712453
0.3764705882352941,0.4588235294117647,0.20392156862745098,4.000022888314562,514899
0.396078431372549,0.49411764705882355,0.21568627450980393,1.0000057220786405,483149
0.42745098039215684,0.47058823529411764,0.24313725490196078,169.00096703129023,239740
0.3411764705882353,0.39215686274509803,0.4392156862745098,432.0024719379727,311645
0.34509803921568627,0.4,0.4470588235294118,206.00117874819995,350825
0.3137254901960784,0.4196078431372549,0.4627450980392157,354.0020256158387,521826
0.34901960784313724,0.4117647058823529,0.4392156862745098,420.002403273029,492051
0.3137254901960784,0.4,0.47058823529411764,152.00086975595335,335367
0.36470588235294116,0.396078431372549,0.4745098039215686,70.00040054550483,337477
0.3333333333333333,0.4235294117647059,0.49019607843137253,523.002992647129,294294
0.35294117647058826,0.4196078431372549,0.47843137254901963,344.0019683950523,318026
0.33725490196078434,0.3411764705882353,0.33725490196078434,429.0024547717368,328118
0.34509803921568627,0.3215686274509804,0.3176470588235294,209.00119591443587,640583
0.3411764705882353,0.3607843137254902,0.3137254901960784,158.0009040884252,599602
0.34509803921568627,0.34901960784313724,0.3254901960784314,340.00194550673774,617063
0.3176470588235294,0.33725490196078434,0.36470588235294116,383.00219155611927,549421
0.34509803921568627,0.3137254901960784,0.37254901960784315,101.0005779299427,906787
0.3254901960784314,0.3607843137254902,0.34509803921568627,447.0025577691523,581178
0.3568627450980392,0.36470588235294116,0.3568627450980392,422.0024147171863,232823
0.6352941176470588,0.4588235294117647,0.4392156862745098,154.00088120011063,936101
0.6549019607843137,0.4588235294117647,0.4392156862745098,4.000022888314562,973325
0.6784313725490196,0.49411764705882355,0.4666666666666667,513.0029354263426,946237
0.6431372549019608,0.4666666666666667,0.47058823529411764,15.000085831179607,917895
0.6431372549019608,0.49411764705882355,0.47058823529411764,406.00232316392805,992399
0.6627450980392157,0.48627450980392156,0.49019607843137253,80.00045776629123,913543
0.25098039215686274,0.12941176470588237,0.12549019607843137,154.00088120011063,961705
0.2901960784313726,0.14901960784313725,0.12941176470588237,98.00056076370677,874575
0.2784313725490196,0.1568627450980392,0.1450980392156863,649.0037136290376,922405
0.2980392156862745,0.17254901960784313,0.1450980392156863,682.0039024576328,946815
0.26666666666666666,0.15294117647058825,0.1568627450980392,30.000171662359215,956606
0.30980392156862746,0.1450980392156863,0.1568627450980392,24.000137329887373,892032
0.2784313725490196,0.16470588235294117,0.1568627450980392,235.00134468848051,961027
0.2980392156862745,0.17647058823529413,0.17254901960784313,592.0033874705551,946855
0.28627450980392155,0.1843137254901961,0.2549019607843137,4.000022888314562,848147
0.27450980392156865,0.24313725490196078,0.3137254901960784,37.000211716909696,895527
0.33725490196078434,0.23529411764705882,0.3137254901960784,4.000022888314562,861410
0.396078431372549,0.2627450980392157,0.2627450980392157,336.0019226184232,960157
0.41568627450980394,0.25098039215686274,0.25882352941176473,496.0028381510057,982242
0.3843137254901961,0.29411764705882354,0.25098039215686274,258.00147629628924,518860
0.4235294117647059,0.2980392156862745,0.25098039215686274,782.0044746654969,936439
0.4,0.2784313725490196,0.2901960784313726,152.00086975595335,960165
0.43529411764705883,0.2784313725490196,0.28627450980392155,87.00049782084172,926872
0.3803921568627451,0.2823529411764706,0.30196078431372547,101.0005779299427,947905
0.43137254901960786,0.29411764705882354,0.2823529411764706,219.00125313522227,990827
0.21568627450980393,0.25098039215686274,0.25882352941176473,53.00030327016795,356801
0.24313725490196078,0.2784313725490196,0.26666666666666666,681.0038967355541,597553
0.19607843137254902,0.30980392156862746,0.25882352941176473,5.000028610393202,172560
0.24705882352941178,0.3058823529411765,0.27450980392156865,25.000143051966013,431712
0.20784313725490197,0.2627450980392157,0.3058823529411765,538.0030784783086,867857
0.21568627450980393,0.2823529411764706,0.3058823529411765,9.000051498707764,190942
0.24705882352941178,0.2901960784313726,0.3058823529411765,119.00068092735822,371036
0.8352941176470589,0.8745098039215686,0.8784313725490196,208.00119019235723,873143
0.8235294117647058,0.9058823529411765,0.8862745098039215,14.000080109100967,117188
0.8705882352941177,0.9058823529411765,0.9019607843137255,72.00041198966211,876987
0.8196078431372549,0.8823529411764706,0.9137254901960784,27.000154496123294,823681
0.8666666666666667,0.8941176470588236,0.9058823529411765,209.00119591443587,886530
0.8392156862745098,0.9176470588235294,0.9254901960784314,31.000177384437855,244305
0.8705882352941177,0.9215686274509803,0.9254901960784314,119.00068092735822,876079
0.5176470588235295,0.5607843137254902,0.4627450980392157,19.00010871949417,141714
0.5098039215686274,0.596078431372549,0.4588235294117647,5.000028610393202,191010
0.5568627450980392,0.592156862745098,0.4666666666666667,288.00164795864845,331972
0.5098039215686274,0.5607843137254902,0.4980392156862745,19.00010871949417,663188
0.5568627450980392,0.5607843137254902,0.47843137254901963,77.00044060005531,648814
0.5098039215686274,0.596078431372549,0.47058823529411764,7.0000400545504835,500433
0.5333333333333333,0.592156862745098,0.48627450980392156,81.00046348836987,557121
0.7607843137254902,0.6941176470588235,0.6862745098039216,468.00267793280375,919806
0.7843137254901961,0.7058823529411765,0.7058823529411765,101.0005779299427,939272
0.7686274509803922,0.7176470588235294,0.6941176470588235,286.00163651449117,881963
0.7843137254901961,0.7215686274509804,0.7098039215686275,233.00133324432323,929035
0.7568627450980392,0.7098039215686275,0.7294117647058823,244.00139618718828,937374
0.7843137254901961,0.7137254901960784,0.7333333333333333,10.000057220786404,926960
0.7686274509803922,0.7215686274509804,0.7215686274509804,689.0039425121832,1045995
0.788235294117647,0.7333333333333333,0.7450980392156863,258.00147629628924,939282
0.26666666666666666,0.3843137254901961,0.4666666666666667,248.00141907550284,459286
0.2980392156862745,0.4,0.4549019607843137,596.0034103588697,441933
0.2627450980392157,0.41568627450980394,0.4627450980392157,8.000045776629124,873995
0.3058823529411765,0.40784313725490196,0.4627450980392157,111.0006351507291,512568
0.25882352941176473,0.396078431372549,0.49411764705882355,441.00252343668046,474742
0.2980392156862745,0.403921568627451,0.4823529411764706,438.00250627044454,510614
0.2784313725490196,0.40784313725490196,0.48627450980392156,57.00032615848251,176546
0.2823529411764706,0.4235294117647059,0.4980392156862745,356.002037059996,469623
0.3176470588235294,0.44313725490196076,0.5098039215686274,367.002100002861,243210
0.34901960784313724,0.45098039215686275,0.5176470588235295,419.0023975509504,289314
0.3411764705882353,0.47843137254901963,0.5215686274509804,30.000171662359215,578182
0.37254901960784315,0.49019607843137253,0.5215686274509804,142.00081253516694,521824
0.3176470588235294,0.4627450980392157,0.5333333333333333,431.00246621589406,291291
0.35294117647058826,0.4588235294117647,0.5450980392156862,276.00157929370476,427563
0.32941176470588235,0.49019607843137253,0.5568627450980392,147.00084114556014,497242
0.34509803921568627,0.4745098039215686,0.5450980392156862,442.0025291587591,504415
0.7490196078431373,0.5490196078431373,0.5019607843137255,1.0000057220786405,1005682
0.8156862745098039,0.611764705882353,0.5490196078431373,1.0000057220786405,956561
0.7647058823529411,0.6078431372549019,0.5843137254901961,218.00124741314363,965732
0.8274509803921568,0.615686274509804,0.5647058823529412,1.0000057220786405,956562
0.3843137254901961,0.5098039215686274,0.5686274509803921,468.00267793280375,295451
0.43529411764705883,0.5254901960784314,0.5764705882352941,489.0027980964552,219668
0.403921568627451,0.5333333333333333,0.5803921568627451,72.00041198966211,288186
0.43529411764705883,0.5294117647058824,0.5647058823529412,284.0016250703339,594608
0.39215686274509803,0.5058823529411764,0.596078431372549,172.00098419752615,469561
0.41568627450980394,0.5254901960784314,0.592156862745098,156.0008926442679,253416
0.396078431372549,0.5372549019607843,0.6196078431372549,179.00102425207663,537215
0.40784313725490196,0.5294117647058824,0.592156862745098,424.0024261613436,445983
0.5058823529411764,0.5764705882352941,0.5882352941176471,304.0017395119067,305734
0.5529411764705883,0.5843137254901961,0.5882352941176471,464.0026550444892,326138
0.5254901960784314,0.592156862745098,0.5882352941176471,35.000200272752416,309792
0.5568627450980392,0.596078431372549,0.5882352941176471,128.00073242606598,311730
0.5215686274509804,0.5764705882352941,0.6078431372549019,438.00250627044454,313921
0.5411764705882353,0.5607843137254902,0.596078431372549,327.0018711197154,314800
0.5098039215686274,0.6,0.6039215686274509,165.00094414297567,588461
0.5411764705882353,0.615686274509804,0.6078431372549019,372.00212861325423,608908
0.27058823529411763,0.15294117647058825,0.07450980392156863,460.0026321561746,887612
0.2823529411764706,0.15294117647058825,0.07058823529411765,183.0010471403912,733904
0.2784313725490196,0.1568627450980392,0.08235294117647059,56.00032043640387,876357
0.30980392156862746,0.1607843137254902,0.06666666666666667,189.00108147286304,753377
0.27058823529411763,0.14901960784313725,0.10980392156862745,349.0019970054455,913206
0.28627450980392155,0.15294117647058825,0.10588235294117647,53.00030327016795,917106
0.27450980392156865,0.1568627450980392,0.12156862745098039,427.0024433275795,913048
0.29411764705882354,0.1607843137254902,0.11764705882352941,464.0026550444892,921217
0.5058823529411764,0.44313725490196076,0.3215686274509804,141.0008068130883,687794
0.5568627450980392,0.4549019607843137,0.3254901960784314,829.004743603193,167
0.5137254901960784,0.4980392156862745,0.3254901960784314,15.000085831179607,98679
0.5490196078431373,0.47058823529411764,0.3137254901960784,181.0010356962339,80941
0.5176470588235295,0.4588235294117647,0.3607843137254902,268.00153351707564,709258
0.5490196078431373,0.4666666666666667,0.36470588235294116,424.0024261613436,594222
0.5215686274509804,0.4745098039215686,0.35294117647058826,95.00054359747084,624912
0.5372549019607843,0.48627450980392156,0.35294117647058826,188.0010757507844,715416
0.3764705882352941,0.38823529411764707,0.396078431372549,353.00201989376006,350808
0.41568627450980394,0.396078431372549,0.3843137254901961,166.0009498650543,368891
0.38823529411764707,0.41568627450980394,0.403921568627451,179.00102425207663,525855
0.41568627450980394,0.43529411764705883,0.3803921568627451,269.0015392391543,348409
0.403921568627451,0.39215686274509803,0.40784313725490196,304.0017395119067,363146
0.4196078431372549,0.4,0.40784313725490196,110.00062942865046,307647
0.396078431372549,0.4235294117647059,0.40784313725490196,417.0023861067931,548393
0.4196078431372549,0.42745098039215684,0.43529411764705883,335.00191689634454,378479
0.2196078431372549,0.3254901960784314,0.18823529411764706,1569.008977941387,38386
0.23529411764705882,0.3254901960784314,0.2,341.0019512288164,434896
0.2196078431372549,0.3411764705882353,0.2,2048.0117188170557,218790
0.23921568627450981,0.3411764705882353,0.19607843137254902,863.0049381538668,499466
0.22745098039215686,0.3137254901960784,0.21176470588235294,301.00172234567077,518887
0.23529411764705882,0.3254901960784314,0.21176470588235294,337.0019283405018,515830
0.2235294117647059,0.33725490196078434,0.21568627450980393,1780.01018529998,175737
0.23921568627450981,0.3411764705882353,0.20784313725490197,1266.0072441515588,383711
0.39215686274509803,0.4588235294117647,0.5137254901960784,278.00159073786205,427653
0.4235294117647059,0.4549019607843137,0.5215686274509804,123.00070381567278,902690
0.3843137254901961,0.49411764705882355,0.5254901960784314,285.0016307924125,557750
0.40784313725490196,0.4980392156862745,0.5137254901960784,330.00188828595134,602768
0.403921568627451,0.4392156862745098,0.5372549019607843,145.00082970140286,976590
0.4235294117647059,0.4627450980392157,0.5568627450980392,192.00109863909898,953097
0.403921568627451,0.49411764705882355,0.5568627450980392,466.00266648864647,243246
0.41568627450980394,0.48627450980392156,0.5372549019607843,287.0016422365698,490086
0.28627450980392155,0.3843137254901961,0.16470588235294117,2073.0118618690217,771877
0.2980392156862745,0.3803921568627451,0.16862745098039217,611.0034961900493,580472
0.2901960784313726,0.39215686274509803,0.16862745098039217,650.0037193511163,774968
0.3058823529411765,0.396078431372549,0.1568627450980392,744.0042572265085,526219
0.2823529411764706,0.38823529411764707,0.17254901960784313,1748.0100021934636,467755
0.30980392156862746,0.3803921568627451,0.17254901960784313,1304.007461590547,584556
0.2901960784313726,0.39215686274509803,0.1843137254901961,719.0041141745425,363437
0.2980392156862745,0.39215686274509803,0.1843137254901961,539.0030842003872,700243
0.4627450980392157,0.4666666666666667,0.45098039215686275,320.00183106516494,318801
0.49019607843137253,0.44313725490196076,0.4666666666666667,175.00100136376207,988490
0.4627450980392157,0.47058823529411764,0.4588235294117647,194.00111008325626,343499
0.47058823529411764,0.49411764705882355,0.4666666666666667,230.0013160780873,465567
0.4392156862745098,0.4470588235294118,0.4823529411764706,260.0014877404465,106862
0.49019607843137253,0.4470588235294118,0.4745098039215686,122.00069809359414,271806
0.44313725490196076,0.49411764705882355,0.4823529411764706,429.0024547717368,283935
0.48627450980392156,0.47843137254901963,0.48627450980392156,341.0019512288164,347776
0.0784313725490196,0.06666666666666667,0.023529411764705882,2.000011444157281,672469
0.12156862745098039,0.06274509803921569,0.027450980392156862,5.000028610393202,880428
0.07058823529411765,0.06666666666666667,0.058823529411764705,516.0029525925785,456998
0.5137254901960784,0.5019607843137255,0.5058823529411764,255.00145913005332,432781
0.5411764705882353,0.5058823529411764,0.5019607843137255,182.00104141831255,795051
0.5176470588235295,0.5450980392156862,0.5019607843137255,216.00123596898635,327118
0.5411764705882353,0.5529411764705883,0.5176470588235295,278.00159073786205,304426
0.5137254901960784,0.5254901960784314,0.5490196078431373,165.00094414297567,369285
0.5411764705882353,0.5058823529411764,0.5294117647058824,118.00067520527958,885058
0.5058823529411764,0.5333333333333333,0.5490196078431373,419.0023975509504,301535
0.5333333333333333,0.5372549019607843,0.5450980392156862,422.0024147171863,277925
0.27450980392156865,0.2784313725490196,0.3137254901960784,176.0010070858407,380516
0.30196078431372547,0.26666666666666666,0.32941176470588235,45.00025749353882,950983
0.2627450980392157,0.2980392156862745,0.3254901960784314,748.004280114823,333118
0.2823529411764706,0.3058823529411765,0.3215686274509804,427.0024433275795,669328
0.2784313725490196,0.25882352941176473,0.3568627450980392,28.000160218201934,856396
0.30980392156862746,0.2784313725490196,0.34901960784313724,19.00010871949417,900589
0.25098039215686274,0.30196078431372547,0.35294117647058826,445.002546324995,305651
0.2901960784313726,0.30196078431372547,0.34901960784313724,147.00084114556014,359910
0.4,0.3803921568627451,0.20784313725490197,33.000188828595135,705240
0.4196078431372549,0.3803921568627451,0.18823529411764706,8.000045776629124,716504
0.38823529411764707,0.40784313725490196,0.21568627450980393,178.001018529998,198683
0.4196078431372549,0.43137254901960786,0.21176470588235294,14.000080109100967,809775
0.3843137254901961,0.4,0.23137254901960785,48.000274659774746,364202
0.42745098039215684,0.3764705882352941,0.24313725490196078,2.000011444157281,706206
0.40784313725490196,0.4235294117647059,0.2235294117647059,314.0017967326931,190470
0.6862745098039216,0.5882352941176471,0.4549019607843137,21.00012016365145,885402
0.7254901960784313,0.5843137254901961,0.4666666666666667,9.000051498707764,878316
0.6980392156862745,0.596078431372549,0.4470588235294118,48.000274659774746,704844
0.7294117647058823,0.6039215686274509,0.4627450980392157,12.000068664943687,794212
0.6862745098039216,0.5607843137254902,0.4745098039215686,24.000137329887373,904024
0.7450980392156863,0.5725490196078431,0.49411764705882355,76.00043487797667,931912
0.7294117647058823,0.611764705882353,0.49411764705882355,13.000074387022327,815704
0.26666666666666666,0.3137254901960784,0.33725490196078434,153.000875478032,406118
0.2823529411764706,0.3215686274509804,0.33725490196078434,507.0029010938707,577082
0.27058823529411763,0.34509803921568627,0.3333333333333333,4.000022888314562,361847
0.2980392156862745,0.34509803921568627,0.3411764705882353,44.00025177146018,338236
0.2627450980392157,0.3215686274509804,0.36470588235294116,490.00280381853383,167389
0.29411764705882354,0.3215686274509804,0.37254901960784315,628.0035934653862,379478
0.26666666666666666,0.35294117647058826,0.37254901960784315,26.000148774044654,354784
0.30196078431372547,0.34509803921568627,0.3686274509803922,166.0009498650543,413164
0.4666666666666667,0.5098039215686274,0.27450980392156865,227.0012989118514,236683
0.4745098039215686,0.5058823529411764,0.25882352941176473,516.0029525925785,228519
0.4980392156862745,0.5294117647058824,0.2784313725490196,7.0000400545504835,228514
0.45098039215686275,0.5098039215686274,0.30196078431372547,493.00282098476976,287882
0.49411764705882355,0.5098039215686274,0.30196078431372547,485.00277520814063,37257
0.4980392156862745,0.5372549019607843,0.30196078431372547,257.0014705742106,246962
0.5725490196078431,0.44313725490196076,0.4392156862745098,112.00064087280774,1009262
0.611764705882353,0.4627450980392157,0.44313725490196076,803.0045948291483,1043700
0.5607843137254902,0.49411764705882355,0.4627450980392157,104.00059509617861,925231
0.615686274509804,0.47058823529411764,0.4549019607843137,537.0030727562299,1026450
0.5843137254901961,0.4627450980392157,0.48627450980392156,63.00036049095435,1013362
0.6039215686274509,0.4588235294117647,0.47058823529411764,55.00031471432523,1016186
0.5843137254901961,0.4823529411764706,0.48627450980392156,87.00049782084172,993639
0.611764705882353,0.48627450980392156,0.49019607843137253,191.00109291702032,1007918
0.4666666666666667,0.3803921568627451,0.3254901960784314,306.001750956064,484617
0.49411764705882355,0.4,0.3215686274509804,442.0025291587591,262423
0.4549019607843137,0.4235294117647059,0.3176470588235294,187.00107002870575,686755
0.49411764705882355,0.40784313725490196,0.3254901960784314,377.00215722364743,451827
0.45098039215686275,0.3764705882352941,0.36470588235294116,140.00080109100966,879982
0.4980392156862745,0.39215686274509803,0.3686274509803922,111.0006351507291,534228
0.45098039215686275,0.4235294117647059,0.3568627450980392,188.0010757507844,379241
0.48627450980392156,0.4117647058823529,0.3568627450980392,194.00111008325626,795083
0.6470588235294118,0.5725490196078431,0.5725490196078431,204.00116730404267,823421
0.6705882352941176,0.5725490196078431,0.5725490196078431,227.0012989118514,901608
0.6235294117647059,0.592156862745098,0.5803921568627451,254.00145340797468,135478
0.6627450980392157,0.6039215686274509,0.5607843137254902,204.00116730404267,926245
0.6274509803921569,0.5764705882352941,0.596078431372549,217.001241691065,804914
0.6627450980392157,0.5725490196078431,0.592156862745098,129.00073814814462,1042905
0.6313725490196078,0.6078431372549019,0.6039215686274509,345.00197411713094,905722
0.6745098039215687,0.6,0.6196078431372549,364.0020828366251,996912
0.38823529411764707,0.4392156862745098,0.44313725490196076,241.00137902095236,320838
0.41568627450980394,0.45098039215686275,0.4392156862745098,410.0023460522426,382394
0.396078431372549,0.4745098039215686,0.4666666666666667,20.00011444157281,493245
0.42745098039215684,0.4823529411764706,0.44313725490196076,102.00058365202133,376251
0.396078431372549,0.44313725490196076,0.4745098039215686,442.0025291587591,364107
0.42745098039215684,0.4627450980392157,0.4745098039215686,339.0019397846591,295194
0.403921568627451,0.47058823529411764,0.49411764705882355,106.0006065403359,624280
0.43529411764705883,0.48627450980392156,0.4823529411764706,280.0016021820193,398929
0.13333333333333333,0.25098039215686274,0.13725490196078433,298.00170517943485,6015
0.1411764705882353,0.2549019607843137,0.13725490196078433,141.0008068130883,9100
0.13725490196078433,0.26666666666666666,0.13725490196078433,1.0000057220786405,102307
0.1450980392156863,0.26666666666666666,0.13725490196078433,24.000137329887373,146332
0.13725490196078433,0.25882352941176473,0.14901960784313725,1280.0073242606597,29642
0.1411764705882353,0.25882352941176473,0.14901960784313725,2385.0136471575574,21347
0.13333333333333333,0.26666666666666666,0.1450980392156863,144.00082397932422,75652
0.1411764705882353,0.2784313725490196,0.15294117647058825,3361.019231906311,76651
0.4627450980392157,0.5098039215686274,0.5137254901960784,239.00136757679508,256355
0.4980392156862745,0.5176470588235295,0.5098039215686274,366.0020942807824,611030
0.4666666666666667,0.5294117647058824,0.5098039215686274,27.000154496123294,645795
0.49411764705882355,0.5333333333333333,0.5137254901960784,130.00074387022326,646834
0.4392156862745098,0.5176470588235295,0.5450980392156862,353.00201989376006,320068
0.48627450980392156,0.5215686274509804,0.5450980392156862,273.00156212746884,138561
0.4549019607843137,0.5411764705882353,0.5372549019607843,164.00093842089703,209408
0.4980392156862745,0.5568627450980392,0.5294117647058824,337.0019283405018,298622
0.6549019607843137,0.5019607843137255,0.2980392156862745,58.00033188056115,815922
0.7176470588235294,0.5019607843137255,0.30196078431372547,37.000211716909696,864948
0.6352941176470588,0.5764705882352941,0.30980392156862746,9.000051498707764,778000
0.6352941176470588,0.5529411764705883,0.3176470588235294,161.0009212546611,810798
0.6901960784313725,0.5019607843137255,0.3137254901960784,92.00052643123492,851572
0.6235294117647059,0.5764705882352941,0.3686274509803922,87.00049782084172,170168
0.7176470588235294,0.592156862745098,0.3411764705882353,28.000160218201934,774924
0.4627450980392157,0.25882352941176473,0.25882352941176473,298.00170517943485,921795
0.4823529411764706,0.2549019607843137,0.2549019607843137,92.00052643123492,943565
0.44313725490196076,0.29411764705882354,0.27058823529411763,306.001750956064,917072
0.4823529411764706,0.2901960784313726,0.2549019607843137,393.00224877690573,896101
0.4627450980392157,0.27450980392156865,0.29411764705882354,85.00048637668444,925493
0.47058823529411764,0.27058823529411763,0.2901960784313726,14.000080109100967,909473
0.45098039215686275,0.3058823529411765,0.30196078431372547,312.0017852885358,992871
0.4823529411764706,0.2980392156862745,0.28627450980392155,371.0021228911756,994533
0.4,0.20392156862745098,0.20784313725490197,141.0008068130883,927952
0.4196078431372549,0.21568627450980393,0.2,20.00011444157281,995426
0.39215686274509803,0.24705882352941178,0.21176470588235294,605.0034618575775,965250
0.41568627450980394,0.22745098039215686,0.19607843137254902,249.00142479758148,964675
0.3764705882352941,0.20784313725490197,0.2196078431372549,31.000177384437855,974022
0.40784313725490196,0.21568627450980393,0.23921568627450981,11.000062942865044,970004
0.38823529411764707,0.23529411764705882,0.23921568627450981,560.0032043640387,985319
0.4196078431372549,0.23137254901960785,0.22745098039215686,237.0013561326378,944594
0.3411764705882353,0.38823529411764707,0.39215686274509803,206.00117874819995,636563
0.34509803921568627,0.403921568627451,0.39215686274509803,428.00244904965814,340418
0.3411764705882353,0.4117647058823529,0.3764705882352941,4.000022888314562,404971
0.36470588235294116,0.40784313725490196,0.403921568627451,61.00034904679707,326883
0.3333333333333333,0.3803921568627451,0.42745098039215684,418.00239182887174,297537
0.36470588235294116,0.403921568627451,0.43529411764705883,473.00270654319695,419436
0.33725490196078434,0.40784313725490196,0.43137254901960786,50.00028610393203,314822
0.34509803921568627,0.40784313725490196,0.4235294117647059,211.00120735859315,444028
0.12941176470588237,0.10588235294117647,0.09411764705882353,889.0050869279114,675345
0.15294117647058825,0.09803921568627451,0.10588235294117647,48.000274659774746,893403
0.13725490196078433,0.11372549019607843,0.09803921568627451,2177.0124569652003,625056
0.15294117647058825,0.11764705882352941,0.09803921568627451,1808.010345518182,608583
0.12941176470588237,0.10588235294117647,0.11764705882352941,93.00053215331356,847141
0.14901960784313725,0.10588235294117647,0.12156862745098039,30.000171662359215,810373
0.12941176470588237,0.12156862745098039,0.12156862745098039,1466.0083885672868,395531
0.1411764705882353,0.11372549019607843,0.12156862745098039,724.0041427849357,451870
0.2235294117647059,0.3215686274509804,0.1568627450980392,1222.0069923800986,341975
0.23529411764705882,0.3254901960784314,0.1607843137254902,174.00099564168343,239607
0.22745098039215686,0.33725490196078434,0.16862745098039217,470.00268937696103,190461
0.23921568627450981,0.33725490196078434,0.16862745098039217,1074.0061455124599,330725
0.22745098039215686,0.3254901960784314,0.1843137254901961,1614.0092354349258,244674
0.24705882352941178,0.3176470588235294,0.17647058823529413,90.00051498707764,664333
0.22745098039215686,0.32941176470588235,0.1803921568627451,1322.0075645879626,224209
0.23529411764705882,0.3333333333333333,0.1843137254901961,1158.0066261670656,231382
0.8745098039215686,0.8901960784313725,0.8941176470588236,487.0027866522979,802194
0.8901960784313725,0.9137254901960784,0.9019607843137255,120.00068664943686,826662
0.9254901960784314,0.9058823529411765,0.8745098039215686,28.000160218201934,115060
0.8901960784313725,0.9019607843137255,0.9176470588235294,333.00190545218726,818737
0.8941176470588236,0.9058823529411765,0.9137254901960784,703.0040226212842,809522
0.9137254901960784,0.9176470588235294,0.9137254901960784,99.00056648578541,671006
0.8196078431372549,0.8392156862745098,0.8784313725490196,9.000051498707764,807377
0.8588235294117647,0.8352941176470589,0.8745098039215686,1.0000057220786405,840339
0.8509803921568627,0.8666666666666667,0.8823529411764706,743.0042515044298,828821
0.8392156862745098,0.8705882352941177,0.9058823529411765,3.0000171662359216,865921
0.8431372549019608,0.8666666666666667,0.9137254901960784,3.0000171662359216,822822
0.19215686274509805,0.3137254901960784,0.1568627450980392,1110.006351507291,154620
0.20392156862745098,0.3254901960784314,0.16862745098039217,732.0041885615648,402195
0.19215686274509805,0.32941176470588235,0.16862745098039217,50.00028610393203,141281
0.21568627450980393,0.32941176470588235,0.16470588235294117,403.00230599769213,189425
0.18823529411764706,0.3176470588235294,0.17647058823529413,1150.0065803904365,85978
0.21176470588235294,0.3254901960784314,0.17647058823529413,2008.01148993391,338752
0.19215686274509805,0.32941176470588235,0.17254901960784313,701.0040111771269,133099
0.20392156862745098,0.32941176470588235,0.17647058823529413,862.0049324317881,170945
0.3176470588235294,0.2784313725490196,0.2784313725490196,107.00061226241453,345366
0.36470588235294116,0.2549019607843137,0.27058823529411763,127.00072670398734,334113
0.3215686274509804,0.30980392156862746,0.2784313725490196,566.0032386965105,683651
0.35294117647058826,0.2823529411764706,0.26666666666666666,362.0020713924678,292087
0.3333333333333333,0.2549019607843137,0.28627450980392155,51.00029182601067,948925
0.36470588235294116,0.2784313725490196,0.3058823529411765,131.0007495923019,907801
0.3254901960784314,0.30980392156862746,0.2823529411764706,268.00153351707564,366846
0.35294117647058826,0.30980392156862746,0.29411764705882354,104.00059509617861,245173
0.043137254901960784,0.13725490196078433,0.30196078431372547,4.000022888314562,967624
0.10196078431372549,0.17647058823529413,0.2784313725490196,168.0009613092116,427567
0.047058823529411764,0.21568627450980393,0.25098039215686274,3.0000171662359216,164353
0.11764705882352941,0.20392156862745098,0.26666666666666666,135.00077248061646,193949
0.050980392156862744,0.1843137254901961,0.3607843137254902,11.000062942865044,984055
0.10588235294117647,0.15294117647058825,0.3411764705882353,17.000097275336888,969675
0.11372549019607843,0.21176470588235294,0.34901960784313724,84.0004806546058,298486
0.09803921568627451,0.09411764705882353,0.09411764705882353,1205.0068951047617,539115
0.11764705882352941,0.10588235294117647,0.09803921568627451,1864.0106659545859,537001
0.10588235294117647,0.10980392156862745,0.10588235294117647,5.000028610393202,414987
0.12156862745098039,0.10980392156862745,0.10588235294117647,242.001384743031,498036
0.09803921568627451,0.10588235294117647,0.12156862745098039,1419.0081196295907,595527
0.11764705882352941,0.10196078431372549,0.11764705882352941,581.0033245276901,166200
0.10196078431372549,0.11372549019607843,0.11372549019607843,278.00159073786205,448964
0.11764705882352941,0.10980392156862745,0.12156862745098039,1138.0065117254928,434660
0.4666666666666667,0.2549019607843137,0.20784313725490197,252.0014419638174,970780
0.49019607843137253,0.27450980392156865,0.20784313725490197,200.0011444157281,1044568
0.44313725490196076,0.30980392156862746,0.20392156862745098,110.00062942865046,773787
0.4823529411764706,0.3058823529411765,0.20392156862745098,107.00061226241453,782972
0.4470588235294118,0.2549019607843137,0.2196078431372549,335.00191689634454,966765
0.4745098039215686,0.26666666666666666,0.24313725490196078,236.00135041055916,896093
0.45098039215686275,0.30980392156862746,0.2196078431372549,88.00050354292036,704201
0.4823529411764706,0.28627450980392155,0.23921568627450981,348.00199128336686,886875
0.45098039215686275,0.5764705882352941,0.6313725490196078,345.00197411713094,562847
0.47058823529411764,0.5686274509803921,0.6313725490196078,729.0041713953289,241192
0.4666666666666667,0.6078431372549019,0.6235294117647059,42.0002403273029,378398
0.48627450980392156,0.592156862745098,0.6352941176470588,208.00119019235723,575142
0.45098039215686275,0.5882352941176471,0.6549019607843137,41.00023460522426,181560
0.47058823529411764,0.5607843137254902,0.6549019607843137,68.00038910134755,262649
0.44313725490196076,0.596078431372549,0.6588235294117647,36.000205994831056,454243
0.47843137254901963,0.6,0.6666666666666666,194.00111008325626,561822
0.4588235294117647,0.4588235294117647,0.5137254901960784,195.0011158053349,867599
0.48627450980392156,0.4549019607843137,0.5176470588235295,150.00085831179607,925507
0.4627450980392157,0.47058823529411764,0.5058823529411764,312.0017852885358,329321
0.47058823529411764,0.48627450980392156,0.5137254901960784,219.00125313522227,331372
0.4549019607843137,0.4627450980392157,0.5450980392156862,203.00116158196403,974536
0.4823529411764706,0.4666666666666667,0.5372549019607843,107.00061226241453,1009300
0.4392156862745098,0.49019607843137253,0.5333333333333333,231.00132180016595,309828
0.4745098039215686,0.4745098039215686,0.5450980392156862,234.00133896640187,997034
0.5803921568627451,0.33725490196078434,0.2549019607843137,158.0009040884252,1024147
0.596078431372549,0.3333333333333333,0.25098039215686274,7.0000400545504835,997450
0.5607843137254902,0.3686274509803922,0.26666666666666666,200.0011444157281,819997
0.596078431372549,0.3607843137254902,0.2784313725490196,115.00065803904366,1011831
0.5647058823529412,0.3411764705882353,0.2901960784313726,53.00030327016795,1008712
0.6,0.3686274509803922,0.2823529411764706,144.00082397932422,943199
0.07450980392156863,0.06666666666666667,0.07058823529411765,1092.0062485098754,822644
0.09019607843137255,0.07058823529411765,0.06274509803921569,1735.0099278064413,599425
0.07058823529411765,0.0784313725490196,0.07450980392156863,2.000011444157281,424235
0.09019607843137255,0.0784313725490196,0.07058823529411765,280.0016021820193,526773
0.07450980392156863,0.07450980392156863,0.08235294117647059,1208.0069122709976,388493
0.08627450980392157,0.06666666666666667,0.08235294117647059,644.0036850186444,204092
0.07450980392156863,0.08235294117647059,0.0784313725490196,215.0012302469077,821614
0.08627450980392157,0.08235294117647059,0.09019607843137255,1340.0076675853782,473568
0.19215686274509805,0.09019607843137255,0.023529411764705882,47.0002689376961,739044
0.20392156862745098,0.09803921568627451,0.0196078431372549,165.00094414297567,749293
0.2196078431372549,0.10980392156862745,0.027450980392156862,143.00081825724558,788217
0.19215686274509805,0.08627450980392157,0.03137254901960784,77.00044060005531,811655
0.18823529411764706,0.09803921568627451,0.03137254901960784,662.00378801606,726739
0.23921568627450981,0.11764705882352941,0.03137254901960784,513.0029354263426,804616
0.25098039215686274,0.3568627450980392,0.19607843137254902,751.0042972810589,318332
0.2784313725490196,0.3568627450980392,0.19607843137254902,675.0038624030823,547616
0.2549019607843137,0.36470588235294116,0.19215686274509805,879.005029707125,338811
0.26666666666666666,0.37254901960784315,0.2,830.0047493252716,281252
0.25098039215686274,0.3568627450980392,0.21568627450980393,952.0054474188657,161292
0.26666666666666666,0.35294117647058826,0.21568627450980393,745.0042629485871,425668
0.2549019607843137,0.37254901960784315,0.21568627450980393,1018.005825076056,214658
0.27058823529411763,0.37254901960784315,0.21176470588235294,473.00270654319695,16816
0.19607843137254902,0.2784313725490196,0.38823529411764707,140.00080109100966,248340
0.24705882352941178,0.26666666666666666,0.3843137254901961,35.000200272752416,945031
0.21176470588235294,0.28627450980392155,0.3764705882352941,511.0029239821853,452119
0.23921568627450981,0.30980392156862746,0.38823529411764707,509.002912538028,555694
0.19215686274509805,0.27450980392156865,0.42745098039215684,21.00012016365145,441910
0.2235294117647059,0.26666666666666666,0.43137254901960786,6.000034332471843,144643
0.20784313725490197,0.2980392156862745,0.4117647058823529,239.00136757679508,511572
0.22745098039215686,0.29411764705882354,0.40784313725490196,109.00062370657182,217623
0.6980392156862745,0.7294117647058823,0.7490196078431373,1207.006906548919,881236
0.7098039215686275,0.7215686274509804,0.7568627450980392,557.0031871978027,988626
0.6941176470588235,0.7333333333333333,0.7607843137254902,297.0016994573562,1030039
0.7098039215686275,0.7372549019607844,0.7607843137254902,800.0045776629124,925553
0.6901960784313725,0.7294117647058823,0.7647058823529411,481.0027523198261,1010446
0.7137254901960784,0.7254901960784313,0.7686274509803922,580.0033188056115,951657
0.6941176470588235,0.7333333333333333,0.7764705882352941,840.004806546058,585779
0.7058823529411765,0.7411764705882353,0.7647058823529411,1491.0085316192528,1036130
0.6470588235294118,0.6274509803921569,0.5803921568627451,199.00113869364947,384668
0.6823529411764706,0.6313725490196078,0.5686274509803921,192.00109863909898,243994
0.6352941176470588,0.6745098039215687,0.5607843137254902,79.0004520442126,920539
0.6588235294117647,0.6745098039215687,0.5882352941176471,114.00065231696502,604892
0.6392156862745098,0.6392156862745098,0.611764705882353,417.0023861067931,270932
0.6784313725490196,0.6235294117647059,0.6196078431372549,271.00155068331156,915294
0.6274509803921569,0.6588235294117647,0.611764705882353,98.00056076370677,108872
0.6784313725490196,0.6588235294117647,0.6196078431372549,192.00109863909898,383642
0.20392156862745098,0.33725490196078434,0.4,55.00031471432523,203171
0.23137254901960785,0.3137254901960784,0.39215686274509803,496.0028381510057,413219
0.2,0.3686274509803922,0.396078431372549,4.000022888314562,106922
0.23137254901960785,0.34509803921568627,0.4,19.00010871949417,433669
0.20392156862745098,0.3176470588235294,0.42745098039215684,211.00120735859315,401933
0.2235294117647059,0.33725490196078434,0.42745098039215684,614.0035133562852,547450
0.20392156862745098,0.34509803921568627,0.43529411764705883,9.000051498707764,505425
0.23137254901960785,0.34901960784313724,0.43529411764705883,144.00082397932422,465449
0.6196078431372549,0.6235294117647059,0.403921568627451,4.000022888314562,896928
0.5490196078431373,0.6470588235294118,0.49411764705882355,4.000022888314562,701178
0.7058823529411765,0.5215686274509804,0.45098039215686275,416.00238038471446,1019011
0.7254901960784313,0.5176470588235295,0.4666666666666667,21.00012016365145,960668
0.7137254901960784,0.5372549019607843,0.4627450980392157,107.00061226241453,1010917
0.7176470588235294,0.5294117647058824,0.4588235294117647,107.00061226241453,1039622
0.6901960784313725,0.5254901960784314,0.49411764705882355,194.00111008325626,1003576
0.7176470588235294,0.5098039215686274,0.47843137254901963,2.000011444157281,902290
0.7058823529411765,0.5490196078431373,0.4980392156862745,474.0027122652756,1038501
0.7333333333333333,0.5450980392156862,0.4823529411764706,226.00129318977275,923757
0.33725490196078434,0.3176470588235294,0.27058823529411763,129.00073814814462,398803
0.3607843137254902,0.3137254901960784,0.2784313725490196,397.0022716652203,594637
0.3137254901960784,0.3568627450980392,0.2784313725490196,25.000143051966013,638684
0.35294117647058826,0.3568627450980392,0.25882352941176473,36.000205994831056,668379
0.3137254901960784,0.3176470588235294,0.29411764705882354,381.002180111962,668294
0.36470588235294116,0.33725490196078434,0.3058823529411765,404.0023117197708,270666
0.33725490196078434,0.34509803921568627,0.28627450980392155,29.000165940280574,654961
0.3686274509803922,0.34901960784313724,0.2823529411764706,137.00078392477374,386501
0.6588235294117647,0.3764705882352941,0.16862745098039217,41.00023460522426,821914
0.6862745098039216,0.40784313725490196,0.1843137254901961,1.0000057220786405,849532
0.6862745098039216,0.42745098039215684,0.22745098039215686,14.000080109100967,876371
0.6549019607843137,0.4470588235294118,0.24705882352941178,38.00021743898834,149747
0.6941176470588235,0.44313725490196076,0.21176470588235294,47.0002689376961,783104
0.7294117647058823,0.7803921568627451,0.8117647058823529,379.0021686678047,734353
0.7294117647058823,0.796078431372549,0.8235294117647058,21.00012016365145,870819
0.7450980392156863,0.803921568627451,0.8235294117647058,57.00032615848251,226863
0.7294117647058823,0.7843137254901961,0.8274509803921568,100.00057220786405,743474
0.7411764705882353,0.788235294117647,0.8274509803921568,462.0026436003319,614452
0.7294117647058823,0.803921568627451,0.8313725490196079,12.000068664943687,898968
0.7450980392156863,0.796078431372549,0.8313725490196079,103.00058937409997,721964
0.3176470588235294,0.3411764705882353,0.19215686274509805,54.00030899224659,366249
0.3686274509803922,0.3215686274509804,0.21568627450980393,200.0011444157281,6174
0.3176470588235294,0.3686274509803922,0.21568627450980393,548.003135699095,577741
0.34901960784313724,0.3607843137254902,0.20784313725490197,9.000051498707764,365226
0.3137254901960784,0.3137254901960784,0.24313725490196078,25.000143051966013,687849
0.34509803921568627,0.3176470588235294,0.22745098039215686,179.00102425207663,666365
0.3176470588235294,0.3686274509803922,0.2196078431372549,477.0027294315115,570492
0.3686274509803922,0.37254901960784315,0.23137254901960785,28.000160218201934,536806
0.3411764705882353,0.3411764705882353,0.3803921568627451,86.00049209876308,317015
0.3568627450980392,0.3215686274509804,0.3803921568627451,87.00049782084172,865655
0.3411764705882353,0.3686274509803922,0.39215686274509803,547.0031299770163,321875
0.34509803921568627,0.34901960784313724,0.38823529411764707,316.0018081768504,338557
0.32941176470588235,0.3176470588235294,0.40784313725490196,37.000211716909696,955084
0.3607843137254902,0.3333333333333333,0.40784313725490196,104.00059509617861,951007
0.3215686274509804,0.3686274509803922,0.40784313725490196,257.0014705742106,252489
0.35294117647058826,0.37254901960784315,0.43137254901960786,83.00047493252715,329265
0.36470588235294116,0.5058823529411764,0.5450980392156862,57.00032615848251,588414
0.2901960784313726,0.5058823529411764,0.611764705882353,2.000011444157281,928751
0.3686274509803922,0.5647058823529412,0.5725490196078431,1.0000057220786405,163327
0.19607843137254902,0.28627450980392155,0.12549019607843137,1175.0067234424025,644090
0.20784313725490197,0.29411764705882354,0.13333333333333333,1463.008371401051,629709
0.2,0.2980392156862745,0.12941176470588237,19.00010871949417,634866
0.21176470588235294,0.2980392156862745,0.12549019607843137,2412.0138016536807,887786
0.19215686274509805,0.29411764705882354,0.1411764705882353,265.0015163508397,191474
0.21176470588235294,0.2901960784313726,0.15294117647058825,92.00052643123492,679642
0.18823529411764706,0.3058823529411765,0.15294117647058825,226.00129318977275,162808
0.20392156862745098,0.30980392156862746,0.14901960784313725,377.00215722364743,189431
0.6235294117647059,0.5803921568627451,0.6431372549019608,40.00022888314562,828527
0.6627450980392157,0.5882352941176471,0.6235294117647059,4.000022888314562,953767
0.6392156862745098,0.596078431372549,0.6352941176470588,524.0029983692076,983562
0.6549019607843137,0.615686274509804,0.6431372549019608,534.003055589994,881914
0.6274509803921569,0.5843137254901961,0.6588235294117647,2.000011444157281,929605
0.6549019607843137,0.5843137254901961,0.6666666666666666,1.0000057220786405,929590
0.6352941176470588,0.615686274509804,0.6745098039215687,343.00196267297366,875739
0.6588235294117647,0.6196078431372549,0.6588235294117647,55.00031471432523,986638
0.5725490196078431,0.5803921568627451,0.5176470588235295,119.00068092735822,664255
0.592156862745098,0.5607843137254902,0.5254901960784314,125.00071525983006,119151
0.5607843137254902,0.6196078431372549,0.5176470588235295,116.0006637611223,619743
0.6078431372549019,0.596078431372549,0.5019607843137255,249.00142479758148,261436
0.5607843137254902,0.5647058823529412,0.5568627450980392,320.00183106516494,330363
0.592156862745098,0.5882352941176471,0.5294117647058824,257.0014705742106,458395
0.5607843137254902,0.615686274509804,0.5294117647058824,99.00056648578541,572521
0.615686274509804,0.6,0.5333333333333333,196.00112152741355,140536
0.7019607843137254,0.7098039215686275,0.6509803921568628,229.00131035600867,462525
0.7333333333333333,0.7098039215686275,0.6509803921568628,169.00096703129023,703181
0.7098039215686275,0.7372549019607844,0.6274509803921569,35.000200272752416,874340
0.7176470588235294,0.7215686274509804,0.6509803921568628,76.00043487797667,581323
0.6980392156862745,0.6941176470588235,0.6588235294117647,433.00247766005134,388751
0.7372549019607844,0.6941176470588235,0.6784313725490196,280.0016021820193,900254
0.7058823529411765,0.7176470588235294,0.6823529411764706,97.00055504162813,316968
0.7333333333333333,0.7450980392156863,0.6745098039215687,147.00084114556014,320986
0.6862745098039216,0.5803921568627451,0.5725490196078431,224.00128174561547,980291
0.7254901960784313,0.5882352941176471,0.5607843137254902,87.00049782084172,1010710
0.7019607843137254,0.596078431372549,0.5686274509803921,258.00147629628924,997500
0.7333333333333333,0.592156862745098,0.5686274509803921,402.0023002756135,1032408
0.7137254901960784,0.5843137254901961,0.596078431372549,15.000085831179607,930966
0.7254901960784313,0.5882352941176471,0.592156862745098,1.0000057220786405,915583
0.7058823529411765,0.6039215686274509,0.596078431372549,288.00164795864845,828563
0.7411764705882353,0.6196078431372549,0.592156862745098,177.00101280791935,1041524
0.6235294117647059,0.5843137254901961,0.5098039215686274,193.00110436117762,679539
0.6549019607843137,0.5843137254901961,0.5254901960784314,109.00062370657182,914916
0.6509803921568628,0.596078431372549,0.5137254901960784,180.00102997415527,778634
0.6784313725490196,0.611764705882353,0.5215686274509804,263.00150490668244,765287
0.6235294117647059,0.5764705882352941,0.5490196078431373,163.0009326988184,795217
0.6705882352941176,0.5686274509803921,0.5450980392156862,151.0008640338747,1047210
0.6313725490196078,0.611764705882353,0.5450980392156862,163.0009326988184,546500
0.6705882352941176,0.6039215686274509,0.5294117647058824,228.00130463393003,399591
0.09411764705882353,0.18823529411764706,0.13333333333333333,523.002992647129,111290
0.10980392156862745,0.19607843137254902,0.13725490196078433,231.00132180016595,137923
0.10196078431372549,0.20392156862745098,0.13725490196078433,38.00021743898834,50901
0.11372549019607843,0.21568627450980393,0.12941176470588237,179.00102425207663,994
0.09411764705882353,0.18823529411764706,0.1411764705882353,901.0051555928551,110262
0.10980392156862745,0.19607843137254902,0.1450980392156863,652.0037307952736,103121
0.10588235294117647,0.21176470588235294,0.1411764705882353,213.00121880275043,37573
0.12156862745098039,0.21568627450980393,0.15294117647058825,2974.0170174618765,132814
0.19215686274509805,0.3137254901960784,0.19607843137254902,518.0029640367358,15926
0.21176470588235294,0.3215686274509804,0.19215686274509805,2764.015815825362,45580
0.2,0.3411764705882353,0.19215686274509805,102.00058365202133,153479
0.21568627450980393,0.3333333333333333,0.2,968.005538972124,27139
0.2,0.3176470588235294,0.20392156862745098,67.00038337926891,182954
0.20784313725490197,0.3254901960784314,0.20392156862745098,841.0048122681367,183961
0.19215686274509805,0.32941176470588235,0.20392156862745098,17.000097275336888,154439
0.21568627450980393,0.33725490196078434,0.20784313725490197,408.00233460808533,45598
0.0196078431372549,0.027450980392156862,0.06274509803921569,1.0000057220786405,295302
0.0392156862745098,0.0196078431372549,0.06666666666666667,3.0000171662359216,825628
0.023529411764705882,0.050980392156862744,0.07058823529411765,81.00046348836987,225688
0.023529411764705882,0.027450980392156862,0.09411764705882353,1.0000057220786405,862653
0.0196078431372549,0.047058823529411764,0.10980392156862745,4.000022888314562,304513
0.047058823529411764,0.050980392156862744,0.09411764705882353,23.00013160780873,196100
0.22745098039215686,0.34901960784313724,0.2,434.00248338213,31217
0.24313725490196078,0.35294117647058826,0.19607843137254902,1128.0064545047064,312187
0.23137254901960785,0.36470588235294116,0.18823529411764706,35.000200272752416,145405
0.24705882352941178,0.3607843137254902,0.2,266.00152207291836,243362
0.23137254901960785,0.34901960784313724,0.21176470588235294,955.0054645851017,72179
0.24705882352941178,0.35294117647058826,0.21176470588235294,2068.0118332586285,152083
0.22745098039215686,0.3607843137254902,0.21568627450980393,26.000148774044654,4595
0.23921568627450981,0.3607843137254902,0.20784313725490197,735.0042057278007,221847
0.25098039215686274,0.3215686274509804,0.13333333333333333,249.00142479758148,734116
0.27058823529411763,0.3254901960784314,0.12941176470588237,34.000194550673775,781078
0.2549019607843137,0.32941176470588235,0.13333333333333333,1934.0110665000907,774072
0.27450980392156865,0.3333333333333333,0.13725490196078433,34.000194550673775,877432
0.25098039215686274,0.3254901960784314,0.14901960784313725,26.000148774044654,622491
0.27450980392156865,0.3176470588235294,0.1450980392156863,6.000034332471843,711423
0.2549019607843137,0.3411764705882353,0.1450980392156863,3227.018465147773,845691
0.26666666666666666,0.3411764705882353,0.1450980392156863,123.00070381567278,739238
0.3803921568627451,0.4,0.45098039215686275,93.00053215331356,234956
0.43137254901960786,0.3843137254901961,0.4666666666666667,92.00052643123492,935149
0.39215686274509803,0.4196078431372549,0.4627450980392157,392.0022430548271,410236
0.4196078431372549,0.41568627450980394,0.4392156862745098,267.001527794997,803323
0.3843137254901961,0.396078431372549,0.4980392156862745,134.00076675853782,825892
0.41568627450980394,0.396078431372549,0.4745098039215686,138.00078964685238,862420
0.3803921568627451,0.43529411764705883,0.49411764705882355,133.00076103645918,185807
0.43529411764705883,0.41568627450980394,0.4980392156862745,126.0007209819087,880882
0.6901960784313725,0.6235294117647059,0.5764705882352941,189.00108147286304,924190
0.7294117647058823,0.6392156862745098,0.5764705882352941,87.00049782084172,685362
0.6862745098039216,0.6745098039215687,0.5764705882352941,160.00091553258247,547542
0.7372549019607844,0.6666666666666666,0.5764705882352941,169.00096703129023,880291
0.6980392156862745,0.6235294117647059,0.615686274509804,197.00112724949219,1039012
0.7333333333333333,0.6235294117647059,0.6039215686274509,185.00105858454847,959765
0.6901960784313725,0.6745098039215687,0.6196078431372549,213.00121880275043,337146
0.7254901960784313,0.6823529411764706,0.6196078431372549,174.00099564168343,478433
0.5254901960784314,0.5215686274509804,0.5843137254901961,189.00108147286304,1027748
0.5411764705882353,0.5215686274509804,0.5803921568627451,99.00056648578541,964067
0.5058823529411764,0.5450980392156862,0.5725490196078431,246.00140763134556,339469
0.5529411764705883,0.5411764705882353,0.5607843137254902,204.00116730404267,809047
0.5058823529411764,0.5098039215686274,0.592156862745098,57.00032615848251,955121
0.5372549019607843,0.5254901960784314,0.6078431372549019,20.00011444157281,944912
0.5254901960784314,0.5450980392156862,0.592156862745098,336.0019226184232,816247
0.5411764705882353,0.5529411764705883,0.596078431372549,212.0012130806718,894205
0.6235294117647059,0.6431372549019608,0.4117647058823529,25.000143051966013,908221
0.7215686274509804,0.6313725490196078,0.3843137254901961,10.000057220786404,805673
0.6235294117647059,0.6274509803921569,0.4980392156862745,217.001241691065,187672
0.7019607843137254,0.6313725490196078,0.49411764705882355,83.00047493252715,718163
0.6745098039215687,0.6862745098039216,0.48627450980392156,3.0000171662359216,879475
0.28627450980392155,0.3568627450980392,0.16862745098039217,105.00060081825725,599893
0.30980392156862746,0.35294117647058826,0.16470588235294117,16.000091553258248,852822
0.2901960784313726,0.37254901960784315,0.16862745098039217,2024.0115814871683,751356
0.3058823529411765,0.37254901960784315,0.16862745098039217,75.00042915589803,744179
0.28627450980392155,0.3568627450980392,0.17254901960784313,370.00211716909695,570165
0.2980392156862745,0.3568627450980392,0.1843137254901961,74.00042343381939,301056
0.29411764705882354,0.3686274509803922,0.17254901960784313,2336.013366775704,611196
0.2980392156862745,0.37254901960784315,0.1843137254901961,368.00210572493967,582458
0.6666666666666666,0.592156862745098,0.47058823529411764,815.004663494092,105616
0.6745098039215687,0.592156862745098,0.47058823529411764,2155.01233107947,69912
0.6666666666666666,0.6078431372549019,0.47058823529411764,179.00102425207663,128177
0.6705882352941176,0.6078431372549019,0.47843137254901963,359.0020542262319,112894
0.6666666666666666,0.592156862745098,0.4980392156862745,43.00024604938154,894716
0.6823529411764706,0.6,0.48627450980392156,1097.0062771202686,79064
0.6549019607843137,0.611764705882353,0.4980392156862745,72.00041198966211,692931
0.6784313725490196,0.611764705882353,0.49019607843137253,642.0036735744872,121063
0.5215686274509804,0.4470588235294118,0.39215686274509803,154.00088120011063,345359
0.5411764705882353,0.4549019607843137,0.39215686274509803,244.00139618718828,397538
0.5098039215686274,0.49411764705882355,0.4,153.000875478032,676515
0.5568627450980392,0.47058823529411764,0.38823529411764707,277.0015850157834,646429
0.5058823529411764,0.4470588235294118,0.41568627450980394,131.0007495923019,576205
0.5450980392156862,0.45098039215686275,0.42745098039215684,109.00062370657182,913904
0.5215686274509804,0.47843137254901963,0.4235294117647059,116.0006637611223,315652
0.5294117647058824,0.48627450980392156,0.42745098039215684,155.00088692218927,355723
0.6431372549019608,0.5176470588235295,0.5058823529411764,163.0009326988184,978246
0.6666666666666666,0.5254901960784314,0.5098039215686274,176.0010070858407,1022057
0.6313725490196078,0.5294117647058824,0.5019607843137255,106.0006065403359,891289
0.6705882352941176,0.5333333333333333,0.5215686274509804,437.0025005483659,1025348
0.6274509803921569,0.5137254901960784,0.5294117647058824,32.000183106516495,1044956
0.6549019607843137,0.5176470588235295,0.5333333333333333,12.000068664943687,910712
0.6470588235294118,0.5568627450980392,0.5294117647058824,129.00073814814462,893274
0.6784313725490196,0.5568627450980392,0.5450980392156862,247.0014133534242,983372
0.5058823529411764,0.24705882352941178,0.1803921568627451,1.0000057220786405,1046720
0.5843137254901961,0.3686274509803922,0.3764705882352941,12.000068664943687,1042559
0.3254901960784314,0.3803921568627451,0.18823529411764706,1243.00711254375,247892
0.3333333333333333,0.38823529411764707,0.19607843137254902,552.0031585874095,256044
0.3176470588235294,0.39215686274509803,0.19215686274509805,575.0032901952183,608105
0.3333333333333333,0.39215686274509803,0.2,301.00172234567077,279586
0.3215686274509804,0.3843137254901961,0.21176470588235294,580.0033188056115,319504
0.3411764705882353,0.38823529411764707,0.20392156862745098,206.00117874819995,225318
0.3137254901960784,0.4,0.20392156862745098,314.0017967326931,622415
0.3333333333333333,0.39215686274509803,0.20392156862745098,1320.0075531438054,275471
0.5843137254901961,0.5215686274509804,0.4627450980392157,158.0009040884252,927267
0.611764705882353,0.5215686274509804,0.44313725490196076,161.0009212546611,668968
0.5882352941176471,0.5411764705882353,0.4392156862745098,165.00094414297567,105803
0.6039215686274509,0.5333333333333333,0.4392156862745098,276.00157929370476,495846
0.5725490196078431,0.5058823529411764,0.47058823529411764,124.00070953775142,797191
0.6,0.5215686274509804,0.4980392156862745,77.00044060005531,886156
0.5843137254901961,0.5568627450980392,0.4823529411764706,139.00079536893102,246079
0.6039215686274509,0.5333333333333333,0.48627450980392156,172.00098419752615,894387
0.3843137254901961,0.3803921568627451,0.33725490196078434,146.0008354234815,641626
0.43529411764705883,0.39215686274509803,0.33725490196078434,254.00145340797468,400691
0.3803921568627451,0.4117647058823529,0.3137254901960784,23.00013160780873,99731
0.43137254901960786,0.4196078431372549,0.32941176470588235,67.00038337926891,665199
0.38823529411764707,0.3764705882352941,0.3607843137254902,306.001750956064,613965
0.4117647058823529,0.39215686274509803,0.37254901960784315,285.0016307924125,345445
0.38823529411764707,0.4117647058823529,0.37254901960784315,44.00025177146018,597713
0.4196078431372549,0.4117647058823529,0.34509803921568627,145.00082970140286,679577
0.1607843137254902,0.12941176470588237,0.10196078431372549,620.0035476887571,674216
0.17254901960784313,0.12941176470588237,0.10196078431372549,494.0028267068484,687501
0.16470588235294117,0.1411764705882353,0.10588235294117647,2.000011444157281,785958
0.1843137254901961,0.1411764705882353,0.10196078431372549,44.00025177146018,750008
0.1568627450980392,0.12941176470588237,0.11764705882352941,2075.011873313179,515406
0.1843137254901961,0.13725490196078433,0.10980392156862745,558.0031929198814,735664
0.16862745098039217,0.1450980392156863,0.12156862745098039,312.0017852885358,615932
0.17647058823529413,0.1411764705882353,0.10980392156862745,971.0055561383599,684469
0.3137254901960784,0.4549019607843137,0.19215686274509805,270.0015449612329,421706
0.3568627450980392,0.44313725490196076,0.19607843137254902,177.00101280791935,533336
0.33725490196078434,0.47058823529411764,0.20392156862745098,7.0000400545504835,422753
0.3607843137254902,0.4745098039215686,0.19607843137254902,9.000051498707764,464726
0.3333333333333333,0.4392156862745098,0.23137254901960785,251.00143624173876,276097
0.37254901960784315,0.4392156862745098,0.22745098039215686,552.0031585874095,267354
0.09411764705882353,0.07450980392156863,0.07058823529411765,347.0019855612882,594328
0.11764705882352941,0.07450980392156863,0.07058823529411765,193.00110436117762,906957
0.09803921568627451,0.08235294117647059,0.07450980392156863,1273.0072842061093,670186
0.10980392156862745,0.09019607843137255,0.07450980392156863,329.0018825638727,699137
0.10196078431372549,0.07058823529411765,0.08235294117647059,132.00075531438054,179482
0.11372549019607843,0.07450980392156863,0.08627450980392157,22.00012588573009,180502
0.10196078431372549,0.09019607843137255,0.08627450980392157,2078.011890479415,646651
0.10980392156862745,0.09019607843137255,0.08235294117647059,671.0038395147677,545130
0.18823529411764706,0.1568627450980392,0.13333333333333333,1047.0059910163366,713198
0.21176470588235294,0.1607843137254902,0.12941176470588237,976.0055847487531,664977
0.19607843137254902,0.17647058823529413,0.13725490196078433,16.000091553258248,661089
0.21176470588235294,0.17254901960784313,0.13725490196078433,92.00052643123492,623019
0.19215686274509805,0.1607843137254902,0.1411764705882353,1142.0065346138074,685554
0.21176470588235294,0.1607843137254902,0.1411764705882353,620.0035476887571,708214
0.2,0.17254901960784313,0.14901960784313725,224.00128174561547,342445
0.21568627450980393,0.17254901960784313,0.1411764705882353,919.0052585902706,638419
0.30980392156862746,0.3137254901960784,0.09019607843137255,1.0000057220786405,915411
0.2784313725490196,0.3176470588235294,0.11764705882352941,20.00011444157281,889750
0.2901960784313726,0.3333333333333333,0.12156862745098039,42.0002403273029,886670
0.4588235294117647,0.3137254901960784,0.32941176470588235,111.0006351507291,971993
0.4980392156862745,0.3176470588235294,0.3254901960784314,306.001750956064,968925
0.4627450980392157,0.3568627450980392,0.3254901960784314,129.00073814814462,900532
0.47843137254901963,0.34901960784313724,0.3137254901960784,281.00160790409797,917983
0.4588235294117647,0.3333333333333333,0.3607843137254902,101.0005779299427,997978
0.48627450980392156,0.32941176470588235,0.34509803921568627,137.00078392477374,971985
0.4588235294117647,0.37254901960784315,0.37254901960784315,81.00046348836987,885130
0.4745098039215686,0.3686274509803922,0.35294117647058826,105.00060081825725,657695
0.2549019607843137,0.3176470588235294,0.45098039215686275,84.0004806546058,960436
0.2823529411764706,0.3411764705882353,0.4470588235294118,20.00011444157281,193018
0.2549019607843137,0.34509803921568627,0.45098039215686275,600.0034332471843,467512
0.30980392156862746,0.36470588235294116,0.4588235294117647,232.0013275222446,260590
0.25098039215686274,0.33725490196078434,0.4745098039215686,10.000057220786404,279055
0.30980392156862746,0.3137254901960784,0.4823529411764706,2.000011444157281,940919
0.26666666666666666,0.35294117647058826,0.48627450980392156,258.00147629628924,264660
0.3058823529411765,0.3568627450980392,0.47843137254901963,44.00025177146018,968004
0.7803921568627451,0.8235294117647058,0.8431372549019608,1070.0061226241453,845071
0.796078431372549,0.8235294117647058,0.8431372549019608,1101.0063000085831,692348
0.792156862745098,0.8274509803921568,0.8470588235294118,196.00112152741355,802956
0.803921568627451,0.8274509803921568,0.8431372549019608,2396.0137101004225,771388
0.788235294117647,0.8156862745098039,0.8588235294117647,9.000051498707764,872624
0.796078431372549,0.8156862745098039,0.8588235294117647,21.00012016365145,876744
0.7843137254901961,0.8392156862745098,0.8627450980392157,25.000143051966013,866726
0.8,0.8313725490196079,0.8588235294117647,143.00081825724558,693545
0.5019607843137255,0.3803921568627451,0.1607843137254902,1.0000057220786405,231784
0.615686274509804,0.3764705882352941,0.17647058823529413,2.000011444157281,832109
0.5529411764705883,0.3843137254901961,0.2235294117647059,74.00042343381939,877163
0.5647058823529412,0.403921568627451,0.23529411764705882,187.00107002870575,180526
0.5058823529411764,0.47843137254901963,0.2235294117647059,33.000188828595135,764676
0.6039215686274509,0.4392156862745098,0.24705882352941178,13.000074387022327,873072
0.2627450980392157,0.3803921568627451,0.16862745098039217,383.00219155611927,452395
0.27058823529411763,0.3843137254901961,0.16862745098039217,1583.009058050488,395126
0.2627450980392157,0.39215686274509803,0.1568627450980392,37.000211716909696,437051
0.2784313725490196,0.4,0.16470588235294117,717.0041027303852,413547
0.25882352941176473,0.3764705882352941,0.1803921568627451,501.0028667613989,368477
0.2784313725490196,0.3843137254901961,0.17647058823529413,892.0051040941473,379811
0.2627450980392157,0.39215686274509803,0.17254901960784313,54.00030899224659,412466
0.27058823529411763,0.4,0.17647058823529413,691.0039539563405,394069
0.5215686274509804,0.396078431372549,0.3764705882352941,65.00037193511163,900545
0.5568627450980392,0.4,0.4,572.0032730289823,1024374
0.5019607843137255,0.4117647058823529,0.3803921568627451,81.00046348836987,892324
0.5450980392156862,0.4235294117647059,0.3764705882352941,149.00085258971743,910929
0.5058823529411764,0.3843137254901961,0.43529411764705883,54.00030899224659,977193
0.5529411764705883,0.39215686274509803,0.40784313725490196,154.00088120011063,1001853
0.5176470588235295,0.43137254901960786,0.41568627450980394,50.00028610393203,905701
0.5490196078431373,0.40784313725490196,0.40784313725490196,83.00047493252715,907374
0.5294117647058824,0.2549019607843137,0.023529411764705882,83.00047493252715,798481
0.5686274509803921,0.2901960784313726,0.047058823529411764,45.00025749353882,784131
0.611764705882353,0.3137254901960784,0.043137254901960784,5.000028610393202,792331
0.5294117647058824,0.2627450980392157,0.10196078431372549,98.00056076370677,829043
0.5647058823529412,0.28627450980392155,0.09411764705882353,58.00033188056115,808727
0.611764705882353,0.3215686274509804,0.07058823529411765,13.000074387022327,793355
0.27450980392156865,0.396078431372549,0.5058823529411764,196.00112152741355,288214
0.2901960784313726,0.403921568627451,0.5137254901960784,127.00072670398734,262665
0.2784313725490196,0.42745098039215684,0.5254901960784314,108.00061798449318,569993
0.29411764705882354,0.41568627450980394,0.5019607843137255,456.00260926786007,286251
0.2627450980392157,0.39215686274509803,0.5294117647058824,25.000143051966013,424497
0.30196078431372547,0.403921568627451,0.5450980392156862,14.000080109100967,440889
0.26666666666666666,0.42745098039215684,0.5490196078431373,65.00037193511163,460389
0.2823529411764706,0.4196078431372549,0.5333333333333333,201.00115013780675,442936
0.7490196078431373,0.7568627450980392,0.6862745098039216,143.00081825724558,573133
0.7843137254901961,0.7686274509803922,0.6862745098039216,141.0008068130883,437468
0.7725490196078432,0.7843137254901961,0.7137254901960784,13.000074387022327,597719
0.788235294117647,0.796078431372549,0.7137254901960784,36.000205994831056,890638
0.7529411764705882,0.7568627450980392,0.7215686274509804,381.002180111962,550605
0.796078431372549,0.7686274509803922,0.7372549019607844,287.0016422365698,881779
0.7490196078431373,0.788235294117647,0.7372549019607844,70.00040054550483,661192
0.7843137254901961,0.7843137254901961,0.7176470588235294,118.00067520527958,420057
0.13333333333333333,0.12941176470588237,0.13725490196078433,1025.0058651306065,616016
0.14901960784313725,0.13725490196078433,0.12549019607843137,1040.005950961786,528828
0.13725490196078433,0.1411764705882353,0.13333333333333333,12.000068664943687,404814
0.14901960784313725,0.15294117647058825,0.12941176470588237,208.00119019235723,665337
0.13725490196078433,0.12941176470588237,0.1411764705882353,1025.0058651306065,405808
0.1411764705882353,0.13725490196078433,0.14901960784313725,318.00181962100766,502217
0.12941176470588237,0.1450980392156863,0.1450980392156863,322.0018425093222,814453
0.15294117647058825,0.14901960784313725,0.1450980392156863,792.0045318862833,582120
0.16862745098039217,0.12941176470588237,0.12549019607843137,524.0029983692076,352503
0.1843137254901961,0.12549019607843137,0.13725490196078433,71.00040626758347,542418
0.1568627450980392,0.1411764705882353,0.13725490196078433,1078.0061684007744,428310
0.1843137254901961,0.14901960784313725,0.12549019607843137,1791.0102482428451,633268
0.16470588235294117,0.12549019607843137,0.1450980392156863,54.00030899224659,849253
0.17254901960784313,0.12549019607843137,0.15294117647058825,13.000074387022327,884147
0.1607843137254902,0.1411764705882353,0.1411764705882353,802.0045891070697,436544
0.17254901960784313,0.14901960784313725,0.14901960784313725,356.002037059996,481727
0.4588235294117647,0.3176470588235294,0.20392156862745098,81.00046348836987,769645
0.48627450980392156,0.33725490196078434,0.21176470588235294,61.00034904679707,793238
0.44313725490196076,0.3607843137254902,0.21568627450980393,3.0000171662359216,699080
0.48627450980392156,0.35294117647058826,0.19215686274509805,10.000057220786404,872289
0.4392156862745098,0.32941176470588235,0.24705882352941178,400.0022888314562,644392
0.48627450980392156,0.3411764705882353,0.2235294117647059,64.00036621303299,783977
0.4470588235294118,0.34901960784313724,0.23921568627450981,386.00220872235525,712362
0.4823529411764706,0.34901960784313724,0.22745098039215686,137.00078392477374,759435
0.6980392156862745,0.7490196078431373,0.788235294117647,407.0023288860067,694320
0.7137254901960784,0.7607843137254902,0.792156862745098,1227.0070209904918,739483
0.6901960784313725,0.7647058823529411,0.788235294117647,27.000154496123294,520846
0.7019607843137254,0.7686274509803922,0.792156862745098,47.0002689376961,565915
0.6980392156862745,0.7607843137254902,0.807843137254902,422.0024147171863,590944
0.7019607843137254,0.7607843137254902,0.803921568627451,1855.010614455878,690194
0.6941176470588235,0.7647058823529411,0.803921568627451,34.000194550673775,896914
0.7137254901960784,0.7647058823529411,0.803921568627451,533.0030498679154,700487
0.3843137254901961,0.3411764705882353,0.3137254901960784,83.00047493252715,255302
0.43137254901960786,0.3215686274509804,0.3254901960784314,77.00044060005531,939723
0.3803921568627451,0.37254901960784315,0.3176470588235294,310.00177384437853,259390
0.40784313725490196,0.3686274509803922,0.33725490196078434,161.0009212546611,632420
0.396078431372549,0.3215686274509804,0.36470588235294116,80.00045776629123,998010
0.43529411764705883,0.32941176470588235,0.3568627450980392,151.0008640338747,987788
0.3843137254901961,0.3686274509803922,0.34509803921568627,182.00104141831255,324868
0.41568627450980394,0.34509803921568627,0.34901960784313724,90.00051498707764,802247
0.8431372549019608,0.8784313725490196,0.796078431372549,10.000057220786404,230796
0.803921568627451,0.8745098039215686,0.8627450980392157,20.00011444157281,168451
0.4588235294117647,0.44313725490196076,0.4,157.00089836634655,437929
0.49411764705882355,0.4666666666666667,0.396078431372549,174.00099564168343,198061
0.44313725490196076,0.48627450980392156,0.3803921568627451,42.0002403273029,468674
0.4980392156862745,0.48627450980392156,0.403921568627451,83.00047493252715,672383
0.4627450980392157,0.4470588235294118,0.4117647058823529,240.00137329887372,340236
0.49019607843137253,0.4549019607843137,0.42745098039215684,199.00113869364947,274732
0.4392156862745098,0.4980392156862745,0.42745098039215684,82.00046921044851,648923
0.47058823529411764,0.47843137254901963,0.42745098039215684,145.00082970140286,532001
0.28627450980392155,0.3803921568627451,0.13333333333333333,663.0037937381386,502694
0.2980392156862745,0.3803921568627451,0.13333333333333333,36.000205994831056,494493
0.28627450980392155,0.396078431372549,0.13333333333333333,203.00116158196403,514030
0.2980392156862745,0.396078431372549,0.13725490196078433,34.000194550673775,460718
0.28627450980392155,0.3803921568627451,0.15294117647058825,987.0056476916182,538564
0.2980392156862745,0.3843137254901961,0.14901960784313725,273.00156212746884,514939
0.28627450980392155,0.396078431372549,0.15294117647058825,919.0052585902706,438133
0.30196078431372547,0.39215686274509803,0.1411764705882353,1372.0078506918946,502697
0.2,0.3333333333333333,0.4666666666666667,151.0008640338747,529033
0.2235294117647059,0.33725490196078434,0.4549019607843137,290.0016594028057,508536
0.20784313725490197,0.34509803921568627,0.45098039215686275,19.00010871949417,879084
0.24313725490196078,0.35294117647058826,0.4549019607843137,338.00193406258046,474698
0.20392156862745098,0.32941176470588235,0.49411764705882355,39.00022316106698,150791
0.22745098039215686,0.3333333333333333,0.49411764705882355,33.000188828595135,164142
0.20784313725490197,0.34509803921568627,0.49019607843137253,21.00012016365145,446001
0.2235294117647059,0.3568627450980392,0.48627450980392156,217.001241691065,536191
0.5647058823529412,0.5137254901960784,0.5098039215686274,104.00059509617861,815231
0.596078431372549,0.5176470588235295,0.5019607843137255,65.00037193511163,946383
0.5647058823529412,0.5294117647058824,0.5215686274509804,212.0012130806718,139569
0.6196078431372549,0.5411764705882353,0.5019607843137255,130.00074387022326,896435
0.5803921568627451,0.5254901960784314,0.5333333333333333,122.00069809359414,890206
0.6039215686274509,0.5137254901960784,0.5450980392156862,86.00049209876308,1018490
0.5803921568627451,0.5450980392156862,0.5411764705882353,255.00145913005332,334160
0.592156862745098,0.5529411764705883,0.5529411764705883,131.0007495923019,888159
0.7254901960784313,0.7215686274509804,0.7568627450980392,763.0043659460026,897282
0.7333333333333333,0.7254901960784313,0.7607843137254902,452.0025863795455,1007093
0.7254901960784313,0.7333333333333333,0.7490196078431373,283.00161934825525,837199
0.7372549019607844,0.7411764705882353,0.7607843137254902,129.00073814814462,770069
0.7176470588235294,0.7294117647058823,0.7686274509803922,562.0032158081959,975241
0.7372549019607844,0.7254901960784313,0.7647058823529411,272.0015564053902,1013230
0.7294117647058823,0.7411764705882353,0.7764705882352941,868.00496676426,947545
0.7372549019607844,0.7333333333333333,0.7686274509803922,1057.006048237123,1002960
0.5137254901960784,0.5607843137254902,0.3333333333333333,100.00057220786405,258223
0.5568627450980392,0.5607843137254902,0.3137254901960784,257.0014705742106,213176
0.5176470588235295,0.5607843137254902,0.3607843137254902,271.00155068331156,274616
0.5294117647058824,0.5647058823529412,0.3568627450980392,459.002626434096,260288
0.6549019607843137,0.6980392156862745,0.7294117647058823,496.0028381510057,935845
0.6705882352941176,0.6941176470588235,0.7254901960784313,300.00171662359213,806412
0.6666666666666666,0.7137254901960784,0.7294117647058823,163.0009326988184,240192
0.6784313725490196,0.7098039215686275,0.7294117647058823,220.0012588573009,935817
0.6549019607843137,0.6862745098039216,0.7333333333333333,676.0038681251609,1023714
0.6823529411764706,0.6941176470588235,0.7411764705882353,639.0036564082512,976287
0.6588235294117647,0.7137254901960784,0.7450980392156863,1066.0060997358307,963530
0.6745098039215687,0.7058823529411765,0.7411764705882353,773.0044231667891,893817
0.4549019607843137,0.5607843137254902,0.5803921568627451,54.00030899224659,615062
0.4823529411764706,0.5764705882352941,0.5725490196078431,158.0009040884252,339410
0.45098039215686275,0.6196078431372549,0.5803921568627451,1.0000057220786405,180760
0.49411764705882355,0.6,0.5843137254901961,5.000028610393202,343534
0.4588235294117647,0.5607843137254902,0.611764705882353,281.00160790409797,572063
0.47058823529411764,0.5686274509803921,0.615686274509804,518.0029640367358,278085
0.45098039215686275,0.6,0.592156862745098,10.000057220786404,121293
0.49411764705882355,0.592156862745098,0.611764705882353,55.00031471432523,419407
0.5098039215686274,0.6745098039215687,0.7647058823529411,32.000183106516495,914371
0.5843137254901961,0.6823529411764706,0.7607843137254902,59.00033760263979,902994
0.5490196078431373,0.6980392156862745,0.803921568627451,25.000143051966013,170283
0.6,0.7176470588235294,0.7490196078431373,149.00085258971743,928606
0.611764705882353,0.7411764705882353,0.8117647058823529,5.000028610393202,916425
0.3137254901960784,0.41568627450980394,0.1607843137254902,1165.0066662216161,485223
0.32941176470588235,0.4196078431372549,0.1607843137254902,207.0011844702786,492401
0.3215686274509804,0.43137254901960786,0.16862745098039217,517.0029583146571,445348
0.33725490196078434,0.43529411764705883,0.16862745098039217,560.0032043640387,471917
0.3254901960784314,0.4117647058823529,0.17254901960784313,513.0029354263426,546681
0.3333333333333333,0.4196078431372549,0.1843137254901961,495.00283242892704,554881
0.3137254901960784,0.4235294117647059,0.1803921568627451,344.0019683950523,476990
0.3411764705882353,0.43137254901960786,0.17254901960784313,504.0028839276348,502654
0.08235294117647059,0.12941176470588237,0.19215686274509805,86.00049209876308,469557
0.11372549019607843,0.13333333333333333,0.18823529411764706,425.0024318834222,145874
0.0784313725490196,0.1568627450980392,0.21176470588235294,6.000034332471843,345637
0.11372549019607843,0.1607843137254902,0.20784313725490197,207.0011844702786,546391
0.07058823529411765,0.13333333333333333,0.23137254901960785,25.000143051966013,296435
0.09803921568627451,0.15294117647058825,0.22745098039215686,45.00025749353882,344600
0.08235294117647059,0.16470588235294117,0.23529411764705882,22.00012588573009,505422
0.09411764705882353,0.16470588235294117,0.24705882352941178,250.00143051966012,496197
0.28627450980392155,0.3568627450980392,0.19215686274509805,677.0038738472396,635696
0.2980392156862745,0.3568627450980392,0.2,19.00010871949417,597189
0.28627450980392155,0.3607843137254902,0.18823529411764706,944.0054016422366,670505
0.2980392156862745,0.3607843137254902,0.19215686274509805,669.0038280706104,329729
0.2823529411764706,0.34901960784313724,0.20784313725490197,381.002180111962,369339
0.2980392156862745,0.3568627450980392,0.20392156862745098,76.00043487797667,594727
0.29411764705882354,0.3607843137254902,0.20392156862745098,699.0039997329696,581410
0.2980392156862745,0.3686274509803922,0.21176470588235294,785.0044918317328,607456
0.18823529411764706,0.09019607843137255,0.07058823529411765,19.00010871949417,1023070
0.2235294117647059,0.09019607843137255,0.06666666666666667,5.000028610393202,1028158
0.18823529411764706,0.09803921568627451,0.0784313725490196,599.0034275251056,213330
0.2196078431372549,0.11764705882352941,0.06274509803921569,85.00048637668444,866088
0.20392156862745098,0.08627450980392157,0.10588235294117647,12.000068664943687,914592
0.23529411764705882,0.09019607843137255,0.10196078431372549,1.0000057220786405,1021083
0.19215686274509805,0.10980392156862745,0.10196078431372549,260.0014877404465,922368
0.23921568627450981,0.10980392156862745,0.10588235294117647,73.00041771174075,1000581
0.6274509803921569,0.396078431372549,0.3254901960784314,82.00046921044851,956909
0.6352941176470588,0.42745098039215684,0.33725490196078434,315.00180245477173,931917
0.6549019607843137,0.43137254901960786,0.3333333333333333,15.000085831179607,931901
0.6274509803921569,0.403921568627451,0.3686274509803922,17.000097275336888,940483
0.6352941176470588,0.4235294117647059,0.3686274509803922,592.0033874705551,1045883
0.6588235294117647,0.43137254901960786,0.37254901960784315,19.00010871949417,966805
0.396078431372549,0.19607843137254902,0.1450980392156863,79.0004520442126,944211
0.4196078431372549,0.2,0.14901960784313725,17.000097275336888,1009769
0.4,0.23921568627450981,0.13725490196078433,172.00098419752615,791173
0.4235294117647059,0.23529411764705882,0.12941176470588237,153.000875478032,754403
0.38823529411764707,0.2,0.1843137254901961,159.00090981050383,1032427
0.4196078431372549,0.21568627450980393,0.1803921568627451,63.00036049095435,1046638
0.39215686274509803,0.23921568627450981,0.1568627450980392,263.00150490668244,889631
0.4235294117647059,0.24313725490196078,0.1843137254901961,127.00072670398734,926827
0.5098039215686274,0.5137254901960784,0.4666666666666667,109.00062370657182,148900
0.5568627450980392,0.5176470588235295,0.4588235294117647,121.0006923715155,324851
0.5137254901960784,0.5333333333333333,0.4470588235294118,59.00033760263979,349447
0.5333333333333333,0.5294117647058824,0.4588235294117647,132.00075531438054,127284
0.5098039215686274,0.5019607843137255,0.49411764705882355,181.0010356962339,353756
0.5411764705882353,0.5058823529411764,0.47058823529411764,172.00098419752615,385247
0.5019607843137255,0.5294117647058824,0.47843137254901963,91.00052070915628,485022
0.5490196078431373,0.5490196078431373,0.4823529411764706,155.00088692218927,831839
0.06274509803921569,0.03529411764705882,0.00784313725490196,1.0000057220786405,684752
0.08627450980392157,0.03137254901960784,0.011764705882352941,9.000051498707764,597736
0.07058823529411765,0.047058823529411764,0.00784313725490196,1.0000057220786405,684751
0.06274509803921569,0.03529411764705882,0.023529411764705882,2725.015592664295,831216
0.08627450980392157,0.043137254901960784,0.023529411764705882,1099.0062885644259,873237
0.07450980392156863,0.047058823529411764,0.027450980392156862,14.000080109100967,820926
0.09019607843137255,0.047058823529411764,0.027450980392156862,195.0011158053349,873228
0.27058823529411763,0.12941176470588237,0.027450980392156862,54.00030899224659,783117
0.2901960784313726,0.15294117647058825,0.023529411764705882,42.0002403273029,734939
0.30980392156862746,0.1568627450980392,0.027450980392156862,4.000022888314562,758516
0.27450980392156865,0.13725490196078433,0.054901960784313725,569.0032558627464,833160
0.2901960784313726,0.1450980392156863,0.054901960784313725,322.0018425093222,865108
0.30196078431372547,0.1568627450980392,0.050980392156862744,6.000034332471843,769773
0.2901960784313726,0.38823529411764707,0.18823529411764706,608.0034790238134,496417
0.30980392156862746,0.38823529411764707,0.19215686274509805,866.0049553201027,555828
0.28627450980392155,0.396078431372549,0.2,340.00194550673774,354168
0.2980392156862745,0.39215686274509803,0.18823529411764706,304.0017395119067,634762
0.28627450980392155,0.3843137254901961,0.20784313725490197,483.00276376398335,325547
0.30980392156862746,0.3803921568627451,0.21568627450980393,706.0040397875201,607460
0.28627450980392155,0.396078431372549,0.21176470588235294,340.00194550673774,280216
0.2980392156862745,0.39215686274509803,0.21568627450980393,290.0016594028057,290465
0.44313725490196076,0.396078431372549,0.396078431372549,82.00046921044851,321809
0.47843137254901963,0.396078431372549,0.3764705882352941,61.00034904679707,882038
0.4588235294117647,0.4235294117647059,0.396078431372549,233.00133324432323,437608
0.48627450980392156,0.41568627450980394,0.3803921568627451,154.00088120011063,878970
0.4627450980392157,0.396078431372549,0.4196078431372549,87.00049782084172,814147
0.4823529411764706,0.4,0.40784313725490196,98.00056076370677,889237
0.4666666666666667,0.4196078431372549,0.4235294117647059,177.00101280791935,884070
0.4980392156862745,0.4235294117647059,0.4117647058823529,90.00051498707764,131390
0.3176470588235294,0.38823529411764707,0.2196078431372549,807.0046177174629,595168
0.32941176470588235,0.3764705882352941,0.23137254901960785,564.0032272523532,561254
0.3215686274509804,0.4,0.2235294117647059,294.0016822911203,339623
0.3411764705882353,0.39215686274509803,0.22745098039215686,558.0031929198814,571585
0.3254901960784314,0.3843137254901961,0.23529411764705882,224.00128174561547,561278
0.3411764705882353,0.3843137254901961,0.24313725490196078,726.0041542290929,547918
0.3137254901960784,0.4,0.23529411764705882,312.0017852885358,57797
0.3333333333333333,0.396078431372549,0.24313725490196078,439.0025119925232,568447
0.3215686274509804,0.1450980392156863,0.15294117647058825,22.00012588573009,1042583
0.34901960784313724,0.1450980392156863,0.12941176470588237,1.0000057220786405,1019121
0.32941176470588235,0.1843137254901961,0.1411764705882353,576.0032959172969,936548
0.34509803921568627,0.16862745098039217,0.15294117647058825,57.00032615848251,851058
0.3176470588235294,0.15294117647058825,0.16470588235294117,12.000068664943687,954551
0.3568627450980392,0.15294117647058825,0.1568627450980392,1.0000057220786405,995521
0.33725490196078434,0.16862745098039217,0.16470588235294117,211.00120735859315,992469
0.36470588235294116,0.17254901960784313,0.1843137254901961,78.00044632213395,985254
0.5098039215686274,0.6392156862745098,0.6431372549019608,34.000194550673775,929779
0.5333333333333333,0.6235294117647059,0.6470588235294118,157.00089836634655,389678
0.5333333333333333,0.6588235294117647,0.6392156862745098,9.000051498707764,182812
0.5137254901960784,0.6235294117647059,0.6784313725490196,127.00072670398734,298475
0.5568627450980392,0.6235294117647059,0.6823529411764706,600.0034332471843,957252
0.5254901960784314,0.6627450980392157,0.6588235294117647,3.0000171662359216,234056
0.5568627450980392,0.6627450980392157,0.6705882352941176,24.000137329887373,295278
0.5803921568627451,0.6470588235294118,0.5803921568627451,113.00064659488638,590999
0.6196078431372549,0.6392156862745098,0.5843137254901961,142.00081253516694,302313
0.5803921568627451,0.6666666666666666,0.5764705882352941,8.000045776629124,708308
0.6078431372549019,0.6823529411764706,0.5882352941176471,70.00040054550483,693982
0.5882352941176471,0.6235294117647059,0.6039215686274509,165.00094414297567,636596
0.6196078431372549,0.6431372549019608,0.6078431372549019,336.0019226184232,128468
0.5882352941176471,0.6549019607843137,0.6039215686274509,17.000097275336888,590998
0.6039215686274509,0.6588235294117647,0.6078431372549019,103.00058937409997,584837
0.32941176470588235,0.4392156862745098,0.17647058823529413,677.0038738472396,473952
0.34509803921568627,0.44313725490196076,0.17647058823529413,269.0015392391543,493408
0.2196078431372549,0.29411764705882354,0.12549019607843137,59.00033760263979,722897
0.23529411764705882,0.29411764705882354,0.12549019607843137,6.000034332471843,924657
0.22745098039215686,0.3058823529411765,0.12941176470588237,3108.017784220415,719813
0.23529411764705882,0.3058823529411765,0.12941176470588237,148.00084686763878,890785
0.22745098039215686,0.2823529411764706,0.15294117647058825,1.0000057220786405,596218
0.2235294117647059,0.30980392156862746,0.1411764705882353,391.00223733274845,690116
0.23921568627450981,0.3058823529411765,0.15294117647058825,1.0000057220786405,678695
0.18823529411764706,0.2901960784313726,0.19607843137254902,584.003341693926,139881
0.21176470588235294,0.29411764705882354,0.19607843137254902,13.000074387022327,501467
0.19607843137254902,0.30980392156862746,0.2,1575.0090122738588,103990
0.20392156862745098,0.30980392156862746,0.2,1052.0060196267298,143946
0.19215686274509805,0.29411764705882354,0.20392156862745098,14.000080109100967,156288
0.2,0.30980392156862746,0.20784313725490197,288.00164795864845,159364
0.20392156862745098,0.30980392156862746,0.21176470588235294,151.0008640338747,160385
0.1411764705882353,0.21568627450980393,0.3254901960784314,47.0002689376961,405015
0.1607843137254902,0.2,0.3254901960784314,17.000097275336888,261692
0.12549019607843137,0.2196078431372549,0.3137254901960784,165.00094414297567,284201
0.1607843137254902,0.22745098039215686,0.3176470588235294,451.00258065746686,577168
0.12941176470588237,0.19607843137254902,0.36470588235294116,6.000034332471843,151845
0.17647058823529413,0.21568627450980393,0.34901960784313724,4.000022888314562,393757
0.13725490196078433,0.24313725490196078,0.35294117647058826,88.00050354292036,424495
0.17647058823529413,0.24705882352941178,0.34901960784313724,115.00065803904366,359942
0.6313725490196078,0.6862745098039216,0.7254901960784313,447.0025577691523,992107
0.6431372549019608,0.6901960784313725,0.7215686274509804,792.0045318862833,705827
0.6274509803921569,0.7019607843137254,0.7254901960784313,68.00038910134755,578663
0.6509803921568628,0.7137254901960784,0.7176470588235294,129.00073814814462,419408
0.6352941176470588,0.6941176470588235,0.7333333333333333,540.0030899224658,980899
0.6431372549019608,0.6941176470588235,0.7450980392156863,1041.0059566838647,963379
0.6352941176470588,0.7098039215686275,0.7333333333333333,135.00077248061646,549546
0.6392156862745098,0.7098039215686275,0.7450980392156863,349.0019970054455,602269
0.6235294117647059,0.5607843137254902,0.4117647058823529,976.0055847487531,36165
0.6392156862745098,0.5647058823529412,0.4196078431372549,38.00021743898834,127113
0.6352941176470588,0.5764705882352941,0.4117647058823529,281.00160790409797,153747
0.6392156862745098,0.5803921568627451,0.41568627450980394,139.00079536893102,146606
0.6274509803921569,0.5607843137254902,0.4235294117647059,602.0034446913415,98607
0.6431372549019608,0.5686274509803921,0.43529411764705883,667.0038166264532,76075
0.6313725490196078,0.5764705882352941,0.42745098039215684,169.00096703129023,44354
0.6470588235294118,0.5764705882352941,0.43529411764705883,573.003278751061,126113
0.788235294117647,0.788235294117647,0.8156862745098039,144.00082397932422,891025
0.803921568627451,0.792156862745098,0.8156862745098039,49.000280381853386,911570
0.7803921568627451,0.807843137254902,0.8235294117647058,608.0034790238134,812175
0.8,0.796078431372549,0.8117647058823529,149.00085258971743,874616
0.7803921568627451,0.788235294117647,0.8313725490196079,52.00029754808931,879769
0.796078431372549,0.788235294117647,0.8274509803921568,13.000074387022327,852041
0.7803921568627451,0.807843137254902,0.8313725490196079,2328.013320999075,765177
0.8,0.8,0.8274509803921568,91.00052070915628,888975
0.7058823529411765,0.6235294117647059,0.5137254901960784,396.00226594314165,69872
0.7215686274509804,0.6274509803921569,0.5058823529411764,33.000188828595135,803415
0.7019607843137254,0.6745098039215687,0.5254901960784314,12.000068664943687,155888
0.7450980392156863,0.6823529411764706,0.5137254901960784,12.000068664943687,891664
0.7098039215686275,0.6235294117647059,0.5450980392156862,204.00116730404267,704832
0.7294117647058823,0.6470588235294118,0.5450980392156862,66.00037765719027,87259
0.7058823529411765,0.6549019607843137,0.5568627450980392,77.00044060005531,613642
0.7372549019607844,0.6705882352941176,0.5450980392156862,53.00030327016795,756384
0.2627450980392157,0.3843137254901961,0.13725490196078433,313.00179101061445,408573
0.2784313725490196,0.3843137254901961,0.13725490196078433,1136.0065002813355,440224
0.2627450980392157,0.39215686274509803,0.13333333333333333,7.0000400545504835,422907
0.27450980392156865,0.396078431372549,0.12549019607843137,145.00082970140286,460791
0.25882352941176473,0.3764705882352941,0.14901960784313725,414.0023689405572,413602
0.27058823529411763,0.3843137254901961,0.15294117647058825,1031.0058994630783,409547
0.2627450980392157,0.39215686274509803,0.15294117647058825,11.000062942865044,432961
0.27450980392156865,0.39215686274509803,0.1411764705882353,336.0019226184232,446434
0.6588235294117647,0.5686274509803921,0.4470588235294118,171.0009784754475,80085
0.6705882352941176,0.5725490196078431,0.4392156862745098,8.000045776629124,674125
0.6549019607843137,0.5764705882352941,0.45098039215686275,280.0016021820193,96544
0.6745098039215687,0.5803921568627451,0.45098039215686275,22.00012588573009,797277
0.6549019607843137,0.5647058823529412,0.4549019607843137,838.0047951019008,83083
0.6745098039215687,0.5725490196078431,0.4588235294117647,8.000045776629124,705862
0.6627450980392157,0.5843137254901961,0.4627450980392157,1858.010631622114,94414
0.6705882352941176,0.5803921568627451,0.4666666666666667,204.00116730404267,60657
0.4392156862745098,0.45098039215686275,0.21176470588235294,8.000045776629124,774927
0.49411764705882355,0.4627450980392157,0.21568627450980393,4.000022888314562,765701
0.4666666666666667,0.47058823529411764,0.19215686274509805,1.0000057220786405,905143
0.4823529411764706,0.4745098039215686,0.19215686274509805,11.000062942865044,896930
0.4470588235294118,0.4588235294117647,0.24705882352941178,611.0034961900493,191535
0.4823529411764706,0.4588235294117647,0.24705882352941178,22.00012588573009,7524
0.4470588235294118,0.4823529411764706,0.24705882352941178,165.00094414297567,229505
0.4823529411764706,0.47058823529411764,0.24705882352941178,19.00010871949417,188522
0.28627450980392155,0.4117647058823529,0.16862745098039217,677.0038738472396,447294
0.2980392156862745,0.4117647058823529,0.16470588235294117,628.0035934653862,467777
0.28627450980392155,0.4235294117647059,0.16862745098039217,23.00013160780873,434000
0.30980392156862746,0.4235294117647059,0.16470588235294117,184.00105286246983,448372
0.2901960784313726,0.41568627450980394,0.17647058823529413,628.0035934653862,446264
0.3058823529411765,0.40784313725490196,0.17647058823529413,311.0017795664572,497464
0.29411764705882354,0.42745098039215684,0.17647058823529413,272.0015564053902,418648
0.30196078431372547,0.43137254901960786,0.1843137254901961,598.003421803027,445241
0.5137254901960784,0.4627450980392157,0.4392156862745098,72.00041198966211,888220
0.5372549019607843,0.4627450980392157,0.4588235294117647,68.00038910134755,889187
0.5019607843137255,0.48627450980392156,0.4666666666666667,161.0009212546611,132481
0.5568627450980392,0.49019607843137253,0.4549019607843137,134.00076675853782,892326
0.5019607843137255,0.4588235294117647,0.48627450980392156,62.00035476887571,860373
0.5568627450980392,0.4392156862745098,0.4745098039215686,65.00037193511163,999802
0.5019607843137255,0.4823529411764706,0.4823529411764706,157.00089836634655,269900
0.5333333333333333,0.4980392156862745,0.49019607843137253,111.0006351507291,493250
0.6274509803921569,0.5647058823529412,0.4470588235294118,57.00032615848251,441578
0.6431372549019608,0.5607843137254902,0.4392156862745098,1047.0059910163366,94327
0.6352941176470588,0.5843137254901961,0.4470588235294118,157.00089836634655,118068
0.6392156862745098,0.5843137254901961,0.4392156862745098,1160.006637611223,89409
0.6313725490196078,0.5647058823529412,0.4666666666666667,34.000194550673775,482533
0.6509803921568628,0.5647058823529412,0.4549019607843137,499.0028553172416,39134
0.6313725490196078,0.5882352941176471,0.4588235294117647,39.00022316106698,127278
0.6392156862745098,0.5843137254901961,0.4588235294117647,282.0016136261766,693955
0.4392156862745098,0.396078431372549,0.45098039215686275,145.00082970140286,988834
0.4823529411764706,0.396078431372549,0.4392156862745098,91.00052070915628,1007219
0.4627450980392157,0.4196078431372549,0.4666666666666667,112.00064087280774,998034
0.48627450980392156,0.4117647058823529,0.4588235294117647,116.0006637611223,980648
0.44313725490196076,0.403921568627451,0.48627450980392156,48.000274659774746,962248
0.4823529411764706,0.4,0.4823529411764706,13.000074387022327,942853
0.4549019607843137,0.43137254901960786,0.48627450980392156,166.0009498650543,131475
0.4823529411764706,0.41568627450980394,0.4823529411764706,122.00069809359414,974513
0.5764705882352941,0.3764705882352941,0.25882352941176473,59.00033760263979,732883
0.6078431372549019,0.3803921568627451,0.2784313725490196,66.00037765719027,910358
0.5843137254901961,0.4196078431372549,0.27058823529411763,53.00030327016795,786055
0.6,0.42745098039215684,0.27450980392156865,35.000200272752416,879211
0.5725490196078431,0.3803921568627451,0.30980392156862746,176.0010070858407,1033253
0.615686274509804,0.39215686274509803,0.3058823529411765,306.001750956064,977941
0.5607843137254902,0.4196078431372549,0.29411764705882354,58.00033188056115,882275
0.596078431372549,0.4117647058823529,0.30980392156862746,58.00033188056115,867365
0.7490196078431373,0.7098039215686275,0.6509803921568628,119.00068092735822,224682
0.792156862745098,0.6941176470588235,0.6431372549019608,30.000171662359215,880372
0.7764705882352941,0.7411764705882353,0.6509803921568628,99.00056648578541,470716
0.7803921568627451,0.7411764705882353,0.6470588235294118,28.000160218201934,196930
0.7686274509803922,0.7098039215686275,0.6784313725490196,199.00113869364947,904360
0.803921568627451,0.6980392156862745,0.6705882352941176,94.0005378753922,993446
0.7490196078431373,0.7411764705882353,0.6745098039215687,167.00095558713295,758131
0.788235294117647,0.7254901960784313,0.6627450980392157,71.00040626758347,232739
0.2901960784313726,0.3803921568627451,0.2235294117647059,464.0026550444892,70096
0.30980392156862746,0.3764705882352941,0.22745098039215686,404.0023117197708,400056
0.29411764705882354,0.4,0.2235294117647059,703.0040226212842,210494
0.3058823529411765,0.39215686274509803,0.23137254901960785,294.0016822911203,68036
0.2901960784313726,0.38823529411764707,0.23529411764705882,235.00134468848051,76244
0.2980392156862745,0.38823529411764707,0.23529411764705882,192.00109863909898,109021
0.28627450980392155,0.396078431372549,0.23529411764705882,484.002769486062,164369
0.2980392156862745,0.403921568627451,0.23529411764705882,442.0025291587591,42448
0.25098039215686274,0.3215686274509804,0.2,293.00167656904165,530182
0.26666666666666666,0.3254901960784314,0.19607843137254902,49.000280381853386,648958
0.25098039215686274,0.3411764705882353,0.19215686274509805,443.00253488083774,304820
0.27450980392156865,0.3411764705882353,0.19607843137254902,582.0033302497687,657158
0.2627450980392157,0.3254901960784314,0.21568627450980393,608.0034790238134,555769
0.26666666666666666,0.3254901960784314,0.21176470588235294,109.00062370657182,610045
0.25882352941176473,0.3333333333333333,0.21568627450980393,499.0028553172416,536315
0.27058823529411763,0.3411764705882353,0.21568627450980393,608.0034790238134,618249
0.3254901960784314,0.4666666666666667,0.5607843137254902,101.0005779299427,539287
0.3686274509803922,0.4666666666666667,0.5803921568627451,45.00025749353882,443950
0.3176470588235294,0.4980392156862745,0.5803921568627451,199.00113869364947,456225
0.3568627450980392,0.47058823529411764,0.5607843137254902,376.0021515015688,260636
0.3137254901960784,0.4549019607843137,0.6,6.000034332471843,152852
0.34901960784313724,0.4666666666666667,0.592156862745098,7.0000400545504835,146699
0.3254901960784314,0.47058823529411764,0.6,27.000154496123294,455209
0.34901960784313724,0.48627450980392156,0.596078431372549,35.000200272752416,169250
0.09019607843137255,0.027450980392156862,0.08627450980392157,1.0000057220786405,871857
0.07450980392156863,0.058823529411764705,0.06274509803921569,718.0041084524638,207164
0.09411764705882353,0.050980392156862744,0.07058823529411765,50.00028610393203,887263
0.07450980392156863,0.054901960784313725,0.10980392156862745,12.000068664943687,825627
0.10196078431372549,0.054901960784313725,0.09411764705882353,5.000028610393202,862759
0.6431372549019608,0.6980392156862745,0.6431372549019608,39.00022316106698,273658
0.6784313725490196,0.7137254901960784,0.6274509803921569,109.00062370657182,652999
0.6392156862745098,0.7372549019607844,0.6392156862745098,5.000028610393202,718603
0.6823529411764706,0.7176470588235294,0.6352941176470588,16.000091553258248,658131
0.6274509803921569,0.6862745098039216,0.6784313725490196,227.0012989118514,587911
0.6666666666666666,0.6980392156862745,0.6666666666666666,357.0020427820746,562781
0.6235294117647059,0.7176470588235294,0.6784313725490196,10.000057220786404,711430
0.6784313725490196,0.7176470588235294,0.6705882352941176,21.00012016365145,592596
0.3254901960784314,0.4392156862745098,0.25882352941176473,125.00071525983006,207413
0.3686274509803922,0.4470588235294118,0.26666666666666666,579.0033130835328,46515
0.3686274509803922,0.47843137254901963,0.25098039215686274,13.000074387022327,266864
0.3176470588235294,0.44313725490196076,0.28627450980392155,18.000102997415528,211512
0.37254901960784315,0.4627450980392157,0.2980392156862745,32.000183106516495,353963
0.37254901960784315,0.47058823529411764,0.30980392156862746,3.0000171662359216,352938
0.1607843137254902,0.1607843137254902,0.16862745098039217,659.003770849824,231747
0.1803921568627451,0.16470588235294117,0.16470588235294117,534.003055589994,462187
0.16862745098039217,0.17254901960784313,0.16470588235294117,35.000200272752416,488885
0.17254901960784313,0.17647058823529413,0.16862745098039217,231.00132180016595,360862
0.1607843137254902,0.1568627450980392,0.17254901960784313,640.0036621303299,381244
0.17254901960784313,0.16862745098039217,0.17647058823529413,181.0010356962339,542153
0.1607843137254902,0.17647058823529413,0.17647058823529413,275.0015735716261,390569
0.1803921568627451,0.1803921568627451,0.17647058823529413,519.0029697588144,582123
0.38823529411764707,0.5058823529411764,0.5254901960784314,34.000194550673775,622248
0.4117647058823529,0.5254901960784314,0.5098039215686274,106.0006065403359,412263
0.39215686274509803,0.5490196078431373,0.5019607843137255,3.0000171662359216,247386
0.4117647058823529,0.5294117647058824,0.5058823529411764,6.000034332471843,404041
0.4,0.5019607843137255,0.5529411764705883,205.0011730261213,448081
0.4196078431372549,0.5019607843137255,0.5411764705882353,354.0020256158387,570040
0.403921568627451,0.5333333333333333,0.5568627450980392,8.000045776629124,420369
0.42745098039215684,0.5294117647058824,0.5568627450980392,52.00029754808931,587398
0.2235294117647059,0.19215686274509805,0.1607843137254902,693.0039654004978,555435
0.24705882352941178,0.19607843137254902,0.16862745098039217,826.0047264369571,590145
0.23137254901960785,0.21176470588235294,0.16862745098039217,28.000160218201934,693901
0.24705882352941178,0.20784313725490197,0.16470588235294117,147.00084114556014,540952
0.22745098039215686,0.19215686274509805,0.17254901960784313,452.0025863795455,686575
0.24313725490196078,0.19607843137254902,0.17254901960784313,260.0014877404465,465182
0.23137254901960785,0.21176470588235294,0.1803921568627451,169.00096703129023,476625
0.24313725490196078,0.21176470588235294,0.17254901960784313,485.00277520814063,682612
0.5411764705882353,0.5607843137254902,0.4196078431372549,329.0018825638727,422042
0.5490196078431373,0.5725490196078431,0.40784313725490196,344.0019683950523,565343
0.5411764705882353,0.5803921568627451,0.41568627450980394,150.00085831179607,299205
0.5529411764705883,0.5882352941176471,0.4117647058823529,251.00143624173876,267475
0.5294117647058824,0.5686274509803921,0.4235294117647059,754.0043144472949,376964
0.5450980392156862,0.5686274509803921,0.43529411764705883,685.0039196238687,427103
0.5333333333333333,0.5764705882352941,0.43529411764705883,209.00119591443587,337060
0.5450980392156862,0.5843137254901961,0.43529411764705883,328.00187684179406,314551
0.5607843137254902,0.3411764705882353,0.32941176470588235,15.000085831179607,929999
0.5764705882352941,0.3686274509803922,0.3215686274509804,605.0034618575775,973922
0.6078431372549019,0.3686274509803922,0.3254901960784314,50.00028610393203,950750
0.5764705882352941,0.37254901960784315,0.3568627450980392,78.00044632213395,994552
0.6039215686274509,0.37254901960784315,0.34509803921568627,6.000034332471843,928974
0.12941176470588237,0.09019607843137255,0.14901960784313725,9.000051498707764,814631
0.12941176470588237,0.11764705882352941,0.12549019607843137,629.0035991874648,388484
0.1607843137254902,0.11764705882352941,0.12941176470588237,55.00031471432523,194866
0.12941176470588237,0.08235294117647059,0.1568627450980392,1.0000057220786405,880063
0.12941176470588237,0.11764705882352941,0.16862745098039217,46.00026321561746,862663
0.1607843137254902,0.12156862745098039,0.17647058823529413,12.000068664943687,840979
0.2196078431372549,0.16470588235294117,0.13333333333333333,478.00273515359015,580886
0.24705882352941178,0.1568627450980392,0.13725490196078433,65.00037193511163,927417
0.2235294117647059,0.17254901960784313,0.13333333333333333,320.00183106516494,755179
0.23921568627450981,0.17647058823529413,0.13725490196078433,546.0031242549377,728491
0.2196078431372549,0.16862745098039217,0.1411764705882353,102.00058365202133,632216
0.23529411764705882,0.16470588235294117,0.1411764705882353,42.0002403273029,893395
0.2196078431372549,0.1843137254901961,0.15294117647058825,934.0053444214502,696901
0.24705882352941178,0.1803921568627451,0.15294117647058825,519.0029697588144,398581
0.6980392156862745,0.5215686274509804,0.5098039215686274,18.000102997415528,933295
0.7176470588235294,0.5254901960784314,0.5176470588235295,1.0000057220786405,905371
0.6862745098039216,0.5411764705882353,0.5098039215686274,510.00291826010664,976071
0.7176470588235294,0.5568627450980392,0.5176470588235295,67.00038337926891,948269
0.6862745098039216,0.5215686274509804,0.5372549019607843,1.0000057220786405,925886
0.6901960784313725,0.5529411764705883,0.5333333333333333,143.00081825724558,977127
0.7176470588235294,0.5529411764705883,0.5294117647058824,8.000045776629124,989361
0.32941176470588235,0.1450980392156863,0.07058823529411765,10.000057220786404,885605
0.33725490196078434,0.16862745098039217,0.07450980392156863,261.00149346252516,870230
0.37254901960784315,0.1803921568627451,0.07058823529411765,201.00115013780675,838276
0.33725490196078434,0.1411764705882353,0.10196078431372549,9.000051498707764,961662
0.3686274509803922,0.14901960784313725,0.10980392156862745,1.0000057220786405,1010801
0.33725490196078434,0.1803921568627451,0.10980392156862745,233.00133324432323,888439
0.35294117647058826,0.1843137254901961,0.09411764705882353,32.000183106516495,818796
0.5803921568627451,0.6941176470588235,0.7058823529411765,18.000102997415528,102793
0.6196078431372549,0.6941176470588235,0.7098039215686275,258.00147629628924,295323
0.5686274509803921,0.7176470588235294,0.7137254901960784,1.0000057220786405,839015
0.615686274509804,0.7176470588235294,0.7019607843137254,5.000028610393202,115137
0.5764705882352941,0.6862745098039216,0.7450980392156863,18.000102997415528,531083
0.6196078431372549,0.6862745098039216,0.7333333333333333,419.0023975509504,994159
0.5803921568627451,0.7215686274509804,0.7294117647058823,8.000045776629124,842112
0.596078431372549,0.7294117647058823,0.7372549019607844,15.000085831179607,149996
0.34901960784313724,0.41568627450980394,0.2235294117647059,661.0037822939813,286807
0.37254901960784315,0.4196078431372549,0.2196078431372549,236.00135041055916,217151
0.34901960784313724,0.42745098039215684,0.23137254901960785,183.0010471403912,287838
0.3607843137254902,0.43529411764705883,0.23137254901960785,484.002769486062,283738
0.35294117647058826,0.41568627450980394,0.23921568627450981,345.00197411713094,321586
0.3686274509803922,0.40784313725490196,0.24705882352941178,344.0019683950523,552125
0.34901960784313724,0.43137254901960786,0.23529411764705882,248.00141907550284,323228
0.36470588235294116,0.42745098039215684,0.24313725490196078,462.0026436003319,318500
0.2,0.28627450980392155,0.10196078431372549,12.000068664943687,744444
0.20784313725490197,0.29411764705882354,0.10588235294117647,28.000160218201934,791551
0.19607843137254902,0.3058823529411765,0.09803921568627451,1.0000057220786405,417763
0.20784313725490197,0.2980392156862745,0.10588235294117647,10.000057220786404,569311
0.19607843137254902,0.2823529411764706,0.12156862745098039,794.0045433304406,685045
0.20392156862745098,0.2901960784313726,0.10980392156862745,1072.0061340683026,738296
0.2,0.2980392156862745,0.11764705882352941,1.0000057220786405,593917
0.21568627450980393,0.2980392156862745,0.11764705882352941,1036.0059280734715,733147
0.2627450980392157,0.38823529411764707,0.22745098039215686,762.004360223924,9680
0.2784313725490196,0.38823529411764707,0.23137254901960785,1148.0065689462792,77274
0.25882352941176473,0.39215686274509803,0.2235294117647059,14.000080109100967,232093
0.2784313725490196,0.4,0.23137254901960785,529.0030269796008,17860
0.2627450980392157,0.3843137254901961,0.23529411764705882,63.00036049095435,199298
0.27450980392156865,0.3843137254901961,0.23529411764705882,201.00115013780675,154138
0.2627450980392157,0.39215686274509803,0.23529411764705882,11.000062942865044,200326
0.2784313725490196,0.39215686274509803,0.24313725490196078,200.0011444157281,159232
0.8235294117647058,0.7607843137254902,0.7490196078431373,132.00075531438054,922883
0.8470588235294118,0.7725490196078432,0.7529411764705882,6.000034332471843,930069
0.8313725490196079,0.792156862745098,0.7647058823529411,184.00105286246983,879910
0.8549019607843137,0.803921568627451,0.7725490196078432,57.00032615848251,879895
0.8156862745098039,0.7764705882352941,0.7803921568627451,23.00013160780873,943384
0.8352941176470589,0.807843137254902,0.7803921568627451,299.0017109015135,882805
0.8431372549019608,0.8,0.796078431372549,30.000171662359215,944416
0.5019607843137255,0.5294117647058824,0.38823529411764707,132.00075531438054,433217
0.5176470588235295,0.5333333333333333,0.3843137254901961,347.0019855612882,445592
0.5019607843137255,0.5529411764705883,0.3843137254901961,96.00054931954949,362145
0.5176470588235295,0.5450980392156862,0.3803921568627451,37.000211716909696,572529
0.5098039215686274,0.5372549019607843,0.4,846.0048408785299,440395
0.5215686274509804,0.5411764705882353,0.403921568627451,721.0041256186997,413797
0.5058823529411764,0.5490196078431373,0.403921568627451,387.0022144444339,396381
0.5176470588235295,0.5450980392156862,0.403921568627451,332.0018997301086,407645
0.6431372549019608,0.4549019607843137,0.3137254901960784,53.00030327016795,733907
0.6666666666666666,0.4627450980392157,0.3215686274509804,23.00013160780873,903000
0.6392156862745098,0.4823529411764706,0.3215686274509804,35.000200272752416,810586
0.6823529411764706,0.47843137254901963,0.3137254901960784,35.000200272752416,877301
0.6352941176470588,0.4392156862745098,0.3568627450980392,292.001670846963,898071
0.6549019607843137,0.4470588235294118,0.3607843137254902,214.00122452482907,1036554
0.6274509803921569,0.47843137254901963,0.34901960784313724,26.000148774044654,782971
0.6627450980392157,0.4823529411764706,0.3686274509803922,41.00023460522426,804447
0.6666666666666666,0.7176470588235294,0.7607843137254902,275.0015735716261,593934
0.6705882352941176,0.7176470588235294,0.7490196078431373,1071.006128346224,942989
0.6666666666666666,0.7450980392156863,0.7529411764705882,30.000171662359215,900643
0.6705882352941176,0.7333333333333333,0.7529411764705882,92.00052643123492,638202
0.6627450980392157,0.7254901960784313,0.7686274509803922,382.00218583404063,612534
0.6784313725490196,0.7254901960784313,0.7686274509803922,703.0040226212842,589898
0.6627450980392157,0.7411764705882353,0.7686274509803922,40.00022888314562,870829
0.6823529411764706,0.7333333333333333,0.7725490196078432,274.0015678495475,797845
0.3411764705882353,0.4470588235294118,0.4549019607843137,14.000080109100967,878111
0.3607843137254902,0.4392156862745098,0.4588235294117647,76.00043487797667,492056
0.3215686274509804,0.49019607843137253,0.4666666666666667,5.000028610393202,218682
0.34509803921568627,0.47058823529411764,0.4549019607843137,6.000034332471843,411239
0.3333333333333333,0.4392156862745098,0.49019607843137253,167.00095558713295,288276
0.36470588235294116,0.4392156862745098,0.4745098039215686,395.002260221063,246242
0.33725490196078434,0.4823529411764706,0.48627450980392156,7.0000400545504835,216631
0.3686274509803922,0.47843137254901963,0.49411764705882355,42.0002403273029,379424
0.09411764705882353,0.09803921568627451,0.12549019607843137,262.0014991846038,580139
0.10980392156862745,0.10588235294117647,0.12549019607843137,88.00050354292036,153928
0.10196078431372549,0.11764705882352941,0.12549019607843137,600.0034332471843,548364
0.11372549019607843,0.10980392156862745,0.13725490196078433,1195.0068378839753,256384
0.09411764705882353,0.10588235294117647,0.15294117647058825,50.00028610393203,337464
0.10980392156862745,0.09803921568627451,0.14901960784313725,9.000051498707764,860613
0.09803921568627451,0.11372549019607843,0.15294117647058825,337.0019283405018,174488
0.11764705882352941,0.12156862745098039,0.1411764705882353,307.0017566781426,425364
0.7176470588235294,0.7607843137254902,0.8117647058823529,11.000062942865044,972752
0.7372549019607844,0.7568627450980392,0.8117647058823529,27.000154496123294,872588
0.7294117647058823,0.7686274509803922,0.8117647058823529,1692.0096817570598,774268
0.7333333333333333,0.7764705882352941,0.8156862745098039,1086.0062141774035,708639
0.7254901960784313,0.7607843137254902,0.8392156862745098,2.000011444157281,829707
0.7333333333333333,0.7490196078431373,0.8352941176470589,2.000011444157281,824869
0.7215686274509804,0.7686274509803922,0.8352941176470589,19.00010871949417,860498
0.7411764705882353,0.7764705882352941,0.8274509803921568,8.000045776629124,804942
0.2549019607843137,0.34509803921568627,0.2235294117647059,493.00282098476976,484060
0.27058823529411763,0.34509803921568627,0.2196078431372549,270.0015449612329,582413
0.25882352941176473,0.37254901960784315,0.2235294117647059,1196.006843606054,88564
0.27058823529411763,0.3686274509803922,0.22745098039215686,706.0040397875201,127464
0.2627450980392157,0.35294117647058826,0.23529411764705882,46.00026321561746,513769
0.27450980392156865,0.34901960784313724,0.23921568627450981,47.0002689376961,530151
0.25882352941176473,0.3607843137254902,0.23921568627450981,38.00021743898834,477907
0.26666666666666666,0.3686274509803922,0.23921568627450981,29.000165940280574,486115
0.5098039215686274,0.2627450980392157,0.20784313725490197,44.00025177146018,1003623
0.5411764705882353,0.2784313725490196,0.2,10.000057220786404,903176
0.5137254901960784,0.29411764705882354,0.21568627450980393,63.00036049095435,901145
0.5490196078431373,0.29411764705882354,0.21176470588235294,44.00025177146018,1046541
0.5058823529411764,0.27450980392156865,0.2235294117647059,37.000211716909696,1003630
0.5294117647058824,0.2784313725490196,0.22745098039215686,6.000034332471843,1004613
0.5058823529411764,0.28627450980392155,0.23921568627450981,376.0021515015688,974911
0.5490196078431373,0.3058823529411765,0.24705882352941178,126.0007209819087,906274
0.44313725490196076,0.47058823529411764,0.3176470588235294,285.0016307924125,495744
0.4549019607843137,0.4745098039215686,0.3215686274509804,353.00201989376006,487576
0.4392156862745098,0.49019607843137253,0.3137254901960784,62.00035476887571,395946
0.4666666666666667,0.48627450980392156,0.3215686274509804,69.00039482342619,493732
0.44313725490196076,0.4745098039215686,0.3333333333333333,945.0054073643153,487506
0.4588235294117647,0.47843137254901963,0.32941176470588235,355.00203133791734,497767
0.4392156862745098,0.49019607843137253,0.32941176470588235,548.003135699095,353343
0.4666666666666667,0.49411764705882355,0.3333333333333333,203.00116158196403,478375
0.396078431372549,0.23529411764705882,0.2784313725490196,156.0008926442679,948444
0.44313725490196076,0.24705882352941178,0.25098039215686274,14.000080109100967,1041536
0.3764705882352941,0.24705882352941178,0.3411764705882353,2.000011444157281,931656
0.4470588235294118,0.4823529411764706,0.34509803921568627,414.0023689405572,452622
0.4666666666666667,0.4823529411764706,0.34509803921568627,74.00042343381939,474234
0.44313725490196076,0.48627450980392156,0.34509803921568627,698.003994010891,406584
0.4549019607843137,0.49411764705882355,0.34901960784313724,1248.0071411541433,412707
0.4470588235294118,0.47843137254901963,0.3686274509803922,4.000022888314562,648937
0.4666666666666667,0.47058823529411764,0.37254901960784315,5.000028610393202,393669
0.44313725490196076,0.48627450980392156,0.3607843137254902,3.0000171662359216,389795
0.4627450980392157,0.4980392156862745,0.3607843137254902,306.001750956064,461848
0.7607843137254902,0.7607843137254902,0.788235294117647,586.0033531380833,922851
0.7647058823529411,0.7568627450980392,0.7803921568627451,219.00125313522227,930132
0.7490196078431373,0.7725490196078432,0.788235294117647,524.0029983692076,1009473
0.7686274509803922,0.7647058823529411,0.792156862745098,240.00137329887372,932141
0.7490196078431373,0.7529411764705882,0.796078431372549,210.0012016365145,847937
0.7647058823529411,0.7529411764705882,0.8,32.000183106516495,836629
0.7490196078431373,0.7647058823529411,0.803921568627451,602.0034446913415,969069
0.7647058823529411,0.7725490196078432,0.8,302.0017280677494,843942
0.6980392156862745,0.6901960784313725,0.7215686274509804,330.00188828595134,845933
0.7137254901960784,0.6901960784313725,0.7215686274509804,293.00167656904165,929149
0.6862745098039216,0.7098039215686275,0.7294117647058823,120.00068664943686,1029089
0.7137254901960784,0.7137254901960784,0.7254901960784313,65.00037193511163,803320
0.6862745098039216,0.6901960784313725,0.7333333333333333,745.0042629485871,897210
0.7019607843137254,0.6941176470588235,0.7333333333333333,256.00146485213196,865494
0.6862745098039216,0.7058823529411765,0.7450980392156863,379.0021686678047,981467
0.7098039215686275,0.7137254901960784,0.7333333333333333,522.0029869250503,883848
0.5647058823529412,0.5137254901960784,0.2627450980392157,4.000022888314562,709330
0.615686274509804,0.5176470588235295,0.2784313725490196,4.000022888314562,864092
0.5647058823529412,0.5294117647058824,0.27450980392156865,3.0000171662359216,787225
0.615686274509804,0.5294117647058824,0.2784313725490196,2.000011444157281,753400
0.5607843137254902,0.5098039215686274,0.30196078431372547,265.0015163508397,138272
0.6,0.5019607843137255,0.2823529411764706,2.000011444157281,859993
0.5686274509803921,0.5372549019607843,0.30980392156862746,381.002180111962,173172
0.592156862745098,0.5568627450980392,0.29411764705882354,12.000068664943687,786200
0.596078431372549,0.6549019607843137,0.6980392156862745,270.0015449612329,995191
0.6196078431372549,0.6627450980392157,0.6980392156862745,227.0012989118514,900663
0.596078431372549,0.6745098039215687,0.6941176470588235,126.0007209819087,556678
0.611764705882353,0.6784313725490196,0.6980392156862745,143.00081825724558,390676
0.6039215686274509,0.6549019607843137,0.7058823529411765,645.0036907407231,994225
0.611764705882353,0.6588235294117647,0.7098039215686275,629.0035991874648,929690
0.6,0.6705882352941176,0.7019607843137254,188.0010757507844,540675
0.611764705882353,0.6745098039215687,0.7098039215686275,438.00250627044454,935864
0.22745098039215686,0.35294117647058826,0.16862745098039217,134.00076675853782,373552
0.24313725490196078,0.34509803921568627,0.1568627450980392,326.0018653976368,361424
0.23137254901960785,0.3607843137254902,0.16862745098039217,5.000028610393202,410405
0.24705882352941178,0.3607843137254902,0.1607843137254902,168.0009613092116,372604
0.22745098039215686,0.35294117647058826,0.17647058823529413,593.0033931926338,389924
0.24313725490196078,0.35294117647058826,0.1803921568627451,936.0053558656075,351079
0.23137254901960785,0.36470588235294116,0.17254901960784313,37.000211716909696,403238
0.23921568627450981,0.37254901960784315,0.1843137254901961,455.0026035457814,367412
0.6235294117647059,0.5372549019607843,0.41568627450980394,465.00266076656783,55428
0.6392156862745098,0.5372549019607843,0.4196078431372549,12.000068664943687,667955
0.6274509803921569,0.5450980392156862,0.4117647058823529,604.0034561354988,103540
0.6431372549019608,0.5568627450980392,0.4117647058823529,32.000183106516495,762501
0.6274509803921569,0.5333333333333333,0.4235294117647059,665.0038051822959,30891
0.6431372549019608,0.5411764705882353,0.4235294117647059,18.000102997415528,794205
0.6352941176470588,0.5490196078431373,0.4235294117647059,539.0030842003872,75887
0.6392156862745098,0.5529411764705883,0.43137254901960786,298.00170517943485,84105
0.4,0.32941176470588235,0.3803921568627451,96.00054931954949,998009
0.40784313725490196,0.33725490196078434,0.39215686274509803,88.00050354292036,964272
0.4,0.37254901960784315,0.3803921568627451,105.00060081825725,253357
0.4235294117647059,0.34509803921568627,0.396078431372549,84.0004806546058,983709
0.3803921568627451,0.3176470588235294,0.40784313725490196,49.000280381853386,933643
0.40784313725490196,0.3254901960784314,0.40784313725490196,21.00012016365145,930578
0.3764705882352941,0.34509803921568627,0.43137254901960786,100.00057220786405,949985
0.4196078431372549,0.3568627450980392,0.40784313725490196,110.00062942865046,1004146
0.4823529411764706,0.5019607843137255,0.34509803921568627,103.00058937409997,469153
0.48627450980392156,0.5019607843137255,0.34509803921568627,241.00137902095236,454831
0.4745098039215686,0.5254901960784314,0.35294117647058826,32.000183106516495,315548
0.48627450980392156,0.5137254901960784,0.34901960784313724,74.00042343381939,537625
0.47843137254901963,0.5098039215686274,0.37254901960784315,1027.0058765747638,441399
0.48627450980392156,0.5098039215686274,0.3686274509803922,360.00205994831055,467039
0.4823529411764706,0.5137254901960784,0.37254901960784315,557.0031871978027,380026
0.4980392156862745,0.5215686274509804,0.3607843137254902,216.00123596898635,477356
0.22745098039215686,0.3215686274509804,0.09803921568627451,20.00011444157281,491470
0.22745098039215686,0.32941176470588235,0.09803921568627451,147.00084114556014,508906
0.23529411764705882,0.3411764705882353,0.10196078431372549,54.00030899224659,485352
0.23137254901960785,0.3176470588235294,0.11764705882352941,1380.0078964685238,784364
0.23529411764705882,0.3254901960784314,0.11372549019607843,563.0032215302746,548846
0.2196078431372549,0.32941176470588235,0.10980392156862745,246.00140763134556,439259
0.24313725490196078,0.3333333333333333,0.10980392156862745,188.0010757507844,516026
0.8980392156862745,0.788235294117647,0.7490196078431373,25.000143051966013,1006717
0.9058823529411765,0.8196078431372549,0.788235294117647,55.00031471432523,929931
0.9450980392156862,0.8392156862745098,0.7764705882352941,4.000022888314562,1007731
0.8784313725490196,0.8705882352941177,0.8627450980392157,77.00044060005531,861255
0.9529411764705882,0.8666666666666667,0.8156862745098039,1.0000057220786405,1007732
0.1411764705882353,0.25098039215686274,0.3411764705882353,10.000057220786404,554633
0.1803921568627451,0.2549019607843137,0.32941176470588235,214.00122452482907,552558
0.13333333333333333,0.3058823529411765,0.3333333333333333,5.000028610393202,173584
0.16470588235294117,0.28627450980392155,0.32941176470588235,6.000034332471843,361007
0.12941176470588237,0.26666666666666666,0.3607843137254902,43.00024604938154,554631
0.1843137254901961,0.27450980392156865,0.34509803921568627,322.0018425093222,481845
0.1450980392156863,0.28627450980392155,0.34901960784313724,2.000011444157281,234996
0.1843137254901961,0.28627450980392155,0.35294117647058826,43.00024604938154,353783
0.027450980392156862,0.06274509803921569,0.08627450980392157,1.0000057220786405,225671
0.058823529411764705,0.06666666666666667,0.07450980392156863,454.0025978237028,398766
0.011764705882352941,0.07058823529411765,0.11372549019607843,4.000022888314562,222629
0.054901960784313725,0.0784313725490196,0.09411764705882353,182.00104141831255,361846
0.058823529411764705,0.09803921568627451,0.12156862745098039,3.0000171662359216,855489
0.2627450980392157,0.2,0.1607843137254902,490.00280381853383,575760
0.27450980392156865,0.2,0.1607843137254902,154.00088120011063,641330
0.2627450980392157,0.20392156862745098,0.1607843137254902,355.00203133791734,610705
0.2784313725490196,0.20392156862745098,0.1568627450980392,545.003118532859,746925
0.25882352941176473,0.2,0.17647058823529413,47.0002689376961,447802
0.26666666666666666,0.18823529411764706,0.17647058823529413,28.000160218201934,891326
0.2627450980392157,0.20784313725490197,0.17647058823529413,575.0032901952183,531839
0.27058823529411763,0.21568627450980393,0.1803921568627451,374.0021400574115,621054
0.9137254901960784,0.9019607843137255,0.807843137254902,20.00011444157281,233878
0.9764705882352941,0.9137254901960784,0.8,2.000011444157281,147696
0.9137254901960784,0.8980392156862745,0.8666666666666667,132.00075531438054,236826
0.9568627450980393,0.9215686274509803,0.8627450980392157,2.000011444157281,146673
0.9098039215686274,0.9490196078431372,0.8666666666666667,1.0000057220786405,232854
0.9921568627450981,0.9607843137254902,0.8666666666666667,2.000011444157281,147692
0.3843137254901961,0.4117647058823529,0.2549019607843137,401.00229455353485,540844
0.39215686274509803,0.4196078431372549,0.25882352941176473,114.00065231696502,540873
0.3803921568627451,0.43137254901960786,0.25882352941176473,231.00132180016595,93617
0.39215686274509803,0.4235294117647059,0.25882352941176473,328.00187684179406,538815
0.38823529411764707,0.4196078431372549,0.26666666666666666,479.0027408756688,526494
0.4,0.4196078431372549,0.2784313725490196,60.00034332471843,529417
0.3843137254901961,0.4235294117647059,0.27450980392156865,439.0025119925232,521289
0.39215686274509803,0.42745098039215684,0.27450980392156865,487.0027866522979,524426
0.6352941176470588,0.6470588235294118,0.5098039215686274,83.00047493252715,224513
0.6823529411764706,0.6352941176470588,0.5137254901960784,112.00064087280774,137468
0.6274509803921569,0.6549019607843137,0.5215686274509804,9.000051498707764,375474
0.6705882352941176,0.6666666666666666,0.5254901960784314,21.00012016365145,163064
0.6352941176470588,0.6274509803921569,0.5372549019607843,157.00089836634655,663220
0.6705882352941176,0.6509803921568628,0.5568627450980392,169.00096703129023,327115
0.6431372549019608,0.6705882352941176,0.5333333333333333,49.000280381853386,596716
0.6784313725490196,0.6549019607843137,0.5490196078431373,34.000194550673775,565491
0.7294117647058823,0.7490196078431373,0.7568627450980392,110.00062942865046,1017737
0.7411764705882353,0.7607843137254902,0.7490196078431373,242.001384743031,875907
0.7254901960784313,0.7725490196078432,0.7529411764705882,37.000211716909696,585402
0.7450980392156863,0.7647058823529411,0.7529411764705882,84.0004806546058,107873
0.7176470588235294,0.7490196078431373,0.7725490196078432,1386.0079308009956,1036143
0.7372549019607844,0.7607843137254902,0.7764705882352941,504.0028839276348,1025924
0.7254901960784313,0.7647058823529411,0.7725490196078432,48.000274659774746,361990
0.7372549019607844,0.7725490196078432,0.7725490196078432,125.00071525983006,539318
0.07450980392156863,0.043137254901960784,0.03529411764705882,448.00256349123094,892620
0.0784313725490196,0.043137254901960784,0.03137254901960784,65.00037193511163,796360
0.07450980392156863,0.050980392156862744,0.03529411764705882,118.00067520527958,645875
0.09019607843137255,0.058823529411764705,0.0392156862745098,760.0043487797667,866036
0.07058823529411765,0.043137254901960784,0.047058823529411764,52.00029754808931,206149
0.08627450980392157,0.0392156862745098,0.058823529411764705,7.0000400545504835,963788
0.06274509803921569,0.054901960784313725,0.050980392156862744,789.0045147200474,515369
0.09019607843137255,0.054901960784313725,0.047058823529411764,274.0015678495475,908003
0.7647058823529411,0.6392156862745098,0.6313725490196078,93.00053215331356,890972
0.7803921568627451,0.6509803921568628,0.6274509803921569,11.000062942865044,1021987
0.7607843137254902,0.6549019607843137,0.6431372549019608,149.00085258971743,946628
0.803921568627451,0.6745098039215687,0.6509803921568628,106.0006065403359,1010776
0.7529411764705882,0.6509803921568628,0.6549019607843137,4.000022888314562,930055
0.7607843137254902,0.6823529411764706,0.6705882352941176,226.00129318977275,948481
0.792156862745098,0.6823529411764706,0.6823529411764706,38.00021743898834,904318
0.8196078431372549,0.8470588235294118,0.8470588235294118,281.00160790409797,840952
0.8313725490196079,0.8470588235294118,0.8549019607843137,436.00249482628726,829652
0.8235294117647058,0.8588235294117647,0.8509803921568627,41.00023460522426,879034
0.8274509803921568,0.8705882352941177,0.8470588235294118,54.00030899224659,132572
0.8196078431372549,0.8431372549019608,0.8666666666666667,795.0045490525192,811348
0.8352941176470589,0.8549019607843137,0.8705882352941177,659.003770849824,841262
0.8235294117647058,0.8666666666666667,0.8666666666666667,68.00038910134755,843278
0.8392156862745098,0.8588235294117647,0.8666666666666667,166.0009498650543,844221
0.3215686274509804,0.4,0.5058823529411764,27.000154496123294,941886
0.3568627450980392,0.396078431372549,0.5137254901960784,34.000194550673775,348714
0.3411764705882353,0.41568627450980394,0.5098039215686274,313.00179101061445,929688
0.34901960784313724,0.4117647058823529,0.5254901960784314,113.00064659488638,964343
0.3176470588235294,0.4,0.5294117647058824,3.0000171662359216,370185
0.35294117647058826,0.3843137254901961,0.5294117647058824,6.000034332471843,856377
0.3215686274509804,0.40784313725490196,0.5490196078431373,84.0004806546058,439863
0.36470588235294116,0.4196078431372549,0.5372549019607843,39.00022316106698,896545
0.12941176470588237,0.13725490196078433,0.1568627450980392,273.00156212746884,452928
0.1411764705882353,0.13333333333333333,0.1568627450980392,53.00030327016795,137635
0.13725490196078433,0.1411764705882353,0.1607843137254902,621.0035534108357,425424
0.1450980392156863,0.14901960784313725,0.1607843137254902,788.0045089979687,457165
0.12941176470588237,0.13333333333333333,0.1803921568627451,60.00034332471843,823842
0.1411764705882353,0.13333333333333333,0.1803921568627451,16.000091553258248,337390
0.13725490196078433,0.15294117647058825,0.1803921568627451,408.00233460808533,383562
0.15294117647058825,0.14901960784313725,0.1803921568627451,249.00142479758148,621121
0.06274509803921569,0.06666666666666667,0.09803921568627451,151.0008640338747,871938
0.09019607843137255,0.06274509803921569,0.09411764705882353,63.00036049095435,846352
0.07450980392156863,0.0784313725490196,0.09411764705882353,426.00243760550086,411048
0.08235294117647059,0.08235294117647059,0.10196078431372549,1413.008085297119,342342
0.07058823529411765,0.07450980392156863,0.11372549019607843,15.000085831179607,317978
0.0784313725490196,0.07450980392156863,0.11764705882352941,9.000051498707764,302456
0.07058823529411765,0.08627450980392157,0.12156862745098039,147.00084114556014,348628
0.09019607843137255,0.08627450980392157,0.10980392156862745,222.0012703014582,624184
0.7490196078431373,0.788235294117647,0.7843137254901961,162.00092697673975,343569
0.7764705882352941,0.7803921568627451,0.7843137254901961,354.0020256158387,956292
0.7568627450980392,0.796078431372549,0.7803921568627451,24.000137329887373,892465
0.7647058823529411,0.803921568627451,0.7843137254901961,60.00034332471843,876201
0.7490196078431373,0.7803921568627451,0.803921568627451,1310.007495923019,1048352
0.7647058823529411,0.7843137254901961,0.807843137254902,337.0019283405018,829940
0.7529411764705882,0.8,0.807843137254902,66.00037765719027,979954
0.7686274509803922,0.8,0.807843137254902,124.00070953775142,990161
0.3764705882352941,0.4392156862745098,0.25098039215686274,549.0031414211736,5514
0.39215686274509803,0.45098039215686275,0.2627450980392157,73.00041771174075,312392
0.3764705882352941,0.4666666666666667,0.2549019607843137,97.00055504162813,310932
0.403921568627451,0.4627450980392157,0.2627450980392157,158.0009040884252,7559
0.38823529411764707,0.4470588235294118,0.27450980392156865,632.0036163537007,344093
0.39215686274509803,0.45098039215686275,0.26666666666666666,196.00112152741355,322609
0.3843137254901961,0.4549019607843137,0.27450980392156865,168.0009613092116,57785
0.39215686274509803,0.4549019607843137,0.27450980392156865,560.0032043640387,67002
0.41568627450980394,0.4470588235294118,0.29411764705882354,458.00262071201735,513169
0.43529411764705883,0.45098039215686275,0.2901960784313726,199.00113869364947,508080
0.4196078431372549,0.4627450980392157,0.2823529411764706,197.00112724949219,91558
0.43529411764705883,0.4549019607843137,0.28627450980392155,171.0009784754475,517318
0.40784313725490196,0.4470588235294118,0.2980392156862745,514.0029411484212,521277
0.4235294117647059,0.4470588235294118,0.2980392156862745,179.00102425207663,500853
0.41568627450980394,0.4666666666666667,0.3058823529411765,283.00161934825525,356400
0.42745098039215684,0.4549019607843137,0.30196078431372547,419.0023975509504,498833
0.7490196078431373,0.5568627450980392,0.4196078431372549,3.0000171662359216,857920
0.7725490196078432,0.5843137254901961,0.3764705882352941,58.00033188056115,852590
0.8156862745098039,0.6196078431372549,0.38823529411764707,1.0000057220786405,844445
0.7568627450980392,0.5568627450980392,0.4745098039215686,8.000045776629124,1015937
0.7803921568627451,0.6039215686274509,0.4627450980392157,81.00046348836987,855683
0.1843137254901961,0.2901960784313726,0.08627450980392157,1.0000057220786405,414691
0.1843137254901961,0.27058823529411763,0.11764705882352941,598.003421803027,663547
0.1843137254901961,0.2823529411764706,0.12156862745098039,3.0000171662359216,641016
0.3568627450980392,0.4196078431372549,0.2627450980392157,199.00113869364947,368650
0.3686274509803922,0.4196078431372549,0.25098039215686274,628.0035934653862,565446
0.34901960784313724,0.42745098039215684,0.2549019607843137,298.00170517943485,84412
0.36470588235294116,0.43529411764705883,0.2627450980392157,510.00291826010664,58812
0.3568627450980392,0.4196078431372549,0.27450980392156865,26.000148774044654,435891
0.37254901960784315,0.41568627450980394,0.27450980392156865,532.0030441458367,520251
0.35294117647058826,0.43529411764705883,0.26666666666666666,39.00022316106698,67009
0.37254901960784315,0.43529411764705883,0.2784313725490196,166.0009498650543,373761
0.5725490196078431,0.5176470588235295,0.5647058823529412,57.00032615848251,1022606
0.592156862745098,0.5215686274509804,0.5607843137254902,19.00010871949417,825451
0.5803921568627451,0.5529411764705883,0.5686274509803921,181.0010356962339,138552
0.611764705882353,0.5490196078431373,0.5725490196078431,154.00088120011063,967987
0.5764705882352941,0.5098039215686274,0.6078431372549019,4.000022888314562,930611
0.596078431372549,0.5019607843137255,0.6,3.0000171662359216,929574
0.5764705882352941,0.5372549019607843,0.596078431372549,128.00073242606598,962017
0.592156862745098,0.5568627450980392,0.6039215686274509,51.00029182601067,965096
0.7490196078431373,0.6392156862745098,0.5803921568627451,72.00041198966211,875786
0.788235294117647,0.6431372549019608,0.5843137254901961,67.00038337926891,1016050
0.7568627450980392,0.6705882352941176,0.5725490196078431,18.000102997415528,803414
0.796078431372549,0.6784313725490196,0.5647058823529412,18.000102997415528,858738
0.7647058823529411,0.6392156862745098,0.6039215686274509,245.00140190926692,995512
0.7843137254901961,0.6352941176470588,0.592156862745098,85.00048637668444,1030287
0.7607843137254902,0.6588235294117647,0.596078431372549,41.00023460522426,878339
0.8,0.6588235294117647,0.6,48.000274659774746,1008759
0.5058823529411764,0.3137254901960784,0.21176470588235294,90.00051498707764,873207
0.5450980392156862,0.33725490196078434,0.19215686274509805,74.00042343381939,802405
0.5098039215686274,0.35294117647058826,0.21568627450980393,21.00012016365145,781957
0.5490196078431373,0.34901960784313724,0.21176470588235294,33.000188828595135,778864
0.5058823529411764,0.33725490196078434,0.23529411764705882,104.00059509617861,885385
0.5529411764705883,0.32941176470588235,0.24705882352941178,107.00061226241453,897036
0.5176470588235295,0.3568627450980392,0.23921568627450981,77.00044060005531,891534
0.5294117647058824,0.3568627450980392,0.23137254901960785,82.00046921044851,881255
0.396078431372549,0.18823529411764706,0.07450980392156863,142.00081253516694,814725
0.43529411764705883,0.20784313725490197,0.06274509803921569,120.00068664943686,846653
0.3843137254901961,0.2235294117647059,0.08627450980392157,1.0000057220786405,182576
0.42745098039215684,0.2196078431372549,0.09019607843137255,6.000034332471843,846667
0.3843137254901961,0.20784313725490197,0.10196078431372549,148.00084686763878,822893
0.41568627450980394,0.20392156862745098,0.09411764705882353,41.00023460522426,812669
0.3843137254901961,0.23137254901960785,0.12156862745098039,40.00022888314562,194883
0.43137254901960786,0.2196078431372549,0.10980392156862745,88.00050354292036,874327
0.10588235294117647,0.09411764705882353,0.07450980392156863,5.000028610393202,603566
0.11372549019607843,0.09411764705882353,0.07450980392156863,52.00029754808931,605599
0.11372549019607843,0.10980392156862745,0.07450980392156863,2.000011444157281,838990
0.10196078431372549,0.09411764705882353,0.09019607843137255,254.00145340797468,840086
0.12156862745098039,0.09411764705882353,0.0784313725490196,2017.0115414326178,569709
0.09803921568627451,0.10980392156862745,0.08627450980392157,1.0000057220786405,417035
0.12156862745098039,0.10980392156862745,0.09019607843137255,6.000034332471843,730700
0.10588235294117647,0.2196078431372549,0.1568627450980392,3.0000171662359216,65268
0.12156862745098039,0.23137254901960785,0.1568627450980392,1415.0080967412762,17057
0.10980392156862745,0.23529411764705882,0.1568627450980392,827.0047321590357,28411
0.12156862745098039,0.22745098039215686,0.17254901960784313,12.000068664943687,86756
0.12156862745098039,0.23921568627450981,0.17254901960784313,59.00033760263979,80641
0.5019607843137255,0.27450980392156865,0.25882352941176473,7.0000400545504835,930002
0.5215686274509804,0.30980392156862746,0.26666666666666666,348.00199128336686,1009683
0.5490196078431373,0.30980392156862746,0.2784313725490196,83.00047493252715,1005776
0.5019607843137255,0.2784313725490196,0.28627450980392155,2.000011444157281,928979
0.5411764705882353,0.2784313725490196,0.2901960784313726,1.0000057220786405,996547
0.5098039215686274,0.29411764705882354,0.2823529411764706,111.0006351507291,1034378
0.5411764705882353,0.3058823529411765,0.2901960784313726,21.00012016365145,948698
0.03529411764705882,0.03529411764705882,0.043137254901960784,219.00125313522227,443789
0.054901960784313725,0.03529411764705882,0.03137254901960784,391.00223733274845,850672
0.043137254901960784,0.047058823529411764,0.0392156862745098,1.0000057220786405,668397
0.058823529411764705,0.047058823529411764,0.043137254901960784,42.0002403273029,646587
0.043137254901960784,0.043137254901960784,0.054901960784313725,424.0024261613436,435580
0.054901960784313725,0.043137254901960784,0.050980392156862744,299.0017109015135,210239
0.043137254901960784,0.047058823529411764,0.054901960784313725,110.00062942865046,200068
0.047058823529411764,0.047058823529411764,0.054901960784313725,798.0045662187551,819740
0.5215686274509804,0.6392156862745098,0.6901960784313725,56.00032043640387,430654
0.5529411764705883,0.6470588235294118,0.6901960784313725,377.00215722364743,507501
0.5098039215686274,0.6588235294117647,0.7098039215686275,1.0000057220786405,153891
0.5490196078431373,0.6549019607843137,0.6862745098039216,65.00037193511163,523903
0.5098039215686274,0.6431372549019608,0.7176470588235294,12.000068664943687,490100
0.5529411764705883,0.6470588235294118,0.7215686274509804,30.000171662359215,869781
0.5058823529411764,0.6588235294117647,0.7411764705882353,2.000011444157281,879467
0.5529411764705883,0.6823529411764706,0.7372549019607844,25.000143051966013,977896
0.8313725490196079,0.8156862745098039,0.7529411764705882,82.00046921044851,466622
0.8627450980392157,0.8235294117647058,0.7607843137254902,34.000194550673775,253214
0.8274509803921568,0.8431372549019608,0.7725490196078432,4.000022888314562,223657
0.8549019607843137,0.8470588235294118,0.7764705882352941,17.000097275336888,531154
0.8392156862745098,0.8274509803921568,0.792156862745098,230.0013160780873,391392
0.8431372549019608,0.8274509803921568,0.792156862745098,118.00067520527958,142578
0.8156862745098039,0.8431372549019608,0.7843137254901961,45.00025749353882,200015
0.8509803921568627,0.8666666666666667,0.8,36.000205994831056,201040
0.38823529411764707,0.4588235294117647,0.5607843137254902,36.000205994831056,946978
0.43529411764705883,0.4470588235294118,0.5647058823529412,45.00025749353882,848284
0.3803921568627451,0.47058823529411764,0.5725490196078431,256.00146485213196,966399
0.43137254901960786,0.4823529411764706,0.5803921568627451,188.0010757507844,967400
0.39215686274509803,0.4627450980392157,0.596078431372549,5.000028610393202,873927
0.4235294117647059,0.4588235294117647,0.611764705882353,4.000022888314562,859479
0.396078431372549,0.4980392156862745,0.6039215686274509,9.000051498707764,831870
0.4117647058823529,0.4823529411764706,0.592156862745098,22.00012588573009,944935
0.2627450980392157,0.12156862745098039,0.03529411764705882,103.00058937409997,790293
0.26666666666666666,0.10980392156862745,0.11372549019607843,38.00021743898834,1041532
0.5215686274509804,0.5803921568627451,0.5058823529411764,20.00011444157281,672467
0.5529411764705883,0.5607843137254902,0.5254901960784314,89.000509264999,661145
0.5019607843137255,0.6,0.5215686274509804,6.000034332471843,290427
0.5411764705882353,0.6078431372549019,0.5058823529411764,29.000165940280574,580735
0.5137254901960784,0.5686274509803921,0.5372549019607843,105.00060081825725,397898
0.5490196078431373,0.5725490196078431,0.5529411764705883,251.00143624173876,331089
0.5019607843137255,0.592156862745098,0.5568627450980392,19.00010871949417,398915
0.5450980392156862,0.615686274509804,0.5529411764705883,44.00025177146018,546852
0.3215686274509804,0.15294117647058825,0.023529411764705882,9.000051498707764,799514
0.34509803921568627,0.14901960784313725,0.027450980392156862,1.0000057220786405,801394
0.3411764705882353,0.1803921568627451,0.027450980392156862,20.00011444157281,735965
0.34901960784313724,0.17647058823529413,0.027450980392156862,33.000188828595135,742116
0.3411764705882353,0.15294117647058825,0.050980392156862744,116.0006637611223,807550
0.34901960784313724,0.15294117647058825,0.03137254901960784,6.000034332471843,801395
0.3254901960784314,0.1607843137254902,0.058823529411764705,139.00079536893102,824971
0.37254901960784315,0.16862745098039217,0.043137254901960784,233.00133324432323,818803
0.4117647058823529,0.4745098039215686,0.3137254901960784,372.00212861325423,378892
0.4235294117647059,0.47058823529411764,0.3215686274509804,445.002546324995,389173
0.4196078431372549,0.49019607843137253,0.3215686274509804,20.00011444157281,431795
0.4235294117647059,0.48627450980392156,0.3215686274509804,306.001750956064,360496
0.4196078431372549,0.4823529411764706,0.32941176470588235,9.000051498707764,373819
0.42745098039215684,0.4745098039215686,0.32941176470588235,709.004056953756,386107
0.41568627450980394,0.4980392156862745,0.33725490196078434,5.000028610393202,625928
0.43137254901960786,0.49411764705882355,0.33725490196078434,344.0019683950523,366656
0.09019607843137255,0.16862745098039217,0.12156862745098039,38.00021743898834,112323
0.11372549019607843,0.2235294117647059,0.12156862745098039,100.00057220786405,52178
0.2549019607843137,0.3254901960784314,0.16470588235294117,49.000280381853386,680749
0.2549019607843137,0.3411764705882353,0.1568627450980392,1099.0062885644259,680832
0.26666666666666666,0.33725490196078434,0.16862745098039217,63.00036049095435,684838
0.2627450980392157,0.3254901960784314,0.1843137254901961,167.00095558713295,655115
0.26666666666666666,0.3254901960784314,0.17254901960784313,18.000102997415528,637735
0.25098039215686274,0.3411764705882353,0.17254901960784313,358.00204850415327,244733
0.26666666666666666,0.3411764705882353,0.17254901960784313,452.0025863795455,681772
0.6980392156862745,0.7647058823529411,0.7137254901960784,20.00011444157281,227721
0.7294117647058823,0.7490196078431373,0.7098039215686275,87.00049782084172,487075
0.6901960784313725,0.7803921568627451,0.7137254901960784,2.000011444157281,715528
0.7372549019607844,0.7803921568627451,0.6901960784313725,2.000011444157281,134629
0.7098039215686275,0.7490196078431373,0.7411764705882353,83.00047493252715,544431
0.7294117647058823,0.7607843137254902,0.7450980392156863,334.0019111742659,491189
0.7098039215686275,0.7843137254901961,0.7294117647058823,4.000022888314562,176661
0.7411764705882353,0.7843137254901961,0.7294117647058823,14.000080109100967,521940
0.4588235294117647,0.2549019607843137,0.13725490196078433,94.0005378753922,857775
0.4980392156862745,0.25098039215686274,0.12549019607843137,71.00040626758347,837424
0.4666666666666667,0.2823529411764706,0.1450980392156863,1.0000057220786405,857942
0.47843137254901963,0.2823529411764706,0.1450980392156863,22.00012588573009,839281
0.4666666666666667,0.27450980392156865,0.1607843137254902,133.00076103645918,881265
0.4823529411764706,0.27450980392156865,0.1607843137254902,48.000274659774746,759532
0.44313725490196076,0.2901960784313726,0.16862745098039217,60.00034332471843,714452
0.4745098039215686,0.2823529411764706,0.17647058823529413,112.00064087280774,886592
0.4392156862745098,0.44313725490196076,0.5686274509803921,11.000062942865044,935783
0.48627450980392156,0.4666666666666667,0.5843137254901961,2.000011444157281,926539
0.44313725490196076,0.49411764705882355,0.5803921568627451,296.00169373527757,973537
0.47843137254901963,0.47843137254901963,0.5764705882352941,192.00109863909898,934709
0.4470588235294118,0.4627450980392157,0.592156862745098,2.000011444157281,932702
0.48627450980392156,0.4666666666666667,0.596078431372549,1.0000057220786405,934756
0.45098039215686275,0.49411764705882355,0.6,27.000154496123294,939814
0.47058823529411764,0.48627450980392156,0.6,10.000057220786404,931652
0.7843137254901961,0.8117647058823529,0.8313725490196079,1713.0098019207112,645308
0.788235294117647,0.8117647058823529,0.8313725490196079,1079.006174122853,640121
0.7803921568627451,0.8196078431372549,0.8274509803921568,17.000097275336888,881092
0.792156862745098,0.8196078431372549,0.8313725490196079,44.00025177146018,873026
0.7843137254901961,0.8156862745098039,0.8392156862745098,1835.0105000143053,614532
0.788235294117647,0.8117647058823529,0.8352941176470589,2089.01195342228,634990
0.7843137254901961,0.8196078431372549,0.8352941176470589,111.0006351507291,837853
0.792156862745098,0.8196078431372549,0.8392156862745098,1584.0090637725666,700610
0.1568627450980392,0.2823529411764706,0.18823529411764706,613.0035076342066,80675
0.1803921568627451,0.28627450980392155,0.19215686274509805,797.0045604966765,108133
0.16862745098039217,0.30196078431372547,0.19215686274509805,189.00108147286304,106297
0.17647058823529413,0.2980392156862745,0.18823529411764706,453.00259210162415,33340
0.1607843137254902,0.2823529411764706,0.20392156862745098,11.000062942865044,103185
0.1843137254901961,0.29411764705882354,0.20392156862745098,3.0000171662359216,122488
0.16862745098039217,0.2980392156862745,0.20392156862745098,15.000085831179607,125730
0.17254901960784313,0.30980392156862746,0.20392156862745098,32.000183106516495,109353
0.5686274509803921,0.6235294117647059,0.5254901960784314,93.00053215331356,586895
0.615686274509804,0.6392156862745098,0.5019607843137255,155.00088692218927,242957
0.5764705882352941,0.6588235294117647,0.5019607843137255,6.000034332471843,730902
0.6078431372549019,0.6784313725490196,0.5176470588235295,8.000045776629124,730901
0.5686274509803921,0.6274509803921569,0.5450980392156862,118.00067520527958,583813
0.6078431372549019,0.6431372549019608,0.5450980392156862,121.0006923715155,532483
0.5686274509803921,0.6784313725490196,0.5333333333333333,3.0000171662359216,677593
0.611764705882353,0.6666666666666666,0.5529411764705883,20.00011444157281,929780
0.45098039215686275,0.5176470588235295,0.4666666666666667,25.000143051966013,277752
0.47058823529411764,0.5098039215686274,0.4470588235294118,84.0004806546058,599605
0.4666666666666667,0.5450980392156862,0.4666666666666667,11.000062942865044,253535
0.47058823529411764,0.5450980392156862,0.4470588235294118,20.00011444157281,503503
0.4627450980392157,0.5098039215686274,0.49019607843137253,115.00065803904366,521755
0.4745098039215686,0.5098039215686274,0.48627450980392156,220.0012588573009,297421
0.45098039215686275,0.5490196078431373,0.4745098039215686,10.000057220786404,509648
0.47058823529411764,0.5372549019607843,0.4980392156862745,38.00021743898834,546348
0.5686274509803921,0.6,0.47843137254901963,477.0027294315115,357558
0.5803921568627451,0.592156862745098,0.47843137254901963,841.0048122681367,381134
0.5686274509803921,0.6078431372549019,0.4823529411764706,47.0002689376961,342194
0.5803921568627451,0.615686274509804,0.4745098039215686,280.0016021820193,280814
0.5686274509803921,0.596078431372549,0.48627450980392156,18.000102997415528,314593
0.5882352941176471,0.6039215686274509,0.48627450980392156,190.00108719494168,370877
0.5725490196078431,0.615686274509804,0.49019607843137253,35.000200272752416,542752
0.5803921568627451,0.611764705882353,0.48627450980392156,198.00113297157083,324828
0.8117647058823529,0.8235294117647058,0.8431372549019608,63.00036049095435,121178
0.8313725490196079,0.8235294117647058,0.8470588235294118,16.000091553258248,834572
0.8196078431372549,0.8352941176470589,0.8470588235294118,1565.0089550530724,813193
0.8392156862745098,0.8392156862745098,0.8549019607843137,206.00117874819995,855108
0.8196078431372549,0.8235294117647058,0.8666666666666667,10.000057220786404,840869
0.8274509803921568,0.8235294117647058,0.8627450980392157,4.000022888314562,919863
0.8117647058823529,0.8352941176470589,0.8588235294117647,200.0011444157281,820628
0.8274509803921568,0.8352941176470589,0.8627450980392157,21.00012016365145,867990
0.6627450980392157,0.5725490196078431,0.47058823529411764,157.00089836634655,21727
0.6705882352941176,0.5607843137254902,0.4823529411764706,4.000022888314562,896395
0.6627450980392157,0.5843137254901961,0.4745098039215686,715.0040912862279,91280
0.6705882352941176,0.5843137254901961,0.4745098039215686,998.0057106344832,35053
0.6627450980392157,0.5686274509803921,0.4980392156862745,14.000080109100967,682289
0.6705882352941176,0.5686274509803921,0.48627450980392156,7.0000400545504835,916296
0.6627450980392157,0.5843137254901961,0.48627450980392156,49.000280381853386,26840
0.6705882352941176,0.5843137254901961,0.48627450980392156,134.00076675853782,30926
0.3215686274509804,0.4117647058823529,0.2235294117647059,250.00143051966012,300701
0.33725490196078434,0.41568627450980394,0.22745098039215686,261.00149346252516,337578
0.3176470588235294,0.42745098039215684,0.23137254901960785,245.00140190926692,240229
0.3411764705882353,0.42745098039215684,0.2235294117647059,249.00142479758148,294540
0.3137254901960784,0.4196078431372549,0.23921568627450981,405.0023174418494,217682
0.32941176470588235,0.41568627450980394,0.23529411764705882,243.00139046510964,13722
0.3137254901960784,0.43137254901960786,0.24705882352941178,303.00173378982805,221786
0.32941176470588235,0.43529411764705883,0.23529411764705882,119.00068092735822,253551
0.7529411764705882,0.5450980392156862,0.30980392156862746,47.0002689376961,836200
0.8117647058823529,0.5529411764705883,0.2549019607843137,1.0000057220786405,824984
0.807843137254902,0.5647058823529412,0.2823529411764706,18.000102997415528,839325
0.8117647058823529,0.5725490196078431,0.28627450980392155,12.000068664943687,838300
0.7490196078431373,0.5333333333333333,0.3607843137254902,9.000051498707764,837268
0.807843137254902,0.592156862745098,0.36470588235294116,31.000177384437855,835222
0.8117647058823529,0.596078431372549,0.34509803921568627,11.000062942865044,843422
0.13333333333333333,0.12549019607843137,0.10196078431372549,9.000051498707764,679494
0.15294117647058825,0.12549019607843137,0.10588235294117647,235.00134468848051,705024
0.15294117647058825,0.1411764705882353,0.10588235294117647,4.000022888314562,647873
0.13333333333333333,0.12549019607843137,0.12156862745098039,219.00125313522227,803200
0.14901960784313725,0.12549019607843137,0.10980392156862745,1566.008960775151,617963
0.12941176470588237,0.1411764705882353,0.11764705882352941,2.000011444157281,414988
0.1450980392156863,0.1411764705882353,0.11764705882352941,18.000102997415528,474547
0.2,0.16862745098039217,0.1568627450980392,238.00136185471644,711200
0.20392156862745098,0.16862745098039217,0.1568627450980392,54.00030899224659,507210
0.2,0.17254901960784313,0.1607843137254902,445.002546324995,545238
0.20784313725490197,0.17254901960784313,0.1568627450980392,697.0039882888124,497971
0.19215686274509805,0.16862745098039217,0.17647058823529413,37.000211716909696,181582
0.20392156862745098,0.16470588235294117,0.17254901960784313,15.000085831179607,862576
0.19215686274509805,0.1803921568627451,0.1843137254901961,395.002260221063,466306
0.20784313725490197,0.1843137254901961,0.17254901960784313,161.0009212546611,561615
0.24705882352941178,0.2823529411764706,0.10196078431372549,2.000011444157281,905148
0.2196078431372549,0.30980392156862746,0.09803921568627451,1.0000057220786405,501710
0.2196078431372549,0.29411764705882354,0.10980392156862745,48.000274659774746,750554
0.23921568627450981,0.2901960784313726,0.12156862745098039,21.00012016365145,928763
0.22745098039215686,0.3058823529411765,0.11764705882352941,1861.01064878835,796628
0.23529411764705882,0.3058823529411765,0.12156862745098039,89.000509264999,771006
0.23921568627450981,0.3764705882352941,0.1843137254901961,51.00029182601067,401189
0.24313725490196078,0.3803921568627451,0.19215686274509805,75.00042915589803,392993
0.3843137254901961,0.4470588235294118,0.2901960784313726,313.00179101061445,365612
0.39215686274509803,0.4392156862745098,0.29411764705882354,314.0017967326931,521264
0.3803921568627451,0.4588235294117647,0.29411764705882354,50.00028610393203,426675
0.396078431372549,0.4588235294117647,0.2823529411764706,474.0027122652756,338990
0.38823529411764707,0.45098039215686275,0.2980392156862745,30.000171662359215,386049
0.403921568627451,0.44313725490196076,0.30980392156862746,436.00249482628726,492559
0.3843137254901961,0.4666666666666667,0.30980392156862746,10.000057220786404,501459
0.403921568627451,0.4588235294117647,0.30980392156862746,373.00213433533287,395276
0.6039215686274509,0.5372549019607843,0.3764705882352941,87.00049782084172,110650
0.6078431372549019,0.5294117647058824,0.3843137254901961,231.00132180016595,101463
0.6039215686274509,0.5450980392156862,0.3803921568627451,100.00057220786405,9551
0.6078431372549019,0.5450980392156862,0.3803921568627451,656.0037536835881,60747
0.596078431372549,0.5333333333333333,0.403921568627451,23.00013160780873,733829
0.615686274509804,0.5411764705882353,0.4,352.0020141716814,99418
0.6039215686274509,0.5529411764705883,0.396078431372549,15.000085831179607,198979
0.6196078431372549,0.5529411764705883,0.39215686274509803,526.0030098133649,2352
0.24705882352941178,0.4117647058823529,0.3803921568627451,18.000102997415528,165381
0.24313725490196078,0.3764705882352941,0.4980392156862745,106.0006065403359,445988
0.19607843137254902,0.19215686274509805,0.2,397.0022716652203,554529
0.21176470588235294,0.19607843137254902,0.19215686274509805,315.00180245477173,633446
0.2,0.20392156862745098,0.19607843137254902,45.00025749353882,834873
0.20392156862745098,0.20784313725490197,0.19607843137254902,180.00102997415527,431531
0.18823529411764706,0.18823529411764706,0.20392156862745098,375.00214577949015,628302
0.20784313725490197,0.2,0.20392156862745098,104.00059509617861,389461
0.19607843137254902,0.20392156862745098,0.21568627450980393,264.0015106287611,405982
0.20784313725490197,0.20392156862745098,0.21568627450980393,301.00172234567077,608815
0.2627450980392157,0.3764705882352941,0.19215686274509805,222.0012703014582,358246
0.2784313725490196,0.3803921568627451,0.19215686274509805,532.0030441458367,358281
0.2627450980392157,0.39215686274509803,0.19215686274509805,24.000137329887373,389931
0.27450980392156865,0.403921568627451,0.18823529411764706,203.00116158196403,390965
0.25098039215686274,0.3764705882352941,0.21176470588235294,258.00147629628924,233118
0.27450980392156865,0.38823529411764707,0.20784313725490197,596.0034103588697,246402
0.2627450980392157,0.396078431372549,0.20392156862745098,1.0000057220786405,412446
0.27058823529411763,0.39215686274509803,0.21176470588235294,128.00073242606598,247430
0.16470588235294117,0.25882352941176473,0.13725490196078433,5.000028610393202,333623
0.17647058823529413,0.2549019607843137,0.13725490196078433,3.0000171662359216,301011
0.1568627450980392,0.27058823529411763,0.13725490196078433,17.000097275336888,113663
0.1843137254901961,0.26666666666666666,0.13725490196078433,13.000074387022327,281578
0.1607843137254902,0.2549019607843137,0.14901960784313725,632.0036163537007,302899
0.1803921568627451,0.25882352941176473,0.1411764705882353,93.00053215331356,248781
0.1568627450980392,0.27450980392156865,0.14901960784313725,1020.0058365202133,85996
0.17647058823529413,0.27450980392156865,0.15294117647058825,168.0009613092116,199615
0.10588235294117647,0.2196078431372549,0.13725490196078433,2.000011444157281,13099
0.11372549019607843,0.2235294117647059,0.13333333333333333,587.0033588601619,18397
0.12156862745098039,0.23529411764705882,0.13725490196078433,66.00037765719027,27612
0.10588235294117647,0.2196078431372549,0.15294117647058825,33.000188828595135,45819
0.11764705882352941,0.2196078431372549,0.14901960784313725,1100.0062942865045,39605
0.12156862745098039,0.23529411764705882,0.14901960784313725,160.00091553258247,2858
0.5725490196078431,0.6039215686274509,0.45098039215686275,400.0022888314562,262368
0.5803921568627451,0.6,0.44313725490196076,253.00144768589604,243942
0.5647058823529412,0.6078431372549019,0.45098039215686275,12.000068664943687,622828
0.5764705882352941,0.6078431372549019,0.45098039215686275,58.00033188056115,271582
0.5725490196078431,0.596078431372549,0.4549019607843137,579.0033130835328,234766
0.5882352941176471,0.6039215686274509,0.4588235294117647,318.00181962100766,242942
0.5725490196078431,0.615686274509804,0.4666666666666667,41.00023460522426,594086
0.5882352941176471,0.611764705882353,0.4549019607843137,272.0015564053902,256225
0.3764705882352941,0.27450980392156865,0.3137254901960784,29.000165940280574,976544
0.42745098039215684,0.2627450980392157,0.3137254901960784,15.000085831179607,1023304
0.4,0.2980392156862745,0.3254901960784314,149.00085258971743,965282
0.40784313725490196,0.28627450980392155,0.3176470588235294,202.0011558598854,937716
0.4196078431372549,0.26666666666666666,0.34509803921568627,1.0000057220786405,931657
0.39215686274509803,0.29411764705882354,0.34901960784313724,52.00029754808931,935682
0.4196078431372549,0.30196078431372547,0.3568627450980392,28.000160218201934,989508
0.16862745098039217,0.16862745098039217,0.18823529411764706,237.0013561326378,148835
0.1843137254901961,0.1568627450980392,0.19607843137254902,53.00030327016795,898535
0.1607843137254902,0.17254901960784313,0.19607843137254902,509.002912538028,175479
0.17647058823529413,0.17647058823529413,0.19215686274509805,457.0026149899387,378173
0.1607843137254902,0.16470588235294117,0.20392156862745098,60.00034332471843,278890
0.1803921568627451,0.1607843137254902,0.20784313725490197,17.000097275336888,225642
0.1568627450980392,0.17254901960784313,0.20392156862745098,378.00216294572607,595546
0.1843137254901961,0.1803921568627451,0.21176470588235294,180.00102997415527,643798
0.2823529411764706,0.5333333333333333,0.6588235294117647,21.00012016365145,908215
0.32941176470588235,0.5137254901960784,0.6705882352941176,74.00042343381939,174384
0.34901960784313724,0.5647058823529412,0.6705882352941176,11.000062942865044,909243
0.37254901960784315,0.5450980392156862,0.6862745098039216,2.000011444157281,175409
0.32941176470588235,0.5764705882352941,0.6941176470588235,10.000057220786404,925668
0.6039215686274509,0.5333333333333333,0.35294117647058826,363.00207711454647,1341
0.6078431372549019,0.5372549019607843,0.3568627450980392,2.000011444157281,314
0.6,0.5529411764705883,0.35294117647058826,334.0019111742659,36186
0.611764705882353,0.5568627450980392,0.3568627450980392,12.000068664943687,162971
0.6039215686274509,0.5411764705882353,0.37254901960784315,335.00191689634454,127060
0.611764705882353,0.5333333333333333,0.36470588235294116,67.00038337926891,305
0.6,0.5568627450980392,0.3686274509803922,585.0033474160047,85337
0.6078431372549019,0.5568627450980392,0.37254901960784315,186.00106430662711,142425
0.5647058823529412,0.6274509803921569,0.6862745098039216,417.0023861067931,962354
0.5803921568627451,0.6352941176470588,0.6901960784313725,243.00139046510964,962469
0.5607843137254902,0.6509803921568628,0.6980392156862745,221.00126457937955,510598
0.5764705882352941,0.6392156862745098,0.6941176470588235,478.00273515359015,987056
0.5725490196078431,0.6313725490196078,0.7019607843137254,37.000211716909696,951079
0.5764705882352941,0.6352941176470588,0.7019607843137254,24.000137329887373,982789
0.5725490196078431,0.6470588235294118,0.7019607843137254,108.00061798449318,917401
0.5764705882352941,0.6470588235294118,0.7019607843137254,349.0019970054455,913293
0.3333333333333333,0.19215686274509805,0.08627450980392157,2.000011444157281,187704
0.37254901960784315,0.18823529411764706,0.0784313725490196,35.000200272752416,832134
0.3215686274509804,0.18823529411764706,0.10588235294117647,141.0008068130883,793235
0.37254901960784315,0.21176470588235294,0.12156862745098039,283.00161934825525,811615
0.3254901960784314,0.23529411764705882,0.12156862745098039,4.000022888314562,735926
0.37254901960784315,0.2235294117647059,0.11764705882352941,4.000022888314562,781953
0.4627450980392157,0.5176470588235295,0.6352941176470588,11.000062942865044,863631
0.4823529411764706,0.5176470588235295,0.6352941176470588,3.0000171662359216,857497
0.4666666666666667,0.5333333333333333,0.6235294117647059,154.00088120011063,995036
0.4980392156862745,0.5490196078431373,0.6235294117647059,282.0016136261766,979686
0.45098039215686275,0.5215686274509804,0.6705882352941176,1.0000057220786405,973780
0.47843137254901963,0.5215686274509804,0.6705882352941176,1.0000057220786405,857409
0.4588235294117647,0.5490196078431373,0.6705882352941176,4.000022888314562,865687
0.47843137254901963,0.5490196078431373,0.6588235294117647,12.000068664943687,941944
0.29411764705882354,0.22745098039215686,0.1607843137254902,150.00085831179607,779807
0.3058823529411765,0.2235294117647059,0.1607843137254902,399.0022831093776,693640
0.29411764705882354,0.23529411764705882,0.16862745098039217,2.000011444157281,751187
0.3058823529411765,0.23529411764705882,0.16862745098039217,6.000034332471843,753239
0.2901960784313726,0.22745098039215686,0.17647058823529413,480.00274659774743,567581
0.30980392156862746,0.23137254901960785,0.1843137254901961,518.0029640367358,604514
0.2901960784313726,0.23529411764705882,0.1843137254901961,96.00054931954949,742961
0.3058823529411765,0.23529411764705882,0.1843137254901961,216.00123596898635,776681
0.6235294117647059,0.6666666666666666,0.6901960784313725,158.0009040884252,975687
0.6470588235294118,0.6549019607843137,0.6941176470588235,100.00057220786405,819280
0.6352941176470588,0.6745098039215687,0.6941176470588235,93.00053215331356,976854
0.6470588235294118,0.6745098039215687,0.6980392156862745,85.00048637668444,894541
0.6313725490196078,0.6627450980392157,0.7019607843137254,319.0018253430863,902022
0.6509803921568628,0.6588235294117647,0.7137254901960784,403.00230599769213,908577
0.6235294117647059,0.6745098039215687,0.7137254901960784,457.0026149899387,1039296
0.6392156862745098,0.6823529411764706,0.7137254901960784,249.00142479758148,1034162
0.6941176470588235,0.596078431372549,0.47058823529411764,52.00029754808931,689468
0.7058823529411765,0.6039215686274509,0.47843137254901963,7.0000400545504835,686394
0.6901960784313725,0.6196078431372549,0.47058823529411764,9.000051498707764,747174
0.7019607843137254,0.615686274509804,0.4745098039215686,10.000057220786404,872058
0.6980392156862745,0.596078431372549,0.49019607843137253,908.0051956474056,217433
0.7137254901960784,0.6,0.4980392156862745,3.0000171662359216,204103
0.6862745098039216,0.611764705882353,0.49411764705882355,832.0047607694289,107739
0.7058823529411765,0.611764705882353,0.4980392156862745,8.000045776629124,705861
0.6627450980392157,0.6549019607843137,0.6901960784313725,190.00108719494168,907465
0.6823529411764706,0.6588235294117647,0.6941176470588235,274.0015678495475,1035876
0.6549019607843137,0.6823529411764706,0.6980392156862745,61.00034904679707,653592
0.6784313725490196,0.6745098039215687,0.6980392156862745,47.0002689376961,891165
0.6627450980392157,0.6666666666666666,0.7137254901960784,529.0030269796008,848974
0.6705882352941176,0.6627450980392157,0.7019607843137254,303.00173378982805,907467
0.6588235294117647,0.6705882352941176,0.7098039215686275,171.0009784754475,851069
0.6705882352941176,0.6745098039215687,0.7137254901960784,246.00140763134556,982427
0.1450980392156863,0.2784313725490196,0.39215686274509803,27.000154496123294,456292
0.1843137254901961,0.27450980392156865,0.3764705882352941,164.00093842089703,400936
0.15294117647058825,0.29411764705882354,0.3803921568627451,5.000028610393202,234995
0.16862745098039217,0.2901960784313726,0.3843137254901961,100.00057220786405,448103
0.15294117647058825,0.25098039215686274,0.40784313725490196,15.000085831179607,296433
0.16470588235294117,0.25098039215686274,0.42745098039215684,38.00021743898834,965571
0.14901960784313725,0.30980392156862746,0.40784313725490196,2.000011444157281,370194
0.17647058823529413,0.29411764705882354,0.4235294117647059,99.00056648578541,482939
0.18823529411764706,0.13725490196078433,0.10196078431372549,135.00077248061646,760245
0.21176470588235294,0.12941176470588237,0.09803921568627451,90.00051498707764,908935
0.19607843137254902,0.1411764705882353,0.10196078431372549,220.0012588573009,714162
0.20392156862745098,0.14901960784313725,0.10196078431372549,109.00062370657182,754113
0.2,0.12941176470588237,0.10980392156862745,59.00033760263979,926385
0.20392156862745098,0.12941176470588237,0.11764705882352941,77.00044060005531,881108
0.19607843137254902,0.1450980392156863,0.11372549019607843,805.0046062733056,746918
0.20784313725490197,0.15294117647058825,0.10980392156862745,304.0017395119067,738738
0.5372549019607843,0.5725490196078431,0.4392156862745098,96.00054931954949,356530
0.5568627450980392,0.5725490196078431,0.44313725490196076,267.001527794997,410828
0.5411764705882353,0.5764705882352941,0.4470588235294118,286.00163651449117,362651
0.5529411764705883,0.5803921568627451,0.45098039215686275,763.0043659460026,363693
0.5372549019607843,0.5725490196078431,0.4627450980392157,7.0000400545504835,650956
0.5568627450980392,0.5686274509803921,0.4588235294117647,11.000062942865044,202009
0.5372549019607843,0.5882352941176471,0.4549019607843137,14.000080109100967,577658
0.5529411764705883,0.5882352941176471,0.4627450980392157,353.00201989376006,342204
0.6352941176470588,0.6666666666666666,0.7176470588235294,69.00039482342619,1034956
0.6431372549019608,0.6666666666666666,0.7254901960784313,197.00112724949219,915304
0.6274509803921569,0.6705882352941176,0.7215686274509804,871.0049839304959,1014506
0.6431372549019608,0.6823529411764706,0.7215686274509804,444.0025406029164,598062
0.6313725490196078,0.6666666666666666,0.7333333333333333,1.0000057220786405,943943
0.6509803921568628,0.6666666666666666,0.7372549019607844,7.0000400545504835,794674
0.6313725490196078,0.6823529411764706,0.7333333333333333,109.00062370657182,985932
0.6392156862745098,0.6745098039215687,0.7333333333333333,74.00042343381939,877725
0.2784313725490196,0.3843137254901961,0.4,12.000068664943687,343583
0.3058823529411765,0.3764705882352941,0.4,42.0002403273029,354651
0.25882352941176473,0.4196078431372549,0.3764705882352941,1.0000057220786405,104868
0.2901960784313726,0.40784313725490196,0.3843137254901961,7.0000400545504835,302721
0.26666666666666666,0.3803921568627451,0.43529411764705883,61.00034904679707,467474
0.2823529411764706,0.3803921568627451,0.4235294117647059,296.00169373527757,204202
0.26666666666666666,0.41568627450980394,0.40784313725490196,6.000034332471843,230980
0.30196078431372547,0.40784313725490196,0.4117647058823529,10.000057220786404,875036
0.3764705882352941,0.25098039215686274,0.13725490196078433,13.000074387022327,893715
0.42745098039215684,0.25882352941176473,0.15294117647058825,36.000205994831056,890691
0.43529411764705883,0.2901960784313726,0.14901960784313725,2.000011444157281,871264
0.396078431372549,0.2627450980392157,0.1607843137254902,166.0009498650543,792229
0.43137254901960786,0.26666666666666666,0.1843137254901961,128.00073242606598,897685
0.3803921568627451,0.28627450980392155,0.17254901960784313,38.00021743898834,619247
0.43529411764705883,0.2980392156862745,0.1803921568627451,51.00029182601067,894731
0.09803921568627451,0.043137254901960784,0.043137254901960784,8.000045776629124,840101
0.09411764705882353,0.054901960784313725,0.03137254901960784,917.0052471461133,802492
0.11764705882352941,0.054901960784313725,0.03137254901960784,438.00250627044454,827043
0.10196078431372549,0.043137254901960784,0.054901960784313725,3.0000171662359216,859692
0.09803921568627451,0.058823529411764705,0.050980392156862744,336.0019226184232,911043
0.10980392156862745,0.058823529411764705,0.047058823529411764,32.000183106516495,890557
0.12549019607843137,0.09411764705882353,0.07450980392156863,73.00041771174075,683396
0.1411764705882353,0.09803921568627451,0.07450980392156863,106.0006065403359,655083
0.1450980392156863,0.11764705882352941,0.07450980392156863,1.0000057220786405,670424
0.13725490196078433,0.10588235294117647,0.08627450980392157,987.0056476916182,738789
0.14901960784313725,0.10588235294117647,0.08235294117647059,146.0008354234815,700846
0.12549019607843137,0.10980392156862745,0.09019607843137255,142.00081253516694,599456
0.1411764705882353,0.10980392156862745,0.09019607843137255,274.0015678495475,761381
0.38823529411764707,0.4470588235294118,0.3764705882352941,20.00011444157281,370106
0.4117647058823529,0.4549019607843137,0.38823529411764707,57.00032615848251,351894
0.3803921568627451,0.47843137254901963,0.3803921568627451,11.000062942865044,681686
0.43529411764705883,0.48627450980392156,0.39215686274509803,16.000091553258248,639704
0.4,0.4392156862745098,0.43529411764705883,84.0004806546058,327960
0.43137254901960786,0.44313725490196076,0.42745098039215684,201.00115013780675,535073
0.3803921568627451,0.47058823529411764,0.4117647058823529,12.000068664943687,621279
0.42745098039215684,0.47058823529411764,0.42745098039215684,25.000143051966013,340370
0.44313725490196076,0.32941176470588235,0.38823529411764707,25.000143051966013,921428
0.47843137254901963,0.3254901960784314,0.3843137254901961,28.000160218201934,1028533
0.44313725490196076,0.34509803921568627,0.3764705882352941,134.00076675853782,979615
0.47058823529411764,0.3686274509803922,0.3803921568627451,90.00051498707764,967335
0.44313725490196076,0.3411764705882353,0.40784313725490196,3.0000171662359216,929569
0.4549019607843137,0.37254901960784315,0.42745098039215684,113.00064659488638,979621
0.49411764705882355,0.3686274509803922,0.4196078431372549,33.000188828595135,1016219
0.5607843137254902,0.5725490196078431,0.44313725490196076,25.000143051966013,398501
0.5803921568627451,0.5686274509803921,0.4470588235294118,10.000057220786404,625368
0.5607843137254902,0.5843137254901961,0.4470588235294118,633.0036220757794,400587
0.5803921568627451,0.5882352941176471,0.4392156862745098,58.00033188056115,428238
0.5725490196078431,0.5647058823529412,0.4588235294117647,14.000080109100967,579278
0.5803921568627451,0.5647058823529412,0.4666666666666667,18.000102997415528,687771
0.5607843137254902,0.5843137254901961,0.4627450980392157,882.0050468733609,343252
0.5843137254901961,0.5764705882352941,0.4549019607843137,56.00032043640387,199960
0.6627450980392157,0.6666666666666666,0.7176470588235294,116.0006637611223,901371
0.6745098039215687,0.6627450980392157,0.7215686274509804,30.000171662359215,826415
0.6588235294117647,0.6705882352941176,0.7254901960784313,636.0036392420153,825385
0.6705882352941176,0.6784313725490196,0.7254901960784313,613.0035076342066,966071
0.6627450980392157,0.6666666666666666,0.7333333333333333,1.0000057220786405,804308
0.6627450980392157,0.6784313725490196,0.7372549019607844,175.00100136376207,818190
0.6705882352941176,0.6745098039215687,0.7333333333333333,123.00070381567278,867449
0.40784313725490196,0.4470588235294118,0.3137254901960784,164.00093842089703,482323
0.4235294117647059,0.45098039215686275,0.3137254901960784,16.000091553258248,494638
0.4117647058823529,0.4588235294117647,0.3137254901960784,566.0032386965105,409602
0.42745098039215684,0.4549019607843137,0.3176470588235294,556.0031814757241,490582
0.43529411764705883,0.4392156862745098,0.3333333333333333,6.000034332471843,388314
0.4196078431372549,0.4588235294117647,0.32941176470588235,22.00012588573009,481284
0.43529411764705883,0.4666666666666667,0.32941176470588235,343.00196267297366,489522
0.8470588235294118,0.8784313725490196,0.8862745098039215,182.00104141831255,870060
0.8588235294117647,0.8784313725490196,0.8823529411764706,144.00082397932422,823848
0.8509803921568627,0.8901960784313725,0.8862745098039215,43.00024604938154,866754
0.8705882352941177,0.8980392156862745,0.8862745098039215,40.00022888314562,103820
0.8470588235294118,0.8823529411764706,0.9019607843137255,440.0025177146018,654613
0.8588235294117647,0.8823529411764706,0.8941176470588236,547.0031299770163,819790
0.8470588235294118,0.9019607843137255,0.8941176470588236,72.00041198966211,831750
0.8666666666666667,0.9019607843137255,0.8941176470588236,201.00115013780675,117056
0.32941176470588235,0.26666666666666666,0.32941176470588235,45.00025749353882,866669
0.34509803921568627,0.2784313725490196,0.32941176470588235,45.00025749353882,948941
0.32941176470588235,0.29411764705882354,0.3137254901960784,107.00061226241453,438922
0.3686274509803922,0.28627450980392155,0.3411764705882353,71.00040626758347,903535
0.32941176470588235,0.2784313725490196,0.36470588235294116,18.000102997415528,908841
0.34901960784313724,0.25098039215686274,0.3607843137254902,9.000051498707764,935722
0.33725490196078434,0.28627450980392155,0.34509803921568627,67.00038337926891,949964
0.3686274509803922,0.2823529411764706,0.34509803921568627,54.00030899224659,929553
0.15294117647058825,0.29411764705882354,0.16862745098039217,1312.0075073671762,46935
0.15294117647058825,0.2980392156862745,0.1607843137254902,24.000137329887373,87928
0.14901960784313725,0.28627450980392155,0.1803921568627451,324.0018539534795,62259
0.15294117647058825,0.2980392156862745,0.1843137254901961,2.000011444157281,37700
0.6901960784313725,0.6549019607843137,0.6901960784313725,492.0028152626911,1019453
0.7019607843137254,0.6627450980392157,0.6941176470588235,221.00126457937955,1023539
0.6980392156862745,0.6705882352941176,0.6941176470588235,65.00037193511163,1036909
0.7098039215686275,0.6705882352941176,0.6980392156862745,109.00062370657182,1025589
0.6901960784313725,0.6666666666666666,0.7058823529411765,130.00074387022326,1037915
0.7019607843137254,0.6666666666666666,0.7019607843137254,49.000280381853386,1032805
0.6901960784313725,0.6705882352941176,0.7137254901960784,261.00149346252516,902500
0.7137254901960784,0.6823529411764706,0.7019607843137254,335.00191689634454,949688
0.6980392156862745,0.7215686274509804,0.7803921568627451,29.000165940280574,860290
0.7058823529411765,0.7254901960784313,0.7803921568627451,75.00042915589803,814095
0.6901960784313725,0.7372549019607844,0.788235294117647,1040.005950961786,607270
0.7098039215686275,0.7333333333333333,0.7843137254901961,430.0024604938154,811069
0.6901960784313725,0.7294117647058823,0.807843137254902,3.0000171662359216,837153
0.7098039215686275,0.7294117647058823,0.796078431372549,2.000011444157281,801859
0.6941176470588235,0.7450980392156863,0.8,60.00034332471843,848134
0.7137254901960784,0.7450980392156863,0.796078431372549,19.00010871949417,809985
0.3568627450980392,0.25882352941176473,0.2,348.00199128336686,656750
0.3607843137254902,0.25098039215686274,0.19215686274509805,161.0009212546611,747921
0.34509803921568627,0.27058823529411763,0.2,101.0005779299427,777721
0.37254901960784315,0.27450980392156865,0.19607843137254902,178.001018529998,698763
0.34901960784313724,0.2627450980392157,0.20392156862745098,154.00088120011063,610601
0.37254901960784315,0.25098039215686274,0.21568627450980393,38.00021743898834,938473
0.34509803921568627,0.26666666666666666,0.21568627450980393,337.0019283405018,572672
0.37254901960784315,0.2784313725490196,0.20784313725490197,337.0019283405018,779723
0.6588235294117647,0.592156862745098,0.45098039215686275,273.00156212746884,137410
0.6823529411764706,0.592156862745098,0.44313725490196076,14.000080109100967,804439
0.6549019607843137,0.615686274509804,0.4470588235294118,57.00032615848251,169197
0.6705882352941176,0.615686274509804,0.44313725490196076,3.0000171662359216,152813
0.6627450980392157,0.6,0.4627450980392157,1006.0057564111123,134357
0.6705882352941176,0.592156862745098,0.4666666666666667,62.00035476887571,102642
0.6588235294117647,0.6078431372549019,0.4549019607843137,229.00131035600867,145618
0.6705882352941176,0.611764705882353,0.4666666666666667,9.000051498707764,141499
0.44313725490196076,0.3568627450980392,0.2549019607843137,208.00119019235723,91
0.4627450980392157,0.34901960784313724,0.2627450980392157,228.00130463393003,694613
0.44313725490196076,0.36470588235294116,0.25098039215686274,281.00160790409797,58372
0.4588235294117647,0.3686274509803922,0.25882352941176473,396.00226594314165,13394
0.4392156862745098,0.35294117647058826,0.27058823529411763,160.00091553258247,613725
0.4666666666666667,0.34901960784313724,0.27058823529411763,126.0007209819087,648512
0.45098039215686275,0.3607843137254902,0.2784313725490196,80.00045776629123,212276
0.4549019607843137,0.37254901960784315,0.26666666666666666,163.0009326988184,27704
0.2,0.15294117647058825,0.2,9.000051498707764,827680
0.24705882352941178,0.15294117647058825,0.18823529411764706,2.000011444157281,924489
0.18823529411764706,0.1843137254901961,0.21568627450980393,272.0015564053902,422521
0.23529411764705882,0.1843137254901961,0.18823529411764706,44.00025177146018,377269
0.21176470588235294,0.12549019607843137,0.2196078431372549,3.0000171662359216,930651
0.23921568627450981,0.15294117647058825,0.23921568627450981,2.000011444157281,833792
0.21568627450980393,0.1803921568627451,0.2235294117647059,52.00029754808931,897515
0.2196078431372549,0.17254901960784313,0.24705882352941178,22.00012588573009,858460
0.12941176470588237,0.16862745098039217,0.2,245.00140190926692,157078
0.15294117647058825,0.16862745098039217,0.19215686274509805,437.0025005483659,232884
0.13725490196078433,0.17254901960784313,0.19607843137254902,20.00011444157281,887291
0.1450980392156863,0.17254901960784313,0.18823529411764706,167.00095558713295,170370
0.13725490196078433,0.1568627450980392,0.20392156862745098,188.0010757507844,225742
0.1450980392156863,0.16470588235294117,0.20392156862745098,180.00102997415527,267661
0.13333333333333333,0.17647058823529413,0.21568627450980393,78.00044632213395,406091
0.15294117647058825,0.17254901960784313,0.21176470588235294,309.0017681222999,868865
0.2627450980392157,0.18823529411764706,0.13333333333333333,198.00113297157083,697750
0.2784313725490196,0.2,0.13725490196078433,161.0009212546611,742839
0.27450980392156865,0.20784313725490197,0.13725490196078433,2.000011444157281,560856
0.2549019607843137,0.19215686274509805,0.15294117647058825,613.0035076342066,684417
0.27058823529411763,0.2,0.1411764705882353,451.00258065746686,766430
0.2627450980392157,0.20392156862745098,0.15294117647058825,38.00021743898834,720508
0.27058823529411763,0.20392156862745098,0.15294117647058825,158.0009040884252,779778
0.6549019607843137,0.6941176470588235,0.7490196078431373,63.00036049095435,976213
0.6823529411764706,0.6980392156862745,0.7490196078431373,119.00068092735822,820245
0.6549019607843137,0.7098039215686275,0.7529411764705882,736.0042114498793,581661
0.6705882352941176,0.7137254901960784,0.7490196078431373,606.0034675796561,1021687
0.6549019607843137,0.6941176470588235,0.7764705882352941,4.000022888314562,855337
0.6784313725490196,0.6980392156862745,0.7647058823529411,4.000022888314562,795701
0.6666666666666666,0.7019607843137254,0.7647058823529411,38.00021743898834,809030
0.6823529411764706,0.7019607843137254,0.7725490196078432,44.00025177146018,817183
0.7647058823529411,0.8274509803921568,0.7764705882352941,10.000057220786404,864690
0.807843137254902,0.8117647058823529,0.7529411764705882,63.00036049095435,531158
0.8,0.8431372549019608,0.7686274509803922,2.000011444157281,555745
0.7529411764705882,0.8235294117647058,0.788235294117647,76.00043487797667,856583
0.788235294117647,0.8156862745098039,0.7843137254901961,230.0013160780873,546495
0.7764705882352941,0.8509803921568627,0.803921568627451,2.000011444157281,229772
0.792156862745098,0.8509803921568627,0.7803921568627451,19.00010871949417,239186
0.5333333333333333,0.592156862745098,0.6549019607843137,253.00144768589604,930786
0.5490196078431373,0.592156862745098,0.6666666666666666,180.00102997415527,1009357
0.5372549019607843,0.6078431372549019,0.6627450980392157,152.00086975595335,963385
0.5529411764705883,0.6196078431372549,0.6549019607843137,212.0012130806718,622259
0.5411764705882353,0.6039215686274509,0.6745098039215687,129.00073814814462,984843
0.5529411764705883,0.6,0.6705882352941176,98.00056076370677,1009364
0.5372549019607843,0.611764705882353,0.6705882352941176,241.00137902095236,1000398
0.5450980392156862,0.6196078431372549,0.6745098039215687,331.00189400803,962361
0.34901960784313724,0.38823529411764707,0.23137254901960785,80.00045776629123,560318
0.3607843137254902,0.38823529411764707,0.22745098039215686,8.000045776629124,601282
0.34901960784313724,0.4,0.22745098039215686,309.0017681222999,569575
0.36470588235294116,0.39215686274509803,0.23137254901960785,40.00022888314562,586911
0.34901960784313724,0.3803921568627451,0.24313725490196078,198.00113297157083,542775
0.3607843137254902,0.3843137254901961,0.23921568627450981,14.000080109100967,562272
0.34509803921568627,0.396078431372549,0.24705882352941178,691.0039539563405,550035
0.3686274509803922,0.4,0.23529411764705882,244.00139618718828,550098
0.7176470588235294,0.6901960784313725,0.7254901960784313,305.00174523398533,1014290
0.7333333333333333,0.6901960784313725,0.7215686274509804,150.00085831179607,1021464
0.7294117647058823,0.7098039215686275,0.7254901960784313,121.0006923715155,888083
0.7333333333333333,0.7058823529411765,0.7215686274509804,227.0012989118514,1042959
0.7176470588235294,0.6941176470588235,0.7333333333333333,65.00037193511163,838786
0.7333333333333333,0.6980392156862745,0.7333333333333333,6.000034332471843,1017361
0.7176470588235294,0.7019607843137254,0.7372549019607844,384.00219727819797,829450
0.7411764705882353,0.7019607843137254,0.7333333333333333,324.0018539534795,930183
0.23137254901960785,0.34509803921568627,0.13333333333333333,43.00024604938154,393182
0.23921568627450981,0.3568627450980392,0.12549019607843137,660.0037765719027,428005
0.24705882352941178,0.36470588235294116,0.12549019607843137,314.0017967326931,444379
0.23137254901960785,0.34509803921568627,0.1450980392156863,4.000022888314562,371684
0.23529411764705882,0.34509803921568627,0.1411764705882353,413.00236321847854,366583
0.24313725490196078,0.3607843137254902,0.1450980392156863,143.00081825724558,409494
0.596078431372549,0.45098039215686275,0.4117647058823529,272.0015564053902,989412
0.615686274509804,0.4392156862745098,0.40784313725490196,203.00116158196403,1002554
0.6,0.4549019607843137,0.4117647058823529,43.00024604938154,1016892
0.6078431372549019,0.4549019607843137,0.4196078431372549,112.00064087280774,1023183
0.592156862745098,0.44313725490196076,0.42745098039215684,400.0022888314562,1027454
0.6196078431372549,0.4470588235294118,0.4235294117647059,123.00070381567278,915572
0.6,0.4588235294117647,0.43137254901960786,164.00093842089703,1003798
0.6078431372549019,0.4549019607843137,0.4235294117647059,258.00147629628924,991490
0.2627450980392157,0.2235294117647059,0.18823529411764706,361.0020656703892,705122
0.27058823529411763,0.23137254901960785,0.18823529411764706,346.0019798392096,716341
0.2627450980392157,0.23529411764705882,0.2,46.00026321561746,654934
0.27450980392156865,0.23921568627450981,0.2,169.00096703129023,733782
0.2549019607843137,0.22745098039215686,0.20784313725490197,206.00117874819995,417094
0.27058823529411763,0.23137254901960785,0.20392156862745098,104.00059509617861,480741
0.25098039215686274,0.23529411764705882,0.21568627450980393,114.00065231696502,624218
0.27058823529411763,0.23921568627450981,0.20392156862745098,224.00128174561547,459125
0.12941176470588237,0.2,0.12549019607843137,47.0002689376961,283409
0.13333333333333333,0.21568627450980393,0.13725490196078433,651.0037250731949,268051
0.1411764705882353,0.21568627450980393,0.13725490196078433,78.00044632213395,277277
0.12549019607843137,0.2,0.1411764705882353,1.0000057220786405,120465
0.13333333333333333,0.21568627450980393,0.1411764705882353,758.0043373356094,201473
0.1411764705882353,0.21568627450980393,0.1411764705882353,34.000194550673775,271094
0.3254901960784314,0.2549019607843137,0.2,218.00124741314363,568597
0.33725490196078434,0.2549019607843137,0.2,441.00252343668046,586073
0.3254901960784314,0.27058823529411763,0.2,17.000097275336888,717446
0.32941176470588235,0.26666666666666666,0.19215686274509805,46.00026321561746,776739
0.3215686274509804,0.2627450980392157,0.20392156862745098,294.0016822911203,734823
0.33725490196078434,0.2549019607843137,0.20784313725490197,238.00136185471644,395509
0.3176470588235294,0.26666666666666666,0.21176470588235294,97.00055504162813,739876
0.3411764705882353,0.27450980392156865,0.21568627450980393,208.00119019235723,497907
0.41568627450980394,0.47058823529411764,0.28627450980392155,383.00219155611927,82342
0.43529411764705883,0.4823529411764706,0.29411764705882354,242.001384743031,71080
0.4196078431372549,0.49019607843137253,0.2823529411764706,39.00022316106698,288878
0.4235294117647059,0.48627450980392156,0.2901960784313726,130.00074387022326,299133
0.41568627450980394,0.47843137254901963,0.30980392156862746,362.0020713924678,352301
0.43529411764705883,0.47843137254901963,0.2980392156862745,129.00073814814462,79268
0.4196078431372549,0.49411764705882355,0.30980392156862746,50.00028610393203,316521
0.43137254901960786,0.49019607843137253,0.30980392156862746,216.00123596898635,323671
0.7529411764705882,0.7843137254901961,0.8156862745098039,946.0054130863939,686309
0.7607843137254902,0.7843137254901961,0.8117647058823529,205.0011730261213,722168
0.7529411764705882,0.788235294117647,0.8117647058823529,844.0048294343726,798924
0.7607843137254902,0.788235294117647,0.8156862745098039,1278.0073128165025,737569
0.7490196078431373,0.7843137254901961,0.8196078431372549,113.00064659488638,823472
0.7607843137254902,0.7843137254901961,0.8196078431372549,37.000211716909696,970088
0.7490196078431373,0.792156862745098,0.8235294117647058,1604.0091782141394,571401
0.7568627450980392,0.792156862745098,0.8196078431372549,1151.0065861125152,619521
0.596078431372549,0.5019607843137255,0.3843137254901961,267.001527794997,682316
0.6078431372549019,0.5058823529411764,0.3803921568627451,69.00039482342619,775772
0.596078431372549,0.5137254901960784,0.38823529411764707,141.0008068130883,8367
0.6078431372549019,0.5176470588235295,0.3843137254901961,153.000875478032,83043
0.6,0.5098039215686274,0.39215686274509803,172.00098419752615,12464
0.6078431372549019,0.5058823529411764,0.4,170.00097275336887,20642
0.6,0.5137254901960784,0.403921568627451,133.00076103645918,2260
0.611764705882353,0.5215686274509804,0.396078431372549,438.00250627044454,66669
0.10588235294117647,0.06274509803921569,0.03529411764705882,83.00047493252715,776907
0.12156862745098039,0.07058823529411765,0.03529411764705882,485.00277520814063,882399
0.10588235294117647,0.08235294117647059,0.03137254901960784,1.0000057220786405,684750
0.12156862745098039,0.0784313725490196,0.0392156862745098,6.000034332471843,775859
0.10196078431372549,0.06274509803921569,0.050980392156862744,344.0019683950523,909033
0.12156862745098039,0.07450980392156863,0.058823529411764705,569.0032558627464,904870
0.09803921568627451,0.09019607843137255,0.058823529411764705,10.000057220786404,838988
0.11372549019607843,0.08235294117647059,0.054901960784313725,42.0002403273029,705962
0.29411764705882354,0.40784313725490196,0.2196078431372549,250.00143051966012,265865
0.30196078431372547,0.41568627450980394,0.2196078431372549,380.00217438988335,266881
0.30980392156862746,0.43137254901960786,0.22745098039215686,74.00042343381939,242271
0.29411764705882354,0.4117647058823529,0.24705882352941178,226.00129318977275,185904
0.30196078431372547,0.40784313725490196,0.24705882352941178,488.00279237437655,77270
0.29411764705882354,0.4235294117647059,0.23529411764705882,2.000011444157281,239239
0.30980392156862746,0.4235294117647059,0.23529411764705882,114.00065231696502,220758
0.6862745098039216,0.6980392156862745,0.7490196078431373,77.00044060005531,839729
0.7019607843137254,0.6941176470588235,0.7490196078431373,14.000080109100967,819250
0.6862745098039216,0.7019607843137254,0.7490196078431373,600.0034332471843,808030
0.7019607843137254,0.7058823529411765,0.7490196078431373,695.0039768446551,804918
0.6901960784313725,0.6980392156862745,0.7647058823529411,2.000011444157281,881847
0.7098039215686275,0.6980392156862745,0.7647058823529411,1.0000057220786405,847992
0.6941176470588235,0.7137254901960784,0.7686274509803922,86.00049209876308,853132
0.7137254901960784,0.7137254901960784,0.7647058823529411,45.00025749353882,902354
0.5686274509803921,0.6274509803921569,0.4666666666666667,4.000022888314562,478922
0.6196078431372549,0.6235294117647059,0.4627450980392157,11.000062942865044,210186
0.5803921568627451,0.6235294117647059,0.47058823529411764,34.000194550673775,372401
0.615686274509804,0.6274509803921569,0.49411764705882355,329.0018825638727,229640
0.615686274509804,0.6627450980392157,0.47843137254901963,1.0000057220786405,906167
0.13333333333333333,0.06274509803921569,0.03529411764705882,442.0025291587591,837288
0.14901960784313725,0.07450980392156863,0.03529411764705882,171.0009784754475,854713
0.12941176470588237,0.0784313725490196,0.03529411764705882,58.00033188056115,762567
0.14901960784313725,0.09019607843137255,0.043137254901960784,114.00065231696502,753348
0.12549019607843137,0.07450980392156863,0.058823529411764705,280.0016021820193,893617
0.1411764705882353,0.07450980392156863,0.050980392156862744,35.000200272752416,900913
0.13333333333333333,0.0784313725490196,0.047058823529411764,174.00099564168343,868094
0.14901960784313725,0.08235294117647059,0.054901960784313725,241.00137902095236,803488
0.2823529411764706,0.2235294117647059,0.18823529411764706,268.00153351707564,554344
0.3058823529411765,0.23137254901960785,0.18823529411764706,98.00056076370677,667016
0.28627450980392155,0.23921568627450981,0.19215686274509805,269.0015392391543,631302
0.2980392156862745,0.23921568627450981,0.2,377.00215722364743,494859
0.2823529411764706,0.23137254901960785,0.20392156862745098,29.000165940280574,469257
0.30196078431372547,0.2196078431372549,0.20392156862745098,13.000074387022327,167187
0.2823529411764706,0.24705882352941178,0.21176470588235294,269.0015392391543,385351
0.30980392156862746,0.24313725490196078,0.21176470588235294,184.00105286246983,417008
0.3137254901960784,0.38823529411764707,0.16862745098039217,15.000085831179607,542534
0.32941176470588235,0.3764705882352941,0.16862745098039217,4.000022888314562,723723
0.3176470588235294,0.403921568627451,0.1568627450980392,439.0025119925232,497518
0.3137254901960784,0.38823529411764707,0.1803921568627451,143.00081825724558,596858
0.33725490196078434,0.3803921568627451,0.1843137254901961,6.000034332471843,844623
0.3254901960784314,0.4,0.1843137254901961,868.00496676426,560966
0.32941176470588235,0.4,0.1803921568627451,31.000177384437855,565083
0.34509803921568627,0.2235294117647059,0.19215686274509805,358.00204850415327,973407
0.3686274509803922,0.23137254901960785,0.2,275.0015735716261,974434
0.34509803921568627,0.23921568627450981,0.19215686274509805,41.00023460522426,648475
0.3686274509803922,0.23921568627450981,0.2,39.00022316106698,951876
0.34509803921568627,0.2196078431372549,0.20784313725490197,187.00107002870575,940709
0.3686274509803922,0.23137254901960785,0.20392156862745098,225.0012874676941,969290
0.3568627450980392,0.23921568627450981,0.20784313725490197,83.00047493252715,904577
0.37254901960784315,0.23529411764705882,0.21568627450980393,289.0016536807271,970366
0.16862745098039217,0.19607843137254902,0.2235294117647059,289.0016536807271,159139
0.17647058823529413,0.19607843137254902,0.2196078431372549,320.00183106516494,204247
0.16470588235294117,0.21568627450980393,0.22745098039215686,29.000165940280574,523822
0.17647058823529413,0.20392156862745098,0.23137254901960785,132.00075531438054,595547
0.16862745098039217,0.2,0.23529411764705882,219.00125313522227,368079
0.17254901960784313,0.2,0.24313725490196078,149.00085258971743,561739
0.1607843137254902,0.20784313725490197,0.24705882352941178,99.00056648578541,315818
0.1803921568627451,0.20784313725490197,0.23921568627450981,257.0014705742106,373210
0.1843137254901961,0.2823529411764706,0.12549019607843137,12.000068664943687,645090
0.16470588235294117,0.28627450980392155,0.14901960784313725,921.0052700344279,128975
0.1843137254901961,0.2823529411764706,0.15294117647058825,331.00189400803,190408
0.16470588235294117,0.2980392156862745,0.15294117647058825,42.0002403273029,133083
0.17254901960784313,0.2980392156862745,0.15294117647058825,184.00105286246983,140242
0.34509803921568627,0.41568627450980394,0.19607843137254902,22.00012588573009,577366
0.37254901960784315,0.41568627450980394,0.2,4.000022888314562,723726
0.34901960784313724,0.4235294117647059,0.2,130.00074387022326,565072
0.3607843137254902,0.43137254901960786,0.2,1.0000057220786405,557893
0.3568627450980392,0.4117647058823529,0.20784313725490197,738.0042228940366,233565
0.3607843137254902,0.40784313725490196,0.21568627450980393,455.0026035457814,223290
0.3568627450980392,0.43529411764705883,0.20392156862745098,30.000171662359215,558924
0.36470588235294116,0.4235294117647059,0.21568627450980393,103.00058937409997,241765
0.4745098039215686,0.5098039215686274,0.3764705882352941,46.00026321561746,444463
0.49019607843137253,0.5098039215686274,0.3764705882352941,36.000205994831056,422986
0.47843137254901963,0.5215686274509804,0.3764705882352941,297.0016994573562,370794
0.48627450980392156,0.5215686274509804,0.38823529411764707,1059.0060596812802,436909
0.4823529411764706,0.5058823529411764,0.403921568627451,2.000011444157281,620262
0.49019607843137253,0.5019607843137255,0.396078431372549,5.000028610393202,174345
0.4823529411764706,0.5176470588235295,0.4,6.000034332471843,661245
0.49019607843137253,0.5215686274509804,0.403921568627451,21.00012016365145,402648
0.45098039215686275,0.5058823529411764,0.34509803921568627,204.00116730404267,349268
0.4627450980392157,0.5019607843137255,0.35294117647058826,429.0024547717368,412722
0.45098039215686275,0.5176470588235295,0.34509803921568627,20.00011444157281,322689
0.4549019607843137,0.5137254901960784,0.35294117647058826,240.00137329887372,341101
0.4470588235294118,0.5098039215686274,0.3607843137254902,1.0000057220786405,376893
0.4666666666666667,0.5098039215686274,0.3607843137254902,339.0019397846591,410670
0.4392156862745098,0.5215686274509804,0.36470588235294116,7.0000400545504835,616708
0.4666666666666667,0.5254901960784314,0.36470588235294116,230.0013160780873,333943
0.6039215686274509,0.6666666666666666,0.7215686274509804,259.0014820183679,906102
0.611764705882353,0.6588235294117647,0.7254901960784313,214.00122452482907,927669
0.6,0.6705882352941176,0.7215686274509804,146.0008354234815,972590
0.6078431372549019,0.6705882352941176,0.7254901960784313,679.0038852913968,964431
0.6039215686274509,0.6588235294117647,0.7450980392156863,7.0000400545504835,937834
0.6196078431372549,0.6627450980392157,0.7372549019607844,9.000051498707764,942911
0.6039215686274509,0.6784313725490196,0.7333333333333333,21.00012016365145,956357
0.6078431372549019,0.6823529411764706,0.7372549019607844,126.0007209819087,935889
0.5411764705882353,0.5098039215686274,0.29411764705882354,279.0015964599407,155696
0.5490196078431373,0.5098039215686274,0.29411764705882354,124.00070953775142,150572
0.5294117647058824,0.5254901960784314,0.29411764705882354,205.0011730261213,191594
0.5490196078431373,0.5176470588235295,0.29411764705882354,94.0005378753922,169048
0.5372549019607843,0.5098039215686274,0.2980392156862745,16.000091553258248,29033
0.5529411764705883,0.5098039215686274,0.30196078431372547,176.0010070858407,136219
0.5372549019607843,0.5176470588235295,0.2980392156862745,175.00100136376207,170036
0.5568627450980392,0.5215686274509804,0.3058823529411765,385.0022030002766,160849
0.6274509803921569,0.5333333333333333,0.4392156862745098,93.00053215331356,887441
0.6431372549019608,0.5411764705882353,0.4470588235294118,12.000068664943687,797270
0.6313725490196078,0.5450980392156862,0.4470588235294118,356.002037059996,17624
0.6431372549019608,0.5568627450980392,0.45098039215686275,753.0043087252162,11491
0.6235294117647059,0.5372549019607843,0.4588235294117647,31.000177384437855,250136
0.6431372549019608,0.5294117647058824,0.4549019607843137,8.000045776629124,899674
0.6313725490196078,0.5568627450980392,0.4588235294117647,44.00025177146018,593153
0.6431372549019608,0.5568627450980392,0.4549019607843137,144.00082397932422,20666
0.1607843137254902,0.30980392156862746,0.5058823529411764,1.0000057220786405,162075
0.24705882352941178,0.30196078431372547,0.5058823529411764,3.0000171662359216,965566
0.17647058823529413,0.3333333333333333,0.5137254901960784,7.0000400545504835,157975
0.2196078431372549,0.36470588235294116,0.5019607843137255,76.00043487797667,428582
0.20392156862745098,0.36470588235294116,0.5607843137254902,3.0000171662359216,162076
0.23529411764705882,0.3764705882352941,0.5215686274509804,66.00037765719027,168242
0.23921568627450981,0.4470588235294118,0.5411764705882353,2.000011444157281,201107
0.23529411764705882,0.396078431372549,0.5647058823529412,9.000051498707764,175410
0.2235294117647059,0.4588235294117647,0.611764705882353,13.000074387022327,922589
0.3803921568627451,0.41568627450980394,0.2235294117647059,217.001241691065,211982
0.4,0.4196078431372549,0.2235294117647059,75.00042915589803,196631
0.3803921568627451,0.42745098039215684,0.2196078431372549,453.00259210162415,229466
0.4,0.43529411764705883,0.23137254901960785,364.0020828366251,210944
0.3803921568627451,0.41568627450980394,0.24705882352941178,220.0012588573009,546006
0.403921568627451,0.40784313725490196,0.23921568627450981,21.00012016365145,378528
0.38823529411764707,0.43529411764705883,0.23529411764705882,60.00034332471843,223242
0.4,0.4235294117647059,0.24705882352941178,28.000160218201934,533730
0.6039215686274509,0.5607843137254902,0.3764705882352941,180.00102997415527,68954
0.6078431372549019,0.5686274509803921,0.3843137254901961,450.0025749353882,43353
0.6039215686274509,0.5882352941176471,0.3764705882352941,47.0002689376961,198870
0.6078431372549019,0.5882352941176471,0.3843137254901961,160.00091553258247,193757
0.6039215686274509,0.5725490196078431,0.39215686274509803,20.00011444157281,66914
0.6196078431372549,0.5647058823529412,0.4,422.0024147171863,31051
0.6039215686274509,0.5882352941176471,0.403921568627451,77.00044060005531,193774
0.611764705882353,0.5764705882352941,0.39215686274509803,80.00045776629123,71003
0.7647058823529411,0.8,0.8274509803921568,833.0047664915076,754903
0.7725490196078432,0.8,0.8313725490196079,240.00137329887372,617602
0.7686274509803922,0.803921568627451,0.8274509803921568,870.0049782084172,782581
0.7725490196078432,0.807843137254902,0.8313725490196079,2839.01624498126,772319
0.7647058823529411,0.8,0.8352941176470589,37.000211716909696,781411
0.7725490196078432,0.8,0.8352941176470589,17.000097275336888,864419
0.7647058823529411,0.807843137254902,0.8352941176470589,448.00256349123094,570406
0.7725490196078432,0.807843137254902,0.8392156862745098,442.0025291587591,755823
0.2549019607843137,0.3215686274509804,0.22745098039215686,397.0022716652203,554735
0.26666666666666666,0.3215686274509804,0.2196078431372549,145.00082970140286,590583
0.25098039215686274,0.33725490196078434,0.2235294117647059,309.0017681222999,502506
0.27058823529411763,0.3411764705882353,0.2196078431372549,467.0026722107251,591627
0.2627450980392157,0.3254901960784314,0.23529411764705882,14.000080109100967,574188
0.27058823529411763,0.3254901960784314,0.23921568627450981,9.000051498707764,568038
0.25882352941176473,0.3333333333333333,0.23921568627450981,16.000091553258248,106927
0.27058823529411763,0.3411764705882353,0.23921568627450981,73.00041771174075,568052
0.22745098039215686,0.34901960784313724,0.22745098039215686,227.0012989118514,168559
0.23529411764705882,0.3568627450980392,0.2235294117647059,540.0030899224658,190102
0.23137254901960785,0.3607843137254902,0.2196078431372549,7.0000400545504835,196255
0.23529411764705882,0.3607843137254902,0.2196078431372549,609.003484745892,28170
0.22745098039215686,0.34509803921568627,0.23529411764705882,7.0000400545504835,492253
0.23529411764705882,0.3568627450980392,0.23529411764705882,15.000085831179607,157291
0.23137254901960785,0.37254901960784315,0.24705882352941178,2.000011444157281,31716
0.24705882352941178,0.3686274509803922,0.23529411764705882,20.00011444157281,187010
0.3764705882352941,0.2901960784313726,0.22745098039215686,286.00163651449117,620823
0.4,0.2901960784313726,0.23137254901960785,122.00069809359414,224555
0.38823529411764707,0.30196078431372547,0.22745098039215686,184.00105286246983,599349
0.396078431372549,0.30196078431372547,0.23137254901960785,246.00140763134556,582914
0.38823529411764707,0.2901960784313726,0.23921568627450981,80.00045776629123,549125
0.39215686274509803,0.28627450980392155,0.24313725490196078,66.00037765719027,353519
0.38823529411764707,0.30980392156862746,0.23921568627450981,202.0011558598854,509190
0.396078431372549,0.30980392156862746,0.23529411764705882,219.00125313522227,582930
0.3803921568627451,0.39215686274509803,0.5098039215686274,24.000137329887373,968403
0.4196078431372549,0.403921568627451,0.5019607843137255,3.0000171662359216,964302
0.403921568627451,0.4235294117647059,0.5254901960784314,71.00040626758347,931636
0.4196078431372549,0.43137254901960786,0.5254901960784314,168.0009613092116,958191
0.403921568627451,0.403921568627451,0.5372549019607843,4.000022888314562,931675
0.403921568627451,0.43529411764705883,0.5490196078431373,51.00029182601067,942874
0.4196078431372549,0.40784313725490196,0.5411764705882353,29.000165940280574,854316
0.6588235294117647,0.6274509803921569,0.6627450980392157,218.00124741314363,976376
0.6823529411764706,0.6313725490196078,0.6627450980392157,249.00142479758148,995869
0.6588235294117647,0.6431372549019608,0.6627450980392157,38.00021743898834,832656
0.6745098039215687,0.6392156862745098,0.6627450980392157,102.00058365202133,953657
0.6549019607843137,0.6313725490196078,0.6784313725490196,128.00073242606598,889097
0.6705882352941176,0.6352941176470588,0.6705882352941176,81.00046348836987,1016376
0.6549019607843137,0.6431372549019608,0.6745098039215687,142.00081253516694,821328
0.6784313725490196,0.6509803921568628,0.6823529411764706,436.00249482628726,1032800
0.3254901960784314,0.19607843137254902,0.16862745098039217,219.00125313522227,934546
0.3333333333333333,0.19607843137254902,0.1607843137254902,254.00145340797468,950904
0.3254901960784314,0.21176470588235294,0.16862745098039217,16.000091553258248,745147
0.33725490196078434,0.20392156862745098,0.16862745098039217,60.00034332471843,961152
0.3215686274509804,0.2,0.1803921568627451,316.0018081768504,967292
0.32941176470588235,0.19215686274509805,0.17254901960784313,121.0006923715155,944611
0.3215686274509804,0.20392156862745098,0.17647058823529413,112.00064087280774,951808
0.3333333333333333,0.21568627450980393,0.1843137254901961,295.00168801319893,936415
0.21176470588235294,0.21176470588235294,0.3137254901960784,6.000034332471843,850271
0.2235294117647059,0.21176470588235294,0.3215686274509804,2.000011444157281,861349
0.21176470588235294,0.24313725490196078,0.3333333333333333,256.00146485213196,305636
0.23529411764705882,0.23529411764705882,0.3333333333333333,48.000274659774746,870865
0.20784313725490197,0.21176470588235294,0.34901960784313724,4.000022888314562,852244
0.24313725490196078,0.19607843137254902,0.3607843137254902,1.0000057220786405,940920
0.18823529411764706,0.23921568627450981,0.3568627450980392,26.000148774044654,399906
0.2196078431372549,0.24705882352941178,0.34509803921568627,5.000028610393202,293461
0.4745098039215686,0.3803921568627451,0.2627450980392157,97.00055504162813,8297
0.49019607843137253,0.3803921568627451,0.25098039215686274,41.00023460522426,767651
0.47058823529411764,0.4,0.2627450980392157,81.00046348836987,72727
0.49019607843137253,0.39215686274509803,0.25882352941176473,12.000068664943687,759412
0.4823529411764706,0.3843137254901961,0.26666666666666666,428.00244904965814,5226
0.4980392156862745,0.3843137254901961,0.2784313725490196,334.0019111742659,41027
0.4745098039215686,0.39215686274509803,0.27058823529411763,185.00105858454847,59412
0.49019607843137253,0.396078431372549,0.27450980392156865,210.0012016365145,49197
0.22745098039215686,0.34901960784313724,0.10196078431372549,89.000509264999,453621
0.23921568627450981,0.34509803921568627,0.10588235294117647,169.00096703129023,468975
0.24705882352941178,0.3607843137254902,0.10196078431372549,31.000177384437855,496638
0.23137254901960785,0.34509803921568627,0.11764705882352941,118.00067520527958,439266
0.24313725490196078,0.34901960784313724,0.10980392156862745,697.0039882888124,497644
0.23137254901960785,0.3607843137254902,0.10980392156862745,1.0000057220786405,453630
0.23921568627450981,0.3686274509803922,0.11764705882352941,272.0015564053902,454629
0.8117647058823529,0.7725490196078432,0.7019607843137254,47.0002689376961,467173
0.8470588235294118,0.7647058823529411,0.7137254901960784,17.000097275336888,854695
0.8156862745098039,0.8,0.6980392156862745,22.00012588573009,834969
0.8509803921568627,0.7843137254901961,0.7019607843137254,1.0000057220786405,194849
0.8196078431372549,0.7568627450980392,0.7254901960784313,124.00070953775142,878866
0.8705882352941177,0.7607843137254902,0.7333333333333333,35.000200272752416,1008826
0.8313725490196079,0.788235294117647,0.7333333333333333,81.00046348836987,745813
0.8509803921568627,0.803921568627451,0.7411764705882353,16.000091553258248,249111
0.5725490196078431,0.5333333333333333,0.3254901960784314,258.00147629628924,151612
0.5803921568627451,0.5372549019607843,0.3254901960784314,198.00113297157083,152642
0.5725490196078431,0.5568627450980392,0.3176470588235294,102.00058365202133,190608
0.5764705882352941,0.5450980392156862,0.3215686274509804,225.0012874676941,164950
0.5607843137254902,0.5372549019607843,0.3411764705882353,76.00043487797667,91505
0.5843137254901961,0.5333333333333333,0.33725490196078434,323.00184823140086,47453
0.5607843137254902,0.5490196078431373,0.3411764705882353,50.00028610393203,42355
0.5882352941176471,0.5568627450980392,0.32941176470588235,138.00078964685238,172161
0.4745098039215686,0.47843137254901963,0.2627450980392157,353.00201989376006,188475
0.49019607843137253,0.4745098039215686,0.25882352941176473,128.00073242606598,165920
0.4823529411764706,0.4980392156862745,0.25882352941176473,123.00070381567278,214152
0.49411764705882355,0.49411764705882355,0.2627450980392157,47.0002689376961,191599
0.4745098039215686,0.4823529411764706,0.26666666666666666,90.00051498707764,191569
0.4980392156862745,0.47843137254901963,0.27058823529411763,180.00102997415527,162836
0.4745098039215686,0.48627450980392156,0.27058823529411763,146.0008354234815,191549
0.49411764705882355,0.4980392156862745,0.27058823529411763,299.0017109015135,824124
0.7607843137254902,0.5803921568627451,0.5137254901960784,71.00040626758347,945261
0.7843137254901961,0.5882352941176471,0.5254901960784314,2.000011444157281,959640
0.7607843137254902,0.592156862745098,0.5058823529411764,42.0002403273029,947325
0.788235294117647,0.6078431372549019,0.5176470588235295,5.000028610393202,955532
0.7490196078431373,0.5843137254901961,0.5333333333333333,40.00022888314562,996437
0.7607843137254902,0.6039215686274509,0.5529411764705883,142.00081253516694,977061
0.803921568627451,0.615686274509804,0.5490196078431373,38.00021743898834,1016967
0.6,0.5686274509803921,0.34509803921568627,157.00089836634655,176269
0.611764705882353,0.5686274509803921,0.34509803921568627,136.0007782026951,173205
0.596078431372549,0.5764705882352941,0.34509803921568627,155.00088692218927,186538
0.6078431372549019,0.5843137254901961,0.3568627450980392,102.00058365202133,187571
0.6039215686274509,0.5686274509803921,0.37254901960784315,162.00092697673975,98651
0.6078431372549019,0.5725490196078431,0.36470588235294116,224.00128174561547,180440
0.596078431372549,0.5843137254901961,0.36470588235294116,121.0006923715155,199891
0.615686274509804,0.5843137254901961,0.36470588235294116,283.00161934825525,182452
0.5843137254901961,0.3333333333333333,0.20392156862745098,39.00022316106698,834348
0.6039215686274509,0.33725490196078434,0.18823529411764706,2.000011444157281,884582
0.5607843137254902,0.34509803921568627,0.18823529411764706,49.000280381853386,755433
0.6,0.3686274509803922,0.20784313725490197,66.00037765719027,806501
0.5725490196078431,0.33725490196078434,0.24705882352941178,72.00041198966211,997456
0.592156862745098,0.32941176470588235,0.24705882352941178,5.000028610393202,997451
0.5686274509803921,0.36470588235294116,0.23529411764705882,65.00037193511163,785151
0.596078431372549,0.36470588235294116,0.2196078431372549,33.000188828595135,799501
0.3137254901960784,0.2196078431372549,0.1607843137254902,241.00137902095236,672103
0.32941176470588235,0.2235294117647059,0.1568627450980392,42.0002403273029,716119
0.3215686274509804,0.23529411764705882,0.16862745098039217,49.000280381853386,716198
0.3333333333333333,0.23529411764705882,0.16862745098039217,29.000165940280574,671073
0.3176470588235294,0.23137254901960785,0.17254901960784313,177.00101280791935,760229
0.3333333333333333,0.2196078431372549,0.1843137254901961,22.00012588573009,962115
0.3176470588235294,0.23529411764705882,0.17647058823529413,404.0023117197708,715137
0.32941176470588235,0.23529411764705882,0.17647058823529413,354.0020256158387,737677
0.2196078431372549,0.2235294117647059,0.23137254901960785,257.0014705742106,354665
0.24705882352941178,0.23137254901960785,0.2196078431372549,183.0010471403912,488868
0.2235294117647059,0.23529411764705882,0.2235294117647059,63.00036049095435,406816
0.24313725490196078,0.23529411764705882,0.23137254901960785,140.00080109100966,372044
0.2235294117647059,0.23137254901960785,0.24705882352941178,204.00116730404267,369017
0.23921568627450981,0.23137254901960785,0.24705882352941178,82.00046921044851,364868
0.23137254901960785,0.24705882352941178,0.24705882352941178,196.00112152741355,424374
0.24705882352941178,0.24705882352941178,0.24313725490196078,192.00109863909898,361815
0.3215686274509804,0.3803921568627451,0.32941176470588235,11.000062942865044,202066
0.3607843137254902,0.396078431372549,0.3176470588235294,36.000205994831056,411103
0.3254901960784314,0.43529411764705883,0.3333333333333333,14.000080109100967,340634
0.3686274509803922,0.4117647058823529,0.3333333333333333,11.000062942865044,442030
0.3137254901960784,0.3764705882352941,0.34901960784313724,59.00033760263979,521934
0.3568627450980392,0.39215686274509803,0.35294117647058826,164.00093842089703,613065
0.3176470588235294,0.4235294117647059,0.35294117647058826,12.000068664943687,289008
0.3568627450980392,0.4117647058823529,0.3686274509803922,22.00012588573009,611033
0.8117647058823529,0.8235294117647058,0.8156862745098039,173.0009899196048,988125
0.8313725490196079,0.8196078431372549,0.8196078431372549,81.00046348836987,911550
0.8196078431372549,0.8392156862745098,0.8117647058823529,81.00046348836987,432803
0.8392156862745098,0.8352941176470589,0.8196078431372549,56.00032043640387,105867
0.8117647058823529,0.8235294117647058,0.8313725490196079,151.0008640338747,848470
0.8313725490196079,0.8196078431372549,0.8274509803921568,53.00030327016795,803942
0.8235294117647058,0.8274509803921568,0.8392156862745098,516.0029525925785,916705
0.8274509803921568,0.8392156862745098,0.8392156862745098,203.00116158196403,849128
0.0392156862745098,0.0392156862745098,0.07450980392156863,34.000194550673775,144784
0.054901960784313725,0.043137254901960784,0.06274509803921569,17.000097275336888,185671
0.0392156862745098,0.047058823529411764,0.06666666666666667,103.00058937409997,209329
0.050980392156862744,0.054901960784313725,0.07058823529411765,1017.0058193539774,395690
0.043137254901960784,0.0392156862745098,0.08235294117647059,6.000034332471843,144782
0.054901960784313725,0.0392156862745098,0.09019607843137255,1.0000057220786405,862652
0.03137254901960784,0.054901960784313725,0.0784313725490196,39.00022316106698,192921
0.047058823529411764,0.054901960784313725,0.0784313725490196,91.00052070915628,501235
0.6313725490196078,0.4823529411764706,0.45098039215686275,260.0014877404465,1033329
0.6392156862745098,0.4745098039215686,0.44313725490196076,186.00106430662711,998425
0.6235294117647059,0.48627450980392156,0.45098039215686275,57.00032615848251,1034306
0.6431372549019608,0.49019607843137253,0.4392156862745098,161.0009212546611,1030510
0.6235294117647059,0.4823529411764706,0.4588235294117647,195.0011158053349,996676
0.6392156862745098,0.4823529411764706,0.4666666666666667,58.00033188056115,933021
0.6274509803921569,0.4980392156862745,0.4666666666666667,169.00096703129023,1030560
0.6509803921568628,0.49019607843137253,0.4588235294117647,219.00125313522227,859174
0.3411764705882353,0.25098039215686274,0.15294117647058825,4.000022888314562,606957
0.3686274509803922,0.25882352941176473,0.15294117647058825,13.000074387022327,780962
0.3411764705882353,0.25098039215686274,0.17647058823529413,101.0005779299427,757147
0.34509803921568627,0.2549019607843137,0.1568627450980392,199.00113869364947,722609
0.33725490196078434,0.2901960784313726,0.1803921568627451,2.000011444157281,599778
0.36470588235294116,0.2823529411764706,0.16862745098039217,6.000034332471843,750266
0.19215686274509805,0.2235294117647059,0.2627450980392157,230.0013160780873,536111
0.20392156862745098,0.22745098039215686,0.2549019607843137,245.00140190926692,204241
0.19607843137254902,0.23529411764705882,0.2627450980392157,33.000188828595135,323938
0.21176470588235294,0.23529411764705882,0.25098039215686274,149.00085258971743,403938
0.2,0.23137254901960785,0.27450980392156865,197.00112724949219,186829
0.20392156862745098,0.2235294117647059,0.26666666666666666,125.00071525983006,341594
0.19607843137254902,0.23921568627450981,0.27058823529411763,128.00073242606598,379366
0.21176470588235294,0.23921568627450981,0.27450980392156865,190.00108719494168,320922
0.043137254901960784,0.03137254901960784,0.027450980392156862,19.00010871949417,845542
0.058823529411764705,0.03137254901960784,0.0196078431372549,1272.0072784840306,806627
0.054901960784313725,0.047058823529411764,0.023529411764705882,1.0000057220786405,677599
0.34509803921568627,0.38823529411764707,0.25098039215686274,41.00023460522426,539705
0.3607843137254902,0.38823529411764707,0.25098039215686274,11.000062942865044,546881
0.35294117647058826,0.403921568627451,0.2549019607843137,718.0041084524638,544908
0.36470588235294116,0.396078431372549,0.25098039215686274,372.00212861325423,555091
0.35294117647058826,0.3764705882352941,0.27058823529411763,6.000034332471843,659152
0.3607843137254902,0.3803921568627451,0.26666666666666666,5.000028610393202,550124
0.3568627450980392,0.4,0.26666666666666666,44.00025177146018,104874
0.36470588235294116,0.403921568627451,0.27450980392156865,90.00051498707764,516101
0.48627450980392156,0.6392156862745098,0.6745098039215687,29.000165940280574,905138
0.43137254901960786,0.6431372549019608,0.7372549019607844,5.000028610393202,907186
0.4392156862745098,0.6470588235294118,0.7137254901960784,46.00026321561746,877415
0.5098039215686274,0.23529411764705882,0.054901960784313725,73.00041771174075,823080
0.5137254901960784,0.24705882352941178,0.07058823529411765,7.0000400545504835,826152
0.7647058823529411,0.796078431372549,0.8117647058823529,355.00203133791734,878161
0.7725490196078432,0.8,0.8156862745098039,131.0007495923019,861768
0.7647058823529411,0.803921568627451,0.8156862745098039,12.000068664943687,943055
0.7764705882352941,0.807843137254902,0.8117647058823529,21.00012016365145,872833
0.7686274509803922,0.796078431372549,0.8235294117647058,2506.014339529073,681178
0.7764705882352941,0.8,0.8235294117647058,1042.0059624059434,659558
0.7686274509803922,0.803921568627451,0.8235294117647058,180.00102997415527,673898
0.7725490196078432,0.803921568627451,0.8196078431372549,873.0049953746532,775547
0.4196078431372549,0.4392156862745098,0.23137254901960785,138.00078964685238,192518
0.42745098039215684,0.4470588235294118,0.23137254901960785,28.000160218201934,216187
0.40784313725490196,0.4549019607843137,0.23137254901960785,45.00025749353882,238718
0.4235294117647059,0.4549019607843137,0.23137254901960785,4.000022888314562,221308
0.4117647058823529,0.4392156862745098,0.23529411764705882,253.00144768589604,201759
0.4235294117647059,0.45098039215686275,0.23921568627450981,317.001813898929,211028
0.4196078431372549,0.4549019607843137,0.23529411764705882,250.00143051966012,226418
0.43529411764705883,0.4627450980392157,0.24313725490196078,243.00139046510964,213101
0.3176470588235294,0.5019607843137255,0.5803921568627451,8.000045776629124,450078
0.36470588235294116,0.5058823529411764,0.5882352941176471,155.00088692218927,495207
0.3686274509803922,0.5450980392156862,0.5725490196078431,6.000034332471843,871949
0.3411764705882353,0.5176470588235295,0.592156862745098,13.000074387022327,385561
0.36470588235294116,0.5058823529411764,0.6078431372549019,124.00070953775142,400934
0.37254901960784315,0.5294117647058824,0.615686274509804,12.000068664943687,533130
0.26666666666666666,0.4666666666666667,0.5019607843137255,5.000028610393202,159224
0.2980392156862745,0.4392156862745098,0.5254901960784314,78.00044632213395,562817
0.26666666666666666,0.44313725490196076,0.5294117647058824,4.000022888314562,443940
0.30196078431372547,0.4588235294117647,0.5529411764705883,221.00126457937955,506469
0.30196078431372547,0.47843137254901963,0.5568627450980392,8.000045776629124,501313
0.4196078431372549,0.3137254901960784,0.2196078431372549,93.00053215331356,664892
0.42745098039215684,0.3215686274509804,0.2196078431372549,93.00053215331356,756349
0.40784313725490196,0.3333333333333333,0.23137254901960785,129.00073814814462,38927
0.43529411764705883,0.33725490196078434,0.23137254901960785,35.000200272752416,745086
0.41568627450980394,0.3254901960784314,0.24705882352941178,244.00139618718828,782864
0.43137254901960786,0.3137254901960784,0.23529411764705882,160.00091553258247,728433
0.4196078431372549,0.3411764705882353,0.23921568627450981,270.0015449612329,32798
0.43137254901960786,0.33725490196078434,0.24313725490196078,235.00134468848051,751216
0.6980392156862745,0.6,0.5019607843137255,82.00046921044851,538872
0.7019607843137254,0.6039215686274509,0.5058823529411764,2.000011444157281,877233
0.6862745098039216,0.6078431372549019,0.5058823529411764,847.0048466006085,750948
0.7058823529411765,0.6196078431372549,0.5058823529411764,115.00065803904366,884378
0.6862745098039216,0.592156862745098,0.5254901960784314,5.000028610393202,932412
0.7019607843137254,0.6039215686274509,0.5215686274509804,3.0000171662359216,846864
0.6980392156862745,0.611764705882353,0.5137254901960784,60.00034332471843,803417
0.7058823529411765,0.6196078431372549,0.5176470588235295,133.00076103645918,56558
0.7019607843137254,0.7137254901960784,0.5607843137254902,20.00011444157281,882554
0.7411764705882353,0.6941176470588235,0.5686274509803921,36.000205994831056,756385
0.7019607843137254,0.7176470588235294,0.5843137254901961,5.000028610393202,678593
0.7058823529411765,0.6862745098039216,0.6196078431372549,104.00059509617861,640277
0.7333333333333333,0.7019607843137254,0.611764705882353,118.00067520527958,613639
0.7058823529411765,0.7254901960784313,0.615686274509804,17.000097275336888,564465
0.7333333333333333,0.7176470588235294,0.596078431372549,10.000057220786404,732860
0.5098039215686274,0.3411764705882353,0.3764705882352941,10.000057220786404,1008007
0.5215686274509804,0.37254901960784315,0.4,144.00082397932422,923795
0.5450980392156862,0.3686274509803922,0.38823529411764707,129.00073814814462,1029428
0.5215686274509804,0.3568627450980392,0.40784313725490196,24.000137329887373,1028532
0.5490196078431373,0.3686274509803922,0.4117647058823529,3.0000171662359216,928945
0.7333333333333333,0.7803921568627451,0.8156862745098039,844.0048294343726,645146
0.7411764705882353,0.7803921568627451,0.8156862745098039,1470.0084114556014,729239
0.7372549019607844,0.788235294117647,0.8156862745098039,16.000091553258248,755872
0.7450980392156863,0.788235294117647,0.8117647058823529,119.00068092735822,518813
0.7372549019607844,0.7843137254901961,0.8196078431372549,741.0042400602725,719927
0.7411764705882353,0.7843137254901961,0.8196078431372549,744.0042572265085,732198
0.7333333333333333,0.788235294117647,0.8235294117647058,115.00065803904366,677913
0.7411764705882353,0.788235294117647,0.8196078431372549,902.0051613149337,754777
0.23529411764705882,0.3176470588235294,0.12941176470588237,853.0048809330804,858040
0.24313725490196078,0.3176470588235294,0.12549019607843137,169.00096703129023,806831
0.23921568627450981,0.3215686274509804,0.12549019607843137,1175.0067234424025,818127
0.24313725490196078,0.3254901960784314,0.12941176470588237,805.0046062733056,835510
0.23529411764705882,0.3176470588235294,0.13333333333333333,437.0025005483659,868262
0.24313725490196078,0.3176470588235294,0.13333333333333333,70.00040054550483,889761
0.23921568627450981,0.3215686274509804,0.13725490196078433,602.0034446913415,725968
0.24313725490196078,0.3254901960784314,0.13333333333333333,837.0047893798221,842684
0.5647058823529412,0.4117647058823529,0.3843137254901961,145.00082970140286,1022310
0.5764705882352941,0.4117647058823529,0.3803921568627451,185.00105858454847,994600
0.5647058823529412,0.4235294117647059,0.38823529411764707,26.000148774044654,1021297
0.5843137254901961,0.42745098039215684,0.38823529411764707,54.00030899224659,989354
0.5686274509803921,0.4117647058823529,0.4,278.00159073786205,1046857
0.5803921568627451,0.41568627450980394,0.396078431372549,274.0015678495475,997612
0.5725490196078431,0.42745098039215684,0.4,46.00026321561746,1002862
0.5882352941176471,0.42745098039215684,0.396078431372549,226.00129318977275,1031467
0.1411764705882353,0.16862745098039217,0.39215686274509803,3.0000171662359216,959406
0.12941176470588237,0.23921568627450981,0.4,61.00034904679707,167211
0.20784313725490197,0.24313725490196078,0.43137254901960786,11.000062942865044,955297
0.1843137254901961,0.23137254901960785,0.4392156862745098,2.000011444157281,959405
0.7568627450980392,0.7607843137254902,0.7607843137254902,164.00093842089703,977860
0.7725490196078432,0.7529411764705882,0.7568627450980392,54.00030899224659,850988
0.7568627450980392,0.7686274509803922,0.7490196078431373,92.00052643123492,910908
0.7686274509803922,0.7725490196078432,0.7529411764705882,61.00034904679707,113006
0.7529411764705882,0.7490196078431373,0.7764705882352941,214.00122452482907,929112
0.7686274509803922,0.7529411764705882,0.7764705882352941,183.0010471403912,1016248
0.7607843137254902,0.7686274509803922,0.7686274509803922,295.00168801319893,968620
0.7647058823529411,0.7725490196078432,0.7725490196078432,169.00096703129023,969647
0.16862745098039217,0.1607843137254902,0.13725490196078433,18.000102997415528,383279
0.1803921568627451,0.1568627450980392,0.13725490196078433,270.0015449612329,721488
0.1607843137254902,0.17254901960784313,0.13725490196078433,1.0000057220786405,664312
0.1607843137254902,0.16862745098039217,0.15294117647058825,214.00122452482907,688878
0.1803921568627451,0.1568627450980392,0.14901960784313725,700.0040054550483,551350
0.16470588235294117,0.1803921568627451,0.1450980392156863,4.000022888314562,420106
0.1803921568627451,0.17254901960784313,0.1411764705882353,18.000102997415528,798081
0.2,0.2,0.2196078431372549,154.00088120011063,325948
0.21568627450980393,0.18823529411764706,0.22745098039215686,26.000148774044654,186666
0.2,0.21176470588235294,0.2235294117647059,323.00184823140086,266605
0.20392156862745098,0.20784313725490197,0.23137254901960785,283.00161934825525,135551
0.19215686274509805,0.2,0.23529411764705882,48.000274659774746,305589
0.21176470588235294,0.19607843137254902,0.23529411764705882,16.000091553258248,144702
0.19607843137254902,0.21568627450980393,0.23529411764705882,264.0015106287611,422333
0.20392156862745098,0.21176470588235294,0.24313725490196078,105.00060081825725,343412
0.4823529411764706,0.5333333333333333,0.3803921568627451,183.0010471403912,353403
0.4980392156862745,0.5294117647058824,0.38823529411764707,505.00288964971344,401489
0.4823529411764706,0.5450980392156862,0.38823529411764707,3.0000171662359216,342143
0.49411764705882355,0.5450980392156862,0.38823529411764707,147.00084114556014,332945
0.4823529411764706,0.5411764705882353,0.396078431372549,5.000028610393202,429737
0.49411764705882355,0.5372549019607843,0.39215686274509803,209.00119591443587,351368
0.4745098039215686,0.5568627450980392,0.396078431372549,4.000022888314562,497370
0.4980392156862745,0.5490196078431373,0.396078431372549,153.000875478032,341126
0.3843137254901961,0.3215686274509804,0.2235294117647059,263.00150490668244,15399
0.396078431372549,0.3254901960784314,0.22745098039215686,227.0012989118514,33814
0.3803921568627451,0.32941176470588235,0.2196078431372549,81.00046348836987,2098
0.39215686274509803,0.32941176470588235,0.22745098039215686,220.0012588573009,30732
0.3764705882352941,0.3176470588235294,0.24705882352941178,108.00061798449318,493866
0.4,0.3176470588235294,0.24705882352941178,182.00104141831255,593210
0.3843137254901961,0.32941176470588235,0.24705882352941178,10.000057220786404,743983
0.396078431372549,0.32941176470588235,0.24313725490196078,115.00065803904366,745056
0.10196078431372549,0.12549019607843137,0.1607843137254902,154.00088120011063,182699
0.11372549019607843,0.13333333333333333,0.1607843137254902,429.0024547717368,184686
0.10196078431372549,0.1411764705882353,0.16862745098039217,7.0000400545504835,330107
0.12156862745098039,0.14901960784313725,0.1568627450980392,123.00070381567278,427459
0.10196078431372549,0.13725490196078433,0.1803921568627451,92.00052643123492,469527
0.11764705882352941,0.13725490196078433,0.17254901960784313,136.0007782026951,373201
0.10196078431372549,0.1411764705882353,0.1803921568627451,44.00025177146018,499249
0.11764705882352941,0.1411764705882353,0.1803921568627451,217.001241691065,296458
0.0196078431372549,0.058823529411764705,0.2549019607843137,6.000034332471843,957354
0.00784313725490196,0.09411764705882353,0.2901960784313726,46.00026321561746,975837
0.08235294117647059,0.09411764705882353,0.2901960784313726,18.000102997415528,962487
0.027450980392156862,0.12156862745098039,0.3176470588235294,3.0000171662359216,986105
0.07058823529411765,0.10980392156862745,0.3137254901960784,2.000011444157281,956325
0.2901960784313726,0.18823529411764706,0.16862745098039217,22.00012588573009,894413
0.3058823529411765,0.18823529411764706,0.16470588235294117,115.00065803904366,953858
0.28627450980392155,0.21568627450980393,0.16862745098039217,520.002975480893,589171
0.2980392156862745,0.21568627450980393,0.16470588235294117,172.00098419752615,649519
0.2823529411764706,0.19215686274509805,0.1843137254901961,23.00013160780873,890312
0.2980392156862745,0.19607843137254902,0.1803921568627451,173.0009899196048,935440
0.29411764705882354,0.21568627450980393,0.1803921568627451,137.00078392477374,713482
0.2980392156862745,0.21568627450980393,0.1803921568627451,36.000205994831056,887231
0.25098039215686274,0.35294117647058826,0.10588235294117647,3.0000171662359216,503794
0.25098039215686274,0.36470588235294116,0.10588235294117647,19.00010871949417,485375
0.25098039215686274,0.34509803921568627,0.10980392156862745,322.0018425093222,476104
0.27058823529411763,0.35294117647058826,0.12156862745098039,13.000074387022327,507817
0.2549019607843137,0.36470588235294116,0.12156862745098039,746.0042686706657,456657
0.26666666666666666,0.3607843137254902,0.12156862745098039,91.00052070915628,500674
0.1450980392156863,0.23921568627450981,0.1568627450980392,809.0046291616202,221982
0.14901960784313725,0.23529411764705882,0.1568627450980392,263.00150490668244,209692
0.1411764705882353,0.24313725490196078,0.1607843137254902,886.0050697616755,170748
0.15294117647058825,0.24705882352941178,0.1607843137254902,943.005395920158,230172
0.1450980392156863,0.23921568627450981,0.16862745098039217,398.00227738729893,129685
0.14901960784313725,0.23921568627450981,0.16470588235294117,101.0005779299427,145038
0.1450980392156863,0.24705882352941178,0.16862745098039217,940.0053787539221,47769
0.14901960784313725,0.24313725490196078,0.16470588235294117,412.0023574963999,70263
0.5607843137254902,0.6352941176470588,0.6549019607843137,112.00064087280774,531116
0.5843137254901961,0.6274509803921569,0.6588235294117647,96.00054931954949,958352
0.5686274509803921,0.6392156862745098,0.6666666666666666,70.00040054550483,187927
0.5882352941176471,0.6470588235294118,0.6549019607843137,65.00037193511163,325145
0.5725490196078431,0.6352941176470588,0.6823529411764706,346.0019798392096,277999
0.5803921568627451,0.6235294117647059,0.6745098039215687,229.00131035600867,920511
0.5647058823529412,0.6470588235294118,0.6784313725490196,102.00058365202133,446014
0.5882352941176471,0.6509803921568628,0.6784313725490196,167.00095558713295,324113
0.7647058823529411,0.6235294117647059,0.43529411764705883,2.000011444157281,800356
0.8117647058823529,0.6313725490196078,0.43529411764705883,12.000068664943687,838294
0.792156862745098,0.6274509803921569,0.49411764705882355,42.0002403273029,849552
0.8313725490196079,0.6431372549019608,0.44313725490196076,18.000102997415528,845471
0.6352941176470588,0.6,0.4196078431372549,248.00141907550284,171254
0.6431372549019608,0.6,0.4196078431372549,210.0012016365145,162997
0.6235294117647059,0.6078431372549019,0.4196078431372549,17.000097275336888,195807
0.6431372549019608,0.611764705882353,0.4196078431372549,17.000097275336888,183506
0.6235294117647059,0.6039215686274509,0.43137254901960786,120.00068664943686,181506
0.6509803921568628,0.6039215686274509,0.43529411764705883,421.00240899510766,159931
0.6313725490196078,0.6078431372549019,0.43529411764705883,55.00031471432523,178429
0.6431372549019608,0.6078431372549019,0.43529411764705883,91.00052070915628,172266
0.6039215686274509,0.41568627450980394,0.35294117647058826,189.00108147286304,858117
0.6078431372549019,0.41568627450980394,0.34509803921568627,210.0012016365145,876559
0.6039215686274509,0.4235294117647059,0.3568627450980392,8.000045776629124,1026090
0.611764705882353,0.42745098039215684,0.35294117647058826,59.00033760263979,959501
0.592156862745098,0.40784313725490196,0.3607843137254902,233.00133324432323,1006597
0.6078431372549019,0.40784313725490196,0.3607843137254902,193.00110436117762,874526
0.6,0.42745098039215684,0.36470588235294116,57.00032615848251,1009677
0.611764705882353,0.42745098039215684,0.3686274509803922,228.00130463393003,941105
0.3764705882352941,0.4196078431372549,0.2823529411764706,112.00064087280774,521255
0.403921568627451,0.4117647058823529,0.2901960784313726,9.000051498707764,646905
0.3764705882352941,0.4235294117647059,0.28627450980392155,408.00233460808533,527384
0.396078431372549,0.43529411764705883,0.29411764705882354,502.0028724834775,501816
0.3764705882352941,0.40784313725490196,0.3058823529411765,3.0000171662359216,584424
0.403921568627451,0.40784313725490196,0.3058823529411765,5.000028610393202,545005
0.38823529411764707,0.43137254901960786,0.30196078431372547,24.000137329887373,496640
0.39215686274509803,0.43137254901960786,0.30196078431372547,111.0006351507291,510977
0.3803921568627451,0.25098039215686274,0.2235294117647059,263.00150490668244,960026
0.39215686274509803,0.25882352941176473,0.22745098039215686,211.00120735859315,940610
0.38823529411764707,0.26666666666666666,0.23137254901960785,74.00042343381939,933377
0.403921568627451,0.27450980392156865,0.23137254901960785,77.00044060005531,931295
0.3803921568627451,0.25098039215686274,0.24705882352941178,92.00052643123492,943793
0.403921568627451,0.2627450980392157,0.24313725490196078,176.0010070858407,960150
0.38823529411764707,0.27450980392156865,0.24313725490196078,65.00037193511163,904597
0.403921568627451,0.2784313725490196,0.24313725490196078,213.00121880275043,921041
0.3254901960784314,0.21568627450980393,0.25098039215686274,10.000057220786404,942287
0.35294117647058826,0.21568627450980393,0.25098039215686274,7.0000400545504835,951545
0.3333333333333333,0.23921568627450981,0.26666666666666666,87.00049782084172,908808
0.3568627450980392,0.24705882352941178,0.2627450980392157,121.0006923715155,958120
0.32941176470588235,0.21176470588235294,0.2823529411764706,4.000022888314562,854237
0.32941176470588235,0.24705882352941178,0.29411764705882354,36.000205994831056,953017
0.34509803921568627,0.24705882352941178,0.28627450980392155,25.000143051966013,937720
0.1568627450980392,0.25098039215686274,0.1607843137254902,844.0048294343726,213834
0.16862745098039217,0.2549019607843137,0.1607843137254902,471.00269509903967,236385
0.1607843137254902,0.25882352941176473,0.1607843137254902,412.0023574963999,321289
0.16470588235294117,0.25882352941176473,0.1607843137254902,448.00256349123094,206725
0.1607843137254902,0.25098039215686274,0.16862745098039217,509.002912538028,101985
0.16470588235294117,0.2549019607843137,0.16862745098039217,251.00143624173876,104000
0.1607843137254902,0.25882352941176473,0.16862745098039217,987.0056476916182,94785
0.16862745098039217,0.25882352941176473,0.16862745098039217,697.0039882888124,239405
0.5490196078431373,0.5372549019607843,0.24313725490196078,17.000097275336888,917462
0.6352941176470588,0.5215686274509804,0.22745098039215686,1.0000057220786405,230759
0.6235294117647059,0.6274509803921569,0.6862745098039216,123.00070381567278,956876
0.6431372549019608,0.6352941176470588,0.6862745098039216,57.00032615848251,800802
0.6352941176470588,0.6392156862745098,0.6941176470588235,269.0015392391543,792613
0.6431372549019608,0.6431372549019608,0.6941176470588235,426.00243760550086,784416
0.6235294117647059,0.6352941176470588,0.7098039215686275,1.0000057220786405,786459
0.6313725490196078,0.6509803921568628,0.7019607843137254,144.00082397932422,844961
0.6431372549019608,0.6470588235294118,0.7019607843137254,132.00075531438054,900311
0.7215686274509804,0.7294117647058823,0.7803921568627451,34.000194550673775,877781
0.7333333333333333,0.7215686274509804,0.7843137254901961,12.000068664943687,828502
0.7294117647058823,0.7450980392156863,0.788235294117647,509.002912538028,824333
0.7372549019607844,0.7450980392156863,0.7843137254901961,527.0030155354435,1027549
0.7333333333333333,0.7254901960784313,0.796078431372549,3.0000171662359216,815166
0.7254901960784313,0.7450980392156863,0.796078431372549,41.00023460522426,821318
0.7372549019607844,0.7450980392156863,0.796078431372549,25.000143051966013,870571
0.592156862745098,0.6235294117647059,0.6941176470588235,94.0005378753922,963924
0.611764705882353,0.6352941176470588,0.6862745098039216,110.00062942865046,871631
0.6039215686274509,0.6431372549019608,0.6941176470588235,410.0023460522426,1025741
0.6078431372549019,0.6470588235294118,0.6980392156862745,220.0012588573009,1026758
0.596078431372549,0.6313725490196078,0.7019607843137254,4.000022888314562,962900
0.611764705882353,0.6352941176470588,0.7019607843137254,7.0000400545504835,937299
0.596078431372549,0.6431372549019608,0.7058823529411765,229.00131035600867,1018575
0.6078431372549019,0.6509803921568628,0.7019607843137254,76.00043487797667,1019609
0.13333333333333333,0.1568627450980392,0.16862745098039217,25.000143051966013,455143
0.1411764705882353,0.1568627450980392,0.16470588235294117,294.0016822911203,383370
0.12941176470588237,0.17647058823529413,0.16862745098039217,1.0000057220786405,414977
0.14901960784313725,0.17254901960784313,0.16862745098039217,3.0000171662359216,179572
0.13333333333333333,0.1568627450980392,0.1843137254901961,147.00084114556014,344418
0.1411764705882353,0.1607843137254902,0.1843137254901961,621.0035534108357,394679
0.12941176470588237,0.17254901960784313,0.1843137254901961,1.0000057220786405,375228
0.15294117647058825,0.17254901960784313,0.17647058823529413,45.00025749353882,381357
0.788235294117647,0.788235294117647,0.792156862745098,204.00116730404267,957314
0.803921568627451,0.7803921568627451,0.7803921568627451,87.00049782084172,859202
0.788235294117647,0.8,0.7843137254901961,86.00049209876308,242966
0.8,0.807843137254902,0.7803921568627451,58.00033188056115,319723
0.7803921568627451,0.792156862745098,0.8,189.00108147286304,948074
0.8,0.7843137254901961,0.803921568627451,92.00052643123492,910540
0.788235294117647,0.796078431372549,0.796078431372549,261.00149346252516,993150
0.807843137254902,0.796078431372549,0.796078431372549,155.00088692218927,851167
0.26666666666666666,0.3333333333333333,0.2784313725490196,13.000074387022327,333024
0.30980392156862746,0.3137254901960784,0.2549019607843137,19.00010871949417,640618
0.27058823529411763,0.3568627450980392,0.27058823529411763,23.00013160780873,530139
0.28627450980392155,0.34509803921568627,0.25098039215686274,44.00025177146018,110010
0.2784313725490196,0.3333333333333333,0.2901960784313726,25.000143051966013,514771
0.29411764705882354,0.3176470588235294,0.2980392156862745,143.00081825724558,598575
0.26666666666666666,0.36470588235294116,0.2901960784313726,4.000022888314562,510673
0.2901960784313726,0.34509803921568627,0.2901960784313726,11.000062942865044,538332
0.5176470588235295,0.5176470588235295,0.6274509803921569,1.0000057220786405,851220
0.5058823529411764,0.5450980392156862,0.6274509803921569,233.00133324432323,970483
0.5294117647058824,0.5529411764705883,0.6235294117647059,38.00021743898834,1018540
0.5058823529411764,0.5411764705882353,0.6705882352941176,5.000028610393202,870863
0.5294117647058824,0.5529411764705883,0.6549019607843137,5.000028610393202,836129
0.45098039215686275,0.21568627450980393,0.0196078431372549,33.000188828595135,764661
0.47058823529411764,0.21568627450980393,0.01568627450980392,1.0000057220786405,811805
0.4666666666666667,0.2235294117647059,0.023529411764705882,25.000143051966013,770813
0.49411764705882355,0.23137254901960785,0.027450980392156862,82.00046921044851,800529
0.45098039215686275,0.20392156862745098,0.03137254901960784,61.00034904679707,816932
0.4745098039215686,0.21568627450980393,0.03529411764705882,4.000022888314562,820005
0.4627450980392157,0.2235294117647059,0.0392156862745098,18.000102997415528,768758
0.47843137254901963,0.2196078431372549,0.043137254901960784,58.00033188056115,821032
0.2549019607843137,0.21568627450980393,0.25882352941176473,8.000045776629124,191790
0.3058823529411765,0.20784313725490197,0.2627450980392157,20.00011444157281,857318
0.25882352941176473,0.24705882352941178,0.2549019607843137,119.00068092735822,446799
0.30196078431372547,0.24705882352941178,0.25882352941176473,49.000280381853386,885187
0.26666666666666666,0.21176470588235294,0.2823529411764706,5.000028610393202,939783
0.28627450980392155,0.2,0.30980392156862746,1.0000057220786405,935785
0.27450980392156865,0.24313725490196078,0.30196078431372547,35.000200272752416,114098
0.28627450980392155,0.23529411764705882,0.2823529411764706,43.00024604938154,336364
0.4392156862745098,0.4823529411764706,0.2901960784313726,145.00082970140286,62883
0.4549019607843137,0.47058823529411764,0.28627450980392155,62.00035476887571,514262
0.4470588235294118,0.4980392156862745,0.28627450980392155,78.00044632213395,280717
0.4549019607843137,0.49019607843137253,0.28627450980392155,119.00068092735822,27021
0.45098039215686275,0.47058823529411764,0.3058823529411765,109.00062370657182,506023
0.4588235294117647,0.47058823529411764,0.2980392156862745,296.00169373527757,501957
0.44313725490196076,0.48627450980392156,0.2980392156862745,153.000875478032,81311
0.4588235294117647,0.49411764705882355,0.30196078431372547,156.0008926442679,56736
0.6862745098039216,0.7176470588235294,0.7294117647058823,94.0005378753922,308486
0.7098039215686275,0.7215686274509804,0.7254901960784313,93.00053215331356,316902
0.6980392156862745,0.7450980392156863,0.7215686274509804,41.00023460522426,494270
0.7098039215686275,0.7372549019607844,0.7254901960784313,84.0004806546058,302498
0.6901960784313725,0.7176470588235294,0.7411764705882353,397.0022716652203,1020796
0.7058823529411765,0.7254901960784313,0.7372549019607844,211.00120735859315,1026004
0.6980392156862745,0.7372549019607844,0.7333333333333333,76.00043487797667,624304
0.7058823529411765,0.7333333333333333,0.7411764705882353,99.00056648578541,476811
0.6039215686274509,0.4117647058823529,0.3843137254901961,153.000875478032,947265
0.615686274509804,0.4196078431372549,0.38823529411764707,60.00034332471843,953583
0.596078431372549,0.4235294117647059,0.3764705882352941,168.0009613092116,1001733
0.615686274509804,0.43137254901960786,0.38823529411764707,272.0015564053902,975930
0.6,0.40784313725490196,0.403921568627451,60.00034332471843,907367
0.611764705882353,0.4196078431372549,0.39215686274509803,17.000097275336888,1042531
0.6,0.4235294117647059,0.396078431372549,214.00122452482907,980245
0.6196078431372549,0.43137254901960786,0.4,146.0008354234815,941275
0.10196078431372549,0.12549019607843137,0.13725490196078433,16.000091553258248,883215
0.12156862745098039,0.12549019607843137,0.13725490196078433,295.00168801319893,526832
0.10588235294117647,0.13333333333333333,0.14901960784313725,96.00054931954949,350552
0.11372549019607843,0.12549019607843137,0.1411764705882353,660.0037765719027,152995
0.10588235294117647,0.1411764705882353,0.1411764705882353,2.000011444157281,420448
0.10980392156862745,0.14901960784313725,0.15294117647058825,19.00010871949417,823574
0.6941176470588235,0.5058823529411764,0.4,14.000080109100967,899073
0.7215686274509804,0.5215686274509804,0.396078431372549,4.000022888314562,844596
0.7098039215686275,0.5372549019607843,0.403921568627451,7.0000400545504835,860994
0.7215686274509804,0.5450980392156862,0.3764705882352941,16.000091553258248,861823
0.7019607843137254,0.5215686274509804,0.4235294117647059,191.00109291702032,905235
0.7215686274509804,0.5137254901960784,0.43529411764705883,6.000034332471843,949368
0.7098039215686275,0.5568627450980392,0.43137254901960786,15.000085831179607,856714
0.7372549019607844,0.5450980392156862,0.4235294117647059,18.000102997415528,867144
0.5058823529411764,0.26666666666666666,0.12941176470588237,44.00025177146018,871251
0.5294117647058824,0.27450980392156865,0.12941176470588237,7.0000400545504835,850562
0.5215686274509804,0.30980392156862746,0.14901960784313725,32.000183106516495,831295
0.5372549019607843,0.2901960784313726,0.13725490196078433,55.00031471432523,820000
0.5019607843137255,0.27058823529411763,0.1607843137254902,12.000068664943687,887655
0.5411764705882353,0.27450980392156865,0.1843137254901961,4.000022888314562,973834
0.5137254901960784,0.2823529411764706,0.1607843137254902,78.00044632213395,764656
0.5411764705882353,0.28627450980392155,0.1803921568627451,36.000205994831056,971783
0.22745098039215686,0.2,0.19607843137254902,117.00066948320094,511433
0.24313725490196078,0.19607843137254902,0.19215686274509805,40.00022888314562,887243
0.2235294117647059,0.20784313725490197,0.18823529411764706,280.0016021820193,211301
0.23529411764705882,0.20784313725490197,0.18823529411764706,271.00155068331156,671254
0.2235294117647059,0.2,0.21176470588235294,15.000085831179607,367919
0.24705882352941178,0.19215686274509805,0.21176470588235294,12.000068664943687,864623
0.2235294117647059,0.21568627450980393,0.21568627450980393,246.00140763134556,540150
0.23529411764705882,0.21568627450980393,0.21568627450980393,91.00052070915628,348469
0.35294117647058826,0.29411764705882354,0.2196078431372549,151.0008640338747,757312
0.3607843137254902,0.28627450980392155,0.2235294117647059,243.00139046510964,541070
0.34901960784313724,0.30196078431372547,0.23137254901960785,57.00032615848251,446876
0.36470588235294116,0.30196078431372547,0.22745098039215686,114.00065231696502,551191
0.35294117647058826,0.28627450980392155,0.23529411764705882,114.00065231696502,453856
0.3607843137254902,0.2823529411764706,0.23529411764705882,119.00068092735822,563569
0.35294117647058826,0.3058823529411765,0.23921568627450981,109.00062370657182,677473
0.36470588235294116,0.30196078431372547,0.24313725490196078,165.00094414297567,512351
0.5254901960784314,0.39215686274509803,0.4470588235294118,25.000143051966013,930591
0.5294117647058824,0.396078431372549,0.4588235294117647,14.000080109100967,1024429
0.5254901960784314,0.40784313725490196,0.4470588235294118,71.00040626758347,930633
0.5333333333333333,0.4196078431372549,0.4588235294117647,72.00041198966211,1011315
0.5058823529411764,0.403921568627451,0.47058823529411764,2.000011444157281,941822
0.5529411764705883,0.396078431372549,0.47843137254901963,1.0000057220786405,904003
0.5019607843137255,0.42745098039215684,0.49019607843137253,56.00032043640387,942818
0.5411764705882353,0.4235294117647059,0.47058823529411764,26.000148774044654,1021352
0.5607843137254902,0.4745098039215686,0.3568627450980392,77.00044060005531,677194
0.5803921568627451,0.4823529411764706,0.34901960784313724,367.002100002861,70719
0.5725490196078431,0.49411764705882355,0.34509803921568627,18.000102997415528,764597
0.5803921568627451,0.48627450980392156,0.34509803921568627,208.00119019235723,76883
0.5607843137254902,0.47843137254901963,0.3607843137254902,52.00029754808931,774813
0.5882352941176471,0.4823529411764706,0.36470588235294116,107.00061226241453,39044
0.5686274509803921,0.49019607843137253,0.3686274509803922,39.00022316106698,644389
0.5882352941176471,0.49019607843137253,0.3607843137254902,196.00112152741355,58472
0.5058823529411764,0.5294117647058824,0.41568627450980394,2.000011444157281,386266
0.5215686274509804,0.5411764705882353,0.40784313725490196,49.000280381853386,436336
0.5098039215686274,0.5568627450980392,0.40784313725490196,130.00074387022326,353416
0.5176470588235295,0.5450980392156862,0.40784313725490196,851.0048694889231,435310
0.5098039215686274,0.5294117647058824,0.4235294117647059,4.000022888314562,393889
0.5176470588235295,0.5294117647058824,0.42745098039215684,8.000045776629124,615119
0.5058823529411764,0.5490196078431373,0.43529411764705883,6.000034332471843,429735
0.5254901960784314,0.5568627450980392,0.42745098039215684,13.000074387022327,307426
0.6352941176470588,0.4392156862745098,0.3803921568627451,201.00115013780675,1047944
0.6509803921568628,0.44313725490196076,0.3764705882352941,113.00064659488638,916504
0.6352941176470588,0.4588235294117647,0.3843137254901961,15.000085831179607,1045549
0.6392156862745098,0.4588235294117647,0.3843137254901961,85.00048637668444,1039529
0.6313725490196078,0.45098039215686275,0.396078431372549,264.0015106287611,951334
0.6431372549019608,0.4470588235294118,0.39215686274509803,76.00043487797667,883747
0.6235294117647059,0.4549019607843137,0.396078431372549,111.0006351507291,1040414
0.6431372549019608,0.4666666666666667,0.4,191.00109291702032,901157
0.5098039215686274,0.40784313725490196,0.28627450980392155,181.0010356962339,55357
0.5176470588235295,0.41568627450980394,0.2901960784313726,255.00145913005332,4224
0.5098039215686274,0.4235294117647059,0.28627450980392155,87.00049782084172,60452
0.5215686274509804,0.4235294117647059,0.2901960784313726,118.00067520527958,61486
0.5019607843137255,0.40784313725490196,0.30196078431372547,49.000280381853386,776776
0.5137254901960784,0.4117647058823529,0.30196078431372547,228.00130463393003,749937
0.5098039215686274,0.4235294117647059,0.2980392156862745,18.000102997415528,59423
0.5176470588235295,0.42745098039215684,0.30980392156862746,117.00066948320094,720529
0.3843137254901961,0.4392156862745098,0.22745098039215686,221.00126457937955,249959
0.396078431372549,0.45098039215686275,0.23137254901960785,310.00177384437853,250999
0.403921568627451,0.4549019607843137,0.23137254901960785,12.000068664943687,244854
0.3764705882352941,0.44313725490196076,0.23529411764705882,207.0011844702786,275571
0.4,0.45098039215686275,0.23921568627450981,112.00064087280774,226371
0.3764705882352941,0.4627450980392157,0.24705882352941178,41.00023460522426,291462
0.396078431372549,0.4549019607843137,0.23921568627450981,147.00084114556014,267389
0.12941176470588237,0.23921568627450981,0.1568627450980392,518.0029640367358,17032
0.13333333333333333,0.23529411764705882,0.1607843137254902,997.0057049124046,57998
0.12941176470588237,0.24705882352941178,0.1607843137254902,219.00125313522227,11042
0.13333333333333333,0.24705882352941178,0.1607843137254902,258.00147629628924,110382
0.12549019607843137,0.23529411764705882,0.16470588235294117,372.00212861325423,51946
0.13333333333333333,0.23921568627450981,0.16470588235294117,615.0035190783639,67228
0.12941176470588237,0.24705882352941178,0.16470588235294117,607.0034733017347,13986
0.13333333333333333,0.24313725490196078,0.16470588235294117,596.0034103588697,138017
0.45098039215686275,0.4745098039215686,0.25098039215686274,120.00068664943686,214133
0.4588235294117647,0.4823529411764706,0.25098039215686274,275.0015735716261,226435
0.44313725490196076,0.48627450980392156,0.2549019607843137,179.00102425207663,234641
0.4588235294117647,0.4980392156862745,0.2627450980392157,189.00108147286304,241821
0.4470588235294118,0.4823529411764706,0.27450980392156865,88.00050354292036,19847
0.4549019607843137,0.47843137254901963,0.27450980392156865,41.00023460522426,37261
0.44313725490196076,0.4980392156862745,0.26666666666666666,93.00053215331356,258201
0.4588235294117647,0.48627450980392156,0.27450980392156865,57.00032615848251,24966
0.4196078431372549,0.3254901960784314,0.25882352941176473,190.00108719494168,600791
0.42745098039215684,0.3254901960784314,0.2549019607843137,91.00052070915628,232755
0.41568627450980394,0.3333333333333333,0.25882352941176473,162.00092697673975,422148
0.4235294117647059,0.3333333333333333,0.25098039215686274,208.00119019235723,612646
0.41568627450980394,0.3176470588235294,0.27058823529411763,45.00025749353882,498939
0.43529411764705883,0.3137254901960784,0.27058823529411763,47.0002689376961,890231
0.40784313725490196,0.32941176470588235,0.27058823529411763,125.00071525983006,559453
0.42745098039215684,0.33725490196078434,0.27450980392156865,165.00094414297567,272699
0.26666666666666666,0.36470588235294116,0.1568627450980392,483.00276376398335,768799
0.27450980392156865,0.3607843137254902,0.1607843137254902,785.0044918317328,736077
0.27058823529411763,0.3686274509803922,0.1607843137254902,487.0027866522979,385972
0.27450980392156865,0.3686274509803922,0.1568627450980392,686.0039253459473,767802
0.27058823529411763,0.3607843137254902,0.16862745098039217,293.00167656904165,669546
0.2784313725490196,0.3607843137254902,0.16862745098039217,812.0046463278561,612248
0.26666666666666666,0.37254901960784315,0.16862745098039217,218.00124741314363,481059
0.2784313725490196,0.37254901960784315,0.16470588235294117,355.00203133791734,576439
0.16862745098039217,0.10588235294117647,0.07450980392156863,150.00085831179607,194853
0.1803921568627451,0.10196078431372549,0.07058823529411765,137.00078392477374,905015
0.16470588235294117,0.11372549019607843,0.07058823529411765,32.000183106516495,791238
0.1843137254901961,0.10980392156862745,0.07450980392156863,134.00076675853782,902786
0.16470588235294117,0.10588235294117647,0.08627450980392157,141.0008068130883,570071
0.1803921568627451,0.09803921568627451,0.08627450980392157,126.0007209819087,919295
0.16470588235294117,0.12156862745098039,0.08627450980392157,171.0009784754475,732577
0.1843137254901961,0.11372549019607843,0.09019607843137255,132.00075531438054,916129
0.34901960784313724,0.3803921568627451,0.19607843137254902,21.00012016365145,208922
0.35294117647058826,0.396078431372549,0.2,35.000200272752416,230479
0.3568627450980392,0.38823529411764707,0.20392156862745098,41.00023460522426,208905
0.36470588235294116,0.38823529411764707,0.20392156862745098,7.0000400545504835,204822
0.34509803921568627,0.4,0.20784313725490197,754.0043144472949,234526
0.36470588235294116,0.396078431372549,0.20784313725490197,163.0009326988184,214025
0.5607843137254902,0.44313725490196076,0.3215686274509804,165.00094414297567,62542
0.5803921568627451,0.4470588235294118,0.3176470588235294,14.000080109100967,772727
0.5607843137254902,0.4549019607843137,0.3215686274509804,159.00090981050383,52308
0.5882352941176471,0.4666666666666667,0.3176470588235294,25.000143051966013,788063
0.5607843137254902,0.45098039215686275,0.3333333333333333,113.00064659488638,731807
0.5803921568627451,0.45098039215686275,0.32941176470588235,6.000034332471843,883298
0.5647058823529412,0.4666666666666667,0.32941176470588235,406.00232316392805,763495
0.5764705882352941,0.4627450980392157,0.33725490196078434,123.00070381567278,50271
0.40784313725490196,0.4392156862745098,0.2627450980392157,36.000205994831056,544997
0.43137254901960786,0.4392156862745098,0.2627450980392157,5.000028610393202,379554
0.41568627450980394,0.4666666666666667,0.25098039215686274,53.00030327016795,262273
0.4235294117647059,0.4627450980392157,0.2549019607843137,74.00042343381939,847697
0.41568627450980394,0.4392156862745098,0.27450980392156865,286.00163651449117,523457
0.42745098039215684,0.44313725490196076,0.26666666666666666,268.00153351707564,523481
0.40784313725490196,0.4627450980392157,0.2784313725490196,197.00112724949219,321600
0.42745098039215684,0.4627450980392157,0.2784313725490196,89.000509264999,371376
0.8392156862745098,0.8745098039215686,0.8274509803921568,5.000028610393202,532157
0.8470588235294118,0.8745098039215686,0.8392156862745098,20.00011444157281,129494
0.8705882352941177,0.9098039215686274,0.8392156862745098,1.0000057220786405,555746
0.8313725490196079,0.8745098039215686,0.8509803921568627,95.00054359747084,296173
0.8509803921568627,0.8784313725490196,0.8627450980392157,125.00071525983006,103821
0.8705882352941177,0.9137254901960784,0.8549019607843137,5.000028610393202,522960
0.8196078431372549,0.8549019607843137,0.8823529411764706,103.00058937409997,798104
0.8313725490196079,0.8549019607843137,0.8745098039215686,140.00080109100966,820549
0.8196078431372549,0.8666666666666667,0.8745098039215686,77.00044060005531,882127
0.8392156862745098,0.8627450980392157,0.8784313725490196,627.0035877433075,810337
0.8117647058823529,0.8470588235294118,0.8941176470588236,5.000028610393202,876080
0.8156862745098039,0.8627450980392157,0.8941176470588236,19.00010871949417,880385
0.8392156862745098,0.8666666666666667,0.8901960784313725,31.000177384437855,812377
0.4470588235294118,0.21568627450980393,0.06666666666666667,31.000177384437855,844603
0.44313725490196076,0.2196078431372549,0.09019607843137255,43.00024604938154,813678
0.4823529411764706,0.23137254901960785,0.0784313725490196,26.000148774044654,841526
0.45098039215686275,0.21568627450980393,0.10980392156862745,2.000011444157281,851597
0.4549019607843137,0.2196078431372549,0.09411764705882353,100.00057220786405,843574
0.4823529411764706,0.24313725490196078,0.10980392156862745,48.000274659774746,864078
0.3333333333333333,0.33725490196078434,0.44313725490196076,30.000171662359215,822821
0.3686274509803922,0.33725490196078434,0.44313725490196076,25.000143051966013,933647
0.32941176470588235,0.3686274509803922,0.4392156862745098,59.00033760263979,250294
0.3686274509803922,0.34901960784313724,0.44313725490196076,62.00035476887571,952039
0.3215686274509804,0.32941176470588235,0.47058823529411764,10.000057220786404,856378
0.33725490196078434,0.3607843137254902,0.47058823529411764,25.000143051966013,938776
0.34509803921568627,0.35294117647058826,0.4745098039215686,36.000205994831056,150824
0.4627450980392157,0.2784313725490196,0.3215686274509804,12.000068664943687,957697
0.45098039215686275,0.2901960784313726,0.32941176470588235,116.0006637611223,935113
0.48627450980392156,0.30980392156862746,0.3333333333333333,92.00052643123492,916619
0.4666666666666667,0.2901960784313726,0.3607843137254902,16.000091553258248,927541
0.48627450980392156,0.30980392156862746,0.35294117647058826,10.000057220786404,960735
0.18823529411764706,0.2784313725490196,0.16470588235294117,628.0035934653862,373483
0.21176470588235294,0.27450980392156865,0.1568627450980392,14.000080109100967,473808
0.19215686274509805,0.25098039215686274,0.17647058823529413,4.000022888314562,511699
0.21176470588235294,0.2627450980392157,0.17647058823529413,4.000022888314562,508625
0.19215686274509805,0.2784313725490196,0.17254901960784313,322.0018425093222,318167
0.20392156862745098,0.26666666666666666,0.1843137254901961,8.000045776629124,172562
0.19607843137254902,0.13725490196078433,0.12941176470588237,35.000200272752416,892382
0.20392156862745098,0.13725490196078433,0.13725490196078433,39.00022316106698,895451
0.18823529411764706,0.1450980392156863,0.12941176470588237,692.0039596784192,577859
0.20784313725490197,0.15294117647058825,0.13333333333333333,89.000509264999,658871
0.19607843137254902,0.12941176470588237,0.14901960784313725,15.000085831179607,864620
0.20392156862745098,0.13725490196078433,0.1411764705882353,10.000057220786404,863594
0.19215686274509805,0.14901960784313725,0.1450980392156863,69.00039482342619,235920
0.21568627450980393,0.14901960784313725,0.1411764705882353,31.000177384437855,892355
0.1843137254901961,0.3176470588235294,0.19607843137254902,237.0013561326378,159562
0.1803921568627451,0.3137254901960784,0.2196078431372549,5.000028610393202,83741
0.6392156862745098,0.39215686274509803,0.19607843137254902,68.00038910134755,787203
0.6666666666666666,0.39215686274509803,0.19215686274509805,12.000068664943687,822934
0.6509803921568628,0.4196078431372549,0.21568627450980393,14.000080109100967,840300
0.6588235294117647,0.41568627450980394,0.20392156862745098,31.000177384437855,824938
0.6392156862745098,0.403921568627451,0.22745098039215686,24.000137329887373,776954
0.6705882352941176,0.38823529411764707,0.2196078431372549,4.000022888314562,812670
0.6470588235294118,0.4235294117647059,0.23921568627450981,52.00029754808931,862901
0.6627450980392157,0.42745098039215684,0.2235294117647059,37.000211716909696,823915
0.6235294117647059,0.4117647058823529,0.3803921568627451,221.00126457937955,1034601
0.6627450980392157,0.43137254901960786,0.38823529411764707,3.0000171662359216,1006803
0.6313725490196078,0.43529411764705883,0.43137254901960786,17.000097275336888,931244
0.22745098039215686,0.25882352941176473,0.28627450980392155,176.0010070858407,332142
0.23529411764705882,0.25098039215686274,0.2901960784313726,137.00078392477374,402020
0.2196078431372549,0.26666666666666666,0.2901960784313726,36.000205994831056,337381
0.24313725490196078,0.26666666666666666,0.28627450980392155,141.0008068130883,145772
0.22745098039215686,0.2549019607843137,0.3058823529411765,133.00076103645918,250296
0.24705882352941178,0.2627450980392157,0.3058823529411765,90.00051498707764,298541
0.2196078431372549,0.27450980392156865,0.30980392156862746,107.00061226241453,170427
0.23921568627450981,0.27450980392156865,0.30196078431372547,141.0008068130883,458230
0.5294117647058824,0.4196078431372549,0.28627450980392155,91.00052070915628,763507
0.5450980392156862,0.4117647058823529,0.2901960784313726,13.000074387022327,787094
0.5372549019607843,0.42745098039215684,0.29411764705882354,51.00029182601067,73794
0.5490196078431373,0.42745098039215684,0.2901960784313726,24.000137329887373,761484
0.5333333333333333,0.41568627450980394,0.2980392156862745,264.0015106287611,37972
0.5529411764705883,0.4196078431372549,0.30980392156862746,12.000068664943687,12427
0.5294117647058824,0.4235294117647059,0.30196078431372547,339.0019397846591,58418
0.5529411764705883,0.43529411764705883,0.30980392156862746,158.0009040884252,49247
0.5607843137254902,0.34509803921568627,0.2901960784313726,197.00112724949219,963629
0.5803921568627451,0.34901960784313724,0.28627450980392155,48.000274659774746,987186
0.5686274509803921,0.3686274509803922,0.29411764705882354,78.00044632213395,1042505
0.5764705882352941,0.3607843137254902,0.2823529411764706,81.00046348836987,890906
0.5607843137254902,0.35294117647058826,0.30196078431372547,135.00077248061646,935960
0.5764705882352941,0.35294117647058826,0.30196078431372547,33.000188828595135,1037680
0.5647058823529412,0.3607843137254902,0.2980392156862745,200.0011444157281,897078
0.5764705882352941,0.36470588235294116,0.3058823529411765,180.00102997415527,883744
0.6235294117647059,0.6235294117647059,0.6666666666666666,70.00040054550483,916768
0.6392156862745098,0.6274509803921569,0.6666666666666666,88.00050354292036,827522
0.6274509803921569,0.6509803921568628,0.6588235294117647,64.00036621303299,428644
0.6392156862745098,0.6470588235294118,0.6549019607843137,39.00022316106698,288362
0.6313725490196078,0.6313725490196078,0.6823529411764706,296.00169373527757,966111
0.6470588235294118,0.6274509803921569,0.6705882352941176,218.00124741314363,975338
0.6313725490196078,0.6392156862745098,0.6745098039215687,70.00040054550483,910596
0.6470588235294118,0.6431372549019608,0.6823529411764706,104.00059509617861,858197
0.16862745098039217,0.18823529411764706,0.19215686274509805,25.000143051966013,654980
0.1803921568627451,0.19215686274509805,0.19607843137254902,264.0015106287611,383366
0.16862745098039217,0.20392156862745098,0.18823529411764706,2.000011444157281,330209
0.1843137254901961,0.20392156862745098,0.19607843137254902,6.000034332471843,581175
0.1607843137254902,0.19215686274509805,0.21568627450980393,156.0008926442679,427496
0.17647058823529413,0.2,0.20784313725490197,433.00247766005134,172388
0.16862745098039217,0.20392156862745098,0.21568627450980393,8.000045776629124,354647
0.1843137254901961,0.21176470588235294,0.21176470588235294,51.00029182601067,406951
0.3254901960784314,0.4117647058823529,0.19215686274509805,132.00075531438054,532278
0.3411764705882353,0.4196078431372549,0.19215686274509805,336.0019226184232,554823
0.3254901960784314,0.43529411764705883,0.19607843137254902,53.00030327016795,489265
0.3411764705882353,0.43137254901960786,0.18823529411764706,117.00066948320094,516940
0.3215686274509804,0.41568627450980394,0.21568627450980393,117.00066948320094,296594
0.3411764705882353,0.40784313725490196,0.21568627450980393,154.00088120011063,283721
0.3215686274509804,0.4235294117647059,0.21176470588235294,19.00010871949417,282235
0.3411764705882353,0.43137254901960786,0.21176470588235294,16.000091553258248,536370
0.7529411764705882,0.8156862745098039,0.8235294117647058,27.000154496123294,939904
0.7686274509803922,0.8196078431372549,0.8156862745098039,63.00036049095435,534181
0.7568627450980392,0.8313725490196079,0.8235294117647058,2.000011444157281,886229
0.7725490196078432,0.8313725490196079,0.8235294117647058,14.000080109100967,104857
0.7607843137254902,0.8196078431372549,0.8352941176470589,43.00024604938154,868991
0.7725490196078432,0.8117647058823529,0.8274509803921568,747.0042743927444,851390
0.7607843137254902,0.8313725490196079,0.8313725490196079,15.000085831179607,941956
0.7647058823529411,0.8313725490196079,0.8313725490196079,30.000171662359215,947089
0.5647058823529412,0.41568627450980394,0.40784313725490196,115.00065803904366,1004890
0.5764705882352941,0.41568627450980394,0.40784313725490196,120.00068664943686,999722
0.5725490196078431,0.42745098039215684,0.4117647058823529,61.00034904679707,1048002
0.5803921568627451,0.43137254901960786,0.40784313725490196,412.0023574963999,1023382
0.5725490196078431,0.40784313725490196,0.43529411764705883,44.00025177146018,1018156
0.5882352941176471,0.40784313725490196,0.4235294117647059,36.000205994831056,977100
0.5647058823529412,0.42745098039215684,0.43529411764705883,25.000143051966013,977190
0.5843137254901961,0.43529411764705883,0.4235294117647059,121.0006923715155,1046886
0.19215686274509805,0.2627450980392157,0.3176470588235294,145.00082970140286,185845
0.20784313725490197,0.25882352941176473,0.3137254901960784,148.00084686763878,241087
0.19607843137254902,0.26666666666666666,0.3215686274509804,43.00024604938154,204276
0.21176470588235294,0.27058823529411763,0.3254901960784314,138.00078964685238,615039
0.19607843137254902,0.25882352941176473,0.32941176470588235,133.00076103645918,494110
0.20392156862745098,0.25882352941176473,0.32941176470588235,90.00051498707764,271750
0.19215686274509805,0.27450980392156865,0.32941176470588235,89.000509264999,190980
0.20392156862745098,0.27450980392156865,0.33725490196078434,148.00084686763878,410158
0.25882352941176473,0.3803921568627451,0.25882352941176473,20.00011444157281,218685
0.30980392156862746,0.4,0.25098039215686274,69.00039482342619,312970
0.3058823529411765,0.4117647058823529,0.25098039215686274,101.0005779299427,128489
0.2549019607843137,0.3803921568627451,0.2980392156862745,11.000062942865044,119246
0.2901960784313726,0.3764705882352941,0.2980392156862745,16.000091553258248,290031
0.26666666666666666,0.4196078431372549,0.29411764705882354,4.000022888314562,257635
0.2980392156862745,0.43137254901960786,0.30196078431372547,11.000062942865044,281206
0.25882352941176473,0.25098039215686274,0.25882352941176473,156.0008926442679,614991
0.27058823529411763,0.2627450980392157,0.2627450980392157,108.00061798449318,625248
0.25882352941176473,0.27058823529411763,0.2549019607843137,77.00044060005531,433606
0.2784313725490196,0.26666666666666666,0.25882352941176473,119.00068092735822,340244
0.25882352941176473,0.2627450980392157,0.27450980392156865,169.00096703129023,527885
0.26666666666666666,0.2627450980392157,0.27450980392156865,53.00030327016795,511457
0.25882352941176473,0.26666666666666666,0.27450980392156865,130.00074387022326,261474
0.2784313725490196,0.2784313725490196,0.26666666666666666,119.00068092735822,356761
0.8431372549019608,0.8470588235294118,0.8431372549019608,291.00166512488437,969620
0.8627450980392157,0.8470588235294118,0.8549019607843137,88.00050354292036,890015
0.8431372549019608,0.8588235294117647,0.8549019607843137,75.00042915589803,829622
0.8627450980392157,0.8588235294117647,0.8470588235294118,63.00036049095435,868437
0.8509803921568627,0.8509803921568627,0.8627450980392157,70.00040054550483,883856
0.8588235294117647,0.8549019607843137,0.8588235294117647,23.00013160780873,909501
0.8431372549019608,0.8588235294117647,0.8705882352941177,186.00106430662711,753996
0.8588235294117647,0.8588235294117647,0.8588235294117647,134.00076675853782,882821
0.2549019607843137,0.27058823529411763,0.396078431372549,7.0000400545504835,831747
0.30196078431372547,0.26666666666666666,0.403921568627451,4.000022888314562,933731
0.25098039215686274,0.30980392156862746,0.3803921568627451,142.00081253516694,518695
0.28627450980392155,0.30980392156862746,0.396078431372549,31.000177384437855,216573
0.27450980392156865,0.2784313725490196,0.4235294117647059,5.000028610393202,852317
0.2549019607843137,0.2980392156862745,0.42745098039215684,35.000200272752416,353796
0.30980392156862746,0.2901960784313726,0.40784313725490196,8.000045776629124,854318
0.45098039215686275,0.21568627450980393,0.18823529411764706,2.000011444157281,1043552
0.44313725490196076,0.23137254901960785,0.19215686274509805,140.00080109100966,1041594
0.4745098039215686,0.24313725490196078,0.18823529411764706,25.000143051966013,937065
0.4470588235294118,0.24705882352941178,0.24313725490196078,57.00032615848251,888943
0.47058823529411764,0.24313725490196078,0.23529411764705882,7.0000400545504835,931028
0.5647058823529412,0.3803921568627451,0.34509803921568627,139.00079536893102,962810
0.5803921568627451,0.3843137254901961,0.35294117647058826,84.0004806546058,992559
0.5725490196078431,0.4,0.3568627450980392,72.00041198966211,1016944
0.5882352941176471,0.396078431372549,0.34509803921568627,183.0010471403912,1024261
0.5686274509803921,0.38823529411764707,0.36470588235294116,96.00054931954949,1024272
0.5803921568627451,0.3843137254901961,0.3686274509803922,38.00021743898834,1041660
0.5686274509803921,0.403921568627451,0.36470588235294116,162.00092697673975,993861
0.5803921568627451,0.4,0.3686274509803922,149.00085258971743,1040774
0.1568627450980392,0.24313725490196078,0.13725490196078433,3.0000171662359216,311100
0.17647058823529413,0.23529411764705882,0.13333333333333333,2.000011444157281,130535
0.1568627450980392,0.23137254901960785,0.14901960784313725,46.00026321561746,260897
0.17254901960784313,0.22745098039215686,0.1411764705882353,2.000011444157281,554731
0.1568627450980392,0.24313725490196078,0.15294117647058825,853.0048809330804,298785
0.17254901960784313,0.24313725490196078,0.15294117647058825,11.000062942865044,254846
0.5294117647058824,0.5372549019607843,0.3843137254901961,174.00099564168343,433363
0.5568627450980392,0.5372549019607843,0.3843137254901961,8.000045776629124,99694
0.5294117647058824,0.5529411764705883,0.38823529411764707,85.00048637668444,549944
0.5529411764705883,0.5568627450980392,0.3803921568627451,41.00023460522426,208142
0.5411764705882353,0.5411764705882353,0.403921568627451,58.00033188056115,200984
0.5490196078431373,0.5294117647058824,0.39215686274509803,4.000022888314562,193962
0.5411764705882353,0.5568627450980392,0.4,420.002403273029,446642
0.5450980392156862,0.5529411764705883,0.403921568627451,122.00069809359414,426175
0.16862745098039217,0.19607843137254902,0.2549019607843137,119.00068092735822,231945
0.17254901960784313,0.2,0.2549019607843137,62.00035476887571,416362
0.16862745098039217,0.20392156862745098,0.2549019607843137,161.0009212546611,382510
0.17254901960784313,0.20784313725490197,0.25098039215686274,221.00126457937955,494075
0.1568627450980392,0.2,0.27058823529411763,43.00024604938154,302450
0.1843137254901961,0.19607843137254902,0.2784313725490196,27.000154496123294,294487
0.1568627450980392,0.20784313725490197,0.2784313725490196,146.0008354234815,873946
0.17647058823529413,0.20784313725490197,0.27058823529411763,132.00075531438054,311671
0.39215686274509803,0.18823529411764706,0.027450980392156862,17.000097275336888,761585
0.4196078431372549,0.20392156862745098,0.0196078431372549,34.000194550673775,776964
0.39215686274509803,0.18823529411764706,0.03137254901960784,44.00025177146018,789264
0.4117647058823529,0.19215686274509805,0.03137254901960784,122.00069809359414,804637
0.43529411764705883,0.22745098039215686,0.0392156862745098,9.000051498707764,745189
0.3254901960784314,0.23137254901960785,0.19215686274509805,34.000194550673775,581337
0.33725490196078434,0.2196078431372549,0.18823529411764706,97.00055504162813,939498
0.3254901960784314,0.24313725490196078,0.18823529411764706,405.0023174418494,778685
0.32941176470588235,0.24313725490196078,0.18823529411764706,188.0010757507844,784849
0.3176470588235294,0.23137254901960785,0.20784313725490197,14.000080109100967,409826
0.3333333333333333,0.23137254901960785,0.20392156862745098,43.00024604938154,912807
0.3254901960784314,0.23921568627450981,0.20392156862745098,85.00048637668444,548089
0.3411764705882353,0.24705882352941178,0.20392156862745098,38.00021743898834,618771
0.6666666666666666,0.5098039215686274,0.4745098039215686,161.0009212546611,1025186
0.6823529411764706,0.5098039215686274,0.47843137254901963,70.00040054550483,1041504
0.6666666666666666,0.5215686274509804,0.47843137254901963,129.00073814814462,1005606
0.6745098039215687,0.5176470588235295,0.47058823529411764,168.0009613092116,1028455
0.6627450980392157,0.5098039215686274,0.49411764705882355,51.00029182601067,878679
0.6745098039215687,0.5058823529411764,0.49019607843137253,14.000080109100967,1015902
0.6666666666666666,0.5215686274509804,0.48627450980392156,170.00097275336887,1025100
0.6823529411764706,0.5215686274509804,0.49411764705882355,141.0008068130883,1006646
0.25098039215686274,0.34901960784313724,0.1450980392156863,428.00244904965814,831331
0.2627450980392157,0.34901960784313724,0.1450980392156863,819.0046863824066,800647
0.25098039215686274,0.3568627450980392,0.1450980392156863,88.00050354292036,375785
0.2627450980392157,0.3568627450980392,0.1411764705882353,196.00112152741355,794581
0.2549019607843137,0.34901960784313724,0.14901960784313725,234.00133896640187,583644
0.25882352941176473,0.34509803921568627,0.15294117647058825,812.0046463278561,583609
0.25098039215686274,0.3568627450980392,0.14901960784313725,224.00128174561547,380885
0.25882352941176473,0.35294117647058826,0.14901960784313725,812.0046463278561,767862
0.09411764705882353,0.07450980392156863,0.09803921568627451,32.000183106516495,825610
0.12156862745098039,0.06274509803921569,0.10196078431372549,12.000068664943687,803211
0.09411764705882353,0.09019607843137255,0.09411764705882353,662.00378801606,548330
0.11764705882352941,0.08627450980392157,0.09803921568627451,102.00058365202133,892446
0.10588235294117647,0.07450980392156863,0.10980392156862745,4.000022888314562,862611
0.12156862745098039,0.06666666666666667,0.11372549019607843,3.0000171662359216,870833
0.09411764705882353,0.09019607843137255,0.11372549019607843,57.00032615848251,363875
0.11764705882352941,0.09019607843137255,0.11764705882352941,30.000171662359215,169231
0.6235294117647059,0.5686274509803921,0.38823529411764707,39.00022316106698,153736
0.6274509803921569,0.5843137254901961,0.38823529411764707,225.0012874676941,164017
0.6235294117647059,0.5686274509803921,0.4,320.00183106516494,148636
0.6509803921568628,0.5647058823529412,0.403921568627451,9.000051498707764,680274
0.6352941176470588,0.5764705882352941,0.403921568627451,303.00173378982805,157853
0.596078431372549,0.3764705882352941,0.3254901960784314,165.00094414297567,1014091
0.611764705882353,0.38823529411764707,0.3176470588235294,23.00013160780873,997428
0.592156862745098,0.396078431372549,0.3215686274509804,98.00056076370677,911430
0.611764705882353,0.4,0.3176470588235294,107.00061226241453,891929
0.592156862745098,0.3764705882352941,0.33725490196078434,104.00059509617861,1001788
0.6078431372549019,0.38823529411764707,0.3333333333333333,11.000062942865044,942200
0.6,0.39215686274509803,0.32941176470588235,271.00155068331156,900186
0.615686274509804,0.4,0.33725490196078434,116.0006637611223,980154
